epoch,loss,learning_rate,training_seconds,gradient_norm,simulation,top,hot,cold,pde,boundary,initial,interface,low_cooling,contact_prior,validation_score_k,validation_顶部_rmse_k,validation_热端_rmse_k,validation_冷端_rmse_k
1,2.0703771114349365,0.0009999976559708827,0.11889448697911575,11.023709297180176,0.3187329173088074,0.8212218284606934,0.006880495697259903,0.0039667957462370396,3.779719554586336e-05,0.005114000290632248,0.0,5.575190516537987e-05,0.00021142831246834248,0.0,149.22847599993676,210.94404597222817,4.001784052941556,8.109060314328907
2,1.532904028892517,0.0009999906239066651,0.2392852179473266,3.888192892074585,0.2744476795196533,0.6204525232315063,0.0002649133966770023,0.0011601170990616083,2.1731835659011267e-05,0.00996440276503563,0.0,0.0002222557523055002,0.002292228164151311,6.310883691185154e-07,,,,
3,1.3753185272216797,0.0009999789038767511,0.344196239951998,2.684892416000366,0.24308419227600098,0.46894964575767517,0.0072013819590210915,0.011338318698108196,0.0001435829180991277,0.02376384474337101,0.0,0.001326965750195086,0.00648800004273653,7.866219675634056e-09,,,,
4,1.3441036939620972,0.0009999624959968127,0.45419573498656973,4.925166130065918,0.22892609238624573,0.39360785484313965,0.01266486942768097,0.01831275224685669,0.0004851697012782097,0.0483902245759964,0.0,0.003948303870856762,0.013125026598572731,3.575487426132895e-07,,,,
5,1.1223604679107666,0.0009999414004287887,0.5644139579962939,4.30723237991333,0.19417952001094818,0.3346139192581177,0.009819548577070236,0.013901270925998688,0.0006131564732640982,0.058631058782339096,0.0,0.007632812485098839,0.01546957902610302,1.652646460570395e-06,,,,
6,0.9440757036209106,0.0009999156173808841,0.6720847209799103,2.7619643211364746,0.18171341717243195,0.3161531686782837,0.004668569657951593,0.006382000632584095,0.000944297993555665,0.05440768599510193,0.0,0.01367267593741417,0.013378658331930637,4.099209945707116e-06,,,,
7,0.7448794841766357,0.0009998851471075673,0.7798756039701402,2.445678472518921,0.1674245297908783,0.2637845277786255,0.0012676874175667763,0.0016574980691075325,0.0025351198855787516,0.0674099549651146,0.0,0.024753063917160034,0.012528588064014912,7.834591997379903e-06,,,,
8,0.5990614891052246,0.0009998499899095672,0.886822696949821,3.196499824523926,0.14566510915756226,0.21506741642951965,0.00013528105046134442,0.000131268534460105,0.0025465621147304773,0.08934638649225235,0.0,0.039999689906835556,0.009534204378724098,1.2803415302187204e-05,,,,
9,0.4380730390548706,0.0009998101461338716,0.9928394729504362,2.252871513366699,0.11002633720636368,0.14245259761810303,0.00018948930664919317,0.00045783547102473676,0.005083238705992699,0.19679689407348633,0.0,0.08360609412193298,0.012554081156849861,1.920309296110645e-05,,,,
10,0.38103774189949036,0.0009997656161737222,1.101534608984366,1.7081570625305176,0.08109960705041885,0.11319758743047714,0.00042871240293607116,0.0007881362689658999,0.02081262320280075,0.3021124005317688,0.0,0.15022876858711243,0.022611111402511597,2.6530688046477735e-05,,,,
11,0.49836042523384094,0.0009997164004686117,1.2107937049586326,4.738687038421631,0.07474500685930252,0.15857666730880737,0.0007469821139238775,0.0017018166836351156,0.0275340024381876,0.4670995771884918,0.0,0.26137733459472656,0.020818576216697693,3.50851405528374e-05,,,,
12,0.4981720745563507,0.0009996624995042794,1.3184520059730858,4.718174457550049,0.06820958107709885,0.14872342348098755,0.0007223277352750301,0.00487847626209259,0.013054518029093742,0.43083733320236206,0.0,0.25360965728759766,0.020090598613023758,4.519133653957397e-05,,,,
13,0.41031160950660706,0.000999603913812706,1.4256818629801273,4.27152156829834,0.06645110994577408,0.1057123988866806,0.001000451622530818,0.006712319329380989,0.012623940594494343,0.34608539938926697,0.0,0.1989201307296753,0.01012222096323967,5.7496799854561687e-05,,,,
14,0.3037872016429901,0.0009995406439721089,1.5338646449963562,2.607100486755371,0.058439385145902634,0.0706072747707367,0.0006081256433390081,0.0037079998292028904,0.014788271859288216,0.2917758822441101,0.0,0.16211333870887756,0.02294928953051567,7.215444202302024e-05,,,,
15,0.23566590249538422,0.0009994726906069353,1.6411322229541838,1.4583220481872559,0.053570717573165894,0.060612138360738754,0.0005810920847579837,0.001435257843695581,0.007818982005119324,0.17477606236934662,0.0,0.16949138045310974,0.014364203438162804,8.888763841241598e-05,,,,
16,0.2518749237060547,0.0009994000543878578,1.747856210975442,1.7354419231414795,0.04679330065846443,0.06951968371868134,0.0013744302559643984,0.0007976324995979667,0.008396625518798828,0.11756575852632523,0.0,0.125006765127182,0.025894779711961746,0.00010777966235764325,,,,
17,0.2799060344696045,0.0009993227360317665,1.857232654991094,2.493743419647217,0.05034847557544708,0.07712705433368683,0.0028154472820460796,0.0012359479442238808,0.011144164018332958,0.10861481726169586,0.0,0.05594591051340103,0.020573392510414124,0.00012829617480747402,,,,
18,0.29799404740333557,0.0009992407363017626,1.9656953300000168,2.700441837310791,0.03947209566831589,0.07847167551517487,0.004281730391085148,0.0022594337351620197,0.010932478122413158,0.09055425226688385,0.0,0.07580108195543289,0.022774692624807358,0.00014961758279241621,,,,
19,0.2845664620399475,0.00099915405600715,2.074061532970518,2.9501442909240723,0.03501860424876213,0.05671791359782219,0.00638798251748085,0.003215799108147621,0.0059366547502577305,0.09067200124263763,0.0,0.08106909692287445,0.026656553149223328,0.00017152642249129713,,,,
20,0.24786992371082306,0.0009990626960034283,2.183667910983786,2.7616958618164062,0.0334680899977684,0.04699128121137619,0.006413983181118965,0.002611743286252022,0.00967235118150711,0.07585468888282776,0.0,0.1670531928539276,0.013740097172558308,0.0001943462120834738,,,,
21,0.18938620388507843,0.000998966657192284,2.289916811976582,1.8954261541366577,0.0308152474462986,0.03761160373687744,0.00509524904191494,0.001302917255088687,0.012535745278000832,0.07589465379714966,0.0,0.13553301990032196,0.0043729692697525024,0.00021932450181338936,,,,
22,0.14738012850284576,0.0009988659405215812,2.39557725796476,1.0093042850494385,0.029425563290715218,0.02659456990659237,0.002800880465656519,0.0011154101230204105,0.007497476413846016,0.08179421722888947,0.0,0.2144331932067871,0.006326320115476847,0.00024638092145323753,,,,
23,0.14732690155506134,0.000998760546985353,2.500716994982213,1.5699050426483154,0.032126203179359436,0.0216323584318161,0.0013775539118796587,0.002842923393473029,0.014442430809140205,0.1293737292289734,0.0,0.24507369101047516,0.003817756427451968,0.0002755802124738693,,,,
24,0.1756063848733902,0.0009986504776237908,2.606824381975457,3.1570212841033936,0.03489330783486366,0.020795747637748718,0.0008198644500225782,0.005569384898990393,0.008761384524405003,0.12884992361068726,0.0,0.24740397930145264,0.009535513818264008,0.0003078515874221921,,,,
25,0.19529525935649872,0.000998535733523235,2.7151358369737864,3.8599162101745605,0.03729249909520149,0.02312852069735527,0.0007606615545228124,0.006214650347828865,0.012198868207633495,0.17533594369888306,0.0,0.2949821352958679,0.009099585935473442,0.000343038875143975,27.356742167856932,36.2906437866945,8.19777637865057,17.097958290233034
26,0.1725812405347824,0.0009984163158161632,2.841055589960888,3.124964714050293,0.034916672855615616,0.02302701026201248,0.0008925336296670139,0.004470192827284336,0.024768440052866936,0.1557459682226181,0.0,0.35661181807518005,0.0033392892219126225,0.0003816187381744385,,,,
27,0.1311900019645691,0.0009982922256811804,2.9500085519975983,1.599400520324707,0.03268294408917427,0.014274179935455322,0.0014613980893045664,0.002311447635293007,0.0202115997672081,0.10533080250024796,0.0,0.3512749969959259,0.003122420748695731,0.00042394103365950286,,,,
28,0.13726085424423218,0.000998163464343006,3.0598790060030296,1.0236066579818726,0.02997959963977337,0.01876969262957573,0.0020164845045655966,0.0010542485397309065,0.01341926958411932,0.13116486370563507,0.0,0.39400508999824524,0.005546347703784704,0.0004696036921814084,,,,
29,0.12948258221149445,0.000998030033072462,3.1680473419837654,1.82351815700531,0.02856920287013054,0.025018200278282166,0.0025488706305623055,0.0004906242829747498,0.014653585851192474,0.07357992976903915,0.0,0.21521390974521637,0.0016301281284540892,0.0005190778174437582,,,,
30,0.14192739129066467,0.0009978919331864618,3.274292935966514,2.004014253616333,0.025949634611606598,0.029009073972702026,0.0034087705425918102,0.00035772364935837686,0.008032714016735554,0.08156627416610718,0.0,0.21590512990951538,0.0009405715973116457,0.0005698903114534914,,,,
31,0.1419980674982071,0.0009977491660479953,3.38006257097004,1.8569676876068115,0.02672322653234005,0.020919276401400566,0.00407019630074501,0.00040111131966114044,0.01753971166908741,0.16282904148101807,0.0,0.17848744988441467,0.0026383264921605587,0.0006219329661689699,,,,
32,0.12963511049747467,0.0009976017330661164,3.488183492969256,2.0456581115722656,0.025271404534578323,0.0176665261387825,0.003907959908246994,0.0002525838790461421,0.012077749706804752,0.11674696207046509,0.0,0.22997325658798218,0.0036473008804023266,0.0006752079934813082,,,,
33,0.10853451490402222,0.000997449635695929,3.5986122349859215,1.0639936923980713,0.02724163979291916,0.017686551436781883,0.00240149418823421,5.9370024246163666e-05,0.0045074173249304295,0.07447078824043274,0.0,0.26166218519210815,0.0005548431072384119,0.0007302080630324781,,,,
34,0.10484931617975235,0.000997292875438573,3.7062949429964647,0.3246240019798279,0.030819017440080643,0.017741460353136063,0.0009725142153911293,0.0004490725405048579,0.007767367642372847,0.09004510194063187,0.0,0.2686311900615692,0.0015062837628647685,0.0007877895259298384,,,,
35,0.10982554405927658,0.000997131453841209,3.816011673945468,1.3705860376358032,0.028107276186347008,0.01758361980319023,0.00022018980234861374,0.0015138023300096393,0.010376355610787868,0.10753783583641052,0.0,0.31068089604377747,0.0024036066606640816,0.0008475560462102294,,,,
36,0.11534591019153595,0.0009969653724970025,3.923642633948475,1.8634696006774902,0.03237342834472656,0.0174955353140831,6.305279384832829e-05,0.002199868205934763,0.013870873488485813,0.10118650645017624,0.0,0.21288520097732544,0.0038948445580899715,0.0009102554759010673,,,,
37,0.1121048703789711,0.0009967946330451097,4.0329332309775054,1.6180919408798218,0.030659664422273636,0.01711532287299633,9.693641914054751e-05,0.0020404476672410965,0.004799576476216316,0.09891142696142197,0.0,0.30196326971054077,0.0006104636704549193,0.0009738226071931422,,,,
38,0.10284983366727829,0.0009966192371706599,4.142540216969792,1.2643074989318848,0.027508145198225975,0.0164390467107296,0.00037180446088314056,0.0010330191580578685,0.008070861920714378,0.1002546101808548,0.0,0.33090633153915405,0.0014399837236851454,0.0010403961641713977,,,,
39,0.09734182804822922,0.0009964391866047397,4.252776586974505,0.917376697063446,0.02721882052719593,0.016945090144872665,0.00074674969073385,0.00035864568781107664,0.006688335910439491,0.09952954202890396,0.0,0.2736271321773529,0.0012090246891602874,0.001110060140490532,,,,
40,0.10304177552461624,0.0009962544831243754,4.361089616955724,0.6916136145591736,0.028166580945253372,0.015876060351729393,0.0011789745185524225,9.456506813876331e-05,0.006941233761608601,0.09757731854915619,0.0,0.3711111545562744,0.0017261343309655786,0.0011817849008366466,,,,
41,0.09552983194589615,0.0009960651285525156,4.470440289995167,1.0622119903564453,0.02542262338101864,0.01777302473783493,0.0011964545119553804,4.7650471969973296e-05,0.009739971719682217,0.0784311592578888,0.0,0.20679709315299988,0.003448884468525648,0.001256904099136591,,,,
42,0.1043362244963646,0.0009958711247580138,4.579942217969801,1.5324984788894653,0.02925032377243042,0.021596398204565048,0.0010769289219751954,4.382084443932399e-05,0.007667828816920519,0.06134331598877907,0.0,0.21926407516002655,0.0032033566385507584,0.0013324571773409843,,,,
43,0.09821178019046783,0.000995672473655609,4.686866985983215,1.0018784999847412,0.02672979235649109,0.019232310354709625,0.0011056747753173113,6.204583769431338e-05,0.003096602391451597,0.05823136493563652,0.0,0.27029794454574585,0.001845881692133844,0.00140821048989892,,,,
44,0.09742560982704163,0.0009954691772059074,4.796895949984901,0.6616063117980957,0.027276840060949326,0.014551088213920593,0.0009446560870856047,8.847768185660243e-05,0.005847754888236523,0.11637823283672333,0.0,0.34364375472068787,0.0016013681888580322,0.001485910965129733,,,,
45,0.08111327141523361,0.0009952612374153629,4.90878104895819,0.8469835519790649,0.02930992655456066,0.012357539497315884,0.0008281887276098132,0.00017149289487861097,0.005851541180163622,0.051824070513248444,0.0,0.2044539898633957,0.001392211066558957,0.0015666792169213295,,,,
46,0.09001821279525757,0.0009950486563362572,5.016211665002629,0.7986546158790588,0.026316270232200623,0.013901319354772568,0.00041691664955578744,0.00048702897038310766,0.004734389018267393,0.08894767612218857,0.0,0.2983846664428711,0.0028074770234525204,0.0016484230291098356,,,,
47,0.09771376103162766,0.0009948314360666798,5.126989764976315,0.9912465810775757,0.029762305319309235,0.01436200737953186,0.00015254048048518598,0.0009653669549152255,0.00387582671828568,0.09371725469827652,0.0,0.334993839263916,0.0017314221477136016,0.0017315312288701534,,,,
48,0.08916821330785751,0.000994609578750507,5.238105306983925,1.3616456985473633,0.026893140748143196,0.013587879948318005,9.05939014046453e-05,0.00129201530944556,0.007251972332596779,0.10869583487510681,0.0,0.18814587593078613,0.0006319176172837615,0.001817984157241881,,,,
49,0.0905701220035553,0.000994383086577381,5.344769631978124,1.1988468170166016,0.028176182880997658,0.014165951870381832,0.00012846209574490786,0.0009099567541852593,0.005307326093316078,0.09772101789712906,0.0,0.24778985977172852,0.0012489833170548081,0.001903296448290348,,,,
50,0.09020049124956131,0.0009941519617826882,5.455741828947794,0.2680584490299225,0.02718065306544304,0.01471751369535923,0.00031573479645885527,0.00034538202453404665,0.003343377262353897,0.1114606112241745,0.0,0.2542770504951477,0.002944574225693941,0.001990139251574874,22.392729991739834,31.188146079444763,7.2532669817232875,2.7796820462294267
51,0.08590000867843628,0.0009939162066475368,5.586864543962292,0.6359514594078064,0.02899334207177162,0.013947191648185253,0.0006986082880757749,9.884583414532244e-05,0.007291210815310478,0.08050288259983063,0.0,0.18525752425193787,0.0033579464070498943,0.00207709358073771,,,,
52,0.0919431746006012,0.000993675823498735,5.694942921982147,0.9254584908485413,0.02662191167473793,0.0149648142978549,0.0009274535696022213,6.748335727024823e-05,0.003562746336683631,0.07182955741882324,0.0,0.29396069049835205,0.003380977315828204,0.0021623577922582626,,,,
53,0.09095558524131775,0.0009934308147087675,5.804276334994938,0.8308661580085754,0.026936955749988556,0.01596814952790737,0.0007955021574161947,6.456849223468453e-05,0.008232767693698406,0.08396102488040924,0.0,0.2357725203037262,0.0028830082155764103,0.0022485230583697557,,,,
54,0.08310763537883759,0.0009931811826957716,5.913464693003334,0.6894844770431519,0.025879213586449623,0.016505232080817223,0.0005738359177485108,6.347228190861642e-05,0.00511621730402112,0.04102093353867531,0.0,0.22778978943824768,0.0020951556507498026,0.0023339753970503807,,,,
55,0.08431509882211685,0.000992926929923515,6.0219950169557706,0.3639993667602539,0.028612833470106125,0.01570325717329979,0.00035666144685819745,0.00016197451623156667,0.0036698230542242527,0.07298685610294342,0.0,0.19841383397579193,0.0017040995880961418,0.0024196135345846415,,,,
56,0.07301534712314606,0.00099266805890137,6.133861066948157,0.22776849567890167,0.025272712111473083,0.013194679282605648,0.00022381450980901718,0.0003080570313613862,0.007094976957887411,0.058607153594493866,0.0,0.18736883997917175,0.00044815323781222105,0.002503262599930167,,,,
57,0.08140978217124939,0.0009924045721842888,6.245803483994678,0.6789095997810364,0.02755051665008068,0.012963089160621166,0.00016668744501657784,0.00042574532562866807,0.005320752505213022,0.04334185644984245,0.0,0.34061068296432495,0.000375415722373873,0.0025847440119832754,,,,
58,0.07900603115558624,0.000992136472372779,6.35903273394797,0.7133998870849609,0.027574218809604645,0.013707036152482033,0.0001212576316902414,0.00047905146493576467,0.00372989010065794,0.041178226470947266,0.0,0.2640371322631836,0.0005058095557615161,0.002668318571522832,,,,
59,0.08167754858732224,0.0009918637621128773,6.470206595957279,0.5637074708938599,0.02707596682012081,0.01384683232754469,0.00019035636796616018,0.0003626554971560836,0.005272474139928818,0.06141500920057297,0.0,0.2799960970878601,0.0009701075032353401,0.002753823297098279,,,,
60,0.07557890564203262,0.0009915864440961245,6.580473796988372,0.3756493926048279,0.02678275853395462,0.014572247862815857,0.0002684892970137298,0.00018164856010116637,0.0036973662208765745,0.05281064659357071,0.0,0.18674986064434052,0.0003440125728957355,0.002841896377503872,,,,
61,0.07010903209447861,0.0009913045210595366,6.684004214999732,0.3472505807876587,0.026519449427723885,0.013833001255989075,0.0004193248169030994,7.039052434265614e-05,0.005328440573066473,0.044121719896793365,0.0,0.10820059478282928,0.0009348793537355959,0.0029271235689520836,,,,
62,0.0742846131324768,0.0009910179957855808,6.790543026989326,0.5920541286468506,0.024006078019738197,0.013013101182878017,0.0006300829700194299,4.005949085694738e-05,0.0026396699249744415,0.03299065679311752,0.0,0.2656984329223633,0.0008319314219988883,0.00300774909555912,,,,
63,0.07721351832151413,0.0009907268711021456,6.9016147459624335,0.6185395121574402,0.025230567902326584,0.013822200708091259,0.000616937642917037,3.726232534972951e-05,0.003467108588665724,0.03972413390874863,0.0,0.2582957148551941,0.0007329029613174498,0.003088833764195442,,,,
64,0.06935904920101166,0.0009904311498825141,7.01301210897509,0.23358052968978882,0.02642850950360298,0.012324667535722256,0.00036655826261267066,6.701705569867045e-05,0.0017417010385543108,0.043022144585847855,0.0,0.17932507395744324,0.0005867286818102002,0.003172178752720356,,,,
65,0.08371463418006897,0.0009901308350453355,7.1220960669452325,0.6717945337295532,0.02818784862756729,0.015761734917759895,0.0002713122812565416,0.00014682396431453526,0.006343615707010031,0.044770121574401855,0.0,0.295850545167923,0.0002319850609637797,0.003254347713664174,,,,
66,0.07821550965309143,0.000989825929554596,7.231423297955189,0.3717297911643982,0.028374221175909042,0.01287804078310728,0.00024423544527962804,0.00020452139142435044,0.003371527884155512,0.03972506523132324,0.0,0.29661864042282104,0.0006222838419489563,0.0033404328860342503,,,,
67,0.07067865133285522,0.0009895164364195894,7.342030582949519,0.37454068660736084,0.023695342242717743,0.013068323954939842,0.0002229594683740288,0.00022787685156799853,0.0043847267515957355,0.04511607810854912,0.0,0.21377447247505188,0.0009153058636002243,0.0034287585876882076,,,,
68,0.0805158019065857,0.0009892023586948885,7.451634687953629,0.8773326277732849,0.026319436728954315,0.013549141585826874,0.00020314808352850378,0.00021662666404154152,0.0030709095299243927,0.03907548263669014,0.0,0.3735644221305847,0.0001575034693814814,0.003516200929880142,,,,
69,0.08467406779527664,0.0009888836994803132,7.557362331950571,0.4438086748123169,0.029596107080578804,0.013882510364055634,0.00018555668066255748,0.0001954917679540813,0.005727305077016354,0.032822780311107635,0.0,0.39691951870918274,8.422862447332591e-05,0.003609555307775736,,,,
70,0.08237918466329575,0.0009885604619209016,7.668923694000114,0.6637912392616272,0.029850514605641365,0.014300376176834106,0.00022272334899753332,0.00012511145905591547,0.003329403232783079,0.049238696694374084,0.0,0.3052866756916046,9.119659080170095e-05,0.0037058743182569742,,,,
71,0.08163712918758392,0.0009882326492068776,7.777900883986149,0.2691224217414856,0.027445733547210693,0.013949732296168804,0.00031413231045007706,5.455200880533084e-05,0.002333359094336629,0.04225698485970497,0.0,0.35822415351867676,0.00034770354977808893,0.003805461572483182,,,,
72,0.07320708781480789,0.0009879002645736207,7.886417632980738,0.4272807836532593,0.02568693645298481,0.013575613498687744,0.0004406203515827656,2.7868596589541994e-05,0.0034729870967566967,0.04286320507526398,0.0,0.20325973629951477,0.0010571788297966123,0.003907561302185059,,,,
73,0.08307019621133804,0.0009875633113016326,7.995478438970167,0.5188944935798645,0.025958197191357613,0.015850085765123367,0.0004167701699770987,2.7093590688309632e-05,0.005330669227987528,0.045127809047698975,0.0,0.2815994620323181,0.002109890803694725,0.004008234944194555,,,,
74,0.07800537347793579,0.0009872217927165065,8.104400458978489,0.39537709951400757,0.029518647119402885,0.016506582498550415,0.00027186196530237794,6.388144538505003e-05,0.0025102936197072268,0.028370745480060577,0.0,0.1754881739616394,0.00037502043414860964,0.004109455272555351,,,,
75,0.07124225050210953,0.0009868757121888926,8.217603318975307,0.1448853760957718,0.025142338126897812,0.013687700033187866,0.00020491585019044578,0.00011087397433584556,0.0026995595544576645,0.03743520379066467,0.0,0.2239883840084076,0.0004844809300266206,0.004208596423268318,23.335138996602943,32.786146718941254,3.9470911615262736,3.5598435322124193
76,0.07693979144096375,0.0009865250731344664,8.341602860949934,0.39399585127830505,0.0238391924649477,0.013182956725358963,0.00018246460240334272,0.00017218446009792387,0.003160016378387809,0.05992864817380905,0.0,0.3201294541358948,0.0010265565942972898,0.0043071662075817585,,,,
77,0.07024896889925003,0.0009861698790138934,8.451018447987735,0.4196619391441345,0.024176979437470436,0.014578357338905334,0.0001645444135647267,0.0002250940160593018,0.003965879790484905,0.03935941308736801,0.0,0.16369786858558655,0.0006953519186936319,0.004410043358802795,,,,
78,0.06979960203170776,0.0009858101333327964,8.56802941695787,0.29549962282180786,0.024378281086683273,0.01412934809923172,0.0001860097690951079,0.000189288955880329,0.006116406060755253,0.030162513256072998,0.0,0.18874335289001465,0.0006458890857174993,0.004510803148150444,,,,
79,0.06983650475740433,0.0009854458396417198,8.675707503978629,0.15476000308990479,0.025926439091563225,0.013082586228847504,0.000257158768363297,0.00010867949458770454,0.0036976917181164026,0.05380883440375328,0.0,0.15394094586372375,0.000819078297354281,0.004611276555806398,,,,
80,0.0717974379658699,0.0009850770015360957,8.783039511996321,0.13794070482254028,0.023408101871609688,0.013216450810432434,0.00029193752561695874,8.605178300058469e-05,0.002773451153188944,0.016259053722023964,0.0,0.32338106632232666,0.00023819341731723398,0.004709452390670776,,,,
81,0.0654061809182167,0.000984703622656207,8.88954935898073,0.23588305711746216,0.022461360320448875,0.012858804315328598,0.0003255776537116617,6.967392982915044e-05,0.009986144490540028,0.04490341991186142,0.0,0.15871697664260864,0.00034438332659192383,0.004814086947590113,,,,
82,0.07657008618116379,0.0009843257066871525,8.997264389996417,0.23663854598999023,0.02389521524310112,0.015502880327403545,0.0002956039388664067,6.806744204368442e-05,0.0034491559490561485,0.028842642903327942,0.0,0.29629987478256226,0.00015576025180052966,0.004915590863674879,,,,
83,0.07549744099378586,0.0009839432573588102,9.10683430795325,0.18043041229248047,0.02636743150651455,0.013586023822426796,0.0002692854905035347,8.759704360272735e-05,0.006652822718024254,0.028975069522857666,0.0,0.2974695563316345,0.0002804877585731447,0.005019775126129389,,,,
84,0.07287093997001648,0.000983556278445801,9.216192808002234,0.22088433802127838,0.02356971986591816,0.014741577208042145,0.0002504038857296109,9.789686737349257e-05,0.004467814229428768,0.022353729233145714,0.0,0.2762032151222229,6.101228063926101e-05,0.005127373617142439,,,,
85,0.06722452491521835,0.0009831647737674498,9.32318177697016,0.2144913226366043,0.024415362626314163,0.013368373736739159,0.0002560328575782478,0.00010524665412958711,0.0035724728368222713,0.026061855256557465,0.0,0.19007140398025513,0.00016599814989604056,0.0052376314997673035,,,,
86,0.07487931847572327,0.0009827687471877502,9.43058663798729,0.3416942358016968,0.022785982117056847,0.01432518195360899,0.00024672027211636305,0.00012313909246586263,0.005174439400434494,0.03998429700732231,0.0,0.30764973163604736,9.938868606695905e-05,0.0053461333736777306,,,,
87,0.07664646953344345,0.0009823682026153246,9.540683592960704,0.27326735854148865,0.023589259013533592,0.014696195721626282,0.00016953141312114894,0.00015603090287186205,0.005782859865576029,0.03733156993985176,0.0,0.32617107033729553,7.288200868060812e-05,0.005460397340357304,,,,
88,0.06516195833683014,0.0009819631440033862,9.647462210967205,0.229916512966156,0.020508676767349243,0.013726744800806046,0.00016373512335121632,0.00015044567408040166,0.004392414819449186,0.03650715947151184,0.0,0.20095869898796082,0.00013413203123491257,0.005582992918789387,,,,
89,0.06289820373058319,0.0009815535753497,9.757563813996967,0.2908777892589569,0.022387992590665817,0.012496217153966427,0.00026249734219163656,9.696751658339053e-05,0.003377065295353532,0.03119918704032898,0.0,0.16880860924720764,0.00018822733545675874,0.005703636445105076,,,,
90,0.06714979559183121,0.0009811395006965433,9.881149936991278,0.27287834882736206,0.0210570115596056,0.012696363031864166,0.0003183115040883422,6.233160092961043e-05,0.006281167268753052,0.04494620859622955,0.0,0.23468121886253357,0.00034506552037782967,0.005821493919938803,,,,
91,0.07351554930210114,0.0009807209241306657,9.999155470984988,0.37728360295295715,0.02273734100162983,0.013185232877731323,0.0003091157414019108,6.28563211648725e-05,0.005307807121425867,0.047067537903785706,0.0,0.30995994806289673,0.0002119495766237378,0.005941144190728664,,,,
92,0.07058972865343094,0.0009802978497832487,10.111629644001368,0.08738259226083755,0.02240459993481636,0.014176998287439346,0.00019776250701397657,9.136801236309111e-05,0.001616991707123816,0.046827204525470734,0.0,0.2414582073688507,9.727921860758215e-05,0.006066468078643084,,,,
93,0.06281471997499466,0.0009798702818298657,10.223101199953817,0.2213212251663208,0.019236955791711807,0.012645386159420013,0.00017281374312005937,0.00013351796951610595,0.001706205657683313,0.037316031754016876,0.0,0.2227882742881775,0.0002611607196740806,0.00619370024651289,,,,
94,0.06573677808046341,0.0009794382244904397,10.33177721494576,0.26608702540397644,0.018370529636740685,0.015486450865864754,0.00015322715626098216,0.00014362818910740316,0.005637253634631634,0.05676707997918129,0.0,0.14390085637569427,0.0002648641820997,0.00632073637098074,,,,
95,0.06874904036521912,0.000979001682029202,10.440775059978478,0.2210116982460022,0.02030024118721485,0.01449019368737936,0.00019050261471420527,9.723419498186558e-05,0.0044088829308748245,0.02771839126944542,0.0,0.2674967646598816,0.0002174715482397005,0.006443396210670471,,,,
96,0.06584004312753677,0.0009785606587546505,10.55086391698569,0.27782970666885376,0.022470034658908844,0.012776879593729973,0.0002453505003359169,6.279903755057603e-05,0.002414480783045292,0.02384125627577305,0.0,0.238722562789917,0.0002871988690458238,0.006570326164364815,,,,
97,0.06717251986265182,0.0009781151590195069,10.660241398960352,0.26801955699920654,0.017727382481098175,0.014736764132976532,0.00019324710592627525,6.832466169726104e-05,0.0067037539556622505,0.01821892522275448,0.0,0.3022443652153015,7.988932338776067e-05,0.006701616570353508,,,,
98,0.06630802899599075,0.0009776651872206738,10.774923042976297,0.3136339783668518,0.020706480368971825,0.015452228486537933,0.0001748122158460319,6.0938269598409534e-05,0.0009960439056158066,0.03959157317876816,0.0,0.16268745064735413,0.00018941787129733711,0.006837202236056328,,,,
99,0.06430815160274506,0.0009772107477991911,10.893436591955833,0.43614980578422546,0.019858980551362038,0.013256438076496124,0.00024133843544404954,5.189393414184451e-05,0.005061725154519081,0.038119249045848846,0.0,0.2081066220998764,0.0005266597145237029,0.006972393952310085,,,,
100,0.06633701920509338,0.0009767518452401926,11.002445885969792,0.27145251631736755,0.018866917118430138,0.014631778001785278,0.00017392728477716446,8.054723730310798e-05,0.003259965917095542,0.03406509757041931,0.0,0.23870575428009033,0.00014990035560913384,0.007108587305992842,23.274714601015962,32.74867235965899,3.664182637781349,2.9106772392998677
101,0.0641823261976242,0.0009762884840728611,11.12654320395086,0.3630196154117584,0.019153106957674026,0.014463655650615692,0.00012908768258057535,0.00012274729670025408,0.002118146512657404,0.03216676414012909,0.0,0.20255640149116516,0.00012591129052452743,0.0072443122044205666,,,,
102,0.06305570155382156,0.0009758206688703845,11.23883367900271,0.30600494146347046,0.018798673525452614,0.013512803241610527,0.00016189894813578576,0.00011365391401341185,0.003338966518640518,0.040898699313402176,0.0,0.20239679515361786,9.185865201288834e-05,0.007378370966762304,,,,
103,0.0634235069155693,0.0009753484042499097,11.352001265971921,0.14698950946331024,0.01866508089005947,0.014428021386265755,0.00021610296971630305,6.565007788594812e-05,0.0032139429822564125,0.02069377712905407,0.0,0.21558669209480286,6.793029751861468e-05,0.007516470272094011,,,,
104,0.059145793318748474,0.000974871694872498,11.465591993997805,0.1472105085849762,0.017774486914277077,0.012928671203553677,0.00016875247820280492,4.7369172534672543e-05,0.007424807175993919,0.04506353661417961,0.0,0.16747981309890747,9.350528125651181e-05,0.007656850852072239,,,,
105,0.0649777501821518,0.0009743905454430785,11.57783791195834,0.4929822087287903,0.018268849700689316,0.01420479267835617,0.0002474603825248778,4.5083899749442935e-05,0.0057602557353675365,0.04291297867894173,0.0,0.21429744362831116,7.189810276031494e-05,0.007796845864504576,,,,
106,0.06025770306587219,0.0009739049607104018,11.686114930955227,0.26094287633895874,0.02043181285262108,0.013177966699004173,0.0001605382567504421,7.878340693423524e-05,0.00516292080283165,0.02562391757965088,0.0,0.16315016150474548,9.075028356164694e-05,0.007938619703054428,,,,
107,0.061354782432317734,0.0009734149454669931,11.792564554954879,0.750352680683136,0.01790005899965763,0.014583751559257507,0.0001077483466360718,0.0001115146660595201,0.004368832800537348,0.024270974099636078,0.0,0.1883103996515274,2.5451463443459943e-05,0.008080126717686653,,,,
108,0.05999630689620972,0.0009729205045491051,11.897700189962052,0.37597623467445374,0.017562080174684525,0.013755282387137413,0.00017057074001058936,6.097243385738693e-05,0.00297319027595222,0.042369045317173004,0.0,0.16322316229343414,5.3289069910533726e-05,0.008222020231187344,,,,
109,0.06064488738775253,0.00097242164283667,12.016696581966244,0.4743439555168152,0.017625682055950165,0.014525081031024456,0.0001902577350847423,4.952605740982108e-05,0.004181499592959881,0.038834039121866226,0.0,0.14805090427398682,6.782344280509278e-05,0.008358345367014408,,,,
110,0.06309832632541656,0.0009719183652532516,12.131724739971105,0.2658616602420807,0.01769278198480606,0.013736382126808167,0.0001319660514127463,6.987604865571484e-05,0.00374485831707716,0.03650778532028198,0.0,0.24023020267486572,5.6330849474761635e-05,0.00849403440952301,,,,
111,0.06160837039351463,0.0009714106767659962,12.241502342978492,0.4943644404411316,0.018614765256643295,0.0161377415060997,9.466026676818728e-05,9.467452764511108e-05,0.002825548406690359,0.027801238000392914,0.0,0.11605663597583771,9.190296259475872e-05,0.008635423146188259,,,,
112,0.06394114345312119,0.0009708985823855846,12.352437360968906,0.3131905198097229,0.018414191901683807,0.016175001859664917,0.00014402135275304317,6.0171303630340844e-05,0.004011594690382481,0.03973330557346344,0.0,0.13776622712612152,6.402771396096796e-05,0.008771904744207859,,,,
113,0.05999969691038132,0.0009703820871661813,12.473431775986683,0.5627045035362244,0.016987333074212074,0.013158063404262066,0.0003260050143580884,3.387176911928691e-05,0.007044928148388863,0.04389950633049011,0.0,0.16388781368732452,0.0001519775833003223,0.008906575851142406,,,,
114,0.0604916587471962,0.0009698611962053858,12.58741136000026,0.24181322753429413,0.017161361873149872,0.014706621877849102,0.0002251834375783801,4.60670780739747e-05,0.0035948678851127625,0.039282917976379395,0.0,0.13963966071605682,0.00010548518184805289,0.00904027745127678,,,,
115,0.056627195328474045,0.0009693359146441815,12.695079163997434,0.12289545685052872,0.015481743961572647,0.012586556375026703,0.00014961662236601114,7.150442979764193e-05,0.0016340544680133462,0.046951062977313995,0.0,0.17843849956989288,5.3223324357531965e-05,0.009172053076326847,,,,
116,0.05884167179465294,0.0009688062476668852,12.81134406797355,0.2828294634819031,0.016589520499110222,0.0125889852643013,0.0001529543660581112,8.700118632987142e-05,0.004942788742482662,0.033420629799366,0.0,0.2189641296863556,0.0001279118878301233,0.009303309954702854,,,,
117,0.06497061252593994,0.0009682722005010961,12.927447399997618,0.26515084505081177,0.016271300613880157,0.014328254386782646,0.00015030379290692508,9.323769336333498e-05,0.0031607565470039845,0.05644531548023224,0.0,0.23297685384750366,0.00014654015831183642,0.00944124348461628,,,,
118,0.0563494898378849,0.0009677337784176445,13.045882075966801,0.15021105110645294,0.016817297786474228,0.013460296206176281,0.0001542067329864949,6.228829442989081e-05,0.0023314435966312885,0.024364102631807327,0.0,0.1560567021369934,8.124203304760158e-05,0.009588034823536873,,,,
119,0.05919346585869789,0.0009671909867305388,13.154479342978448,0.46417421102523804,0.016737109050154686,0.014191485941410065,0.00018986911163665354,4.803496631211601e-05,0.0039939009584486485,0.029716406017541885,0.0,0.16887584328651428,6.947927613509819e-05,0.009733512066304684,,,,
120,0.056273289024829865,0.0009666438307969138,13.263199288980104,0.30035877227783203,0.016239656135439873,0.013730633072555065,0.0001982856629183516,4.1291066736448556e-05,0.0042705899104475975,0.039087697863578796,0.0,0.11999582499265671,4.462991637410596e-05,0.009878567419946194,,,,
121,0.059609875082969666,0.0009660923160169777,13.36905337398639,0.45027363300323486,0.015514104627072811,0.01432904601097107,0.00019923108629882336,4.976252603228204e-05,0.0028711131308227777,0.05980139970779419,0.0,0.13583680987358093,2.2187432477949187e-05,0.010017822496592999,,,,
122,0.0573682002723217,0.0009655364478339585,13.476523119956255,0.2619319260120392,0.015177572146058083,0.013735711574554443,0.00012743780098389834,0.00012119914754293859,0.005728069227188826,0.02796325460076332,0.0,0.1805887520313263,0.00011051163164665923,0.0101592056453228,,,,
123,0.06079502031207085,0.0009649762317340511,13.606216710992157,0.5882536172866821,0.01590568944811821,0.014437390491366386,0.00011827507114503533,0.00015877558325883,0.005941331386566162,0.02664000354707241,0.0,0.2041146159172058,6.694291369058192e-05,0.010302353650331497,,,,
124,0.054357342422008514,0.0009644116732463621,13.717016344948206,0.13834570348262787,0.016111986711621284,0.013359544798731804,0.00010899911285378039,8.126195461954921e-05,0.004958270583301783,0.05037623271346092,0.0,0.08522508293390274,6.640871288254857e-05,0.010453912429511547,,,,
125,0.06392271816730499,0.0009638427779428558,13.833023956976831,0.6902997493743896,0.01469478476792574,0.01369235198944807,0.00023212538508232683,3.362807183293626e-05,0.0039447336457669735,0.058978307992219925,0.0,0.2594633102416992,0.00010685472807381302,0.010599114932119846,22.86640546449517,32.158913525969695,4.566647890103514,1.498093512768194
126,0.05678781121969223,0.0009632695514382992,13.959194872993976,0.260807603597641,0.014824955724179745,0.01362316869199276,0.00018204130174126476,4.5894394133938476e-05,0.009673789143562317,0.03490401804447174,0.0,0.16703003644943237,0.0001008082545013167,0.010757580399513245,,,,
127,0.05504463240504265,0.0009626919993902064,14.071992906974629,0.5570347905158997,0.01570224203169346,0.013416724279522896,0.00010268900950904936,9.148305252892897e-05,0.0043684132397174835,0.0438382588326931,0.0,0.11693471670150757,0.00010732258670032024,0.010914631187915802,,,,
128,0.057425402104854584,0.0009621101274987831,14.18259257497266,0.5451889038085938,0.015605790540575981,0.015380783006548882,0.00011229775554966182,8.22068759589456e-05,0.004926176276057959,0.02394184097647667,0.0,0.1262730360031128,0.00014779253979213536,0.011063790880143642,,,,
129,0.057817887514829636,0.0009615239415068697,14.294246310950257,0.25578197836875916,0.016445742920041084,0.013729180209338665,0.00020451456657610834,4.007593815913424e-05,0.00733688659965992,0.03240225464105606,0.0,0.15379726886749268,0.00015973602421581745,0.0112107302993536,,,,
130,0.05515735223889351,0.0009609334471998856,14.40905366995139,1.0390266180038452,0.013491158373653889,0.014467690140008926,0.0002914794604294002,3.2325537176802754e-05,0.003054860280826688,0.039081256836652756,0.0,0.10589803755283356,0.0001256308751180768,0.011361892335116863,,,,
131,0.054464295506477356,0.000960338650405771,14.517311263945885,0.5009963512420654,0.01611929200589657,0.014009013772010803,0.00015382554556708783,9.835438686423004e-05,0.005600556265562773,0.02227136492729187,0.0,0.09889080375432968,0.00034196313936263323,0.011509564705193043,,,,
132,0.058539461344480515,0.0009597395569949304,14.625574696983676,0.80624920129776,0.016464896500110626,0.014228436164557934,0.00010139960795640945,0.00013514301099348813,0.0029230634681880474,0.03829149156808853,0.0,0.14107850193977356,0.00021138120791874826,0.011655307374894619,,,,
133,0.05764014273881912,0.0009591361728801735,14.733949090994429,0.406409353017807,0.014572307467460632,0.014191247522830963,0.0001890528219519183,3.722130350070074e-05,0.003927568439394236,0.02389111928641796,0.0,0.19469891488552094,9.035709081217647e-05,0.011805904097855091,,,,
134,0.05901937931776047,0.0009585285040166583,14.843542175949551,0.7632514834403992,0.013877722434699535,0.013638082891702652,0.0002747111429926008,2.4540922822779976e-05,0.003716027131304145,0.04459763318300247,0.0,0.20333196222782135,4.884178633801639e-05,0.011962056159973145,,,,
135,0.0517205111682415,0.0009579165564018309,14.951330715965014,0.4470306932926178,0.014671552926301956,0.0136038763448596,0.00014794382150284946,5.482363485498354e-05,0.00404773373156786,0.027483634650707245,0.0,0.09612128138542175,4.4594671635422856e-05,0.012121964246034622,,,,
136,0.05696015805006027,0.0009573003360753673,15.06506527599413,0.5301278829574585,0.015344781801104546,0.014000179246068,9.97013266896829e-05,7.85738811828196e-05,0.004874351900070906,0.0435248538851738,0.0,0.1436351090669632,4.2034880607388914e-05,0.01227553654462099,,,,
137,0.051739055663347244,0.0009566798491191136,15.176741123956162,0.17345988750457764,0.013059348799288273,0.012547589838504791,0.0001412761048413813,4.1593197238398716e-05,0.004087370820343494,0.030137185007333755,0.0,0.16871002316474915,8.981329301605001e-05,0.012429650872945786,,,,
138,0.05467262864112854,0.000956055101657025,15.284417891001794,0.39531806111335754,0.015267661772668362,0.013003098778426647,0.00012148187670391053,4.616635123966262e-05,0.003636153880506754,0.048968516290187836,0.0,0.13173481822013855,4.429133696248755e-05,0.012594356201589108,,,,
139,0.057063810527324677,0.0009554260998551071,15.392340408987366,0.24701449275016785,0.014756628312170506,0.012399181723594666,0.00010603042028378695,6.702417158521712e-05,0.003783120773732662,0.03373722732067108,0.0,0.24137236177921295,0.00013402321201283485,0.012753251940011978,,,,
140,0.05500412732362747,0.0009547928499213538,15.501292422995903,0.3006455600261688,0.015148491598665714,0.01398078165948391,6.71251182211563e-05,0.00010462487989570946,0.0037655984051525593,0.02483431063592434,0.0,0.14811670780181885,8.61070366227068e-05,0.012920297682285309,,,,
141,0.05435900390148163,0.0009541553581056861,15.608474706998095,0.2361437976360321,0.014739607460796833,0.01344136893749237,9.629345731809735e-05,8.423058170592412e-05,0.004838080145418644,0.03151816874742508,0.0,0.14701232314109802,0.00017399094940628856,0.01309039443731308,,,,
142,0.05563218146562576,0.0009535136306998909,15.718221689981874,0.17923912405967712,0.015850616618990898,0.013757521286606789,0.00011833029566332698,4.151758548687212e-05,0.004652848932892084,0.02638491615653038,0.0,0.1546800434589386,4.964941763319075e-05,0.01326072495430708,,,,
143,0.054423872381448746,0.0009528676740375587,15.827332189946901,0.29807791113853455,0.014784135855734348,0.014324195683002472,0.00015912606613710523,3.383701550774276e-05,0.002686737570911646,0.031391941010951996,0.0,0.11466869711875916,4.131044988753274e-05,0.013435914181172848,,,,
144,0.051195647567510605,0.0009522174944940209,15.93810475396458,0.5956258773803711,0.014305252581834793,0.01221570186316967,0.00018990614626090974,3.148975520161912e-05,0.004876844584941864,0.025263192132115364,0.0,0.1485498547554016,3.377468237886205e-05,0.013604465872049332,,,,
145,0.05420906841754913,0.000951563098486287,16.049165097996593,0.6543304920196533,0.014949513599276543,0.013576114550232887,0.0001230767520610243,9.775976650416851e-05,0.005490871146321297,0.03215859830379486,0.0,0.12765324115753174,1.212690767715685e-05,0.013769815675914288,,,,
146,0.05407540872693062,0.0009509044924729818,16.156513152993284,0.3453282117843628,0.01605399325489998,0.013489099219441414,9.533524280413985e-05,8.478244853904471e-05,0.0028346183244138956,0.019243892282247543,0.0,0.1427406221628189,2.4954890250228345e-05,0.013933686539530754,,,,
147,0.055663831532001495,0.0009502416829542803,16.26501129096141,0.3664309084415436,0.014743814244866371,0.012838959693908691,0.0001572197797941044,2.5880359316943213e-05,0.004442076198756695,0.029718967154622078,0.0,0.20198866724967957,0.00010356157144997269,0.014100339263677597,,,,
148,0.04841505363583565,0.000949574676471845,16.372940104978625,0.47618699073791504,0.013207846321165562,0.012942066416144371,0.0002270879631396383,2.4273147573694587e-05,0.004116111434996128,0.01573982462286949,0.0,0.09795723110437393,0.00011753518629120663,0.014270489104092121,,,,
149,0.052483316510915756,0.0009489034796087608,16.478188499982934,0.6063457727432251,0.013242513872683048,0.014220379292964935,8.09329649200663e-05,5.393776154960506e-05,0.0020243111066520214,0.02951068989932537,0.0,0.12371642887592316,0.0001987930154427886,0.01443570014089346,,,,
150,0.05497563257813454,0.0009482280989894695,16.5834957799525,0.3921986222267151,0.01433681882917881,0.012945396825671196,7.198608363978565e-05,8.37427651276812e-05,0.002963283332064748,0.04368499293923378,0.0,0.1669357717037201,0.0003126800002064556,0.014600249007344246,22.416059439359138,31.558207084363346,3.919258345198348,1.6484624411854474
151,0.053005967289209366,0.0009475485412797054,16.70833437994588,0.5132789611816406,0.01527435053139925,0.011985784396529198,0.00011173944221809506,4.839313623961061e-05,0.006291658617556095,0.02029407024383545,0.0,0.19120168685913086,0.00023987940221559256,0.014770366251468658,,,,
152,0.05130809545516968,0.0009468648131864284,16.81851488398388,0.5904933214187622,0.014765726402401924,0.013648658990859985,0.00015235631144605577,4.3610489228740335e-05,0.002810320584103465,0.026299115270376205,0.0,0.08707313239574432,0.0001463566004531458,0.014949396252632141,,,,
153,0.05474621802568436,0.0009461769214577592,16.939981603994966,0.7933054566383362,0.014067329466342926,0.013092217966914177,5.695229265256785e-05,9.143858915194869e-05,0.003272594418376684,0.039494432508945465,0.0,0.16908013820648193,0.000428341532824561,0.015119418501853943,,,,
154,0.05030479654669762,0.000945484872882911,17.052890726947226,0.2875993549823761,0.013774444349110126,0.013762002810835838,7.386259676422924e-05,4.547274875221774e-05,0.0030623110942542553,0.029236728325486183,0.0,0.09165161103010178,0.00013832779950462282,0.015300309285521507,,,,
155,0.052413444966077805,0.0009447886742921243,17.16109339898685,0.7446062564849854,0.015001513063907623,0.01262364536523819,0.00018665292009245604,3.271015521022491e-05,0.0029305224306881428,0.04296707361936569,0.0,0.10749250650405884,0.00013767241034656763,0.01547492016106844,,,,
156,0.04996999353170395,0.0009440883325565978,17.271326414949726,0.08731014281511307,0.014449411071836948,0.01244051568210125,0.00011590778012759984,3.742192347999662e-05,0.003631920088082552,0.031000453978776932,0.0,0.1147284060716629,7.253734656842425e-05,0.0156486127525568,,,,
157,0.052629053592681885,0.0009433838545884216,17.382981260947417,0.6878150105476379,0.014462382532656193,0.014732250943779945,8.116711978800595e-05,8.431560127064586e-05,0.0022522469516843557,0.03145701065659523,0.0,0.07492509484291077,2.695381590456236e-05,0.015822075307369232,,,,
158,0.057078611105680466,0.0009426752473405091,17.494300002988894,0.35829517245292664,0.014477313496172428,0.013192079961299896,9.306552237831056e-05,4.8934474762063473e-05,0.003836762858554721,0.046641357243061066,0.0,0.19802093505859375,2.4136730644386262e-05,0.015984192490577698,,,,
159,0.051326099783182144,0.0009419625178065278,17.604351901973132,0.12675178050994873,0.013341461308300495,0.01287316344678402,0.0001500369398854673,2.3938158847158775e-05,0.00404281634837389,0.025093892589211464,0.0,0.15269485116004944,0.00013612568727694452,0.016159741207957268,,,,
160,0.05665954574942589,0.0009412456730208301,17.713637155946344,0.3885723650455475,0.014306937344372272,0.013951378874480724,0.00016450764087494463,2.0351366401882842e-05,0.0033396391663700342,0.045603230595588684,0.0,0.15477636456489563,0.00011879680096171796,0.016341613605618477,,,,
161,0.05119941756129265,0.0009405247200583851,17.820947159954812,0.6569022536277771,0.012954583391547203,0.01400466077029705,7.133821782190353e-05,5.035145295551047e-05,0.003522461513057351,0.02388986572623253,0.0,0.12038828432559967,0.00041756528662517667,0.016528917476534843,,,,
162,0.05027846246957779,0.000939799666034707,17.93012080999324,0.07018668204545975,0.014571158215403557,0.012919075787067413,0.00011398211063351482,3.0024380976101384e-05,0.002990569220855832,0.01927758939564228,0.0,0.1234779804944992,0.00016118850908242166,0.016712602227926254,,,,
163,0.055145327001810074,0.0009390705181057868,18.04371567099588,0.5596151947975159,0.013735505752265453,0.013564711436629295,0.00017447021673433483,2.6364403311163187e-05,0.003020260017365217,0.020998135209083557,0.0,0.19508600234985352,0.0002500344126019627,0.016894327476620674,,,,
164,0.05032510682940483,0.0009383372834680197,18.154480542987585,0.3214607536792755,0.013644306920468807,0.01305447332561016,8.513795182807371e-05,6.912995013408363e-05,0.003710523247718811,0.02450716309249401,0.0,0.12305239588022232,0.00022322696167975664,0.01708625815808773,,,,
165,0.05386822670698166,0.0009375999693581359,18.263732797990087,0.32424196600914,0.014675748534500599,0.013697326183319092,0.00010425803338875994,5.841320307808928e-05,0.005456456448882818,0.053870998322963715,0.0,0.08068887889385223,0.0004594683414325118,0.0172747615724802,,,,
166,0.048005133867263794,0.0009368585830531277,18.37406523595564,0.3266545534133911,0.013926898129284382,0.012066679075360298,0.00013776814739685506,2.416442657704465e-05,0.003142607631161809,0.04357144981622696,0.0,0.0730486661195755,0.000141390337375924,0.01745169796049595,,,,
167,0.052549224346876144,0.000936113131870179,18.483000834996346,0.2737966477870941,0.014569036662578583,0.01308002881705761,0.00014165601169224828,2.330598908883985e-05,0.0057072085328400135,0.030516138300299644,0.0,0.1355634331703186,3.773849311983213e-05,0.017622698098421097,,,,
168,0.0508076436817646,0.0009353636231665917,18.590934665990062,0.23459933698177338,0.01452302373945713,0.012979893945157528,5.77307291678153e-05,6.510075036203489e-05,0.004213695414364338,0.019443949684500694,0.0,0.13591279089450836,0.00012799858814105392,0.01779707707464695,,,,
169,0.05323707312345505,0.0009346100643397144,18.70234639599221,0.2846642732620239,0.015017380937933922,0.013209345750510693,5.441455141408369e-05,7.886321691330522e-05,0.002738184528425336,0.020405298098921776,0.0,0.16496068239212036,2.4771285097813234e-05,0.017976662144064903,,,,
170,0.05069713667035103,0.0009338524628268683,18.813105330977123,0.17840470373630524,0.011931530199944973,0.012890554033219814,0.00010188053420279175,3.5617056710179895e-05,0.004876047372817993,0.0296944510191679,0.0,0.16659444570541382,4.8396348574897274e-05,0.01816203072667122,,,,
171,0.05524228885769844,0.0009330908261052745,18.921459584962577,0.2831666171550751,0.015398936346173286,0.013607117347419262,0.0001225937739945948,3.189135895809159e-05,0.0025269025936722755,0.011369530111551285,0.0,0.19560307264328003,2.2465015717898495e-05,0.018345508724451065,,,,
172,0.052164774388074875,0.0009323251616919799,19.030649540945888,0.17417360842227936,0.014061231166124344,0.015484696254134178,9.292040340369567e-05,3.4052642149617895e-05,0.0019766560290008783,0.0259995199739933,0.0,0.061452895402908325,7.445799565175548e-05,0.018536141142249107,,,,
173,0.04777389019727707,0.0009315554771437833,19.13737512897933,0.13939066231250763,0.014212883077561855,0.012699415907263756,7.520089275203645e-05,3.896681300830096e-05,0.008999831974506378,0.03241767734289169,0.0,0.06497003883123398,6.152036075945944e-05,0.0187157541513443,,,,
174,0.05070876702666283,0.0009307817800571602,19.245265352947172,0.28892195224761963,0.014965121634304523,0.013096208684146404,4.992858157493174e-05,7.01659737387672e-05,0.003363589057698846,0.02206815779209137,0.0,0.11730607599020004,9.109006350627169e-05,0.01888994127511978,,,,
175,0.05452136695384979,0.0009300040780681889,19.356447471946012,0.1911894679069519,0.015036245808005333,0.01395250391215086,7.27774458937347e-05,6.300146196736023e-05,0.004099342972040176,0.019113924354314804,0.0,0.16003453731536865,8.518272079527378e-05,0.019064145162701607,21.699841210002962,30.567183924462174,3.60368343600517,1.3566258535926352
176,0.04987899214029312,0.0009292223788524738,19.48984485300025,0.4544702470302582,0.012847710400819778,0.013358399271965027,9.266548295272514e-05,2.9907234420534223e-05,0.003218046622350812,0.02793637290596962,0.0,0.11847244203090668,0.00019135064212605357,0.01924576237797737,,,,
177,0.052831001579761505,0.0009284366901250704,19.5984891919652,0.48149651288986206,0.013294916599988937,0.014186762273311615,0.00020029388542752713,1.9770148355746642e-05,0.004366589710116386,0.017541633918881416,0.0,0.13615919649600983,0.0001620400871615857,0.019425848498940468,,,,
178,0.048822760581970215,0.0009276470196404096,19.708820567990188,0.39940425753593445,0.012551906518638134,0.012947646901011467,0.0001525713159935549,2.1904052118770778e-05,0.0034821624867618084,0.0323653519153595,0.0,0.10108441114425659,0.00014633021783083677,0.019610511139035225,,,,
179,0.05069839209318161,0.0009268533751922201,19.824773420987185,0.7295099496841431,0.01297624222934246,0.013188498094677925,7.413085404550657e-05,0.00013111077714711428,0.003127861535176635,0.018775545060634613,0.0,0.13416239619255066,0.0005308785475790501,0.019792024046182632,,,,
180,0.04948706552386284,0.0009260557646134523,19.93337586999405,0.2331601232290268,0.013970598578453064,0.013209125027060509,6.945525092305616e-05,4.788771548192017e-05,0.0026748529635369778,0.01997762732207775,0.0,0.11080209910869598,0.00023319497995544225,0.01997760683298111,,,,
181,0.048810962587594986,0.0009252541957762005,20.045590166002512,0.6143078804016113,0.013102615252137184,0.012453715316951275,0.0001775788696249947,1.7588869013707153e-05,0.0029195030219852924,0.017424648627638817,0.0,0.13659575581550598,0.00011084619472967461,0.02016540989279747,,,,
182,0.05102573335170746,0.0009244486765916255,20.16044675494777,0.2225712537765503,0.014372562058269978,0.014835439622402191,0.00010975163604598492,1.8045178876491264e-05,0.004989617504179478,0.012904055416584015,0.0,0.08092895150184631,9.763419075170532e-05,0.020356813445687294,,,,
183,0.05191965028643608,0.0009236392150098764,20.274916622962337,0.6955296993255615,0.013514379970729351,0.014336812309920788,4.84917763969861e-05,6.47387932986021e-05,0.0037209228612482548,0.02916889078915119,0.0,0.10713499039411545,0.00011911717592738569,0.020543105900287628,,,,
184,0.05048060044646263,0.0009228258190200126,20.392146294994745,0.08821137249469757,0.01344998273998499,0.013749366626143456,7.89932964835316e-05,3.3333250030409545e-05,0.003415938001126051,0.02466448023915291,0.0,0.1132851243019104,8.638756116852164e-05,0.02073436789214611,,,,
185,0.05113596469163895,0.0009220084966499235,20.503521245962474,0.5003697276115417,0.014652842655777931,0.012491892091929913,9.053639223566279e-05,2.313345430593472e-05,0.001984817674383521,0.022970149293541908,0.0,0.1586047112941742,1.5220810382743366e-05,0.020930102095007896,,,,
186,0.05365746095776558,0.0009211872559662515,20.611289934953675,0.19619311392307281,0.015364258550107479,0.013491175137460232,5.968192272121087e-05,3.350914630573243e-05,0.003184997010976076,0.042645055800676346,0.0,0.11483623087406158,0.00019224768038839102,0.021133963018655777,,,,
187,0.048905473202466965,0.0009203621050743103,20.718025515961926,0.49203193187713623,0.0144511628895998,0.012197723612189293,4.707801781478338e-05,6.176829629112035e-05,0.0026336312294006348,0.02412141114473343,0.0,0.12337067723274231,0.00023670989321544766,0.02133658528327942,,,,
188,0.04916960000991821,0.0009195330521180062,20.824402145983186,0.18084977567195892,0.011715076863765717,0.012360798195004463,7.396699948003516e-05,2.8730537451338023e-05,0.0017092599300667644,0.026887884363532066,0.0,0.17307208478450775,0.0002565641771070659,0.021532056853175163,,,,
189,0.04841034859418869,0.0009187001052797571,20.935209448973183,0.545843243598938,0.012518401257693768,0.01281714253127575,0.00014971836935728788,2.2525753593072295e-05,0.0034408001229166985,0.019338132813572884,0.0,0.12105842679738998,0.00035470243892632425,0.021739384159445763,,,,
190,0.054830875247716904,0.000917863272780412,21.046500989992637,0.1809144914150238,0.014199791476130486,0.014514314010739326,5.524479638552293e-05,2.9087594157317653e-05,0.003537795739248395,0.04219447076320648,0.0,0.11849386990070343,0.0004161563119851053,0.02195024862885475,,,,
191,0.0469314381480217,0.00091702256287917,21.161234945990145,0.23419976234436035,0.012602725066244602,0.012998396530747414,5.690017860615626e-05,4.4800020987167954e-05,0.0021269344724714756,0.013747680932283401,0.0,0.11282981932163239,0.00017015589401125908,0.022157873958349228,,,,
192,0.04907670244574547,0.0009161779838734982,21.27228718198603,0.18731483817100525,0.012757528573274612,0.01255415752530098,9.677273919805884e-05,2.8996661058044992e-05,0.0037606549449265003,0.02492438443005085,0.0,0.14165811240673065,0.00016741667059250176,0.02237018197774887,,,,
193,0.04946347326040268,0.0009153295440990506,21.3840301669552,0.26572778820991516,0.012980050407350063,0.01517244428396225,9.466367191635072e-05,1.5174045074672904e-05,0.00234483415260911,0.01980256661772728,0.0,0.05597119778394699,0.00012150630209362134,0.022585798054933548,,,,
194,0.04889262840151787,0.0009144772519295853,21.491877958993427,0.5108296275138855,0.013784343376755714,0.014098633080720901,8.970635099103674e-05,2.025640060310252e-05,0.006818617694079876,0.0067437030375003815,0.0,0.09331344068050385,0.00010763575119199231,0.02278459258377552,,,,
195,0.05019814148545265,0.0009136211157768814,21.602591834962368,0.241597980260849,0.014622466638684273,0.01367270015180111,0.00011782288493122905,1.79242342710495e-05,0.002623162232339382,0.010443388484418392,0.0,0.11134641617536545,0.00010700581333367154,0.022981656715273857,,,,
196,0.05036033317446709,0.0009127611440906577,21.71240640297765,0.40626972913742065,0.01466026809066534,0.01385941356420517,0.00013309127825777978,2.3914853954920545e-05,0.0026163316797465086,0.012648755684494972,0.0,0.0993112325668335,2.6746354706119746e-05,0.02317405305802822,,,,
197,0.04729399085044861,0.0009118973453584873,21.82604887097841,0.3544199466705322,0.01277775876224041,0.012485581450164318,5.398134089773521e-05,8.216673450078815e-05,0.00262273452244699,0.023671112954616547,0.0,0.10375875234603882,0.00047403047210536897,0.023368125781416893,,,,
198,0.051006775349378586,0.0009110297281057149,21.937143559975084,0.2852995991706848,0.01474356185644865,0.01269073598086834,4.0031147364061326e-05,6.225301331141964e-05,0.003772270865738392,0.022462304681539536,0.0,0.14603191614151,9.889741340884939e-05,0.023558614775538445,,,,
199,0.05206680670380592,0.0009101583008953727,22.04944081499707,0.40463098883628845,0.013427230529487133,0.01162545196712017,0.0001184743014164269,3.05021876556566e-05,0.0019431840628385544,0.01861148327589035,0.0,0.2361089438199997,0.00011140186688862741,0.02374929003417492,,,,
200,0.04806168004870415,0.0009092830723280953,22.156718768994324,0.3734681010246277,0.013344066217541695,0.0127980662509799,0.00010075938189402223,3.0496968975057825e-05,0.0026971742045134306,0.02717606909573078,0.0,0.09758558869361877,5.3197167289908975e-05,0.0239714365452528,21.851690377146348,30.82609044228373,2.137100031035577,2.2186908077323864
201,0.045958977192640305,0.0009084040510420354,22.282191565958783,0.6293429136276245,0.013036168180406094,0.013272784650325775,2.6171610443270765e-05,6.654085882473737e-05,0.002694282680749893,0.0241532102227211,0.0,0.05557188019156456,9.729764860821888e-05,0.02418898046016693,,,,
202,0.051047321408987045,0.0009075212457127782,22.39613507199101,0.28052011132240295,0.012918512336909771,0.015103129670023918,4.3027768697356805e-05,3.33579009748064e-05,0.0022562826052308083,0.022239040583372116,0.0,0.09221144765615463,0.00018701069348026067,0.02439439669251442,,,,
203,0.047546226531267166,0.0009066346650532561,22.51882391498657,0.7923265099525452,0.0140409916639328,0.013139273039996624,0.00011876443750225008,1.3710568964597769e-05,0.005066970828920603,0.016024690121412277,0.0,0.07652054727077484,0.00019549537682905793,0.024594102054834366,,,,
204,0.04816840589046478,0.0009057443178136618,22.629038625978865,0.21384255588054657,0.01257288921624422,0.012630480341613293,7.61016781325452e-05,3.72639115084894e-05,0.0011299399193376303,0.021812494844198227,0.0,0.13331514596939087,0.0002726064994931221,0.024783208966255188,,,,
205,0.04993803799152374,0.0009048502127813635,22.739621172950137,0.788851797580719,0.014395937323570251,0.012604760006070137,6.52823073323816e-05,9.1442750999704e-05,0.0044547924771904945,0.029363567009568214,0.0,0.10926473140716553,0.00011801552318502218,0.024980876594781876,,,,
206,0.05584358423948288,0.0009039523587808167,22.849305350973736,0.3730182647705078,0.013624414801597595,0.01527354121208191,0.0001526883861515671,1.0778125215438195e-05,0.0027273993473500013,0.023400606587529182,0.0,0.14840014278888702,0.00011580092541407794,0.02518114633858204,,,,
207,0.04644423723220825,0.0009030507646734779,22.95926489296835,0.8479660153388977,0.012459076009690762,0.012551585212349892,0.00023794523440301418,1.7147878679679707e-05,0.004629890434443951,0.015664899721741676,0.0,0.0875001922249794,0.00013267809117678553,0.025388292968273163,,,,
208,0.05104248225688934,0.0009021454393577171,23.07223549799528,0.4407779574394226,0.012583984062075615,0.013945408165454865,4.391127731651068e-05,9.54101124079898e-05,0.0032477634958922863,0.0154685378074646,0.0,0.1352420300245285,0.0006775310030207038,0.025593848899006844,,,,
209,0.04888177290558815,0.0009012363917687298,23.183873713947833,0.5113744735717773,0.013691330328583717,0.013732463121414185,3.474008553894237e-05,0.00011771506251534447,0.00387308606877923,0.020226217806339264,0.0,0.06722237169742584,0.0005977624678052962,0.025808503851294518,,,,
210,0.04620486497879028,0.0009003236308784483,23.29440271097701,0.2597711384296417,0.012798371724784374,0.012685234658420086,0.00011638071737252176,1.923627314681653e-05,0.003518408630043268,0.020117290318012238,0.0,0.08168837428092957,0.00038177333772182465,0.026019133627414703,,,,
211,0.047899823635816574,0.0008994071656954544,23.403470237972215,0.5898909568786621,0.013473788276314735,0.011670054867863655,0.00021571267279796302,2.5105549866566435e-05,0.0034669856540858746,0.02067892998456955,0.0,0.12609116733074188,0.00010572498285910115,0.02621733769774437,,,,
212,0.04958662763237953,0.0008984870052648894,23.512725900975056,0.08652311563491821,0.013958186842501163,0.012661161832511425,7.461579662049189e-05,1.6601716197328642e-05,0.003357451409101486,0.022045530378818512,0.0,0.13619887828826904,0.00018515429110266268,0.026419702917337418,,,,
213,0.049665775150060654,0.0008975631586683652,23.623379951983225,0.48250070214271545,0.014140752144157887,0.013682525604963303,6.0524645959958434e-05,7.645602454431355e-05,0.0046601686626672745,0.012870539911091328,0.0,0.10371632874011993,5.765775131294504e-05,0.02663000486791134,,,,
214,0.0495213158428669,0.0008966356350238747,23.7330022349488,0.2428652048110962,0.014486243017017841,0.014683162793517113,7.598698721267283e-05,2.5118139092228375e-05,0.0021616884041577578,0.014848211780190468,0.0,0.057853735983371735,0.0001452609576517716,0.02683895453810692,,,,
215,0.04813291132450104,0.000895704443485702,23.84723822196247,0.35214465856552124,0.012435546144843102,0.012287303805351257,0.0001263145386474207,9.925879567163065e-06,0.004689170513302088,0.02647448517382145,0.0,0.1331946700811386,0.00019167308346368372,0.027033664286136627,,,,
216,0.04697828367352486,0.0008947695932443316,23.95751927298261,0.2053978145122528,0.014412139542400837,0.012123847380280495,6.374462100211531e-05,2.4307733838213608e-05,0.003711114637553692,0.023782026022672653,0.0,0.09410271048545837,0.00014178897254168987,0.027242299169301987,,,,
217,0.050002578645944595,0.0008938310935263577,24.068128859973513,0.5920924544334412,0.01335026603192091,0.013309625908732414,3.0596154829254374e-05,7.452554564224556e-05,0.0036994037218391895,0.022331440821290016,0.0,0.12891091406345367,9.072857938008383e-05,0.027452999725937843,,,,
218,0.0436716191470623,0.000892888953594394,24.178277397993952,0.20712566375732422,0.012594209052622318,0.011929030530154705,7.052750879665837e-05,2.7957488782703876e-05,0.0028714463114738464,0.030970897525548935,0.0,0.04780054837465286,0.0005761436186730862,0.027663877233862877,,,,
219,0.04975119233131409,0.0008919431827469809,24.29257949098246,0.5525457262992859,0.013067633844912052,0.012814588844776154,0.0001073327730409801,3.0471437639789656e-05,0.004173123277723789,0.014549409970641136,0.0,0.15230460464954376,0.0003696467902045697,0.02786378003656864,,,,
220,0.048573046922683716,0.0008909937903184951,24.404088256997056,0.4539773166179657,0.01191707793623209,0.013223005458712578,2.9706498025916517e-05,6.841632421128452e-05,0.002667597495019436,0.014235315844416618,0.0,0.14388048648834229,0.0004497239424381405,0.028069835156202316,,,,
221,0.05025797709822655,0.0008900407856790567,24.513847080001142,0.42807435989379883,0.01260964572429657,0.013674969784915447,3.701508103404194e-05,5.28586060681846e-05,0.001409248448908329,0.01677088253200054,0.0,0.14676278829574585,0.0002856751380022615,0.028287876397371292,,,,
222,0.05134833976626396,0.0008890841782344365,24.62491815094836,0.8873084783554077,0.014166539534926414,0.01311203371733427,0.00019537765183486044,1.5664834791095927e-05,0.005230246111750603,0.02918182872235775,0.0,0.11215148866176605,3.151290729874745e-05,0.028523188084363937,,,,
223,0.045864805579185486,0.0008881239774259638,24.734943138959352,0.21896475553512573,0.013157172128558159,0.012760810554027557,4.489517232286744e-05,4.429144610185176e-05,0.002818628679960966,0.010465404018759727,0.0,0.09999685734510422,7.807077781762928e-05,0.028756238520145416,,,,
224,0.04471263661980629,0.0008871601927304331,24.844672443985473,0.5127806663513184,0.012945342808961868,0.01196606457233429,0.00011605707550188527,7.912091678008437e-05,0.004684817045927048,0.007547150831669569,0.0,0.09654820710420609,3.8021564250811934e-05,0.028997382149100304,,,,
225,0.046203892678022385,0.0008861928336600101,24.958447364973836,0.2442295402288437,0.012837385758757591,0.013352794572710991,7.096214540069923e-05,1.2499951481004246e-05,0.0031820847652852535,0.013972876593470573,0.0,0.08445677161216736,1.7835413018474355e-05,0.029230402782559395,21.086694666196625,29.674506063580424,4.077246768141175,0.9045475876704936
226,0.04818835109472275,0.0008852219097621384,25.09184725699015,0.3607582449913025,0.012777739204466343,0.01390014961361885,9.237421909347177e-05,1.1399158211133908e-05,0.0027349675074219704,0.018369533121585846,0.0,0.09092914313077927,2.297545324836392e-05,0.029452569782733917,,,,
227,0.044532012194395065,0.0008842474306194447,25.203534411964938,0.1293754130601883,0.012048622593283653,0.012928267940878868,7.496066973544657e-05,2.011601100093685e-05,0.004058263264596462,0.031131355091929436,0.0,0.04490780085325241,8.497762610204518e-05,0.029671963304281235,,,,
228,0.04636484012007713,0.0008832694058496449,25.318119775969535,0.33986783027648926,0.013166096061468124,0.012697341851890087,6.387151370290667e-05,7.109883154043928e-05,0.002864524256438017,0.017613746225833893,0.0,0.07992823421955109,0.0005234727868810296,0.02987469546496868,,,,
229,0.0445447601377964,0.0008822878451054484,25.42998102499405,0.24340009689331055,0.01202099584043026,0.012729707174003124,4.747516868519597e-05,4.029139381600544e-05,0.003204412991181016,0.015582719817757607,0.0,0.08414484560489655,0.0002308701805304736,0.03008076548576355,,,,
230,0.044495370239019394,0.0008813027580744639,25.538456764945295,0.31298285722732544,0.012017529457807541,0.01184709370136261,9.411846986040473e-05,1.7800595742301084e-05,0.0021134698763489723,0.010645011439919472,0.0,0.12388428300619125,0.0002697842719499022,0.030285218730568886,,,,
231,0.04738162085413933,0.0008803141544791022,25.647270005953033,0.2463461309671402,0.013347901403903961,0.012587006203830242,8.708576206117868e-05,1.653492836339865e-05,0.0027495315298438072,0.019318807870149612,0.0,0.1070813238620758,0.0003695804625749588,0.030493030324578285,,,,
232,0.0481671579182148,0.0008793220440764821,25.756818955997005,0.20810151100158691,0.013426699675619602,0.012504391372203827,7.281408761627972e-05,2.232098631793633e-05,0.0047591147013008595,0.01581268385052681,0.0,0.13463318347930908,0.00019874384452123195,0.03070155158638954,,,,
233,0.045353226363658905,0.0008783264366583325,25.86408936296357,0.23383058607578278,0.010392541997134686,0.012139219790697098,5.897346272831783e-05,4.514009924605489e-05,0.003005173522979021,0.019624115899205208,0.0,0.14709049463272095,0.00014298474707175046,0.030925875529646873,,,,
234,0.04551742598414421,0.0008773273420508967,25.97464301699074,0.33633020520210266,0.011643791571259499,0.013038749806582928,6.0641679738182575e-05,5.750200944021344e-05,0.0036135215777903795,0.010270185768604279,0.0,0.10710442066192627,2.0617469999706373e-05,0.03116583079099655,,,,
235,0.04631831496953964,0.0008763247701148352,26.088271638960578,0.356925904750824,0.013059636577963829,0.012113057076931,8.876771607901901e-05,1.2453452654881403e-05,0.0027519429568201303,0.026898331940174103,0.0,0.10230431705713272,4.629417526302859e-05,0.03141076862812042,,,,
236,0.04241599515080452,0.0008753187307451283,26.198009077983443,0.2271258533000946,0.011698522605001926,0.011877985671162605,9.182716894429177e-05,1.6111202057800256e-05,0.00295721716247499,0.013947870582342148,0.0,0.08575746417045593,1.9941146092605777e-05,0.031656667590141296,,,,
237,0.05177927762269974,0.0008743092338709782,26.306139833992347,0.6788370013237,0.01409410871565342,0.014993339776992798,3.696162093547173e-05,6.514302367577329e-05,0.00347873754799366,0.01254425197839737,0.0,0.10146377980709076,0.0001439918705727905,0.03190113604068756,,,,
238,0.0444503054022789,0.0008732962894557116,26.41431991395075,0.16736844182014465,0.011280015110969543,0.012098705396056175,5.2185278036631644e-05,1.5798925232957117e-05,0.0024821683764457703,0.0127523522824049,0.0,0.136446014046669,3.9253594877664e-05,0.032140735536813736,,,,
239,0.042972322553396225,0.0008722799074966811,26.521585858950857,0.8919516205787659,0.012540210038423538,0.01151627954095602,0.00015851846546866,1.687938129180111e-05,0.0019528026459738612,0.019245197996497154,0.0,0.07021334767341614,8.036194776650518e-05,0.032388780266046524,,,,
240,0.04376759007573128,0.0008712600980251661,26.629447904997505,0.8483644723892212,0.011806516908109188,0.010880369693040848,3.1970055715646595e-05,0.00013842253247275949,0.003908980637788773,0.025211647152900696,0.0,0.10290001332759857,0.0006021688459441066,0.032626066356897354,,,,
241,0.046127840876579285,0.0008702368711062745,26.737960972997826,0.18259447813034058,0.012159213423728943,0.013888873159885406,5.6668242905288935e-05,3.234595351386815e-05,0.0036179337184876204,0.014699947088956833,0.0,0.06639444082975388,0.00029725272906944156,0.03287182375788689,,,,
242,0.04399283602833748,0.0008692102368388428,26.84647553996183,0.9632649421691895,0.011183562688529491,0.011947223916649818,0.00025742503930814564,2.608188515296206e-05,0.0032630900386720896,0.009720301255583763,0.0,0.0951080322265625,0.00015606178203597665,0.033111561089754105,,,,
243,0.04101625829935074,0.0008681802053553369,26.954488970979583,0.6235858201980591,0.012775048613548279,0.010374678298830986,3.947390359826386e-05,6.553460843861103e-05,0.002724131802096963,0.0210727546364069,0.0,0.07041759788990021,0.0006440427387133241,0.033361926674842834,,,,
244,0.0489761084318161,0.0008671467868217514,27.065225603990257,0.4447643458843231,0.012368893250823021,0.013672245666384697,6.143383507151157e-05,4.989986337022856e-05,0.006583815906196833,0.029926296323537827,0.0,0.09252339601516724,0.0001677917898632586,0.03360903635621071,,,,
245,0.04725153371691704,0.0008661099914375104,27.171733340946957,1.2886909246444702,0.014023475348949432,0.011699341237545013,0.00019001131295226514,1.8731872842181474e-05,0.003080804832279682,0.018086373805999756,0.0,0.11370225995779037,6.029765063431114e-05,0.03385600447654724,,,,
246,0.045266687870025635,0.0008650698294353655,27.280674724956043,1.0286359786987305,0.01199242565780878,0.01341209840029478,5.195794074097648e-05,0.00010364258196204901,0.0016073836013674736,0.014475014992058277,0.0,0.064808689057827,9.162682545138523e-05,0.0341232530772686,,,,
247,0.04708210751414299,0.0008640263110812959,27.391642537957523,0.3063174784183502,0.013405012898147106,0.013181224465370178,4.668525798479095e-05,2.2698564862366766e-05,0.0033480962738394737,0.019566133618354797,0.0,0.08868585526943207,2.8120419301558286e-05,0.034378115087747574,,,,
248,0.046007949858903885,0.0008629794466744064,27.498830372991506,0.8691564798355103,0.013291900977492332,0.01096030231565237,0.00020516617223620415,2.7628891984932125e-05,0.0020508170127868652,0.016235411167144775,0.0,0.13401933014392853,5.815804797748569e-06,0.03462575748562813,,,,
249,0.04492810741066933,0.0008619292465468258,27.60647512396099,0.4221701920032501,0.012744594365358353,0.01196887157857418,3.9727128751110286e-05,8.330365380970761e-05,0.0037402622401714325,0.017971811816096306,0.0,0.09601157903671265,0.00019579548097681254,0.03488960862159729,,,,
250,0.04611566662788391,0.0008608757210636058,27.715427094954066,0.7471628785133362,0.012370392680168152,0.013183139264583588,1.636965862417128e-05,0.0001028828410198912,0.006920401472598314,0.02029978111386299,0.0,0.06720265001058578,0.0004151797911617905,0.035158395767211914,21.65540517625324,30.379707698182933,5.229741293746704,1.6195121911217298
251,0.044185739010572433,0.0008598188806226174,27.841430811968166,1.5609155893325806,0.011534259654581547,0.01186622865498066,0.0002723399084061384,5.47063973499462e-05,0.004707765765488148,0.017382606863975525,0.0,0.07185780256986618,4.6592700527980924e-05,0.03542570024728775,,,,
252,0.04323258623480797,0.0008587587356544492,27.952626703947317,0.7479381561279297,0.011712782084941864,0.012242338620126247,4.629844261216931e-05,9.390825289301574e-05,0.002869979478418827,0.016435541212558746,0.0,0.06664323806762695,0.00047816106234677136,0.03568645194172859,,,,
253,0.04564352333545685,0.0008576952966223038,28.06325238099089,0.8006564378738403,0.012863568030297756,0.011844484135508537,3.1891584512777627e-05,8.042786794248968e-05,0.0037506313528865576,0.014435702003538609,0.0,0.11982008069753647,0.00030974706169217825,0.03594237193465233,,,,
254,0.04247809201478958,0.0008566285740218953,28.170901271980256,0.9854509830474854,0.013362282887101173,0.010561908595263958,0.0002212377730756998,4.0274899220094085e-05,0.00554113881662488,0.01575247198343277,0.0,0.06930284202098846,2.3196422262117267e-05,0.036219168454408646,,,,
255,0.04243318736553192,0.0008555585783813451,28.279311594960745,0.35940200090408325,0.011607427150011063,0.012003808282315731,6.31633447483182e-05,2.20560614252463e-05,0.002596608828753233,0.023411879315972328,0.0,0.06529548764228821,0.00019366882042959332,0.036489736288785934,,,,
256,0.04572422802448273,0.0008544853202610782,28.387904945993796,1.3853540420532227,0.01186761911958456,0.012625768780708313,9.36537398956716e-05,0.0002032071352005005,0.002444351790472865,0.014007124118506908,0.0,0.06864582002162933,0.0006444847676903009,0.03674961254000664,,,,
257,0.042478952556848526,0.0008534088102537189,28.49448879796546,0.8136241436004639,0.011017979122698307,0.012492647394537926,0.00017497273802291602,2.664554449438583e-05,0.004467708989977837,0.008103448897600174,0.0,0.06563951075077057,0.00010678702528821304,0.037003807723522186,,,,
258,0.04141455516219139,0.0008523290589839864,28.601697678968776,0.6203206181526184,0.011861573904752731,0.011476504616439342,0.00013850582763552666,1.7326789020444266e-05,0.0043699550442397594,0.01766161248087883,0.0,0.05810488387942314,0.00011448797886259854,0.03725225105881691,,,,
259,0.04487062245607376,0.0008512460771085899,28.70853221399011,0.8810736536979675,0.011515612713992596,0.012339494191110134,5.7822224334813654e-05,0.00014268122322391719,0.0016356902197003365,0.021026412025094032,0.0,0.07964803278446198,0.0004666798049584031,0.037484537810087204,,,,
260,0.04077760502696037,0.000850159875316123,28.81737164896913,0.18265876173973083,0.012745613232254982,0.010788912884891033,5.530693306354806e-05,3.222198211005889e-05,0.004820996895432472,0.018794551491737366,0.0,0.06533265113830566,0.00015402788994833827,0.03771532326936722,,,,
261,0.042393796145915985,0.0008490704643269592,28.92739717196673,1.3340833187103271,0.01023960206657648,0.011574719101190567,0.0002671414986252785,4.397705924930051e-05,0.0019857999868690968,0.013992156833410263,0.0,0.0869719535112381,8.519241418980528e-06,0.03794978931546211,,,,
262,0.04570750147104263,0.000847977854893145,29.04729396296898,1.603916883468628,0.013000191189348698,0.012783004902303219,5.8836893003899604e-05,0.00013913249131292105,0.00255994638428092,0.014639060012996197,0.0,0.0670376867055893,0.00017963012214750051,0.038189079612493515,,,,
263,0.04242446646094322,0.0008468820577982946,29.156946846982464,0.29394611716270447,0.012475320138037205,0.012384767644107342,8.003331458894536e-05,1.381845140713267e-05,0.00430901488289237,0.011971540749073029,0.0,0.05513620376586914,3.3238582545891404e-05,0.038434360176324844,,,,
264,0.046135514974594116,0.0008457830838574825,29.267849537951406,1.4252302646636963,0.012593955732882023,0.012767516076564789,0.00016687167226336896,2.4032144210650586e-05,0.004293135832995176,0.022259004414081573,0.0,0.07182803004980087,2.685373146960046e-05,0.0386766716837883,,,,
265,0.0479387566447258,0.0008446809439171382,29.37662294798065,1.3571068048477173,0.01152915321290493,0.013303495943546295,0.00010394732089480385,0.0002677945594768971,0.00532531226053834,0.010583646595478058,0.0,0.08793874830007553,0.0003246986889280379,0.03892162814736366,,,,
266,0.04721235856413841,0.0008435756488549379,29.48235082795145,0.4061296284198761,0.010793708264827728,0.014360825531184673,8.248685480793938e-05,2.5559300411259755e-05,0.003023420926183462,0.01754286140203476,0.0,0.09009396284818649,0.00016720651183277369,0.03916962444782257,,,,
267,0.049679774791002274,0.0008424672095796976,29.607625886972528,1.4131646156311035,0.012624832801520824,0.011704298667609692,0.00034343948937021196,9.411104110768065e-05,0.00514459703117609,0.009938497096300125,0.0,0.15875717997550964,4.248601908329874e-05,0.0394187830388546,,,,
268,0.044807761907577515,0.0008413556370312655,29.718888754956424,1.0073429346084595,0.01137927733361721,0.012719109654426575,3.4839635191019624e-05,0.00013310706708580256,0.0015991667751222849,0.007800706662237644,0.0,0.10070659220218658,0.0003757489612326026,0.03968697041273117,,,,
269,0.04421868175268173,0.0008402409421804138,29.82893294596579,0.6408294439315796,0.011290797963738441,0.01270169299095869,4.027169416076504e-05,0.00011138858826598153,0.005256866104900837,0.022616244852542877,0.0,0.056324899196624756,0.0006272283499129117,0.039957210421562195,,,,
270,0.04003818333148956,0.0008391231360287306,29.937940646952484,1.3474457263946533,0.010440340265631676,0.011455020867288113,0.0002404837287031114,4.364486085250974e-05,0.0017827656120061874,0.0206750500947237,0.0,0.03235990181565285,3.164848021697253e-05,0.04022607207298279,,,,
271,0.04408903047442436,0.0008380022296085116,30.052314847998787,0.7383630275726318,0.012866126373410225,0.012136190198361874,6.177740579005331e-05,4.981617530575022e-05,0.0031576640903949738,0.011059113778173923,0.0,0.08556576818227768,0.0002520301495678723,0.04047894850373268,,,,
272,0.04368649795651436,0.0008368782339826503,30.163202100957278,0.7732337117195129,0.011568333953619003,0.012575743719935417,4.789962258655578e-05,4.673496005125344e-05,0.001958229811862111,0.00997801311314106,0.0,0.0945294052362442,0.00015740841627120972,0.04074070230126381,,,,
273,0.042089588940143585,0.00083575116024453,30.273786721983925,1.2846667766571045,0.012215156108140945,0.010905246250331402,0.0002423695259494707,5.6391942052869126e-05,0.0033056552056223154,0.009021683596074581,0.0,0.07926304638385773,4.709183485829271e-06,0.041012953966856,,,,
274,0.04352325573563576,0.0008346210195179135,30.387606212985702,0.5733063817024231,0.012091265991330147,0.011665156111121178,3.550728433765471e-05,8.238812733907253e-05,0.006353618111461401,0.013211065903306007,0.0,0.10114586353302002,0.00018535510753281415,0.0412830151617527,,,,
275,0.037803441286087036,0.0008334878229568333,30.501592244952917,0.5559595227241516,0.010070029646158218,0.011454309336841106,3.318560993648134e-05,8.609796350356191e-05,0.0042913067154586315,0.014397608116269112,0.0,0.03777548670768738,4.729859938379377e-05,0.041559793055057526,19.955356615717864,28.064282522673203,4.059693804468974,1.084439869708686
276,0.042673442512750626,0.0008323515817454821,30.6326062969747,0.878749668598175,0.01113766711205244,0.01128681655973196,0.00019675718795042485,2.9866574550396763e-05,0.006815607659518719,0.021471597254276276,0.0,0.0830017477273941,1.60555136972107e-05,0.041821110993623734,,,,
277,0.044447507709264755,0.000831212307098102,30.743999681959394,1.069726824760437,0.012630358338356018,0.013467161916196346,2.9649381758645177e-05,3.1111776479519904e-05,0.0033400868996977806,0.016915440559387207,0.0,0.04328450188040733,0.0002103625884046778,0.0420781634747982,,,,
278,0.04191537946462631,0.0008300700102588737,30.857958772976417,0.27414795756340027,0.011597626842558384,0.011952484957873821,9.305430285166949e-05,2.6440131478011608e-05,0.009283074177801609,0.010504456236958504,0.0,0.071433886885643,8.92159587237984e-05,0.042325012385845184,,,,
279,0.03806091099977493,0.000828924702501806,30.966102143982425,0.48356127738952637,0.011299904435873032,0.010805578902363777,3.424484020797536e-05,6.53784882160835e-05,0.0030023204162716866,0.009866485372185707,0.0,0.054721929132938385,0.00023819139460101724,0.04257061704993248,,,,
280,0.040235456079244614,0.0008277763951306239,31.08285770198563,0.5783405900001526,0.010933944024145603,0.011590134352445602,2.177243550249841e-05,6.822717114118859e-05,0.003938593901693821,0.014645169489085674,0.0,0.06142479181289673,0.00044573930790647864,0.04282088205218315,,,,
281,0.04154020920395851,0.0008266250994786576,31.194913999992423,0.24891789257526398,0.011343668214976788,0.011225100606679916,5.008054358768277e-05,2.922310886788182e-05,0.00409060949459672,0.014880900271236897,0.0,0.10078689455986023,0.00017827744886744767,0.043060000985860825,,,,
282,0.043823979794979095,0.0008254708269087304,31.305002762994263,0.5114670991897583,0.011320658959448338,0.012023496441543102,8.387438720092177e-05,1.5920806617941707e-05,0.00211879750713706,0.01568150520324707,0.0,0.11232750117778778,0.00012459486606530845,0.043313682079315186,,,,
283,0.043399374932050705,0.0008243135888130465,31.41498808399774,0.49023497104644775,0.012155789881944656,0.01230187714099884,9.302356920670718e-05,8.913772035157308e-06,0.0017342990031465888,0.018445517867803574,0.0,0.0710361897945404,9.378423419548199e-05,0.043598368763923645,,,,
284,0.04191501438617706,0.0008231533966130789,31.52638284297427,0.3791894018650055,0.011611256748437881,0.012600166723132133,4.786760109709576e-05,4.318887658882886e-05,0.002071067923679948,0.016383130103349686,0.0,0.04642617702484131,8.58100174809806e-05,0.04387480020523071,,,,
285,0.03969632834196091,0.0008219902617594562,31.634040668956004,0.6090680956840515,0.011491390876471996,0.011993443593382835,2.8262660634936765e-05,5.3443822253029794e-05,0.0039782216772437096,0.009317031130194664,0.0,0.0433618389070034,5.813012467115186e-05,0.044148094952106476,,,,
286,0.035595037043094635,0.0008208241957318497,31.741999564983416,0.11793949455022812,0.010245559737086296,0.010205992497503757,3.3593587431823835e-05,2.4884389858925715e-05,0.004176737740635872,0.01784650608897209,0.0,0.044894322752952576,7.009386172285303e-05,0.04441540315747261,,,,
287,0.037664856761693954,0.0008196552100388604,31.852608114946634,0.581294596195221,0.010834917426109314,0.010693004354834557,9.88498140941374e-05,1.0689505870686844e-05,0.002801306080073118,0.012095202691853046,0.0,0.05551248788833618,0.00017865339759737253,0.044676266610622406,,,,
288,0.038444772362709045,0.000818483316217905,31.96562165400246,0.38463765382766724,0.011337771080434322,0.010717852041125298,6.92193498252891e-05,1.4522385754389688e-05,0.005267219617962837,0.01931077614426613,0.0,0.046849317848682404,0.00025204342091456056,0.04493425041437149,,,,
289,0.04129493236541748,0.0008173085258351027,32.07723742997041,0.21148689091205597,0.010388610884547234,0.011968585662543774,5.601410521194339e-05,2.6437348424224183e-05,0.002771367784589529,0.009960446506738663,0.0,0.09457316994667053,0.0002361739898333326,0.045187707990407944,,,,
290,0.04036172106862068,0.0008161308504851601,32.18923544394784,0.5932662487030029,0.009682436473667622,0.011462921276688576,1.7314312572125345e-05,7.549151632701978e-05,0.0042329393327236176,0.021181704476475716,0.0,0.08321608603000641,0.0002893237688113004,0.045438624918460846,,,,
291,0.03865111246705055,0.0008149503017912574,32.29998653795337,0.3133518099784851,0.010445071384310722,0.011550530791282654,3.1915442377794534e-05,2.7321060770191252e-05,0.00347853428684175,0.00501681212335825,0.0,0.07285083085298538,0.00014876696513965726,0.04570287466049194,,,,
292,0.043221864849328995,0.0008137668914049339,32.408467904955614,0.8906819820404053,0.011005056090652943,0.01180355530232191,0.00016743424930609763,3.1307041354011744e-05,0.0029999748803675175,0.01552885863929987,0.0,0.096745565533638,3.6160497984383255e-05,0.045957669615745544,,,,
293,0.04069816693663597,0.0008125806310059719,32.52099964796798,0.9239450097084045,0.011020753532648087,0.012035848572850227,4.0076694858726114e-05,0.000102478195913136,0.002790780272334814,0.009209913201630116,0.0,0.058255985379219055,0.0001605948491487652,0.04624065011739731,,,,
294,0.037132568657398224,0.000811391532302283,32.63214122195495,0.33103978633880615,0.011116797104477882,0.011299144476652145,7.122055103536695e-05,1.1270577488176059e-05,0.004168862942606211,0.008869427256286144,0.0,0.02795746549963951,5.2786010201089084e-05,0.046523675322532654,,,,
295,0.03962290659546852,0.0008101996070297912,32.742585587955546,1.0437225103378296,0.010932755656540394,0.010993092320859432,0.00017492100596427917,2.5974750315072015e-05,0.004230864346027374,0.009559128433465958,0.0,0.06919451057910919,2.103720726154279e-05,0.04678899422287941,,,,
296,0.04362775385379791,0.0008090048669523178,32.8522625019541,1.1044071912765503,0.010609148070216179,0.011099978350102901,7.848923996789381e-05,0.0002320505736861378,0.0067882658913731575,0.014682747423648834,0.0,0.10758361220359802,0.00047931866720318794,0.04706251621246338,,,,
297,0.0350244902074337,0.0008078073238614648,32.96606308600167,0.3482310473918915,0.010451874695718288,0.010216087102890015,4.960352089256048e-05,2.692479029064998e-05,0.004093789029866457,0.011511113494634628,0.0,0.03651047870516777,0.00014645277406089008,0.04738208279013634,,,,
298,0.04128327965736389,0.0008066069895764995,33.077909603947774,1.4487608671188354,0.01056601107120514,0.011279597878456116,0.0003555480798240751,8.215133857447654e-05,0.0039582750760018826,0.008208216167986393,0.0,0.054060980677604675,1.1603277016547509e-05,0.04769272729754448,,,,
299,0.0453353114426136,0.0008054038759442362,33.184594542952254,1.890810251235962,0.01111749280244112,0.011950775049626827,0.00010882611240958795,0.0003168862604070455,0.0026040319353342056,0.019228288903832436,0.0,0.060755979269742966,0.0009203036315739155,0.04801107943058014,,,,
300,0.04153741896152496,0.000804197994838921,33.295596533978824,1.2980172634124756,0.011501448228955269,0.01023520901799202,0.00022258904937189072,4.102065577171743e-05,0.0017447315622121096,0.019171476364135742,0.0,0.09666813164949417,4.333902325015515e-05,0.04832671210169792,19.69310354020817,27.787439717591486,2.051302689553013,1.6678888870992405
301,0.03850482776761055,0.0008029893581621136,33.429856372997165,0.13095347583293915,0.011361041106283665,0.011192302219569683,2.6291087124263868e-05,2.719037001952529e-05,0.0028580976650118828,0.014552177861332893,0.0,0.048144303262233734,0.00017037458019331098,0.048650112003088,,,,
302,0.0370342917740345,0.00080177797784257,33.540362047962844,0.8524003624916077,0.010278386063873768,0.010323728434741497,2.9465576517395675e-05,0.000110076907731127,0.002824935829266906,0.00880458578467369,0.0,0.0670928955078125,0.00028770306380465627,0.04896783456206322,,,,
303,0.04105520248413086,0.0008005638658361248,33.65409320796607,1.3117811679840088,0.010328857228159904,0.011217641644179821,0.0002459468669258058,5.948021134827286e-05,0.003016476519405842,0.017082367092370987,0.0,0.06630455702543259,1.3222568668425083e-05,0.049281515181064606,,,,
304,0.04407863691449165,0.0007993470341255734,33.76546873198822,1.153891921043396,0.010415405035018921,0.014712910167872906,4.815625288756564e-05,0.00011299303150735795,0.0026428899727761745,0.006720638833940029,0.0,0.033277787268161774,0.00010822445619851351,0.04959959164261818,,,,
305,0.036593202501535416,0.0007981274947205537,33.875004407949746,0.36173129081726074,0.011090398766100407,0.011197529733181,7.150597957661375e-05,1.0184599886997603e-05,0.005645612254738808,0.00836305320262909,0.0,0.022387273609638214,3.004271320605767e-06,0.04988971725106239,,,,
306,0.039056047797203064,0.000796905259657427,33.985080418002326,0.6341173052787781,0.011072727851569653,0.011196207255125046,7.13045010343194e-05,1.125684502767399e-05,0.0030703414231538773,0.011959592811763287,0.0,0.06641969829797745,4.467650069273077e-05,0.05015505850315094,,,,
307,0.04115871340036392,0.0007956803409991601,34.09438483900158,1.4923161268234253,0.01093347929418087,0.010432819835841656,5.980753849144094e-05,0.00019100427743978798,0.004315925762057304,0.018031179904937744,0.0,0.08204114437103271,0.0006800745613873005,0.05042795464396477,,,,
308,0.04284549504518509,0.0007944527508352057,34.20519717800198,1.9038300514221191,0.01107070967555046,0.011248467490077019,0.0003858651907648891,0.00010613961785566062,0.00297102821059525,0.008000371046364307,0.0,0.06566235423088074,7.539139915024862e-05,0.05070803314447403,,,,
309,0.03909850865602493,0.0007932225012813829,34.31810215499718,1.5967401266098022,0.009839717298746109,0.011799236759543419,5.5504606280010194e-05,0.00021652504801750183,0.003898764494806528,0.006370059214532375,0.0,0.03261991962790489,0.00042608630610629916,0.05099663883447647,,,,
310,0.03926454856991768,0.0007919896044797583,34.4298616820015,0.5604615807533264,0.009847606532275677,0.010419070720672607,9.550432878313586e-05,1.2661347682296764e-05,0.004645061679184437,0.01202472485601902,0.0,0.1094423308968544,0.0005390215665102005,0.05127786099910736,,,,
311,0.039266183972358704,0.0007907540725985256,34.54592788196169,0.5946911573410034,0.010785595513880253,0.010559817776083946,0.00011106879537692294,1.3751912774750963e-05,0.006349709816277027,0.007991885766386986,0.0,0.09061779081821442,0.0004136053321417421,0.05158020928502083,,,,
312,0.03654611110687256,0.0007895159178318857,34.655421681993175,0.9009118676185608,0.010599309578537941,0.010814378038048744,3.5497807402862236e-05,7.612402259837836e-05,0.003891667816787958,0.0062445360235869884,0.0,0.04048231244087219,0.0003067744546569884,0.05189909040927887,,,,
313,0.04016188532114029,0.000788275152399926,34.76430531300139,0.6844165325164795,0.01140232477337122,0.011395416222512722,0.00011352201545378193,1.470685310778208e-05,0.0021475094836205244,0.012204380705952644,0.0,0.06563564389944077,2.4629778636153787e-05,0.052214596420526505,,,,
314,0.03733649104833603,0.0007870317885485008,34.87702330597676,0.375422865152359,0.01007173117250204,0.011352255009114742,1.694859383860603e-05,2.8232845579623245e-05,0.0023659542202949524,0.0066899266093969345,0.0,0.06488488614559174,2.436423528706655e-05,0.05254286155104637,,,,
315,0.037375036627054214,0.000785785838549109,34.98958512296667,0.7109487056732178,0.01124480739235878,0.010249219834804535,5.0642989663174376e-05,7.407882367260754e-05,0.0045141372829675674,0.012819788418710232,0.0,0.05567891150712967,4.005850132671185e-05,0.05287697911262512,,,,
316,0.03809112682938576,0.0007845373146987742,35.10612204996869,1.0142029523849487,0.010549071244895458,0.010622499510645866,0.00016698852414265275,4.18693816754967e-05,0.002916162135079503,0.010349482297897339,0.0,0.05847399681806564,5.080524715594947e-05,0.053215235471725464,,,,
317,0.03964138776063919,0.0007832862293199228,35.2191625169944,0.9909878969192505,0.009852847084403038,0.011321542784571648,2.012809636653401e-05,7.688595360377803e-05,0.00576725322753191,0.01893807202577591,0.0,0.0738186314702034,0.00024867753381840885,0.053537361323833466,,,,
318,0.03713877126574516,0.0007820325947602623,35.32830430299509,0.6570630669593811,0.01109875924885273,0.010258673690259457,0.00012104721827199683,1.0909464435826521e-05,0.0048478757962584496,0.015451665967702866,0.0,0.042206618934869766,0.00025134682073257864,0.05385691300034523,,,,
319,0.0343119353055954,0.0007807764233926599,35.435883844969794,0.4781159460544586,0.010317260399460793,0.009053286164999008,2.116994437528774e-05,8.103452273644507e-05,0.004207830876111984,0.014717800542712212,0.0,0.04952266812324524,0.0006536009022966027,0.0541507825255394,,,,
320,0.03824478015303612,0.0007795177276150196,35.54730442794971,0.6873072385787964,0.009239783510565758,0.01041124202311039,3.882320015691221e-05,7.208377064671367e-05,0.006492395419627428,0.017246969044208527,0.0,0.0645260214805603,0.0017433848697692156,0.05444278195500374,,,,
321,0.03943402320146561,0.0007782565198501609,35.66856773098698,1.8076900243759155,0.010400373488664627,0.009954782202839851,0.0004276200197637081,0.00011208727664779872,0.007937289774417877,0.018379244953393936,0.0,0.027198346331715584,7.757832645438612e-05,0.05472753569483757,,,,
322,0.043817825615406036,0.000776992812545695,35.781071366975084,2.564781665802002,0.010431707836687565,0.010420425795018673,0.0002648266963660717,0.0004676738753914833,0.00355745037086308,0.01674245484173298,0.0,0.04855731502175331,0.0008852906757965684,0.05498574674129486,,,,
323,0.04142742231488228,0.0007757266181739029,35.90096087497659,2.4765360355377197,0.010713301599025726,0.010410609655082226,0.00039605930214747787,0.0001845902734203264,0.004485771991312504,0.010538889095187187,0.0,0.048703134059906006,0.00031782969017513096,0.05523963272571564,,,,
324,0.03604106605052948,0.0007744579492316118,36.01664524897933,1.9958484172821045,0.010086062364280224,0.009892277419567108,0.00016512535512447357,0.00023960792168509215,0.002564026275649667,0.006875486578792334,0.0,0.02109244465827942,0.00019723648438230157,0.05550578609108925,,,,
325,0.030965890735387802,0.000773186818240072,36.12276226899121,0.9345906972885132,0.00919587817043066,0.00927684549242258,0.00011297826858935878,2.3465734557248652e-05,0.0032589449547231197,0.006652177311480045,0.0,0.018911756575107574,2.2369793441612273e-05,0.05575816333293915,19.450431213103766,27.45853963604675,2.044013114477287,1.07531855832061
326,0.03209657594561577,0.0007719132377448333,36.27045322896447,0.45495545864105225,0.010426082648336887,0.00959794782102108,3.0127368518151343e-05,1.1003775398421567e-05,0.0025526867248117924,0.0071029444225132465,0.0,0.02229587733745575,5.4576237744186074e-05,0.055989451706409454,,,,
327,0.03826018050312996,0.000770637220315621,36.38787237199722,1.3793946504592896,0.010793336667120457,0.011119797825813293,5.4920321417739615e-05,0.00017980296979658306,0.002824697643518448,0.012146053835749626,0.0,0.02024395763874054,0.0004557634238153696,0.05621488764882088,,,,
328,0.04418850690126419,0.000769358778546212,36.49623345496366,2.0145976543426514,0.011167023330926895,0.011037459596991539,0.0004138551594223827,0.00017867510905489326,0.004690270870923996,0.004643016494810581,0.0,0.08331867307424545,0.0001000813499558717,0.05643397569656372,,,,
329,0.03894336149096489,0.0007680779250543103,36.60729233996244,1.7057812213897705,0.010726148262619972,0.011154191568493843,6.17289770161733e-05,0.00020106647571083158,0.0030117076821625233,0.008877980522811413,0.0,0.030088122934103012,0.0006813944200985134,0.0566939041018486,,,,
330,0.03407055139541626,0.0007667946724814228,36.72000843496062,0.556592583656311,0.00951794907450676,0.010153353214263916,7.77560198912397e-05,1.0357454812037759e-05,0.0019804025068879128,0.011116981506347656,0.0,0.034892208874225616,0.00035249057691544294,0.05694441869854927,,,,
331,0.03571806848049164,0.0007655090334927343,36.82508447999135,0.8971529603004456,0.010385074652731419,0.010627459734678268,0.0001153929260908626,1.2756447176798247e-05,0.0039245570078492165,0.009034275077283382,0.0,0.031602200120687485,5.960903217783198e-05,0.057201411575078964,,,,
332,0.0383467860519886,0.0007642210207769827,36.94485044799512,1.8073779344558716,0.00864212866872549,0.010500533506274223,0.00013929675333201885,0.0002818422217387706,0.0021758100483566523,0.009391807951033115,0.0,0.04868324473500252,0.0009526127250865102,0.057458069175481796,,,,
333,0.03688526898622513,0.0007629306470463337,37.05680132098496,1.7537399530410767,0.010093522258102894,0.010132981464266777,0.00028933907742612064,0.000114579735964071,0.0011979539413005114,0.014381565153598785,0.0,0.017282966524362564,6.665507680736482e-05,0.0577327162027359,,,,
334,0.035212595015764236,0.0007616379250362545,37.166596757946536,1.317322015762329,0.0103494543582201,0.010184367187321186,3.491156894597225e-05,7.662535790586844e-05,0.0018646861426532269,0.004255574196577072,0.0,0.05000557750463486,0.00030198058811947703,0.057982757687568665,,,,
335,0.03295432776212692,0.00076034286750539,37.275094978976995,0.3753034174442291,0.008880093693733215,0.009726147167384624,4.166691724094562e-05,1.2167615750513505e-05,0.0016480647027492523,0.007900554686784744,0.0,0.05835341662168503,0.00023523457639385015,0.058230575174093246,,,,
336,0.037640493363142014,0.0007590454872354349,37.38545062398771,0.6051037907600403,0.009784327819943428,0.011283982545137405,7.454064325429499e-05,1.2830091691284906e-05,0.0052963304333388805,0.012020914815366268,0.0,0.053324416279792786,0.0002228800003649667,0.058484915643930435,,,,
337,0.04062628746032715,0.0007577457970310089,37.490258814999834,1.12663733959198,0.009416683577001095,0.012170622125267982,5.693532875739038e-05,0.00010946414840873331,0.0030116138514131308,0.009190700016915798,0.0,0.07629072666168213,0.0002614241966512054,0.058749519288539886,,,,
338,0.036100659519433975,0.0007564438097195293,37.6005130399717,1.565382957458496,0.009856034070253372,0.009887746535241604,0.0002529376361053437,7.315596303669736e-05,0.004942714236676693,0.01594589464366436,0.0,0.024920916184782982,6.13849624642171e-05,0.05903881788253784,,,,
339,0.03624775633215904,0.0007551395381510855,37.70830018597189,1.4794182777404785,0.009466626681387424,0.010306194424629211,5.457644510897808e-05,0.00017263894551433623,0.0047916145995259285,0.007363352458924055,0.0,0.05331529676914215,0.0001955929328687489,0.059313032776117325,,,,
340,0.036242421716451645,0.0007538329951983111,37.81728316395311,1.2538877725601196,0.009323827922344208,0.010636850260198116,0.00016702531138435006,2.5938737962860614e-05,0.005436794366687536,0.01959139294922352,0.0,0.02831077203154564,9.133595085586421e-06,0.05960091948509216,,,,
341,0.03593314066529274,0.0007525241937562579,37.928666821972,0.9524360299110413,0.00929588545113802,0.010007746517658234,2.542409310990479e-05,0.00010524614481255412,0.006810368038713932,0.02156485617160797,0.0,0.04564927890896797,0.0004757194546982646,0.059873633086681366,,,,
342,0.03426467627286911,0.0007512131467422675,38.04061646095943,0.6131871938705444,0.009269515983760357,0.01079036295413971,9.788238094188273e-05,7.201307653303957e-06,0.003376980312168598,0.013585491105914116,0.0,0.013729175552725792,8.960240666056052e-05,0.060138553380966187,,,,
343,0.03299633413553238,0.0007498998670958446,38.14785974199185,0.18553601205348969,0.008861926384270191,0.010134182870388031,6.347116141114384e-05,3.122480120509863e-05,0.00972631387412548,0.004784306511282921,0.0,0.03533822298049927,0.0001270452921744436,0.06037874147295952,,,,
344,0.03275175392627716,0.0007485843677785294,38.25638621597318,0.7301269173622131,0.009768431074917316,0.009683061391115189,2.1223357180133462e-05,8.778137271292508e-05,0.003246865002438426,0.008484067395329475,0.0,0.016750212758779526,0.0006182633223943412,0.060627397149801254,,,,
345,0.038032446056604385,0.0007472666617737688,38.36366395797813,1.4165812730789185,0.009927758947014809,0.010831944644451141,0.00019385792256798595,3.473873221082613e-05,0.0036194506101310253,0.012943955138325691,0.0,0.049590468406677246,0.0001390828110743314,0.06086008995771408,,,,
346,0.03751751035451889,0.0007459467620867891,38.468226711964235,1.8854904174804688,0.00937851145863533,0.00941668264567852,8.138632256304845e-05,0.0002539836277719587,0.003055471694096923,0.01656598038971424,0.0,0.06222745031118393,0.0009700926602818072,0.06109558790922165,,,,
347,0.03603495657444,0.0007446246817444675,38.57627165399026,2.17472243309021,0.00910838134586811,0.009378324262797832,0.00039387313881888986,0.00018220915808342397,0.002526328433305025,0.007612413261085749,0.0,0.02886001393198967,1.7192916857311502e-05,0.06135138124227524,,,,
348,0.03885651379823685,0.0007433004337952032,38.68501508195186,2.392397165298462,0.0095685925334692,0.010658315382897854,0.00014024607662577182,0.0002484896103851497,0.0027447380125522614,0.009856975637376308,0.0,0.04381823539733887,0.000708489678800106,0.06160249933600426,,,,
349,0.03855230286717415,0.0007419740313087886,38.79300822195364,2.589085578918457,0.00956591498106718,0.00961275864392519,0.00031523359939455986,0.00019146047998219728,0.005719922948628664,0.018101196736097336,0.0,0.040687792003154755,0.0005015683709643781,0.06185508146882057,,,,
350,0.04057512432336807,0.0007406454873762811,38.900493514956906,2.623988151550293,0.009126146323978901,0.009464547969400883,0.0003017670242115855,0.0003999678301624954,0.005979496985673904,0.012426711618900299,0.0,0.06770659238100052,0.0005134453531354666,0.062113407999277115,18.8017530677368,26.151686256028587,5.53942192563627,3.93917381475761
351,0.040939927101135254,0.0007393148151098729,39.035707360948436,2.261375904083252,0.009724174626171589,0.009372364729642868,0.0002831413585226983,0.0002370133006479591,0.005957592278718948,0.015592946670949459,0.0,0.10448624193668365,0.00012561879702843726,0.06236989051103592,,,,
352,0.033496417105197906,0.0007379820276427619,39.1440540929907,1.2878403663635254,0.009944817051291466,0.009061451070010662,5.851480455021374e-05,7.773248216835782e-05,0.0038044978864490986,0.004565516021102667,0.0,0.06167474389076233,0.0002730707637965679,0.06263931095600128,,,,
353,0.02989540621638298,0.0007366471381290221,39.25253923999844,0.39223068952560425,0.008506323210895061,0.008434643968939781,6.176208262331784e-05,3.164611189276911e-05,0.004597493447363377,0.009486203081905842,0.0,0.03130010887980461,0.0007792956312187016,0.06291505694389343,,,,
354,0.03701276704668999,0.0007353101597434746,39.363093761960045,1.994999647140503,0.010600940324366093,0.009571541100740433,0.00024889642372727394,7.39936949685216e-05,0.0037890253588557243,0.009715273045003414,0.0,0.052452217787504196,0.0001930759899551049,0.06318613141775131,,,,
355,0.042382966727018356,0.0007339711056815561,39.478821703989524,3.18943452835083,0.008172983303666115,0.010071946308016777,0.0003289469750598073,0.0006669617141596973,0.005845868028700352,0.005223228130489588,0.0,0.04812643676996231,0.0008225906640291214,0.06347701698541641,,,,
356,0.04269813001155853,0.0007326299891591895,39.60115666495403,3.4918324947357178,0.00919656828045845,0.00945774745196104,0.0007521547377109528,0.0004254321102052927,0.004028404597193003,0.0033269624691456556,0.0,0.04060475900769234,0.000182058967766352,0.06378734856843948,,,,
357,0.04242555797100067,0.0007312868234126536,39.710246284957975,2.595848798751831,0.009785326197743416,0.011508695781230927,0.0001057480403687805,0.00031050422694534063,0.001809583161957562,0.014537174254655838,0.0,0.05471128225326538,0.0011164465686306357,0.06411533802747726,,,,
358,0.030534494668245316,0.000729941621698452,39.82333592994837,0.6505106091499329,0.009238805621862411,0.008859822526574135,8.459671516902745e-05,1.5540324966423213e-05,0.0036450494080781937,0.009132797829806805,0.0,0.026440979912877083,9.264520485885441e-05,0.0644470751285553,,,,
359,0.033189013600349426,0.0007285943972931825,39.9292649209965,1.5214537382125854,0.010429092682898045,0.008671834133565426,0.00013112626038491726,3.048989674425684e-05,0.005667264573276043,0.009704530239105225,0.0,0.04402689263224602,0.0002801555674523115,0.06477627158164978,,,,
360,0.04017351195216179,0.0007272451634934059,40.040351720002946,2.9685020446777344,0.008741186931729317,0.00919270422309637,0.00031653919722884893,0.0006086287903599441,0.0038925069384276867,0.014335625804960728,0.0,0.020400555804371834,0.0010819179005920887,0.06510144472122192,,,,
361,0.03999980166554451,0.0007258939336155157,40.15218913095305,2.931879758834839,0.010157637298107147,0.009622766636312008,0.0005566161125898361,0.0003065702912863344,0.0028508976101875305,0.0034099151380360126,0.0,0.022495530545711517,0.0002910330949816853,0.06542205810546875,,,,
362,0.03272629901766777,0.0007245407209956044,40.26522964099422,1.2002967596054077,0.009740201756358147,0.009458493441343307,4.0218546928372234e-05,8.812694431981072e-05,0.003355182707309723,0.009443939663469791,0.0,0.030502397567033768,8.267536031780764e-05,0.0657053217291832,,,,
363,0.03527623042464256,0.0007231855389893349,40.37682510400191,1.1677451133728027,0.009409258142113686,0.01041625440120697,6.330430187517777e-05,0.00012892496306449175,0.004135682247579098,0.008826576173305511,0.0,0.03460611402988434,0.00022643715783488005,0.06598478555679321,,,,
364,0.03463791310787201,0.0007218284009718065,40.48918979096925,2.311530590057373,0.009261613711714745,0.009089450351893902,0.0003875361289829016,0.00012875572429038584,0.002088797278702259,0.00763026624917984,0.0,0.02067761868238449,6.688850407954305e-05,0.06625207513570786,,,,
365,0.03476492688059807,0.0007204693203374231,40.605206423962954,1.8872148990631104,0.008850879035890102,0.008998263627290726,8.111722854664549e-05,0.00024536557612009346,0.0029638519044965506,0.016649309545755386,0.0,0.02186143398284912,0.0016799952136352658,0.06650269776582718,,,,
366,0.031482379883527756,0.0007191083104997624,40.71859461098211,0.4626788794994354,0.00880630686879158,0.009602701291441917,9.795861842576414e-05,8.074719517026097e-06,0.005519269499927759,0.005546756088733673,0.0,0.024757685139775276,0.00027506944024935365,0.06674540787935257,,,,
367,0.035783980041742325,0.0007177453848914415,40.832878365996294,1.7073110342025757,0.009399599395692348,0.009263376705348492,0.00023219219292514026,6.750188185833395e-05,0.003808950539678335,0.02446623519062996,0.0,0.04187311977148056,6.298735388554633e-05,0.06697128713130951,,,,
368,0.03745197132229805,0.0007163805569639864,40.94424873997923,2.886752128601074,0.008545957505702972,0.009188339114189148,0.00022926213569007814,0.0004192740598227829,0.003300437703728676,0.01577375829219818,0.0,0.013705851510167122,0.0015490897931158543,0.06719012558460236,,,,
369,0.03588056191802025,0.0007150138401876973,41.05244713195134,2.381207227706909,0.010126486420631409,0.008760293014347553,0.00028536299942061305,0.00013377208961173892,0.004600020125508308,0.012312592007219791,0.0,0.04919028654694557,5.3969561122357845e-05,0.06739496439695358,,,,
370,0.03255250304937363,0.0007136452480515175,41.16388394095702,0.5876246094703674,0.009119194932281971,0.010151397436857224,1.3520397260435857e-05,2.6010362489614636e-05,0.0025749318301677704,0.010690807364881039,0.0,0.027203693985939026,0.00010959215433103964,0.06760656833648682,,,,
371,0.030225133523344994,0.0007122747940628984,41.27763943898026,1.2395135164260864,0.00871881004422903,0.008441364392638206,3.609550549299456e-05,8.417268691118807e-05,0.00462725106626749,0.012080010026693344,0.0,0.034162115305662155,0.0002056289667962119,0.06781303137540817,,,,
372,0.03289594128727913,0.0007109024917476679,41.38839272398036,1.972021222114563,0.01007683016359806,0.00828088354319334,0.00020143293659202754,0.00011642692697932944,0.004847668576985598,0.01359461434185505,0.0,0.026956722140312195,6.10365386819467e-05,0.06802777200937271,,,,
373,0.0333184115588665,0.0007095283546498957,41.50151528499555,1.5218623876571655,0.009503508917987347,0.009421287104487419,6.033654426573776e-05,0.00014860174269415438,0.0026978019159287214,0.009798923507332802,0.0,0.02717765048146248,0.0003410426143091172,0.06823837012052536,,,,
374,0.028992047533392906,0.00070815239633176,41.61395956994966,0.3148462176322937,0.008198074996471405,0.008444405160844326,3.446092887315899e-05,1.425621121597942e-05,0.003808017121627927,0.01837967336177826,0.0,0.014821972697973251,0.0005800903309136629,0.06843382120132446,,,,
375,0.029960546642541885,0.0007067746303734145,41.723181989975274,1.3004604578018188,0.008100501261651516,0.008528223261237144,0.0001346260542050004,3.2901974918786436e-05,0.006522458046674728,0.012606821954250336,0.0,0.02780989371240139,8.240234456025064e-05,0.06861606240272522,17.812234782431126,24.933662706544236,2.656597020963708,4.320908714445867
376,0.03160125017166138,0.0007053950703728524,41.85615213797428,2.0330405235290527,0.007942108437418938,0.008902870118618011,9.332343324786052e-05,0.00021912714873906225,0.0035709512885659933,0.004403420723974705,0.0,0.02645951695740223,0.0007182423723861575,0.06878703832626343,,,,
377,0.03152470290660858,0.0007040137299457742,41.96658739296254,1.100872278213501,0.00844545103609562,0.008511357009410858,0.0001495614997111261,4.074400567333214e-05,0.004991218447685242,0.00800449401140213,0.0,0.049181245267391205,0.0005754494341090322,0.06895922869443893,,,,
378,0.029139496386051178,0.000702630622725452,42.077421742957085,0.8603973984718323,0.008748811669647694,0.008316680788993835,7.479296618839726e-05,1.6919068002607673e-05,0.008391481824219227,0.0068986848928034306,0.0,0.02778666652739048,0.00027227296959608793,0.06915421038866043,,,,
379,0.03501565009355545,0.0007012457623625962,42.18492436199449,2.2128748893737793,0.00824296660721302,0.009191147051751614,0.0001627504825592041,0.0002873466000892222,0.0032966667786240578,0.009510052390396595,0.0,0.04098668321967125,0.000654911040328443,0.06933388859033585,,,,
380,0.034022748470306396,0.0006998591625252189,42.296921737957746,2.3181512355804443,0.008904322050511837,0.009230359457433224,0.00026188179617747664,0.000108046704553999,0.007149328012019396,0.00799501035362482,0.0,0.03300553560256958,8.165111648850143e-05,0.06952889263629913,,,,
381,0.0324280820786953,0.0006984708368985012,42.41034860198852,1.701616883277893,0.008954321034252644,0.009789763018488884,3.7140805943636224e-05,9.104338096221909e-05,0.004994305316358805,0.007188043557107449,0.0,0.021078821271657944,0.0005201910971663892,0.06974280625581741,,,,
382,0.03297542408108711,0.0006970807991846562,42.52140095899813,0.8048142790794373,0.008545467630028725,0.009923294186592102,7.254613592522219e-05,1.2883683666586876e-05,0.004732334986329079,0.0069131264463067055,0.0,0.049472831189632416,0.0002575512626208365,0.06994695961475372,,,,
383,0.03161007538437843,0.000695689063102795,42.633440490986686,0.33564478158950806,0.009195229038596153,0.00879898201674223,2.408327054581605e-05,4.2268897232133895e-05,0.004676429554820061,0.010214237496256828,0.0,0.05335913226008415,0.00016000369214452803,0.07015392929315567,,,,
384,0.02936483919620514,0.000694295642388791,42.74204215797363,0.224386066198349,0.008700056932866573,0.008500943891704082,2.5633442419348285e-05,2.701132689253427e-05,0.007646934129297733,0.006721261888742447,0.0,0.03410543128848076,0.0003063275362364948,0.07037588953971863,,,,
385,0.028994375839829445,0.0006929005507951441,42.85333414596971,0.34517377614974976,0.00909405667334795,0.008062437176704407,6.629765266552567e-05,1.4129895134828985e-05,0.004502987954765558,0.008441576734185219,0.0,0.0271918885409832,0.00047167332377284765,0.0705951526761055,,,,
386,0.02770921401679516,0.0006915038020908449,42.96229953400325,0.296783983707428,0.0081942118704319,0.007857411168515682,6.83527032379061e-05,1.3855609722668305e-05,0.0068015847355127335,0.013717912137508392,0.0,0.015098189935088158,0.0004404903156682849,0.07082490622997284,,,,
387,0.02974206581711769,0.0006901054100612394,43.074414090951905,0.2454666942358017,0.007648916449397802,0.009342633187770844,1.4647567695647012e-05,4.109449218958616e-05,0.00514498446136713,0.01190447062253952,0.0,0.026014111936092377,3.1016366847325116e-05,0.07104283571243286,,,,
388,0.02730635181069374,0.0006887053885078925,43.1883647259674,0.2250717729330063,0.008091985248029232,0.00768935214728117,3.2033054594649e-05,3.42309613188263e-05,0.004661373794078827,0.011063807643949986,0.0,0.030897077172994614,0.00021745535195805132,0.07126415520906448,,,,
389,0.029244232922792435,0.0006873037512484514,43.298840246978216,0.7000283598899841,0.008808648213744164,0.00761957373470068,4.707174957729876e-05,1.1079430805693846e-05,0.006132019218057394,0.015130074694752693,0.0,0.05059835687279701,0.0001938959612743929,0.0715031549334526,,,,
390,0.02801203541457653,0.0006859005121165104,43.41090398799861,1.1043556928634644,0.007381748408079147,0.00820116512477398,3.382530121598393e-05,7.381408795481548e-05,0.003897386370226741,0.005405478645116091,0.0,0.04359094798564911,0.00016485279775224626,0.07174613326787949,,,,
391,0.03271515667438507,0.0006844956849614727,43.520591810985934,0.8205462098121643,0.00942851323634386,0.009105485863983631,0.00013200330431573093,2.1130050299689174e-05,0.005386102478951216,0.008012136444449425,0.0,0.04268663004040718,0.0002674889983609319,0.07199720293283463,,,,
392,0.02760780043900013,0.0006830892836484155,43.6280858409591,0.5787315964698792,0.008036834187805653,0.0075585320591926575,6.581613706657663e-05,1.2661747859965544e-05,0.0035536624491214752,0.015641117468476295,0.0,0.02678212895989418,0.0005159753491170704,0.07224871218204498,,,,
393,0.03177214041352272,0.000681681322057952,43.73310064995894,1.4633103609085083,0.00788281112909317,0.008444782346487045,8.994434028863907e-05,0.00020195210527163,0.005370482336729765,0.011006335727870464,0.0,0.04382004216313362,0.00044814779539592564,0.07249089330434799,,,,
394,0.029341544955968857,0.0006802718140860947,43.84231714298949,1.7602661848068237,0.007820652797818184,0.007664605043828487,0.00016715546371415257,6.561355257872492e-05,0.004229261539876461,0.007736260071396828,0.0,0.05428878217935562,9.169700933853164e-05,0.07277052849531174,,,,
395,0.0330282561480999,0.0006788607736441179,43.96179787896108,1.8377996683120728,0.008726026862859726,0.009119555354118347,3.5539014788810164e-05,0.00010304544412065297,0.007205325178802013,0.010936987586319447,0.0,0.054039280861616135,0.00044828865793533623,0.07305534183979034,,,,
396,0.03086874820291996,0.0006774482146584213,44.07248364796396,1.7425144910812378,0.008412283845245838,0.008326591923832893,0.00021262886002659798,8.020844688871875e-05,0.006124384701251984,0.01390482485294342,0.0,0.018212951719760895,0.00019420988974161446,0.07334845513105392,,,,
397,0.03269065544009209,0.0006760341510703923,44.189782143977936,1.7792773246765137,0.008744951337575912,0.009210331365466118,8.60300351632759e-05,0.0002066926535917446,0.004229103680700064,0.010200489312410355,0.0,0.011750927194952965,0.0007051522261463106,0.07361006736755371,,,,
398,0.029820159077644348,0.0006746185968362667,44.306866371945944,1.8608776330947876,0.008603704161942005,0.008664382621645927,0.000144437508424744,3.420728899072856e-05,0.006084793247282505,0.00926917977631092,0.0,0.013225823640823364,0.0001349594967905432,0.07383482903242111,,,,
399,0.028235862031579018,0.0006732015659269941,44.4220555559732,1.8625425100326538,0.0074221245013177395,0.008028264157474041,4.9986643716692924e-05,0.00018346843717154115,0.007100708782672882,0.008828826248645782,0.0,0.013952917419373989,0.00041306338971480727,0.07402931153774261,,,,
400,0.029457304626703262,0.000671783072328097,44.53953815996647,1.8046199083328247,0.008450665511190891,0.0071626706048846245,0.0002802810340654105,0.00010985603876179084,0.004168003331869841,0.009901299141347408,0.0,0.01575436256825924,0.0007194809149950743,0.07419858872890472,16.112162028500208,22.641696074301993,1.8307207203721012,3.1245352186287234
401,0.031007353216409683,0.0006703631300395349,44.68462243297836,1.5278310775756836,0.007988622412085533,0.00919165275990963,3.0782648536842316e-05,0.00010918123734882101,0.0098912063986063,0.00942334346473217,0.0,0.027338694781064987,0.0003576128510758281,0.07434621453285217,,,,
402,0.030012916773557663,0.0006689417530755646,44.80115437298082,1.074550986289978,0.008328964933753014,0.007911454886198044,9.240582585334778e-05,2.0860516087850556e-05,0.00970842968672514,0.011969120241701603,0.0,0.03625676408410072,0.001158717554062605,0.07448825985193253,,,,
403,0.026932433247566223,0.0006675189554646032,44.920672235952225,0.5339676737785339,0.007660406641662121,0.007855819538235664,3.0374591005966067e-05,3.121521876892075e-05,0.004549206234514713,0.01353137381374836,0.0,0.012140119448304176,0.0006822325522080064,0.07465285062789917,,,,
404,0.02670757658779621,0.0006660947512490885,45.03962503996445,0.5879541635513306,0.007971595041453838,0.0074371229857206345,1.9727991457330063e-05,2.1104027837282047e-05,0.0037044603377580643,0.008195778355002403,0.0,0.040789466351270676,0.00033434698707424104,0.07479310035705566,,,,
405,0.02704642526805401,0.0006646691544853414,45.158327827986795,1.378167748451233,0.007777952589094639,0.00761649152263999,8.4681436419487e-05,9.803897410165519e-05,0.005639615934342146,0.008816373534500599,0.0,0.01067792996764183,0.0004358213336672634,0.07495071738958359,,,,
406,0.030414855107665062,0.0006632421792434262,45.27723792899633,1.8326324224472046,0.008805539458990097,0.007658893242478371,0.00010480580385774374,0.00010691451461752877,0.007635721005499363,0.012841410003602505,0.0,0.03749785199761391,0.0005584132741205394,0.07509229332208633,,,,
407,0.034081894904375076,0.0006618138396070123,45.40418456995394,2.974381685256958,0.008303733542561531,0.009598328731954098,0.00016096678155008703,0.00015681909280829132,0.004311633761972189,0.011408176273107529,0.0,0.027248619124293327,0.0006095777498558164,0.07523452490568161,,,,
408,0.04649822413921356,0.0006603841496732357,45.521589908981696,5.1735100746154785,0.009181704372167587,0.007642839103937149,0.000629069865681231,0.0008001007954590023,0.007662459742277861,0.017366701737046242,0.0,0.02831305004656315,0.00412832060828805,0.07536537200212479,,,,
409,0.07351367175579071,0.0006589531235525585,45.63829741399968,7.922385215759277,0.010175586678087711,0.009297204203903675,0.002048688940703869,0.00198593782261014,0.0037938326131552458,0.012667540460824966,0.0,0.014400536194443703,0.0021454356610774994,0.0755031481385231,,,,
410,0.03015819750726223,0.0006575207753686309,45.753397215972655,1.1464405059814453,0.008159764111042023,0.009133287705481052,7.481613283744082e-05,3.850487701129168e-05,0.006420781835913658,0.0035458265338093042,0.0,0.03258316218852997,0.00021824418217875063,0.07562269270420074,,,,
411,0.061582621186971664,0.0006560871192581513,45.87088726495858,6.942687034606934,0.008356555365025997,0.008941857144236565,0.0011245488421991467,0.0015984408091753721,0.005252751521766186,0.02359987050294876,0.0,0.013115166686475277,0.004758333321660757,0.07574022561311722,,,,
412,0.0492468997836113,0.0006546521693707266,45.99307258799672,5.466589450836182,0.012567605823278427,0.011462467722594738,0.0006047139759175479,0.00044095490011386573,0.005152583122253418,0.009479789063334465,0.0,0.01547989621758461,0.001242217025719583,0.07585155218839645,,,,
413,0.029098212718963623,0.0006532159398687327,46.11097953998251,2.0371007919311523,0.0074744452722370625,0.007580579724162817,0.00012718989455606788,0.0002586523478385061,0.007585377432405949,0.008501121774315834,0.0,0.02196892723441124,0.00020039852824993432,0.07595822960138321,,,,
414,0.03017587773501873,0.0006517784449271755,46.229578188969754,1.704712152481079,0.008365843445062637,0.009314550086855888,2.796556509565562e-05,9.003388549899682e-05,0.0050001018680632114,0.010244629345834255,0.0,0.011748094111680984,6.299602682702243e-05,0.07607076317071915,,,,
415,0.03931944817304611,0.0006503396987335492,46.34730213700095,4.239339828491211,0.00859096646308899,0.007582902908325195,0.0008266973309218884,0.00038102694088593125,0.005721096880733967,0.006953885313123465,0.0,0.045116111636161804,0.0001720147265587002,0.0761696919798851,,,,
416,0.04185231775045395,0.000648899715487698,46.46250052796677,4.2425713539123535,0.008344028145074844,0.007623620331287384,0.00033355513005517423,0.000793845159932971,0.004429946653544903,0.015437804162502289,0.0,0.05476849898695946,0.002407061168923974,0.07628186047077179,,,,
417,0.02700415439903736,0.0006474585094016755,46.57742402295116,1.122599720954895,0.007802732288837433,0.007187502458691597,0.00015445970348082483,1.7801023204810917e-05,0.009845135733485222,0.01479395292699337,0.0,0.019833123311400414,6.408589251805097e-05,0.07641730457544327,,,,
418,0.032118260860443115,0.0006460160946996036,46.693089751002844,2.7127065658569336,0.008124144747853279,0.007273837924003601,0.00042074074735864997,0.0001400749897584319,0.006930377800017595,0.01341897714883089,0.0,0.03961174562573433,9.27198416320607e-05,0.07655973732471466,,,,
419,0.03681211918592453,0.0006445724856175332,46.81053688394604,3.574852705001831,0.007768460549414158,0.008059338666498661,0.00028160991496406496,0.0006181549397297204,0.0052658505737781525,0.015975426882505417,0.0,0.015272763557732105,0.0012261527590453625,0.07670282572507858,,,,
420,0.02664288505911827,0.000643127696403303,46.932382229948416,0.6548611521720886,0.007990898564457893,0.007254042662680149,8.553635416319594e-05,1.4928860764484853e-05,0.005911714397370815,0.01227382943034172,0.0,0.026716012507677078,0.00020364581723697484,0.07683441042900085,,,,
421,0.032733481377363205,0.0006416817413163997,47.05669509497238,2.9135124683380127,0.008809658698737621,0.007426045835018158,0.00041119064553640783,0.0002422738471068442,0.006372766103595495,0.010676635429263115,0.0,0.016948522999882698,0.00022638964583165944,0.07696928828954697,,,,
422,0.03543552756309509,0.0006402346346278156,47.18043306499021,2.901346206665039,0.008462420664727688,0.009302733466029167,0.000244154070969671,0.00034816580591723323,0.0029348344542086124,0.013804306276142597,0.0,0.01508828904479742,8.574761886848137e-05,0.07709898799657822,,,,
423,0.02519078552722931,0.00063878639061991,47.30080296198139,0.6489393711090088,0.007576043717563152,0.0070627606473863125,3.5022028896491975e-05,4.3853837269125506e-05,0.0047724200412631035,0.013171566650271416,0.0,0.0161181278526783,0.0002615596167743206,0.07721872627735138,,,,
424,0.036585237830877304,0.0006373370235862664,47.41805643396219,3.2170183658599854,0.009362686425447464,0.008991111069917679,0.0003884382313117385,0.0002583911409601569,0.008162164129316807,0.006936527322977781,0.0,0.02511064149439335,0.0003374141233507544,0.07733113318681717,,,,
425,0.02996811643242836,0.0006358865478315523,47.54802816797746,2.044635534286499,0.008337539620697498,0.007912205532193184,9.871354268398136e-05,0.00017542832938488573,0.006932288408279419,0.007431378588080406,0.0,0.017747174948453903,0.0010101734660565853,0.0774637907743454,16.312935336916638,22.951679304404173,1.9116992306364606,2.6895496821677303
426,0.02860698290169239,0.0006344349776713777,47.68856625800254,1.4864375591278076,0.00833601038902998,0.007889209315180779,2.965624662465416e-05,7.315111724892631e-05,0.0015658272895962,0.006472427397966385,0.0,0.03813394159078598,0.000754642067477107,0.07760772109031677,,,,
427,0.034226194024086,0.0006329823274321542,47.808325375954155,2.9668514728546143,0.008030000142753124,0.007702381815761328,0.0004423207137733698,0.0002443979028612375,0.009609588421881199,0.00844536628574133,0.0,0.04299508035182953,0.0003717161307577044,0.0777570977807045,,,,
428,0.029157625511288643,0.0006315286114509533,47.92748473898973,1.1542322635650635,0.007720419205725193,0.007723608519881964,2.256476363982074e-05,8.25167735456489e-05,0.004089892376214266,0.01694219931960106,0.0,0.021606480702757835,0.0018822189886122942,0.07791461050510406,,,,
429,0.029193241149187088,0.0006300738440753645,48.04563587997109,1.5290300846099854,0.007995580323040485,0.007337773218750954,6.536054570460692e-05,0.00013346786727197468,0.006917636841535568,0.015213889069855213,0.0,0.04089019075036049,0.0005439714877866209,0.07808081060647964,,,,
430,0.0321313813328743,0.0006286180396633549,48.16074981197016,2.137413263320923,0.008361204527318478,0.008623635396361351,0.00020085855794604868,0.00013056174793746322,0.007092687301337719,0.006453658454120159,0.0,0.03497760742902756,0.00038155107176862657,0.0782669261097908,,,,
431,0.026975451037287712,0.0006271612125831259,48.28063699096674,0.3847337067127228,0.007857794873416424,0.00809662789106369,2.1201840354478918e-05,1.3792459867545404e-05,0.003264626720920205,0.004549194127321243,0.0,0.031527530401945114,0.00030147741199471056,0.07845112681388855,,,,
432,0.031406935304403305,0.0006257033772129731,48.400508481950965,2.17914080619812,0.009574654512107372,0.007924860343337059,0.00010790852684294805,0.00016970050637610257,0.007114539388567209,0.015056106261909008,0.0,0.02194286324083805,0.0001693563535809517,0.07862966507673264,,,,
433,0.030076023191213608,0.0006242445479411426,48.51691405498423,2.0872459411621094,0.008527829311788082,0.007922057062387466,0.00012335972860455513,7.385747449006885e-05,0.003980700857937336,0.014655256643891335,0.0,0.02058536186814308,0.0009592819260433316,0.07879769057035446,,,,
434,0.026609785854816437,0.0006227847391656907,48.63574633997632,0.5091564059257507,0.008391804061830044,0.007052155211567879,2.287313327542506e-05,3.1262268748832867e-05,0.0051607959903776646,0.015310842543840408,0.0,0.030448440462350845,0.0001818061718950048,0.07896429300308228,,,,
435,0.03001180663704872,0.0006213239652943405,48.750241551955696,1.8944774866104126,0.00752276973798871,0.008429227396845818,5.574546958087012e-05,0.0002509903279133141,0.006240412127226591,0.013023704290390015,0.0,0.008636347949504852,0.0004378844751045108,0.07913267612457275,,,,
436,0.028217801824212074,0.0006198622407443405,48.86936076299753,1.063348650932312,0.007577762473374605,0.007544147782027721,0.00021063946769572794,2.1851452402188443e-05,0.004015210550278425,0.007408271078020334,0.0,0.03877277672290802,0.00026732965488918126,0.07927814871072769,,,,
437,0.026596207171678543,0.0006183995799423215,48.995653124002274,1.1866365671157837,0.007722225971519947,0.0065932497382164,0.0002641234314069152,2.7930529540753923e-05,0.008110426366329193,0.008368692360818386,0.0,0.016890874132514,0.0006005602772347629,0.07944794744253159,,,,
438,0.030544761568307877,0.0006169359973241556,49.11421565100318,1.8668628931045532,0.007338021416217089,0.007826155982911587,1.975165469048079e-05,0.00018376854131929576,0.012555627152323723,0.01705782674252987,0.0,0.029875611886382103,0.0016122715314850211,0.07960877567529678,,,,
439,0.029497453942894936,0.0006154715073348123,49.23321576497983,0.8353257179260254,0.007969111204147339,0.008371597155928612,5.736535968026146e-05,1.646412056288682e-05,0.010867949575185776,0.014981892891228199,0.0,0.030845042318105698,0.00038323854096233845,0.07977622747421265,,,,
440,0.0272768996655941,0.0006140061244282163,49.34988648898434,1.437039852142334,0.008182370103895664,0.007386231794953346,0.00011182835442014039,1.5143445125431754e-05,0.007069123908877373,0.011390071362257004,0.0,0.0285248551517725,5.3680967539548874e-05,0.07996057718992233,,,,
441,0.028687983751296997,0.0006125398630671055,49.46464649098925,1.7092492580413818,0.008334227837622166,0.007419023662805557,0.00011177258420502767,0.0001488637935835868,0.0048691704869270325,0.010652616620063782,0.0,0.026173923164606094,0.00021178471797611564,0.08014622330665588,,,,
442,0.025553524494171143,0.0006110727377228873,49.58635827898979,0.5977016091346741,0.007604121696203947,0.007706434931606054,5.6081305956467986e-05,1.590606916579418e-05,0.0038109184242784977,0.009082086384296417,0.0,0.010639553889632225,0.00010560155351413414,0.08032667636871338,,,,
443,0.02744043432176113,0.0006096047628754967,49.707199689000845,1.5379992723464966,0.007664173375815153,0.007084175944328308,0.00013232670607976615,0.00011025784624507651,0.006964573170989752,0.010634568519890308,0.0,0.028805147856473923,0.0002496312081348151,0.08048947155475616,,,,
444,0.025187529623508453,0.0006081359530132532,49.82670579798287,1.2029341459274292,0.0072441850788891315,0.00724073825404048,6.701165693812072e-05,8.46561961225234e-05,0.006809445098042488,0.006975430063903332,0.0,0.015008690766990185,7.608684245496988e-05,0.08065297454595566,,,,
445,0.028023473918437958,0.0006066663226327166,49.947238650987856,0.7430043816566467,0.0077538336627185345,0.008333996869623661,3.554905197233893e-05,5.676400905940682e-05,0.004966968670487404,0.00827949121594429,0.0,0.02583899348974228,0.0002294641308253631,0.08080363273620605,,,,
446,0.02520000748336315,0.0006051958862385455,50.064393170992844,0.9659121036529541,0.007604875601828098,0.007547273300588131,7.866378291510046e-05,1.267035895580193e-05,0.007976815104484558,0.00597268296405673,0.0,0.007252609357237816,0.0001475363678764552,0.08096691220998764,,,,
447,0.024866877123713493,0.0006037246583433539,50.177448167989496,1.0254919528961182,0.006742319092154503,0.00719574186950922,4.1623596189310774e-05,3.654468309832737e-05,0.0044761826284229755,0.009116745553910732,0.0,0.01646837219595909,0.0009113750420510769,0.08111134171485901,,,,
448,0.024153295904397964,0.0006022526534675668,50.293547505978495,0.5376926064491272,0.007601599674671888,0.006394091062247753,8.544977754354477e-05,2.214175765402615e-05,0.01018697302788496,0.009469154290854931,0.0,0.01278865896165371,0.000510656216647476,0.08124611526727676,,,,
449,0.028243979439139366,0.000600779886139278,50.41110543999821,0.3844555914402008,0.007507808040827513,0.007651585154235363,4.868098039878532e-05,1.6997895727399737e-05,0.005561811849474907,0.015595803037285805,0.0,0.02426121011376381,0.0016441147308796644,0.08136576414108276,,,,
450,0.024247106164693832,0.0005993063708941068,50.526894808979705,0.6049371361732483,0.006923766806721687,0.006572601851075888,1.0640709660947323e-05,3.1137304176809266e-05,0.005256880074739456,0.011913825757801533,0.0,0.03195546567440033,0.0006268720608204603,0.08148441463708878,15.059402715835182,21.183488405146484,1.8064094157611605,2.529617289535055
451,0.02364630624651909,0.0005978321222750534,50.66925023298245,0.7609803676605225,0.007574484217911959,0.006233513355255127,2.681872865650803e-05,6.176307942951098e-05,0.007067520637065172,0.007538167294114828,0.0,0.025895508006215096,0.00023539371613878757,0.0816173180937767,,,,
452,0.0236753411591053,0.0005963571548323567,50.7875533309998,0.5216951966285706,0.00682216789573431,0.0070558711886405945,2.4581704565207474e-05,1.395206982124364e-05,0.004488140344619751,0.009519916027784348,0.0,0.02018173597753048,8.884299313649535e-05,0.08176232874393463,,,,
453,0.024814147502183914,0.0005948814831233498,50.90606981294695,0.6915583610534668,0.007161828223615885,0.007088574580848217,5.331748980097473e-05,3.313389606773853e-05,0.005307217128574848,0.010990098118782043,0.0,0.02087344229221344,0.00012070917000528425,0.08190582692623138,,,,
454,0.02436288818717003,0.000593405121712317,51.02327103196876,0.5204748511314392,0.008210545405745506,0.0061561851762235165,3.329217724967748e-05,2.5375742552569136e-05,0.003495334181934595,0.009015120565891266,0.0,0.03566616028547287,0.00031165522523224354,0.08205109089612961,,,,
455,0.024600738659501076,0.0005919280851703489,51.13956777896965,0.4525631070137024,0.006887414027005434,0.007497475948184729,1.65522942552343e-05,3.0469032935798168e-05,0.0113772451877594,0.006947188638150692,0.0,0.016948606818914413,5.492885975399986e-05,0.08221836388111115,,,,
456,0.023098047822713852,0.0005904503880752003,51.25702595699113,1.0338317155838013,0.0074767377227544785,0.006222458090633154,4.202243508188985e-05,9.884784049063455e-06,0.00245852954685688,0.014132623560726643,0.0,0.01621975563466549,0.00022776804689783603,0.082377590239048,,,,
457,0.022443709895014763,0.0005889720450111447,51.37998137797695,0.8504763245582581,0.006767344661056995,0.0064272452145814896,2.6690737286116928e-05,4.837085725739598e-05,0.004713668022304773,0.009174739010632038,0.0,0.010215697810053825,0.0003247941203881055,0.08252108097076416,,,,
458,0.026544852182269096,0.0005874930705688314,51.496705831959844,0.4314427375793457,0.00802548136562109,0.00702701834961772,5.115782187203877e-05,1.4746816304977983e-05,0.0034194262698292732,0.012888738885521889,0.0,0.022477226331830025,0.0011399401118978858,0.08264221251010895,,,,
459,0.021770011633634567,0.0005860134793451411,51.61435350397369,1.2841651439666748,0.006572488229721785,0.006018880754709244,0.00010927695984719321,2.607686292321887e-05,0.007408586330711842,0.004468102473765612,0.0,0.014096710830926895,0.00020139355910941958,0.08275575190782547,,,,
460,0.025927523151040077,0.0005845332859430417,51.73103664297378,1.9253382682800293,0.006806011777371168,0.006732163019478321,7.639476098120213e-05,0.00018689320131670684,0.006304703652858734,0.011227542534470558,0.0,0.014820407144725323,0.0007624385179951787,0.08285729587078094,,,,
461,0.025333287194371223,0.0005830525049714447,51.845564883959014,1.4121142625808716,0.0066184005700051785,0.007152370642870665,8.089942275546491e-05,2.0015933841932565e-05,0.012510488741099834,0.012822765856981277,0.0,0.017586367204785347,0.0005309200496412814,0.08295340090990067,,,,
462,0.02145426720380783,0.0005815711510450604,51.96328605199233,0.1278626024723053,0.006920840125530958,0.0056590735912323,1.584499841555953e-05,1.803254781407304e-05,0.006127865053713322,0.013082343153655529,0.0,0.015782838687300682,0.00038969441084191203,0.08304131776094437,,,,
463,0.02517620660364628,0.000580089238784254,52.08290537894936,1.322381854057312,0.008127015084028244,0.006870943121612072,2.887586560973432e-05,4.415966395754367e-05,0.0051859593950212,0.010117263533174992,0.0,0.014729617163538933,0.0004863299836870283,0.08311663568019867,,,,
464,0.025267207995057106,0.000578606782814901,52.1991651969729,2.136242628097534,0.00792763289064169,0.006321882829070091,0.00016956577019300312,9.237017366103828e-05,0.004724675789475441,0.013505663722753525,0.0,0.004025306552648544,0.00020518852397799492,0.0831952914595604,,,,
465,0.024151386693120003,0.0005771237977682437,52.317158648977056,1.9590792655944824,0.00685716699808836,0.005768351256847382,0.00013895181473344564,0.00019421624892856926,0.008779909461736679,0.01315335463732481,0.0,0.006510618608444929,0.0002627273788675666,0.08324535936117172,,,,
466,0.022595075890421867,0.0005756402982807457,52.43398645299021,0.6322029829025269,0.0077018896117806435,0.005856771022081375,2.4811370167299174e-05,1.0436830052640289e-05,0.0034253555350005627,0.01789320632815361,0.0,0.008028063923120499,0.00038189132465049624,0.08328058570623398,,,,
467,0.023488491773605347,0.000574156298993948,52.54631003597751,0.7419270873069763,0.007329969201236963,0.005899378098547459,5.9118727222085e-05,1.1680269381031394e-05,0.010891583748161793,0.010975166223943233,0.0,0.03082456812262535,0.0003851513029076159,0.08329985290765762,,,,
468,0.023308074101805687,0.0005726718145543243,52.66231212898856,1.3765056133270264,0.0068682036362588406,0.006159534212201834,1.9611112293205224e-05,8.205491758417338e-05,0.007210982497781515,0.007777469698339701,0.0,0.02998790331184864,0.00038312198012135923,0.08332902938127518,,,,
469,0.02408054657280445,0.0005711868596131371,52.78084634296829,1.2013189792633057,0.006836568936705589,0.006147970445454121,0.00014099647523835301,1.9216342479921877e-05,0.010290022939443588,0.014406087808310986,0.0,0.005791326519101858,0.0010178624652326107,0.08336757123470306,,,,
470,0.024755168706178665,0.0005697014488262916,52.89639643096598,0.703255295753479,0.006110993679612875,0.006225073244422674,1.7978438336285762e-05,6.763872806914151e-05,0.014064354822039604,0.015023428946733475,0.0,0.035609882324934006,0.001268418738618493,0.08338409662246704,,,,
471,0.022835377603769302,0.000568215596854193,53.0149849409936,0.5723764896392822,0.006676611956208944,0.006114366929978132,1.0556816050666384e-05,4.478429036680609e-05,0.008176319301128387,0.014536680653691292,0.0,0.01326998695731163,0.0007672149804420769,0.08342596143484116,,,,
472,0.02466144971549511,0.0005667293183616004,53.13251688599121,1.3137646913528442,0.007013554219156504,0.006837472319602966,0.00011778066982515156,5.409737059380859e-05,0.003843865357339382,0.009266067296266556,0.0,0.015224182978272438,0.000290693569695577,0.08346893638372421,,,,
473,0.024517368525266647,0.0005652426280174821,53.24835412297398,1.932364583015442,0.0076455892994999886,0.00649204570800066,3.761762854992412e-05,5.632105967379175e-05,0.01339808665215969,0.008963940665125847,0.0,0.010115592740476131,0.0007927230326458812,0.08350089937448502,,,,
474,0.02870441973209381,0.0005637555404948722,53.36625468597049,2.989257574081421,0.007908393628895283,0.00681140273809433,0.00017731069237925112,0.00013520920765586197,0.01111607626080513,0.013010093942284584,0.0,0.02583589404821396,0.0008158980635926127,0.08351578563451767,,,,
475,0.03235674649477005,0.0005622680704707236,53.486824053979944,4.127138614654541,0.007653533015400171,0.005595558788627386,0.0005316419992595911,0.0005495082004927099,0.009156554937362671,0.014909839257597923,0.0,0.007596320938318968,0.00028843097970820963,0.0835350751876831,19.35475253592477,26.72047732831547,6.2294291140544535,5.62602688533159
476,0.03145934268832207,0.0005607802326257654,53.6241487559746,4.1779046058654785,0.008084475062787533,0.005832509137690067,0.00043723045382648706,0.00040095706935971975,0.007785812485963106,0.008390199393033981,0.0,0.026068074628710747,0.0007127126445993781,0.08354665338993073,,,,
477,0.028831077739596367,0.0005592920416443561,53.74181472999044,3.281665086746216,0.007096902467310429,0.008017020300030708,0.00014440881204791367,0.000187041237950325,0.004812441300600767,0.009193548001348972,0.0,0.0128410579636693,0.0005000375094823539,0.08356539905071259,,,,
478,0.022267470136284828,0.0005578035122143401,53.857088262971956,1.1101434230804443,0.006926979869604111,0.005330333486199379,0.00010125792323378846,2.8964384910068475e-05,0.010921727865934372,0.00848773680627346,0.0,0.031414695084095,0.0003284429549239576,0.08356374502182007,,,,
479,0.023313261568546295,0.0005563146590269017,53.97162639198359,1.2514703273773193,0.006487646140158176,0.006399377249181271,6.747736188117415e-05,1.275843442272162e-05,0.0070165228098630905,0.015017024241387844,0.0,0.009941129945218563,0.0007913504960015416,0.08356870710849762,,,,
480,0.02509552426636219,0.0005548254967764211,54.09108868596377,2.3348960876464844,0.00619296682998538,0.005444937851279974,6.297075742622837e-05,0.0002737098839133978,0.00708888890221715,0.015085989609360695,0.0,0.01351686380803585,0.002023423323407769,0.08356429636478424,,,,
481,0.022664271295070648,0.0005533360401603284,54.20947271998739,2.6107962131500244,0.006687446963042021,0.0047892495058476925,0.0003079186426475644,0.000138909526867792,0.012491084635257721,0.004700114484876394,0.0,0.013777393847703934,6.305834540398791e-05,0.08354996144771576,,,,
482,0.021049125120043755,0.0005518463038789588,54.326768234954216,1.4108800888061523,0.006468804087489843,0.005929100327193737,1.8138216546503827e-05,7.272230868693441e-05,0.006056199781596661,0.005906268954277039,0.0,0.014692896977066994,0.00010189140448346734,0.08354224264621735,,,,
483,0.021418821066617966,0.0005503563026354084,54.44903367594816,0.8554356098175049,0.007024872582405806,0.005682607647031546,2.6669640647014603e-05,5.112088911118917e-05,0.004547385033220053,0.01071225106716156,0.0,0.00968420971184969,0.00038448884151875973,0.08353286981582642,,,,
484,0.024022981524467468,0.0005488660511353877,54.56915402499726,2.540106773376465,0.007141679525375366,0.005955973174422979,0.00013445119839161634,9.1062524006702e-05,0.009704945608973503,0.009547785855829716,0.0,0.021570991724729538,0.00011213115067221224,0.08351137489080429,,,,
485,0.026966191828250885,0.0005473755640870773,54.68955363094574,3.03576922416687,0.0068956706672906876,0.005603904835879803,0.0001741138839861378,0.00031963957007974386,0.012732618488371372,0.01333813276141882,0.0,0.027345743030309677,0.0005039441166445613,0.08349869400262833,,,,
486,0.023028835654258728,0.0005458848562009829,54.81476377998479,2.139119863510132,0.006978682242333889,0.005284878890961409,0.00018751568859443069,0.00010149948502657935,0.011484069749712944,0.011431783437728882,0.0,0.0151005107909441,3.433182428125292e-05,0.08350696414709091,,,,
487,0.021035509184002876,0.0005443939421897894,54.935122186958324,0.4763491749763489,0.007388743106275797,0.005499477963894606,3.1898605811875314e-05,1.9143977624480613e-05,0.00806269608438015,0.0064055644907057285,0.0,0.015560805797576904,0.00023214427346829325,0.0835091695189476,,,,
488,0.022052988409996033,0.000542902836768216,55.05781406397,1.4590376615524292,0.0068429987877607346,0.005193042568862438,3.839322380372323e-05,0.00011833883763756603,0.0061197057366371155,0.009154911153018475,0.0,0.03243004530668259,0.00033009934122674167,0.08350365608930588,,,,
489,0.021830139681696892,0.0005414115546528715,55.178477006964386,2.099029302597046,0.007061443291604519,0.005060791969299316,0.00015900074504315853,4.8951449571177363e-05,0.010029302909970284,0.01309813279658556,0.0,0.008075389079749584,0.00026902093668468297,0.08351854234933853,,,,
490,0.020533185452222824,0.000539920110562108,55.295196738967206,1.6250418424606323,0.005521166138350964,0.005190893076360226,3.835782263195142e-05,0.00011668429215205833,0.00514547573402524,0.010443761944770813,0.0,0.009021526202559471,0.0012435647659003735,0.08352184295654297,,,,
491,0.020584186539053917,0.0005384285192158769,55.41415396495722,0.8363854289054871,0.006469527259469032,0.005520809441804886,5.298816176946275e-05,1.8737438949756324e-05,0.010724478401243687,0.009908895939588547,0.0,0.007670639082789421,0.000361622660420835,0.08351633697748184,,,,
492,0.022144269198179245,0.0005369367953355825,55.53346590598812,0.5464234948158264,0.00666605681180954,0.005952678620815277,2.0321578631410375e-05,1.2153907846368384e-05,0.013880680315196514,0.014398716390132904,0.0,0.008887836709618568,0.0005863027181476355,0.08349869400262833,,,,
493,0.0218751709908247,0.0005354449536439371,55.653575916949194,0.1873033344745636,0.007165167946368456,0.005320540629327297,2.582459637778811e-05,1.3381401004153304e-05,0.011376377195119858,0.014802198857069016,0.0,0.02706160396337509,0.0001912748848553747,0.08346838504076004,,,,
494,0.023544002324342728,0.000533953008864816,55.775285901967436,0.55777508020401,0.0070068566128611565,0.0062489560805261135,2.0312898413976654e-05,3.0295977921923622e-05,0.011141089722514153,0.01598435267806053,0.0,0.023471618071198463,0.00012063397298334166,0.08344248682260513,,,,
495,0.0220202449709177,0.0005324609757231119,55.89871363999555,0.8900241851806641,0.006791342049837112,0.005524597130715847,3.450784060987644e-05,1.200015231006546e-05,0.007626077625900507,0.010668945498764515,0.0,0.04010210931301117,0.00017789531557355076,0.08342761546373367,,,,
496,0.020099416375160217,0.0005309688689445896,56.02067314699525,1.1116554737091064,0.006322047673165798,0.005575391463935375,1.7264941561734304e-05,3.293536065029912e-05,0.006132729351520538,0.006737236864864826,0.0,0.01691841520369053,0.0002148713101632893,0.0834331214427948,,,,
497,0.020069070160388947,0.0005294767032557405,56.1388299659593,0.9492815136909485,0.006323675625026226,0.005039798095822334,6.714051414746791e-05,2.6706793505582027e-05,0.008440280333161354,0.012248570099473,0.0,0.0064974138513207436,0.0006721512763760984,0.08343091607093811,,,,
498,0.021003786474466324,0.0005279844933836377,56.254775227978826,0.37856101989746094,0.006358964368700981,0.005394517909735441,1.74472042999696e-05,2.365818727412261e-05,0.006094393786042929,0.01815275102853775,0.0,0.01353389210999012,0.0005646282224915922,0.08341604471206665,,,,
499,0.019428271800279617,0.0005264922540557899,56.37542300095083,0.42009302973747253,0.005251382011920214,0.0054979026317596436,2.2111555153969675e-05,3.0273649826995097e-05,0.006028352305293083,0.014068901538848877,0.0,0.009634201414883137,0.00038380626938305795,0.08341053873300552,,,,
500,0.019820695742964745,0.000524999999999997,56.49248285795329,0.23014812171459198,0.006526089273393154,0.0048155030235648155,2.2789010472479276e-05,1.505274121882394e-05,0.014402039349079132,0.011321460828185081,0.0,0.01922287978231907,0.0003883936442434788,0.08339731395244598,14.489033994805895,20.412494067071098,2.0714732946661094,1.448307537653211
501,0.02073005586862564,0.0005235077459442042,56.63661914796103,0.2794734239578247,0.006742008496075869,0.005061686038970947,2.594523539301008e-05,1.2866221368312836e-05,0.007571081165224314,0.012121560052037239,0.0,0.03062390722334385,0.0002712728746701032,0.08338244259357452,,,,
502,0.02061338536441326,0.0005220155066163564,56.753176534955855,0.595757246017456,0.006333254277706146,0.005096056032925844,3.193180600646883e-05,1.3156139175407588e-05,0.007012858986854553,0.016465196385979652,0.0,0.012608123943209648,0.0009261742816306651,0.08339731395244598,,,,
503,0.020105108618736267,0.0005205232967442535,56.86899862595601,1.4871625900268555,0.0063794623129069805,0.00464955810457468,7.516316691180691e-05,2.9100392566761002e-05,0.011054824106395245,0.01525028795003891,0.0,0.012987406924366951,0.0005733387661166489,0.08341218531131744,,,,
504,0.0247033778578043,0.0005190311310554044,56.98494125797879,3.0281851291656494,0.0074220201931893826,0.004655629396438599,0.0001906808465719223,0.00027295423205941916,0.010577037930488586,0.01186398882418871,0.0,0.016546841710805893,0.0007077333284541965,0.08342155069112778,,,,
505,0.028769755735993385,0.0005175390242768822,57.11560007696971,4.740664005279541,0.006867276970297098,0.0048967688344419,0.0004109845613129437,0.00039152061799541116,0.008005937561392784,0.01364666037261486,0.0,0.012043768540024757,0.0016333116218447685,0.08342651277780533,,,,
506,0.040091387927532196,0.000516046991135178,57.24297436600318,6.341989517211914,0.007657812442630529,0.007811171468347311,0.0006566874217242002,0.000830611796118319,0.0074456422589719296,0.005965764168649912,0.0,0.012481595389544964,0.0002618713187985122,0.08342651277780533,,,,
507,0.020566003397107124,0.000514555046356057,57.384100324998144,1.671311616897583,0.006549928802996874,0.00474973488599062,0.00013427334488369524,5.065928780823015e-05,0.013070912100374699,0.01323216874152422,0.0,0.00825098529458046,0.00019454350695014,0.08342045545578003,,,,
508,0.025492696091532707,0.0005130632046644116,57.50419330195291,3.5938265323638916,0.006950598210096359,0.00550821190699935,0.00029982643900439143,0.00011636559793259948,0.01485511101782322,0.012722259387373924,0.0,0.013941740617156029,0.0005682793562300503,0.08340392261743546,,,,
509,0.0553496852517128,0.0005115714807841171,57.62352976499824,8.763620376586914,0.00721824262291193,0.005324776284396648,0.0011132481740787625,0.0017907314468175173,0.014865735545754433,0.02121736854314804,0.0,0.007599935866892338,0.005113696679472923,0.08337198197841644,,,,
510,0.01991974748671055,0.000510079889437886,57.74430753599154,0.9780102968215942,0.0065613086335361,0.004522813484072685,2.7084050088888034e-05,9.481882443651557e-05,0.005211920011788607,0.013060284778475761,0.0,0.01940523087978363,0.00047355866990983486,0.08333838731050491,,,,
511,0.05805133655667305,0.0005085884453471227,57.86333812098019,9.367695808410645,0.00820180494338274,0.005936390720307827,0.0019001211039721966,0.0015133670531213284,0.010386920534074306,0.012553549371659756,0.0,0.004420166835188866,0.0017628425266593695,0.08331746608018875,,,,
512,0.020352737978100777,0.000507097163231778,57.98175390798133,0.8885706067085266,0.0065852804109454155,0.005158895161002874,0.00011320093472022563,1.383946346322773e-05,0.011467956937849522,0.008043846115469933,0.0,0.011401008814573288,0.0001481351937400177,0.08329379558563232,,,,
513,0.06440801918506622,0.0005056060578102047,58.09961467399262,9.576567649841309,0.006917943712323904,0.007756819017231464,0.00124390481505543,0.0018911331426352262,0.008862867951393127,0.03058151714503765,0.0,0.020601116120815277,0.00601143017411232,0.08328554034233093,,,,
514,0.01951635628938675,0.0005041151437990112,58.21559714298928,1.3540012836456299,0.00619598850607872,0.004958783742040396,4.638229438569397e-05,8.743852959014475e-05,0.008216976188123226,0.010640442371368408,0.0,0.0077619291841983795,0.00011832332529593259,0.08327838033437729,,,,
515,0.0715966746211052,0.0005026244359129166,58.33353563997662,10.367690086364746,0.010555988177657127,0.008340073749423027,0.0016760618891566992,0.0017151336651295424,0.016591258347034454,0.024268178269267082,0.0,0.014193790964782238,0.006399248726665974,0.08325912058353424,,,,
516,0.025786399841308594,0.0005011339488646064,58.447866091970354,3.5329909324645996,0.007236076984554529,0.005315007641911507,0.00023435463663190603,0.0002066722372546792,0.005507329944521189,0.01814499869942665,0.0,0.013000940904021263,0.0006868881173431873,0.08324040472507477,,,,
517,0.1004997119307518,0.0004996436973645857,58.565643547975924,12.253033638000488,0.009235714562237263,0.011198977939784527,0.0027633262798190117,0.00350009324029088,0.008203262463212013,0.009480198845267296,0.0,0.014747461304068565,0.004053063225001097,0.08323214948177338,,,,
518,0.09286773204803467,0.0004981536961210353,58.68324284197297,11.596943855285645,0.010383471846580505,0.010862181894481182,0.0022508162073791027,0.003121963469311595,0.008696140721440315,0.012521052733063698,0.0,0.0036217232700437307,0.005080860573798418,0.08322830498218536,,,,
519,0.023713460192084312,0.0004966639598396658,58.79925755498698,2.5645854473114014,0.006459032651036978,0.0045704105868935585,0.00034778559347614646,0.0001595815410837531,0.004920269828289747,0.01809915155172348,0.0,0.011083155870437622,0.00034662705729715526,0.08322114497423172,,,,
520,0.05983273312449455,0.0004951745032235731,58.91554663499119,8.464813232421875,0.008339425548911095,0.007929771207273006,0.0019004534697160125,0.0014659743756055832,0.009525332599878311,0.007432322949171066,0.0,0.011261699721217155,0.00010369898518547416,0.08320409059524536,,,,
521,0.019525423645973206,0.0004936853409730923,59.034176595974714,0.0947522222995758,0.0057538351975381374,0.0053727589547634125,3.8684480387018993e-05,1.16650362542714e-05,0.010400211438536644,0.006054479628801346,0.0,0.02097197435796261,0.0002653258270584047,0.08319143950939178,,,,
522,0.04840801656246185,0.0004921964877856541,59.148435905983206,7.14975118637085,0.007267368026077747,0.005551663227379322,0.0010491092689335346,0.0014849220169708133,0.007455356884747744,0.013847515918314457,0.0,0.01337852980941534,0.0021873596124351025,0.08320298790931702,,,,
523,0.02086593024432659,0.000490707958355638,59.265559752995614,1.0996078252792358,0.0069868615828454494,0.00493098609149456,2.503257928765379e-05,6.528893572976813e-05,0.008231005631387234,0.014502100646495819,0.0,0.010891283862292767,0.0006243345560505986,0.08322060108184814,,,,
524,0.047764819115400314,0.0004892197673742286,59.388083312951494,6.826712131500244,0.008582296781241894,0.0066699497401714325,0.0011605542385950685,0.0011166866170242429,0.007346619851887226,0.008452299050986767,0.0,0.024396825581789017,0.000554562546312809,0.08324701339006424,,,,
525,0.023368284106254578,0.0004877319295292704,59.51395562698599,1.8044637441635132,0.00638303579762578,0.005860357545316219,0.00016945356037467718,0.00011647145583992824,0.014164076186716557,0.014040405862033367,0.0,0.0034630184527486563,3.660816219053231e-05,0.08327838033437729,22.084289955093052,30.271726384697995,7.096123409003121,8.231260366836418
526,0.0442979522049427,0.0004862444595051218,59.65334915497806,6.172463417053223,0.006565546616911888,0.008474146947264671,0.0007787115755490959,0.0009357942035421729,0.008057629689574242,0.005461913533508778,0.0,0.015708955004811287,0.0018212292343378067,0.0833004042506218,,,,
527,0.02436639741063118,0.0004847573719825118,59.77361364499666,2.3664181232452393,0.006968776695430279,0.005995148327201605,0.00014285653014667332,0.0001854030997492373,0.005404410418123007,0.008282683789730072,0.0,0.012096241116523743,0.0003380969865247607,0.0833306834101677,,,,
528,0.04826761782169342,0.0004832706816383937,59.88939582899911,6.816569805145264,0.009281559847295284,0.00844662170857191,0.0008878342341631651,0.0009658000199124217,0.005289900116622448,0.015117071568965912,0.0,0.018063358962535858,0.0007937436457723379,0.0833587646484375,,,,
529,0.0278802327811718,0.00048178440314580105,60.00913535896689,3.248183012008667,0.007037803530693054,0.007119884714484215,0.0002502836869098246,0.0002009113522944972,0.007829814217984676,0.007048897445201874,0.0,0.01739467680454254,4.120682569919154e-05,0.08338630199432373,,,,
530,0.04696167632937431,0.0004802985511737024,60.12573925498873,6.2007155418396,0.007332609035074711,0.008899549022316933,0.0008190504158847034,0.0009450942161493003,0.008106310851871967,0.006893979385495186,0.0,0.018007179722189903,0.0021100370213389397,0.08341273665428162,,,,
531,0.038162752985954285,0.0004788131403868571,60.246154208958615,4.47061824798584,0.008568142540752888,0.009230433031916618,0.000289897492621094,0.0004733640234917402,0.00861500483006239,0.006131298840045929,0.0,0.022286081686615944,0.0012595034204423428,0.08344414085149765,,,,
532,0.04369785264134407,0.0004773281854456697,60.36748271295801,5.92756462097168,0.007679382339119911,0.007041172590106726,0.0010279836133122444,0.0008648383663967252,0.004964783787727356,0.012418277561664581,0.0,0.020496487617492676,0.0004095210460945964,0.08349263668060303,,,,
533,0.04152127355337143,0.00047584370100604606,60.48642693995498,5.497293472290039,0.007792385760694742,0.007831691764295101,0.0008067524759098887,0.0006082101608626544,0.008627244271337986,0.011429219506680965,0.0,0.041237421333789825,0.00019617869111243635,0.08354389667510986,,,,
534,0.03517475351691246,0.0004743597017192483,60.616189202992246,4.533834457397461,0.006303136236965656,0.006723783444613218,0.00044770463136956096,0.0007283351151272655,0.006033462472259998,0.009679777547717094,0.0,0.016753986477851868,0.0014726726803928614,0.08362385630607605,,,,
535,0.03818370774388313,0.00047287620223175023,60.73235418595141,4.832207679748535,0.007114599458873272,0.007101330906152725,0.0004894598387181759,0.0007350737578235567,0.007746472954750061,0.007576674688607454,0.0,0.02947322092950344,0.0019187529105693102,0.0837044045329094,,,,
536,0.029511241242289543,0.00047139321718509295,60.846980153000914,3.480828046798706,0.007094240747392178,0.006050731986761093,0.0004838108434341848,0.00030684148077853024,0.0055895657278597355,0.010649356991052628,0.0,0.01436709612607956,0.00026244542095810175,0.08379658311605453,,,,
537,0.038835637271404266,0.0004699107612157401,60.96814758499386,4.684703350067139,0.008051404729485512,0.0066178529523313046,0.0008243231568485498,0.0005971742793917656,0.00720941461622715,0.008142665959894657,0.0,0.0347185879945755,0.000338998856022954,0.0838899165391922,,,,
538,0.02525142952799797,0.0004684288489549337,61.092838317970745,2.306905746459961,0.0063096326775848866,0.00670653348788619,8.839414658723399e-05,0.00018137189908884466,0.003993543796241283,0.010673901066184044,0.0,0.015799226239323616,0.0006900426233187318,0.0839976817369461,,,,
539,0.036404240876436234,0.00046694749502854924,61.21430664299987,4.447655200958252,0.006889446638524532,0.007949858903884888,0.0004723034508060664,0.0006877871928736567,0.005640223156660795,0.007847944274544716,0.0,0.010278825648128986,0.0003493127878755331,0.08410495519638062,,,,
540,0.02272660657763481,0.0004654667140569523,61.33389128395356,0.9774777293205261,0.007259752135723829,0.006527339573949575,5.332605360308662e-05,9.938391485775355e-06,0.002579568885266781,0.007619401440024376,0.0,0.015310105867683887,3.889619983965531e-05,0.08421009033918381,,,,
541,0.03728894889354706,0.000463986520654853,61.45076952595264,4.421707630157471,0.007646805141121149,0.008188188076019287,0.0005435524508357048,0.000362399616278708,0.007998314686119556,0.016457080841064453,0.0,0.03717139735817909,0.00021772723994217813,0.08432691544294357,,,,
542,0.021307380869984627,0.00046250692943116263,61.569417010992765,0.12266158312559128,0.006668382789939642,0.005156573839485645,2.5361521693412215e-05,1.399733628204558e-05,0.011382612399756908,0.008299279026687145,0.0,0.04236921668052673,0.00033028124016709626,0.0844593420624733,,,,
543,0.03667168319225311,0.00046102795498884937,61.68881895497907,3.938511848449707,0.008211271837353706,0.008149512112140656,0.00018109299708157778,0.00041460045031271875,0.006466531660407782,0.009973129257559776,0.0,0.0492846854031086,0.002334960736334324,0.08461683988571167,,,,
544,0.02438070811331272,0.00045954961192479384,61.815387921000365,1.0914547443389893,0.007365223951637745,0.006503151264041662,9.97326151264133e-06,3.211680450476706e-05,0.00902890507131815,0.00895417295396328,0.0,0.03434835374355316,0.00043919854215346277,0.08479947596788406,,,,
545,0.030671007931232452,0.00045807191482964514,61.934757278999314,3.392098903656006,0.007966065779328346,0.006726516410708427,0.00047535059275105596,0.0002722757344599813,0.0029261931777000427,0.009169378317892551,0.0,0.011899423785507679,3.2424544770037755e-05,0.08500288426876068,,,,
546,0.024429207667708397,0.0004565948782876771,62.05242462595925,2.099604606628418,0.00711974548175931,0.00666123628616333,0.00015864495071582496,3.582974022720009e-05,0.008997677825391293,0.004466420970857143,0.0,0.020435577258467674,3.874829417327419e-05,0.08518927544355392,,,,
547,0.026965172961354256,0.00045511851687664426,62.16516227897955,2.7939865589141846,0.006920319050550461,0.006073146127164364,0.00017955369548872113,0.00038120924727991223,0.005770950578153133,0.007373785134404898,0.0,0.011603068560361862,0.0005994855309836566,0.08536695688962936,,,,
548,0.02608221210539341,0.00045364284516763735,62.284470321959816,2.596003532409668,0.006516221445053816,0.006122802849858999,0.00013925171515438706,0.00029110192554071546,0.00896543636918068,0.013092479668557644,0.0,0.015098685398697853,0.00041886104736477137,0.08553701639175415,,,,
549,0.022857166826725006,0.00045216787772494075,62.40326448000269,1.606296181678772,0.006929142866283655,0.005797627381980419,0.0001626398880034685,5.459395470097661e-05,0.004694581497460604,0.00919763371348381,0.0,0.016257263720035553,0.00010736659169197083,0.08570891618728638,,,,
550,0.029193783178925514,0.0004506936291058874,62.519763897988014,2.8408095836639404,0.007755502127110958,0.006259010639041662,0.00041201122803613544,0.0002080000122077763,0.009775673970580101,0.009736470878124237,0.0,0.018312184140086174,0.0002562344307079911,0.08587037026882172,14.531489473258155,20.487420511748567,1.7155257325056692,1.4983051279126336
551,0.020682860165834427,0.00044922011386071606,62.66033928695833,0.5003705620765686,0.006273351609706879,0.006346454843878746,1.7234475308214314e-05,1.7471364117227495e-05,0.005630272440612316,0.00340452091768384,0.0,0.012589337304234505,3.2074618502520025e-05,0.0860336497426033,,,,
552,0.0244999248534441,0.00044774734653242734,62.78473422396928,2.5747151374816895,0.006513284053653479,0.005900641903281212,0.00014364614617079496,0.00028963640215806663,0.004662415012717247,0.009142887778580189,0.0,0.0066671594977378845,0.00028557732002809644,0.08618644624948502,,,,
553,0.022740835323929787,0.00044627534165664025,62.90032587799942,0.6525833606719971,0.007340995129197836,0.006123452913016081,1.3495926395989954e-05,6.544056668644771e-05,0.00799342431128025,0.008443726226687431,0.0,0.01939207874238491,6.359365215757862e-05,0.08632873743772507,,,,
554,0.024583498015999794,0.0004448041137614485,63.028585736989044,2.025298833847046,0.0067221070639789104,0.006660727318376303,0.00018875161185860634,5.22675400134176e-05,0.012271376326680183,0.004558310378342867,0.0,0.018396060913801193,5.4061638365965337e-05,0.0864812359213829,,,,
555,0.025410261005163193,0.00044333367736727747,63.14495857898146,1.2582224607467651,0.006587750744074583,0.006265279836952686,0.00012137468729633838,2.3771797714289278e-05,0.009789475239813328,0.012461338192224503,0.0,0.05943063274025917,4.670653652283363e-05,0.08664004504680634,,,,
556,0.023423021659255028,0.000441864046986741,63.26137178594945,1.4560623168945312,0.006514348089694977,0.006150766741484404,1.5689085557824e-05,0.00010206172009930015,0.012888571247458458,0.0068805161863565445,0.0,0.02579847350716591,0.0007203988498076797,0.08682822436094284,,,,
557,0.0218617245554924,0.0004403952371244972,63.378259041986894,1.5101672410964966,0.005916062276810408,0.005934783257544041,1.772580435499549e-05,9.84121797955595e-05,0.004710626322776079,0.006879348307847977,0.0,0.02434466779232025,0.000686987885273993,0.08702785521745682,,,,
558,0.021983791142702103,0.00043892726227710686,63.49256173794856,0.8486657738685608,0.006736871786415577,0.005467487033456564,8.608822099631652e-05,1.7012716853059828e-05,0.00646069273352623,0.008854974992573261,0.0,0.035771049559116364,0.00019662016711663455,0.08722884953022003,,,,
559,0.02477135881781578,0.0004374601369328888,63.60975101299118,1.8483926057815552,0.006529067177325487,0.006840005051344633,0.0001504990505054593,4.6393004595302045e-05,0.0060189832001924515,0.008723870851099491,0.0,0.025755444541573524,4.479463314055465e-05,0.0874565839767456,,,,
560,0.020554980263113976,0.0004359938755717779,63.72767536097672,0.4370473325252533,0.006505051627755165,0.005509853363037109,1.2497900570451748e-05,3.3125474146800116e-05,0.009429963305592537,0.008228478953242302,0.0,0.0198974609375,0.000197085173567757,0.08768405020236969,,,,
561,0.021836843341588974,0.000434528492665182,63.84310155897401,1.5883859395980835,0.006280909292399883,0.005545528139919043,7.918188930489123e-05,0.00013657522504217923,0.00685850577428937,0.00690747844055295,0.0,0.021289797499775887,0.00012123886699555442,0.08790276199579239,,,,
562,0.019946658983826637,0.00043306400267583865,63.96124262094963,0.3777494430541992,0.00574247632175684,0.005577458068728447,1.55338038894115e-05,2.142266748705879e-05,0.0102903563529253,0.010199148207902908,0.0,0.017921382561326027,0.00016107641567941755,0.08812457323074341,,,,
563,0.024069055914878845,0.0004316004200576726,64.08062651398359,1.3983533382415771,0.006515101995319128,0.006177359260618687,0.00011422896932344884,4.3853313400177285e-05,0.010417462326586246,0.004390710033476353,0.0,0.04961084574460983,8.958658145274967e-05,0.08833873271942139,,,,
564,0.02119801752269268,0.0004301377592556539,64.19888713298133,0.8060917854309082,0.006417764350771904,0.005874953232705593,5.283626524033025e-05,1.5906614862615243e-05,0.007175945211201906,0.008045247755944729,0.0,0.01933598704636097,0.00012422996223904192,0.0885673388838768,,,,
565,0.021252742037177086,0.0004286760347056538,64.32543126499513,1.176647663116455,0.005861686076968908,0.006307828240096569,1.5754314517835155e-05,5.6485085224267095e-05,0.0019126554252579808,0.010289037600159645,0.0,0.012397798709571362,0.00021978720906190574,0.08879397064447403,,,,
566,0.020542548969388008,0.0004272152608343035,64.45793888898334,0.746073842048645,0.006560120731592178,0.00556510454043746,2.1591351469396614e-05,6.345399015117437e-05,0.004264049232006073,0.008268803358078003,0.0,0.013313042931258678,0.00020702321489807218,0.08900722861289978,,,,
567,0.019227558746933937,0.00042575545205885166,64.58606160100317,0.855238139629364,0.005983245093375444,0.005404832772910595,3.314128116471693e-05,1.1945458936679643e-05,0.005127563141286373,0.006281394511461258,0.0,0.015927011147141457,0.000213705119676888,0.08920707553625107,,,,
568,0.019905179738998413,0.0004242966227870213,64.70549904799554,0.7248378992080688,0.005622264929115772,0.006073055323213339,4.711148721980862e-05,1.0534968168940395e-05,0.007351511158049107,0.005124188028275967,0.0,0.01086426805704832,4.7736884880578145e-05,0.08939345926046371,,,,
569,0.020872382447123528,0.0004228387874168684,64.82806677999906,0.8034017086029053,0.0061659072525799274,0.005345226731151342,2.6835521566681564e-05,3.471819218248129e-05,0.0076990751549601555,0.009943936951458454,0.0,0.015503577888011932,0.0011563922744244337,0.08956633508205414,,,,
570,0.019657891243696213,0.00042138196033663955,64.96282758197049,0.7423775792121887,0.006049700081348419,0.005169467534869909,2.341270010219887e-05,2.4822158593451604e-05,0.006128930952399969,0.011201944202184677,0.0,0.009098749607801437,0.0008155964314937592,0.08973195403814316,,,,
571,0.01971140317618847,0.00041992615592462997,65.0826316299499,1.027489185333252,0.005197986029088497,0.005696389824151993,6.241117807803676e-05,1.6337142369593494e-05,0.009859692305326462,0.00727764330804348,0.0,0.017375517636537552,0.00015374856593552977,0.08988399803638458,,,,
572,0.01896282657980919,0.00041847138854904115,65.20344246295281,0.3433911204338074,0.005876221228390932,0.005280429031699896,2.8444941563066095e-05,1.0629256394167896e-05,0.0070594982244074345,0.007312331348657608,0.0,0.00898479763418436,0.0005115286912769079,0.09002815186977386,,,,
573,0.019959229975938797,0.0004170176725678403,65.34041702997638,0.8795284628868103,0.005550290923565626,0.005285917781293392,1.8324846678297035e-05,6.48482091492042e-05,0.00914083980023861,0.0144243398681283,0.0,0.01292839739471674,0.0003693219623528421,0.09015295654535294,,,,
574,0.019225949421525,0.0004155650223286168,65.4597658009734,0.3129975199699402,0.006242384668439627,0.0052843051962554455,1.1765530871343799e-05,2.481743649696e-05,0.010123581625521183,0.007317826151847839,0.0,0.012673384509980679,8.7213862570934e-05,0.0902772769331932,,,,
575,0.01908686012029648,0.00041411345216844225,65.58047800796339,0.38359615206718445,0.006247679702937603,0.005263590719550848,2.6757490559248254e-05,8.87068745214492e-06,0.008091647177934647,0.007849687710404396,0.0,0.012237162329256535,6.391890929080546e-05,0.09039020538330078,18.758502418499365,26.470435052587913,2.2716589367020013,0.9986760576572997
576,0.018090732395648956,0.00041266297641372803,65.72625065594912,0.5733537077903748,0.00613916851580143,0.004787738434970379,3.949240272049792e-05,1.4054752682568505e-05,0.006507366430014372,0.009718270972371101,0.0,0.006662710569798946,0.00011978749535046518,0.0904957503080368,,,,
577,0.019033128395676613,0.00041121360938008443,65.85031568998238,0.41461071372032166,0.005958926863968372,0.005207302514463663,1.5208409422484692e-05,1.1957739843637682e-05,0.011294297873973846,0.009273734875023365,0.0,0.011187387630343437,0.0002458872622810304,0.09058700501918793,,,,
578,0.018528589978814125,0.0004097653653721788,65.97771782899508,0.37204086780548096,0.005716719664633274,0.005188207607716322,2.674165807547979e-05,1.9842536858050153e-05,0.00630627665668726,0.008397877216339111,0.0,0.01082670409232378,0.000182504445547238,0.09067141264677048,,,,
579,0.01893196441233158,0.0004083182586835948,66.12388901499799,0.19521932303905487,0.006060146726667881,0.005356122739613056,8.603956302977167e-06,1.0909798220382072e-05,0.005905921570956707,0.00724984472617507,0.0,0.011044515296816826,0.00030117365531623363,0.0907529890537262,,,,
580,0.018200170248746872,0.00040687230359669137,66.24228170496644,0.6472434401512146,0.005015465896576643,0.005205221939831972,1.6539852367714047e-05,7.523931344621815e-06,0.0047924411483109,0.006872034631669521,0.0,0.02627682499587536,0.0002021285763476044,0.09082827717065811,,,,
581,0.017650635913014412,0.00040542751438246114,66.3601988320006,0.260036826133728,0.005534393712878227,0.004806718789041042,8.652350516058505e-06,2.2576190531253815e-05,0.012628607451915741,0.007631151005625725,0.0,0.01028832234442234,0.00019063870422542095,0.09092026948928833,,,,
582,0.019437558948993683,0.00040398390530039087,66.47669486998348,0.8412806391716003,0.005930294748395681,0.005240241996943951,9.84675807558233e-06,3.426041075726971e-05,0.008289455436170101,0.009233483113348484,0.0,0.008252480067312717,0.0007442552014254034,0.09100886434316635,,,,
583,0.019627369940280914,0.00040254149059831893,66.59593755297828,0.4687880575656891,0.0065828836522996426,0.005263582803308964,4.059502316522412e-05,1.0388072041678242e-05,0.0037949990946799517,0.008322548121213913,0.0,0.013256642036139965,0.00023155970848165452,0.0910923108458519,,,,
584,0.01730833202600479,0.0004011002845122963,66.73219759599306,0.8785043954849243,0.005005332175642252,0.004636355210095644,5.635234265355393e-05,1.4114904843154363e-05,0.007933991961181164,0.005207400768995285,0.0,0.020285259932279587,0.0003027325728908181,0.09118214249610901,,,,
585,0.018730705603957176,0.0003996603012664452,66.84824323398061,0.4601317048072815,0.005326125770807266,0.0051612695679068565,2.052705895039253e-05,2.608681097626686e-05,0.00861985795199871,0.007537768222391605,0.0,0.007798166014254093,0.0009499426232650876,0.09127835184335709,,,,
586,0.01836368441581726,0.000398221555072819,66.96537809097208,0.7857982516288757,0.005030619911849499,0.0051103513687849045,2.2909332983545028e-05,3.880885924445465e-05,0.008012689650058746,0.005955919623374939,0.0,0.017628975212574005,0.0005261422484181821,0.09136538207530975,,,,
587,0.01799541525542736,0.00039678406013126153,67.08362965099514,0.28041452169418335,0.005841050297021866,0.004916242323815823,2.057756319118198e-05,7.199330866569653e-06,0.004606782458722591,0.007124022115021944,0.0,0.011535430327057838,0.000433137989602983,0.09146053344011307,,,,
588,0.01807514950633049,0.0003953478306292678,67.19852291594725,1.0393396615982056,0.006140549201518297,0.004607632756233215,4.7661407734267414e-05,1.634010550333187e-05,0.010578062385320663,0.005166942253708839,0.0,0.014389140531420708,0.00022271480702329427,0.09155111759901047,,,,
589,0.017093287780880928,0.0003939128807418432,67.31791387998965,0.5390755534172058,0.005502935498952866,0.004477935843169689,1.529340079287067e-05,1.6386256902478635e-05,0.003979782108217478,0.008958637714385986,0.0,0.017952561378479004,0.00023357302416116,0.09162905067205429,,,,
590,0.01831587590277195,0.00039247922463136336,67.4481809019926,0.6924968957901001,0.005537072196602821,0.004984758794307709,3.0017796234460548e-05,3.4183474781457335e-05,0.00848640501499176,0.009494834579527378,0.0,0.006657162215560675,0.00036889093462377787,0.09171971678733826,,,,
591,0.016193721443414688,0.00039104687644743593,67.56447412096895,0.15275590121746063,0.005008310545235872,0.0047668833285570145,2.119304372172337e-05,9.719023182697129e-06,0.0045480625703930855,0.006421432830393314,0.0,0.004258553963154554,0.0001682507572695613,0.09179829061031342,,,,
592,0.017285184934735298,0.0003896158503267587,67.68088044895558,0.6259459257125854,0.005782969295978546,0.004210067912936211,4.324089968577027e-05,9.189649972540792e-06,0.00911056436598301,0.008998634293675423,0.0,0.01753508858382702,0.00023377174511551857,0.09185724705457687,,,,
593,0.017359821125864983,0.0003881861603929821,67.79722970695002,0.3676320016384125,0.005735194776207209,0.004593284800648689,3.378713518031873e-05,1.2667269402300008e-05,0.007513810880482197,0.008603576570749283,0.0,0.0060370792634785175,0.00034370116190984845,0.09190812706947327,,,,
594,0.016908830031752586,0.0003867578207565683,67.91310790198622,0.800532877445221,0.005605305545032024,0.004091290757060051,1.4159306374494918e-05,6.354893412208185e-05,0.010721007362008095,0.007065878249704838,0.0,0.006639337167143822,0.0006773099885322154,0.09194687008857727,,,,
595,0.01705412194132805,0.0003853308455146531,68.03146206896054,0.2608126103878021,0.0053392862901091576,0.004397040233016014,2.3757345843478106e-05,2.277476596646011e-05,0.0076033431105315685,0.011168180033564568,0.0,0.008290099911391735,0.00045196840073913336,0.09197290241718292,,,,
596,0.016281800344586372,0.0003839052487509058,68.150714097952,0.6960431337356567,0.005224419292062521,0.004255791660398245,5.206989590078592e-05,1.1358590199961327e-05,0.008898844942450523,0.006325561553239822,0.0,0.009165249764919281,0.0002837612701114267,0.0919925644993782,,,,
597,0.016839491203427315,0.00038248104453539127,68.26689021597849,0.2998843789100647,0.0057116104289889336,0.004155281465500593,2.8195760023663752e-05,1.0698766345740296e-05,0.00452446797862649,0.012135937809944153,0.0,0.00952169205993414,0.00042046827729791403,0.09200124442577362,,,,
598,0.01723293401300907,0.00038105824692442983,68.3854095779825,0.22475174069404602,0.005655347835272551,0.004277323372662067,1.4427804671868216e-05,1.9647124645416625e-05,0.006228885147720575,0.011526436544954777,0.0,0.01718638651072979,0.0002667836379259825,0.0920000895857811,,,,
599,0.017389971762895584,0.0003796368699604595,68.5023394000018,0.31401416659355164,0.005122808739542961,0.004621724132448435,1.0084509995067492e-05,2.0505809516180307e-05,0.008171774446964264,0.00925617478787899,0.0,0.014129284769296646,0.000585139961913228,0.0920000895857811,,,,
600,0.01668734662234783,0.00037821692767189743,68.61642155697336,0.5302881598472595,0.00562851969152689,0.004182113334536552,1.1576702490856405e-05,2.6884728868026286e-05,0.007570193149149418,0.0106299864128232,0.0,0.009328138083219528,0.00031006717472337186,0.09200356155633926,21.66516094241715,30.560761269017494,2.802438675905205,1.3201793163738489
601,0.017061293125152588,0.00037679843407300044,68.76635737199103,0.37038981914520264,0.00589198712259531,0.004342091269791126,2.0272089386708103e-05,6.77826164974249e-06,0.006462028715759516,0.010635887272655964,0.0,0.009114453569054604,0.00028020443278364837,0.09200239926576614,,,,
602,0.015660056844353676,0.0003753814031637277,68.88736145396251,0.8228917717933655,0.005270117893815041,0.004026809241622686,3.2799202017486095e-05,8.663564585731365e-06,0.015399877913296223,0.0062776897102594376,0.0,0.006093606352806091,0.00012725881242658943,0.09199025481939316,,,,
603,0.018130715936422348,0.00037396584892960226,69.00586511997972,1.2712244987487793,0.0052840374410152435,0.004570055287331343,8.94636832526885e-06,3.777615711442195e-05,0.005017919931560755,0.015615659765899181,0.0,0.008106684312224388,0.0009295865893363953,0.09196075052022934,,,,
604,0.015937604010105133,0.000372551785341573,69.12584753800184,0.42907869815826416,0.0053489538840949535,0.003974544815719128,2.68406693066936e-05,6.6180778048874345e-06,0.009415729902684689,0.008634977042675018,0.0,0.01090305857360363,0.0003335954970680177,0.09193819761276245,,,,
605,0.015813253819942474,0.00037113922635587646,69.24444358795881,0.5947245359420776,0.0054010916501283646,0.00410327035933733,3.240647492930293e-05,6.65569814373157e-06,0.013153361156582832,0.0060493554919958115,0.0,0.006809731479734182,0.00011999275011476129,0.09191564470529556,,,,
606,0.015405861660838127,0.00036972818591389983,69.36272130999714,0.5740824937820435,0.005084918346256018,0.0036853067576885223,1.0009426659962628e-05,2.638951627886854e-05,0.008456735871732235,0.0098178805783391,0.0,0.011762525886297226,0.0005017010262235999,0.09188789129257202,,,,
607,0.015947148203849792,0.00036831867794204237,69.48021088598762,0.20841734111309052,0.005345105193555355,0.0038095309864729643,8.906563380151056e-06,2.0177145415800624e-05,0.010450460016727448,0.009706939570605755,0.0,0.013761315494775772,0.00041899923235177994,0.091861292719841,,,,
608,0.016358138993382454,0.0003669107163515789,69.60624869196909,0.17241331934928894,0.005160694941878319,0.004314407706260681,3.153860961901955e-05,8.510589395882562e-06,0.016013136133551598,0.006496439687907696,0.0,0.005339057184755802,0.00035904545802623034,0.09183759242296219,,,,
609,0.01614358462393284,0.0003655043150385217,69.72862616198836,0.276520311832428,0.004889951553195715,0.004258869215846062,1.7156802641693503e-05,8.799122952041216e-06,0.011053131893277168,0.010214198380708694,0.0,0.010165608488023281,0.00030216953018680215,0.0918104276061058,,,,
610,0.013776150532066822,0.0003640994878834841,69.84874173998833,0.19271735846996307,0.004809070844203234,0.003364297328516841,2.385504194535315e-05,7.538260433648247e-06,0.012534409761428833,0.004780328832566738,0.0,0.010617086663842201,0.0001971544697880745,0.09178904443979263,,,,
611,0.014910989440977573,0.00036269624875154294,69.97408169700066,0.3688054084777832,0.0050855581648647785,0.003740929765626788,1.1920930774067529e-05,1.5971509128576145e-05,0.011266585439443588,0.007370378822088242,0.0,0.008782969787716866,0.00023336881713476032,0.09176304191350937,,,,
612,0.016453705728054047,0.0003612946114921019,70.10205131798284,0.2910541594028473,0.005382545292377472,0.003925458528101444,9.401124771102332e-06,1.2995910765312146e-05,0.017198599874973297,0.010381408035755157,0.0,0.015609370544552803,0.00022601053933613002,0.09172376245260239,,,,
613,0.015713363885879517,0.000359894589938755,70.21757121494738,0.11027839779853821,0.00564952939748764,0.003627100493758917,2.375324947934132e-05,9.76914270722773e-06,0.009276868775486946,0.009222805500030518,0.0,0.01441933959722519,0.0002756240719463676,0.09169487655162811,,,,
614,0.01537288911640644,0.0003584961979091495,70.3413747579907,0.09598378092050552,0.004711295012384653,0.003651588223874569,2.032907104876358e-05,8.088813956419472e-06,0.010585736483335495,0.016155172139406204,0.0,0.009510571137070656,0.000362228398444131,0.09167870879173279,,,,
615,0.015422903001308441,0.0003570994492048505,70.46719167096308,0.2712130546569824,0.005279626697301865,0.0034032813273370266,1.36143989948323e-05,8.979801350506023e-06,0.013299869373440742,0.009346630424261093,0.0,0.011676942929625511,0.0008356108446605504,0.09165792167186737,,,,
616,0.016433292999863625,0.00035570435761120354,70.58294281997951,0.6218137145042419,0.005676805507391691,0.0035642022266983986,1.7539290638524108e-05,2.2817583158030175e-05,0.01341398898512125,0.0116847213357687,0.0,0.006660135462880135,0.0009606923558749259,0.09164463728666306,,,,
617,0.016551123932003975,0.0003543109368971996,70.70148719899589,0.4269726276397705,0.005459310952574015,0.004202467855066061,2.8862657927675173e-05,1.0665704394341446e-05,0.012223213911056519,0.009314118884503841,0.0,0.007565363310277462,0.000279135158052668,0.09161807596683502,,,,
618,0.016650743782520294,0.00035291920081533847,70.82052210299298,0.5573663711547852,0.00532307056710124,0.003674418432638049,1.8886148609453812e-05,1.2075093763996847e-05,0.014863360673189163,0.01871361956000328,0.0,0.012923367321491241,0.0003169365809299052,0.09158921241760254,,,,
619,0.016071951016783714,0.00035152916310149347,70.93621277197963,0.9253515601158142,0.00474548852071166,0.0041818767786026,2.0674095139838755e-05,7.315314724110067e-05,0.01407961081713438,0.0074075330048799515,0.0,0.008205763064324856,7.785711204633117e-05,0.09155862033367157,,,,
620,0.01529073715209961,0.0003501408374747756,71.05852983595105,0.23843368887901306,0.0048595997504889965,0.003765292465686798,3.1254901841748506e-05,2.3993889044504613e-05,0.00595093984156847,0.007550204638391733,0.0,0.011599520221352577,0.0006239938084036112,0.09152630716562271,,,,
621,0.015391189604997635,0.00034875423763739837,71.18314396898495,1.064101219177246,0.005386958830058575,0.0033804508857429028,7.770396769046783e-05,1.1585838365135714e-05,0.00826131459325552,0.010109838098287582,0.0,0.008243972435593605,0.0004226924211252481,0.09148938208818436,,,,
622,0.016309376806020737,0.0003473693772745425,71.30906980397413,0.7244782447814941,0.004930878523737192,0.0036183602642267942,3.065163764404133e-05,2.0410463548614644e-05,0.013337133452296257,0.013922433368861675,0.0,0.00868389941751957,0.001046421006321907,0.091440349817276,,,,
623,0.01612783782184124,0.0003459862700542203,71.42974196496652,0.34891292452812195,0.004968607798218727,0.00391136622056365,2.160609255952295e-05,1.1440029993536882e-05,0.011392597109079361,0.014285551384091377,0.0,0.010437005199491978,0.0003946172655560076,0.09138268232345581,,,,
624,0.015391172841191292,0.0003446049296271422,71.5493963949848,0.8722541332244873,0.005425712559372187,0.0033399234525859356,1.2253362001501955e-05,1.1194779290235601e-05,0.015698961913585663,0.015359262004494667,0.0,0.0074492148123681545,0.0002664675994310528,0.09132964164018631,,,,
625,0.015336176380515099,0.00034322536962658006,71.66493223496946,0.4105464816093445,0.005431889556348324,0.0038380888290703297,2.6494821213418618e-05,1.1448180885054171e-05,0.006472614593803883,0.010515619069337845,0.0,0.005819648038595915,9.123299241764471e-05,0.09127028286457062,22.013358683033942,31.07606751885799,2.19488033302969,1.4458206949901151
626,0.01453594770282507,0.0003418476036682344,71.82208527700277,0.45439550280570984,0.005069364327937365,0.003343487624078989,2.3265520212589763e-05,1.635467924643308e-05,0.010890834964811802,0.009364835917949677,0.0,0.005984104238450527,0.0005119770066812634,0.09119769185781479,,,,
627,0.014168885536491871,0.00034047164535009884,71.94188826798927,0.360108882188797,0.004720447584986687,0.0033062747679650784,1.2081383829354309e-05,7.749235010123812e-06,0.011589452624320984,0.010397383943200111,0.0,0.016147594898939133,0.00011986673052888364,0.09112397581338882,,,,
628,0.015206711366772652,0.0003390975082523267,72.06174858595477,0.3158668875694275,0.005161660723388195,0.0035562575794756413,1.4810731045145076e-05,1.203783176606521e-05,0.012355335056781769,0.014518527314066887,0.0,0.007847806438803673,0.00011098610411863774,0.09105432778596878,,,,
629,0.012756498530507088,0.00033772520593709597,72.17916543898173,0.431269109249115,0.004324270877987146,0.003105013631284237,9.39568144531222e-06,1.5375522707472555e-05,0.006840169429779053,0.01051741186529398,0.0,0.003790713381022215,0.00030023008002899587,0.09097376465797424,,,,
630,0.01644917018711567,0.00033635475194847687,72.2962034450029,0.250034898519516,0.005443683359771967,0.003179218154400587,1.8852842913474888e-05,9.950956155080348e-06,0.027491815388202667,0.012962440960109234,0.0,0.009595825336873531,0.0011174944229424,0.09089209139347076,,,,
631,0.014128453098237514,0.00033498615981229703,72.41584533196874,0.5844622254371643,0.004466416779905558,0.0029203533194959164,5.5868615163490176e-05,9.038813004735857e-06,0.01662624068558216,0.01024572178721428,0.0,0.006919280160218477,0.0008795943576842546,0.09081102907657623,,,,
632,0.01641647145152092,0.00033361944303600795,72.53683532797731,0.2553378641605377,0.005016572307795286,0.0035551199689507484,1.539405457151588e-05,1.0739995559561066e-05,0.022214490920305252,0.01528819277882576,0.0,0.01491079106926918,0.0005525092128664255,0.09072598069906235,,,,
633,0.013710305094718933,0.0003322546151085528,72.65926051896531,0.5338723659515381,0.005142317619174719,0.0030314340256154537,9.708721336210147e-06,1.6625253920210525e-05,0.005100414156913757,0.012582237832248211,0.0,0.006627427879720926,0.0003065101336687803,0.09065533429384232,,,,
634,0.01418913435190916,0.00033089168950023196,72.7823880109936,0.8933355212211609,0.0047602783888578415,0.0031000575982034206,2.8578684577951208e-05,1.5499044820899144e-05,0.026908911764621735,0.004560843110084534,0.0,0.01331679429858923,0.00023000438523013145,0.09058929979801178,,,,
635,0.0142363877967,0.00032953067966257104,72.89971129898913,0.3213093876838684,0.005082227289676666,0.0031881919130682945,3.4455420973245054e-05,1.356347456749063e-05,0.012493079528212547,0.011229980736970901,0.0,0.006551176309585571,0.00013183127157390118,0.09054510295391083,,,,
636,0.014712405391037464,0.00032817159902818777,73.01592807396082,0.9604781270027161,0.005197439808398485,0.0030595124699175358,2.811799458868336e-05,2.6995139705832116e-05,0.01055098045617342,0.016297917813062668,0.0,0.007269077934324741,0.0002335205936105922,0.09049288183450699,,,,
637,0.01452327799052,0.0003268144610106593,73.13124615198467,1.2342376708984375,0.0050378344021737576,0.0031891134567558765,4.2460298573132604e-05,2.1760988602181897e-05,0.01947696879506111,0.0075880615040659904,0.0,0.00750420056283474,0.00026670366059988737,0.09043551236391068,,,,
638,0.014557844959199429,0.00032545927900438974,73.2567957919673,0.18191872537136078,0.00491353590041399,0.0037943734787404537,1.2305257769185118e-05,9.711269740364514e-06,0.0120207155123353,0.005856741685420275,0.0,0.009497408755123615,8.343555236933753e-05,0.09038103371858597,,,,
639,0.014377499930560589,0.00032410606638447876,73.3787897489965,0.8194029927253723,0.004400899633765221,0.003208475187420845,2.2147860363475047e-05,3.742743137991056e-05,0.017753440886735916,0.014200655743479729,0.0,0.007330978289246559,0.0001992825127672404,0.09032714366912842,,,,
640,0.01500416174530983,0.00032275483650658825,73.49906670500059,0.4878852665424347,0.0053056031465530396,0.003497159108519554,3.053812179132365e-05,7.560287485830486e-06,0.00984269194304943,0.009581051766872406,0.0,0.009028424508869648,0.00033132958924397826,0.09026523679494858,,,,
641,0.015315757133066654,0.00032140560270681184,73.61875519895693,0.33871012926101685,0.0052473596297204494,0.003309711581096053,2.7514350222190842e-05,9.197750841849484e-06,0.013804583810269833,0.01654040813446045,0.0,0.0069985841400921345,0.00029744888888671994,0.09020508080720901,,,,
642,0.01254123542457819,0.0003200583783015424,73.74238938099006,0.2570461332798004,0.004613401833921671,0.0026052086614072323,2.4423037757514976e-05,2.0401244910317473e-05,0.010736956261098385,0.009554707445204258,0.0,0.01030601654201746,0.0001714120153337717,0.09014207869768143,,,,
643,0.01572393998503685,0.0003187131765873406,73.85832275397843,0.22893206775188446,0.004610775504261255,0.003974071703851223,1.9752653315663338e-05,1.6752957890275866e-05,0.01969480887055397,0.012714851647615433,0.0,0.005607075523585081,0.00017330661648884416,0.09008023887872696,,,,
644,0.0148405646905303,0.0003173700108408048,73.980557597999,0.39024609327316284,0.004864122718572617,0.0035519967786967754,1.5103275472938549e-05,1.677304317126982e-05,0.01889563910663128,0.007862232625484467,0.0,0.004320020787417889,0.0005166681949049234,0.09001155942678452,,,,
645,0.015003867447376251,0.0003160288943184381,74.10501174197998,0.42696478962898254,0.004696077201515436,0.0028879286255687475,1.9244529539719224e-05,4.096963311894797e-05,0.028131015598773956,0.014750964939594269,0.0,0.007413443177938461,0.000587529269978404,0.08994290232658386,,,,
646,0.01439120527356863,0.0003146898402565197,74.22248261095956,0.2632802426815033,0.004629514180123806,0.0030566060449928045,1.8518265278544277e-05,2.4517683414160274e-05,0.01579994335770607,0.013995488174259663,0.0,0.011754628270864487,0.0003509672824293375,0.08987541496753693,,,,
647,0.013280385173857212,0.00031335286187097214,74.34135997499106,0.551937997341156,0.004134002141654491,0.0029735267162323,5.2751198381884024e-05,8.117628567561042e-06,0.014772745780646801,0.010668108239769936,0.0,0.007092461455613375,0.0003407477925065905,0.08982224762439728,,,,
648,0.015023251064121723,0.00031201797235723265,74.46154916594969,0.1710963398218155,0.005090915132313967,0.003224702551960945,2.6656303816707805e-05,1.063470608642092e-05,0.014932906255126,0.010352660901844501,0.0,0.014980114065110683,0.0004893399309366941,0.08976394683122635,,,,
649,0.014849691651761532,0.00031068518489012144,74.57997975399485,0.32768991589546204,0.0044816164299845695,0.0033001143019646406,1.2239921488799155e-05,1.8960072338813916e-05,0.011583048850297928,0.01457010954618454,0.0,0.020935526117682457,0.0002831698802765459,0.08973823487758636,,,,
650,0.014082524925470352,0.0003093545126237132,74.69966383796418,0.21729913353919983,0.004636378493160009,0.0031500826589763165,1.5515859558945522e-05,1.0360791748098563e-05,0.018696319311857224,0.014506732113659382,0.0,0.004320298787206411,0.0001959934743354097,0.08971766382455826,19.014864164085303,26.840928370061953,1.9351225397196592,1.2824452959629786
651,0.013688416220247746,0.0003080259686912058,74.85210231598467,0.27457985281944275,0.005225219298154116,0.0032397741451859474,1.4611832739319652e-05,9.901070370688103e-06,0.010165504179894924,0.00723888399079442,0.0,0.006790162529796362,7.716831896686926e-05,0.08968053758144379,,,,
652,0.013494851067662239,0.0003066995662047912,74.97169783699792,0.59063321352005,0.005082826130092144,0.002867642790079117,1.516081283625681e-05,1.2768384294759016e-05,0.014505637809634209,0.01199403777718544,0.0,0.007262442260980606,2.000563108595088e-05,0.08963427692651749,,,,
653,0.015673290938138962,0.0003053753182555267,75.09134764096234,0.5943237543106079,0.00518732750788331,0.0030535925179719925,2.394748298684135e-05,1.0317051419406198e-05,0.011299391277134418,0.01871247962117195,0.0,0.016806092113256454,0.0006700345547869802,0.08957832306623459,,,,
654,0.013793102465569973,0.0003040532379132052,75.2108398549608,0.6238799095153809,0.005239393562078476,0.003044613404199481,2.3968696041265503e-05,1.2109312592656352e-05,0.011542921885848045,0.008426043204963207,0.0,0.008939327672123909,0.00014745444059371948,0.08953037858009338,,,,
655,0.014934360980987549,0.00030273333822622564,75.32992489094613,0.4734797477722168,0.004642436746507883,0.003335731104016304,1.2914810213260353e-05,8.529023943992797e-06,0.026479128748178482,0.013490806333720684,0.0,0.01197719294577837,4.466125392355025e-05,0.0894659012556076,,,,
656,0.01254395954310894,0.0003014156322214651,75.45077296695672,0.2375316470861435,0.004818160552531481,0.0027537383139133453,1.2902406524517573e-05,1.3576705896412022e-05,0.006577626336365938,0.008566665463149548,0.0,0.008398441597819328,0.0002586481859907508,0.08941284567117691,,,,
657,0.013326596468687057,0.0003001001329041497,75.58261380897602,0.3566211760044098,0.00471473578363657,0.0028144509997218847,1.0056525752588641e-05,2.255772051285021e-05,0.01708982326090336,0.011574577540159225,0.0,0.006438174284994602,0.0002335918543394655,0.08936722576618195,,,,
658,0.013372368179261684,0.00029878685325772684,75.70275846897857,0.2788742184638977,0.004419215954840183,0.0027441736310720444,3.200919309165329e-05,1.2017607332381885e-05,0.01248688343912363,0.01157776452600956,0.0,0.00768142007291317,0.00076902168802917,0.0893244668841362,,,,
659,0.014710331335663795,0.00029747580624373655,75.82455369899981,0.5871996879577637,0.0049732946790754795,0.0028320220299065113,4.424897997523658e-05,1.3380976270127576e-05,0.014235660433769226,0.01637023687362671,0.0,0.008269593119621277,0.0006451319204643369,0.08927430957555771,,,,
660,0.012914863415062428,0.00029616700480168337,75.9452874569688,0.25585442781448364,0.004228461068123579,0.002834223909303546,2.736510941758752e-05,8.442266334895976e-06,0.003900741459801793,0.013285838067531586,0.0,0.008551288396120071,0.0006194695015437901,0.0892258733510971,,,,
661,0.014020911417901516,0.000294860461848909,76.06393753795419,0.773132860660553,0.004689543507993221,0.0030252530705183744,3.147343886666931e-05,1.890632302092854e-05,0.0210520401597023,0.01139676570892334,0.0,0.005860990844666958,0.00020256680727470666,0.08917005360126495,,,,
662,0.013219734653830528,0.00029355619028046526,76.18556446098955,0.8980589509010315,0.005224170628935099,0.002738865790888667,2.2519201593240723e-05,1.071469705493655e-05,0.0065722037106752396,0.008441373705863953,0.0,0.006956859957426786,0.0005757937906309962,0.08910854905843735,,,,
663,0.012236538343131542,0.00029225420296898584,76.3038549060002,0.5003404021263123,0.004448913969099522,0.0024021752178668976,2.0034831322846003e-05,2.0958334062015638e-05,0.008171213790774345,0.010443231090903282,0.0,0.012549552135169506,0.0004039415216539055,0.08903966844081879,,,,
664,0.012522855773568153,0.0002909545127645595,76.41999634995591,0.5277335047721863,0.004500861279666424,0.002804602961987257,1.3943868907517754e-05,1.8000257114181295e-05,0.009869130328297615,0.00822722539305687,0.0,0.010852331295609474,0.00014557120448444039,0.08898048847913742,,,,
665,0.012916604988276958,0.0002896571324946045,76.53705856797751,0.871675431728363,0.00470600975677371,0.0024927486665546894,3.1156258046394214e-05,1.3753137864114251e-05,0.02010880410671234,0.00868585892021656,0.0,0.011602068319916725,0.00023295197752304375,0.08892360329627991,,,,
666,0.01330826710909605,0.00028836207496374,76.65441690495936,1.002302646636963,0.004027472343295813,0.003040732815861702,1.5827652532607317e-05,2.357190169277601e-05,0.009380131028592587,0.01106676273047924,0.0,0.011323652230203152,0.0005746068782173097,0.0888616144657135,,,,
667,0.012973032891750336,0.0002870693529536611,76.7693564829533,0.6840817928314209,0.004855988547205925,0.002649960108101368,5.1483184506651014e-05,1.4366271898325067e-05,0.022465094923973083,0.005155762657523155,0.0,0.0047766538336873055,0.0001921720540849492,0.08879340440034866,,,,
668,0.012134414166212082,0.0002857789792230118,76.88640917796874,0.5323530435562134,0.00425042025744915,0.0024678974878042936,2.3991262423805892e-05,3.3420001273043454e-05,0.011951709166169167,0.0066151488572359085,0.0,0.005199177656322718,0.0007663076394237578,0.08871782571077347,,,,
669,0.013171522878110409,0.0002844909665072604,77.0054607479833,0.748255729675293,0.004190252628177404,0.0027024573646485806,1.6152574971783906e-05,4.0281542169395834e-05,0.016736920922994614,0.010694105178117752,0.0,0.008053933270275593,0.0006144199287518859,0.08864114433526993,,,,
670,0.012219873256981373,0.00028320532751857186,77.12330021499656,0.8323579430580139,0.004286382347345352,0.002687988569959998,3.3997690479736775e-05,9.53523522184696e-06,0.0209041740745306,0.006402923725545406,0.0,0.00474540377035737,0.00011084545985795557,0.08856790512800217,,,,
671,0.014011490158736706,0.00028192207494568447,77.24118153494783,0.988649845123291,0.004731601569801569,0.002960406243801117,8.485510079481173e-06,9.824867447605357e-06,0.016850998625159264,0.016299795359373093,0.0,0.007112288381904364,0.00025934085715562105,0.08848902583122253,,,,
672,0.012688243761658669,0.00028064122145378265,77.35810544999549,0.6818038821220398,0.004445130005478859,0.0027611758559942245,3.366060263942927e-05,1.5066985724843107e-05,0.014798469841480255,0.006959328893572092,0.0,0.01146611012518406,0.0001359130983473733,0.08841017633676529,,,,
673,0.013552824035286903,0.00027936277968437366,77.47532942099497,0.2089657485485077,0.004403272178024054,0.0032938183285295963,1.8619322872837074e-05,1.1385032848920673e-05,0.008530337363481522,0.00765925832092762,0.0,0.014708369970321655,0.0002456786169204861,0.08833249658346176,,,,
674,0.012227198109030724,0.0002780867622551614,77.59660691895988,0.8028384447097778,0.004485322628170252,0.002524161245673895,3.196941543137655e-05,3.60331468982622e-05,0.009211555123329163,0.008927185088396072,0.0,0.010454650968313217,4.923124288325198e-05,0.08826618641614914,,,,
675,0.012021901085972786,0.00027681318175992264,77.71572371997172,0.3561226725578308,0.004231821745634079,0.002761497627943754,2.8463813578127883e-05,1.4769510016776621e-05,0.013020487502217293,0.005377988331019878,0.0,0.007754857651889324,0.00016997900092974305,0.08820556104183197,12.084085605036817,17.009616767051508,2.059387148564516,1.0978611423307214
676,0.012685676105320454,0.0002755420507683828,77.87283480499173,0.8308165669441223,0.004512575455009937,0.002743070712313056,3.5458979255054146e-05,1.2707183486782014e-05,0.015002007596194744,0.008581984788179398,0.0,0.005708370357751846,0.00022343217278830707,0.08814892172813416,,,,
677,0.01186360977590084,0.00027427338182609186,77.99829251895426,0.46534985303878784,0.004002048168331385,0.0024926639162003994,1.2830347259296104e-05,8.646212336316239e-06,0.018040616065263748,0.010586300864815712,0.0,0.007403402589261532,0.00024254464369732887,0.0880928710103035,,,,
678,0.012276160530745983,0.00027300718745429983,78.12254333798774,1.295539379119873,0.00413956493139267,0.0025668805465102196,7.413647836074233e-06,3.395097883185372e-05,0.016156749799847603,0.010082945227622986,0.0,0.004271281883120537,0.00047144986456260085,0.0880424901843071,,,,
679,0.012653053738176823,0.0002717434801498338,78.2395494839875,1.840394377708435,0.00424486817792058,0.0025197924114763737,8.534383960068226e-05,2.11184196814429e-05,0.02012927457690239,0.004683379083871841,0.0,0.010487644001841545,0.00021680787904188037,0.0879870355129242,,,,
680,0.012847860343754292,0.0002704822723849751,78.35651162097929,0.7588523030281067,0.004316992592066526,0.002687979256734252,9.285287887905724e-06,4.873497528024018e-05,0.00925658829510212,0.009590656496584415,0.0,0.011212180368602276,0.0005042688571847975,0.08793329447507858,,,,
681,0.01329838763922453,0.000269223576607335,78.47592620796058,1.1409730911254883,0.004398901481181383,0.0023830984719097614,1.1586055734369438e-05,6.528070662170649e-05,0.02078823745250702,0.011398211121559143,0.0,0.015014496631920338,0.0003467692295089364,0.08789314329624176,,,,
682,0.011671590618789196,0.00026796740523973243,78.60051736596506,0.9830631613731384,0.0041876970790326595,0.0021881700959056616,4.860627086600289e-05,2.0594201487256214e-05,0.012455454096198082,0.01030522771179676,0.0,0.007142970338463783,0.0003172443830408156,0.08785978704690933,,,,
683,0.012891399674117565,0.00026671377068007197,78.71899199299514,0.6379238367080688,0.0041391924023628235,0.002626745728775859,3.1922420021146536e-05,1.633567808312364e-05,0.011131973937153816,0.0190240778028965,0.0,0.0021344730630517006,0.0003625772660598159,0.08782756328582764,,,,
684,0.013060247525572777,0.0002654626853012207,78.83999956696061,0.5820550918579102,0.004055708646774292,0.00243363156914711,1.7165828467113897e-05,1.0722442311816849e-05,0.022221190854907036,0.01627935841679573,0.0,0.011197610758244991,0.0004717320844065398,0.08778517693281174,,,,
685,0.011719445697963238,0.000264214161450886,78.95613624097314,0.9461911916732788,0.004183601588010788,0.0021824948489665985,3.319633469800465e-05,2.4313563699251972e-05,0.011573757976293564,0.015255644917488098,0.0,0.006147303152829409,9.638612391427159e-05,0.08775240182876587,,,,
686,0.012109890580177307,0.00026296821145149415,79.0763198499917,1.3345582485198975,0.0046110134571790695,0.002431849017739296,2.6516920115682296e-05,1.7097476302296855e-05,0.018363576382398605,0.00811807345598936,0.0,0.005086407531052828,0.00012702062667813152,0.08770889788866043,,,,
687,0.011691019870340824,0.0002617248476000689,79.19736220798222,0.31195786595344543,0.004888805095106363,0.0024755122140049934,1.247818272531731e-05,1.2438324120012112e-05,0.011679334565997124,0.006368524394929409,0.0,0.005195292644202709,3.3788179280236363e-05,0.08765411376953125,,,,
688,0.011561388149857521,0.00026048408216810924,79.31292878295062,1.4044662714004517,0.0040846820920705795,0.0024590976536273956,1.6303207303280942e-05,3.767046291613951e-05,0.008640684187412262,0.009854236617684364,0.0,0.004338515922427177,0.00029678846476599574,0.08760160952806473,,,,
689,0.01204790361225605,0.00025924592740146933,79.43033390195342,1.564867615699768,0.004557544365525246,0.00239939009770751,6.69746077619493e-05,2.9495964554371312e-05,0.010570190846920013,0.0050674425438046455,0.0,0.006686258129775524,0.00026976317167282104,0.08754290640354156,,,,
690,0.012428779155015945,0.00025801039552023655,79.54742440895643,0.4127058684825897,0.0037934882566332817,0.0024437776301056147,1.8709883079282008e-05,6.604057489312254e-06,0.004130612127482891,0.020567938685417175,0.0,0.01276265550404787,0.0005056561203673482,0.08748140186071396,,,,
691,0.01229152362793684,0.0002567774987186121,79.66326398396632,0.5559079647064209,0.0045510949566960335,0.0023518907837569714,1.5584540960844606e-05,2.958800905616954e-05,0.017262283712625504,0.012712833471596241,0.0,0.006422993261367083,4.1951054299715906e-05,0.08742217719554901,,,,
692,0.01266692765057087,0.00025554724916478945,79.77872345998185,0.27711474895477295,0.003975343890488148,0.0026121761184185743,2.0364546799100935e-05,1.654409061302431e-05,0.018699927255511284,0.010651757940649986,0.0,0.009898081421852112,0.0005157051491551101,0.08736409991979599,,,,
693,0.011853114701807499,0.0002543196590008351,79.89806152100209,0.7217227816581726,0.0044435239396989346,0.002154369605705142,2.5088902475545183e-05,7.046967766655143e-06,0.02324410155415535,0.011192820966243744,0.0,0.005038177594542503,0.00015879145939834416,0.0873054787516594,,,,
694,0.01295038964599371,0.000253094740342568,80.01563692896161,0.3399122357368469,0.004397249314934015,0.0023937500081956387,1.6293477528961375e-05,1.930918006110005e-05,0.018208671361207962,0.018107201904058456,0.0,0.008135443553328514,0.00019444564532022923,0.08724180608987808,,,,
695,0.011165487580001354,0.00025187250527944143,80.13228009897284,0.7647892832756042,0.004217584151774645,0.002064857166260481,6.407678938558092e-06,2.863924964913167e-05,0.00853808969259262,0.012151302769780159,0.0,0.008862723596394062,0.0002953698276542127,0.08717815577983856,,,,
696,0.012302609160542488,0.00025065296587442176,80.24981203099014,0.9164776802062988,0.004305030219256878,0.0025354474782943726,4.849073229706846e-05,1.1816376172646414e-05,0.013340845704078674,0.01246333122253418,0.0,0.00415155291557312,0.00011555314995348454,0.08710721135139465,,,,
697,0.011331470683217049,0.0002494361341638703,80.36483317898819,0.12246771156787872,0.004444285295903683,0.0022454585414379835,1.6406957001890987e-05,1.0445852240081877e-05,0.014859115704894066,0.00666051683947444,0.0,0.008599924854934216,0.00020170224888715893,0.08703461289405823,,,,
698,0.012135839089751244,0.00024822202215742524,80.48216929798946,0.7518221735954285,0.004282762762159109,0.002216433174908161,1.430460724805016e-05,3.188419577782042e-05,0.013011261820793152,0.014795172959566116,0.0,0.005156667437404394,0.00048344279639422894,0.0869637280702591,,,,
699,0.013699062168598175,0.00024701064183788165,80.60277857695473,0.2975504994392395,0.004146243445575237,0.003000980941578746,1.7950598703464493e-05,9.177249012282118e-06,0.02696547470986843,0.012444889172911644,0.0,0.005858244374394417,0.0003070149105042219,0.08688893169164658,,,,
700,0.011819885112345219,0.00024580200516107414,80.72322900296422,0.48697376251220703,0.0039246585220098495,0.002252668607980013,3.058907896047458e-05,1.003523630060954e-05,0.025299524888396263,0.008774238638579845,0.0,0.008065592497587204,0.00035114624188281596,0.08681979030370712,9.311953264401335,13.103541407926166,1.3776740290118368,1.2435086669958653
701,0.011095380410552025,0.00024459612405575886,80.87369682599092,0.3685063421726227,0.00449405936524272,0.0020803739316761494,1.064142088580411e-05,1.2365846487227827e-05,0.008478792384266853,0.011893019080162048,0.0,0.004695872776210308,0.0002757088514044881,0.08675742149353027,,,,
702,0.010288945399224758,0.00024339301042349573,80.99002130498411,0.43488791584968567,0.0035539946984499693,0.0019167009741067886,1.1557875950529706e-05,8.523775250068866e-06,0.012141520157456398,0.009543745778501034,0.0,0.010822691023349762,0.0005114491796121001,0.08669788390398026,,,,
703,0.011347420513629913,0.00024219267613853038,81.10743509198073,1.134987473487854,0.004002697765827179,0.002068525180220604,3.137922249152325e-05,2.1028970877523534e-05,0.02148604951798916,0.00932164117693901,0.0,0.00551278842613101,0.0003148333344142884,0.08665014803409576,,,,
704,0.011793750338256359,0.00024099513304767762,81.22564196196618,1.0369356870651245,0.004003916401416063,0.0023187834303826094,3.642044248408638e-05,1.9896451703971252e-05,0.030238714069128036,0.005761326756328344,0.0,0.0048120832070708275,0.00017381820362061262,0.08660580217838287,,,,
705,0.012382924556732178,0.00023980039297020407,81.34414976695552,0.22777369618415833,0.0038783601485192776,0.0022620761301368475,1.4446677596424706e-05,8.634488949610386e-06,0.037328850477933884,0.013398424722254276,0.0,0.0049833813682198524,0.0002075926458928734,0.08655472844839096,,,,
706,0.012195480056107044,0.00023860846769771215,81.46027202199912,0.8898537158966064,0.005055056419223547,0.002253706566989422,1.2797712770407088e-05,1.0771453162305988e-05,0.011287577450275421,0.009598467499017715,0.0,0.010999316349625587,0.0002366236294619739,0.08650311082601547,,,,
707,0.010905535891652107,0.0002374193689940233,81.57972596294712,0.4885099530220032,0.003602813696488738,0.0022387243807315826,1.0969193681376055e-05,2.0345032680779696e-05,0.01994732953608036,0.008645324967801571,0.0,0.0038004755042493343,0.00037373986560851336,0.08646833151578903,,,,
708,0.010923098772764206,0.00023623310859506133,81.7007221179665,0.8331526517868042,0.003954373300075531,0.0018891638610512018,8.566028554923832e-06,1.936893204401713e-05,0.01837589219212532,0.013629935681819916,0.0,0.004207015037536621,0.00033247904502786696,0.08643019944429398,,,,
709,0.01141878217458725,0.00023504969820873777,81.81880904099671,1.4752399921417236,0.0035784593783318996,0.002305201254785061,5.4469910537591204e-05,3.068378282478079e-05,0.02164594829082489,0.007821876555681229,0.0,0.006978537887334824,7.858971366658807e-05,0.08638142049312592,,,,
710,0.010612821206450462,0.0002338691495148352,81.934377500962,0.3003930449485779,0.0039404621347785,0.001907738740555942,1.3834705896442756e-05,2.6434696337673813e-05,0.022767819464206696,0.0074666221626102924,0.0,0.008442318066954613,6.068936636438593e-05,0.08632873743772507,,,,
711,0.013669098727405071,0.0002326914741648927,82.05281896999804,1.4657694101333618,0.00440028915181756,0.0023131619673222303,2.5341843866044655e-05,7.319219730561599e-05,0.019650621339678764,0.01988382823765278,0.0,0.00507613830268383,0.00034614739706739783,0.08627718687057495,,,,
712,0.01098941732198,0.00023151668378209006,82.1701371879899,0.975264310836792,0.003841298632323742,0.0022073104046285152,4.041445208713412e-05,1.1927613741136156e-05,0.020075783133506775,0.0075066909193992615,0.0,0.005600362550467253,8.938213431974873e-05,0.08621948957443237,,,,
713,0.01095527969300747,0.00023034478996113487,82.28614165500039,0.8418527841567993,0.004148760810494423,0.0017212117090821266,4.845698640565388e-05,9.006935215438716e-06,0.009759919717907906,0.01657881960272789,0.0,0.009064147248864174,0.00010421096521895379,0.08615957200527191,,,,
714,0.011682615615427494,0.00022917580426814563,82.40550316299777,1.234287977218628,0.0037233857437968254,0.0021835395600646734,1.2250398867763579e-05,4.806750439456664e-05,0.01720067858695984,0.017054086551070213,0.0,0.004184836521744728,0.00012819486437365413,0.08609240502119064,,,,
715,0.01177254505455494,0.00022800973824053903,82.52291504095774,0.3373033106327057,0.0041155884973704815,0.002052036579698324,1.573470581206493e-05,1.664053888816852e-05,0.031557489186525345,0.007897347211837769,0.0,0.010705696418881416,0.00024021345598157495,0.0860247015953064,,,,
716,0.0113567765802145,0.00022684660338691633,82.63998852699297,1.5562732219696045,0.0041535384953022,0.0019422315526753664,7.18881783541292e-05,1.8843649741029367e-05,0.014061324298381805,0.00874990876764059,0.0,0.009159006178379059,0.0002894852077588439,0.08596540987491608,,,,
717,0.011750174686312675,0.00022568641118694878,82.75437958695693,0.9354503750801086,0.003919276874512434,0.002068109344691038,1.927587072714232e-05,3.470955925877206e-05,0.027943216264247894,0.009596822783350945,0.0,0.005942086689174175,0.00041497324127703905,0.08590558171272278,,,,
718,0.010636056773364544,0.0002245291730912649,82.87230434996309,0.36826640367507935,0.003783266991376877,0.0019932377617806196,1.0809981176862493e-05,1.8644752344698645e-05,0.019786294549703598,0.011167878285050392,0.0,0.0034478986635804176,0.00020741831394843757,0.08584968745708466,,,,
719,0.010011374019086361,0.00022337490052133763,82.99604063696461,0.8160095810890198,0.003959787078201771,0.0020159692503511906,2.4338838557014242e-05,8.251258805103134e-06,0.008825847879052162,0.007886921055614948,0.0,0.004570953547954559,0.0001494227908551693,0.08579269796609879,,,,
720,0.011836376041173935,0.00022222360486937138,83.11371082998812,0.41016292572021484,0.003733603749424219,0.0024686900433152914,1.1692492989823222e-05,1.0967915841320064e-05,0.023123206570744514,0.01207110658288002,0.0,0.003692744066938758,0.00030514600803144276,0.0857340469956398,,,,
721,0.011732014827430248,0.00022107529749818935,83.23199053597637,0.5179650187492371,0.0040234471671283245,0.002412292640656233,1.2624768714886159e-05,9.624054655432701e-06,0.012002137489616871,0.013219529762864113,0.0,0.006119797471910715,0.0003477706341072917,0.08567541092634201,,,,
722,0.010052361525595188,0.00021992998974112158,83.35058506799396,1.1789445877075195,0.003831437323242426,0.0019764029420912266,2.046021654678043e-05,1.7487420336692594e-05,0.01259983517229557,0.007742222398519516,0.0,0.0057182009331882,0.00011289157555438578,0.08562573045492172,,,,
723,0.011384062469005585,0.00021878769290189322,83.47329749097116,1.049228310585022,0.004050872288644314,0.0019833205733448267,1.7954575014300644e-05,2.4216355086537078e-05,0.02187967859208584,0.01192895881831646,0.0,0.009045197628438473,0.00012012609658995643,0.08557439595460892,,,,
724,0.011821848340332508,0.00021764841825451292,83.59236326895189,0.16098926961421967,0.004221518989652395,0.002202047733590007,1.4296015251602512e-05,1.072382292477414e-05,0.026198510080575943,0.008607272990047932,0.0,0.00858850684016943,0.000260431639617309,0.08552585542201996,,,,
725,0.011305931024253368,0.00021651217704316185,83.71128419594606,0.8631993532180786,0.004091733600944281,0.0022698668763041496,1.9011975382454693e-05,1.0998271136486437e-05,0.015172271057963371,0.011293316259980202,0.0,0.0034374529495835304,0.00022907168022356927,0.08547008782625198,17.5200874943497,24.733109880105697,1.5430853462314442,1.4068767430576008
726,0.010356423445045948,0.00021537898048208155,83.85386241599917,0.4276247024536133,0.0037634389009326696,0.0017572601791471243,1.5187302778940648e-05,1.9408147636568174e-05,0.026043500751256943,0.01007432397454977,0.0,0.005685725715011358,5.320541822584346e-05,0.08541098982095718,,,,
727,0.009833381511271,0.00021424883975546506,83.97042033995967,0.7557722926139832,0.0036303794477134943,0.001891626976430416,1.028182578011183e-05,2.8743332222802565e-05,0.017083074897527695,0.00810793787240982,0.0,0.005057970993220806,2.629642403917387e-05,0.08535414189100266,,,,
728,0.010514657013118267,0.0002131217660173448,84.0888202029746,0.6083614230155945,0.003552809124812484,0.0021499809809029102,2.420982491457835e-05,9.102539479499683e-06,0.013370132073760033,0.007611233275383711,0.0,0.010185528546571732,0.00030456652166321874,0.0852883979678154,,,,
729,0.011554364114999771,0.00021199777039148366,84.20416186697548,0.6041726469993591,0.003494265954941511,0.00229263911023736,3.8679223507642746e-05,1.195563527289778e-05,0.018778331577777863,0.01232093758881092,0.0,0.007558963727205992,0.0003342822892591357,0.08522992581129074,,,,
730,0.010626009665429592,0.00021087686397126435,84.32361412997125,0.3414239287376404,0.0036999182775616646,0.0023998403921723366,8.221787538786884e-06,1.1987975085503422e-05,0.015373525209724903,0.007545356173068285,0.0,0.00435309624299407,9.827503527048975e-05,0.08517090976238251,,,,
731,0.00965126883238554,0.00020975905781958124,84.44393956998829,0.4694674611091614,0.0034962741192430258,0.0019490488339215517,1.8279737560078502e-05,2.2546786567545496e-05,0.013904575258493423,0.0063255950808525085,0.0,0.005131945013999939,0.00017913934425450861,0.0851074606180191,,,,
732,0.011249247007071972,0.00020864436296872958,84.56067186995642,0.629374623298645,0.00374606647528708,0.0022865859791636467,2.0466399291763082e-05,9.840183338383213e-06,0.014430392533540726,0.013011123985052109,0.0,0.0069415089674293995,0.00017219496658071876,0.08504126220941544,,,,
733,0.010703425854444504,0.00020753279042029748,84.67753703799099,0.16785584390163422,0.003771411022171378,0.0020564727019518614,1.6237841919064522e-05,1.2153769603173714e-05,0.024994496256113052,0.008923680521547794,0.0,0.004908191971480846,6.26706168986857e-05,0.08497953414916992,,,,
734,0.010939204134047031,0.00020642435114505707,84.79516555200098,0.3142269551753998,0.0034653337206691504,0.002221627626568079,1.655982487136498e-05,9.539910934108775e-06,0.01798558235168457,0.01261860877275467,0.0,0.006641030311584473,0.0001915076863951981,0.08491726964712143,,,,
735,0.010439221747219563,0.00020531905608285687,84.91350453195628,0.3096665143966675,0.004030164331197739,0.0018885794561356306,1.4044620002096053e-05,7.292866030184086e-06,0.0259840227663517,0.005724477581679821,0.0,0.0024463911540806293,0.00033969691139645875,0.08485725522041321,,,,
736,0.010759996250271797,0.00020421691614251248,85.03624230896821,0.692215085029602,0.003910483792424202,0.0019758527632802725,2.4670507627888583e-05,1.1777081454056315e-05,0.025474639609456062,0.0074404580518603325,0.0,0.005907057318836451,0.00013540637155529112,0.08479392528533936,,,,
737,0.010587234981358051,0.00020311794220170045,85.15722705295775,0.3968941867351532,0.003608982777222991,0.00192646449431777,7.670096238143742e-06,1.3065071470919065e-05,0.03331906348466873,0.008220860734581947,0.0,0.004648993723094463,0.00011274936696281657,0.084732286632061,,,,
738,0.010081293061375618,0.00020202214510684998,85.27763083996251,0.609950602054596,0.0035457382909953594,0.0018619399052113295,9.535473509458825e-06,2.0876406779279932e-05,0.01522811595350504,0.010359649546444416,0.0,0.007132641971111298,0.0002688840904738754,0.0846695601940155,,,,
739,0.010280156508088112,0.00020092953567303585,85.4011008249945,0.7465546131134033,0.003776494413614273,0.0020163068547844887,1.2845497622038238e-05,7.369061677309219e-06,0.019650563597679138,0.00958055630326271,0.0,0.002654318232089281,0.00011099740368081257,0.08460463583469391,,,,
740,0.009317606687545776,0.00019984012468387215,85.52336610696511,0.24249213933944702,0.0033348335418850183,0.0017996865790337324,9.699137081042863e-06,9.71320150711108e-06,0.01417996920645237,0.008526061661541462,0.0,0.0073466673493385315,0.00017580318672116846,0.08453641086816788,,,,
741,0.010835064575076103,0.00019875392289140528,85.64399210497504,0.4259698987007141,0.003593586850911379,0.0019805794581770897,8.407916538999416e-06,9.556884833727963e-06,0.024528365582227707,0.01356835849583149,0.0,0.006322011351585388,0.00011684382479870692,0.08447320014238358,,,,
742,0.010301544331014156,0.00019767094101600857,85.76368469698355,0.6045454740524292,0.003928075544536114,0.001746846828609705,1.959397195605561e-05,6.59728902974166e-06,0.012231294065713882,0.012711546383798122,0.0,0.00856347382068634,0.0002225569187430665,0.08441223204135895,,,,
743,0.009837759658694267,0.00019659118974627615,85.88653435796732,0.3038688004016876,0.0035016643814742565,0.0017412155866622925,2.0344928998383693e-05,1.1244403140153736e-05,0.010209869593381882,0.012406444177031517,0.0,0.0049888016656041145,0.0004528383433353156,0.08435516804456711,,,,
744,0.010256526060402393,0.00019551467973891689,86.00573604099918,0.20384089648723602,0.003623594529926777,0.0017852456076070666,1.2230403626745101e-05,1.2352290468697902e-05,0.018705718219280243,0.010834363289177418,0.0,0.0071159955114126205,0.00035779105382971466,0.08430033177137375,,,,
745,0.01041950099170208,0.00019444142161864988,86.12277181097306,0.5426588654518127,0.0035781539045274258,0.0020769676193594933,1.6490537745994516e-05,8.337490726262331e-06,0.010571954771876335,0.012413187883794308,0.0,0.009060133248567581,0.00013196094369050115,0.08424773067235947,,,,
746,0.009680449031293392,0.00019337142597809973,86.24090429994976,0.46415507793426514,0.0036445348523557186,0.0018619210459291935,8.862543836585246e-06,1.7986976672546007e-05,0.014574301429092884,0.007641622330993414,0.0,0.004688994958996773,0.00023205301840789616,0.08419735729694366,,,,
747,0.010331732220947742,0.00019230470337769126,86.35793978499714,0.2295357882976532,0.0037097332533448935,0.0018879169365391135,9.345723810838535e-06,9.565507752995472e-06,0.010371705517172813,0.013786525465548038,0.0,0.008104091510176659,0.0002704584039747715,0.08415142446756363,,,,
748,0.010120972990989685,0.0001912412643455457,86.47483360097976,0.46486982703208923,0.0036676302552223206,0.00176859344355762,1.9411631001275964e-05,6.483916422439506e-06,0.012274090200662613,0.011642313562333584,0.0,0.005070054437965155,0.0005416512722149491,0.08411049097776413,,,,
749,0.010160992853343487,0.0001901811193773775,86.59448153799167,0.10217013210058212,0.0038506032433360815,0.001857325667515397,2.2789041395299137e-05,1.0800266863952857e-05,0.019381877034902573,0.007392870727926493,0.0,0.0065619368106126785,0.00013931040302850306,0.0840585008263588,,,,
750,0.010596771724522114,0.00018912427893638914,86.71427696297178,0.8041830658912659,0.0036405972205102444,0.0020612766966223717,8.37759580463171e-06,2.210257480328437e-05,0.02429778501391411,0.008658329024910927,0.0,0.0030203303322196007,0.00021307473070919514,0.08400652557611465,20.917837525991427,29.523162690800934,2.4451480648215194,1.0053295286619484
751,0.010185428895056248,0.0001880707534531692,86.8628226039582,0.8449239134788513,0.003832541173323989,0.001826477237045765,2.8375416150083765e-05,7.824775821063668e-06,0.018137257546186447,0.007397551089525223,0.0,0.011152592487633228,4.9730784667190164e-05,0.08395346254110336,,,,
752,0.0118324663490057,0.00018702055332558864,86.98187764897011,0.5903087258338928,0.003665846772491932,0.0019788320641964674,1.2669990610447712e-05,8.390337825403549e-06,0.023419523611664772,0.020788006484508514,0.0,0.0066937655210494995,0.0003299789095763117,0.08390814810991287,,,,
753,0.010711828246712685,0.0001859736889186991,87.09990292898146,1.5407928228378296,0.0034651989117264748,0.0018224911764264107,2.561942528700456e-05,4.8432484618388116e-05,0.026355568319559097,0.010271354578435421,0.0,0.004810908809304237,0.00019180186791345477,0.0838661640882492,,,,
754,0.010506667196750641,0.00018493017056462935,87.21823748300085,0.6760554909706116,0.003612202825024724,0.0019115782342851162,3.3215677831321955e-05,1.0739262506831437e-05,0.023023340851068497,0.010607286356389523,0.0,0.004469466395676136,0.00011256712605245411,0.08382253348827362,,,,
755,0.0098440982401371,0.00018389000856248455,87.33654465194559,1.062206745147705,0.003586249193176627,0.0018197668250650167,4.825330324820243e-05,1.7568030671100132e-05,0.011478913947939873,0.00967501476407051,0.0,0.004804898984730244,9.463024616707116e-05,0.08378002047538757,,,,
756,0.010496523231267929,0.0001828532131782434,87.45173672295641,0.6745144724845886,0.0037008989602327347,0.0017313495045527816,1.0129238944500685e-05,2.03465224331012e-05,0.02266792394220829,0.013505465351045132,0.0,0.007465636357665062,8.72011441970244e-05,0.0837419331073761,,,,
757,0.010755718685686588,0.00018181979464465805,87.57075892895227,1.0567706823349,0.0039433944039046764,0.001490769675001502,2.2517006073030643e-05,3.88374573958572e-05,0.023267511278390884,0.016372131183743477,0.0,0.003564058104529977,0.00015473971143364906,0.08371046930551529,,,,
758,0.0099675627425313,0.00018078976316115213,87.69184501195559,1.2274621725082397,0.0035373475402593613,0.0016181513201445341,2.7736543415812775e-05,9.064885489351582e-06,0.017441650852560997,0.014083115383982658,0.0,0.00777081772685051,7.328196079470217e-05,0.08368012309074402,,,,
759,0.009746779687702656,0.0001797631288937204,87.8109058580012,0.16704033315181732,0.003552066395059228,0.0016087833791971207,1.3439442227536347e-05,9.231582225766033e-06,0.017038188874721527,0.01293895486742258,0.0,0.006243509240448475,0.00020879680232610554,0.0836586058139801,,,,
760,0.010428889654576778,0.00017873990197482867,87.9302251629997,0.5238150358200073,0.003788287751376629,0.0019902263302356005,1.26363838717225e-05,1.8215603631688282e-05,0.018769891932606697,0.010648086667060852,0.0,0.004201880656182766,5.459012390929274e-05,0.08364040404558182,,,,
761,0.01047450304031372,0.0001777200925033138,88.05015547096264,0.42559579014778137,0.0035509488079696894,0.0020132260397076607,1.1520124644448515e-05,9.910262633638922e-06,0.013494310900568962,0.010165376588702202,0.0,0.013455633074045181,0.00023514607164543122,0.08361778408288956,,,,
762,0.009460248984396458,0.00017670371054428333,88.1678159199655,0.9952309131622314,0.00347003317438066,0.0015557178994640708,3.220950748072937e-05,1.4116346392256673e-05,0.011837050318717957,0.012651932425796986,0.0,0.0067986976355314255,0.00013493727601598948,0.08360400050878525,,,,
763,0.009481745772063732,0.0001756907661290167,88.28991538798437,0.15753574669361115,0.003140098415315151,0.001681288704276085,6.521051545860246e-06,8.505931873514783e-06,0.025553666055202484,0.011373238638043404,0.0,0.0048749735578894615,8.644780609756708e-05,0.08359683305025101,,,,
764,0.009885522536933422,0.00017468126925486668,88.41195475298446,0.774138867855072,0.0039388639852404594,0.0015683481469750404,1.3810742530040443e-05,2.2197767975740135e-05,0.01791805773973465,0.011697731912136078,0.0,0.003547855420038104,0.00012322205293457955,0.08358745276927948,,,,
765,0.009074279107153416,0.00017367522988515977,88.53111247095512,0.17402923107147217,0.0036574092227965593,0.0016403167974203825,7.929508683446329e-06,8.073953722487204e-06,0.022257164120674133,0.005147984251379967,0.0,0.004309707321226597,4.948196146870032e-05,0.0835769772529602,,,,
766,0.00922731775790453,0.0001726726579490982,88.6498245059629,0.9993950724601746,0.003306402824819088,0.0016201222315430641,1.9094793969998136e-05,1.0742483937065117e-05,0.013845380395650864,0.013193048536777496,0.0,0.004899102263152599,4.220497066853568e-05,0.08356374502182007,,,,
767,0.009390871971845627,0.00017167356334166233,88.76913622696884,1.0699542760849,0.003060379298403859,0.0015806229785084724,1.3816221326123923e-05,2.0018129362142645e-05,0.0276199784129858,0.009833079762756824,0.0,0.005735176149755716,9.62902486207895e-05,0.0835472047328949,,,,
768,0.011949462816119194,0.00017067795592351278,88.8896920819534,0.3817034661769867,0.004028873518109322,0.0020048466976732016,9.783771020011045e-06,7.526700755988713e-06,0.014724637381732464,0.019678674638271332,0.0,0.013683690689504147,0.0002659715246409178,0.08353452384471893,,,,
769,0.010611339472234249,0.0001696858455208927,89.00942853995366,0.6387971043586731,0.0036751364823430777,0.0016706595197319984,1.900169809232466e-05,7.817218829586636e-06,0.020326558500528336,0.016781197860836983,0.0,0.0070894015952944756,0.00019425050413701683,0.08352680504322052,,,,
770,0.009994839318096638,0.000168697241925531,89.13151959795505,0.28234538435935974,0.00357626099139452,0.0016612550243735313,1.1573256415431388e-05,1.619880822545383e-05,0.016873177140951157,0.014533503912389278,0.0,0.0053499178029596806,0.00017031576135195792,0.08352680504322052,,,,
771,0.010114224627614021,0.00016771215489454647,89.24908460094593,0.3834677040576935,0.0035721296444535255,0.0017190718790516257,1.1604428436839953e-05,1.866755155788269e-05,0.020087748765945435,0.011491580866277218,0.0,0.00798606127500534,0.00016486129607073963,0.08352239429950714,,,,
772,0.01069661509245634,0.00016673059415035,89.36656966694864,0.2707184851169586,0.003645302029326558,0.002210655715316534,1.2988732123631053e-05,1.4213203030521981e-05,0.01840125396847725,0.007758878171443939,0.0,0.006632090546190739,0.0002469121536705643,0.0835152342915535,,,,
773,0.009126052260398865,0.00016575256938055024,89.48425637697801,0.2459200620651245,0.003396487794816494,0.001476966543123126,1.2621710993698798e-05,7.797705620760098e-06,0.025193851441144943,0.009411755949258804,0.0,0.0023869620636105537,0.00016771239461377263,0.08350806683301926,,,,
774,0.009912758134305477,0.00016477809023785647,89.60088400298264,0.32645562291145325,0.003920011222362518,0.001752480398863554,1.0376277714385651e-05,6.668446985713672e-06,0.01976935565471649,0.009250067174434662,0.0,0.0051122200675308704,6.475757254520431e-05,0.08349594473838806,,,,
775,0.011394686065614223,0.00016380716633998467,89.71369187097298,0.4839067757129669,0.0033903615549206734,0.002217005006968975,8.28583688416984e-06,1.0397352525615133e-05,0.030552929267287254,0.015530968084931374,0.0,0.0024863258004188538,9.494271216681227e-05,0.08347940444946289,18.2926266181957,25.826822224763035,1.807550554585683,1.0788989315392097
776,0.010655537247657776,0.00016283980726956174,89.85807633795775,0.31843435764312744,0.003960917238146067,0.0017947291489690542,6.562039743585046e-06,1.101826910598902e-05,0.025281153619289398,0.011181902140378952,0.0,0.0073956819251179695,9.386469901073724e-05,0.08346177637577057,,,,
777,0.009736069478094578,0.000161876022574031,89.97720455599483,0.6906041502952576,0.0038425035309046507,0.001583696692250669,1.2400632840581238e-05,5.6108201533788815e-06,0.0269528329372406,0.007275265641510487,0.0,0.006458657328039408,6.451926310546696e-05,0.083436980843544,,,,
778,0.010013771243393421,0.00016091582176555816,90.09350798098603,0.3101150691509247,0.003750532167032361,0.001679820939898491,1.2130304639867973e-05,1.4200462828739546e-05,0.03187894448637962,0.0059603797271847725,0.0,0.004983208142220974,0.00011773198639275506,0.08341218531131744,,,,
779,0.010118690319359303,0.00015995921432093802,90.20982427895069,0.5242001414299011,0.003921600989997387,0.001739268540404737,2.0170682546449825e-05,2.046822010015603e-05,0.016120411455631256,0.009305690415203571,0.0,0.005791081581264734,0.0002026357251452282,0.08338409662246704,,,,
780,0.010362803004682064,0.00015900620968149957,90.32781946798787,0.4147929549217224,0.003253132803365588,0.0014426398556679487,1.550289562146645e-05,7.662901225558016e-06,0.03838419169187546,0.015348505228757858,0.0,0.004680197685956955,0.0002213094849139452,0.08335325866937637,,,,
781,0.01013694517314434,0.0001580568172530138,90.44135267997626,0.5178796052932739,0.0035316995345056057,0.0015701046213507652,1.8444527086103335e-05,7.803608241374604e-06,0.035544540733098984,0.009440590627491474,0.0,0.003474727738648653,0.0002242131595266983,0.08331912010908127,,,,
782,0.00892935786396265,0.0001571110464056009,90.55810898198979,0.454372763633728,0.0033062624279409647,0.0013871858827769756,1.2456528565962799e-05,1.29768041006173e-05,0.025176024064421654,0.009780840948224068,0.0,0.0035489285364747047,9.677739581093192e-05,0.08328058570623398,,,,
783,0.009051894769072533,0.00015616890647363721,90.67977342498489,0.802975594997406,0.003302142955362797,0.0017203869065269828,6.151827165012946e-06,1.3833188859280199e-05,0.011890124529600143,0.009455387480556965,0.0,0.006565424147993326,0.0001575678907101974,0.0832437127828598,,,,
784,0.009770054370164871,0.00015523040675566335,90.79558391496539,1.2233185768127441,0.0032650355715304613,0.00184417306445539,3.161103813908994e-05,1.3707684047403745e-05,0.019542571157217026,0.011101854965090752,0.0,0.0030845082364976406,3.873425885103643e-05,0.08321124315261841,,,,
785,0.010325349867343903,0.00015429555651429278,90.91139604698401,0.2995690405368805,0.0034714501816779375,0.0018561617471277714,1.4818302588537335e-05,1.1592506780289114e-05,0.023736394941806793,0.012994939461350441,0.0,0.003434242680668831,0.00013626432337332517,0.08317768573760986,,,,
786,0.009421801194548607,0.0001533643649761201,91.02981127396924,1.0960861444473267,0.0032913920003920794,0.0016643060371279716,2.2582080418942496e-05,3.252602618886158e-05,0.010651599615812302,0.009781833738088608,0.0,0.01129750907421112,9.194023732561618e-05,0.08313863724470139,,,,
787,0.008929595351219177,0.00015243684133162976,91.14380971295759,0.443121999502182,0.0032263833563774824,0.001553419977426529,1.810222602216527e-05,8.638238796265796e-06,0.021648097783327103,0.008294353261590004,0.0,0.0058408575132489204,4.1979190427809954e-05,0.08310453593730927,,,,
788,0.00903323944658041,0.00015151299473510564,91.258161480946,0.5700122714042664,0.003253269474953413,0.0016646371223032475,1.6375282939407043e-05,9.629427950130776e-06,0.021274175494909286,0.007806359324604273,0.0,0.002907269634306431,0.00011787404218921438,0.08306660503149033,,,,
789,0.00837919395416975,0.0001505928343045405,91.37415302998852,0.33060193061828613,0.0033726440742611885,0.0015061474405229092,5.98926771999686e-06,8.728903594601434e-06,0.011257296428084373,0.0065463148057460785,0.0,0.0058271801099181175,0.00025518937036395073,0.08302813023328781,,,,
790,0.009513447061181068,0.00014967636912154654,91.48884064296726,0.41541850566864014,0.00312334718182683,0.00160171277821064,1.5454425010830164e-05,1.3752052836935036e-05,0.026016708463430405,0.011499801650643349,0.0,0.005863807164132595,6.76164636388421e-05,0.08298636227846146,,,,
791,0.008798949420452118,0.00014876360823126516,91.60566693596775,0.5647727847099304,0.003368031233549118,0.0015056005213409662,1.1355917195032816e-05,9.0014891611645e-06,0.01731463149189949,0.00825542863458395,0.0,0.005305102095007896,0.00017667197971604764,0.08294131606817245,,,,
792,0.009599685668945312,0.0001478545606422777,91.72457259596558,0.4518178403377533,0.003155288752168417,0.0017002902459353209,7.3400524343014695e-06,1.600035648152698e-05,0.02251896634697914,0.01123850792646408,0.0,0.006261751987040043,0.00016462653002236038,0.08290012180805206,,,,
793,0.00879282783716917,0.00014694923532651699,91.84573819598882,0.22811676561832428,0.0032476168125867844,0.0016955933533608913,1.669268385739997e-05,8.254948625108227e-06,0.017502659931778908,0.007246140856295824,0.0,0.0031126150861382484,6.631094584008679e-05,0.08285894244909286,,,,
794,0.008919122628867626,0.00014604764121917835,91.96648376999656,0.31890299916267395,0.003135921899229288,0.001690177246928215,1.2992944903089665e-05,7.688282494200394e-06,0.018080580979585648,0.00897925067692995,0.0,0.004022983368486166,0.00011011397873517126,0.08281666785478592,,,,
795,0.010645815171301365,0.00014514978721863166,92.0880596700008,0.16733358800411224,0.003270769491791725,0.00165580864995718,1.728791175992228e-05,1.1126528079330456e-05,0.039007239043712616,0.01451500691473484,0.0,0.0037506353110074997,0.00010711568029364571,0.08277331292629242,,,,
796,0.009837891906499863,0.0001442556821863331,92.21036711498164,0.7002636790275574,0.0033596029970794916,0.0017618236597627401,1.6721629435778596e-05,1.5013326446933206e-05,0.02343386970460415,0.009760066866874695,0.0,0.003615295747295022,0.00022609595907852054,0.08273051679134369,,,,
797,0.008889606222510338,0.00014336533494673894,92.32688613096252,0.8339284658432007,0.0028170289006084204,0.0017543265130370855,1.879961200756952e-05,7.913564331829548e-06,0.01453214418143034,0.011712668463587761,0.0,0.0045555587857961655,8.845331467455253e-05,0.08268608152866364,,,,
798,0.008923156186938286,0.00014247875428721667,92.44843676395249,0.2029658406972885,0.003350017359480262,0.001808510860428214,9.467091331316624e-06,1.0368768926127814e-05,0.008244222030043602,0.007811391726136208,0.0,0.006587844807654619,0.0001523738174000755,0.08264276385307312,,,,
799,0.009063688106834888,0.00014159594895795952,92.56616153096547,0.5075262784957886,0.0029419423080980778,0.0013924052473157644,1.0564762305875774e-05,1.7075130017474294e-05,0.028455879539251328,0.012255568988621235,0.0,0.004283362999558449,0.00011541591084096581,0.08260109275579453,,,,
800,0.008868515491485596,0.0001407169276718996,92.68188896297943,0.19453521072864532,0.003057953668758273,0.0017264847410842776,8.324735063069966e-06,9.618444892112166e-06,0.021311171352863312,0.008159969002008438,0.0,0.0026966717559844255,7.920866482891142e-05,0.08256272226572037,19.699053321196068,27.80426334218648,2.2144209375508543,1.0737909076397787
801,0.01117612887173891,0.0001398416991046223,92.82715057797031,0.7380312085151672,0.0030516511760652065,0.0015447838231921196,1.929805875988677e-05,1.2348577001830563e-05,0.0407850481569767,0.022147417068481445,0.0,0.005667096935212612,9.857349505182356e-05,0.08252052962779999,,,,
802,0.008829392492771149,0.00013897027189428,92.94366338499822,0.27502843737602234,0.0032544818241149187,0.0014899626839905977,1.4110572010395117e-05,5.566043910221197e-06,0.019645843654870987,0.010726582258939743,0.0,0.004856951534748077,1.7940412362804636e-05,0.0824805349111557,,,,
803,0.008508161641657352,0.00013810265464150762,93.06123589898925,0.5656575560569763,0.003068410325795412,0.001548872096464038,1.486285327700898e-05,1.069782956619747e-05,0.01545930840075016,0.008667519316077232,0.0,0.006137494929134846,5.7367869885638356e-05,0.08244110643863678,,,,
804,0.008603241294622421,0.00013723885590933728,93.18698391597718,0.24501043558120728,0.003400011919438839,0.0015842439606785774,7.950568942760583e-06,6.710005891363835e-06,0.010049271397292614,0.010109004564583302,0.0,0.0036832508631050587,0.00010820561874425039,0.08240331709384918,,,,
805,0.010578901506960392,0.0001363788842231136,93.31072957499418,0.36346620321273804,0.0033266234677284956,0.001781025785021484,5.954078005743213e-06,8.841018825478386e-06,0.028837058693170547,0.01682852953672409,0.0,0.004712791182100773,9.956276335287839e-05,0.08236663788557053,,,,
806,0.009560544975101948,0.0001355227480704099,93.42697114299517,0.2927466332912445,0.0037689772434532642,0.0014380122302100062,8.481870281684678e-06,1.1993276530120056e-05,0.030218716710805893,0.007469570264220238,0.0,0.0049129631370306015,0.00012491624511312693,0.08233379572629929,,,,
807,0.008887079544365406,0.00013467045590094437,93.54377495398512,0.16898785531520844,0.003046901198104024,0.0011983559234067798,7.5223265412205365e-06,1.5035408068797551e-05,0.014788650907576084,0.020205480977892876,0.0,0.004285622853785753,0.0001613226195331663,0.08230370283126831,,,,
808,0.00881773792207241,0.00013382201612649664,93.65843136794865,0.13043524324893951,0.003109016688540578,0.001494918018579483,1.0647570888977498e-05,1.0900015695369802e-05,0.025181015953421593,0.008724244311451912,0.0,0.004305347800254822,7.438811735482886e-05,0.08227743953466415,,,,
809,0.008696050383150578,0.00013297743712082489,93.77193144796183,0.1756763756275177,0.0033316081389784813,0.001381022622808814,1.4230644410417881e-05,9.064968253369443e-06,0.024716801941394806,0.007726691663265228,0.0,0.002645968459546566,0.0001463817316107452,0.08225117623806,,,,
810,0.008520298637449741,0.00013213672721958288,93.8885652179597,0.13514560461044312,0.0032689999788999557,0.0013195350766181946,1.7352382201352157e-05,1.3369073712965474e-05,0.01963939145207405,0.008779646828770638,0.0,0.003804687410593033,0.0001726230257190764,0.08222109824419022,,,,
811,0.008771080523729324,0.0001312998947202378,94.00791801296873,0.3731720447540283,0.0030282037332654,0.0014478040393441916,2.6575680749374442e-05,1.3355812370718922e-05,0.013323492370545864,0.01234099455177784,0.0,0.0032347815576940775,0.0003037516726180911,0.08218937367200851,,,,
812,0.008013613522052765,0.00013046694788198873,94.12777050299337,0.3432731032371521,0.002810813719406724,0.0013028531102463603,1.339587015536381e-05,8.780101779848337e-06,0.023879826068878174,0.007357696536928415,0.0,0.004943466279655695,0.00011623796308413148,0.08216094225645065,,,,
813,0.009206140413880348,0.00012963789492568466,94.24422310199589,0.16430656611919403,0.00303142168559134,0.0014609091449528933,7.778338840580545e-06,9.975905413739383e-06,0.019372379407286644,0.017711615189909935,0.0,0.0020493674091994762,0.00015096893184818327,0.08213907480239868,,,,
814,0.009620311670005322,0.00012881274403374332,94.36209992697695,0.15048226714134216,0.0033035145606845617,0.001523048966191709,7.760768312436994e-06,1.0165087587665766e-05,0.03396153450012207,0.010494457557797432,0.0,0.004271184094250202,4.8245427024085075e-05,0.08211393654346466,,,,
815,0.009033983573317528,0.00012799150335007136,94.47899653494824,0.3240203261375427,0.0036278909537941217,0.0013965063262730837,8.114686352200806e-06,6.9610373429895844e-06,0.013223240152001381,0.014123528264462948,0.0,0.005436967127025127,3.486825880827382e-05,0.08209043741226196,,,,
816,0.008619028143584728,0.00012717418097998246,94.59384233894525,0.4421265125274658,0.003251854097470641,0.0011839061044156551,1.0532394298934378e-05,7.920518328319304e-06,0.032169900834560394,0.009252849966287613,0.0,0.002550305100157857,7.14754787622951e-05,0.08206256479024887,,,,
817,0.01052052341401577,0.0001263607849901185,94.71638446598081,0.28984472155570984,0.0036173376720398664,0.0013688075123354793,1.989882548514288e-05,8.486922524753027e-06,0.030453380197286606,0.01786458119750023,0.0,0.005179327912628651,0.00023158692056313157,0.08203251659870148,,,,
818,0.008336222730576992,0.00012555132340836948,94.84058067097794,0.9162529110908508,0.0029418335761874914,0.001397827174514532,1.6807447536848485e-05,1.816891017369926e-05,0.013989660888910294,0.01222238503396511,0.0,0.003931577783077955,4.867314055445604e-05,0.08199810236692429,,,,
819,0.010137324221432209,0.00012474580422379455,94.96377282496542,0.4940110743045807,0.0033899745903909206,0.0014680929016321898,1.2506871826190036e-05,5.7070201364695095e-06,0.03324243426322937,0.015948206186294556,0.0,0.0026941641699522734,0.00015541055472567677,0.08196260780096054,,,,
820,0.008831477724015713,0.00012394423538654263,95.08834697597194,0.44786378741264343,0.003225168213248253,0.001645950018428266,1.169405641121557e-05,6.512567324534757e-06,0.014161761850118637,0.00976804830133915,0.0,0.006355169229209423,4.7764056944288313e-05,0.08192766457796097,,,,
821,0.009170467033982277,0.0001231466248077748,95.20984546694672,0.2527964115142822,0.0033736294135451317,0.001674615079537034,1.457652251701802e-05,1.6520112694706768e-05,0.017626961693167686,0.009078122675418854,0.0,0.0037403518799692392,7.857276068534702e-05,0.0818905457854271,,,,
822,0.008669559843838215,0.00012235298035958526,95.32761337899137,0.7052465081214905,0.0030281676445156336,0.0015748426085337996,8.030760000110604e-06,2.601901906018611e-05,0.019463591277599335,0.007806878536939621,0.0,0.0028015587013214827,0.00017541188572067767,0.08185233920812607,,,,
823,0.009304901584982872,0.00012156330987492448,95.45080249296734,0.2884109318256378,0.0031403126195073128,0.0017313351854681969,1.576486465637572e-05,9.523588232696056e-06,0.02331518568098545,0.008722527883946896,0.0,0.0024137129075825214,0.00020852391025982797,0.08181305229663849,,,,
824,0.009335020557045937,0.00012077762114752125,95.57114492997061,0.8954549431800842,0.0026203934103250504,0.0016632957849651575,3.468131035333499e-05,7.026558705547359e-06,0.032253846526145935,0.00963554996997118,0.0,0.0049174148589372635,6.70661756885238e-05,0.08177323639392853,,,,
825,0.008837230503559113,0.00011999592193180604,95.6881388509646,0.5531447529792786,0.003138953587040305,0.0015885330503806472,7.619031293870648e-06,1.4883004041621462e-05,0.015347475185990334,0.007792276795953512,0.0,0.007794690318405628,0.00027811602922156453,0.08173833042383194,18.446686471793026,26.044819565937775,1.6932279421585672,1.260433991096168
826,0.008182452991604805,0.00011921821994283457,95.8335048709996,0.6819324493408203,0.0028527395334094763,0.0013528044801205397,7.109235411917325e-06,1.6564483303227462e-05,0.019567884504795074,0.008964521810412407,0.0,0.0038312901742756367,0.00023925032292027026,0.08170615881681442,,,,
827,0.008112135343253613,0.00011844452285621166,95.94991359498817,0.5230058431625366,0.0026192767545580864,0.0014104581205174327,2.1373423805925995e-05,8.26210634841118e-06,0.023636594414711,0.006600966211408377,0.0,0.005513702519237995,0.00017629771900828928,0.08167780935764313,,,,
828,0.009627392515540123,0.00011767483830801509,96.06734581297496,0.7688726186752319,0.0032325906213372946,0.0015429349150508642,1.6483299987157807e-05,7.807033398421481e-06,0.03754010796546936,0.009597579948604107,0.0,0.0021846843883395195,3.838005068246275e-05,0.0816521942615509,,,,
829,0.008462267927825451,0.00011690917389472043,96.18426198797533,0.8026121258735657,0.003029751358553767,0.001295898575335741,1.1467094736872241e-05,1.840676304709632e-05,0.019629087299108505,0.010555488057434559,0.0,0.002929606009274721,0.00027687157853506505,0.0816260352730751,,,,
830,0.008152853697538376,0.00011614753717312668,96.30821001098957,0.5927571058273315,0.002739900490269065,0.0014672735705971718,1.2809402505808976e-05,1.3104107893013861e-05,0.028105758130550385,0.003969983663409948,0.0,0.005316263064742088,6.95692579029128e-05,0.08160151541233063,,,,
831,0.008831227198243141,0.0001153899356602806,96.42849555396242,0.7663466930389404,0.003073163563385606,0.0015123940538614988,1.1053986781917047e-05,1.2362698726064991e-05,0.02258332446217537,0.00926993228495121,0.0,0.006084741558879614,5.7138029660563916e-05,0.08157481998205185,,,,
832,0.009308955632150173,0.00011463637683340301,96.54793967097066,0.5084124803543091,0.0029578860849142075,0.0013902259524911642,9.540198334434535e-06,1.0194813512498513e-05,0.04199835658073425,0.010054795071482658,0.0,0.002223532646894455,7.514287426602095e-05,0.08155085146427155,,,,
833,0.008087879046797752,0.00011388686812981586,96.66400019900175,0.5330548286437988,0.002799438778311014,0.0014680501772090793,1.4605329852201976e-05,1.1544660083018243e-05,0.01264255866408348,0.011126654222607613,0.0,0.0035932688042521477,8.4859442722518e-05,0.08152416348457336,,,,
834,0.008464609272778034,0.00011314141694686715,96.78043073095614,0.8473293781280518,0.003315037116408348,0.0015483306488022208,1.7587684851605445e-05,1.4579307389794849e-05,0.013615304604172707,0.0071054259315133095,0.0,0.0039042658172547817,6.322153058135882e-05,0.0814969390630722,,,,
835,0.009635131806135178,0.00011240003064185916,96.89720063499408,0.4265194535255432,0.003321853233501315,0.0016094790771603584,9.874545867205597e-06,7.365082183241611e-06,0.03351437300443649,0.008683026768267155,0.0,0.004845612682402134,5.415376654127613e-05,0.0814686268568039,,,,
836,0.008094828575849533,0.00011166271653197525,97.01224074600032,0.7197085618972778,0.0031105184461921453,0.001518456032499671,1.619719114387408e-05,9.761746696312912e-06,0.011533496901392937,0.006383683532476425,0.0,0.006357638631016016,7.344070036197081e-05,0.08144304156303406,,,,
837,0.00865630991756916,0.00011092948189420829,97.1301021509571,0.23884862661361694,0.0032133401837199926,0.001499038189649582,7.651251507923007e-06,1.0985620974679478e-05,0.02755403146147728,0.004135440103709698,0.0,0.0057213762775063515,9.978970047086477e-05,0.08142072707414627,,,,
838,0.00820816121995449,0.00011020033396528789,97.24921407195507,0.7698332071304321,0.0029589810874313116,0.0013548405840992928,7.012940841377713e-06,2.0976614905521274e-05,0.017618458718061447,0.008548205718398094,0.0,0.004315221216529608,0.00022669816098641604,0.08140004426240921,,,,
839,0.009619155898690224,0.00010947527994160992,97.36811368400231,0.17159916460514069,0.003350889775902033,0.001417775871232152,1.6024250726331957e-05,7.153908427426359e-06,0.02274029515683651,0.012823719531297684,0.0,0.007561465725302696,0.0003220949147362262,0.08137773722410202,,,,
840,0.009227998554706573,0.00010875432697916476,97.48485536297085,0.8237380385398865,0.0034382424782961607,0.0014158084522932768,2.1329677110770717e-05,1.0065762580779847e-05,0.023901186883449554,0.01063146535307169,0.0,0.003658960573375225,0.00012167068780399859,0.08136032521724701,,,,
841,0.007846536114811897,0.00010803748219346721,97.60138792300131,0.10684861242771149,0.003064448246732354,0.0013164400588721037,1.7217609638464637e-05,9.580160622135736e-06,0.018604427576065063,0.006144067272543907,0.0,0.0024902645964175463,0.00013074674643576145,0.081342913210392,,,,
842,0.009530345909297466,0.00010732475265948582,97.71668865095126,0.929241955280304,0.0029170538764446974,0.0015115812420845032,1.3985740224597976e-05,1.9099072233075276e-05,0.01952216774225235,0.0159602127969265,0.0,0.004171175416558981,0.00039726897375658154,0.08132442086935043,,,,
843,0.009226099587976933,0.00010661614541157327,97.8340505779488,0.057589612901210785,0.0032001719810068607,0.001581708900630474,1.4954621292417869e-05,8.726733540243004e-06,0.03486880287528038,0.0049457247368991375,0.0,0.004221345763653517,9.531184332445264e-05,0.08130484074354172,,,,
844,0.008930080570280552,0.00010591166744339711,97.95168146595825,0.7079102396965027,0.0032964516431093216,0.0013827135553583503,1.6108022464322858e-05,8.181450539268553e-06,0.021722648292779922,0.012684114277362823,0.0,0.0029883282259106636,4.006199014838785e-05,0.081285260617733,,,,
845,0.009133996441960335,0.00010521132570787058,98.06939790595789,0.26374757289886475,0.0031396045815199614,0.0014009283622726798,8.98539201443782e-06,8.495211659464985e-06,0.036104317754507065,0.0059566134586930275,0.0,0.007476972881704569,0.0001617389207240194,0.08126460015773773,,,,
846,0.00839290488511324,0.00010451512711708378,98.1846757499734,0.5986243486404419,0.003220934886485338,0.001344891730695963,1.214201984112151e-05,1.270976190426154e-05,0.02777639776468277,0.00498465821146965,0.0,0.004030571319162846,6.361057603498921e-05,0.08124393969774246,,,,
847,0.009079922921955585,0.00010382307854223562,98.30103702796623,0.2928449511528015,0.0029398882761597633,0.001466904766857624,1.4881540664646309e-05,1.2502228855737485e-05,0.03016837313771248,0.010287420824170113,0.0,0.005174613557755947,5.5270949815167114e-05,0.08122491091489792,,,,
848,0.008832492865622044,0.00010313518681356635,98.41690977994585,0.48230674862861633,0.0028140891809016466,0.001520522404462099,1.001046894089086e-05,7.124965122784488e-06,0.017121125012636185,0.015621436759829521,0.0,0.003994039725512266,0.00010689725604606792,0.08120697736740112,,,,
849,0.007793853525072336,0.00010245145872028952,98.53486718196655,0.29774507880210876,0.0026817009784281254,0.001216347562149167,1.173517739516683e-05,6.032246346876491e-06,0.013237165287137032,0.015410583466291428,0.0,0.0026547382585704327,8.494177018292248e-05,0.08118795603513718,,,,
850,0.008991928771138191,0.00010177190101052528,98.65360929799499,0.3070916533470154,0.002875817706808448,0.0016708800103515387,1.5154833818087354e-05,1.0177917829423677e-05,0.024249374866485596,0.010539622977375984,0.0,0.002632792806252837,4.178520612185821e-05,0.08116784691810608,19.469715990087682,27.490199308030206,1.8998103761863474,1.1171246496204874
851,0.007975675165653229,0.00010109652039123391,98.79927407100331,0.32434552907943726,0.0029278493020683527,0.0013145932462066412,1.94718231796287e-05,1.42856979437056e-05,0.015013748779892921,0.008757428266108036,0.0,0.005243172403424978,0.00011132911458844319,0.08114611357450485,,,,
852,0.008833037689328194,0.00010042532352814968,98.91558588598855,0.09413117915391922,0.0029884404502809048,0.001382055226713419,1.0049796401290223e-05,8.193794201361015e-06,0.02690708264708519,0.011717921122908592,0.0,0.003707262920215726,0.00011441519745858386,0.08112655580043793,,,,
853,0.008320638909935951,9.975831704571447e-05,99.0334535180009,0.5497592091560364,0.0029706493951380253,0.0015300540253520012,2.073548239422962e-05,8.911822988011409e-06,0.02104908786714077,0.005691618658602238,0.0,0.0033802776597440243,0.00012167186650913209,0.081106998026371,,,,
854,0.008319579064846039,9.909550752701293e-05,99.14985741197597,0.14509427547454834,0.0030290004797279835,0.001334305270574987,1.930072539835237e-05,1.257928215636639e-05,0.010717984288930893,0.01273011602461338,0.0,0.004245573654770851,0.00020088993187528104,0.08108852803707123,,,,
855,0.008521533571183681,9.843690151370759e-05,99.26330674899509,0.3569459021091461,0.003251502523198724,0.0013461692724376917,6.3711941038491204e-06,1.5347563021350652e-05,0.0225865226238966,0.008067797869443893,0.0,0.004430494271218777,0.0001218039178638719,0.08107060194015503,,,,
856,0.008711901493370533,9.77825055059737e-05,99.38133596099215,0.4104395806789398,0.0032080821692943573,0.001518819248303771,6.75629553370527e-06,1.3103252058499493e-05,0.017996305599808693,0.006881763227283955,0.0,0.008673805743455887,0.00016485038213431835,0.081053227186203,,,,
857,0.00860207062214613,9.713232596243588e-05,99.5044145109714,0.40141013264656067,0.0031834307592362165,0.0013875514268875122,1.877777322079055e-05,7.4622621468734e-06,0.019908921793103218,0.010244923643767834,0.0,0.0029781630728393793,0.00013124968972988427,0.08103965222835541,,,,
858,0.009443407878279686,9.648636930010361e-05,99.62329579395009,0.38298898935317993,0.003175786230713129,0.0015180741902440786,1.5125366189749911e-05,6.660907274635974e-06,0.023351730778813362,0.01363373827189207,0.0,0.005991739220917225,0.00010203997953794897,0.08102336525917053,,,,
859,0.008833742700517178,9.584464189430842e-05,99.73915592394769,0.09706633538007736,0.002871415577828884,0.0013858736492693424,1.181381958303973e-05,9.080362360691652e-06,0.03128881752490997,0.006964989937841892,0.0,0.011667400598526001,5.631717067444697e-05,0.08101142197847366,,,,
860,0.008466266095638275,9.520715007864077e-05,99.85632618499221,0.4094727635383606,0.0029163099825382233,0.0015348297310993075,7.292191639862722e-06,9.289036825066432e-06,0.023238923400640488,0.008549770340323448,0.0,0.0036865773145109415,3.223143721697852e-05,0.0809994786977768,,,,
861,0.008230810984969139,9.457390014488737e-05,99.9706558509497,0.3372500240802765,0.0029672470409423113,0.0014270057436078787,7.113514584489167e-06,9.25410131458193e-06,0.019401412457227707,0.00977381318807602,0.0,0.0031531481072306633,5.978104309178889e-05,0.0809859111905098,,,,
862,0.008797409012913704,9.39448983429694e-05,100.08781436894787,0.6330899000167847,0.0032571828924119473,0.001404985086992383,1.9636236174847e-05,7.620579708600417e-06,0.014070400036871433,0.011698816902935505,0.0,0.008645959198474884,7.101653318386525e-05,0.0809723362326622,,,,
863,0.0083836130797863,9.33201508808809e-05,100.20651777199237,0.5666983127593994,0.0031448458321392536,0.0012399274855852127,1.249598335562041e-05,7.19996523912414e-06,0.008161325938999653,0.016919035464525223,0.0,0.0033765174448490143,0.00021219461632426828,0.08096256852149963,,,,
864,0.008730549365282059,9.269966392462704e-05,100.32232669595396,0.6740595102310181,0.003156262217089534,0.0016350767109543085,7.325684237002861e-06,1.4538736650138162e-05,0.01628199778497219,0.009115592576563358,0.0,0.00446699932217598,5.552830043598078e-05,0.08095225691795349,,,,
865,0.008868711069226265,9.208344359816346e-05,100.438058928994,0.604133665561676,0.0036336970515549183,0.001294267363846302,1.939001231221482e-05,1.3840775864082389e-05,0.014638383872807026,0.011514412239193916,0.0,0.00586278922855854,5.67318347748369e-05,0.08094032108783722,,,,
866,0.008696428500115871,9.147149598333617e-05,100.55435827095062,0.34749969840049744,0.0029952682089060545,0.0012469389475882053,6.502613359771203e-06,8.275778782262933e-06,0.016427867114543915,0.017895661294460297,0.0,0.004409912042319775,0.00014711462426930666,0.08092892169952393,,,,
867,0.00950607843697071,9.086382711982096e-05,100.67096751695499,0.6613380312919617,0.0027959623839706182,0.0016340872971341014,2.016109647229314e-05,8.512844033248257e-06,0.0314975380897522,0.01077770721167326,0.0,0.006824060343205929,8.043412526603788e-05,0.08091752976179123,,,,
868,0.00765683688223362,9.026044300506416e-05,100.7856239999528,0.0966302827000618,0.0031830838415771723,0.0011593925300985575,8.477960363961756e-06,8.26790346764028e-06,0.012362224981188774,0.01099163107573986,0.0,0.0024390292819589376,6.737546209478751e-05,0.08090721815824509,,,,
869,0.008771874010562897,8.966134959422344e-05,100.90155027096625,0.6197659373283386,0.003115624887868762,0.0018427164759486914,1.0847960766113829e-05,1.7201396985910833e-05,0.011445941403508186,0.006726158782839775,0.0,0.004974443465471268,0.00011579180136322975,0.08089637011289597,,,,
870,0.007902706041932106,8.906655280010894e-05,101.02010852098465,0.30694863200187683,0.0025834233965724707,0.0013563575921580195,1.0221202501270454e-05,1.0947310329356696e-05,0.027920793741941452,0.005747681483626366,0.0,0.0036587282083928585,0.00016025168588384986,0.08088606595993042,,,,
871,0.008533953689038754,8.84760584931249e-05,101.13861232798081,0.9469848275184631,0.0030291613657027483,0.0014569482300430536,2.05438191187568e-05,7.560894573543919e-06,0.012432037852704525,0.013112751767039299,0.0,0.004367945250123739,7.770232332404703e-05,0.08087196201086044,,,,
872,0.008508983068168163,8.788987250121166e-05,101.25534769095248,0.1944708675146103,0.002847292460501194,0.0015389067120850086,1.429264921171125e-05,7.126211130525917e-06,0.01532450970262289,0.01312030665576458,0.0,0.0036640502512454987,2.7373042030376382e-05,0.08085677772760391,,,,
873,0.007819321937859058,8.730800060978826e-05,101.37051212898223,0.5691236853599548,0.0028650315944105387,0.0014133830554783344,8.111386705422774e-06,1.5131124200706836e-05,0.02469107136130333,0.0034881816245615482,0.0,0.002549335826188326,0.00010342124733142555,0.08083996176719666,,,,
874,0.009396451525390148,8.673044856169541e-05,101.48731403396232,0.2796081006526947,0.0027741026133298874,0.001563953934237361,1.1776477549574338e-05,1.1128208825539332e-05,0.028364231809973717,0.015376084484159946,0.0,0.0030545969493687153,7.602170808240771e-05,0.08082260936498642,,,,
875,0.008617045357823372,8.615722205713879e-05,101.60350175399799,0.247939333319664,0.0029612542130053043,0.0014537734678015113,2.5509041734039783e-05,6.293389560596552e-06,0.015876203775405884,0.012250471860170364,0.0,0.004904967732727528,8.530894410796463e-05,0.08080580085515976,20.072043735583474,28.34281246184943,2.0484721619430575,0.8494022600113779
876,0.008065239526331425,8.558832675363237e-05,101.7455090439762,0.2694997489452362,0.002937361830845475,0.0014363637892529368,1.669359153311234e-05,8.52341327117756e-06,0.012925674207508564,0.00958984438329935,0.0,0.004734610207378864,8.019176311790943e-05,0.08079008013010025,,,,
877,0.007506550755351782,8.502376826594335e-05,101.87491523998324,0.15250451862812042,0.003027087077498436,0.0011690490646287799,1.4083004316489678e-05,7.903186997282319e-06,0.01588064432144165,0.008072890341281891,0.0,0.004076354671269655,3.558981552487239e-05,0.08077435940504074,,,,
878,0.008943629451096058,8.446355216603588e-05,102.01006393396528,0.36596599221229553,0.0026123255956918,0.001508844899944961,4.96343091072049e-06,1.1317641110508703e-05,0.03729917109012604,0.007561479229480028,0.0,0.006955999881029129,0.00010113825555890799,0.08075863867998123,,,,
879,0.007933873683214188,8.390768398301685e-05,102.1604596899706,0.12268270552158356,0.002725777216255665,0.0014928069431334734,6.557916094607208e-06,8.543544026906602e-06,0.019287433475255966,0.00701097259297967,0.0,0.004476281814277172,0.00010144353291252628,0.08074237406253815,,,,
880,0.008338427171111107,8.335616920308054e-05,102.30101202300284,0.08176558464765549,0.003035504836589098,0.001490556402131915,5.935601620876696e-06,7.783229193591978e-06,0.014950945973396301,0.011120722629129887,0.0,0.003616439877077937,6.344993016682565e-05,0.08072937279939651,,,,
881,0.008852818049490452,8.28090132694555e-05,102.42068057798315,0.4838901162147522,0.0033692067954689264,0.0011902397964149714,1.8248400010634214e-05,8.607837116869632e-06,0.02655496820807457,0.011828526854515076,0.0,0.0025785076431930065,0.00011432417522883043,0.08071744441986084,,,,
882,0.008796893991529942,8.226622158234977e-05,102.53865575796226,0.20547069609165192,0.002894703298807144,0.0012740985257551074,6.330761607387103e-06,9.930337000696454e-06,0.02201010286808014,0.01752469129860401,0.0,0.0029458950739353895,0.00011040971730835736,0.08070281893014908,,,,
883,0.009611913003027439,8.172779949889824e-05,102.66917672398267,0.5838984251022339,0.0026282640174031258,0.0016469493275508285,1.2577860616147518e-05,1.3617493095807731e-05,0.04501570016145706,0.00918414257466793,0.0,0.002567579969763756,4.953229654347524e-05,0.08068601787090302,,,,
884,0.007837819866836071,8.119375233310927e-05,102.78658415499376,0.16343751549720764,0.0028273866046220064,0.001310038729570806,1.2477612472139299e-05,8.587363481638022e-06,0.01787497103214264,0.010155491530895233,0.0,0.0029183232691138983,4.382360930321738e-05,0.08066922426223755,,,,
885,0.00806904211640358,8.066408535581303e-05,102.9062029949855,0.5438071489334106,0.0030310892034322023,0.001521552912890911,2.1154675778234378e-05,7.740485671092756e-06,0.011844192631542683,0.00800302904099226,0.0,0.0038583646528422832,3.9813327020965517e-05,0.08065135031938553,,,,
886,0.008131174370646477,8.013880379460866e-05,103.02576064196182,0.12134670466184616,0.0028729999903589487,0.0015155377332121134,1.5419736882904544e-05,8.904668902687263e-06,0.014918097294867039,0.00789003074169159,0.0,0.003441375447437167,0.00019624405831564218,0.08063510060310364,,,,
887,0.00821662787348032,7.961791283381301e-05,103.14183377398876,0.5051414370536804,0.0027245304081588984,0.0013842179905623198,1.4972664757806342e-05,1.6380989109165967e-05,0.019183915108442307,0.01145545020699501,0.0,0.002504408825188875,9.954635606845841e-05,0.08061669021844864,,,,
888,0.007895108312368393,7.910141761440981e-05,103.25753601797624,0.11789583414793015,0.003072927938774228,0.0013086027465760708,1.7679041775409132e-05,1.0978181308018975e-05,0.023804035037755966,0.003341674106195569,0.0,0.005540816579014063,3.6396180803421885e-05,0.08059611171483994,,,,
889,0.008457893505692482,7.858932323399816e-05,103.37794332398335,0.08842427283525467,0.002463981043547392,0.001575637492351234,1.1397884918551426e-05,1.0012776328949258e-05,0.029010724276304245,0.009357047267258167,0.0,0.002155948430299759,5.391525337472558e-05,0.08057715743780136,,,,
890,0.0073840501718223095,7.808163474674296e-05,103.49822370498441,0.45060181617736816,0.00293169473297894,0.0012440418358892202,1.984311529668048e-05,6.201213182066567e-06,0.013823923654854298,0.006935501471161842,0.0,0.0034507308155298233,6.598723120987415e-05,0.08055821061134338,,,,
891,0.008826697245240211,7.757835716332449e-05,103.61789083096664,0.08323105424642563,0.0028609426226466894,0.0014418604550883174,7.432157872244716e-06,9.2805048552691e-06,0.03366318345069885,0.00857373233884573,0.0,0.004521673545241356,6.775304791517556e-05,0.08053763955831528,,,,
892,0.008431126363575459,7.707949545088935e-05,103.73805474798428,0.16178670525550842,0.0027318326756358147,0.0011760283960029483,7.150571036618203e-06,1.178154161607381e-05,0.029781555756926537,0.011847921647131443,0.0,0.005140678025782108,0.00014649427612312138,0.08051761239767075,,,,
893,0.008101345039904118,7.65850545330014e-05,103.85552063398063,0.5346034169197083,0.0026510804891586304,0.0016247550956904888,6.4435462263645604e-06,1.4508800632029306e-05,0.021444177255034447,0.004582443740218878,0.0,0.003613475477322936,0.00019960766076110303,0.08049704879522324,,,,
894,0.007343187928199768,7.609503928959276e-05,103.97147887694882,0.2601257264614105,0.0029380617197602987,0.0013088516425341368,1.0002484486903995e-05,6.325994945655111e-06,0.01319839432835579,0.0064156195148825645,0.0,0.0037454883567988873,5.490406329045072e-05,0.08047756552696228,,,,
895,0.008400757797062397,7.560945455691598e-05,104.09167346096365,0.48346132040023804,0.002774361986666918,0.0012249158462509513,2.1820698748342693e-05,7.2729690145934e-06,0.04022068530321121,0.005451680161058903,0.0,0.0029634125530719757,0.0001007941464195028,0.08045971393585205,,,,
896,0.008358553051948547,7.512830512749649e-05,104.21178298897576,0.09880802035331726,0.0030972675886005163,0.001317812129855156,1.784021151252091e-05,5.6415933613607194e-06,0.01847398653626442,0.010319104418158531,0.0,0.004021361004561186,0.00015372218331322074,0.08044294267892838,,,,
897,0.008084788918495178,7.465159575008484e-05,104.33776788198156,0.3987974226474762,0.0030132271349430084,0.001212894800119102,9.23754669202026e-06,9.867864719126374e-06,0.02053220570087433,0.007979831658303738,0.0,0.0076783765107393265,0.0001657804532442242,0.08042509108781815,,,,
898,0.007830155082046986,7.417933112961001e-05,104.45435108197853,0.07624002546072006,0.002830873942002654,0.0012281008530408144,9.167370990326162e-06,5.782201242254814e-06,0.02307933196425438,0.010087057948112488,0.0,0.0019134128233417869,5.483028871822171e-05,0.08041048794984818,,,,
899,0.009162353351712227,7.37115159271334e-05,104.57271557796048,0.11832253634929657,0.0031041151378303766,0.0016095994506031275,9.898058124235831e-06,4.6271738938230556e-06,0.013228097930550575,0.015324427746236324,0.0,0.006382012739777565,0.00010044366354122758,0.08039480447769165,,,,
900,0.008759560063481331,7.324815475980207e-05,104.6907021359657,0.23012006282806396,0.0030212141573429108,0.0014193663373589516,6.824638603575295e-06,5.9627432165143546e-06,0.027907595038414,0.010473593138158321,0.0,0.004280459601432085,3.4595410397741944e-05,0.08038236200809479,19.66016114011799,27.765342094133594,1.8875423738261117,0.8345566488254237
901,0.008595973253250122,7.278925220080365e-05,104.83639625797514,0.16462846100330353,0.0027441312558948994,0.0015223585069179535,1.387992779200431e-05,7.012731657596305e-06,0.033162668347358704,0.0064591350965201855,0.0,0.002885955385863781,6.948747613932937e-05,0.08036614209413528,,,,
902,0.009034712798893452,7.23348127793211e-05,104.95621644996572,0.15333865582942963,0.00309912022203207,0.0013344732578843832,1.0371993084845599e-05,7.676684617763385e-06,0.03352637588977814,0.009541461244225502,0.0,0.0053660012781620026,0.00010704307351261377,0.08035100251436234,,,,
903,0.008158789947628975,7.188484098048812e-05,105.0765318069607,0.13656993210315704,0.003000575117766857,0.001220799284055829,2.466826481395401e-05,8.278743734990712e-06,0.01914968714118004,0.011126323603093624,0.0,0.002136093331500888,0.00012988645175937563,0.08033803105354309,,,,
904,0.007992439903318882,7.143934124534461e-05,105.19522975297878,0.6326380372047424,0.0033338028006255627,0.001217719865962863,7.484934030799195e-06,1.3550848052545916e-05,0.013817836530506611,0.00975000113248825,0.0,0.004140347242355347,5.960609996691346e-05,0.0803239718079567,,,,
905,0.009023387916386127,7.099831797079321e-05,105.31425585597754,0.43136197328567505,0.002599390223622322,0.0012267858255654573,1.1219874977541622e-05,8.665791938256007e-06,0.029618486762046814,0.01806662417948246,0.0,0.007527376525104046,2.7305944968247786e-05,0.08030775189399719,,,,
906,0.008510754443705082,7.05617755095555e-05,105.43364246300189,0.18666790425777435,0.002780374838039279,0.00138023030012846,8.552057806809898e-06,9.891647096083034e-06,0.030253976583480835,0.008506161160767078,0.0,0.004901849664747715,9.678157221060246e-05,0.08029316365718842,,,,
907,0.007985569536685944,7.012971817012945e-05,105.54979133896995,0.21853266656398773,0.0030697158072143793,0.0012556224828585982,1.7084395949495956e-05,8.701258593646344e-06,0.021939028054475784,0.007444433402270079,0.0,0.0031201504170894623,6.906850467203185e-05,0.08028072863817215,,,,
908,0.009306518360972404,6.970215021674649e-05,105.66649014898576,0.43830606341362,0.002926907502114773,0.0013361002784222364,9.901623343466781e-06,1.4980180822021794e-05,0.025163933634757996,0.01650368422269821,0.0,0.005985421594232321,0.00017048994777724147,0.08026614040136337,,,,
909,0.008988532237708569,6.92790758693297e-05,105.78584593598498,0.18325410783290863,0.003255593590438366,0.001324828714132309,8.970333510660566e-06,1.6993652025121264e-05,0.03279829025268555,0.00925364624708891,0.0,0.0020257311407476664,7.682127761654556e-05,0.08025425672531128,,,,
910,0.008127490058541298,6.886049930345206e-05,105.90729447000194,0.2470056414604187,0.002954714698716998,0.0011159074492752552,1.7314352589892223e-05,9.48331489780685e-06,0.02430528774857521,0.011469587683677673,0.0,0.0027563320472836494,9.270125156035647e-05,0.08024236559867859,,,,
911,0.008428307250142097,6.844642465029537e-05,106.02700563200051,0.26599228382110596,0.0027882717549800873,0.0014518372481688857,9.515644705970772e-06,9.121084076468833e-06,0.0223776176571846,0.009950902312994003,0.0,0.003961268812417984,0.0001577279035700485,0.08023101836442947,,,,
912,0.009338450618088245,6.803685599660926e-05,106.15255965199322,0.14761120080947876,0.003288049716502428,0.0016963239759206772,2.4137167201843113e-05,8.400053957302589e-06,0.024794919416308403,0.008226812817156315,0.0,0.002281597349792719,7.565406849607825e-05,0.08021967858076096,,,,
913,0.007709283381700516,6.76317973846709e-05,106.27126996795414,0.21522101759910583,0.0026495845522731543,0.00109401298686862,1.5004890883574262e-05,8.124254236463457e-06,0.02739264816045761,0.008901991881430149,0.0,0.0043296609073877335,8.385939872823656e-05,0.08020671457052231,,,,
914,0.007585552055388689,6.72312528122454e-05,106.38838937599212,0.10516972094774246,0.0026289797388017178,0.001367629854939878,1.0177365766139701e-05,8.848733159538824e-06,0.013348300941288471,0.01055697351694107,0.0,0.002045878442004323,0.00012545075151138008,0.08019483089447021,,,,
915,0.008125627413392067,6.683522623254598e-05,106.50500494497828,0.14943663775920868,0.002751181600615382,0.0012331386096775532,1.4506767911370844e-05,6.17442128714174e-06,0.02125411108136177,0.01082038227468729,0.0,0.006944491062313318,0.0001292050292249769,0.08018240332603455,,,,
916,0.008111224509775639,6.644372155419492e-05,106.62393454497214,0.11502314358949661,0.0028956150636076927,0.0013908441178500652,9.48367960518226e-06,9.344569662061986e-06,0.026461411267518997,0.005614558234810829,0.0,0.004410875495523214,6.0395002947188914e-05,0.08017322421073914,,,,
917,0.007312992122024298,6.605674264118549e-05,106.74194138398161,0.3069462478160858,0.0026917527429759502,0.0012768609449267387,1.1377625014574733e-05,1.0704624401114415e-05,0.011185698211193085,0.0077651496976614,0.0,0.00629120459780097,0.00011617319250945002,0.08016188442707062,,,,
918,0.009173190221190453,6.567429331284338e-05,106.86031111597549,0.08046223968267441,0.0031352953519672155,0.0012715671909973025,1.5291583622456528e-05,8.507080565323122e-06,0.03374840319156647,0.012013251893222332,0.0,0.0044984291307628155,6.295450293691829e-05,0.08015216141939163,,,,
919,0.009127188473939896,6.529637734378897e-05,106.98016706097405,0.37980565428733826,0.0030135002452880144,0.0014475805219262838,1.0637051673256792e-05,6.637240403506439e-06,0.030382463708519936,0.011412091553211212,0.0,0.0038292028475552797,0.0001138525694841519,0.08013920485973358,,,,
920,0.008458271622657776,6.492299846390025e-05,107.0967292059795,0.14781545102596283,0.002625391585752368,0.0018167843809351325,8.428189175901935e-06,4.933109266858082e-06,0.0206526517868042,0.006706655491143465,0.0,0.004907130729407072,3.6917517718393356e-05,0.08012570440769196,,,,
921,0.008245101198554039,6.455416035827612e-05,107.21755709894933,0.1277354657649994,0.0027617739979177713,0.0013701270800083876,7.809438102412969e-06,6.539994501508772e-06,0.021671190857887268,0.011562658473849297,0.0,0.00404601264744997,7.733764505246654e-05,0.08011382818222046,,,,
922,0.007605164777487516,6.418986666719976e-05,107.34180575696519,0.5491613149642944,0.0025867626536637545,0.001262855832464993,6.910990123287775e-06,8.862392860464752e-06,0.028181347995996475,0.005902979522943497,0.0,0.0024067959748208523,0.00013514843885786831,0.0801035687327385,,,,
923,0.008012021891772747,6.38301209861028e-05,107.45759239397012,0.050624508410692215,0.0025310427881777287,0.0014395042089745402,1.6626414435449988e-05,7.629547326359898e-06,0.011069606989622116,0.01464577205479145,0.0,0.0033785614650696516,9.233102900907397e-05,0.0800938531756401,,,,
924,0.00801725871860981,6.347492686552988e-05,107.58300528494874,0.41913947463035583,0.0030026829335838556,0.0014032847248017788,2.097236574627459e-05,6.925400157342665e-06,0.015527643263339996,0.008877638727426529,0.0,0.0024077952839434147,6.44092942820862e-05,0.08008360117673874,,,,
925,0.007881362922489643,6.312428781110366e-05,107.7028831349453,0.13221965730190277,0.0027697428595274687,0.0012225741520524025,7.282093065441586e-06,7.353211913141422e-06,0.020298389717936516,0.01238282211124897,0.0,0.002705925377085805,5.154854807187803e-05,0.08007172495126724,20.52643369625997,28.991968880161725,1.8501832922294081,0.9199042539580542
926,0.007995403371751308,6.277820728348992e-05,107.85298912297003,0.3748122453689575,0.0027937977574765682,0.001529391622170806,1.2857285582867917e-05,1.0631320037646219e-05,0.013340499252080917,0.00953169446438551,0.0,0.0028542294166982174,6.497047434095293e-05,0.08005931228399277,,,,
927,0.007770573254674673,6.243668869836385e-05,107.98146546899807,0.2733910083770752,0.002568865893408656,0.0013956241309642792,6.424029834306566e-06,9.388520993525162e-06,0.01614650897681713,0.010633837431669235,0.0,0.004544577561318874,7.434651342919096e-05,0.0800490602850914,,,,
928,0.008138190023601055,6.209973542637582e-05,108.10375559894601,0.19439095258712769,0.0030436303932219744,0.0014433215837925673,5.128527391207172e-06,1.1025260391761549e-05,0.013074927031993866,0.009456958621740341,0.0,0.0056447237730026245,8.466027793474495e-05,0.08003988116979599,,,,
929,0.007496991194784641,6.17673507931189e-05,108.22326153895119,0.27243271470069885,0.0024908091872930527,0.001294931978918612,1.4931703844922595e-05,9.591954949428327e-06,0.01756141521036625,0.009443605318665504,0.0,0.004606000147759914,3.8318627048283815e-05,0.08003070950508118,,,,
930,0.007847622036933899,6.143953807909503e-05,108.34379544499097,0.15538862347602844,0.0029527985025197268,0.0011568580521270633,2.2586409613722935e-05,8.71411702974001e-06,0.02026379480957985,0.00901876576244831,0.0,0.003944626078009605,7.578200893476605e-05,0.08002207428216934,,,,
931,0.00802853424102068,6.111630051968333e-05,108.45955488894833,0.11146464198827744,0.0029122845735400915,0.001257162308320403,1.2282939678698312e-05,7.029069820418954e-06,0.026025138795375824,0.008384156972169876,0.0,0.0030300074722617865,3.7620149669237435e-05,0.08001236617565155,,,,
932,0.007926431484520435,6.0797641305108106e-05,108.58260317397071,0.10007979720830917,0.0028491464909166098,0.0011626249179244041,1.2806445738533512e-05,1.0792698958539404e-05,0.02419537678360939,0.009499603882431984,0.0,0.004642352927476168,4.4192784116603434e-05,0.08000427484512329,,,,
933,0.007990092039108276,6.048356358040719e-05,108.70094564196188,0.2341676503419876,0.0026625036261975765,0.0013420985778793693,6.569712240889203e-06,9.506983587925788e-06,0.01649434119462967,0.011048424988985062,0.0,0.008708598092198372,3.763831773540005e-05,0.07999725639820099,,,,
934,0.00842483900487423,6.017407044540078e-05,108.82117462699534,0.22649113833904266,0.0029435099568217993,0.0015251347795128822,6.809442766098073e-06,8.405922017118428e-06,0.017027083784341812,0.01127686258405447,0.0,0.0030066734179854393,6.954035052331164e-05,0.07999132573604584,,,,
935,0.008179912343621254,5.9869164954661223e-05,108.93982659099856,0.2063116729259491,0.0030510209035128355,0.0011512560304254293,1.0346273484174162e-05,6.582531113963341e-06,0.029970835894346237,0.008558549918234348,0.0,0.004132837522774935,1.6068312106654048e-05,0.07998431473970413,,,,
936,0.008295656181871891,5.9568850117482746e-05,109.06003968598088,0.14035306870937347,0.003070805687457323,0.0012466125190258026,5.491843694471754e-06,7.064563760650344e-06,0.022520439699292183,0.009631963446736336,0.0,0.008378177881240845,1.795889693312347e-05,0.07997622340917587,,,,
937,0.00809301994740963,5.927312889785146e-05,109.1894199239905,0.06301123648881912,0.002633519470691681,0.0012717609060928226,6.258658686419949e-06,7.828803063603118e-06,0.031055983155965805,0.009676406159996986,0.0,0.002406954299658537,5.4347146942745894e-05,0.07996866852045059,,,,
938,0.008529912680387497,5.8982004214416365e-05,109.33867787796771,0.201126366853714,0.0027422483544796705,0.0014973310753703117,6.438581294787582e-06,9.306181709689554e-06,0.028213679790496826,0.008404500782489777,0.0,0.005400888621807098,3.441379521973431e-05,0.07996165752410889,,,,
939,0.008503897115588188,5.8695478940460573e-05,109.45859150995966,0.18033993244171143,0.002892719116061926,0.0012369686737656593,7.404659754683962e-06,1.0017382919613738e-05,0.03378411382436752,0.007799895014613867,0.0,0.006559668108820915,8.588557102484629e-05,0.07995464652776718,,,,
940,0.007521051913499832,5.841355590387286e-05,109.57689113495871,0.18618693947792053,0.0030590654350817204,0.001397127634845674,2.0082272385479882e-05,7.023983016551938e-06,0.006079506129026413,0.007577923126518726,0.0,0.0040198988281190395,5.395676998887211e-05,0.07994925230741501,,,,
941,0.008587072603404522,5.8136237887119895e-05,109.69751482998254,0.18000999093055725,0.0032655862160027027,0.001299526309594512,1.5036595868878067e-05,1.0962724445562344e-05,0.028899747878313065,0.006785617209970951,0.0,0.004367353860288858,4.05789032811299e-05,0.07994440197944641,,,,
942,0.008558554574847221,5.786352762721838e-05,109.81608912697993,0.10573800653219223,0.0027646413072943687,0.0015803845599293709,1.6169067748705857e-05,9.287665307056159e-06,0.03374016284942627,0.004761514253914356,0.0,0.002174540190026164,2.6751909899758175e-05,0.0799373909831047,,,,
943,0.008151032961905003,5.759542781570865e-05,109.93605727294926,0.14593783020973206,0.002683230210095644,0.001374996965751052,6.971768016228452e-06,9.598304131941404e-06,0.03375284746289253,0.004751638509333134,0.0,0.0037591084837913513,0.00012141632032580674,0.07992984354496002,,,,
944,0.006883399095386267,5.733194109862747e-05,110.05399240896804,0.3013632893562317,0.0023562652058899403,0.0011647038627415895,1.1883969818882179e-05,5.1936581257905345e-06,0.01927209459245205,0.005570029374212027,0.0,0.004579582717269659,0.0001974408223759383,0.07992228865623474,,,,
945,0.008766131475567818,5.707307007648242e-05,110.17354781297036,0.20848336815834045,0.0027585066854953766,0.0015738767106086016,1.9053199139307253e-05,6.985264917602763e-06,0.019618675112724304,0.011413767002522945,0.0,0.005665443371981382,0.0001139913365477696,0.07991420477628708,,,,
946,0.006803504191339016,5.6818817304225936e-05,110.28953280899441,0.08993491530418396,0.0029937243089079857,0.001209712354466319,6.945831955817994e-06,8.028020602068864e-06,0.0061497874557971954,0.006187490187585354,0.0,0.0030536900740116835,8.17865802673623e-05,0.07990773022174835,,,,
947,0.0075612603686749935,5.65691852912303e-05,110.40532551700016,0.19881127774715424,0.002916808007284999,0.0012727542780339718,6.972642950131558e-06,8.060016625677235e-06,0.007886729203164577,0.012163568288087845,0.0,0.0035301651805639267,8.151578367687762e-05,0.07989910244941711,,,,
948,0.00884465966373682,5.632417650126269e-05,110.52176901896019,0.06234538555145264,0.0029969161842018366,0.0014733088901266456,1.3516651051759254e-05,1.0703568477765657e-05,0.029218297451734543,0.00971208792179823,0.0,0.0020425948314368725,4.4778542360290885e-05,0.07989155501127243,,,,
949,0.008154398761689663,5.608379335246091e-05,110.63757119094953,0.18185284733772278,0.0030261364299803972,0.0013328883796930313,1.8380334950052202e-05,7.331840151891811e-06,0.020376693457365036,0.009264837950468063,0.0,0.001532205380499363,0.0001035516761476174,0.07988293468952179,,,,
950,0.009154850617051125,5.584803821730962e-05,110.75999734498328,0.12339169532060623,0.0029957927763462067,0.0013774459948763251,1.2752770089718979e-05,9.487879651715048e-06,0.026959717273712158,0.015472016297280788,0.0,0.0029706256464123726,5.816531484015286e-05,0.07987377047538757,19.49275412214794,27.529048545554524,1.81470620297578,0.9379055474555102
951,0.008109338581562042,5.56169134226168e-05,110.90844157995889,0.12143917381763458,0.002825291594490409,0.001298076007515192,1.2005444659735076e-05,8.539102054783143e-06,0.024176303297281265,0.009541983716189861,0.0,0.004067250527441502,3.621027644840069e-05,0.0798635259270668,,,,
952,0.009418405592441559,5.539042124949088e-05,111.02611762000015,0.28547021746635437,0.0029734312556684017,0.0015453267842531204,8.52642460813513e-06,1.1081498087150976e-05,0.03311743959784508,0.012072635814547539,0.0,0.003646541852504015,3.2924981496762484e-05,0.07985436171293259,,,,
953,0.008847815915942192,5.516856393331816e-05,111.14354800898582,0.08137254416942596,0.0027549101505428553,0.001527332467958331,2.48524738708511e-05,1.0576106433290988e-05,0.03258528560400009,0.008359764702618122,0.0,0.0018937403801828623,4.418186654220335e-05,0.07984466105699539,,,,
954,0.007608810905367136,5.495134366374081e-05,111.25996343698353,0.2633640468120575,0.002878451719880104,0.0012760015670210123,7.843702405807562e-06,5.411020538304001e-06,0.016724521294236183,0.009170956909656525,0.0,0.004030298907309771,1.1138690751977265e-05,0.07983334362506866,,,,
955,0.0075302100740373135,5.473876258463517e-05,111.37374855298549,0.17140120267868042,0.002641176339238882,0.0011330984998494387,7.200880645541474e-06,8.433428774878848e-06,0.023382985964417458,0.008526901714503765,0.0,0.006448322907090187,4.241424176143482e-05,0.07982417941093445,,,,
956,0.0072542415000498295,5.453082279409069e-05,111.49141103000147,0.11485941708087921,0.0026913911569863558,0.0012729405425488949,6.305381248239428e-06,7.820346581866033e-06,0.015055381692945957,0.00873425230383873,0.0,0.0028199434746056795,2.870453317882493e-05,0.07981610298156738,,,,
957,0.007215887773782015,5.432752634438913e-05,111.60900157998549,0.10352582484483719,0.0029286674689501524,0.0012250151485204697,1.2748673725582194e-05,7.667604222660884e-06,0.010303188115358353,0.007783531676977873,0.0,0.003733425633981824,7.303566235350445e-05,0.07980693876743317,,,,
958,0.008579961024224758,5.412887524198437e-05,111.72539241495542,0.45228269696235657,0.0029463565442711115,0.0015676934272050858,6.393289368133992e-06,1.0494221896806266e-05,0.020463941618800163,0.010658743791282177,0.0,0.002501087263226509,3.541871774359606e-05,0.07979778200387955,,,,
959,0.008705845102667809,5.393487144748267e-05,111.84258621395566,0.1933543086051941,0.0028768188785761595,0.0016272345092147589,7.053337867546361e-06,8.96517485671211e-06,0.025837786495685577,0.008496897295117378,0.0,0.0026654733810573816,5.9732210502261296e-05,0.0797870010137558,,,,
960,0.008296007290482521,5.374551687562306e-05,111.95860407495638,0.3900581896305084,0.00305903609842062,0.001527557848021388,1.5145515135372989e-05,8.147622793330811e-06,0.019900625571608543,0.007033767644315958,0.0,0.002876610029488802,2.6909403459285386e-05,0.07977622747421265,,,,
961,0.007576256059110165,5.356081339525873e-05,112.07632902998012,0.5422757863998413,0.0024517702404409647,0.0015251694712787867,9.894438335322775e-06,5.666608558385633e-06,0.015321778133511543,0.009392766281962395,0.0,0.0023216851986944675,1.7322421626886353e-05,0.07976438105106354,,,,
962,0.007776723243296146,5.338076282933854e-05,112.19384341995465,0.19853068888187408,0.0028721531853079796,0.0012425963068380952,9.977226000046358e-06,1.0534731700317934e-05,0.02144385129213333,0.008434946648776531,0.0,0.0029797866009175777,6.982916238484904e-05,0.07975252717733383,,,,
963,0.007972781546413898,5.3205366954888794e-05,112.31120815000031,0.5919619798660278,0.0028640127275139093,0.0012988352682441473,1.187998987006722e-05,1.638025787542574e-05,0.018015209585428238,0.010343669913709164,0.0,0.0018308989237993956,0.00012208332191221416,0.0797412171959877,,,,
964,0.007668346166610718,5.303462750299601e-05,112.43247238895856,0.43136006593704224,0.002665118547156453,0.0013838519807904959,9.006809705169871e-06,1.2408729162416421e-05,0.01812819391489029,0.007419216446578503,0.0,0.003081349190324545,0.0001392406120430678,0.07972882688045502,,,,
965,0.008094264194369316,5.286854615878964e-05,112.55102179897949,0.16772599518299103,0.0026122150011360645,0.0015662543009966612,1.1307622116873972e-05,5.395067546487553e-06,0.022055741399526596,0.008508813567459583,0.0,0.001438239123672247,7.721656584180892e-05,0.07971644401550293,,,,
966,0.008734998293220997,5.270712456142551e-05,112.66555328696268,0.5627802610397339,0.0025496333837509155,0.0016293702647089958,3.0369961677934043e-05,6.632546501350589e-06,0.03186801075935364,0.006405784748494625,0.0,0.004095056094229221,3.816351818386465e-05,0.07970351725816727,,,,
967,0.0072031812742352486,5.255036430406964e-05,112.7826718519791,0.3616285026073456,0.002676223637536168,0.00109726726077497,1.1899273886228912e-05,6.924188710399903e-06,0.023060960695147514,0.007370970211923122,0.0,0.0023525613360106945,5.672273618984036e-05,0.07969220727682114,,,,
968,0.007467854302376509,5.2398266933882417e-05,112.9008434949792,0.2523796856403351,0.002567493123933673,0.0012655945029109716,1.1952127351833042e-05,7.843704224796966e-06,0.020668676123023033,0.00880399625748396,0.0,0.002341366373002529,6.063282489776611e-05,0.07967982441186905,,,,
969,0.007965411059558392,5.2250833952003546e-05,113.01825398899382,0.3347293436527252,0.002946300897747278,0.0011303267674520612,1.288676412514178e-05,8.913728379411623e-06,0.028111599385738373,0.009448161348700523,0.0,0.0018234237795695662,1.921699004014954e-05,0.07966690510511398,,,,
970,0.008674568496644497,5.2108066813537e-05,113.13527863298077,0.2899635136127472,0.0028391790110617876,0.0013817662838846445,1.2366737792035565e-05,8.797459486231674e-06,0.030791182070970535,0.010002372786402702,0.0,0.004187668673694134,3.137911335215904e-05,0.07965506613254547,,,,
971,0.007337606977671385,5.1969966927536814e-05,113.25253441598034,0.12534424662590027,0.002676767995581031,0.001180625637061894,6.960146038181847e-06,4.442159479367547e-06,0.027274444699287415,0.0060774642042815685,0.0,0.002206091769039631,2.4146762370946817e-05,0.07964430004358292,,,,
972,0.007981899194419384,5.183653565699306e-05,113.36539185297443,0.3656367361545563,0.0027449147310107946,0.0011383217060938478,1.1786453796958085e-05,6.802152711316012e-06,0.015029670670628548,0.016184169799089432,0.0,0.005402218084782362,5.4811993322800845e-05,0.07963191717863083,,,,
973,0.008098188787698746,5.1707774318818616e-05,113.48279777599964,0.1590830236673355,0.0029653143137693405,0.0016070278361439705,6.652980573562672e-06,6.823283001722302e-06,0.012941647320985794,0.0086372597143054,0.0,0.0032696330454200506,3.014820504176896e-05,0.0796179249882698,,,,
974,0.00686584273353219,5.158368418383582e-05,113.60231327294605,0.14302408695220947,0.0025194159243255854,0.00119300396181643,9.872302143776324e-06,8.372213414986618e-06,0.013366106897592545,0.008700123988091946,0.0,0.001778624253347516,7.112076855264604e-05,0.07960393279790878,,,,
975,0.008223293349146843,5.146426647676422e-05,113.72406283195596,0.17459455132484436,0.002916405675932765,0.0011313073337078094,1.162542321253568e-05,7.55307701183483e-06,0.03212076425552368,0.007856065407395363,0.0,0.005668746307492256,9.781695553101599e-05,0.0795888602733612,20.20062984232758,28.533329145426404,1.743912109063223,0.9585459928064606
976,0.0070783416740596294,5.134952237620838e-05,113.87395640497562,0.16068655252456665,0.0025416866410523653,0.0011043784907087684,8.189028449123725e-06,8.821417395665776e-06,0.023947564885020256,0.006999014411121607,0.0,0.0027100262232124805,4.54379478469491e-05,0.07957487553358078,,,,
977,0.00798841379582882,5.123945301464625e-05,113.99238301697187,0.5480233430862427,0.0024288236163556576,0.0014327692333608866,9.770168617251329e-06,9.552150913805235e-06,0.024289067834615707,0.007853791117668152,0.0,0.005238902289420366,0.0001594898640178144,0.07956088334321976,,,,
978,0.008830759674310684,5.113405947841802e-05,114.11068924696883,0.2083124816417694,0.0030055141542106867,0.0013957738410681486,8.496012014802545e-06,7.020642442512326e-06,0.024861473590135574,0.01304627861827612,0.0,0.0031011071987450123,9.622828656574711e-05,0.07954743504524231,,,,
979,0.007902716286480427,5.10333428077153e-05,114.22806223796215,0.6400272846221924,0.0027740648947656155,0.001212079543620348,1.2720087397610769e-05,8.075359801296145e-06,0.031192895025014877,0.00727436039596796,0.0,0.0019109209533780813,3.437686609686352e-05,0.07953398674726486,,,,
980,0.008516472764313221,5.093730399657101e-05,114.35004613100318,0.4114522635936737,0.0032801779452711344,0.0012712378520518541,1.5250418073264882e-05,7.593137979711173e-06,0.02050093747675419,0.011242873966693878,0.0,0.004101756494492292,3.144240326946601e-05,0.07952000200748444,,,,
981,0.006876008119434118,5.0845943992849396e-05,114.47952416498447,0.07605071365833282,0.002124906750395894,0.001319780945777893,5.40656219527591e-06,9.383944416185841e-06,0.019030990079045296,0.007483301684260368,0.0,0.003535202704370022,7.488213668693788e-06,0.07950601726770401,,,,
982,0.008023949339985847,5.0759263698236864e-05,114.60313504299847,0.5386281609535217,0.0027912897057831287,0.0012855828972533345,7.766866474412382e-06,1.1797308616223745e-05,0.025714460760354996,0.009180604480206966,0.0,0.0021164105273783207,7.675636879866943e-05,0.0794914960861206,,,,
983,0.008769925683736801,5.067726396823285e-05,114.72434726997744,0.46074190735816956,0.0026700932066887617,0.0013389097293838859,1.2305185009608977e-05,1.1529245057317894e-05,0.02818097360432148,0.013814965263009071,0.0,0.0038803638890385628,0.00011962713324464858,0.07947859168052673,,,,
984,0.007239495869725943,5.0599945612141705e-05,114.84332105796784,0.07740343362092972,0.002591968048363924,0.0014062745030969381,1.3032773495069705e-05,7.188993095041951e-06,0.014919590204954147,0.005924826022237539,0.0,0.0037068105302751064,2.9491149689420126e-05,0.07946676015853882,,,,
985,0.00827216450124979,5.0527309393064295e-05,114.9723723049974,0.31646260619163513,0.002449566964060068,0.0014774806331843138,1.6814437913126312e-05,7.442844434990548e-06,0.031001709401607513,0.005971134640276432,0.0,0.007000959478318691,4.836102016270161e-05,0.07945547252893448,,,,
986,0.008334411308169365,5.045935602789076e-05,115.09663226798875,0.38998252153396606,0.0027117044664919376,0.0016087935073301196,1.131648514274275e-05,7.858043318265118e-06,0.019198834896087646,0.009010398760437965,0.0,0.005002913996577263,2.2802851162850857e-05,0.07944472134113312,,,,
987,0.00902583822607994,5.039608618729346e-05,115.2196825479623,0.41450822353363037,0.002918620826676488,0.0014387322589755058,1.432697354175616e-05,6.702030077576637e-06,0.021750137209892273,0.01565295271575451,0.0,0.0035721466410905123,0.00010861953342100605,0.07943557947874069,,,,
988,0.007962357252836227,5.033750049572013e-05,115.34112263395218,0.3961482048034668,0.0025392738170921803,0.0013802982866764069,5.899051757296547e-06,1.0775423106679227e-05,0.03012281097471714,0.006415988318622112,0.0,0.003958867862820625,7.063163502607495e-05,0.07942751795053482,,,,
989,0.00815788097679615,5.028359953138787e-05,115.45956088596722,0.6052531003952026,0.002826211042702198,0.0015663707163184881,6.726096671627602e-06,1.3195674910093658e-05,0.016349773854017258,0.00958077423274517,0.0,0.0018676043255254626,5.1344231906114146e-05,0.07941999286413193,,,,
990,0.00874338112771511,5.023438382627749e-05,115.57894876599312,0.3670196533203125,0.002988224383443594,0.001494583673775196,6.144691724330187e-06,1.214850908581866e-05,0.018824053928256035,0.012769266963005066,0.0,0.004733989015221596,4.881799395661801e-05,0.0794108510017395,,,,
991,0.006472496781498194,5.018985386612814e-05,115.6951376349898,0.4195786416530609,0.0026875720359385014,0.0011511628981679678,1.636103115743026e-05,6.267888238653541e-06,0.013195663690567017,0.003012820379808545,0.0,0.004098154604434967,1.093579521693755e-05,0.0794011801481247,,,,
992,0.008803476579487324,5.015001009043253e-05,115.81792480900185,0.8024044036865234,0.003191940253600478,0.0012795248767361045,2.1295458282111213e-05,8.166822226485237e-06,0.028473220765590668,0.010595954023301601,0.0,0.0032300162129104137,3.371390266693197e-05,0.07939258217811584,,,,
993,0.007137005217373371,5.0114852892432584e-05,115.94156559096882,0.2208971381187439,0.0026269790250808,0.0012050396762788296,1.479501497669844e-05,7.941449439385906e-06,0.014952966012060642,0.008423568680882454,0.0,0.003567107953131199,2.4838172976160422e-05,0.07938344776630402,,,,
994,0.008548799902200699,5.008438261911574e-05,116.05997209099587,0.5753182172775269,0.0025049829855561256,0.0014354169834405184,7.151191312004812e-06,1.5565867215627804e-05,0.03951781615614891,0.0060531748458743095,0.0,0.0038579702377319336,9.233002492692322e-05,0.07937431335449219,,,,
995,0.007480280473828316,5.005859957121122e-05,116.17874153895536,0.5926021933555603,0.002705221064388752,0.001358544803224504,6.606290753552457e-06,1.5787129086675122e-05,0.021791378036141396,0.004445075523108244,0.0,0.002881406107917428,7.652511703781784e-05,0.07936356216669083,,,,
996,0.006793420761823654,5.003750400318735e-05,116.3019184419536,0.07227139919996262,0.0027427964378148317,0.001299821655265987,8.669910130265635e-06,7.676000677747652e-06,0.011140113696455956,0.004372496157884598,0.0,0.0028171588201075792,7.305520557565615e-05,0.07935335487127304,,,,
997,0.008146395906805992,5.0021096123248834e-05,116.41778223298024,0.36142122745513916,0.002461192198097706,0.0013259043917059898,1.1847580026369542e-05,7.244652806548402e-06,0.030488235875964165,0.00987648218870163,0.0,0.004161440301686525,4.299790089135058e-05,0.0793420672416687,,,,
998,0.007732147350907326,5.000937609333487e-05,116.54457656398881,0.6618390679359436,0.002665229607373476,0.0012582126073539257,1.711928052827716e-05,6.002358531986829e-06,0.026247015222907066,0.0072575900703668594,0.0,0.003398410277441144,3.1914216378936544e-05,0.07933078706264496,,,,
999,0.00675165606662631,5.000234402911735e-05,116.67092631995911,0.1400315761566162,0.002408124040812254,0.0011695008724927902,1.3640873476106208e-05,6.531521648867056e-06,0.013141241855919361,0.007893171161413193,0.0,0.00376628409139812,8.879161032382399e-05,0.07932057976722717,,,,
1000,0.00750963669270277,5e-05,116.78962036495795,0.5544240474700928,0.002472918014973402,0.0014267731457948685,6.774664143449627e-06,1.4496671610686462e-05,0.015081120654940605,0.007940761744976044,0.0,0.005369086284190416,7.45613215258345e-05,0.07931091636419296,19.884316373730936,28.084717852548664,1.79320341359076,0.9087455119294765
