epoch,loss,learning_rate,training_seconds,gradient_norm,simulation,top,hot,cold,top_center,top_tail,top_tail_slope,top_tail_endpoint,pde,boundary,initial,interface,low_cooling,contact_prior,temporal,validation_score_k,validation_顶部_rmse_k,validation_热端_rmse_k,validation_冷端_rmse_k
1,0.017349256202578545,0.00019999953119417656,0.5851303769741207,1.2845816612243652,0.0024609784595668316,0.0005594843532890081,8.619877007731702e-06,7.955787623359356e-06,0.0003033030079677701,0.00036743999226018786,1.466162757424172e-05,0.0003729814779944718,0.017359353601932526,0.012316776439547539,0.0,0.021317021921277046,0.00010045370436273515,0.23905323445796967,3.349110556882806e-06,27.00208651847886,34.04102587435652,18.037077350787914,19.277161362671748
2,0.7974143624305725,0.00019999812478133303,0.9846796549973078,66.64569854736328,0.0089656300842762,0.0180828794836998,0.004306771792471409,0.004886248614639044,0.023495137691497803,0.023326894268393517,3.978923996328376e-05,0.023958181962370872,0.010413013398647308,0.011415787041187286,0.0,0.015598081052303314,0.005794653203338385,0.2392491102218628,6.483452125394251e-06,,,,
3,0.1801747828722,0.00019999578077535026,1.3340142969973385,29.87485694885254,0.003792933886870742,0.006945689674466848,0.0005319145857356489,0.0004768582002725452,0.009551888331770897,0.007965648546814919,1.6191141185117885e-05,0.008059676736593246,0.016693927347660065,0.014204943552613258,0.0,0.018311195075511932,0.0002257413580082357,0.23938719928264618,4.613598321157042e-06,,,,
4,0.16091518104076385,0.00019999249919936256,1.6748781689675525,30.535192489624023,0.0035950865130871534,0.0009191468707285821,0.001139332540333271,0.0015235717874020338,0.0006016616825945675,0.0009579049074091017,1.5311085007851943e-05,0.0010368002112954855,0.01404616516083479,0.018925515934824944,0.0,0.02719271555542946,0.0021210378035902977,0.23950853943824768,6.3456041061726864e-06,,,,
5,0.2922367751598358,0.0001999882800857578,2.0345172099769115,45.281227111816406,0.005634643137454987,0.004661264829337597,0.0016429086681455374,0.0022061418276280165,0.0031472272239625454,0.0064448644407093525,2.097985088767018e-05,0.0067648873664438725,0.025776077061891556,0.039552684873342514,0.0,0.04645036906003952,0.005225988570600748,0.23963549733161926,1.3659025626111543e-06,,,,
6,0.15838298201560974,0.0001999831234761769,2.395476264995523,32.21552658081055,0.004341787658631802,0.004328490234911442,0.0006592729478143156,0.0008090235060080886,0.003284228965640068,0.006049750372767448,1.739208346407395e-05,0.006309093441814184,0.012642290443181992,0.023939654231071472,0.0,0.014427493326365948,0.0013908775290474296,0.23976904153823853,2.518414248697809e-06,,,,
7,0.03841003030538559,0.00019997702942151354,2.757078565948177,6.586791038513184,0.00256394618190825,0.0013858021702617407,1.8233364244224504e-05,2.9702639949391596e-05,0.0009616669267416,0.001411368721164763,1.2021422662655823e-05,0.0014698575250804424,0.012720673345029354,0.06927057355642319,0.0,0.03062623180449009,8.579756104154512e-05,0.23989513516426086,7.016702056716895e-06,,,,
8,0.10469087958335876,0.00019996999798191354,3.113795605953783,23.526418685913086,0.002834566170349717,0.0019457077141851187,0.0005786765832453966,0.0006435191025957465,0.002998791402205825,0.0019756960682570934,1.397803771396866e-05,0.001999662723392248,0.00803394429385662,0.02356063388288021,0.0,0.017660846933722496,0.0006712389877066016,0.2400418370962143,1.0497129551367834e-05,,,,
9,0.1642734557390213,0.0001999620292267744,3.475932622968685,28.569826126098633,0.0040855505503714085,0.005021966062486172,0.0006006666226312518,0.0006340956897474825,0.007614944130182266,0.006022409535944462,1.698475898592733e-05,0.006109300069510937,0.011482419446110725,0.037721097469329834,0.0,0.02453523874282837,0.0008905415888875723,0.24017828702926636,1.3528391491490765e-06,,,,
10,0.12795497477054596,0.00019995312323474454,3.8331028819666244,23.083532333374023,0.003871842985972762,0.005454588681459427,0.00019174639601260424,0.00018324886332266033,0.008940672501921654,0.006569205317646265,1.6698651961633004e-05,0.0066433316096663475,0.028782201930880547,0.018545696511864662,0.0,0.020359406247735023,0.00032164232106879354,0.24031198024749756,5.571364454226568e-06,,,,
11,0.06439146399497986,0.00019994328009372247,4.189703790994827,11.70601749420166,0.002504944335669279,0.0029633287340402603,2.5225508579751477e-05,4.9804475565906614e-05,0.005160342436283827,0.003262409009039402,1.4327276403491851e-05,0.003269167384132743,0.019052261486649513,0.008935021236538887,0.0,0.020938146859407425,5.141978181200102e-05,0.2404429018497467,4.327297119743889e-06,,,,
12,0.0650232583284378,0.00019993249990085603,4.548785567982122,15.460132598876953,0.0023361167404800653,0.0006027882918715477,0.0004321425803937018,0.0005097071407362819,0.0009581653284840286,0.00034358567791059613,1.2916666491946671e-05,0.00034311768831685185,0.029287759214639664,0.005384850315749645,0.0,0.01395236887037754,0.0004507654230110347,0.24058321118354797,4.359012109489413e-06,,,,
13,0.0819094106554985,0.00019992078276254136,4.907708742946852,20.75018882751465,0.00279398076236248,0.001445022295229137,0.0004764369805343449,0.0004847919044550508,0.0005615301197394729,0.0015031365910544991,1.314394648943562e-05,0.0015659870114177465,0.016918184235692024,0.040957577526569366,0.0,0.020913921296596527,0.0004699469427578151,0.24071981012821198,3.238487806811463e-06,,,,
14,0.06339190155267715,0.00019990812879442193,5.2740030299755745,16.369314193725586,0.0032014932949095964,0.0025653312914073467,0.0001368039520457387,8.807211270323023e-05,0.001830176915973425,0.0029380281921476126,1.2873183550254907e-05,0.0030209498945623636,0.011600294150412083,0.03223959356546402,0.0,0.02364548295736313,8.408500434597954e-05,0.24085365235805511,4.861838988290401e-06,,,,
15,0.04935606196522713,0.00019989453812138723,5.632236715988256,9.758161544799805,0.0023124413564801216,0.0020036513451486826,5.456671351566911e-05,0.00014305724471341819,0.001174025353975594,0.0020781569182872772,1.2777890333381947e-05,0.0021138086449354887,0.010482300072908401,0.012424853630363941,0.0,0.03580021113157272,0.00043913209810853004,0.24098940193653107,3.861195182253141e-06,,,,
16,0.061960697174072266,0.00019988001087757176,5.993132159986999,14.163536071777344,0.0023233925458043814,0.0006825636955909431,0.00030349960434250534,0.000491941929794848,0.0006080921157263219,0.0005291744600981474,1.419287218595855e-05,0.000533753540366888,0.022225096821784973,0.030222266912460327,0.0,0.03207676112651825,0.0010612683836370707,0.24114392697811127,3.840178578684572e-06,,,,
17,0.04961574822664261,0.0001998645472063535,6.358529740944505,13.631397247314453,0.0022663793060928583,0.0006977866287343204,0.00022961859940551221,0.00034432637039572,0.0009144215728156269,0.0004340320883784443,1.540722769277636e-05,0.0004428295651450753,0.019663451239466667,0.024279316887259483,0.0,0.015514334663748741,0.0008341949433088303,0.24130693078041077,1.3457734894473106e-05,,,,
18,0.024936625733971596,0.00019984814726035273,6.721539276943076,5.751570701599121,0.0025488787796348333,0.0008177104755304754,1.4543943507305812e-05,1.9417870134930126e-05,0.0015949700027704239,0.0006684004329144955,1.539797813165933e-05,0.0006761093973182142,0.020188355818390846,0.01774754747748375,0.0,0.010958231985569,0.0001827050291467458,0.24146154522895813,6.7579194364952855e-06,,,,
19,0.04129813611507416,0.0001998308112014302,7.081379246956203,10.69511890411377,0.002190643223002553,0.0005680311005562544,0.0002410179004073143,0.00024672021390870214,0.0010190655011683702,0.0003633928135968745,1.4562089745595586e-05,0.0003661865193862468,0.0053275274112820625,0.012951897457242012,0.0,0.02093338407576084,6.083957850933075e-05,0.2416190207004547,6.037814273440745e-06,,,,
20,0.06293024867773056,0.00019981253920068587,7.444321659975685,15.439205169677734,0.0022456864826381207,0.000548328272998333,0.0004094236937817186,0.0004921649815514684,0.0008204922778531909,0.00034581933869048953,1.456234895158559e-05,0.00035292512620799243,0.014342712238430977,0.011476945132017136,0.0,0.04067189618945122,0.0002671715628821403,0.2417793720960617,3.271848527219845e-06,,,,
21,0.045553043484687805,0.00019979333143845703,7.809893454948906,11.316890716552734,0.0021689427085220814,0.0007021875935606658,0.00024250452406704426,0.0002673577982932329,0.0010456680320203304,0.000339188554789871,1.4837745766271837e-05,0.00034460489405319095,0.014691383577883244,0.018942996859550476,0.0,0.029667960479855537,0.0001317614078288898,0.24195009469985962,5.014321686758194e-06,,,,
22,0.019194327294826508,0.00019977318810431645,8.174956584989559,1.9048322439193726,0.0022424713242799044,0.0006027966737747192,8.554845408070832e-06,4.700697445514379e-06,0.001098348875530064,0.000399382202886045,1.60090366989607e-05,0.0004059540224261582,0.028321383520960808,0.005337373819202185,0.0,0.02735634706914425,0.00021220209600869566,0.24212650954723358,7.045436632324709e-06,,,,
23,0.035532187670469284,0.0001997521093970708,8.53873976599425,10.3820219039917,0.0025529232807457447,0.000580275896936655,0.00014193171227816492,0.00020057513029314578,0.0008995449170470238,0.000382106751203537,1.7158285118057393e-05,0.00039139841101132333,0.0107945641502738,0.007036192808300257,0.0,0.030024435371160507,0.0007357386639341712,0.2423161268234253,8.156504918588325e-06,,,,
24,0.0392068475484848,0.00019973009552475836,8.903899884957355,10.9053955078125,0.0020881658419966698,0.0005650873063132167,0.00019174496992491186,0.0002723636571317911,0.00031260328250937164,0.00036319694481790066,1.6690306438249536e-05,0.00036376205389387906,0.008259378373622894,0.007250250317156315,0.0,0.03662516921758652,0.00044058277853764594,0.24250958859920502,6.144574399513658e-06,,,,
25,0.02821708470582962,0.00019970714670464721,9.266976137994789,5.583555698394775,0.0022318672854453325,0.00091495894594118,4.063303640577942e-05,6.520921306218952e-05,0.000589550007134676,0.0007232589414343238,1.5074957445904147e-05,0.0007217521197162569,0.004174490459263325,0.025534195825457573,0.0,0.03380761668086052,0.00013011545524932444,0.24270781874656677,2.1220434973656666e-06,2.1872310681449987,9.220146528834105,1.9545375183223432,1.561494375970738
26,0.02884034253656864,0.00019968326316323286,9.655148787947837,8.513334274291992,0.0026055367197841406,0.0008756894967518747,5.8933524996973574e-05,5.936877278145403e-05,0.0006232955493032932,0.0007090457365848124,1.4251498214434832e-05,0.0007163369446061552,0.020634062588214874,0.01577913388609886,0.0,0.031485773622989655,7.190557516878471e-05,0.24291552603244781,6.678936188109219e-06,,,,
27,0.02999940700829029,0.0001996584451362363,10.019725450954866,8.462767601013184,0.0023235282860696316,0.0005533491494134068,0.00012171105481684208,0.00015033892123028636,0.000971647328697145,0.00032877479679882526,1.4655429367849138e-05,0.00033289947896264493,0.008091414347290993,0.005878442898392677,0.0,0.022515809163451195,0.0001104207694879733,0.24312707781791687,3.6312210340838647e-06,,,,
28,0.03205469995737076,0.0001996326928686014,10.382489712967072,5.478658199310303,0.0027950319927185774,0.0009629125706851482,3.270964589319192e-05,4.901061038253829e-05,0.002242152811959386,0.0008018065127544105,1.59982137120096e-05,0.0008154993993230164,0.013163573108613491,0.015130279585719109,0.0,0.043584197759628296,8.40127031551674e-05,0.24333591759204865,1.2296581189730205e-05,,,,
29,0.02876480668783188,0.00019960600661449263,10.748666663945187,7.286621570587158,0.002485306467860937,0.001087798154912889,1.8280330550624058e-05,1.5247742339852266e-05,0.0020277483854442835,0.0009915124392136931,1.6560776202823035e-05,0.001014562207274139,0.007988214492797852,0.012937499210238457,0.0,0.019667694345116615,4.216349407215603e-05,0.2435551881790161,7.254847787407925e-06,,,,
30,0.023109328001737595,0.00019957838663729258,11.113295909948647,5.718763828277588,0.002269844990223646,0.000544895650818944,4.2329742427682504e-05,5.23682901985012e-05,0.00107014540117234,0.00040632017771713436,1.5333833289332688e-05,0.00041536992648616433,0.0151445297524333,0.018993305042386055,0.0,0.026217006146907806,8.462938421871513e-05,0.2437707930803299,7.534002179454546e-06,,,,
31,0.02509685419499874,0.00019954983320959928,11.47627287398791,4.416146755218506,0.0023169023916125298,0.0009351306944154203,5.3951698646415025e-06,5.8050618463312276e-06,0.00044605653965845704,0.0007287386106327176,1.3231263437774032e-05,0.0007361072348430753,0.009145090356469154,0.03972723335027695,0.0,0.030850423499941826,7.182822446338832e-05,0.24398931860923767,9.731042155181058e-06,,,,
32,0.027530888095498085,0.00019952034661322352,11.840575954993255,6.800031661987305,0.002431026427075267,0.001094092964194715,1.730315307213459e-05,1.0340186236135196e-05,0.0005268969107419252,0.0009944941848516464,1.265430728381034e-05,0.0010087501723319292,0.02775544673204422,0.021839266642928123,0.0,0.02439589984714985,3.5985834983875975e-05,0.24421454966068268,3.5101918456348358e-06,,,,
33,0.02017091028392315,0.00019948992713918605,12.207716071978211,1.8952147960662842,0.0025617938954383135,0.0007192582706920803,6.7925539042335e-06,4.273786544217728e-06,0.0005210461094975471,0.0004349593073129654,1.3111214684613515e-05,0.000440503703430295,0.021731004118919373,0.011710360646247864,0.0,0.026269065216183662,9.969503298634663e-05,0.24443987011909485,3.956010004912969e-06,,,,
34,0.02403305470943451,0.00019945857508771488,12.570128780964296,4.6914520263671875,0.0021109830122441053,0.0008168659987859428,1.3072525689494796e-05,1.786963184713386e-05,0.0013094865716993809,0.00047041717334650457,1.4277655282057822e-05,0.00047960353549569845,0.019771723076701164,0.024300429970026016,0.0,0.01977567747235298,0.00020892694010399282,0.2446690797805786,3.0303062885650434e-06,,,,
35,0.02204449102282524,0.00019942629076824206,12.932401650992688,3.5789947509765625,0.0022130156867206097,0.0007487846305593848,4.58935846836539e-06,4.309907581045991e-06,0.0013020880287513137,0.0005453291232697666,1.4578007721866015e-05,0.0005562113947235048,0.02156960777938366,0.017328815534710884,0.0,0.026986245065927505,4.204314245725982e-05,0.2448955625295639,5.5973105190787464e-06,,,,
36,0.020987723022699356,0.00019939307449940078,13.298887982964516,3.3577961921691895,0.0022623008117079735,0.0005690688267350197,3.103789276792668e-05,2.573379606474191e-05,0.0007925216923467815,0.00033084818278439343,1.4103574358159676e-05,0.00033562612952664495,0.0425562784075737,0.011870547197759151,0.0,0.01670173555612564,0.00011324357183184475,0.2451268583536148,7.661537893000059e-06,,,,
37,0.018581118434667587,0.00019935892660902222,13.6645326979924,3.110427141189575,0.002041202038526535,0.0006341706612147391,1.8913211533799767e-05,1.1156032996950671e-05,0.0003441737499088049,0.0003804081934504211,1.4397250197362155e-05,0.0003824591694865376,0.013132113963365555,0.013693614862859249,0.0,0.02990846149623394,0.00013360512093640864,0.2453516721725464,4.848813205171609e-06,,,,
38,0.022695379331707954,0.00019932384743413226,14.02682972495677,2.730952024459839,0.002470287261530757,0.0007128717843443155,1.2685070032603107e-05,2.71648277703207e-05,0.00045324917300604284,0.00037271794280968606,1.5627872926415876e-05,0.00037303747376427054,0.019729766994714737,0.033080652356147766,0.0,0.013952509500086308,0.0002793296589516103,0.24558129906654358,7.252097475429764e-06,,,,
39,0.024642344564199448,0.00019928783732094823,14.389351695950609,3.7686493396759033,0.0022734205704182386,0.0006898506544530392,2.3039594452711754e-05,4.2795214540092275e-05,0.0007067912956699729,0.00033738123602233827,1.6681660781614482e-05,0.000340119528118521,0.019162721931934357,0.0337078720331192,0.0,0.032475199550390244,0.00019917736062780023,0.24580347537994385,3.4430377127137035e-06,,,,
40,0.01927516795694828,0.00019925089662487538,14.753325303958263,0.9220845103263855,0.0018036254914477468,0.0006070964736863971,6.458758434746414e-06,4.052945769217331e-06,0.000772414612583816,0.0003311348846182227,1.68084297911264e-05,0.00033437705133110285,0.009003040380775928,0.031054072082042694,0.0,0.03365147113800049,0.00011810215073637664,0.24603426456451416,1.0944145287794527e-05,,,,
41,0.021015722304582596,0.00019921302571050347,15.117849955975544,3.2711198329925537,0.0021836310625076294,0.0006516490830108523,2.796124135784339e-05,2.401103120064363e-05,0.0006766417063772678,0.00033191684633493423,1.7192169252666645e-05,0.00033751013688743114,0.034818150103092194,0.011137150228023529,0.0,0.02023530751466751,5.839263758389279e-05,0.24627557396888733,1.9095466541330097e-06,,,,
42,0.020526524633169174,0.0001991742249516031,15.493631340970751,1.6201417446136475,0.002357898512855172,0.0005963309668004513,8.704433639650233e-06,5.021831384510733e-06,0.0009752498008310795,0.00040475098649039865,1.840413096942939e-05,0.0004168016603216529,0.02470514364540577,0.02646889165043831,0.0,0.018806228414177895,8.76250778674148e-05,0.2465122640132904,2.988446567542269e-06,,,,
43,0.01893051713705063,0.00019913449473112215,15.860375790973194,2.994814157485962,0.0021782442927360535,0.000554037862457335,8.92278148967307e-06,1.0490284694242291e-05,0.000766341807320714,0.0004160151001997292,1.9432289263932034e-05,0.0004303661989979446,0.013240925967693329,0.015549244359135628,0.0,0.03715449571609497,0.0002090534835588187,0.24674338102340698,6.4982227740983944e-06,,,,
44,0.019463514909148216,0.00019909383544118182,16.225945147976745,0.9547801613807678,0.0019505914533510804,0.0005767742404714227,6.994315754127456e-06,7.056905360514065e-06,0.0005022463155910373,0.0003409296041354537,1.8955455743707716e-05,0.0003445119073148817,0.012963710352778435,0.03601362556219101,0.0,0.033526670187711716,3.327019658172503e-05,0.2469850480556488,4.497301233641338e-06,,,,
45,0.020162714645266533,0.00019905224748307293,16.596466001996305,3.041910409927368,0.0020138046238571405,0.0007371929241344333,7.177191491791746e-06,4.510277904046234e-06,0.0005821327213197947,0.00045031349873170257,1.839462674979586e-05,0.0004480526549741626,0.012954632751643658,0.0195472314953804,0.0,0.0337366983294487,6.046513590263203e-05,0.24723251163959503,8.007903488760348e-06,,,,
46,0.018097495660185814,0.0001990097312672518,16.965565675986,1.4969578981399536,0.002091656206175685,0.0006562727503478527,4.956730663252529e-06,4.304436515667476e-06,0.0004327122587710619,0.00036295459722168744,1.8788678062264808e-05,0.0003647491685114801,0.014703614637255669,0.02070695161819458,0.0,0.015886161476373672,9.295032941736281e-05,0.24748389422893524,4.5280903577804565e-06,,,,
47,0.019548526033759117,0.00019896628721333633,17.339610321971122,2.366962194442749,0.002204976277425885,0.0006412728107534349,7.189455118350452e-06,7.659562470507808e-06,0.0007718722335994244,0.0003840635472442955,1.9479724869597703e-05,0.0003964932111557573,0.012751187197864056,0.017467990517616272,0.0,0.03136786073446274,0.00012623381917364895,0.24772781133651733,1.087377495423425e-05,,,,
48,0.020988596603274345,0.0001989219157501018,17.707497870957013,1.6420930624008179,0.0019460084149613976,0.0006619588239118457,5.611229425994679e-06,4.156479917583056e-06,0.0006687398417852819,0.0004028502444270998,1.882066499092616e-05,0.0004152680339757353,0.023681754246354103,0.04419668763875961,0.0,0.010702501982450485,7.54631037125364e-05,0.2479756474494934,9.128221790888347e-06,,,,
49,0.021921144798398018,0.00019887661731547663,18.070769915997516,1.8660796880722046,0.0022830942180007696,0.0007147755241021514,1.2175501979072578e-05,1.0700564416765701e-05,0.0006154970033094287,0.0003415077517274767,1.7545014998177066e-05,0.0003490258823148906,0.012151377275586128,0.03631403669714928,0.0,0.021035918965935707,0.0001312706881435588,0.24820460379123688,6.984875653870404e-06,,,,
50,0.017921358346939087,0.00019883039235653807,18.436421275953762,1.0240471363067627,0.0018764191772788763,0.0006747081642970443,4.307421932026045e-06,4.0072709452942945e-06,0.0005542059079743922,0.0003605106030590832,1.6733398297219537e-05,0.00036715087480843067,0.018959350883960724,0.015053870156407356,0.0,0.017686041072010994,0.00019740889547392726,0.24842795729637146,3.2544819532631664e-06,1.977085895772217,7.004119963390018,1.2730474053655387,1.411468843882902
51,0.01713094487786293,0.0001987832413295078,18.828468977997545,1.7540457248687744,0.002164554549381137,0.0005306408274918795,7.905751772341318e-06,1.266303297597915e-05,0.00048462837003171444,0.0003717047511599958,1.637368040974252e-05,0.00037900343886576593,0.025770414620637894,0.008567165583372116,0.0,0.018584227189421654,0.0003215238102711737,0.24864761531352997,8.37190145830391e-06,,,,
52,0.018779050558805466,0.00019873516469974743,19.192219247983303,1.334696650505066,0.0018116328865289688,0.0006688730209134519,6.058416147425305e-06,8.928980605560355e-06,0.0007431195117533207,0.00036097614793106914,1.6093450540211052e-05,0.00036897521931678057,0.013671960681676865,0.017245180904865265,0.0,0.023288799449801445,0.00030219898326322436,0.248860701918602,7.946697223815136e-06,,,,
53,0.017981691285967827,0.00019868616294175392,19.555977603944484,1.009432315826416,0.0017826224211603403,0.0006036869017407298,6.606135684705805e-06,4.640514816856012e-06,0.0006599685875698924,0.00034766289172694087,1.58611928782193e-05,0.0003559340548235923,0.01592678390443325,0.02295427955687046,0.0,0.02032073214650154,0.0001931697770487517,0.2490767389535904,4.563083621178521e-06,,,,
54,0.017698979005217552,0.00019863623653915477,19.9202678349684,1.4495849609375,0.0022183218970894814,0.0005823908722959459,8.90744831849588e-06,8.236346729972865e-06,0.000834855658467859,0.0003526562941260636,1.5857271137065254e-05,0.00036094497772865,0.01651616021990776,0.010779283940792084,0.0,0.012981515377759933,0.0001914183667395264,0.24929383397102356,7.901167919044383e-06,,,,
55,0.017436549067497253,0.00019858538598470347,20.285852930974215,1.574958324432373,0.001857687602750957,0.0005863609258085489,4.75506476504961e-06,3.6596406971511897e-06,0.0009495850536040962,0.00038109751767478883,1.6198737284867093e-05,0.00039035736699588597,0.017942434176802635,0.017990320920944214,0.0,0.009431490674614906,0.00013909395784139633,0.24950243532657623,4.758319846587256e-06,,,,
56,0.016337187960743904,0.00019853361178027448,20.652091682946775,0.7848337292671204,0.0018277463968843222,0.0006226350669749081,5.59811269340571e-06,4.496895144256996e-06,0.0006734711932949722,0.0003506983339320868,1.6326262993970886e-05,0.00035918093635700643,0.012388250790536404,0.014334078878164291,0.0,0.0035198719706386328,0.00012808777682948858,0.24969586730003357,9.254130418412387e-06,,,,
57,0.017046470195055008,0.00019848091443685825,21.017224444949534,1.2726703882217407,0.0018270837608724833,0.0005729374242946506,3.4847048482333776e-06,3.332271035105805e-06,0.00046324997674673796,0.0003868253552354872,1.6318635971401818e-05,0.000394757924368605,0.01573554053902626,0.021300923079252243,0.0,0.02428257092833519,4.9315483920508996e-05,0.24986650049686432,5.305478225636762e-06,,,,
58,0.018420249223709106,0.0001984272944745563,21.385411876952276,1.2890689373016357,0.001981001114472747,0.0006745496648363769,3.820593519776594e-06,3.559739070624346e-06,0.0005586014012806118,0.0003822707221843302,1.676978536124807e-05,0.00038973541813902557,0.015999816358089447,0.009929871186614037,0.0,0.03684796765446663,0.00018013446242548525,0.2500457763671875,6.32857972959755e-06,,,,
59,0.019275298342108727,0.00019837275242257598,21.75575987395132,1.0724802017211914,0.0017503035487607121,0.0005591395311057568,4.994865776097868e-06,4.7088647079363e-06,0.0008522928110323846,0.0003549306420609355,1.762007195793558e-05,0.0003633841115515679,0.024357963353395462,0.02553623542189598,0.0,0.03968628868460655,0.00010750023648142815,0.25023943185806274,8.113825970212929e-06,,,,
60,0.01904158480465412,0.00019831728881922542,22.12048527598381,1.2612875699996948,0.002075200667604804,0.0005942489369772375,3.7770296330563724e-06,3.5621046663436573e-06,0.0006611035205423832,0.0003691453312058002,1.7963277059607208e-05,0.0003783051506616175,0.016535935923457146,0.03628390282392502,0.0,0.00931559782475233,0.00011359895870555192,0.2504427134990692,2.646309894771548e-06,,,,
61,0.0180369820445776,0.00019826090421190787,22.489978896977846,1.6089142560958862,0.0018972327234223485,0.0005684808129444718,8.865058589435648e-06,8.400396836805157e-06,0.0008374886820092797,0.0003582553763408214,1.7904403648572043e-05,0.00036592030664905906,0.016461318358778954,0.024494297802448273,0.0,0.005681873299181461,0.0003129971446469426,0.250631719827652,2.292636963829864e-06,,,,
62,0.01776771992444992,0.0001982035991571167,22.85525455797324,0.5791198015213013,0.0018720001680776477,0.0005902047269046307,4.938028723699972e-06,3.596699116314994e-06,0.0004575052298605442,0.00036490155616775155,1.8387929230812006e-05,0.0003720783570315689,0.019266242161393166,0.018988726660609245,0.0,0.02591685764491558,0.000405797065468505,0.2508036494255066,1.1131527571706101e-05,,,,
63,0.01889716275036335,0.00019814537422042968,23.21988164196955,1.488250494003296,0.0019083002116531134,0.0006555418367497623,7.049323812680086e-06,8.998075827548746e-06,0.0006876238039694726,0.00036551873199641705,1.870483538368717e-05,0.0003733028133865446,0.019229581579566002,0.009093349799513817,0.0,0.03897900506854057,0.0001820502948248759,0.25098133087158203,7.411502338072751e-06,,,,
64,0.017461352050304413,0.0001980862299765034,23.585601406986825,0.5117340683937073,0.0018762097461149096,0.0006762226112186909,4.18690251535736e-06,3.926751560356934e-06,0.0006305284332484007,0.0003621690848376602,1.856292692536954e-05,0.00036956765688955784,0.015722351148724556,0.011702021583914757,0.0,0.01488475315272808,0.0001948498684214428,0.2511753439903259,1.2075255654053763e-05,,,,
65,0.020007124170660973,0.0001980261670090677,23.952533069998026,1.8264684677124023,0.002121710916981101,0.0005329931154847145,9.031871741171926e-06,7.949017344799358e-06,0.0007424458744935691,0.00035963288974016905,1.8124161215382628e-05,0.0003660837246570736,0.03339361771941185,0.02502964250743389,0.0,0.03478824347257614,0.00010353799007134512,0.25136178731918335,4.92477192892693e-06,,,,
66,0.01640687696635723,0.0001979651859109198,24.32084673497593,0.36141228675842285,0.0017734322464093566,0.000586576119530946,3.3996773254330037e-06,3.131294306513155e-06,0.0008032300393097103,0.0003624678938649595,1.8231436115456745e-05,0.0003707646974362433,0.01005258597433567,0.011033167131245136,0.0,0.01822521537542343,0.0003429786302149296,0.2515588104724884,6.6489228629507124e-06,,,,
67,0.018673235550522804,0.00019790328728391853,24.691277179983445,1.5753391981124878,0.0017616794211789966,0.0006949069211259484,6.0929924075026065e-06,5.192757726035779e-06,0.0009022754384204745,0.0003716575156431645,1.797315781004727e-05,0.0003811033093370497,0.009815707802772522,0.021599698811769485,0.0,0.008680414408445358,0.00030773761682212353,0.2517530620098114,9.181288987747394e-06,,,,
68,0.01890265755355358,0.00019784047173897833,25.05958014598582,0.8961582779884338,0.001812395523302257,0.0006327340379357338,4.113216164114419e-06,3.96359791920986e-06,0.0005317835602909327,0.00035772708361037076,1.6939507986535318e-05,0.0003641911898739636,0.016558082774281502,0.02462919056415558,0.0,0.03557974472641945,0.00013476303138304502,0.2519291639328003,5.3499020395975094e-06,,,,
69,0.018122930079698563,0.0001977767398960633,25.425566706981044,0.9434523582458496,0.0018730445299297571,0.0007007770473137498,4.6008713070477825e-06,3.7178865568421315e-06,0.00047286757035180926,0.00036310101859271526,1.6162543033715338e-05,0.00036959664430469275,0.015647446736693382,0.01818397082388401,0.0,0.018034756183624268,7.606038707308471e-05,0.2521178126335144,1.0135360753338318e-05,,,,
70,0.02027718536555767,0.00019771209238418096,25.80088578397408,0.8298501968383789,0.0022278428077697754,0.0006758106756024063,4.751520464196801e-06,4.638802693079924e-06,0.0004802391631528735,0.0003608363913372159,1.5884290405665524e-05,0.0003688465221785009,0.036289017647504807,0.019918274134397507,0.0,0.027122847735881805,0.00010195194772677496,0.2523132264614105,3.642328465502942e-06,,,,
71,0.016903908923268318,0.00019764652984137617,26.16645823494764,0.8678473830223083,0.0017324717482551932,0.0005367882549762726,4.449742846190929e-06,4.316043032304151e-06,0.0005182278109714389,0.00036307304981164634,1.5410683772643097e-05,0.0003713998885359615,0.01930675096809864,0.02104438841342926,0.0,0.02598053589463234,0.00013159928494133055,0.25251254439353943,4.5508768380386755e-06,,,,
72,0.01848924532532692,0.0001975800529147248,26.536417720955797,0.9600184559822083,0.0018916730768978596,0.0005902297561988235,5.526809218281414e-06,4.5486617636925075e-06,0.0004638742539100349,0.0003646847908385098,1.489406804466853e-05,0.00037232215981930494,0.00911856908351183,0.03290518745779991,0.0,0.021831581369042397,0.0003321482799947262,0.25271767377853394,1.932562554429751e-06,,,,
73,0.019181301817297935,0.0001975126622603272,26.90252361097373,0.5333354473114014,0.002045432571321726,0.0005434363265521824,4.396798885863973e-06,3.910651230398798e-06,0.0005647155339829624,0.0003657603228930384,1.4603674571844749e-05,0.00037367752520367503,0.023515870794653893,0.034237902611494064,0.0,0.01711311936378479,0.0005427122232504189,0.2529219686985016,4.880161213804968e-06,,,,
74,0.018251243978738785,0.000197444358543302,27.26835437695263,0.745903730392456,0.002078480552881956,0.0006499985465779901,3.7142622204555664e-06,4.133554284635466e-06,0.00060466950526461,0.0003679176443256438,1.4504419596050866e-05,0.0003766441368497908,0.024703828617930412,0.013304386287927628,0.0,0.018379490822553635,0.00017287328955717385,0.253126323223114,8.395512850256637e-06,,,,
75,0.01886451616883278,0.00019737514243777922,27.636686236946844,0.6035886406898499,0.0020131540950387716,0.0005869862507097423,3.3291953513980843e-06,3.775925051741069e-06,0.0006708208238705993,0.00036579513107426465,1.4587267287424766e-05,0.0003744239511433989,0.016002532094717026,0.027440505102276802,0.0,0.026522647589445114,0.00019665191939566284,0.253324031829834,7.794462362653576e-06,1.008290763844567,6.994297944574174,0.9331707231785766,0.6304200744366736
76,0.01771506667137146,0.00019730501462689398,28.031292740954086,0.9763228893280029,0.001786431879736483,0.00061917764833197,5.928615792072378e-06,3.920989456673851e-06,0.00040335170342586935,0.00036951026413589716,1.4630949408456217e-05,0.0003771181218326092,0.031141020357608795,0.012247199192643166,0.0,0.028569890186190605,0.00016701982531230897,0.25352761149406433,6.183944606164005e-06,,,,
77,0.020362738519906998,0.0001972339758027794,28.395853135967627,0.1994953155517578,0.0017733107088133693,0.0006715871277265251,4.017837454739492e-06,3.384446699783439e-06,0.0007196513470262289,0.0003648027777671814,1.523840819572797e-05,0.0003724925627466291,0.028050338849425316,0.029269520193338394,0.0,0.026359062641859055,0.0002719205222092569,0.25373604893684387,6.803957148804329e-06,,,,
78,0.01848895289003849,0.00019716202666656,28.762030275946017,0.5253990888595581,0.0018309790175408125,0.0006145939114503562,4.598979103320744e-06,3.88727494282648e-06,0.0006939936429262161,0.00036267933319322765,1.574292946315836e-05,0.0003706658026203513,0.03347208723425865,0.01768827810883522,0.0,0.020180361345410347,0.00016048786346800625,0.2539465129375458,8.853196050040424e-06,,,,
79,0.016202986240386963,0.00019708916792834472,29.127978159987833,0.3547744154930115,0.0017314172582700849,0.0004941107472404838,4.2068527363881e-06,3.5386315175856e-06,0.0005139958811923862,0.0003603669465519488,1.6270003470708616e-05,0.00036822547554038465,0.005586096551269293,0.031608857214450836,0.0,0.0149549450725317,0.00018791371257975698,0.25415223836898804,4.419510787556646e-06,,,,
80,0.015658190473914146,0.00019701540030721992,29.495327699987683,0.4459168612957001,0.0019110091961920261,0.0005215390119701624,4.656747478293255e-06,3.4828949537768494e-06,0.0006527830264531076,0.000366808584658429,1.6818383301142603e-05,0.00037551982677541673,0.005068936385214329,0.006088664755225182,0.0,0.037607524544000626,8.521045674569905e-05,0.25434747338294983,6.943605512788054e-06,,,,
81,0.017409546300768852,0.00019694072453124218,29.860794876993168,0.4883193075656891,0.001987832598388195,0.0005442517576739192,4.182235898042563e-06,2.5761269171198364e-06,0.0007937338086776435,0.00037130204145796597,1.7167145415442064e-05,0.0003804399457294494,0.023494839668273926,0.023911233991384506,0.0,0.0039921533316373825,0.00016770890215411782,0.25455528497695923,3.660917627712479e-06,,,,
82,0.017429018393158913,0.0001968651413374313,30.22883831494255,0.25981736183166504,0.0018526529893279076,0.0005784757086075842,4.375142452772707e-06,3.3216197152796667e-06,0.0008311767014674842,0.00036377052310854197,1.7106704035541043e-05,0.0003719819651450962,0.020535364747047424,0.008766349405050278,0.0,0.03181768208742142,0.00020844217215199023,0.25474298000335693,7.371585525106639e-06,,,,
83,0.01591348461806774,0.00019678865147176283,30.59634282294428,0.6931242942810059,0.0015937642892822623,0.0005754560115747154,3.9011783883324824e-06,2.9653315323230345e-06,0.0005839625373482704,0.00036930054193362594,1.6881454939721152e-05,0.0003762666310649365,0.01587567664682865,0.014956445433199406,0.0,0.015853267163038254,0.00018340411770623177,0.25494036078453064,9.468738426221535e-06,,,,
84,0.018138378858566284,0.00019671125568916097,30.963280599971768,0.40081000328063965,0.0017822057707235217,0.0005115330568514764,3.716028686540085e-06,3.2804589409352047e-06,0.0004021592903882265,0.0003667235723696649,1.6777596101746894e-05,0.000374366354662925,0.05107047036290169,0.021696701645851135,0.0,0.02894916944205761,7.864383951527998e-05,0.2551339566707611,2.3532907107437495e-06,,,,
85,0.015958823263645172,0.00019663295475349076,31.331363418954425,0.6169852614402771,0.0020705892238765955,0.0005824598483741283,4.109341716684867e-06,3.798819761868799e-06,0.0006223137024790049,0.00036735288449563086,1.659236295381561e-05,0.00037637841887772083,0.022647958248853683,0.0024488763883709908,0.0,0.01083656121045351,0.00022336927941069007,0.25533631443977356,1.3354352631722577e-05,,,,
86,0.01991654932498932,0.00019655374943755086,31.69991022197064,0.731385350227356,0.0018306493293493986,0.000628886220511049,4.648913090932183e-06,4.382749011710985e-06,0.000502452370710671,0.00036480245762504637,1.6160807717824355e-05,0.00037363963201642036,0.013819441199302673,0.03294609114527702,0.0,0.040773842483758926,0.0001922476221807301,0.25552526116371155,9.316032446804456e-06,,,,
87,0.018723221495747566,0.00019647364052306575,32.06579087697901,0.24913668632507324,0.002046667505055666,0.0005635786801576614,3.6192056995787425e-06,3.513627916618134e-06,0.0006563168717548251,0.0003687553689815104,1.5956749848555773e-05,0.0003780449042096734,0.012296580709517002,0.017053870484232903,0.0,0.054927852004766464,8.566775795770809e-05,0.25573259592056274,1.0943847883027047e-05,,,,
88,0.020155129954218864,0.00019639262880067807,32.43872530199587,0.6511719226837158,0.0018379430985078216,0.0005626161582767963,4.30156615038868e-06,3.878866664308589e-06,0.0005179854342713952,0.0003697059291880578,1.553589572722558e-05,0.0003791989292949438,0.04430360347032547,0.03481825441122055,0.0,0.02838103659451008,0.00012666138354688883,0.25596222281455994,4.196024292468792e-06,,,,
89,0.016758376732468605,0.00019631071506994084,32.803541375964414,0.1736941933631897,0.0017955455696210265,0.0005750675918534398,3.951113285438623e-06,2.9797142815368716e-06,0.0005800174549221992,0.00036976669798605144,1.4865300727251451e-05,0.0003793355426751077,0.036717504262924194,0.0077173709869384766,0.0,0.019897017627954483,0.00011565969180082902,0.2561938762664795,6.749586646037642e-06,,,,
90,0.022201629355549812,0.0001962279001393095,33.16878630197607,0.8771747946739197,0.002026546746492386,0.0007478126790374517,4.659837031795178e-06,3.6425185498956125e-06,0.0007238855469040573,0.00038094836054369807,1.4410640687856358e-05,0.0003911520470865071,0.0368833914399147,0.030828405171632767,0.0,0.014766491949558258,0.0005794424214400351,0.256416916847229,9.779607353266329e-06,,,,
91,0.0186860840767622,0.00019614418482613398,33.53329042496625,0.5703241229057312,0.001741007436066866,0.0005655046552419662,4.549615823634667e-06,4.593559424392879e-06,0.0003624700475484133,0.0003732196637429297,1.4705669855175074e-05,0.00038311362732201815,0.01424398086965084,0.040493130683898926,0.0,0.023644646629691124,0.00023534841602668166,0.25662654638290405,1.4450515664066188e-05,,,,
92,0.019325219094753265,0.00019605956995665062,33.89797853498021,0.8728289008140564,0.0019921862985938787,0.0006579942419193685,3.7922916362731485e-06,5.238232915871777e-06,0.00042231808765791357,0.0003712928737513721,1.5171509403444361e-05,0.00038109891465865076,0.0030290172435343266,0.036968015134334564,0.0,0.018445724621415138,0.0003259474178776145,0.25683626532554626,1.2695795703621116e-05,,,,
93,0.017741430550813675,0.000195974056365974,34.26883887994336,0.7103552222251892,0.0017484225099906325,0.0005686175427399576,6.057103291823296e-06,3.6979035940021276e-06,0.0006904543843120337,0.0003669883299153298,1.5466306649614125e-05,0.000376443873392418,0.018929336220026016,0.01733020320534706,0.0,0.03047603741288185,0.0003092761035077274,0.25704124569892883,8.543258445570245e-06,,,,
94,0.020579058676958084,0.0001958876448980888,34.6361029909458,0.7350784540176392,0.001638998743146658,0.0006357674719765782,5.931314262852538e-06,3.816622665908653e-06,0.0005915126530453563,0.0003693032485898584,1.6147638234542683e-05,0.00037879814044572413,0.026225708425045013,0.046348366886377335,0.0,0.012622025795280933,0.00037957000313326716,0.2572549879550934,6.9856337177043315e-06,,,,
95,0.019575808197259903,0.00019580033640584124,35.006189546955284,1.3275343179702759,0.0020335563458502293,0.0006199192139320076,3.9928636397235096e-06,5.642836185870692e-06,0.0009066557977348566,0.0003744973801076412,1.7034177290042862e-05,0.00038434553425759077,0.03180500492453575,0.011918026953935623,0.0,0.032663244754076004,0.0003076055145356804,0.2574552893638611,1.3815300690112053e-06,,,,
96,0.01845460943877697,0.00019571213175093098,35.37765059794765,0.9553977251052856,0.0021560699678957462,0.0007140098605304956,4.593858193402411e-06,3.248524990340229e-06,0.0007447160314768553,0.00037903693737462163,1.737439561111387e-05,0.0003867810301017016,0.004288730211555958,0.008115485310554504,0.0,0.024161865934729576,0.00039047314203344285,0.25766435265541077,1.0015765838033985e-05,,,,
97,0.016204748302698135,0.00019562303180390228,35.744726671953686,0.7639869451522827,0.0016712616197764874,0.0006165322847664356,5.6940784816106316e-06,2.8443680548662087e-06,0.00041843904182314873,0.00037798756966367364,1.7864875189843588e-05,0.00038582689012400806,0.020268362015485764,0.005305305123329163,0.0,0.029848139733076096,0.00010085096437251195,0.2578715980052948,5.413784492702689e-06,,,,
98,0.019453248009085655,0.0001955330374441357,36.13176386995474,1.0679538249969482,0.001675002626143396,0.0005934210494160652,4.537836048257304e-06,4.2809142541955225e-06,0.0005519619444385171,0.0003762223932426423,1.8628696125233546e-05,0.00038593585486523807,0.00930959451943636,0.0446910634636879,0.0,0.02658727578818798,0.00010745623876573518,0.2580818235874176,8.424477528024e-06,,,,
99,0.016553180292248726,0.0001954421495598392,36.50190278998343,0.5709150433540344,0.0019759521819651127,0.0006136823212727904,3.960478352382779e-06,3.1581446364725707e-06,0.0005124855670146644,0.00037836236879229546,1.847548810474109e-05,0.00038832935388199985,0.014492828398942947,0.006826970726251602,0.0,0.02045346051454544,0.00035896076587960124,0.25829213857650757,5.276731371850474e-06,,,,
100,0.017028920352458954,0.0001953503690480395,36.87044392997632,1.0942087173461914,0.0016020872863009572,0.0006822431460022926,5.559189503401285e-06,7.033468136796728e-06,0.0005874844500795007,0.00036615956923924387,1.7854132238426246e-05,0.0003748491290025413,0.01308783795684576,0.014607662335038185,0.0,0.01157430000603199,9.77533491095528e-05,0.2584976851940155,6.387748726410791e-06,1.2087843988777203,7.1057736682683,1.1187271093971762,0.7973193787116952
101,0.015077558346092701,0.0001952576968145732,37.26656469597947,0.38043659925460815,0.001860524294897914,0.0005919912946410477,4.541465386864729e-06,3.165239377267426e-06,0.0005687184166163206,0.0003644614771474153,1.7548214600537904e-05,0.00037276235525496304,0.0032155350781977177,0.00563059002161026,0.0,0.016032163053750992,0.00016664701979607344,0.2586936056613922,6.73502199788345e-06,,,,
102,0.01697254553437233,0.0001951641337740779,37.63346524100052,1.1168015003204346,0.002056717872619629,0.000568097282666713,7.79133551986888e-06,5.16369709657738e-06,0.0006762184202671051,0.00036309403367340565,1.723822242638562e-05,0.00037094909930601716,0.007861933670938015,0.012718727812170982,0.0,0.024271180853247643,0.00013091365690343082,0.2588857114315033,4.906878075416898e-06,,,,
103,0.016030723229050636,0.00019506968084998292,37.998222063994035,0.9777811169624329,0.001829080400057137,0.0005839618388563395,3.6659155284723965e-06,5.269784651318332e-06,0.0004842064226977527,0.00035897959605790675,1.6493275325046852e-05,0.00036648623063229024,0.019905200228095055,0.011250879615545273,0.0,0.01434861309826374,8.745638479012996e-05,0.25907596945762634,7.06214541423833e-06,,,,
104,0.018700597807765007,0.00019497433897450056,38.36488524294691,0.5669074654579163,0.0019018772291019559,0.0006570747937075794,3.5350456073501846e-06,4.613416422216687e-06,0.0007597309304401278,0.00036198546877130866,1.649586010898929e-05,0.00037172166048549116,0.011931883171200752,0.019636305049061775,0.0,0.025701938197016716,0.00020708434749394655,0.259255588054657,6.700382073177025e-06,,,,
105,0.01629270240664482,0.00019487810908861667,38.73026919097174,1.3104372024536133,0.0016357370186597109,0.0006159029435366392,4.323083885537926e-06,3.847886091534747e-06,0.0005511150229722261,0.00037371134385466576,1.6468675312353298e-05,0.00038459248025901616,0.015330393798649311,0.015056456439197063,0.0,0.01188851147890091,0.00019633860210888088,0.2594391703605652,6.005080649629235e-06,,,,
106,0.01581532135605812,0.00019478099214208133,39.097019137989264,0.8031794428825378,0.001992478035390377,0.000528759672306478,3.6079327401239425e-06,3.979576831625309e-06,0.0006280546076595783,0.00036732779699377716,1.5878949852776714e-05,0.00037441469612531364,0.015565079636871815,0.008951658383011818,0.0,0.020654402673244476,0.00010414115968160331,0.25961020588874817,6.371904419211205e-06,,,,
107,0.018311526626348495,0.0001946829890933996,39.46336602297379,1.2480685710906982,0.0017318119062110782,0.0007390191312879324,3.6279707273934036e-06,2.854815193131799e-06,0.0005465107969939709,0.0003861280856654048,1.601515214133542e-05,0.0003925067721866071,0.013167910277843475,0.019747503101825714,0.0,0.016372622922062874,3.419458516873419e-05,0.25978127121925354,6.09376866123057e-06,,,,
108,0.017366763204336166,0.000194584100909822,39.82790306996321,1.7414746284484863,0.001765334396623075,0.0006871166406199336,5.86280020797858e-06,7.673008440178819e-06,0.0005815853364765644,0.00036716522299684584,1.675291423453018e-05,0.00037650816375389695,0.013550015166401863,0.007832341827452183,0.0,0.01913347840309143,0.0002912011987064034,0.2599436342716217,5.001072167942766e-06,,,,
109,0.01846376247704029,0.00019448432856733496,40.20000686898129,1.0752267837524414,0.0018315899651497602,0.0005710873520001769,7.129416189854965e-06,4.484133569349069e-06,0.0007381517207249999,0.0003636599867604673,1.6704147128621116e-05,0.00037219063960947096,0.01827307417988777,0.02303178794682026,0.0,0.030048469081521034,0.0001323345786659047,0.2601109445095062,9.592697097104974e-06,,,,
110,0.017917701974511147,0.0001943836730506513,40.56730997597333,0.6686373353004456,0.0017137581016868353,0.0006801979034207761,5.691920705430675e-06,3.1350477911473718e-06,0.0004885323578491807,0.0003656866610981524,1.720773070701398e-05,0.000374335068045184,0.027346912771463394,0.01250137947499752,0.0,0.019952591508626938,0.0002534541126806289,0.26028507947921753,6.111624315963127e-06,,,,
111,0.01822272688150406,0.00019428213535320024,40.9295172499842,0.9841516017913818,0.0017754739383235574,0.0006964822532609105,4.702828391600633e-06,4.6466157073155046e-06,0.0006159136537462473,0.0003664463001769036,1.7712796761770733e-05,0.0003751289623323828,0.01740087941288948,0.020710527896881104,0.0,0.008982900530099869,0.00017914161435328424,0.2604661285877228,7.839308636903297e-06,,,,
112,0.01881956309080124,0.00019417971647711792,41.29491469095228,0.5072665214538574,0.001928214100189507,0.0006667691050097346,3.5948437471233774e-06,3.2027905945142265e-06,0.0005358151975087821,0.00036408257437869906,1.7541717170388438e-05,0.0003706305578816682,0.010673590935766697,0.027387306094169617,0.0,0.020877087488770485,0.00019840194727294147,0.26063552498817444,5.294314178172499e-06,,,,
113,0.01861981302499771,0.00019407641743323726,41.65977256797487,0.7117553949356079,0.0018225181847810745,0.0006364393630065024,3.132525989713031e-06,3.077976316490094e-06,0.00043706767610274255,0.0003582705103326589,1.7443806427763775e-05,0.0003645769611466676,0.035485751926898956,0.02337700128555298,0.0,0.012991704978048801,0.00036998704308643937,0.26080596446990967,2.743576942521031e-06,,,,
114,0.01824450120329857,0.00019397223924107817,42.02199430397013,0.20586548745632172,0.0017838660860434175,0.0005918836686760187,4.078604433743749e-06,3.2755085612734547e-06,0.0007477932376787066,0.0003548538079485297,1.7259269952774048e-05,0.00036324479151517153,0.023005258291959763,0.019911672919988632,0.0,0.02518841251730919,0.000287375645712018,0.2609676718711853,9.060899174073711e-06,,,,
115,0.016933925449848175,0.00019386718292883727,42.38841005298309,1.7182331085205078,0.0019174724584445357,0.0006081181345507503,3.7034710658190306e-06,3.023989620487555e-06,0.0006546620279550552,0.00039308820851147175,1.6840909665916115e-05,0.00040381751023232937,0.010967150330543518,0.01286284625530243,0.0,0.018609920516610146,0.00029402601649053395,0.2611333429813385,4.980744051863439e-06,,,,
116,0.017655717208981514,0.00019376124953337801,42.79267189995153,1.7791943550109863,0.0017306181835010648,0.0006585509399883449,6.027764811733505e-06,9.846920875133947e-06,0.0005215703276917338,0.00034574815072119236,1.5800957044120878e-05,0.0003533955314196646,0.012636419385671616,0.005672452971339226,0.0,0.036375805735588074,0.00043577636824920774,0.2612941861152649,9.32008697418496e-06,,,,
117,0.01734999008476734,0.0001936544401002202,43.16036411997629,0.7155339121818542,0.0018227800028398633,0.0005952116334810853,5.178076662559761e-06,3.528860133883427e-06,0.0005231121322140098,0.0003563596401363611,1.5553059711237438e-05,0.0003644840035121888,0.02092987485229969,0.017914030700922012,0.0,0.019585369154810905,0.0002428404550300911,0.26146775484085083,6.896275863255141e-06,,,,
118,0.016709361225366592,0.0001935467556835299,43.526327703963034,1.42025887966156,0.001992801669985056,0.0005465783760882914,7.444230050168699e-06,5.9431613408378325e-06,0.00047806973452679813,0.00036052943323738873,1.5378702300949953e-05,0.0003691607853397727,0.014119623228907585,0.010437140241265297,0.0,0.03158268705010414,0.0001733327517285943,0.26163652539253235,1.5061194062582217e-05,,,,
119,0.017001688480377197,0.00019343819734610873,43.89123722794466,1.597117304801941,0.0018596049631014466,0.0006058440776541829,5.53299378225347e-06,6.960805876587983e-06,0.0005803225794807076,0.00037134665763005614,1.5032312148832716e-05,0.0003808787150774151,0.012737629935145378,0.018027063459157944,0.0,0.013704252429306507,4.7620713303331286e-05,0.26181119680404663,1.0491380635357928e-05,,,,
120,0.018942639231681824,0.00019332876615938373,44.26098722196184,0.6799216866493225,0.0016354870749637485,0.0006709137815050781,3.816475327766966e-06,3.248551138312905e-06,0.0006521353498101234,0.000350721413269639,1.5523677575401962e-05,0.0003592561697587371,0.03564984351396561,0.026030199602246284,0.0,0.009444382041692734,9.279741061618552e-05,0.2619790732860565,9.646186299505644e-06,,,,
121,0.019213099032640457,0.0001932184632033965,44.62885489797918,1.5968364477157593,0.0018498359713703394,0.0007039962220005691,4.465991423785454e-06,4.7516396080027334e-06,0.0005647671641781926,0.0003547130909282714,1.623110074433498e-05,0.0003635085595306009,0.024286437779664993,0.018192676827311516,0.0,0.015600282698869705,0.0006432978552766144,0.2621401846408844,5.332908585842233e-06,,,,
122,0.018145745620131493,0.00019310728956679267,44.99462777399458,1.9684064388275146,0.0017776848981156945,0.0006241027731448412,7.0997134571371134e-06,5.228623194852844e-06,0.0005480534164234996,0.00037041172618046403,1.6301404684782028e-05,0.00037831588997505605,0.020457712933421135,0.015619171783328056,0.0,0.031683292239904404,0.00016506132669746876,0.2622954845428467,1.0961704902001657e-05,,,,
123,0.018995750695466995,0.00019299524634681117,45.36106529296376,0.4888792037963867,0.0021615431178361177,0.0006042364402674139,3.2916420877882047e-06,3.471673153399024e-06,0.0007278475677594543,0.00034521662746556103,1.717471423035022e-05,0.00035303065669722855,0.007329370826482773,0.020842336118221283,0.0,0.040019456297159195,0.00016444327775388956,0.2624625563621521,1.678555599937681e-05,,,,
124,0.0167968962341547,0.00019288233464927337,45.726712577976286,1.080974817276001,0.0018891055369749665,0.0005010206950828433,4.0660488593857735e-06,4.433835783856921e-06,0.0006381513667292893,0.0003501240280456841,1.7612570445635356e-05,0.0003585820086300373,0.02664024569094181,0.023686572909355164,0.0,0.007247846107929945,0.00022560777142643929,0.26264530420303345,9.893385140458122e-06,,,,
125,0.017235033214092255,0.00019276855558857212,46.09458018298028,1.2963495254516602,0.0021210333798080683,0.0005264125647954643,7.294493116205558e-06,5.504379714693641e-06,0.0005736282328143716,0.0003417892148718238,1.7192549421451986e-05,0.0003495246637612581,0.0064315954223275185,0.023839876055717468,0.0,0.015807121992111206,0.0003961332840844989,0.26281246542930603,8.250301107182167e-06,1.0840066775624186,6.803893622841106,0.9861245145171429,0.7738872930165553
126,0.019580692052841187,0.0001926539102876608,46.492713552957866,0.17800581455230713,0.001957597676664591,0.0006192798027768731,4.284429451217875e-06,3.023553063030704e-06,0.0008668980444781482,0.00034385660546831787,1.7099913748097606e-05,0.00035192546783946455,0.020015081390738487,0.027050772681832314,0.0,0.02538287453353405,0.00016137229977175593,0.262975811958313,5.640809376927791e-06,,,,
127,0.017429595813155174,0.00019253839987804224,46.85931134095881,1.322040319442749,0.0018021559808403254,0.0006143638165667653,6.170051165099721e-06,6.222758656804217e-06,0.0005655772401951253,0.0003465955378487706,1.6958429114311002e-05,0.00035494801704771817,0.024161919951438904,0.01600537821650505,0.0,0.009422140195965767,0.0004162099794484675,0.2631440758705139,7.5684233706851956e-06,,,,
128,0.017270255833864212,0.00019242202549975756,47.225249412993435,1.3966752290725708,0.0019224445568397641,0.0005995017709210515,5.163056812307332e-06,3.586834736779565e-06,0.0003602112119551748,0.0003584270889405161,1.6555435649934225e-05,0.00036679577897302806,0.036127135157585144,0.009606540203094482,0.0,0.023541880771517754,0.00010470258712302893,0.2632986605167389,2.9861928396712756e-06,,,,
129,0.019489534199237823,0.00019230478830137488,47.59201226796722,0.15656214952468872,0.002016157377511263,0.0005815334734506905,3.05431240121834e-06,3.1007398320070934e-06,0.0005568192573264241,0.0003419043496251106,1.7109157852246426e-05,0.00035038311034440994,0.010871758684515953,0.03249150142073631,0.0,0.04121144115924835,0.0002070510236080736,0.2634572386741638,7.100688890204765e-06,,,,
130,0.017217064276337624,0.00019218668943997807,47.955426585976966,1.6781851053237915,0.0017744476208463311,0.0006356909871101379,4.690353307523765e-06,5.679057721863501e-06,0.0007036516908556223,0.0003639365895651281,1.7544214642839506e-05,0.00037422808236442506,0.006989817135035992,0.02248513326048851,0.0,0.008189024403691292,6.281027162913233e-05,0.2636384069919586,6.947083420527633e-06,,,,
131,0.015684502199292183,0.00019206773008115515,48.3231745249941,1.3744922876358032,0.001951388781890273,0.0005390413571149111,7.13540021024528e-06,4.609332791005727e-06,0.00043771773925982416,0.00034450541716068983,1.7318763639195822e-05,0.0003524513158481568,0.011917486786842346,0.009191022254526615,0.0,0.023894792422652245,0.00014094833750277758,0.26380491256713867,4.493606866162736e-06,,,,
132,0.01513945683836937,0.00019194791139898703,48.686456020979676,0.5984288454055786,0.0018839273834601045,0.00044980429811403155,3.666660632006824e-06,3.296902377769584e-06,0.0003523734339978546,0.0003462386375758797,1.7736289009917527e-05,0.00035423084045760334,0.021946674212813377,0.010682769119739532,0.0,0.029311997815966606,0.0002833760227076709,0.2639724612236023,6.526013748953119e-06,,,,
133,0.015966450795531273,0.00019182723457603564,49.052023504977114,1.2210314273834229,0.0016006466466933489,0.0005862521938979626,4.5088754632161e-06,6.837033197371056e-06,0.0006618690676987171,0.00035017458139918745,1.808641718525905e-05,0.0003599599585868418,0.012151268310844898,0.01564520224928856,0.0,0.010164020583033562,0.00013094505993649364,0.26414790749549866,1.7413740351912566e-05,,,,
134,0.0168601144105196,0.00019170570080333262,49.42253623896977,0.5550199747085571,0.001783123705536127,0.0005605386686511338,4.4217536014912184e-06,2.9242251002870034e-06,0.0008391912560909986,0.00034826010232791305,1.7624382962821983e-05,0.0003577614843379706,0.012748596258461475,0.014154275879263878,0.0,0.02798929065465927,5.3591527830576524e-05,0.26431262493133545,1.0226412996416911e-05,,,,
135,0.01603636145591736,0.00019158331128036715,49.790936877951026,1.2407820224761963,0.0016758522251620889,0.0005386969423852861,8.615430488134734e-06,5.046968908573035e-06,0.0008169416105374694,0.0003445679903961718,1.7249269149033353e-05,0.00035348450182937086,0.006378489080816507,0.01342112384736538,0.0,0.0205236729234457,0.00021108114742673934,0.26449111104011536,7.946317055029795e-06,,,,
136,0.017721449956297874,0.00019146006721507445,50.153329301974736,0.9259178638458252,0.0017695127753540874,0.0005240193568170071,5.117427463119384e-06,4.769975021190476e-06,0.00045084767043590546,0.0003476253186818212,1.7241120076505467e-05,0.00035676281549967825,0.010412358678877354,0.04105179011821747,0.0,0.009223083034157753,0.00040175439789891243,0.26466870307922363,5.882054210815113e-06,,,,
137,0.01733439601957798,0.00019133596982382368,50.51731068996014,0.8577165603637695,0.0018297891365364194,0.0005596596747636795,5.024530310038244e-06,4.681851805798942e-06,0.0004665205196943134,0.0003457113343756646,1.7204583855345845e-05,0.00035462973755784333,0.02149323560297489,0.01596182771027088,0.0,0.03524404764175415,0.00010350474622100592,0.26483258605003357,4.407248525239993e-06,,,,
138,0.01743430271744728,0.00019121102033140596,50.88730605994351,1.4545742273330688,0.0016361174639314413,0.0006316554499790072,5.7652396208141e-06,6.508614660560852e-06,0.0004169480816926807,0.0003431852092035115,1.692645855655428e-05,0.00035202904837206006,0.021509267389774323,0.021696489304304123,0.0,0.011217398568987846,0.0003281612298451364,0.2650122344493866,6.392964678525459e-06,,,,
139,0.01695100963115692,0.0001910852199710224,51.25502761697862,0.9180339574813843,0.001515655079856515,0.0005380077636800706,3.1632857826480176e-06,3.107107431787881e-06,0.0007101868977770209,0.0003502942272461951,1.7453021428082138e-05,0.0003590880078263581,0.027509072795510292,0.026422131806612015,0.0,0.01277485303580761,6.170265260152519e-05,0.265186071395874,2.1249989003990777e-06,,,,
140,0.015347858890891075,0.00019095856998427172,51.62032351299422,0.7719643712043762,0.0017763958312571049,0.0005506465677171946,3.661418986666831e-06,3.696372914419044e-06,0.0007240511476993561,0.00034270764444954693,1.7394617316313088e-05,0.0003510838723741472,0.01885860599577427,0.007470482029020786,0.0,0.011321838945150375,0.00011081632692366838,0.2653481662273407,1.049966158461757e-05,,,,
141,0.017472298815846443,0.0001908310716211382,51.98487259098329,1.8297336101531982,0.0017333580181002617,0.000580902153160423,5.1529159463825636e-06,5.74593059354811e-06,0.0004919597995467484,0.00036863156128674746,1.7256235878448933e-05,0.00037809228524565697,0.021274767816066742,0.025234756991267204,0.0,0.016185879707336426,5.3120889788260683e-05,0.2655004560947418,9.531609066470992e-06,,,,
142,0.016734853386878967,0.00019070272613997915,52.35164273896953,1.2032959461212158,0.0015592192066833377,0.0005744375521317124,5.1570655159594025e-06,5.833891009388026e-06,0.00044766240171156824,0.000344871572451666,1.7731685147737153e-05,0.0003531149704940617,0.032364025712013245,0.009243827313184738,0.0,0.03096833825111389,0.00018375576473772526,0.2656498849391937,4.434592028701445e-06,,,,
143,0.014714648947119713,0.0001905735348075127,52.71773918898543,0.5844001173973083,0.0016733391676098108,0.000601606210693717,4.079423888470046e-06,3.1050244615471456e-06,0.0005379504291340709,0.00034447392681613564,1.786173743312247e-05,0.00035240562283433974,0.007397603243589401,0.00625822227448225,0.0,0.010950152762234211,0.000163763586897403,0.265807181596756,8.187760613509454e-06,,,,
144,0.016747770830988884,0.00019044349889880515,53.086538891948294,1.7018709182739258,0.001789011643268168,0.0005948127945885062,7.986395758052822e-06,7.408686997223413e-06,0.0004629229661077261,0.0003415551036596298,1.765777778928168e-05,0.00034970001433975995,0.02685166895389557,0.009590527974069118,0.0,0.018592216074466705,0.00010200846008956432,0.26596158742904663,1.0607236617943272e-05,,,,
145,0.01727304793894291,0.00019031261969725837,53.453451813955326,1.558300256729126,0.001703233108855784,0.0005347166443243623,5.746845999965444e-06,5.376579792937264e-06,0.0004186994337942451,0.0003434731042943895,1.794145100575406e-05,0.0003514525596983731,0.029353130608797073,0.025384247303009033,0.0,0.016417911276221275,0.00022603943943977356,0.2661131024360657,6.477001079474576e-06,,,,
146,0.015160048380494118,0.00019018089849459733,53.81810095196124,0.43232643604278564,0.0017458011861890554,0.000545996823348105,3.3600476854189765e-06,2.705020506255096e-06,0.0005454878555610776,0.00035087377182208,1.7652484530117363e-05,0.0003589824482332915,0.016130194067955017,0.00821293331682682,0.0,0.021140800788998604,1.8369813915342093e-05,0.2662656307220459,7.616697075718548e-06,,,,
147,0.017337415367364883,0.000190048336590857,54.18848750798497,1.1686015129089355,0.00147913524415344,0.0006089725065976381,4.179254119662801e-06,3.3154190077766543e-06,0.0005537114921025932,0.00035299386945553124,1.7622336599742994e-05,0.00036090650246478617,0.03740834817290306,0.005828830413520336,0.0,0.040200721472501755,0.00010728769848356023,0.2664221525192261,3.1271763418772025e-06,,,,
148,0.019144857302308083,0.00018991493529436996,54.55688776494935,1.5762839317321777,0.0017976745730265975,0.0006217936752364039,4.850504410569556e-06,4.229539626976475e-06,0.0007523353560827672,0.0003515701100695878,1.8159475075663067e-05,0.00036066421307623386,0.022551000118255615,0.024138163775205612,0.0,0.029683388769626617,7.972704042913392e-05,0.2665964365005493,8.899160093278624e-06,,,,
149,0.016939925029873848,0.0001897806959217531,54.927052341983654,0.7696169018745422,0.0014956030063331127,0.000536429462954402,4.049495601066155e-06,3.8855173443153035e-06,0.0007905522361397743,0.0003367303579580039,1.8063576135318726e-05,0.00034491033875383437,0.03515225276350975,0.010280109941959381,0.0,0.029639597982168198,0.00026991532649844885,0.2667806148529053,1.1642818208201788e-05,,,,
150,0.016387149691581726,0.00018964561979789484,55.29666261799866,0.23279015719890594,0.0017641863087192178,0.0005734545411542058,3.18777961183514e-06,2.872195864256355e-06,0.00049258500803262,0.0003381867427378893,1.8317225112696178e-05,0.00034612309536896646,0.013630269095301628,0.013642779551446438,0.0,0.025743361562490463,0.00035687061608769,0.26697373390197754,1.1406707926653326e-05,1.3067295789560138,7.045439675701017,1.034562021055763,0.9328922390376169
151,0.01632164791226387,0.00018950970825594202,55.69569264596794,0.665287971496582,0.0014180355938151479,0.0006072833202779293,3.4233271435368806e-06,3.6966234802093823e-06,0.0004900406347587705,0.000340380152920261,1.8540506061981432e-05,0.0003483965410850942,0.03145202249288559,0.015819799154996872,0.0,0.012208348140120506,8.916924707591534e-05,0.26716694235801697,1.490778049628716e-05,,,,
152,0.01778363063931465,0.00018937296263728663,56.06745667394716,0.1314760148525238,0.00186431547626853,0.0005948639591224492,3.542111244314583e-06,2.508876150386641e-06,0.0005301311612129211,0.0003390862257219851,1.8431846910971217e-05,0.00034797683474607766,0.029785634949803352,0.02184278517961502,0.0,0.013865754008293152,0.0001871140266302973,0.26734739542007446,8.584640454500914e-06,,,,
153,0.018494419753551483,0.0001892353842915528,56.441028110974,0.7741283178329468,0.0018073731334879994,0.0005202194442972541,3.8008615774742793e-06,3.202620973752346e-06,0.0009399503469467163,0.00034502980997785926,1.8089060176862404e-05,0.00035472813760861754,0.017843957990407944,0.02353212609887123,0.0,0.0330657921731472,0.0004985489067621529,0.2675180435180664,6.2639273892273195e-06,,,,
154,0.016001224517822266,0.00018909697457658315,56.81725943798665,1.0852723121643066,0.0017478892114013433,0.0005544828600250185,3.8502585084643215e-06,4.537390395853436e-06,0.0004963972605764866,0.00034613144816830754,1.75363111338811e-05,0.00035599712282419205,0.0063406615518033504,0.021600227802991867,0.0,0.017513500526547432,7.325576734729111e-05,0.26769858598709106,8.588849595980719e-06,,,,
155,0.017563993111252785,0.0001889577348584258,57.18470310897101,1.354763150215149,0.0016744259046390653,0.0005425741546787322,4.654119038605131e-06,3.1793367725185817e-06,0.00039050294435583055,0.00035756343277171254,1.6674634025548585e-05,0.000366378779290244,0.020315399393439293,0.02923598140478134,0.0,0.022264419123530388,0.0004448327235877514,0.26787230372428894,8.986164175439626e-06,,,,
156,0.018117684870958328,0.00018881766651132048,57.550510066968855,0.44134649634361267,0.0019711614586412907,0.0005786372348666191,3.210326667613117e-06,3.745535423149704e-06,0.0005251492257229984,0.00034126179525628686,1.6440157196484506e-05,0.0003507498768158257,0.021044814959168434,0.02020663395524025,0.0,0.034065887331962585,5.9297537518432364e-05,0.2680480480194092,5.189006515138317e-06,,,,
157,0.01436020340770483,0.00018867677091768525,57.917564516945276,1.149686336517334,0.0018620674964040518,0.0004854986909776926,3.4026259072561515e-06,3.4191677968919976e-06,0.0008930177427828312,0.00034840754233300686,1.5904219253570773e-05,0.00035833867150358856,0.017305783927440643,0.003345036879181862,0.0,0.005120258778333664,0.0002046727604465559,0.2682347297668457,1.5690829968662e-05,,,,
158,0.01841171830892563,0.00018853504946810275,58.28459943999769,1.6398611068725586,0.0016313623636960983,0.0005872169858776033,8.218643415602855e-06,6.719566044921521e-06,0.00047320860903710127,0.00034412427339702845,1.5287518181139603e-05,0.00035353779094293714,0.04579542577266693,0.01808297075331211,0.0,0.023482326418161392,0.00013464648509398103,0.26840564608573914,5.588029125647154e-06,,,,
159,0.01598309352993965,0.00018839250356130649,58.650961067993194,0.7813159823417664,0.0015819231048226357,0.0005247686058282852,3.943564479413908e-06,4.80278822578839e-06,0.000533334503415972,0.0003414916282054037,1.5627196262357756e-05,0.0003504666092339903,0.020102621987462044,0.012566006742417812,0.0,0.03310457244515419,0.00010523802484385669,0.2685835361480713,4.041269221488619e-06,,,,
160,0.016309695318341255,0.00018824913460416696,59.01938448095461,1.3611186742782593,0.0014929682947695255,0.0005927814054302871,5.9781441450468265e-06,6.061608928575879e-06,0.0007448385003954172,0.0003405548050068319,1.5924633771646768e-05,0.000349436973920092,0.003924841061234474,0.017396356910467148,0.0,0.01659923978149891,0.00035665396717377007,0.26877138018608093,5.611987944575958e-06,,,,
161,0.017301229760050774,0.00018810494401167796,59.38768738298677,2.0414016246795654,0.0015263205859810114,0.000540918845217675,8.994992640509736e-06,1.1426392120483797e-05,0.0007245495798997581,0.00033347911085002124,1.591452382854186e-05,0.0003416005056351423,0.029623858630657196,0.02079092338681221,0.0,0.011961942538619041,0.0001407689123880118,0.2689543664455414,1.2378538485791069e-05,,,,
162,0.01521676778793335,0.00018795993320694235,59.75500290194759,0.694149911403656,0.001725955749861896,0.000482883770018816,3.1218412459566025e-06,2.9232467113615712e-06,0.0006017235573381186,0.00033654976869001985,1.70962175616296e-05,0.0003445088805165142,0.028535936027765274,0.010430218651890755,0.0,0.018013764172792435,0.00010189440217800438,0.2691274881362915,7.76849719841266e-06,,,,
163,0.020446032285690308,0.0001878141036211583,60.12792101397645,1.1921569108963013,0.0018213739385828376,0.0005968893528915942,6.489612133009359e-06,5.168712050362956e-06,0.000656643882393837,0.00033851427724584937,1.800809332053177e-05,0.0003457440179772675,0.023379232734441757,0.030832678079605103,0.0,0.04944752901792526,2.5060566258616745e-05,0.2693016529083252,5.167051767784869e-06,,,,
164,0.019227629527449608,0.0001876674566936049,60.49894638796104,1.8144322633743286,0.001565566984936595,0.0007024371880106628,5.940064056630945e-06,5.6015878726611845e-06,0.0005680357571691275,0.00035382594796828926,1.8481297956896015e-05,0.00036056479439139366,0.03313421085476875,0.018438223749399185,0.0,0.02697172947227955,7.919769268482924e-05,0.2695055902004242,4.914986675430555e-06,,,,
165,0.020193682983517647,0.00018751999387162812,60.86636477796128,1.090269923210144,0.0016615975182503462,0.0005839174264110625,4.135926246817689e-06,3.154652404191438e-06,0.0006320851971395314,0.0003561223275028169,1.9592231183196418e-05,0.00036480757989920676,0.008431604132056236,0.056539345532655716,0.0,0.014322491362690926,0.0004059306811541319,0.2697135806083679,7.383668616967043e-06,,,,
166,0.02073730155825615,0.0001873717166106265,61.23488257796271,1.1678541898727417,0.001637896872125566,0.0006257033091969788,3.255113824707223e-06,3.2023951916926308e-06,0.0006451581139117479,0.00035449699498713017,1.9628969312179834e-05,0.0003630350693129003,0.02849811315536499,0.04078435152769089,0.0,0.0251776073127985,0.000546877970919013,0.26990973949432373,4.07823063142132e-06,,,,
167,0.019294312223792076,0.00018722262637403675,61.60495397396153,2.390552282333374,0.0016290380153805017,0.0006204291712492704,1.0584509254840668e-05,7.712380465818569e-06,0.0004542561655398458,0.00037275743670761585,1.8851991626434028e-05,0.0003797857207246125,0.015842553228139877,0.0349925197660923,0.0,0.02627604454755783,9.88975225482136e-05,0.27010399103164673,3.2979994557535974e-06,,,,
168,0.016221098601818085,0.0001870727246333193,61.96923293697182,1.8352285623550415,0.001295957830734551,0.0005863094702363014,7.01474527886603e-06,1.0696594472392462e-05,0.0005931121413595974,0.00034716888330876827,1.948172939592041e-05,0.000354486342985183,0.004819800145924091,0.013133558444678783,0.0,0.03710244223475456,9.136161679634824e-05,0.27030229568481445,9.928152394422796e-06,,,,
169,0.018095823004841805,0.00018692201286794384,62.337727922946215,0.25001266598701477,0.0015889530768617988,0.0007201472762972116,3.0437599889410194e-06,3.0722776500624605e-06,0.0007255842792801559,0.0003413822269067168,1.9460567273199558e-05,0.00034823015448637307,0.02982453443109989,0.013322064653038979,0.0,0.01056330930441618,0.00015226315008476377,0.27051255106925964,1.62694304890465e-05,,,,
170,0.017273960635066032,0.0001867704925653746,62.704368441947736,1.4747796058654785,0.001716172555461526,0.0006451174849644303,1.027087819238659e-05,6.948932423256338e-06,0.0006393577205017209,0.00033545837504789233,1.9462413547444157e-05,0.00034247300936840475,0.016794605180621147,0.006185284815728664,0.0,0.024031521752476692,0.00030566996429115534,0.27070900797843933,7.429706784023438e-06,,,,
171,0.01370632741600275,0.00018661816522105585,63.07247854099842,0.8046538233757019,0.0013783505419269204,0.0004926077090203762,3.616657977545401e-06,3.863510301016504e-06,0.0006450781947933137,0.00034397674608044326,1.951454578374978e-05,0.0003521651087794453,0.013664226047694683,0.005148858297616243,0.0,0.022143173962831497,5.410849189502187e-05,0.2709025740623474,8.730944500712212e-06,,,,
172,0.01584615930914879,0.00018646503233839693,63.43956269999035,0.7539446949958801,0.0015855834353715181,0.0004934718599542975,4.150863333052257e-06,4.447974333743332e-06,0.0005845845444127917,0.00033725466346368194,1.86791003216058e-05,0.0003444260510150343,0.025256020948290825,0.015690861269831657,0.0,0.02364143542945385,0.00014705699868500233,0.2710942029953003,3.0704154596605804e-06,,,,
173,0.01815442182123661,0.0001863110954287576,63.8057785089477,1.5917179584503174,0.001713528879918158,0.0006234706379473209,5.232074727246072e-06,5.3334479162003845e-06,0.0004450678243301809,0.00034455338027328253,1.7675012713880278e-05,0.0003510161186568439,0.027880625799298286,0.015527719631791115,0.0,0.03595180809497833,7.219011604320258e-05,0.27128392457962036,8.518205504515208e-06,,,,
174,0.017222069203853607,0.000186156356011433,64.17244707397185,1.1692701578140259,0.0016379078151658177,0.0005349714192561805,4.706646905106027e-06,3.6446824651648058e-06,0.0005813115858472884,0.0003439989231992513,1.7518908862257376e-05,0.00035318394657224417,0.03475133702158928,0.020092494785785675,0.0,0.021814238280057907,9.470825170865282e-05,0.2714836299419403,1.046730176312849e-05,,,,
175,0.014588450081646442,0.00018600081561363871,64.5392807359458,0.8072421550750732,0.0014818873023614287,0.0005546920001506805,3.0045111998333596e-06,2.6434979645273415e-06,0.0004781422612722963,0.0003397117252461612,1.6888649042812176e-05,0.00034880335442721844,0.024194112047553062,0.010823295451700687,0.0,0.004519783891737461,0.00021162968187127262,0.27168142795562744,6.058663529984187e-06,1.0290815427065316,6.915254670984081,0.9524125399657195,0.6780994475415929
176,0.016485165804624557,0.00018584447577049568,64.93110341398278,2.440498113632202,0.0015978853916749358,0.0005076306406408548,7.177454790507909e-06,1.1880200872838032e-05,0.0005834835465066135,0.0003490039671305567,1.616951158212032e-05,0.0003561147896107286,0.024931516498327255,0.01790590211749077,0.0,0.01716693304479122,0.0001684201997704804,0.27185744047164917,4.7294979594880715e-06,,,,
177,0.01795154996216297,0.00018568733802501501,65.2990619079792,2.9665703773498535,0.001735824509523809,0.0005484165740199387,1.5971105312928557e-05,1.5446350516867824e-05,0.000677858421113342,0.0003433956590015441,1.7193478925037198e-05,0.0003530952089931816,0.02507743053138256,0.020063970237970352,0.0,0.01312544010579586,4.270364297553897e-05,0.27202552556991577,1.0163579645450227e-05,,,,
178,0.01537169050425291,0.00018552940392808285,65.66542704496533,1.5750242471694946,0.0018623113865032792,0.0005770518910139799,4.281298515707022e-06,5.697153937944677e-06,0.0006048788782209158,0.0003460609877947718,1.675604289630428e-05,0.0003524647618178278,0.006187396589666605,0.0018894243985414505,0.0,0.026035958901047707,0.00020018211216665804,0.2721867263317108,9.248684364138171e-06,,,,
179,0.01851445995271206,0.00018537067503844495,66.03151644597529,0.7614730596542358,0.0016125667607411742,0.0005841728416271508,4.334678123996127e-06,4.223623818688793e-06,0.0006424151360988617,0.00033234350848942995,1.74783945112722e-05,0.0003403213922865689,0.0331721305847168,0.032186925411224365,0.0,0.012685139663517475,6.438417767640203e-05,0.2723549008369446,1.059022451954661e-05,,,,
180,0.016070721670985222,0.00018521115292269137,66.40050670097116,2.0755813121795654,0.0015899182762950659,0.0005118828266859055,5.7473853303235956e-06,7.4651743489084765e-06,0.0005471853073686361,0.00036186003126204014,1.879984665720258e-05,0.00037360144779086113,0.020461533218622208,0.015439342707395554,0.0,0.026333142071962357,5.621368472930044e-05,0.2725161910057068,7.835143151169177e-06,,,,
181,0.01830785721540451,0.000185050839155241,66.77760722499806,1.876556158065796,0.0015923556638881564,0.0006003266316838562,7.195637408585753e-06,5.447476723929867e-06,0.0006999147008173168,0.00034144020173698664,1.8309585357201286e-05,0.0003467278147581965,0.03736415505409241,0.020940890535712242,0.0,0.014695912599563599,0.00018109625671058893,0.2726835012435913,1.158107079390902e-05,,,,
182,0.0166430976241827,0.00018488973531832602,67.14580291096354,0.6687639355659485,0.00153632671572268,0.0006758849485777318,3.6292653931013774e-06,4.219506536173867e-06,0.00040595440077595413,0.00033734188764356077,1.8799530153046362e-05,0.000344612606568262,0.019351409748196602,0.017366258427500725,0.0,0.0095157939940691,7.246993482112885e-05,0.27284786105155945,1.0619524800858926e-05,,,,
183,0.01632021740078926,0.0001847278430019762,67.51320606196532,0.5453696250915527,0.0018485005712136626,0.0005601876182481647,3.0169362617016304e-06,4.339785846241284e-06,0.0004499731585383415,0.00033848825842142105,1.855154914665036e-05,0.0003455348778516054,0.010275345295667648,0.020295416936278343,0.0,0.018355855718255043,0.00017396599287167192,0.27300330996513367,3.985284820373636e-06,,,,
184,0.018143421038985252,0.00018456516380400343,67.87622254097369,0.8711183667182922,0.0017686549108475447,0.0005938259419053793,5.885650352865923e-06,2.7286666863801656e-06,0.0006297467043623328,0.0003363992727827281,1.7974216461880133e-05,0.00034326085005886853,0.02641865238547325,0.0215930063277483,0.0,0.023029709234833717,0.00016067206161096692,0.27315977215766907,8.831613740767352e-06,,,,
185,0.015925435349345207,0.00018440169932998563,68.24301548494259,0.5279132127761841,0.0015093086985871196,0.0006117637385614216,3.224552301617223e-06,3.125029707007343e-06,0.0005457286606542766,0.00033918319968506694,1.7767237295629457e-05,0.00034660237724892795,0.0033810846507549286,0.02104846015572548,0.0,0.01646745391190052,6.229818245628849e-05,0.27331632375717163,2.506412783986889e-06,,,,
186,0.015215860679745674,0.0001842374511932512,68.61234049894847,0.19550493359565735,0.001672619953751564,0.000439443567302078,3.4593922464409843e-06,3.0204555514501408e-06,0.0005646408535540104,0.0003410838544368744,1.7301272237091325e-05,0.00034790727659128606,0.015095196664333344,0.012929495424032211,0.0,0.0340224988758564,0.00039190653478726745,0.2734729051589966,6.217627287696814e-06,,,,
187,0.016022702679038048,0.00018407242101486297,68.97798312397208,1.0134153366088867,0.0017214773688465357,0.0005563285085372627,4.355743385531241e-06,2.685810159164248e-06,0.00043876562267541885,0.0003562377823982388,1.7021287931129336e-05,0.00036314071621745825,0.01690005697309971,0.02340354025363922,0.0,0.007975820451974869,5.355048779165372e-05,0.27364447712898254,9.434887033421546e-06,,,,
188,0.018128516152501106,0.00018390661042360214,69.35234742099419,1.3906967639923096,0.0016777357086539268,0.000564748770557344,3.498883188512991e-06,4.159546733717434e-06,0.0007065678364597261,0.00034071053960360587,1.7067231965484098e-05,0.00034812375088222325,0.013191894628107548,0.027477992698550224,0.0,0.0241253599524498,0.0005758046172559261,0.27380314469337463,1.3762701200903393e-05,,,,
189,0.01789160445332527,0.0001837400210559523,69.72642990294844,1.654944658279419,0.001597454771399498,0.0007072938606142998,6.975878022785764e-06,8.216944479499944e-06,0.0006431484362110496,0.000339753576554358,1.6759888239903376e-05,0.0003471625968813896,0.01418822631239891,0.01674959436058998,0.0,0.007948894053697586,0.0003788346075452864,0.27396586537361145,8.178434654837474e-06,,,,
190,0.01567322202026844,0.0001835726545560833,70.1007381809759,1.1239349842071533,0.0014974550576880574,0.00047940362128429115,4.572336820274359e-06,3.8906400732230395e-06,0.0008192146196961403,0.0003370006161276251,1.712558150757104e-05,0.0003443127206992358,0.015568495728075504,0.013167117722332478,0.0,0.02318706177175045,0.0006162206409499049,0.27411362528800964,3.5021018902625656e-06,,,,
191,0.014162725768983364,0.0001834045125758349,70.46735743997851,0.30727627873420715,0.0016280867857858539,0.0005559023702517152,3.6734718378284015e-06,2.7876562853634823e-06,0.0005133145023137331,0.00033885156153701246,1.7200996808242053e-05,0.00034593144664540887,0.006408581975847483,0.005196487531065941,0.0,0.017159095034003258,0.00017769512487575412,0.2742634415626526,1.6862675693118945e-05,,,,
192,0.015767598524689674,0.00018323559677470053,70.83693591295741,0.4799012839794159,0.0016738802660256624,0.0005982878501527011,2.922008661698783e-06,4.132373760512564e-06,0.0006312401965260506,0.0003313799970783293,1.794431227608584e-05,0.00033788266591727734,0.012564080767333508,0.013098647817969322,0.0,0.010846922174096107,0.00015483159222640097,0.2744143009185791,1.0371451026003342e-05,,,,
193,0.01567148230969906,0.00018306590881981102,71.20605443697423,0.6554208397865295,0.0018760468810796738,0.0005686525255441666,3.937508154194802e-06,2.453502020216547e-06,0.000639233854599297,0.00032886434928514063,1.9146878912579268e-05,0.00033567738137207925,0.010669903829693794,0.014774376526474953,0.0,0.008877348154783249,5.753967707278207e-05,0.27455517649650574,7.809538146830164e-06,,,,
194,0.017243152484297752,0.00018289545038591794,71.57123684696853,0.6705460548400879,0.0016167248832061887,0.0006438448326662183,3.1698689326731255e-06,2.5408269266335992e-06,0.0006856388645246625,0.00033105601323768497,1.9920118575100787e-05,0.0003363837022334337,0.027525506913661957,0.01709159091114998,0.0,0.009518252685666084,7.84592266427353e-05,0.27468612790107727,4.980266567145009e-06,,,,
195,0.016240591183304787,0.00018272422315537717,71.94422621099511,0.15127120912075043,0.0014775445451959968,0.0005805633845739067,3.454940269875806e-06,2.428272637189366e-06,0.0005363549571484327,0.00032951257890090346,2.042314372374676e-05,0.00033650954719632864,0.019798941910266876,0.015231036581099033,0.0,0.026749365031719208,0.00011011058813892305,0.2748081088066101,9.56662006501574e-06,,,,
196,0.016545375809073448,0.00018255222881813243,72.31350493896753,0.480765163898468,0.001346608274616301,0.0005446544964797795,3.1495499115408165e-06,2.460438281559618e-06,0.0004932127194479108,0.00033859306131489575,2.049702379736118e-05,0.0003471146337687969,0.04999817535281181,0.016329806298017502,0.0,0.016419634222984314,8.498624811181799e-05,0.27494409680366516,8.874914783518761e-06,,,,
197,0.014883575029671192,0.00018237946907169835,72.68286151497159,0.9450201392173767,0.001359780551865697,0.0006049892399460077,4.485672434384469e-06,2.8472095436882228e-06,0.0005376191111281514,0.0003333758795633912,1.998566403926816e-05,0.0003413569647818804,0.017192238941788673,0.011118926107883453,0.0,0.0043221223168075085,0.00028152589220553637,0.275080144405365,3.3393814646842657e-06,,,,
198,0.013882889412343502,0.00018220594562114387,73.04994275199715,1.4398624897003174,0.0015820326516404748,0.0005428342847153544,3.64717266165826e-06,6.855552328488557e-06,0.00047772045945748687,0.0003420228313189,1.986172719625756e-05,0.00035193347139284015,0.006964168045669794,0.006185960490256548,0.0,0.01292857713997364,9.505370690021664e-05,0.27519917488098145,7.06890659785131e-06,,,,
199,0.018192529678344727,0.00018203166017907545,73.42055388796143,1.373731017112732,0.0018992407713085413,0.0006541949696838856,5.520450031326618e-06,3.0191022233339027e-06,0.000535953848157078,0.0003438784333411604,1.8517432181397453e-05,0.0003512878902256489,0.031690824776887894,0.015851255506277084,0.0,0.01575499214231968,7.68204263295047e-05,0.2753172814846039,3.0667706596432254e-06,,,,
200,0.017194747924804688,0.00018185661446561998,73.78671139996732,0.33281710743904114,0.0016156596830114722,0.0007261614664457738,3.0096671252977103e-06,3.7371960388554726e-06,0.000541816814802587,0.00033088549389503896,1.811888796510175e-05,0.0003402362344786525,0.010953377932310104,0.011249594390392303,0.0,0.021236784756183624,0.00010526123514864594,0.2754443883895874,5.980345576972468e-06,1.2566143233011204,6.5326117573584925,0.9401096014631486,0.8971142679786104
201,0.01461002230644226,0.000181680810208408,74.1831101779826,0.4589875042438507,0.001746904687024653,0.0005245041684247553,2.849091288226191e-06,3.552955377017497e-06,0.0005295415176078677,0.0003359117836225778,1.7313821444986388e-05,0.00034632772440090775,0.011865703389048576,0.010643353685736656,0.0,0.013693362474441528,0.00010552893945714459,0.27557653188705444,2.7160967874806374e-06,,,,
202,0.015790464356541634,0.00018150424914255655,74.5509782609879,0.7818928956985474,0.0015405117301270366,0.000546756258700043,4.068621819897089e-06,3.1508384381595533e-06,0.0007444336079061031,0.0003299152012914419,1.6259251424344257e-05,0.0003401789872441441,0.0052903788164258,0.011668544262647629,0.0,0.031024346128106117,0.0003352384374011308,0.2757047116756439,2.3810378024791135e-06,,,,
203,0.01762392185628414,0.00018132693301065213,74.92137823195662,1.0870375633239746,0.0013720262795686722,0.0006522194016724825,4.573259047901956e-06,3.3110795811808202e-06,0.0005814407486468554,0.0003556834126356989,1.5604793588863686e-05,0.0003669840225484222,0.03468240052461624,0.02275850996375084,0.0,0.007212123833596706,8.910743781598285e-05,0.2758459448814392,6.731108442181721e-06,,,,
204,0.0171197596937418,0.00018114886356273327,75.29024144896539,1.6379402875900269,0.001617951551452279,0.0005088674370199442,8.776366485108156e-06,9.038072676048614e-06,0.0003917595313396305,0.00034138758201152086,1.5808625903446227e-05,0.0003519065212458372,0.01015394739806652,0.024983713403344154,0.0,0.03664581477642059,0.0002568495983723551,0.27597418427467346,7.110405931598507e-06,,,,
205,0.01589113660156727,0.0001809700425562736,75.66296112397686,0.38530462980270386,0.001661060843616724,0.0005744843510910869,3.401888534426689e-06,3.1820723052078392e-06,0.0006342834094539285,0.000334921816829592,1.6023341231630184e-05,0.000344902160577476,0.009768489748239517,0.0081167072057724,0.0,0.028938118368387222,0.0003350242623127997,0.2761234939098358,7.417456799885258e-06,,,,
206,0.017897430807352066,0.00018079047175616423,76.03119302896084,1.4973318576812744,0.0017810844583436847,0.0005570975481532514,7.15422720531933e-06,8.483136298309546e-06,0.0006453277310356498,0.0003214434254914522,1.6707841496099718e-05,0.0003300717507954687,0.024980705231428146,0.02408980019390583,0.0,0.014422721229493618,0.0002319183840882033,0.2762818932533264,5.283722202875651e-06,,,,
207,0.01713172160089016,0.00018061015293469648,76.39961497997865,2.154043436050415,0.0015124401543289423,0.0005817307392135262,8.432303729932755e-06,6.607162504224107e-06,0.0009950344683602452,0.00033903736039064825,1.797949880710803e-05,0.0003473433607723564,0.017909133806824684,0.012570882216095924,0.0,0.02393883280456066,2.9907134376117028e-05,0.2764352858066559,5.862216312380042e-06,,,,
208,0.017314840108156204,0.0001804290878715443,76.76964390196372,1.2981890439987183,0.0015668169362470508,0.000727232894860208,4.0959089346870314e-06,4.399419140099781e-06,0.0005822699749842286,0.0003366042219568044,1.8395685401628725e-05,0.00034354280796833336,0.02040863037109375,0.006171685643494129,0.0,0.02232707291841507,0.00010793744877446443,0.27659377455711365,9.684706128609832e-06,,,,
209,0.01594162918627262,0.00018024727835374684,77.14520076598274,0.7675399780273438,0.0016188302543014288,0.0005849457229487598,3.1146271339821396e-06,2.623457248773775e-06,0.0006024804315529764,0.0003321751137264073,1.925792639667634e-05,0.00033816753420978785,0.01385105773806572,0.014794736169278622,0.0,0.015085464343428612,0.0002704788348637521,0.2767532765865326,1.0364371519244742e-05,,,,
210,0.017375322058796883,0.00018006472617569053,77.51914197998121,1.8213505744934082,0.0017042087856680155,0.0006198914488777518,7.077676855260506e-06,6.304183898464544e-06,0.0005441148532554507,0.00033676496241241693,1.9932065697503276e-05,0.0003438283165451139,0.021013479679822922,0.019391480833292007,0.0,0.014220044016838074,5.617384158540517e-05,0.276906818151474,1.6521855286555365e-05,,,,
211,0.015641987323760986,0.00017988143313909174,77.88729704596335,2.1410393714904785,0.0015591540141031146,0.0005383286625146866,9.720441994431894e-06,1.0509955245652236e-05,0.000579486892092973,0.00032268842915073037,1.9008317394764163e-05,0.0003291852481197566,0.018178384751081467,0.014713957905769348,0.0,0.008605624549090862,0.00010944428504444659,0.2770513594150543,6.258947450987762e-06,,,,
212,0.01628282107412815,0.00017969740105297873,78.25713188294321,1.445736050605774,0.001762734493240714,0.0005281983758322895,4.217144123686012e-06,4.665618689614348e-06,0.0008314646547660232,0.00033089856151491404,1.8867891412810422e-05,0.0003376923268660903,0.019218046218156815,0.020949559286236763,0.0,0.004448195453733206,4.5190638047643006e-05,0.2771829068660736,4.93643210575101e-06,,,,
213,0.014472540467977524,0.0001795126317336739,78.6275417029974,0.9232890605926514,0.0014947124291211367,0.0005607831990346313,2.8966030640731333e-06,3.1134973141888622e-06,0.00036910013295710087,0.0003447683993726969,1.8471886505722068e-05,0.00035128588206134737,0.016511190682649612,0.016145974397659302,0.0,0.0037675891071558,6.998943717917427e-05,0.2773004174232483,6.18750254943734e-06,,,,
214,0.017408931627869606,0.0001793271270047758,79.00180732598528,0.5759564638137817,0.0017030875897035003,0.0005691887927241623,3.4937370401166845e-06,2.60305569099728e-06,0.0005004912381991744,0.0003276373608969152,1.8345617718296126e-05,0.00033401791006326675,0.012750674970448017,0.03661864995956421,0.0,0.008862740360200405,0.00013851668336428702,0.27740687131881714,9.86058330454398e-06,,,,
215,0.017438793554902077,0.00017914088869714126,79.3748406599625,0.8477923274040222,0.0017627744236961007,0.0006022313609719276,3.5708924315258628e-06,3.4282452361367177e-06,0.0005924407159909606,0.00033575939596630633,1.862800127128139e-05,0.0003437341074459255,0.010604464448988438,0.028764896094799042,0.0,0.012846051715314388,0.00010283796291332692,0.27750834822654724,5.516341389011359e-06,,,,
216,0.01618432067334652,0.0001789539186488672,79.74365151696838,0.8453386425971985,0.0014823911478742957,0.0005680342437699437,5.3221606322040316e-06,2.6180382519669365e-06,0.000705550133716315,0.0003295431670267135,1.812771733966656e-05,0.00033760062069632113,0.010713239200413227,0.01624101772904396,0.0,0.02042590267956257,0.0004276969120837748,0.2776108384132385,5.252671599009773e-06,,,,
217,0.014866487123072147,0.00017876621870527241,80.11607041099342,1.4914888143539429,0.0014816735638305545,0.0006324243731796741,5.668547601089813e-06,4.165847258263966e-06,0.00047461979556828737,0.000336592027451843,1.7293439668719657e-05,0.0003434523241594434,0.02017698809504509,0.005676324013620615,0.0,0.005112882703542709,4.252810686011799e-05,0.2777203917503357,6.082287200115388e-06,,,,
218,0.017641503363847733,0.0001785777907188797,80.48679538397118,2.2367124557495117,0.001406984869390726,0.0006185489473864436,9.215707905241288e-06,1.3182505426811986e-05,0.00044093886390328407,0.0003265070263296366,1.740268817229662e-05,0.00033419745159335434,0.024476785212755203,0.022123388946056366,0.0,0.014531686902046204,0.0002580184955149889,0.2778189182281494,9.046557352121454e-06,,,,
219,0.017082074657082558,0.00017838863654939707,80.85768257797463,1.6005890369415283,0.0014461582759395242,0.0006238603382371366,6.422112619475229e-06,6.975212727411417e-06,0.00042413693154230714,0.0003230926231481135,1.6778398276073858e-05,0.00033086107578128576,0.009335951879620552,0.021815678104758263,0.0,0.02809220924973488,0.00015904149040579796,0.2779194712638855,7.84711301093921e-06,,,,
220,0.014133086428046227,0.0001781987580636999,81.22864298697095,0.8838238716125488,0.0012469352222979069,0.000508885714225471,3.0839034934615484e-06,3.052376996492967e-06,0.0006368316244333982,0.0003373046638444066,1.7084734281525016e-05,0.000346464104950428,0.006427783519029617,0.012707831338047981,0.0,0.026359552517533302,3.888791616191156e-05,0.27804115414619446,7.093138265190646e-06,,,,
221,0.01720338501036167,0.0001780081571358122,81.60267977399053,1.3041940927505493,0.001312742941081524,0.0006391641218215227,4.431079105415847e-06,3.611633246691781e-06,0.0006415849202312529,0.0003254537587054074,1.7039857993950136e-05,0.00033413225901313126,0.008638132363557816,0.024783415719866753,0.0,0.020422901958227158,0.00031665709684602916,0.2781718969345093,2.7353503355698194e-06,,,,
222,0.015539110638201237,0.00017781683564688816,81.96924809896154,2.6668765544891357,0.0016020560869947076,0.0005928201135247946,6.7912837948824745e-06,8.071881893556565e-06,0.00039935309905558825,0.0003799996629822999,1.6356960259145126e-05,0.00038788095116615295,0.01563660055398941,0.012116177007555962,0.0,0.009651636704802513,0.00011445891868788749,0.2783087193965912,9.901119483401999e-06,,,,
223,0.015619599260389805,0.00017762479548519362,82.33992495795246,2.299590587615967,0.0016540446085855365,0.0005287292879074812,1.1434228326834273e-05,1.0330988516216166e-05,0.0007056320901028812,0.00032464254763908684,1.716050428512972e-05,0.0003330463368911296,0.016013529151678085,0.00922103226184845,0.0,0.01341081690043211,9.485130431130528e-05,0.278436541557312,8.614553735242225e-06,,,,
224,0.01492328755557537,0.00017743203854608746,82.70986552798422,0.8526467680931091,0.0015158733585849404,0.0005692867562174797,3.36984248860972e-06,4.692251422966365e-06,0.0005409076693467796,0.000317572383210063,1.703892121440731e-05,0.00032531729084439576,0.008408945053815842,0.012063716538250446,0.0,0.018223602324724197,7.509666465921327e-05,0.2785603404045105,6.55610119792982e-06,,,,
225,0.016316751018166542,0.00017723856673200285,83.0837977679912,1.5563734769821167,0.0015619014156982303,0.0005136540858075023,6.53224196867086e-06,8.050452379393391e-06,0.0007459030020982027,0.0003168824187014252,1.718889325275086e-05,0.0003239805228076875,0.025553591549396515,0.012370070442557335,0.0,0.026095548644661903,2.8827129426645115e-05,0.27869123220443726,5.9374979173298925e-06,1.9610202085333794,6.650988406126566,1.4230190159497367,1.399999328551435
226,0.018236860632896423,0.0001770443819524285,83.47981015394907,2.313209295272827,0.0016126168193295598,0.0005365022807382047,1.1615632502071094e-05,1.1642376193776727e-05,0.0006275132182054222,0.00032631013891659677,1.7984897567657754e-05,0.0003337983216624707,0.015567073598504066,0.0342448353767395,0.0,0.014163775369524956,0.00026482067187316716,0.27883121371269226,4.918022568745073e-06,,,,
227,0.015451651066541672,0.00017684948612388976,83.84760893299244,1.6558197736740112,0.0014778664335608482,0.0005345053505152464,4.513467501965351e-06,3.25848009197216e-06,0.00040058279410004616,0.00034101534401997924,1.7853366443887353e-05,0.00034718785900622606,0.010836998000741005,0.025308262556791306,0.0,0.007766777649521828,0.00042263654177077115,0.27896517515182495,5.563994818658102e-06,,,,
228,0.0155741386115551,0.0001766538811699298,84.2161229729536,0.6143913269042969,0.0015798778040334582,0.0005720347398892045,3.094895646427176e-06,2.885592039092444e-06,0.0006069124210625887,0.0003276919305790216,1.8367805751040578e-05,0.0003350253391545266,0.013173181563615799,0.018928850069642067,0.0,0.0041406890377402306,0.0002939400728791952,0.27909213304519653,6.051945092622191e-06,,,,
229,0.017711834982037544,0.0001764575690210905,84.62874258199008,1.555600643157959,0.0016711618518456817,0.000609430018812418,3.298448064015247e-06,5.0569569793879054e-06,0.000599939376115799,0.00033940409775823355,1.875516136351507e-05,0.0003477219142951071,0.0175187885761261,0.017286108806729317,0.0,0.02961796335875988,0.0003342746349517256,0.2792060077190399,1.5136370166146662e-05,,,,
230,0.016762280836701393,0.0001762605516148936,84.99621635099174,2.9691171646118164,0.0015569509705528617,0.0006402212893590331,1.4603101590182632e-05,7.79569018050097e-06,0.00033218367025256157,0.0003532743430696428,1.773123221937567e-05,0.00035839565680362284,0.00481779221445322,0.012440460734069347,0.0,0.031726498156785965,7.974539039423689e-05,0.2793390452861786,3.939358066418208e-06,,,,
231,0.016679154708981514,0.00017606283089582125,85.36921297298977,2.567093849182129,0.00142913858871907,0.000563082518056035,7.73745068727294e-06,1.7289172319578938e-05,0.0006865257164463401,0.0003337235830258578,1.8145756257581525e-05,0.0003412994556128979,0.020968768745660782,0.016022104769945145,0.0,0.012540273368358612,0.0001658199616940692,0.2794882655143738,5.221472292760154e-06,,,,
232,0.01514971349388361,0.00017586440881529723,85.73696520196972,0.6663686037063599,0.001469338545575738,0.000533050624653697,6.0433067119447514e-06,2.9839889066352043e-06,0.0005520426784642041,0.00032052924507297575,1.7098462194553576e-05,0.00032723709591664374,0.012937757186591625,0.012634355574846268,0.0,0.024771511554718018,0.00013113902241457254,0.2796304523944855,1.7345280866720714e-05,,,,
233,0.0182457584887743,0.0001756652873316673,86.10537470196141,2.397278308868408,0.0015897159464657307,0.0006385201122611761,1.0906194802373648e-05,9.923828656610567e-06,0.00045107127516530454,0.0003374009975232184,1.650530975894071e-05,0.0003450435178820044,0.007474820129573345,0.015080834738910198,0.0,0.050559692084789276,4.63797987322323e-05,0.279780775308609,9.01690418686485e-06,,,,
234,0.01782563328742981,0.00017546546841018017,86.47627324599307,3.9744415283203125,0.0014921198599040508,0.000493761501275003,1.9391569367144257e-05,2.355892320338171e-05,0.0006008190102875233,0.00034438614966347814,1.754285767674446e-05,0.0003520845784805715,0.05144480988383293,0.0042479755356907845,0.0,0.026991605758666992,0.00019336154218763113,0.279964417219162,1.5591420378768817e-05,,,,
235,0.0196533203125,0.00017526495402296786,86.84453481499804,3.1690430641174316,0.0015949637163430452,0.0006201481446623802,1.1955286026932299e-05,1.4144694432616234e-05,0.0005794659373350441,0.0003584203659556806,1.6891748600755818e-05,0.00036513572558760643,0.019082533195614815,0.02950168401002884,0.0,0.030594127252697945,7.947091944515705e-05,0.28015416860580444,6.714854862366337e-06,,,,
236,0.018389591947197914,0.00017506374614902648,87.21631399099715,0.695275604724884,0.0019030605908483267,0.0007356493733823299,4.019221705675591e-06,2.57963256444782e-06,0.0005581304430961609,0.000314479460939765,1.777740180841647e-05,0.0003206719702575356,0.020173827186226845,0.006407085340470076,0.0,0.03346819058060646,2.429032429063227e-05,0.28035208582878113,1.1314128641970456e-05,,,,
237,0.020336683839559555,0.00017486184677419647,87.58522820496,2.077322483062744,0.0016790187219157815,0.0005748560070060194,7.045531674521044e-06,5.943707037658896e-06,0.000747406855225563,0.00033276225440204144,1.914268432301469e-05,0.00034094025613740087,0.026630844920873642,0.037001173943281174,0.0,0.035403378307819366,0.00012593669816851616,0.28055712580680847,1.5788004020578228e-05,,,,
238,0.018698303028941154,0.00017465925789114317,87.95076196995797,3.435518503189087,0.0017199289286509156,0.0005593404057435691,1.4172212104313076e-05,1.9253404389019124e-05,0.0004562993999570608,0.0003307438164483756,1.9106675608782098e-05,0.0003340077819302678,0.015360288321971893,0.021216655150055885,0.0,0.04007432982325554,7.697669207118452e-05,0.28077539801597595,8.369399438379332e-06,,,,
239,0.016170386224985123,0.00017445598149933706,88.32490273896838,2.6347103118896484,0.001420460524968803,0.0005902571137994528,1.0737901902757585e-05,9.341207260149531e-06,0.0006848991615697742,0.0003382837458048016,2.0831208530580625e-05,0.00034838722785934806,0.013896260410547256,0.010867474600672722,0.0,0.01600807160139084,0.00026839732890948653,0.28100788593292236,1.2923449503432494e-05,,,,
240,0.017155546694993973,0.00017425201960503405,88.69808725395706,0.6114369630813599,0.0015209759585559368,0.0005979051347821951,3.233098823329783e-06,2.8109732284065103e-06,0.0004866562958341092,0.00031491240952163935,2.0465527995838784e-05,0.00032120506512001157,0.012473372742533684,0.022628746926784515,0.0,0.03368647024035454,0.0001293930399697274,0.28122735023498535,4.682956841861596e-06,,,,
241,0.01817742921411991,0.00017404737422125574,89.07028577697929,1.491407871246338,0.0017613369273021817,0.0006089293747209013,5.362251613405533e-06,5.1015117605857085e-06,0.0005099668051116168,0.0003176376922056079,2.041535481112078e-05,0.00032425744575448334,0.018648112192749977,0.02002192661166191,0.0,0.035012491047382355,0.00013814328121952713,0.2814529538154602,1.6937075997702777e-05,,,,
242,0.017407404258847237,0.0001738420473677694,89.4390872179647,2.3877921104431152,0.0013782510068267584,0.0005630587693303823,8.115765012917109e-06,9.830775525188074e-06,0.0006930562085472047,0.00035219592973589897,2.1205592929618433e-05,0.00036413257475942373,0.009015928953886032,0.0198476891964674,0.0,0.04077627509832382,8.353379234904423e-05,0.2816857397556305,1.2417479410942178e-05,,,,
243,0.01666049100458622,0.00017363604107106822,89.80818784894655,1.6629095077514648,0.0013145854463800788,0.0005502411513589323,5.4872757573321e-06,3.586850198189495e-06,0.0005557615077123046,0.00032459356589242816,1.971297024283558e-05,0.0003311763284727931,0.012912383303046227,0.032061900943517685,0.0,0.017789948731660843,0.00013794728147331625,0.2819277346134186,6.818883321102476e-06,,,,
244,0.01602153293788433,0.00017342935736435112,90.17483830294805,0.187804713845253,0.0015830461634323,0.0005589071661233902,2.829684945027111e-06,3.43395595336915e-06,0.000533232232555747,0.00031793356174603105,1.912151310534682e-05,0.0003264577826485038,0.02573678269982338,0.014671318233013153,0.0,0.018902145326137543,9.175550803774968e-05,0.28216272592544556,1.3276481695356779e-05,,,,
245,0.016633111983537674,0.00017322199828750292,90.54168740997557,1.4436981678009033,0.001460933475755155,0.0006216346519067883,3.3555486425029812e-06,6.07931269769324e-06,0.000595815246924758,0.00032686544000171125,1.81695468199905e-05,0.00033718737540766597,0.028039641678333282,0.011124509386718273,0.0,0.02073737233877182,5.106967728352174e-05,0.28238770365715027,3.1040860903885914e-06,,,,
246,0.015352454036474228,0.00017301396588707393,90.91050503199222,2.4916465282440186,0.001828323700465262,0.0006020489963702857,9.928040526574478e-06,6.000572284392547e-06,0.0003614350571297109,0.00034176139160990715,1.6748515918152407e-05,0.0003501792380120605,0.005956657230854034,0.007061174139380455,0.0,0.017714420333504677,4.78298170492053e-05,0.28260868787765503,6.368942194967531e-06,,,,
247,0.015577109530568123,0.00017280526221626,91.27885189297376,2.540530204772949,0.001546981860883534,0.0005752934375777841,6.2555882323067635e-06,1.1227675713598728e-05,0.0007522397208958864,0.00033496966352686286,1.6788491848274134e-05,0.00034583351225592196,0.010464049875736237,0.010803895071148872,0.0,0.006744995713233948,0.0002528877812437713,0.28282371163368225,1.0049330740002915e-05,,,,
248,0.014598257839679718,0.00017259588933488213,91.64907404099358,1.4947975873947144,0.0014106869930401444,0.0006539467140100896,6.701821803289931e-06,4.650744358514203e-06,0.0005497116944752634,0.0003337218950036913,1.590309875609819e-05,0.0003434574755374342,0.008548914454877377,0.004648702684789896,0.0,0.007154541090130806,1.739881918183528e-05,0.2830184996128082,3.0261526262620464e-06,,,,
249,0.017128942534327507,0.000172385849309366,92.01842935197055,0.4820219874382019,0.0014333127764984965,0.0005835297051817179,3.6284236557548866e-06,3.215279093637946e-06,0.0005237817531451583,0.0003248967113904655,1.5927724234643392e-05,0.0003342957643326372,0.04514727368950844,0.00798521377146244,0.0,0.034051116555929184,0.0001252524380106479,0.2831971049308777,1.2272050298633985e-05,,,,
250,0.015595916658639908,0.000172175144212722,92.39437254494987,2.2757766246795654,0.0013119126670062542,0.0006099803140386939,7.728400305495597e-06,6.885309176141163e-06,0.0007633061031810939,0.00032810401171445847,1.6446410882053897e-05,0.00033721409272402525,0.016348347067832947,0.008189434185624123,0.0,0.009721050038933754,0.0002771136350929737,0.2833879590034485,1.3904274965170771e-05,1.1350703080046893,6.990248756908429,1.0505048922004694,0.7290594763596112
251,0.016315069049596786,0.00017196377612452432,92.79266322497278,2.6634786128997803,0.0015354736242443323,0.0005975013482384384,8.88223985384684e-06,1.1650041415123269e-05,0.0004248339682817459,0.00034822849556803703,1.645018892304506e-05,0.00035641182330437005,0.028055526316165924,0.006968697998672724,0.0,0.0175359845161438,0.0001914613094413653,0.2835676968097687,8.80851257534232e-06,,,,
252,0.01767934486269951,0.00017175174713089067,93.1650243549957,1.632688283920288,0.0014486545696854591,0.0006679384387098253,7.027178071439266e-06,4.354210432211403e-06,0.000814671628177166,0.00031741950078867376,1.7707385268295184e-05,0.0003249746223445982,0.0142254289239645,0.015597372315824032,0.0,0.022582290694117546,0.00019962131045758724,0.2837434411048889,7.06368427927373e-06,,,,
253,0.0157471876591444,0.0001715390593244616,93.53463344695047,0.37354934215545654,0.00135242217220366,0.0004731282533612102,3.4744712138490286e-06,2.5592551082809223e-06,0.0007856981828808784,0.0003123501955997199,1.8496806660550646e-05,0.0003181287902407348,0.015798546373844147,0.020801544189453125,0.0,0.029872722923755646,0.00017036142526194453,0.28391924500465393,6.25162101641763e-06,,,,
254,0.01401812769472599,0.0001713257148043799,93.90337539894972,1.5019242763519287,0.0013292329385876656,0.0005623925826512277,5.755629899795167e-06,7.141233709262451e-06,0.0004966107080690563,0.00031014400883577764,1.9014767531189136e-05,0.0003148480609524995,0.012980424799025059,0.0071445656940341,0.0,0.01205329317599535,5.8074067055713385e-05,0.2841062843799591,1.5411960703204386e-06,,,,
255,0.015454200096428394,0.00017111171567626982,94.27478623797651,1.8003770112991333,0.0012406931491568685,0.000541637884452939,5.954687367193401e-06,4.0842010093911085e-06,0.0007941962103359401,0.0003298085939604789,1.967908065125812e-05,0.00033687561517581344,0.008652586489915848,0.01789778098464012,0.0,0.015039307996630669,0.00041170103941112757,0.28428319096565247,6.422636943170801e-06,,,,
256,0.01524548139423132,0.00017089706405221645,94.64164652797626,1.3678356409072876,0.0014227669453248382,0.0006062304601073265,3.2258380997518543e-06,3.6378805816639215e-06,0.00035127782030031085,0.0003193663724232465,1.9104309103568085e-05,0.0003230031579732895,0.013985089026391506,0.02058297023177147,0.0,0.004609924275428057,0.00011664135672617704,0.28445813059806824,9.714494808577001e-06,,,,
257,0.014514042995870113,0.00017068176205074458,95.00896132097114,0.5879763960838318,0.0016186600551009178,0.0004907359834760427,3.5426737667876296e-06,3.115580511803273e-06,0.00044979722588323057,0.00031257938826456666,1.9026063455385156e-05,0.00031726405723020434,0.01399266254156828,0.01274479553103447,0.0,0.023443955928087234,4.53463799203746e-05,0.28461888432502747,1.1213440302526578e-05,,,,
258,0.016499685123562813,0.0001704658117967981,95.37644587497925,0.3578997850418091,0.001540795317851007,0.0006635336903855205,2.663882469278178e-06,2.503439645806793e-06,0.0006012186058796942,0.0003139246837235987,1.825415893108584e-05,0.0003193675947841257,0.01931094564497471,0.01804194413125515,0.0,0.0033705176319926977,9.149746620096266e-05,0.284782737493515,1.05395365608274e-05,,,,
259,0.01428010780364275,0.0001702492154217188,95.74542032799218,0.9578477144241333,0.0014331100974231958,0.00044536986388266087,4.760865522257518e-06,3.2598636607872322e-06,0.0005305912927724421,0.0003103522176388651,1.7790966012398712e-05,0.00031577699701301754,0.022339623421430588,0.006806325167417526,0.0,0.03240305185317993,0.0002272476558573544,0.2849293351173401,1.5574843928334303e-05,,,,
260,0.018333252519369125,0.00017003197506322543,96.11576338496525,1.1022406816482544,0.0015001868596300483,0.00045140390284359455,3.94742846765439e-06,4.89668582304148e-06,0.0005657225265167654,0.00031502742785960436,1.729204086586833e-05,0.0003212880401406437,0.04096692427992821,0.03788088262081146,0.0,0.02872816100716591,0.00010964406828861684,0.2850881814956665,3.906823621946387e-06,,,,
261,0.015165646560490131,0.0001698140928653927,96.4890461799805,0.7696688771247864,0.0012911086669191718,0.0006629021372646093,4.258282388036605e-06,2.5254864794987952e-06,0.0004984292900189757,0.0003189226263202727,1.651416278036777e-05,0.0003247131535317749,0.01683766022324562,0.008390252478420734,0.0,0.0109542366117239,8.667121437611058e-05,0.28525421023368835,1.5346649888670072e-05,,,,
262,0.015503546223044395,0.00016959557097862983,96.85863849899033,0.19331736862659454,0.0015968630323186517,0.0005947888130322099,3.439083229750395e-06,2.9948930659884354e-06,0.0005718831671401858,0.0003145292866975069,1.6327956473105587e-05,0.00032099211239255965,0.010161882266402245,0.012422079220414162,0.0,0.018013590946793556,8.868450822774321e-05,0.28541111946105957,1.3634618881042115e-05,,,,
263,0.0167517252266407,0.00016937641155965975,97.2302138019586,0.6747426986694336,0.0016292446525767446,0.0005398400826379657,2.4274265797430417e-06,2.7113269425171893e-06,0.0005802795058116317,0.00031299254624173045,1.631125451240223e-05,0.00032020831713452935,0.03391930088400841,0.012982621788978577,0.0,0.028100332245230675,0.0002284585643792525,0.285567045211792,1.8565588106866926e-05,,,,
264,0.01550333946943283,0.00016915661677149735,97.60849155497272,1.553458333015442,0.001440048567019403,0.00052899110596627,6.405080966942478e-06,5.080287337477785e-06,0.0006041940068826079,0.0003146225353702903,1.6080857676570304e-05,0.0003215218603145331,0.024470187723636627,0.016930416226387024,0.0,0.010050436481833458,0.00011177369742654264,0.2857321798801422,7.807979272911325e-06,,,,
265,0.014507753774523735,0.0001689361887834285,97.9758016159758,2.0903947353363037,0.0013046124950051308,0.000527904718182981,5.676231921825092e-06,6.536516593769193e-06,0.0006181425414979458,0.000325509492540732,1.6715790479793213e-05,0.00033364654518663883,0.02485543303191662,0.010781562887132168,0.0,0.007028181105852127,5.6078144552884623e-05,0.28588616847991943,9.861253602139186e-06,,,,
266,0.014537237584590912,0.00016871512977098844,98.34684843797004,1.478994369506836,0.0014097499661147594,0.0004939669161103666,4.775921752298018e-06,4.223996256769169e-06,0.0006760476971976459,0.0003261262609157711,1.6470516129629686e-05,0.00033247258397750556,0.012848366983234882,0.010630184784531593,0.0,0.022943273186683655,0.00014832861779723316,0.2860279381275177,9.547758054395672e-06,,,,
267,0.018715793266892433,0.00016849344191594037,98.7158023469965,0.45917290449142456,0.001703126123175025,0.0005658338777720928,3.2467348773934646e-06,3.219853851987864e-06,0.0004418359021656215,0.00031427881913259625,1.7069191017071716e-05,0.0003202623629476875,0.029053350910544395,0.0389552041888237,0.0,0.01911253109574318,4.777955837198533e-05,0.28617483377456665,6.08509435551241e-06,,,,
268,0.012662489898502827,0.00016827112740625395,99.08472944999812,0.9945323467254639,0.001297640148550272,0.00043147438555024564,4.312837972975103e-06,3.389421181054786e-06,0.00039368492434732616,0.00031536814640276134,1.7581447536940686e-05,0.00032279742299579084,0.010888701304793358,0.007541049271821976,0.0,0.027602536603808403,6.349687464535236e-05,0.2863197326660156,1.522230013506487e-05,,,,
269,0.017619304358959198,0.00016804818843608362,99.45546626596479,0.9385618567466736,0.0013802261091768742,0.0005564427701756358,4.0767349673842546e-06,5.636765308736358e-06,0.0007795761339366436,0.00030657718889415264,1.6949115888564847e-05,0.00031332115759141743,0.013006959110498428,0.031089715659618378,0.0,0.02629626914858818,0.00012105006317142397,0.28647592663764954,1.2548950962809613e-06,,,,
270,0.014408613555133343,0.00016782462720574696,99.82714510598453,0.6899503469467163,0.0015194443985819817,0.000518716755323112,3.121233021374792e-06,3.2386860766564496e-06,0.0005399645306169987,0.00030733810854144394,1.659407098486554e-05,0.0003132729616481811,0.007721010595560074,0.007221867796033621,0.0,0.030303115025162697,0.00017469488375354558,0.28664031624794006,8.671979230712168e-06,,,,
271,0.014504676684737206,0.00016760044592170316,100.19494080799632,2.0672714710235596,0.0015711430460214615,0.0005131692159920931,8.980034181149676e-06,9.94945912680123e-06,0.00045751966536045074,0.0003102621412836015,1.6817246432765387e-05,0.000316564051900059,0.004017743747681379,0.017607301473617554,0.0,0.007829630747437477,3.92395377275534e-05,0.28681495785713196,3.2322168408427387e-06,,,,
272,0.015671730041503906,0.0001673756467965309,100.56775588699384,2.553900957107544,0.0012775303330272436,0.0005344088422134519,7.64438937039813e-06,7.105491931724828e-06,0.00044962327228859067,0.00034251908073201776,1.6226646039285697e-05,0.00034700590185821056,0.023195922374725342,0.016152339056134224,0.0,0.024126509204506874,7.005241059232503e-05,0.2869722843170166,6.664152806479251e-06,,,,
273,0.015247534960508347,0.00016715023204890683,100.93955406994792,1.6773912906646729,0.0014143683947622776,0.0005326395039446652,3.411714715184644e-06,4.222051757096779e-06,0.0006935072015039623,0.0003334142384119332,1.6923948351177387e-05,0.00034214361221529543,0.018569527193903923,0.017419541254639626,0.0,0.010954930447041988,3.2864474633242935e-05,0.2871347665786743,1.083885581465438e-05,,,,
274,0.014644382521510124,0.00016692420390358351,101.31039928097744,0.752947211265564,0.001392386038787663,0.0005880098324269056,3.443948571657529e-06,2.3634806893824134e-06,0.000613275682553649,0.0003145988448522985,1.6526584659004584e-05,0.000321923173032701,0.020633265376091003,0.009422235190868378,0.0,0.004743627272546291,0.00011312639981042594,0.2872850298881531,5.514627900993219e-06,,,,
275,0.01618514396250248,0.0001666975645913675,101.68260914896382,1.8549537658691406,0.0017079187091439962,0.0005601676530204713,7.311477020266466e-06,4.071132480021333e-06,0.00036099189310334623,0.000335500983055681,1.6066920579760335e-05,0.0003403204900678247,0.024656938388943672,0.006749631371349096,0.0,0.03237660229206085,0.00022081933275330812,0.2874179482460022,1.335232809651643e-05,1.8917703425950134,6.5802005633581215,1.267899106740196,1.3505608957427815
276,0.01739984191954136,0.00016647031634909728,102.07983737799805,2.016305923461914,0.0014431221643462777,0.0005189196090213954,8.136164979077876e-06,1.062699629983399e-05,0.0004804958589375019,0.00031095778103917837,1.6618056179140694e-05,0.00031686705187894404,0.02640574239194393,0.02592555619776249,0.0,0.02337411791086197,0.00034493557177484035,0.28756317496299744,1.2307273209444247e-05,,,,
277,0.016088590025901794,0.00016624246141962122,102.45144600595813,0.725717306137085,0.0013866511872038245,0.0005245838547125459,4.734732556244126e-06,3.223383373551769e-06,0.0005329626728780568,0.00030674791196361184,1.6410484022344463e-05,0.0003121437330264598,0.004965483210980892,0.02893773838877678,0.0,0.026730714365839958,0.00012959360901731998,0.287711501121521,8.849750884110108e-06,,,,
278,0.0180202703922987,0.00016601400205177558,102.817748388974,1.2586052417755127,0.0014399504289031029,0.0006661391817033291,6.005151135468623e-06,5.176086233404931e-06,0.0007239905535243452,0.0003030067018698901,1.66544305102434e-05,0.00030829181196168065,0.02743561752140522,0.020410658791661263,0.0,0.01551375724375248,7.662610187253449e-06,0.2878721356391907,1.0981107152474578e-05,,,,
279,0.015646567568182945,0.000165784940500362,103.18902899994282,2.4410927295684814,0.0014365697279572487,0.0005283546051941812,8.268648343801033e-06,7.529393315053312e-06,0.0006712878821417689,0.00032572474447079003,1.745397094055079e-05,0.00033193989656865597,0.007475247606635094,0.016647016629576683,0.0,0.02418479695916176,6.488439976237714e-05,0.2880287170410156,7.507192549383035e-06,,,,
280,0.018833782523870468,0.0001655552790261256,103.56045607296983,2.0615291595458984,0.0017423556419089437,0.0005775613244622946,5.693279490515124e-06,6.543952622450888e-06,0.00048210512613877654,0.00033917705877684057,1.713062374619767e-05,0.00034298415994271636,0.028182554990053177,0.03521917015314102,0.0,0.015361163765192032,0.0001221988204633817,0.2881864011287689,1.6351410522474907e-05,,,,
281,0.015976810827851295,0.00016532501989573235,103.92940683395136,0.8274362087249756,0.0013354200636968017,0.0005856112111359835,4.21612730860943e-06,3.5591765481512994e-06,0.0005353206070140004,0.00031248960294760764,1.798034463718068e-05,0.0003157222818117589,0.02752918004989624,0.01276633981615305,0.0,0.02207394875586033,9.813127689994872e-05,0.28833693265914917,1.17981062430772e-05,,,,
282,0.017859049141407013,0.00016509416538174691,104.30130364495562,0.8745822310447693,0.0014731400879099965,0.0005548482295125723,4.002818968729116e-06,3.1808140192879364e-06,0.0007990478770807385,0.0003071874671149999,1.882897413452156e-05,0.0003116677689831704,0.014522002078592777,0.03979389742016792,0.0,0.011501677334308624,6.668215792160481e-05,0.2884905934333801,5.051133484812453e-06,,,,
283,0.018807515501976013,0.00016486271776261014,104.67204677499831,1.7517575025558472,0.0015639896737411618,0.0005788322305306792,7.490350981242955e-06,8.591523510403931e-06,0.0008716477314010262,0.00030409949249587953,1.9038870959775522e-05,0.00030815572245046496,0.023697681725025177,0.025318872183561325,0.0,0.02861465886235237,8.217162394430488e-05,0.28863710165023804,1.7511869373265654e-05,,,,
284,0.017290497198700905,0.00016463067932261663,105.04137642699061,1.618493676185608,0.0014729995746165514,0.0005675384891219437,4.544966941466555e-06,3.8887815207999665e-06,0.0007890810957178473,0.00032767714583314955,2.0178953491267748e-05,0.00033366208663210273,0.02646641433238983,0.020824912935495377,0.0,0.02045554295182228,0.00011036469368264079,0.28879183530807495,4.7417420319106895e-06,,,,
285,0.014119830913841724,0.0001643980523518921,105.4135792949819,0.7746627330780029,0.0013706249883398414,0.00048162235179916024,3.483227146716672e-06,2.452933586027939e-06,0.0005289278924465179,0.0003214557364117354,1.9971334040747024e-05,0.00032426812686026096,0.012940499000251293,0.018236029893159866,0.0,0.015519626438617706,1.2269880244275555e-05,0.28894665837287903,1.0955849575111642e-05,,,,
286,0.015209386125206947,0.00016416483914637078,105.78586475097109,0.7079468965530396,0.0013464585645124316,0.0006627109833061695,2.9585432912426768e-06,2.5366052796016447e-06,0.0005696375155821443,0.00032170600024983287,1.9819561202893965e-05,0.0003245681873522699,0.01618821546435356,0.00613812729716301,0.0,0.012953775003552437,9.644089732319117e-05,0.28909534215927124,7.542906132584903e-06,,,,
287,0.015173668973147869,0.0001639310420077729,106.15651920298114,0.9575643539428711,0.0013113231398165226,0.0005930282641202211,3.2248808565782383e-06,3.011186890944373e-06,0.0006448053754866123,0.00031031997059471905,2.031793883361388e-05,0.0003160662017762661,0.016026683151721954,0.009027749300003052,0.0,0.017288371920585632,0.00029417811310850084,0.28923583030700684,1.430679731129203e-05,,,,
288,0.017131038010120392,0.00016369666324358184,106.53302651795093,0.6777694821357727,0.0014298944734036922,0.0006354780634865165,4.659880687540863e-06,3.5581506381276995e-06,0.0005754304584115744,0.0003033045504707843,1.9957751646870747e-05,0.0003087533114012331,0.01581319235265255,0.020511604845523834,0.0,0.02305987849831581,0.00013958622002974153,0.2893733084201813,8.002103641047142e-06,,,,
289,0.014923010021448135,0.00016346170516702137,106.91091296297964,0.8530802130699158,0.00161582266446203,0.0005702333291992545,3.0708320082339924e-06,2.5199833544320427e-06,0.0005072390777058899,0.00030634316499345005,1.9533927115844563e-05,0.0003109026874881238,0.01743147149682045,0.012167416512966156,0.0,0.005043607205152512,0.00025962525978684425,0.2895159423351288,8.595076906203758e-06,,,,
290,0.01727781444787979,0.00016322617009703285,107.28706326597603,1.758184790611267,0.0015032126102596521,0.0005993025260977447,6.214924269443145e-06,8.691880793776363e-06,0.0007352315587922931,0.00031070117256604135,1.9172486645402387e-05,0.00031750748166814446,0.018291866406798363,0.026297714561223984,0.0,0.005262043792754412,8.617575076641515e-05,0.28964218497276306,1.4119656952971127e-05,,,,
291,0.015004093758761883,0.00016299006035825231,107.6701030099648,1.1904246807098389,0.0013821979518979788,0.0006013179663568735,6.3927291193977e-06,4.169046405877452e-06,0.0005217064754106104,0.0003123518545180559,1.811939728213474e-05,0.00031865620985627174,0.012901709415018559,0.00827479176223278,0.0,0.01627737283706665,0.00020255314302630723,0.2897571623325348,6.391071110556368e-06,,,,
292,0.016539443284273148,0.0001627533782809876,108.05357280396856,0.6557321548461914,0.001427140785381198,0.0005839541554450989,4.532829734671395e-06,2.5686717890494037e-06,0.0003952569095417857,0.0003096635628025979,1.773992153175641e-05,0.00031664129346609116,0.021609969437122345,0.026444435119628906,0.0,0.013069425709545612,0.00018628829275257885,0.2898711562156677,1.5765850548632443e-05,,,,
293,0.01699237897992134,0.00016251612620119522,108.42677974596154,2.0879993438720703,0.001660945126786828,0.0006015380495227873,6.661184215772664e-06,9.162843525700737e-06,0.0006479145376943052,0.0003164620720781386,1.759966107783839e-05,0.0003245148400310427,0.019909685477614403,0.015168782323598862,0.0,0.015694869682192802,9.081032476387918e-05,0.28998515009880066,1.0921825378318317e-05,,,,
294,0.014906550757586956,0.00016227830646045745,108.7969886289793,1.9936906099319458,0.0014438008656725287,0.00048769701970741153,6.652011506957933e-06,4.588140200212365e-06,0.0003353669017087668,0.0003384774609003216,1.6687161405570805e-05,0.00034578682971186936,0.01956365257501602,0.021573306992650032,0.0,0.014819269999861717,3.100381582044065e-05,0.29010534286499023,1.861977216321975e-05,,,,
295,0.014028819277882576,0.00016203992140595907,109.16913549997844,0.40743201971054077,0.001276819035410881,0.0005505444714799523,3.0345063350978307e-06,2.7784467420133296e-06,0.0004849693214055151,0.0003044651239179075,1.6942880392889492e-05,0.0003117135784123093,0.016666904091835022,0.006081064231693745,0.0,0.022863293066620827,6.852726073702797e-05,0.2902255356311798,1.4625780750066042e-05,,,,
296,0.014783507212996483,0.0001618009733904644,109.5400146219763,1.2970529794692993,0.0014347645919770002,0.00047777011059224606,3.8753360058763064e-06,3.83722772312467e-06,0.0007910835556685925,0.0003103956114500761,1.720895124890376e-05,0.00031795777613297105,0.023368051275610924,0.011557020246982574,0.0,0.016929849982261658,7.771762466290966e-05,0.29035091400146484,1.1502702363941353e-05,,,,
297,0.01805996522307396,0.0001615614647722938,109.90828852599952,2.104016065597534,0.0015659239143133163,0.0005645750788971782,7.816869583621155e-06,7.41652911528945e-06,0.00047764586634002626,0.00031128106638789177,1.691470606601797e-05,0.00031747593311592937,0.02816801518201828,0.02223067358136177,0.0,0.03566453605890274,6.262800889089704e-05,0.290478378534317,5.867810159543296e-06,,,,
298,0.01689319871366024,0.00016132139791530072,110.27842081099516,1.6488019227981567,0.0014215108240023255,0.0006253034225665033,5.493123353517149e-06,5.62876903131837e-06,0.0004738730494864285,0.00030781349050812423,1.7404019672540016e-05,0.00031448330264538527,0.020896751433610916,0.01303662359714508,0.0,0.03286147117614746,9.436855907551944e-05,0.290621280670166,9.025832696352154e-06,,,,
299,0.014530888758599758,0.00016108077518884806,110.64720186096383,0.30825886130332947,0.0012002734001725912,0.00047013440052978694,3.342818672535941e-06,2.6797169994097203e-06,0.0005678696325048804,0.000302851025480777,1.7171727449749596e-05,0.0003085337521042675,0.012881845235824585,0.02208900824189186,0.0,0.020950715988874435,0.00020515838696155697,0.2907775938510895,9.669724022387527e-06,,,,
300,0.016433024778962135,0.000160839598967785,111.0170999179827,1.1429771184921265,0.0014393717283383012,0.0004947424167767167,3.7524102936004056e-06,3.022281816811301e-06,0.0005151537479832768,0.00030788034200668335,1.740441621222999e-05,0.0003131719131488353,0.014202777296304703,0.03864356875419617,0.0,0.009995408356189728,0.0002203278854722157,0.2909349799156189,6.9360557972686365e-06,1.591546325952135,6.573164959557467,1.1469810565929364,1.1362268364169006
301,0.01522492989897728,0.00016059787163242353,111.41835281596286,2.083850622177124,0.0014662392204627395,0.0005469044554047287,5.451692231872585e-06,6.231915904209018e-06,0.0006329360185191035,0.000318392354529351,1.7894708435051143e-05,0.0003250188601668924,0.022619031369686127,0.007917392067611217,0.0,0.012477295473217964,0.00035304692573845387,0.2910841703414917,9.660038813308347e-06,,,,
302,0.015517189167439938,0.0001603555955685148,111.78916441195179,2.133206844329834,0.0013882543426007032,0.0006359617109410465,8.896432518668007e-06,8.036469807848334e-06,0.00039974620449356735,0.00030844687717035413,1.748423710523639e-05,0.00031375972321256995,0.014087440446019173,0.01068439707159996,0.0,0.007017680909484625,0.0003876435221172869,0.2912241518497467,3.2634040962875588e-06,,,,
303,0.015111609362065792,0.00016011277316722576,112.15902768197702,0.9293568134307861,0.0013470808044075966,0.0005149971693754196,3.3949177122849505e-06,3.5859818581229774e-06,0.0005861156387254596,0.00030544333276338875,1.800048994482495e-05,0.00031116651371121407,0.019743483513593674,0.006097791716456413,0.0,0.04010883346199989,0.000157607501023449,0.29135385155677795,1.2237250302860048e-05,,,,
304,0.016333382576704025,0.0001598694068251155,112.53181596996728,0.8001024127006531,0.001508422545157373,0.0006750877946615219,3.349659891682677e-06,3.101299398622359e-06,0.0006370511255227029,0.0003031433734577149,1.820533179852646e-05,0.0003086882352363318,0.02226707711815834,0.007849537767469883,0.0,0.012668169103562832,0.0001322059251833707,0.29150623083114624,1.5161720511969179e-05,,,,
305,0.014244607649743557,0.00015962549894411155,112.90194520395016,1.9781229496002197,0.0015260297805070877,0.0004982610698789358,6.308811862254515e-06,7.123128852981608e-06,0.0004228978359606117,0.0003152585122734308,1.8179223843617365e-05,0.00032042557722888887,0.025922350585460663,0.007545845583081245,0.0,0.012394485995173454,4.695375537266955e-05,0.29164940118789673,1.495046126365196e-05,,,,
306,0.01476417575031519,0.0001593810519314862,113.2740531299496,1.8063580989837646,0.0014087349409237504,0.0005742882494814694,7.520662620663643e-06,6.4291230046364944e-06,0.0004662334395106882,0.00030652430723421276,1.8962453395943157e-05,0.00031240234966389835,0.012377581559121609,0.009997036308050156,0.0,0.01595701090991497,5.07859731442295e-05,0.29178744554519653,9.432509614271112e-06,,,,
307,0.0160566046833992,0.00015913606819983284,113.64608078898164,0.5280596613883972,0.0015657248441129923,0.0005698750610463321,3.668520321298274e-06,2.9935363272670656e-06,0.0003956221917178482,0.0002980565477628261,1.8869021005230024e-05,0.0003034731198567897,0.024176843464374542,0.016522880643606186,0.0,0.019472219049930573,0.00018306693527847528,0.2919255197048187,1.3306878827279434e-05,,,,
308,0.013705686666071415,0.00015889055016704196,114.01289215299767,0.9453256726264954,0.0014929391909390688,0.0005262344493530691,3.626695615821518e-06,3.4985077945748344e-06,0.0005995763931423426,0.0002996372932102531,1.877002614492085e-05,0.00030506079201586545,0.009669331833720207,0.006321738939732313,0.0,0.01374119147658348,0.00010410716640762985,0.29206156730651855,8.473849447909743e-06,,,,
309,0.015925800427794456,0.0001586445002562774,114.38438472297275,1.631964087486267,0.0011805763933807611,0.0005698570748791099,5.0927001211675815e-06,4.37730886915233e-06,0.0007525600376538932,0.00030909525230526924,1.875257476058323e-05,0.00031556093017570674,0.026688316836953163,0.007649601437151432,0.0,0.03298032656311989,3.2817752071423456e-05,0.29219454526901245,1.2176564268884249e-05,,,,
310,0.017208019271492958,0.00015839792089595247,114.75624671200057,1.7175034284591675,0.001403961912728846,0.0005446436698548496,4.860125955019612e-06,4.587659532262478e-06,0.0004279884451534599,0.0003141217166557908,1.797704135242384e-05,0.0003202786319889128,0.017172129824757576,0.03593682125210762,0.0,0.019247200340032578,0.00014975917292758822,0.29234200716018677,8.900986358639784e-06,,,,
311,0.017285700887441635,0.0001581508145197059,115.12745283497497,1.271686315536499,0.0012732173781841993,0.0005513241048902273,4.245444415573729e-06,5.172605597181246e-06,0.00043335798545740545,0.000306859816191718,1.7960501281777397e-05,0.00031318538822233677,0.02510744519531727,0.026121176779270172,0.0,0.03705339506268501,9.981258335756138e-05,0.29248949885368347,1.733138742565643e-05,,,,
312,0.014342345297336578,0.00015790318356637793,115.49626675498439,0.29841452836990356,0.0013236560625955462,0.0005428606527857482,4.081142378709046e-06,2.597289039840689e-06,0.000515493331477046,0.00030489781056530774,1.7403233869117685e-05,0.0003110980032943189,0.01305525004863739,0.008316386491060257,0.0,0.026100359857082367,6.31288712611422e-05,0.292650431394577,1.979624357772991e-05,,,,
313,0.016323527321219444,0.000157655030479986,115.86646211595507,0.8741804957389832,0.0015287536662071943,0.0005850791931152344,6.244402811717009e-06,3.233993993490003e-06,0.00034002523170784116,0.0003037365386262536,1.716395672701765e-05,0.0003098965680692345,0.009027555584907532,0.02032865211367607,0.0,0.030044563114643097,0.00015109576634131372,0.2928145229816437,1.2753842383972369e-05,,,,
314,0.01490738894790411,0.00015740635770970096,116.23488991498016,0.8210455179214478,0.0013156576314941049,0.0006073652184568346,3.2875705073820427e-06,5.1021088438574225e-06,0.0005159670836292207,0.00030345990671776235,1.7339321857434697e-05,0.0003094423736911267,0.017003526911139488,0.0071661025285720825,0.0,0.0186171792447567,8.048325980780646e-05,0.2929899990558624,1.7573835066286847e-05,,,,
315,0.01423123013228178,0.0001571571677098226,116.61166736198356,0.48845043778419495,0.0013529756106436253,0.0005266680382192135,3.2617735996609554e-06,2.8268241294426844e-06,0.0005604007747024298,0.0003054772678297013,1.74271463038167e-05,0.00031083187786862254,0.014524318277835846,0.013905803672969341,0.0,0.009581992402672768,0.00022449847892858088,0.29316243529319763,1.531088855699636e-05,,,,
316,0.015753988176584244,0.00015690746293975564,116.98397750599543,0.9171689748764038,0.001451105228625238,0.0005683812196366489,5.6304770623683e-06,3.598854164010845e-06,0.0005831646267324686,0.0002981812576763332,1.7465537894167937e-05,0.0003035507397726178,0.01267462968826294,0.022512946277856827,0.0,0.010928288102149963,3.160361302434467e-05,0.2933277189731598,1.0370953532401472e-05,,,,
317,0.01514444686472416,0.00015665724586398535,117.35578831098974,0.9612798690795898,0.001214688876643777,0.0004927023546770215,3.6792985156353097e-06,3.305525297037093e-06,0.0005378610803745687,0.0003032161039300263,1.7910833776113577e-05,0.00030886760214343667,0.016515418887138367,0.019640913233160973,0.0,0.02988669089972973,0.00013998795475345105,0.29348060488700867,1.2106405847589485e-05,,,,
318,0.016009710729122162,0.00015640651895205325,117.72492643096484,0.11300303041934967,0.0013926546089351177,0.0005355807370506227,3.4633335417311173e-06,2.2174092464410933e-06,0.0004745250043924898,0.00030056602554395795,1.7973068679566495e-05,0.00030542680178768933,0.03185083717107773,0.02639060840010643,0.0,0.006172848865389824,8.074627839960158e-05,0.29364389181137085,7.770831871312112e-06,,,,
319,0.01706315018236637,0.00015615528467853275,118.11238842795137,1.5150365829467773,0.0013203793205320835,0.000639938865788281,3.7477173009392573e-06,3.1374565878650174e-06,0.0004230968770571053,0.0003146996605210006,1.8248400010634214e-05,0.00031906587537378073,0.030102428048849106,0.00906996987760067,0.0,0.042650897055864334,3.059684968320653e-05,0.2937917113304138,1.3358475371205714e-05,,,,
320,0.017356272786855698,0.00015590354552300471,118.47978534299182,1.8818306922912598,0.0015769170131534338,0.0005429351585917175,6.634075361944269e-06,4.619592345989076e-06,0.0006152752903290093,0.00032129668397828937,1.878779767139349e-05,0.00032783806091174483,0.02391594462096691,0.02695535123348236,0.0,0.016530470922589302,0.0001841754128690809,0.2939643859863281,1.1279389582341537e-05,,,,
321,0.013951149769127369,0.00015565130397003296,118.84787883894751,1.3347822427749634,0.001406482420861721,0.00043533273856155574,4.352722044131951e-06,6.857342668808997e-06,0.0006767669110558927,0.0002993738744407892,1.8273363821208477e-05,0.00030478357803076506,0.02642032876610756,0.010181115008890629,0.0,0.009980407543480396,0.00021834007930010557,0.2941329777240753,8.828217687550932e-06,,,,
322,0.014669029973447323,0.00015539856250913978,119.21611591998953,0.18907292187213898,0.0013877018354833126,0.0005155485705472529,2.6131920094485395e-06,2.4050586944213137e-06,0.0004108416324015707,0.0003027790517080575,1.8006239770329557e-05,0.0003076971333939582,0.012770842760801315,0.01746550016105175,0.0,0.02371824160218239,0.0001113533362513408,0.2942892014980316,1.1311372873024084e-05,,,,
323,0.015453810803592205,0.00015514532363478136,119.58532251499128,0.9825356006622314,0.0012122929329052567,0.0005848706932738423,3.838610609818716e-06,3.61852471542079e-06,0.00034992670407518744,0.0003256360942032188,1.7521440895507112e-05,0.0003304405836388469,0.023991627618670464,0.016888415440917015,0.0,0.0198203194886446,6.698643846902996e-05,0.29444754123687744,6.072943506296724e-06,,,,
324,0.014217866584658623,0.00015489158984632314,119.95264306699391,0.22904863953590393,0.001286324462853372,0.0004875412560068071,2.88042429019697e-06,2.4335049602086656e-06,0.0005497807869687676,0.0002996360417455435,1.7497563021606766e-05,0.000304760760627687,0.008007010444998741,0.011755537241697311,0.0,0.03723714500665665,4.185179932392202e-05,0.2946038246154785,1.5855692254262976e-05,,,,
325,0.013001580722630024,0.0001546373636480152,120.32801469299011,0.9284250140190125,0.0012614185689017177,0.00044008815893903375,4.884863301413134e-06,4.040055955556454e-06,0.0006798361428081989,0.00030507289920933545,1.7436394045944326e-05,0.0003107909287791699,0.021237311884760857,0.00780718307942152,0.0,0.01024262048304081,7.909812120487913e-05,0.2947746813297272,1.2442333172657527e-05,1.0888253454365366,6.365525374465221,0.9254940940291914,0.77732740636109
326,0.015792131423950195,0.00015438264754896744,120.72806162398774,0.6277145147323608,0.001291171764023602,0.0005832042079418898,2.820416739268694e-06,2.595214027678594e-06,0.000592236639931798,0.0003031569649465382,1.7271748220082372e-05,0.00030887118191458285,0.024081546813249588,0.010516149923205376,0.0,0.028636999428272247,0.00011278521560598165,0.29493314027786255,1.4251329048420303e-05,,,,
327,0.013625205494463444,0.00015412744406312497,121.0995763039682,0.797641396522522,0.0017088332679122686,0.00045867153676226735,2.5716776690387633e-06,2.756956746452488e-06,0.0004346293571870774,0.00031362351728603244,1.7076688891393133e-05,0.0003181840293109417,0.014722728170454502,0.00908597745001316,0.0,0.018272794783115387,3.224254760425538e-05,0.2950989007949829,1.6114463505800813e-05,,,,
328,0.013882310129702091,0.00015387175570924318,121.47016305598663,0.4697456359863281,0.0014504202408716083,0.0005069749895483255,3.2507223295397125e-06,3.1257645787263755e-06,0.00042017153464257717,0.00030630509718321264,1.7149022824014537e-05,0.00031104974914342165,0.024203572422266006,0.012265249155461788,0.0,0.004560626111924648,0.00010472990834387019,0.29526159167289734,2.2222475308808498e-05,,,,
329,0.014721328392624855,0.00015361558501086282,121.83774026599713,0.6981358528137207,0.0014565555611625314,0.0005530769121833146,3.2431676117994357e-06,2.2858689590066206e-06,0.0006336715305224061,0.00030087013146840036,1.741934465826489e-05,0.00030636979499831796,0.017178699374198914,0.009204301983118057,0.0,0.017210258170962334,3.470267984084785e-05,0.2954077422618866,1.543228790978901e-05,,,,
330,0.014931616373360157,0.00015335893449628532,122.21040537394583,0.496476411819458,0.001224633539095521,0.0005597426788881421,3.8060557017161045e-06,2.631289135024417e-06,0.0005818297504447401,0.00029873091261833906,1.770568451320287e-05,0.00030379780218936503,0.007057973183691502,0.017937369644641876,0.0,0.02199682965874672,9.13292751647532e-05,0.2955528795719147,8.611840712546837e-06,,,,
331,0.017109813168644905,0.00015310180669854764,122.57912563998252,0.8547417521476746,0.001310685882344842,0.0005788094131276011,2.975007873828872e-06,2.6024613362096716e-06,0.000558287079911679,0.0003152029530610889,1.790226815501228e-05,0.00031945985392667353,0.03152367100119591,0.021470271050930023,0.0,0.02837277576327324,3.0198007152648643e-05,0.2956991195678711,9.067804057849571e-06,,,,
332,0.0125770578160882,0.0001528442041553973,122.94967054598965,1.0139644145965576,0.0014120284467935562,0.00037211630842648447,4.252793587511405e-06,4.113914656045381e-06,0.0005558597622439265,0.00029887253185734153,1.8776512661133893e-05,0.00030402964330278337,0.015901178121566772,0.013447330333292484,0.0,0.008676148019731045,0.0002395026240264997,0.29585471749305725,8.139226338244043e-06,,,,
333,0.01280664186924696,0.0001525861294092675,123.3206566979643,1.231188178062439,0.0013460866175591946,0.0005222250474616885,4.909258677798789e-06,6.3755796873010695e-06,0.0004385237698443234,0.00029607678879983723,1.886576137621887e-05,0.00030167429940775037,0.0024673554580658674,0.008288120850920677,0.0,0.00815608911216259,0.00010511439177207649,0.29599788784980774,9.898692951537669e-06,,,,
334,0.01565580628812313,0.0001523275850072517,123.6948553219554,0.6206008195877075,0.0014540107222273946,0.0005516408127732575,2.703390919123194e-06,2.309138835698832e-06,0.0006906335474923253,0.00029847724363207817,1.8880322386394255e-05,0.0003043173346668482,0.025978120043873787,0.004010686185210943,0.0,0.03448600322008133,0.00012505659833550453,0.2961297035217285,1.0187049156229477e-05,,,,
335,0.014316810294985771,0.0001520685735010788,124.06604539597174,0.7263929843902588,0.0013160159578546882,0.000555853417608887,3.6236124287825078e-06,2.6837078621611e-06,0.0003321950207464397,0.00030299575882963836,1.8627828467288055e-05,0.0003075356944464147,0.011000576429069042,0.013532379642128944,0.0,0.02017064020037651,0.00017561075219418854,0.2962760627269745,3.308548457425786e-06,,,,
336,0.015308286994695663,0.00015180909744708776,124.43547986994963,0.7563945651054382,0.0013642915291711688,0.0004811393446289003,2.8374713565426646e-06,2.548843895056052e-06,0.0005358584458008409,0.00030243146466091275,1.829233042371925e-05,0.00030764128314331174,0.02984139882028103,0.021433405578136444,0.0,0.014801792800426483,0.00013684132136404514,0.2964266240596771,9.575250260240864e-06,,,,
337,0.01497661229223013,0.00015154915940620255,124.80496379599208,1.0799241065979004,0.0014721318148076534,0.0005463383276946843,3.6224816994945286e-06,2.477797352185007e-06,0.0005087784957140684,0.00030325131956487894,1.8534012269810773e-05,0.00030977974529378116,0.024953525513410568,0.009668932296335697,0.0,0.0175519697368145,0.0001033877779264003,0.29657307267189026,1.1489093594718724e-05,,,,
338,0.015787458047270775,0.00015128876194390662,125.17804378696019,0.7035855054855347,0.0012294831685721874,0.00048112260992638767,3.961789843742736e-06,3.967366865254007e-06,0.0007305084727704525,0.00029250819352455437,1.8409407857689075e-05,0.00029864328098483384,0.01806296408176422,0.02166813239455223,0.0,0.03020438365638256,0.00018161238403990865,0.29672059416770935,1.1061541954404674e-05,,,,
339,0.012414420023560524,0.00015102790763021787,125.54674895497737,0.5136918425559998,0.0013497212203219533,0.0004660252889152616,3.2218856631516246e-06,2.401764959358843e-06,0.0004207383026368916,0.00029324198840186,1.868040271801874e-05,0.0002988515479955822,0.008245965465903282,0.008883589878678322,0.0,0.01479165256023407,2.6006478947238065e-05,0.2968795597553253,7.434959115926176e-06,,,,
340,0.018204590305685997,0.000150766599039663,125.91540264495416,1.1314029693603516,0.0015085588674992323,0.0005923575954511762,4.448692379810382e-06,4.956191332894377e-06,0.0005862023681402206,0.00029472087044268847,1.8852369976229966e-05,0.00030081591103225946,0.023711316287517548,0.031701602041721344,0.0,0.02148072049021721,6.87621723045595e-05,0.29703444242477417,7.732423910056241e-06,,,,
341,0.015057779848575592,0.00015050483875125235,126.28586387395626,0.8187682032585144,0.0012682760134339333,0.0004494978056754917,4.963683295500232e-06,2.8636836759687867e-06,0.0004981161328032613,0.00029194820672273636,1.824976789066568e-05,0.00029819196788594127,0.019856417551636696,0.02916487120091915,0.0,0.016246573999524117,8.833478932501748e-05,0.29718831181526184,5.853939910593908e-06,,,,
342,0.014813736081123352,0.00015024262934845427,126.65818587195827,0.5133383870124817,0.0013579052174463868,0.0005183297907933593,3.5539794680516934e-06,2.7305165986035718e-06,0.000471227103844285,0.0002958712284453213,1.8093996914103627e-05,0.00030240966589190066,0.004800805356353521,0.022705568000674248,0.0,0.02187085896730423,7.231548079289496e-05,0.2973349392414093,1.3030214176978916e-05,,,,
343,0.01684742607176304,0.00014997997341916971,127.02963710995391,0.7073671817779541,0.0013721726136282086,0.000650366535410285,2.6756983970699366e-06,4.159212039667182e-06,0.00043953207205049694,0.0002967325854115188,1.7989443222177215e-05,0.000303393549984321,0.03473489731550217,0.011036493815481663,0.0,0.024147819727659225,8.393545431317762e-05,0.2974836826324463,1.256390805792762e-05,,,,
344,0.013849529437720776,0.00014971687355570665,127.40532904898282,1.1071115732192993,0.0013270055642351508,0.0004574728664010763,3.640576096586301e-06,2.324244405826903e-06,0.0003673086757771671,0.0003110776888206601,1.7658943761489354e-05,0.0003186828689649701,0.024338308721780777,0.01352453138679266,0.0,0.02208397351205349,2.877566294046119e-05,0.2976387143135071,7.925505997263826e-06,,,,
345,0.015803303569555283,0.00014945333235475452,127.77563727897359,0.903785228729248,0.0014953106874600053,0.0005954145453870296,2.803477173074498e-06,2.895258830903913e-06,0.0004897981998510659,0.0003002527228090912,1.7499527530162595e-05,0.00030688781407661736,0.008955350145697594,0.017576750367879868,0.0,0.02344801463186741,7.550723967142403e-05,0.29779481887817383,9.888273780234158e-06,,,,
346,0.015740344300866127,0.00014918935241735857,128.15046021697344,0.6273787021636963,0.001198894577100873,0.0004966415581293404,4.012897079519462e-06,2.6529028218647e-06,0.0006707302527502179,0.00029550562612712383,1.7103109712479636e-05,0.00030233399593271315,0.02208493836224079,0.026366814970970154,0.0,0.015841398388147354,0.00023395265452563763,0.29795199632644653,1.1156145774293691e-05,,,,
347,0.014208855107426643,0.00014892493634889424,128.52315375296166,0.18251855671405792,0.0012475118273869157,0.0004796211142092943,3.139729869872099e-06,2.6163670554524288e-06,0.0005326200043782592,0.00029743864433839917,1.6873720596777275e-05,0.0003043221076950431,0.01661604270339012,0.014855967834591866,0.0,0.026745731011033058,1.0921687135123648e-05,0.2981061041355133,7.113590982044116e-06,,,,
348,0.014100992120802402,0.0001486600867590414,128.89376811200054,0.7304750084877014,0.0012847305042669177,0.00054449203889817,3.6220144465914927e-06,3.502823346934747e-06,0.0004889885312877595,0.00029831897700205445,1.6527021216461435e-05,0.0003049714141525328,0.02742939442396164,0.007321458775550127,0.0,0.011643447913229465,3.071948594879359e-05,0.29826754331588745,1.228818655363284e-05,,,,
349,0.015878738835453987,0.00014839480626175846,129.26629102096194,1.346624493598938,0.0013429594691842794,0.0005519367987290025,4.5292563299881294e-06,3.4335632790316595e-06,0.000519648427143693,0.00030776907806284726,1.6337869965354912e-05,0.0003149637777823955,0.013696190901100636,0.022938290610909462,0.0,0.020500587299466133,0.00017231817764695734,0.2984217405319214,2.324326487723738e-06,,,,
350,0.017458461225032806,0.00014812909747525694,129.64107752696145,1.4638464450836182,0.001432941760867834,0.0005523305153474212,4.140326836932218e-06,3.811497208516812e-06,0.0007718360866419971,0.00030618414166383445,1.7024842236423865e-05,0.00031158121419139206,0.015994329005479813,0.03209236264228821,0.0,0.01977238804101944,6.068689253879711e-05,0.29857492446899414,1.4697488040837925e-05,0.9912757632223749,6.604929864511371,0.9174233802445273,0.6075185432789955
351,0.016999507322907448,0.00014786296302197528,130.05153394996887,0.6713590621948242,0.0013865667860955,0.0004789555387105793,4.031510798085947e-06,3.4067704746121308e-06,0.00060654291883111,0.00029243313474580646,1.7382970327162184e-05,0.0002973577647935599,0.023393522948026657,0.03841100260615349,0.0,0.01583787240087986,0.00015276973135769367,0.298723965883255,1.5185872143774759e-05,,,,
352,0.015551494434475899,0.00014759640552855307,130.4218201629701,0.7542278170585632,0.0014041218673810363,0.0006469440413638949,3.1351519282907248e-06,2.4219934857683256e-06,0.00041956172208301723,0.00029793489375151694,1.798397715901956e-05,0.00030208411044441164,0.02264421060681343,0.012288715690374374,0.0,0.008736666291952133,0.00012046466144965962,0.2988678514957428,9.707299795991275e-06,,,,
353,0.017999591305851936,0.00014732942762580513,130.79431448096875,1.5690183639526367,0.0014546002494171262,0.0005497843958437443,6.701942311337916e-06,6.256525921344291e-06,0.0005359302158467472,0.00029639812419191003,1.9202663679607213e-05,0.0003010594518855214,0.029590049758553505,0.032644376158714294,0.0,0.017720293253660202,0.0002022106054937467,0.2990002930164337,6.1634618759853765e-06,,,,
354,0.014879271388053894,0.00014706203194869564,131.16083129995968,1.4687210321426392,0.0011461196700111032,0.0005716157611459494,4.5973065425641835e-06,5.5869486459414475e-06,0.0004060284118168056,0.00029413876472972333,1.9345867258380167e-05,0.00029840521165169775,0.00704045919701457,0.020863454788923264,0.0,0.019194820895791054,6.879748252686113e-05,0.29913172125816345,9.100071110879071e-06,,,,
355,0.01678605191409588,0.00014679422113631193,131.53036378097022,0.996050238609314,0.0013575912453234196,0.0006458935094997287,3.546934294718085e-06,2.211362925663707e-06,0.0006750720785930753,0.0003160950727760792,1.9665869331220165e-05,0.00032351873232983053,0.015826748684048653,0.016549408435821533,0.0,0.023545540869235992,6.233157910173759e-05,0.2992663085460663,1.7989570551435463e-05,,,,
356,0.013477982021868229,0.0001465259978318386,131.89995704195462,0.44679197669029236,0.0013032008428126574,0.0004898819606751204,2.9132020245015156e-06,2.1639443730236962e-06,0.0005242229090072215,0.0003050438535865396,1.9048358808504418e-05,0.0003109236422460526,0.016373753547668457,0.008473016321659088,0.0,0.019530730322003365,8.351097494596615e-05,0.2994082272052765,1.1185475159436464e-05,,,,
357,0.01674225740134716,0.00014625736468253144,132.27338810596848,1.5179857015609741,0.0013429333921521902,0.0006434839451685548,4.138584245083621e-06,3.160765118082054e-06,0.0005484704161062837,0.0003257878706790507,1.8194676158600487e-05,0.0003303714329376817,0.015316678211092949,0.01889830455183983,0.0,0.021479278802871704,0.0001361157192150131,0.29955121874809265,1.4830157851974946e-05,,,,
358,0.014793201349675655,0.00014598832433969112,132.64598940097494,1.657789945602417,0.00129614002071321,0.0005128408665768802,4.699691999121569e-06,5.568044343817746e-06,0.000758576556108892,0.0003033932007383555,1.8121472749044187e-05,0.00030995681299827993,0.014714241959154606,0.01640918292105198,0.0,0.012361601926386356,5.881196921109222e-05,0.29969531297683716,1.3478751498041674e-05,,,,
359,0.013315270654857159,0.0001457188794586372,133.01969666895457,1.2350118160247803,0.0011640168959274888,0.0004636746598407626,5.418512500909856e-06,4.466161044547334e-06,0.000616628909483552,0.00029670383082702756,1.7531701814732514e-05,0.00030212884303182364,0.010894041508436203,0.011288724839687347,0.0,0.018190491944551468,0.00016277980466838926,0.29983314871788025,1.604182762093842e-05,,,,
360,0.016619350761175156,0.00014544903269868192,133.39441391197033,0.5966771841049194,0.0015137032605707645,0.0005010678432881832,2.9584152798634022e-06,3.1294607651943807e-06,0.00044108089059591293,0.0002959970152005553,1.7488744560978375e-05,0.000302476721117273,0.030356083065271378,0.018308592960238457,0.0,0.036950308829545975,0.00025429492234252393,0.2999720871448517,8.675834578752983e-06,,,,
361,0.012883766554296017,0.00014517878672310386,133.768334355962,0.1291077584028244,0.0013017546152696013,0.00046797352842986584,2.9690872906940058e-06,2.4329533516720403e-06,0.0005094008520245552,0.0002944619918707758,1.734147190290969e-05,0.0002999061834998429,0.019011374562978745,0.008105775341391563,0.0,0.01204108726233244,6.861821748316288e-05,0.3001256585121155,1.4674595149699599e-05,,,,
362,0.013828747905790806,0.0001449081441991216,134.14375348994508,0.5048672556877136,0.0014091006014496088,0.000565835740417242,2.823060185619397e-06,2.8253386972210137e-06,0.0006246179691515863,0.0002982875448651612,1.7225584088009782e-05,0.0003026475023943931,0.017734745517373085,0.00600343756377697,0.0,0.004562849178910255,3.136444865958765e-05,0.3002677857875824,6.621008651563898e-06,,,,
363,0.0146864028647542,0.0001446371077978677,134.51807030197233,0.8232627511024475,0.0011454223422333598,0.000587749294936657,4.037853614136111e-06,2.90350362774916e-06,0.0004572116304188967,0.0002931812487076968,1.7411801309208386e-05,0.0002977703115902841,0.022639960050582886,0.006675735116004944,0.0,0.026302367448806763,2.610323645058088e-05,0.30039530992507935,1.4110631127550732e-05,,,,
364,0.013341469690203667,0.00014436568019436202,134.89392798498739,0.9881465435028076,0.0013710916973650455,0.0004818966262973845,3.835924417217029e-06,3.011118224094389e-06,0.0005640258314087987,0.00029735086718574166,1.7520596884423867e-05,0.0003007271734531969,0.010341452434659004,0.012114305980503559,0.0,0.00862898863852024,0.0002379031793680042,0.3005312383174896,1.4616667613154277e-05,,,,
365,0.01440260000526905,0.00014409386406748532,135.31028460297966,0.7682529091835022,0.0015443995362147689,0.00046784902224317193,3.7899899325566366e-06,2.9065286071272567e-06,0.0005824639229103923,0.0002968790358863771,1.830377004807815e-05,0.0003016735427081585,0.008538148365914822,0.021148158237338066,0.0,0.0089457668364048,0.0002582379966042936,0.3006577491760254,1.679215711192228e-05,,,,
366,0.013193981721997261,0.00014382166209995318,135.68616077699699,0.2973248064517975,0.001420872169546783,0.0005108628538437188,2.655802290973952e-06,2.572530092948e-06,0.00046823089360259473,0.0002929822658188641,1.853460526035633e-05,0.0002968157932627946,0.00866294652223587,0.0088274497538805,0.0,0.013960923068225384,7.793919940013438e-05,0.3007790744304657,4.4804874050896615e-06,,,,
367,0.015614635311067104,0.000143549076978289,136.06055538199143,1.2267744541168213,0.001205998007208109,0.0006257577333599329,4.0555873965786304e-06,3.0278897611424327e-06,0.0004061193612869829,0.0002946994500234723,1.8542225006967783e-05,0.0002967944892589003,0.023162193596363068,0.014887397177517414,0.0,0.014328064396977425,0.00022317319235298783,0.30089521408081055,1.1233320947212633e-05,,,,
368,0.016147185117006302,0.00014327611139279797,136.4424552899436,1.588608980178833,0.001489293179474771,0.0005411881720647216,4.3359873416193295e-06,6.666040462732781e-06,0.0005593100795522332,0.0003038198919966817,1.918427733471617e-05,0.00030829518800601363,0.015273473225533962,0.012819141149520874,0.0,0.031405434012413025,0.00042115789256058633,0.30100613832473755,1.7114605725510046e-05,,,,
369,0.013222099281847477,0.00014300276803754015,136.81697618495673,1.265321135520935,0.001242643571458757,0.000517472333740443,6.21550634605228e-06,4.122494829061907e-06,0.0006639360217377543,0.0002933733048848808,1.8902657757280394e-05,0.00029572175117209554,0.011588220484554768,0.009055477567017078,0.0,0.004155998583883047,5.3511081205215305e-05,0.3011317253112793,8.070146577665582e-06,,,,
370,0.014623618684709072,0.0001427290496103042,137.19279147399357,0.18858875334262848,0.0014831355074420571,0.0005943182623013854,3.1082197438081494e-06,2.768404101516353e-06,0.0005833799368701875,0.00029207434272393584,1.912429252115544e-05,0.00029488594736903906,0.003945581149309874,0.013717276975512505,0.0,0.010247441940009594,4.7870082198642194e-05,0.30124372243881226,9.236435289494693e-06,,,,
371,0.015192747116088867,0.00014245495881258036,137.5731386859552,0.9301357865333557,0.001277797855436802,0.0005203775363042951,3.1663585104979575e-06,5.165409675100818e-06,0.0004025111556984484,0.00029270394588820636,1.8907589037553407e-05,0.0002957973920274526,0.024792298674583435,0.018556728959083557,0.0,0.020400382578372955,0.00012068082287441939,0.3013494610786438,7.35531921236543e-06,,,,
372,0.014327711425721645,0.00014218049834953427,137.94817742297892,1.4152663946151733,0.0011317083844915032,0.0004915621830150485,5.66344169783406e-06,3.3664107377262553e-06,0.0005248163361102343,0.00029413364245556295,1.8068714780383743e-05,0.00029660624568350613,0.01082470640540123,0.02705390565097332,0.0,0.008402370847761631,6.406693864846602e-05,0.3014604449272156,5.272552698443178e-06,,,,
373,0.01604081317782402,0.00014190567092997982,138.3340047399979,1.1592918634414673,0.0014442693209275603,0.0005667107179760933,3.6237493077351246e-06,3.253818022130872e-06,0.0005923243006691337,0.00030903727747499943,1.7767073586583138e-05,0.00031489148386754096,0.012725919485092163,0.02638631872832775,0.0,0.008812693879008293,0.0001405957737006247,0.30156204104423523,6.0322759054542985e-06,,,,
374,0.017252152785658836,0.0001416304792663527,138.71182806696743,0.6038095951080322,0.0014216311974450946,0.0005308485124260187,2.922387238868396e-06,2.5935548819688847e-06,0.0007767949718981981,0.0002908172318711877,1.6899379261303693e-05,0.00029580394038930535,0.02297016605734825,0.02791125699877739,0.0,0.02224971167743206,0.00022761643049307168,0.30165737867355347,7.5081115937791765e-06,,,,
375,0.01568041369318962,0.00014135492607468357,139.087523426977,2.1477437019348145,0.0013952585868537426,0.0005267633241601288,5.615787358692614e-06,5.30937631992856e-06,0.0002540519053582102,0.0003120713518001139,1.611928928468842e-05,0.0003157272294629365,0.01976938359439373,0.028946654871106148,0.0,0.009149745106697083,0.0002041003026533872,0.3017590045928955,7.854029718146194e-06,2.030648265054427,6.4471539305996695,1.3672188365890148,1.4497077568244467
376,0.015343199484050274,0.00014107901407457116,139.49472420098027,2.654508352279663,0.0013231760822236538,0.0005185879999771714,1.0331754310755059e-05,1.3017335732001811e-05,0.0007317299023270607,0.000298561091767624,1.6748259440646507e-05,0.0003052201063837856,0.025204341858625412,0.0073078954592347145,0.0,0.01735006645321846,3.1946889066603035e-05,0.3018553853034973,1.328524922428187e-05,,,,
377,0.013515595346689224,0.0001408027459891555,139.86778779595625,1.247507095336914,0.001338030444458127,0.0005139101995155215,5.808516107208561e-06,5.28222335560713e-06,0.000518814311362803,0.0002891769981943071,1.6215066352742724e-05,0.0002939922851510346,0.011793600395321846,0.003965209703892469,0.0,0.01771359145641327,0.0002813447790686041,0.30195286870002747,9.669550308899488e-06,,,,
378,0.013194963335990906,0.00014052612454509107,140.2415201899712,1.608677625656128,0.0012821081327274442,0.0005070640472695231,6.196703907335177e-06,6.232603482203558e-06,0.0004196652153041214,0.0002865429560188204,1.652355058467947e-05,0.00029120416729710996,0.0208003930747509,0.007196251302957535,0.0,0.007335464004427195,4.298338171793148e-05,0.30205556750297546,2.9309837827895535e-06,,,,
379,0.015320494771003723,0.00014024915247251989,140.61446297599468,3.4217448234558105,0.001350859645754099,0.0005500735715031624,1.4262674085330218e-05,1.4872253814246505e-05,0.0006606961833313107,0.0003200409119017422,1.7517342712380923e-05,0.0003281143435742706,0.013183318078517914,0.009157616645097733,0.0,0.012288171797990799,5.2940944442525506e-05,0.30214887857437134,1.213875202665804e-05,,,,
380,0.013745793141424656,0.0001399718325050444,140.98933503194712,2.7744140625,0.0012651633005589247,0.0005038449889980257,8.745550985622685e-06,1.1958905815845355e-05,0.000271165044978261,0.00031588299316354096,1.694138700258918e-05,0.00031917239539325237,0.01627836376428604,0.007170174736529589,0.0,0.021301263943314552,1.7150028725154698e-05,0.3022401034832001,7.446868949045893e-06,,,,
381,0.013692431151866913,0.00013969416737970086,141.367358872958,0.35142889618873596,0.0015955835115164518,0.0004679296107497066,3.213635409338167e-06,2.2913388875167584e-06,0.0004829792305827141,0.0002859020314645022,1.8111944882548414e-05,0.0002901094267144799,0.018707653507590294,0.00698571652173996,0.0,0.01652764528989792,0.0002583356690593064,0.30233868956565857,1.1655478374450468e-05,,,,
382,0.01568959280848503,0.00013941615983693187,141.74060658999952,2.0062272548675537,0.0012585551012307405,0.0004494834574870765,8.334243830177002e-06,6.976082659093663e-06,0.0008863780531100929,0.0002954253868665546,1.9367100321687758e-05,0.00030147042707540095,0.010196425020694733,0.028065700083971024,0.0,0.017904728651046753,8.491092739859596e-05,0.30244147777557373,5.799091013614088e-06,,,,
383,0.015618407167494297,0.00013913781262055963,142.11261280899635,2.4850058555603027,0.001107695046812296,0.0006323024863377213,7.3419428190391045e-06,7.836426448193379e-06,0.0004887165268883109,0.0002922237035818398,1.969932418433018e-05,0.00029400939820334315,0.014464573934674263,0.01059003546833992,0.0,0.0265816543251276,3.576531889848411e-05,0.302547425031662,3.7754332424810855e-06,,,,
384,0.016483619809150696,0.00013885912847775883,142.491140538943,1.1511338949203491,0.0011710776016116142,0.0006099560996517539,3.5820899029204156e-06,3.0155865715641994e-06,0.000705184880644083,0.0003089136444032192,2.10962571145501e-05,0.00031643908005207777,0.04107687994837761,0.007648129481822252,0.0,0.02476254664361477,4.694396193372086e-05,0.3026670217514038,7.797274520271458e-06,,,,
385,0.014005394652485847,0.00013858011015902946,142.86620137596037,1.148245096206665,0.0012964409543201327,0.0004821685142815113,3.185294872309896e-06,2.963126462418586e-06,0.0005780910141766071,0.0003018111165147275,2.1080415535834618e-05,0.0003084252530243248,0.010280215181410313,0.01774233765900135,0.0,0.016188519075512886,9.710744780022651e-05,0.3027929663658142,1.2919525033794343e-05,,,,
386,0.016994351521134377,0.00013830076041816962,143.24407601798885,2.3424673080444336,0.001278146170079708,0.0006214125896804035,8.264673851954285e-06,6.438702257582918e-06,0.0002601129817776382,0.0003120724286418408,1.9824710761895403e-05,0.0003146569652017206,0.02009352669119835,0.033207155764102936,0.0,0.006922142580151558,7.379673479590565e-05,0.30291998386383057,1.112038989958819e-05,,,,
387,0.014345010742545128,0.00013802108201224853,143.61894990695873,1.5180671215057373,0.0013933510053902864,0.00045419821981340647,5.443228928925237e-06,8.212698958232068e-06,0.0006206516991369426,0.0002926620072685182,1.955823063326534e-05,0.0002970081695821136,0.0035974241327494383,0.02358093485236168,0.0,0.01344780158251524,3.369685873622075e-05,0.30303439497947693,7.95843698142562e-06,,,,
388,0.014998000115156174,0.00013774107770157915,143.991290936945,0.6948052048683167,0.001110799959860742,0.0004917983314953744,2.9317102416825946e-06,2.950642738142051e-06,0.0006105779903009534,0.0002938251127488911,1.8758333681034856e-05,0.0002987751504406333,0.013145407661795616,0.023418210446834564,0.0,0.027390489354729652,4.2639789171516895e-05,0.3031446635723114,1.503091334598139e-05,,,,
389,0.016961073502898216,0.00013746075024969093,144.3672651919769,2.110135078430176,0.001242070458829403,0.0005143220187164843,1.033606349665206e-05,1.0243728866043966e-05,0.0004644604050554335,0.00028755294624716043,1.7895403289003298e-05,0.00029308380908332765,0.029959820210933685,0.030635466799139977,0.0,0.01549982838332653,8.192127279471606e-05,0.3032664954662323,9.012645023176447e-06,,,,
390,0.013542838394641876,0.00013718010242330273,144.74115702399286,1.599388599395752,0.0014282182091847062,0.0004326811758801341,4.683795395976631e-06,5.170036274648737e-06,0.0006860496359877288,0.00029204762540757656,1.745990084600635e-05,0.0002977810800075531,0.00775058614090085,0.014005333185195923,0.0,0.017201527953147888,4.734405956696719e-05,0.30338940024375916,5.817469627800165e-06,,,,
391,0.015509694814682007,0.0001368991369922952,145.1176922469749,0.8125921487808228,0.0012582550989463925,0.0005625212797895074,3.288941798018641e-06,3.5401385503064375e-06,0.0006203969824127853,0.0003035770496353507,1.6758087440393865e-05,0.00031008245423436165,0.01670227013528347,0.020348526537418365,0.0,0.014297673478722572,0.0001177440135506913,0.30351442098617554,7.397595254587941e-06,,,,
392,0.016452355310320854,0.00013661785672968376,145.49329139996553,1.375111699104309,0.0012886676704511046,0.0005903312121517956,4.919648745271843e-06,4.186715159448795e-06,0.00029092837939970195,0.00030839015380479395,1.650107151363045e-05,0.0003153748984914273,0.01528943795710802,0.02997441589832306,0.0,0.01776745542883873,0.00013309711357578635,0.3036395013332367,1.0081535947392695e-05,,,,
393,0.012730255722999573,0.00013633626441159104,145.86739715596195,1.1487115621566772,0.0012187152169644833,0.0004912728327326477,2.9647703740920406e-06,2.4701739675947465e-06,0.0004442998906597495,0.00029310263926163316,1.7110296539613046e-05,0.0002988260821439326,0.02108673006296158,0.005876271519809961,0.0,0.011597820557653904,7.612820627400652e-05,0.3037635087966919,9.308270819019526e-06,,,,
394,0.015636717900633812,0.00013605436281721958,146.242093808949,0.6196182370185852,0.0015560670290142298,0.0005405995761975646,3.1263093660527375e-06,2.142933226423338e-06,0.0006627049297094345,0.00028387337806634605,1.7206697521032766e-05,0.00028926145751029253,0.01552376989275217,0.010944453999400139,0.0,0.032761987298727036,1.594355853740126e-05,0.30388757586479187,1.2405153938743751e-05,,,,
395,0.01526639610528946,0.00013577215472882422,146.61693224095507,1.751644492149353,0.0012154440628364682,0.0005381674855016172,4.51699634140823e-06,3.229779167668312e-06,0.0003703925758600235,0.000322242034599185,1.740194966259878e-05,0.0003293182235211134,0.03337688744068146,0.01365027017891407,0.0,0.02308417670428753,6.084562846808694e-05,0.3040284812450409,1.0056974133476615e-05,,,,
396,0.016150837764143944,0.00013548964293168492,146.99225310597103,1.7105737924575806,0.001399762462824583,0.0005430280580185354,7.2468005782866385e-06,6.626989033975406e-06,0.00041532772593200207,0.0002895980724133551,1.8067421478917822e-05,0.00029441178776323795,0.023849066346883774,0.028728941455483437,0.0,0.004336205776780844,8.426685963058844e-05,0.30417153239250183,1.988896656257566e-05,,,,
397,0.013662523590028286,0.0001352068302140791,147.36774684599368,0.33683717250823975,0.0015260863583534956,0.0005319029442034662,2.6886805244430434e-06,2.2018564322934253e-06,0.00047059671487659216,0.00028955982998013496,1.8576596630737185e-05,0.00029422531952150166,0.006496962625533342,0.007856149226427078,0.0,0.017202019691467285,0.0001307548227487132,0.3042977750301361,1.5240958418871742e-05,,,,
398,0.014963789843022823,0.00013492371936725398,147.74400155595504,1.2732244729995728,0.0011446864809840918,0.0005615301197394729,5.154820883035427e-06,4.3341092350601684e-06,0.000472807529149577,0.0002875995123758912,1.913634878292214e-05,0.00029168467153795063,0.023835785686969757,0.012043807655572891,0.0,0.022945255041122437,4.1507311834720895e-05,0.30442196130752563,9.075261004909407e-06,,,,
399,0.015684571117162704,0.00013464031318539946,148.11967725196155,1.810482382774353,0.0013546728296205401,0.0005184197798371315,5.059229351900285e-06,6.435201612475794e-06,0.0005829030997119844,0.00029530448955483735,1.9807905118796043e-05,0.0002996584225911647,0.043469980359077454,0.008580864407122135,0.0,0.020237576216459274,1.8567146980785765e-05,0.3045482337474823,1.2502378922363278e-05,,,,
400,0.014766336418688297,0.00013435661446562004,148.49860540195368,0.9763228297233582,0.0013145583216100931,0.0005081543931737542,3.991118774138158e-06,2.8458939596021082e-06,0.00044536462519317865,0.0002928548492491245,1.9511904611135833e-05,0.0002960542042274028,0.013725058175623417,0.02493469789624214,0.0,0.011175815016031265,0.00011821753287222236,0.30467352271080017,1.7449316146667115e-05,0.9822744693117069,6.801980799705169,0.9090927039660567,0.6551986661689423
401,0.01687793992459774,0.00013407262600790762,148.91845730197383,0.6140766739845276,0.0011433507315814495,0.0006185334641486406,3.924629709217697e-06,2.4547534849261865e-06,0.0004210265469737351,0.0002897958620451391,1.93315208889544e-05,0.0002931029594037682,0.036463022232055664,0.02637190744280815,0.0,0.011285137385129929,4.4762957259081304e-05,0.30478933453559875,1.2098867955501191e-05,,,,
402,0.014028008095920086,0.00013378835061511358,149.2925888709724,1.259184718132019,0.001382262445986271,0.0004079547361470759,3.8726643651898485e-06,3.7194058677414432e-06,0.0003535155556164682,0.00028806659975089133,1.9352864910615608e-05,0.00029189023189246655,0.02476491779088974,0.02565968967974186,0.0,0.006907765753567219,0.0002014233759837225,0.30490097403526306,6.801678864576388e-06,,,,
403,0.014165282249450684,0.0001335037910929213,149.66692989197327,0.8790200352668762,0.0014180009020492435,0.00047905161045491695,4.047120910399826e-06,3.3484018331364496e-06,0.00035307416692376137,0.00029277370776981115,1.8657403416000307e-05,0.0002968029584735632,0.008007308468222618,0.027287673205137253,0.0,0.006806196644902229,8.978139521786943e-05,0.3050031363964081,1.3617836884805001e-05,,,,
404,0.014205502346158028,0.00013321895024981836,150.04428262496367,0.14310812950134277,0.001377419219352305,0.0005887350416742265,3.3472456379968207e-06,2.218050440205843e-06,0.00047437421744689345,0.0002873358898796141,1.816245094232727e-05,0.0002914995711762458,0.011072556488215923,0.009676010347902775,0.0,0.013455063104629517,3.4304699511267245e-05,0.3050958514213562,1.0287420991517138e-05,,,,
405,0.014104364439845085,0.00013293383089706893,150.4188131809933,0.7038453817367554,0.0013182485708966851,0.0005238399608060718,3.6804947285418166e-06,2.8724439289362635e-06,0.0005049608880653977,0.000284106150502339,1.760434497555252e-05,0.00028838790603913367,0.0105076739564538,0.015001371502876282,0.0,0.01673288829624653,6.080611274228431e-05,0.30518749356269836,8.357303158845752e-06,,,,
406,0.017744364216923714,0.00013264843584868589,150.79173764697043,0.5448013544082642,0.00155604665633291,0.0005749287083745003,3.251155021644081e-06,2.424920694465982e-06,0.0004865918308496475,0.00028482568450272083,1.675611565588042e-05,0.00028951832791790366,0.029716594144701958,0.03319404274225235,0.0,0.013862749561667442,5.033062188886106e-05,0.30528023838996887,1.430126758350525e-05,,,,
407,0.011922466568648815,0.0001323627679214031,151.16601973294746,0.18756543099880219,0.001168737537227571,0.00044466028339229524,2.9087645998515654e-06,2.1211749299254734e-06,0.0003437369305174798,0.00028082047356292605,1.626710218260996e-05,0.00028550182469189167,0.01193193718791008,0.010831892490386963,0.0,0.01152077317237854,0.00013501425564754754,0.3053729832172394,1.5028859706944786e-05,,,,
408,0.015505388379096985,0.00013207682993464777,151.5394252119586,0.7097957730293274,0.0013866792432963848,0.0005138973938301206,3.2166869914362906e-06,2.8787387691409094e-06,0.0005991194630041718,0.0002810672449413687,1.6003012206056155e-05,0.0002857002546079457,0.025165967643260956,0.01892024278640747,0.0,0.016887091100215912,0.00015366806474048644,0.3054625689983368,9.66932020673994e-06,,,,
409,0.014783327467739582,0.00013179062471051233,151.9145919129951,1.052281379699707,0.0012074440019205213,0.0006212161970324814,3.285361117377761e-06,2.944615289379726e-06,0.0004517110646702349,0.0002952351642306894,1.5687128325225785e-05,0.00029990909388288856,0.005762844812124968,0.013943659141659737,0.0,0.02009662427008152,7.322510646190494e-05,0.3055574595928192,6.284391474764561e-06,,,,
410,0.014409334398806095,0.00013150415507372684,152.29779184499057,0.5020110607147217,0.00163468555547297,0.0005969083867967129,2.7683227017405443e-06,2.5039153115358204e-06,0.00046847615158185363,0.00028122495859861374,1.5823459762032144e-05,0.00028549027047120035,0.014425596222281456,0.004664622712880373,0.0,0.012635817751288414,4.3262174585834146e-05,0.3056586980819702,9.682706149760634e-06,,,,
411,0.015850601717829704,0.00013121742385163092,152.68052439199528,0.46744415163993835,0.0012773580383509398,0.0004905270179733634,2.8314370865700766e-06,2.1957396256766515e-06,0.0005802435916848481,0.00028140662470832467,1.5961639292072505e-05,0.00028536905301734805,0.0174428541213274,0.025019366294145584,0.0,0.02908000349998474,0.0002507869794499129,0.30575886368751526,1.4391393051482737e-05,,,,
412,0.01384707447141409,0.00013093043387414597,153.05677039094735,0.9754290580749512,0.001431877724826336,0.0004983724793419242,3.7266540857672226e-06,3.7448394323291723e-06,0.0004940153448842466,0.0002848248986992985,1.625990444154013e-05,0.00028827314963564277,0.018699731677770615,0.00882725790143013,0.0,0.0164205189794302,8.62679589772597e-05,0.3058706820011139,4.749149411509279e-06,,,,
413,0.015682514756917953,0.0001306431879737472,153.4358671909431,0.476930171251297,0.0012571715051308274,0.0006159008480608463,3.4894608234026236e-06,2.4805185603327118e-06,0.0005691706901416183,0.0002808065910357982,1.7181790099130012e-05,0.0002839111548382789,0.02689918875694275,0.007484252564609051,0.0,0.023431437090039253,0.00016369801596738398,0.30598145723342896,6.804664735682309e-06,,,,
414,0.013691547326743603,0.00013035568898543576,153.8113175779581,0.8507221937179565,0.001279834657907486,0.0005976184038445354,3.7572021938103717e-06,3.2243347050098237e-06,0.00035071917227469385,0.0002805981202982366,1.7960419427254237e-05,0.00028379724244587123,0.0206490196287632,0.0056258575059473515,0.0,0.006161856465041637,8.223236363846809e-05,0.30609962344169617,1.8164646462537348e-05,,,,
415,0.0141203748062253,0.0001300679397467105,154.19036425894592,1.4397410154342651,0.0012831210624426603,0.0005992741789668798,5.048307684774045e-06,3.5560365176934283e-06,0.00041120717651210725,0.0002804905525408685,1.8029913917416707e-05,0.0002820378867909312,0.008991498500108719,0.011425823904573917,0.0,0.01085651759058237,5.548294575419277e-05,0.306205153465271,1.4952670426282566e-05,,,,
416,0.015874046832323074,0.00012977994309754028,154.56676314794458,0.773662805557251,0.0013336172560229897,0.0004843579954467714,3.073060270253336e-06,3.276386451034341e-06,0.0005967346951365471,0.0002826359705068171,1.8383932911092415e-05,0.0002861573302652687,0.014890841208398342,0.032532040029764175,0.0,0.01707342080771923,0.00011080619151471183,0.30630648136138916,9.484707334195264e-06,,,,
417,0.016036666929721832,0.00012949170188033578,154.94219326099847,0.49877336621284485,0.0014191525988280773,0.0004928730777464807,2.801903974614106e-06,3.041674972337205e-06,0.000556224666070193,0.00027988862711936235,1.8091463061864488e-05,0.0002830959274433553,0.035384878516197205,0.020371410995721817,0.0,0.022405104711651802,3.561886114766821e-05,0.30640891194343567,1.1422343050071504e-05,,,,
418,0.015346181578934193,0.0001292032189399214,155.32075307198102,1.2767963409423828,0.0013322781305760145,0.0004906828980892897,5.384081305237487e-06,3.419395170567441e-06,0.0004921281943097711,0.0002801647351589054,1.757085556164384e-05,0.00028272485360503197,0.016118213534355164,0.025650279596447945,0.0,0.020063554868102074,8.481085387757048e-05,0.30651766061782837,5.523655545403017e-06,,,,
419,0.014209558255970478,0.0001289144971235073,155.696904316952,0.9518669247627258,0.0010844027856364846,0.0004456804017536342,2.5216472749889363e-06,4.071327566634864e-06,0.0005722036585211754,0.0002831501478794962,1.756542951625306e-05,0.0002874725323636085,0.01601378619670868,0.026279110461473465,0.0,0.014859550632536411,0.00012430547212716192,0.3066253662109375,1.0269272024743259e-05,,,,
420,0.012905447743833065,0.0001286255392806613,156.07236816495424,0.3114154636859894,0.0013369788648560643,0.00047862643259577453,2.964699888252653e-06,2.4656237656017765e-06,0.0003557642921805382,0.0002802401431836188,1.6895190128707327e-05,0.0002846869465429336,0.02228924259543419,0.007500002160668373,0.0,0.008567831479012966,0.0002885729190893471,0.3067299425601959,1.8052669474855065e-05,,,,
421,0.014512156136333942,0.00012833634826328063,156.45546261797426,1.2873677015304565,0.0013260749401524663,0.0005094056250527501,6.215362191142049e-06,4.048392838740256e-06,0.0005270704859867692,0.0002865376300178468,1.6366335330531e-05,0.00029163749422878027,0.019004635512828827,0.015068454667925835,0.0,0.011634759604930878,0.0002158256247639656,0.3068303167819977,7.431961421389133e-06,,,,
422,0.014226660132408142,0.00012804692692556382,156.82851145399036,0.8810744881629944,0.0009540681494399905,0.000538953929208219,4.238075689499965e-06,3.4461434097465826e-06,0.00039480673149228096,0.00028135202592238784,1.6411546312156133e-05,0.00028660299722105265,0.00905418861657381,0.0237092524766922,0.0,0.016887104138731956,9.175759623758495e-05,0.30692750215530396,9.798457540455274e-06,,,,
423,0.015900280326604843,0.0001277572781239827,157.20525791996624,0.5938097238540649,0.0013271551579236984,0.0004875754821114242,3.5788780223811045e-06,2.7720523121388396e-06,0.0006890761433169246,0.00028029517852701247,1.6326435797964223e-05,0.0002856214705388993,0.027264950796961784,0.019357990473508835,0.0,0.02785687893629074,8.39079002616927e-05,0.30702686309814453,1.7971577108255588e-05,,,,
424,0.016540832817554474,0.000127467404717254,157.5815177289769,1.219040870666504,0.001195545424707234,0.0005719218170270324,3.732651748578064e-06,4.443656507646665e-06,0.0006105671636760235,0.0002858788939192891,1.6407382645411417e-05,0.0002913131902460009,0.03716262802481651,0.017079142853617668,0.0,0.020628448575735092,0.00012938492000102997,0.3071357309818268,1.2735637938021682e-05,,,,
425,0.013959168456494808,0.00012717730956631116,157.95555181097006,0.6616203784942627,0.0010307920165359974,0.0005514672957360744,3.6937976801709738e-06,2.589678388176253e-06,0.0009139431640505791,0.0002776192268356681,1.706218063191045e-05,0.00028229234158061445,0.014579211361706257,0.0071293991059064865,0.0,0.014971723780035973,3.246669439249672e-05,0.30724990367889404,1.3679508811037522e-05,1.1045712748536376,6.528944115295993,0.9730238838811511,0.7885686421808096
426,0.013570250011980534,0.00012688699553427626,158.36315042094793,0.48980969190597534,0.0013250481570139527,0.0005345011013559997,3.114659193670377e-06,2.465458237566054e-06,0.0005587446503341198,0.0002771078434307128,1.7425882106181234e-05,0.0002813444007188082,0.003228390822187066,0.012511828914284706,0.0,0.015239374712109566,2.2458127205027267e-05,0.30735984444618225,1.1953779903706163e-05,,,,
427,0.014644758775830269,0.00012659646548643158,158.74000928294845,1.1635230779647827,0.0013641619589179754,0.000508380529936403,4.051064024679363e-06,3.7355036965891486e-06,0.0005028031300753355,0.0002827002026606351,1.7626724002184346e-05,0.00028643355472013354,0.013513430021703243,0.011941486038267612,0.0,0.02928238734602928,0.00016980789951048791,0.30746984481811523,5.329722625901923e-06,,,,
428,0.015619046054780483,0.0001263057222901914,159.13448073196923,0.7670409083366394,0.0012437744298949838,0.0005374946631491184,3.3589719805604545e-06,3.1024696909298655e-06,0.0004815488064195961,0.0002790303260553628,1.8010241547017358e-05,0.0002824292459990829,0.011769408360123634,0.03596072271466255,0.0,0.0017906534485518932,0.00020511742332018912,0.3075883090496063,1.1131081919302233e-05,,,,
429,0.013275546953082085,0.00012601476881507365,159.50709278997965,0.15732447803020477,0.0010639935499057174,0.0004909790586680174,2.654439867910696e-06,2.2487838577944785e-06,0.0005043356795795262,0.0002796074259094894,1.8246717445435934e-05,0.0002827935677487403,0.024709071964025497,0.007233079522848129,0.0,0.018089313060045242,0.0002215277054347098,0.3076919913291931,1.0635822036419995e-05,,,,
430,0.01484778430312872,0.00012572360793267174,159.8821213739575,0.5060953497886658,0.0013491293648257852,0.0005470102187246084,3.4089432574546663e-06,2.4430271423625527e-06,0.0005906859296374023,0.00028131503495387733,1.8492795788915828e-05,0.0002844036207534373,0.021679554134607315,0.012480227276682854,0.0,0.01572221890091896,7.517293852288276e-05,0.30779778957366943,7.647562597412616e-06,,,,
431,0.012675422243773937,0.00012543224251662595,160.2567192989518,0.29534924030303955,0.0011330448323860765,0.0005289620603434741,2.9183847800595686e-06,2.7375335776014253e-06,0.00039863059646449983,0.0002830138837452978,1.8640888811205514e-05,0.00028598849894478917,0.005271871108561754,0.007566849701106548,0.0,0.016397062689065933,0.00021913893579039723,0.3079025447368622,8.272727427538484e-06,,,,
432,0.012864775024354458,0.0001251406754425954,160.62794067698997,0.5095271468162537,0.0011918053496629,0.0004487683472689241,2.934155872935662e-06,2.780353270281921e-06,0.00040034600533545017,0.00028171035228297114,1.864238947746344e-05,0.000284727371763438,0.01809428632259369,0.010926550254225731,0.0,0.020056553184986115,9.149636025540531e-05,0.30800628662109375,6.105750799179077e-06,,,,
433,0.014038524590432644,0.0001248489095882293,160.9997690069722,0.8351724743843079,0.001004180870950222,0.0004700101853813976,4.378241101221647e-06,2.7400772069086088e-06,0.0002990729990415275,0.0002800061774905771,1.792509101505857e-05,0.00028340675635263324,0.01624557562172413,0.011680805124342442,0.0,0.045620307326316833,0.00025412513059563935,0.3081132173538208,1.3102138836984523e-05,,,,
434,0.016457945108413696,0.00012455694783313894,161.37229669594672,0.5998039841651917,0.0011906393337994814,0.0005895102513022721,2.7872233658854384e-06,2.8968361220904626e-06,0.000596137426327914,0.0002801197115331888,1.7357686374452896e-05,0.0002839394146576524,0.019543198868632317,0.021196015179157257,0.0,0.023083528503775597,0.00035553655470721424,0.3082466125488281,1.2571210390888155e-05,,,,
435,0.01470965426415205,0.0001242647930588689,161.74373759696027,0.26457247138023376,0.0013789341319352388,0.0004824925563298166,3.0587987112085102e-06,2.2719652861269424e-06,0.0003779031103476882,0.00028235538047738373,1.684172821114771e-05,0.00028649962041527033,0.01599005050957203,0.02169298753142357,0.0,0.024125244468450546,4.752831955556758e-05,0.30838218331336975,6.018287876941031e-06,,,,
436,0.013940172269940376,0.0001239724481488689,162.1173857979593,0.3719235360622406,0.0013283921871334314,0.0005251320544630289,3.4243125810462516e-06,2.391697989878594e-06,0.0005207978538237512,0.0002823462709784508,1.645706652197987e-05,0.00028680331888608634,0.009168990887701511,0.01678233966231346,0.0,0.010358369909226894,7.862695201765746e-05,0.30851778388023376,5.597484687314136e-06,,,,
437,0.014896727167069912,0.0001236799159884651,162.49707461398793,0.4288445711135864,0.0009324664133600891,0.0005287739913910627,2.979122427859693e-06,2.5903834739438025e-06,0.0005041307304054499,0.000278812920441851,1.6596872228547e-05,0.00028329610358923674,0.02128288522362709,0.017775671556591988,0.0,0.03087892010807991,9.933409455697984e-05,0.30864596366882324,1.0830531209649052e-05,,,,
438,0.014470906928181648,0.00012338719946483194,162.87811408698326,0.3325972259044647,0.001068469719029963,0.0005429057637229562,3.6077171898796223e-06,1.7259229707633494e-06,0.0002378053468419239,0.0002784507814794779,1.6672054698574357e-05,0.0002826809650287032,0.015378506854176521,0.020549096167087555,0.0,0.023606853559613228,0.00015171915583778173,0.30878373980522156,1.7650607333052903e-05,,,,
439,0.01379625778645277,0.0001230943014669633,163.26076156896306,0.12226121127605438,0.0009537236765027046,0.000507506774738431,2.988334699693951e-06,2.2367889869201463e-06,0.000377261865651235,0.0002760279458016157,1.715425241854973e-05,0.00028024910716339946,0.01402439083904028,0.01605096459388733,0.0,0.028169067576527596,0.00015964383783284575,0.3089236617088318,9.027508895087522e-06,,,,
440,0.01414836011826992,0.00012280122488564406,163.64359602396144,0.5649403929710388,0.0011992427753284574,0.00045544380554929376,2.9274349344632355e-06,2.330906681891065e-06,0.0005513279465958476,0.0002775226894300431,1.7386199033353478e-05,0.0002819175715558231,0.027574501931667328,0.015927821397781372,0.0,0.0172263290733099,0.0001695077953627333,0.30906468629837036,1.3364435289986432e-05,,,,
441,0.014250527136027813,0.0001225079726134219,164.02454384998418,0.6544855237007141,0.001270650769583881,0.0004733138484880328,3.805849701166153e-06,3.0954961403040215e-06,0.00043709547026082873,0.00027585114003159106,1.7342305000056513e-05,0.00027904234593734145,0.01349746435880661,0.019208362326025963,0.0,0.025047844275832176,5.000815508537926e-05,0.30920255184173584,1.3310952454048675e-05,,,,
442,0.01326364278793335,0.00012221454754457827,164.41497781994985,0.5485323071479797,0.0011890837922692299,0.0004486143297981471,3.7904289911239175e-06,2.423306341370335e-06,0.0006194248562678695,0.00027493108063936234,1.7622302038944326e-05,0.00027797429356724024,0.022386549040675163,0.013738095760345459,0.0,0.00903652235865593,9.01165185496211e-05,0.3093436062335968,1.9991690351162106e-05,,,,
443,0.015032130293548107,0.00012192095257510018,164.79205169598572,0.1455862820148468,0.0011821388034150004,0.000509370700456202,3.225430191378109e-06,2.253565753562725e-06,0.00045189884258434176,0.00027298537315800786,1.7680597011349164e-05,0.0002760986681096256,0.024830877780914307,0.0182736087590456,0.0,0.02549036405980587,0.0001272246881853789,0.30947306752204895,1.3091925211483613e-05,,,,
444,0.012952497228980064,0.00012162719060265145,165.16626015794463,0.5515484809875488,0.0013790199300274253,0.0004522965755313635,2.8765043680323288e-06,2.874464826163603e-06,0.0005706092342734337,0.00027179179596714675,1.791551949281711e-05,0.0002748419938143343,0.008566264063119888,0.014661004766821861,0.0,0.009372271597385406,7.11202883394435e-05,0.3096056878566742,1.1913124581042212e-05,,,,
445,0.012970329262316227,0.00012133326452654414,165.54131276794942,0.5690419673919678,0.001075517269782722,0.0004061632207594812,3.593222572817467e-06,2.0391285033838358e-06,0.0005708415992558002,0.00027486408362165093,1.8437282051309012e-05,0.00027871321071870625,0.021483590826392174,0.016383547335863113,0.0,0.01738549768924713,2.924218642874621e-05,0.3097277581691742,1.0803944860526826e-05,,,,
446,0.013491171412169933,0.00012103917724770994,165.9176379859564,0.1264009326696396,0.0013145587872713804,0.000505116069689393,3.113831098744413e-06,2.216968368884409e-06,0.0005363713717088103,0.0002728915133047849,1.8838047253666446e-05,0.00027535896515473723,0.017016170546412468,0.007659663446247578,0.0,0.018205270171165466,2.8942542485310696e-05,0.3098487854003906,9.621455319575034e-06,,,,
447,0.013571997173130512,0.00012074493166867161,166.29046985594323,0.8205841183662415,0.0011197224957868457,0.0005371547304093838,2.7314799808664247e-06,2.7638870960799977e-06,0.0004398054152261466,0.00027908958145417273,1.933144267241005e-05,0.0002798835630528629,0.006912815384566784,0.014333685860037804,0.0,0.01856829971075058,0.00010413824929855764,0.3099687695503235,1.3148418474884238e-05,,,,
448,0.01583002880215645,0.00012045053069351417,166.66675426799338,0.564333438873291,0.0011174613609910011,0.000443106924649328,3.4742377010843484e-06,3.67669781553559e-06,0.0004332698881626129,0.00027638886240310967,2.014739584410563e-05,0.0002792073937598616,0.0215151384472847,0.035506755113601685,0.0,0.027193667367100716,0.0001377971493639052,0.3100898265838623,2.3841603251639754e-05,,,,
449,0.01473351288586855,0.0001201559772278564,167.03931154694874,0.620069682598114,0.0011458344524726272,0.0005283440696075559,2.8871759241155814e-06,2.679645604075631e-06,0.0005822364473715425,0.00028533776639960706,2.040980507445056e-05,0.0002899675746448338,0.011957119219005108,0.020204953849315643,0.0,0.017602844163775444,0.0002155044348910451,0.3102141320705414,1.8564278434496373e-05,,,,
450,0.014015166088938713,0.00011986127417882217,167.41442806494888,1.1968557834625244,0.001180361257866025,0.00047941593220457435,8.707559572940227e-06,3.281659473941545e-06,0.0005050042527727783,0.0002765481476671994,2.0123545255046338e-05,0.00027966717607341707,0.014189884066581726,0.00993838906288147,0.0,0.02921435423195362,0.0002160194853786379,0.31033310294151306,5.117140062793624e-06,1.3322082171971812,6.6345544736802955,0.940277457934016,0.9510817896984519
451,0.01353924535214901,0.00011956642445501148,167.82231349498034,0.3957711458206177,0.0010826968355104327,0.000561700202524662,2.814729668898508e-06,3.637007239376544e-06,0.0005624990444630384,0.0002788966230582446,2.0244435290805995e-05,0.00028189507429488003,0.011463327333331108,0.0053349705412983894,0.0,0.022409740835428238,3.596542592276819e-05,0.31045955419540405,1.1007518878614064e-05,,,,
452,0.015079210512340069,0.00011927143096647215,168.19711199594894,1.0233744382858276,0.0012534258421510458,0.0005028925370424986,2.9759946755802957e-06,5.931451596552506e-06,0.0004523691604845226,0.00027996921562589705,1.9780034563154913e-05,0.00028281589038670063,0.02803710289299488,0.020327618345618248,0.0,0.01589784398674965,3.277876021456905e-05,0.31058818101882935,1.2317592336330563e-05,,,,
453,0.01622569002211094,0.00011897629662467077,168.56679918098962,1.4025524854660034,0.0012357138330116868,0.0006259717047214508,6.8471335907815956e-06,3.3203918974322733e-06,0.0005415553459897637,0.0002918401442002505,1.8878101400332525e-05,0.0002946350141428411,0.012932355515658855,0.024035992100834846,0.0,0.011527584865689278,7.80600166763179e-05,0.31071361899375916,1.1515573532960843e-05,,,,
454,0.01469067856669426,0.00011868102434246419,168.94650092197116,0.3697361946105957,0.0011692728148773313,0.0005772237200289965,2.8657755137828644e-06,2.3358879843726754e-06,0.0006140082841739058,0.000279241765383631,1.842099300120026e-05,0.0002834728511516005,0.013348929584026337,0.010426204651594162,0.0,0.02536986768245697,3.906479469151236e-05,0.3108327090740204,9.334025889984332e-06,,,,
455,0.014625643379986286,0.00011838561703407057,169.33363587397616,1.372373104095459,0.0012715926859527826,0.0005730979610234499,4.080650342075387e-06,3.485505430944613e-06,0.0004989791195839643,0.0002819352375809103,1.8080500012729317e-05,0.00028662968543358147,0.03674355894327164,0.006950123235583305,0.0,0.006653737276792526,3.031776395800989e-05,0.3109603226184845,1.813510971260257e-05,,,,
456,0.01358428318053484,0.00011809007761504085,169.71078913699603,1.3430529832839966,0.001248697517439723,0.0005433781770989299,3.7499135032703634e-06,3.8574357859033626e-06,0.0004530245205387473,0.0002931663766503334,1.7491282051196322e-05,0.000298351893434301,0.006705037318170071,0.009789497591555119,0.0,0.01982739567756653,3.095255306106992e-05,0.3110773265361786,5.832147053297376e-06,,,,
457,0.014329701662063599,0.00011779440900222973,170.0833956489805,0.3221536874771118,0.0010776431299746037,0.0005514640361070633,2.8229967483639484e-06,2.2369943053490715e-06,0.0004023737274110317,0.0002766080142464489,1.763853470038157e-05,0.00028143779491074383,0.008731192909181118,0.018044542521238327,0.0,0.025961831212043762,4.611223266692832e-05,0.3111932873725891,9.366000995214563e-06,,,,
458,0.012879750691354275,0.00011749861411376707,170.4559176339535,1.528353214263916,0.0011205958435311913,0.00041588523890823126,5.854457413079217e-06,3.522985480231e-06,0.0005972397048026323,0.00028106768149882555,1.81477953447029e-05,0.0002861538378056139,0.007936195470392704,0.016954554244875908,0.0,0.01843983866274357,4.985572013538331e-05,0.31131353974342346,5.642622909363126e-06,,,,
459,0.014716512523591518,0.00011720269586902902,170.83014702098444,1.426330327987671,0.0012345159193500876,0.0005640556337311864,4.330168394517386e-06,7.261427072080551e-06,0.0004930402501486242,0.00027144455816596746,1.814476308936719e-05,0.0002758589980658144,0.019101714715361595,0.009329657070338726,0.0,0.02141498029232025,5.657046858686954e-05,0.3114316761493683,2.758130449365126e-06,,,,
460,0.013549013063311577,0.00011690665718860914,171.20678194897482,0.13292790949344635,0.001179347513243556,0.0005467641749419272,2.5366473437316017e-06,2.403875441814307e-06,0.0004560854868032038,0.000273294048383832,1.8211676433566026e-05,0.00027747463900595903,0.004057653248310089,0.007969806902110577,0.0,0.03078644536435604,2.0602430595317855e-05,0.3115519881248474,1.1418487702030689e-05,,,,
461,0.01704276353120804,0.00011661050099428972,171.5804734439589,1.118329405784607,0.001182975829578936,0.0005377577617764473,4.673676357924705e-06,3.711656972882338e-06,0.00046628815471194685,0.0002756082103587687,1.8130755051970482e-05,0.0002797589695546776,0.04223936051130295,0.026495078578591347,0.0,0.019465237855911255,0.00022330315550789237,0.311681866645813,1.0524435310799163e-05,,,,
462,0.01418349426239729,0.00011631423020901286,171.95727600797545,0.7922119498252869,0.0011748486431315541,0.00048237363807857037,3.1030335776449647e-06,2.679730641830247e-06,0.0003821232239715755,0.00027860363479703665,1.8209435438620858e-05,0.00028279292746447027,0.02345844730734825,0.019482918083667755,0.0,0.01689227670431137,0.00010377792932558805,0.31181180477142334,1.2697105375991669e-05,,,,
463,0.013099410571157932,0.00011601784775685159,172.3333668979467,0.433563768863678,0.0013199739623814821,0.000460601644590497,3.2793573154776823e-06,2.2636681933363434e-06,0.0004450925625860691,0.00027401355328038335,1.849131513154134e-05,0.0002780641952995211,0.012989929877221584,0.017704449594020844,0.0,0.006720900535583496,9.676725312601775e-05,0.31193962693214417,1.1150706086482387e-05,,,,
464,0.01408996619284153,0.00011572135656298099,172.70960694295354,1.1055285930633545,0.0012657605111598969,0.000552701239939779,2.9146353881515097e-06,3.097879698543693e-06,0.0004257410182617605,0.00027646252419799566,1.8705386537476443e-05,0.0002807890414260328,0.01400707010179758,0.012475364841520786,0.0,0.016647763550281525,8.216965215979144e-05,0.3120557367801666,4.757469014293747e-06,,,,
465,0.013331678695976734,0.00011542475955364955,173.0841264159535,1.4901843070983887,0.0011454049963504076,0.0005272841081023216,3.827754881058354e-06,2.2335266294248868e-06,0.00018038255802821368,0.0002920342958532274,1.8591297703096643e-05,0.0002951545757241547,0.026323454454541206,0.011624624021351337,0.0,0.011264892295002937,5.689226236427203e-05,0.31216976046562195,1.43166316775023e-05,,,,
466,0.015060574747622013,0.00011512805965614993,173.4585771849961,0.8141679763793945,0.001085395459085703,0.0005068901227787137,3.7740235256933374e-06,4.3791364987555426e-06,0.00043736197403632104,0.00027517895796336234,1.8988208466907963e-05,0.0002793877210933715,0.010006353259086609,0.03055969998240471,0.0,0.0197879821062088,5.931963096372783e-05,0.31227847933769226,1.4893474144628271e-05,,,,
467,0.01648521050810814,0.00011483125979879039,173.82902120699873,0.9971811175346375,0.0011871079914271832,0.0006809725891798735,3.0828923627268523e-06,2.3033562683849595e-06,0.0007282583392225206,0.0002896290097851306,1.8950284356833436e-05,0.00029516531503759325,0.025209279730916023,0.012061513029038906,0.0,0.014665155671536922,5.4284988436847925e-05,0.3123871982097626,2.4253757146652788e-05,,,,
468,0.014507569372653961,0.00011453436291086565,174.20570543798385,1.3959856033325195,0.0014368409756571054,0.0004438316391315311,7.8293578553712e-06,4.90882848680485e-06,0.0005112263606861234,0.0002732780121732503,1.8514079783926718e-05,0.00027737056370824575,0.03208344057202339,0.008300315588712692,0.0,0.02571335807442665,1.4579106391465757e-05,0.3124959468841553,1.3922724974690937e-05,,,,
469,0.013853193260729313,0.0001142373719226282,174.5804460689542,0.292563259601593,0.001355823245830834,0.0005590287619270384,2.8812053187721176e-06,2.5772631033760263e-06,0.0003716260544024408,0.00028200552333146334,1.841688936110586e-05,0.0002856500505004078,0.014364914037287235,0.013889958150684834,0.0,0.004440999589860439,0.0001543996622785926,0.3126068413257599,1.6239726392086595e-05,,,,
470,0.01663464494049549,0.0001139402897652591,174.9558498779661,1.2980847358703613,0.0012512935791164637,0.0006144377402961254,5.1771321523119695e-06,6.785939149267506e-06,0.00042420829413458705,0.00028600223595276475,1.8442397049511783e-05,0.00028935843147337437,0.017430337145924568,0.021191425621509552,0.0,0.026553688570857048,5.7223303883802146e-05,0.3127039074897766,1.1717913366737776e-05,,,,
471,0.014645492658019066,0.00011364311937083938,175.33677657996304,0.9249946475028992,0.0013440202455967665,0.0005833326722495258,3.84967825084459e-06,2.7405919809098123e-06,0.00040086015360429883,0.00028091081185266376,1.8249314962304197e-05,0.0002847215218935162,0.014797018840909004,0.010740188881754875,0.0,0.01942366734147072,0.00010972098971251398,0.3128094971179962,1.6511350622749887e-05,,,,
472,0.015274018049240112,0.00011334586367232087,175.71120918396628,0.8454986214637756,0.001359135378152132,0.0005248788511380553,3.1801851037016604e-06,2.724040314205922e-06,0.0006439163698814809,0.0002813074388541281,1.8240254576085135e-05,0.00028562749503180385,0.01949670910835266,0.015076199546456337,0.0,0.024767015129327774,2.895158831961453e-05,0.3129183053970337,8.063366294663865e-06,,,,
473,0.012477029114961624,0.0001130485256034972,176.08733232098166,0.46212059259414673,0.0011216549901291728,0.0003965250216424465,2.7125915949000046e-06,2.5111007744271774e-06,0.00047953971079550683,0.00027500634314492345,1.7859490981209092e-05,0.0002792749728541821,0.020210150629281998,0.012322720140218735,0.0,0.020009765401482582,0.00010268649930367246,0.3130335509777069,6.1668024500249885e-06,,,,
474,0.014793213456869125,0.00011275110809897522,176.46127553796396,0.5824530720710754,0.0012827146565541625,0.0004636659286916256,3.1225661132339155e-06,2.477086809449247e-06,0.0005258418968878686,0.0002779233909677714,1.730148505885154e-05,0.00028226207359693944,0.016712985932826996,0.019253790378570557,0.0,0.03164015710353851,6.301973189692944e-05,0.31314560770988464,1.8135111531591974e-05,,,,
475,0.016349652782082558,0.00011245361409414552,176.8314498999971,0.29187774658203125,0.001176504767499864,0.0005489514442160726,3.2360435398004483e-06,2.4242008294095285e-06,0.0006456976989284158,0.000276046572253108,1.680667446635198e-05,0.0002806425327435136,0.021857086569070816,0.026849988847970963,0.0,0.021751847118139267,5.7112662034342065e-05,0.3132694363594055,8.689357855473645e-06,1.0059775217203597,6.424983507240269,0.9310298230500236,0.6836804990543675
476,0.013599025085568428,0.00011215604652515386,177.277828561957,0.3969293236732483,0.0013142277020961046,0.00048746715765446424,3.1389108698931523e-06,2.3179995878308546e-06,0.0004752669483423233,0.0002708079991862178,1.664875708229374e-05,0.0002753365261014551,0.019757701084017754,0.011198483407497406,0.0,0.017302654683589935,2.423271507723257e-05,0.3133932948112488,7.649591680092271e-06,,,,
477,0.013618686236441135,0.00011185840832887202,177.6560185139533,0.6363221406936646,0.0012057459680363536,0.00048159289872273803,3.1294543987314682e-06,2.8490321710705757e-06,0.0004315340775065124,0.00027511734515428543,1.666637217567768e-05,0.0002794835017994046,0.010774737223982811,0.01394690666347742,0.0,0.0267998818308115,7.338331488426775e-05,0.31351396441459656,1.783510742825456e-05,,,,
478,0.014428123831748962,0.00011156070244286881,178.03713211795548,0.4773184359073639,0.0011946700979024172,0.00048344870447181165,2.9813054425176233e-06,2.6952452572004404e-06,0.0003700254892464727,0.00027336308266967535,1.688676820776891e-05,0.00027708738343790174,0.03353745490312576,0.012945681810379028,0.0,0.025220835581421852,7.657510286662728e-05,0.3136410713195801,6.597539140784647e-06,,,,
479,0.012850409373641014,0.00011126293180538112,178.41620513098314,0.5051440596580505,0.0011903472477570176,0.0004582934489008039,2.928091817011591e-06,2.3391075956169516e-06,0.0004506299155764282,0.0002729819098021835,1.7079999452107586e-05,0.0002762668300420046,0.012829780578613281,0.011600864119827747,0.0,0.019759077578783035,0.00010889502300415188,0.31377139687538147,9.970503015210852e-06,,,,
480,0.013757117092609406,0.00011096509935528502,178.79102063697064,0.8775454163551331,0.0013406880898401141,0.0004709773638751358,4.685665771830827e-06,3.5779098652710672e-06,0.0006729320157319307,0.0002726928796619177,1.685592724243179e-05,0.00027584805502556264,0.006575942970812321,0.013823441229760647,0.0,0.017140623182058334,0.00018967711366713047,0.3138985335826874,1.0967256457661279e-05,,,,
481,0.013866676017642021,0.00011066720803206647,179.16498811199563,0.46433091163635254,0.0012937352294102311,0.0005208096699789166,3.0205578696040902e-06,2.2273466129263397e-06,0.00045824801782146096,0.00027252055588178337,1.692710429779254e-05,0.00027558935107663274,0.024733828380703926,0.004384324885904789,0.0,0.025304408743977547,7.0794221755932085e-06,0.3140203654766083,7.1897729867487215e-06,,,,
482,0.012377047911286354,0.00011036926077579256,179.5496567549999,0.3433707356452942,0.001459717284888029,0.0004406592051964253,2.6735528990684543e-06,2.9258299036882818e-06,0.0003637266345322132,0.000270780612481758,1.6836011127452366e-05,0.0002734153822530061,0.005830509588122368,0.013516888953745365,0.0,0.00977091770619154,0.00013144176045898348,0.3141465187072754,7.064391866151709e-06,,,,
483,0.012963704764842987,0.00011007126052708248,179.92496046499582,0.28022536635398865,0.0011708262609317899,0.0005566953914240003,2.9268676371430047e-06,2.300187816217658e-06,0.0002864887355826795,0.00027677451726049185,1.6628740922897123e-05,0.00027873035287484527,0.010417908430099487,0.010071104392409325,0.0,0.011499028652906418,8.783439989201725e-05,0.31426090002059937,1.3564093023887835e-05,,,,
484,0.013847989961504936,0.00010977321022707833,180.3037892059656,0.7220563888549805,0.001445355243049562,0.0004680327547248453,2.7484736619953765e-06,2.2266883661359316e-06,0.0005403358954936266,0.0002749006962403655,1.6760739526944235e-05,0.0002764979435596615,0.01272495836019516,0.018331535160541534,0.0,0.012087245471775532,2.4167184164980426e-05,0.3143689036369324,1.4237395589589141e-05,,,,
485,0.013498928397893906,0.00010947511281741626,180.68111289298395,0.8825696110725403,0.0012391243362799287,0.0004019188927486539,3.200025730620837e-06,2.261394456581911e-06,0.0005392280872911215,0.00027412717463448644,1.7301841580774635e-05,0.0002784538664855063,0.03795628249645233,0.009557990357279778,0.0,0.020696604624390602,3.9791812014300376e-05,0.31447160243988037,1.6235828297794797e-05,,,,
486,0.015409417450428009,0.00010917697124019737,181.05894666200038,0.4855457544326782,0.0013187220320105553,0.0004744527395814657,3.362017878316692e-06,2.479272552591283e-06,0.000598466896917671,0.00026813827571459115,1.7282938642892987e-05,0.00027179415337741375,0.02915058843791485,0.020958513021469116,0.0,0.022548994049429893,1.0047135219792835e-05,0.31457534432411194,9.591045454726554e-06,,,,
487,0.014221188612282276,0.00010887878843795868,181.43401064595673,0.3160872161388397,0.0012603946961462498,0.0005025345599278808,3.313110482849879e-06,2.332670192117803e-06,0.0005977818509563804,0.00026707470533438027,1.7198201021528803e-05,0.000269899086561054,0.014764111489057541,0.011722411029040813,0.0,0.026865951716899872,3.958766319556162e-05,0.31468233466148376,1.2746894753945526e-05,,,,
488,0.014834297820925713,0.00010858056735364399,181.81044168199878,0.6857961416244507,0.001181066152639687,0.0005055977962911129,3.6268600069888635e-06,3.4801473702827934e-06,0.0004352756077423692,0.00027258374029770494,1.7196181943290867e-05,0.00027441969723440707,0.030067872256040573,0.018128858879208565,0.0,0.018417231738567352,3.030342486454174e-05,0.31479790806770325,1.545032500871457e-05,,,,
489,0.01546725258231163,0.00010828231093057509,182.18790894397534,0.6037742495536804,0.0013219426618888974,0.0005825717817060649,2.625694833113812e-06,2.330234565306455e-06,0.0004255908716004342,0.00027921126456931233,1.724412322801072e-05,0.00028040012693963945,0.026876300573349,0.021116219460964203,0.0,0.0067535825073719025,2.1332709366106428e-05,0.3149124085903168,1.00679444585694e-05,,,,
490,0.01395527832210064,0.00010798402211242238,182.56410553195747,0.513163685798645,0.0012266800040379167,0.0005211340030655265,3.898325758200372e-06,2.450908823448117e-06,0.0006427252083085477,0.0002673185372259468,1.7707678125589155e-05,0.0002703745849430561,0.010052123107016087,0.01671326719224453,0.0,0.01086461916565895,3.243104583816603e-05,0.31501516699790955,7.679437658225652e-06,,,,
491,0.014530153013765812,0.00010768570384317615,182.93971369194333,1.1956547498703003,0.0011685286881402135,0.00047312205424532294,2.9564178021246335e-06,2.1018474853917724e-06,0.0006920603918842971,0.00029174028895795345,1.808763772714883e-05,0.00029755066498182714,0.030739035457372665,0.014162858948111534,0.0,0.01895761489868164,3.0326398700708523e-05,0.31511154770851135,6.575695351784816e-06,,,,
492,0.013321362435817719,0.00010738735906711726,183.31581253599143,0.4357876777648926,0.0010517664486542344,0.0004519801586866379,3.5665241284732474e-06,2.5072949938476086e-06,0.0005657017463818192,0.000266549875959754,1.7665797713561915e-05,0.0002697171294130385,0.024697044864296913,0.015118568204343319,0.0,0.011393731459975243,0.00014301111514214426,0.31520789861679077,1.2759919627569616e-05,,,,
493,0.01799122989177704,0.00010708899072878818,183.6941640820005,1.39052152633667,0.0013986540725454688,0.0005832655588164926,2.852400712072267e-06,2.440696789562935e-06,0.0005215294659137726,0.00028561774524860084,1.7383857993991114e-05,0.0002873718913178891,0.010689320042729378,0.04144933447241783,0.0,0.02494182251393795,3.0209015676518902e-05,0.31530001759529114,7.26664393368992e-06,,,,
494,0.017680592834949493,0.00010679060177296398,184.06903366895858,1.938596248626709,0.001205369597300887,0.0005890887114219368,6.401341579476139e-06,6.805345037719235e-06,0.0008129767957143486,0.00027124013286083937,1.7735037545207888e-05,0.0002747624821495265,0.018382254987955093,0.03134378045797348,0.0,0.018537718802690506,3.081493923673406e-05,0.31539639830589294,6.441194273065776e-06,,,,
495,0.013719347305595875,0.00010649219514462317,184.44521548895864,0.7980250120162964,0.0011064581340178847,0.0005916750524193048,4.00732005800819e-06,3.836042196780909e-06,0.0003987702075392008,0.0002690439869184047,1.7517388187116012e-05,0.00027219392359256744,0.008815856650471687,0.0065041035413742065,0.0,0.02182132564485073,0.00012703900574706495,0.315496027469635,1.5545097994618118e-05,,,,
496,0.013875906355679035,0.0001061937737889187,184.82401414494962,1.6589781045913696,0.0013215813087299466,0.0005354651948437095,6.326539732981473e-06,6.187266080814879e-06,0.0005042045377194881,0.00027271363069303334,1.7684789781924337e-05,0.0002759279450401664,0.011867254041135311,0.009206037037074566,0.0,0.014193201437592506,3.3643809729255736e-05,0.3155999481678009,1.6180649254238233e-05,,,,
497,0.01430306676775217,0.00010589534065114888,185.1987895219936,2.190472364425659,0.0011462700786069036,0.0005261970218271017,7.154605555115268e-06,8.328698640980292e-06,0.0005676171276718378,0.00027865124866366386,1.8313405234948732e-05,0.0002827708376571536,0.010282469913363457,0.012572506442666054,0.0,0.01695125550031662,0.00024406038573943079,0.31569960713386536,1.0014325198426377e-05,,,,
498,0.016530059278011322,0.00010559689867672831,185.57319605897646,0.5699849724769592,0.0012349935714155436,0.000534282298758626,2.602019776531961e-06,2.283387857460184e-06,0.00045974631211720407,0.00027381072868593037,1.809495188354049e-05,0.00027690769638866186,0.0054204827174544334,0.03758978843688965,0.0,0.030446812510490417,1.652440187172033e-05,0.31579822301864624,1.3348348147701472e-05,,,,
499,0.013668354600667953,0.00010529845081115876,185.9463272759458,1.2427101135253906,0.0014982520369812846,0.00048284194781444967,5.3609246606356464e-06,4.7565017666784115e-06,0.00039108129567466676,0.00027107683126814663,1.8102246031048708e-05,0.00027445232262834907,0.00834423303604126,0.017465397715568542,0.0,0.008510013110935688,8.545890887035057e-05,0.3159075677394867,1.7359916455461644e-05,,,,
500,0.014155685901641846,0.0001050000000000002,186.32431659294525,0.5978596806526184,0.0011476720683276653,0.00048315137973986566,2.8872527764178813e-06,2.5562480914231855e-06,0.0004761094169225544,0.0002725118538364768,1.8568789528217167e-05,0.000276780454441905,0.012746438384056091,0.026705089956521988,0.0,0.011600405909121037,3.715684579219669e-05,0.31600940227508545,1.0684443623176776e-05,1.3334079591856862,6.469175416382959,1.0352969252149624,0.9519383020235331
501,0.013930871151387691,0.00010470154918884163,186.7387913079583,1.1387403011322021,0.0012320739915594459,0.0004985679988749325,3.6506669403024716e-06,3.5701291380974e-06,0.000529540004208684,0.0002736968162935227,1.844042526499834e-05,0.00027831358602270484,0.010894400998950005,0.013291898183524609,0.0,0.02509327232837677,1.6698360923328437e-05,0.3161037564277649,1.3517401384888217e-05,,,,
502,0.014669923111796379,0.00010440310132327209,187.11884205800015,1.5206819772720337,0.0011647060746327043,0.0004398343153297901,5.42065890840604e-06,4.884683221462183e-06,0.0002388415450695902,0.00027704410604201257,1.7912878320203163e-05,0.00028019220917485654,0.008920187130570412,0.03741258382797241,0.0,0.01672622747719288,0.00010840434697456658,0.3162056505680084,2.8297819881117903e-05,,,,
503,0.014819974079728127,0.00010410465934885151,187.4954669829458,0.0998525619506836,0.0012523808982223272,0.0004495427419897169,2.363086423429195e-06,2.2396998247131705e-06,0.0004896334139630198,0.0002708867541514337,1.7863638277049176e-05,0.00027479304117150605,0.009518740698695183,0.03243423253297806,0.0,0.017786594107747078,0.0001945315016200766,0.3163086175918579,1.0355432095821016e-05,,,,
504,0.01285975705832243,0.00010380622621108169,187.869537053979,1.3703925609588623,0.0011712677078321576,0.0004564241971820593,3.965550604334567e-06,4.585438091453398e-06,0.0003886769409291446,0.0002749658015090972,1.7763357391231693e-05,0.0002800120855681598,0.023304499685764313,0.006539110094308853,0.0,0.02052650786936283,7.316146366065368e-05,0.31641268730163574,9.685654731583782e-06,,,,
505,0.01047966256737709,0.00010350780485537725,188.2449806559598,1.213018536567688,0.0009939703159034252,0.000412337074521929,4.768773578689434e-06,3.0029459594516084e-06,0.00027105631306767464,0.0002740724594332278,1.694745515123941e-05,0.0002776547917164862,0.012133654206991196,0.007256126031279564,0.0,0.005187361501157284,0.00011649227963062003,0.3165167570114136,2.6830412025447004e-06,,,,
506,0.01514355931431055,0.00010320939822703641,188.62163796799723,0.242878258228302,0.0011564823798835278,0.0006079593440517783,2.217924702563323e-06,2.3473912733606994e-06,0.0006224918179214001,0.00027144007617607713,1.6657386368024163e-05,0.00027552308165468276,0.035959288477897644,0.0064447601325809956,0.0,0.013689734973013401,2.136381226591766e-05,0.3166101276874542,1.6651683836244047e-05,,,,
507,0.01596229523420334,0.00010291100927121221,188.9971671909443,1.1547149419784546,0.001112877856940031,0.0005305816885083914,3.3985470508923754e-06,3.05152707369416e-06,0.00040873041143640876,0.0002730903506744653,1.660849738982506e-05,0.00027737507480196655,0.036735907196998596,0.022760502994060516,0.0,0.02287994511425495,5.142729787621647e-05,0.31670135259628296,2.0939558453392237e-05,,,,
508,0.014028760604560375,0.00010261264093288314,189.37671381997643,1.2468624114990234,0.0014599348651245236,0.0005034838686697185,4.065545908815693e-06,3.0814626370556653e-06,0.0003152667486574501,0.00028131683939136565,1.637789682717994e-05,0.00028394939727149904,0.016698043793439865,0.009471746161580086,0.0,0.024216243997216225,0.0001644973672227934,0.3167968988418579,6.9961074586899485e-06,,,,
509,0.013401803560554981,0.00010231429615682424,189.7557828479912,0.4698793292045593,0.0013907698448747396,0.00046439559082500637,2.877316546801012e-06,2.384385425102664e-06,0.0004061133076902479,0.0002730049309320748,1.6904703443287872e-05,0.00027539196889847517,0.0330335758626461,0.008538862690329552,0.0,0.006097596138715744,0.00025916777667589486,0.31689780950546265,3.4875235996878473e-06,,,,
510,0.013720374554395676,0.000102015977887578,190.13087378797354,1.2178479433059692,0.0012925468618050218,0.0004996543284505606,3.8077669159974903e-06,3.68136079487158e-06,0.0008101915009319782,0.0002741395146586001,1.7504220522823744e-05,0.00027803340344689786,0.011634211987257004,0.008426275104284286,0.0,0.013552114367485046,0.00012759407400153577,0.3169901669025421,1.0879921319428831e-05,,,,
511,0.015683559700846672,0.00010171768906942535,190.5032190689817,1.0523428916931152,0.0011499403044581413,0.0005616984562948346,4.4974535740038846e-06,3.448462848609779e-06,0.0007694795494899154,0.00026655980036593974,1.7686030332697555e-05,0.000268698378931731,0.02838808111846447,0.017896614968776703,0.0,0.009334756061434746,0.00013387389481067657,0.3170814514160156,9.654810128267854e-06,,,,
512,0.01323777623474598,0.00010141943264635642,190.88106014195364,0.4148368537425995,0.0011688623344525695,0.000527291907928884,3.1550569019600516e-06,2.2808153516962193e-06,0.0003940457827411592,0.0002672370756044984,1.842046003730502e-05,0.00026880070799961686,0.02990773133933544,0.005227364134043455,0.0,0.011557836085557938,2.1634888980770484e-05,0.3171662986278534,4.967389031662606e-06,,,,
513,0.01592450775206089,0.00010112121156204175,191.25410124094924,1.1475762128829956,0.0011496942024677992,0.0006344174034893513,3.905405719706323e-06,4.706504569185199e-06,0.0004901273641735315,0.0002701762714423239,1.8662474758457392e-05,0.0002714091679081321,0.0142141655087471,0.014147281646728516,0.0,0.02937878482043743,9.082235919777304e-05,0.31725117564201355,1.989811244129669e-05,,,,
514,0.014264767058193684,0.00010082302875980306,191.6277054999955,0.7008135914802551,0.0012279401998966932,0.0006041047163307667,2.9780255772493547e-06,2.236368800367927e-06,0.00036168424412608147,0.00027731191948987544,1.8581726180855185e-05,0.0002773010637611151,0.00950128585100174,0.013453690335154533,0.0,0.015807591378688812,4.8158814024645835e-05,0.3173457086086273,7.447489224432502e-06,,,,
515,0.016384439542889595,0.00010052488718258414,192.00074826198397,0.6290479302406311,0.001139917760156095,0.0005466120783239603,3.102135451626964e-06,2.329300514247734e-06,0.00047251617070287466,0.0002748875704128295,1.8753877156996168e-05,0.0002755134191829711,0.03346214443445206,0.021081436425447464,0.0,0.025233497843146324,0.0003701134119182825,0.31743812561035156,1.0267935977026355e-05,,,,
516,0.013842473737895489,0.00010022678977292211,192.373404731974,1.6384550333023071,0.001344136195257306,0.000504321011248976,3.342786840221379e-06,3.432790890656179e-06,0.0004641897394321859,0.00029108987655490637,1.9186998542863876e-05,0.0002936224336735904,0.008855282329022884,0.018275944516062737,0.0,0.01047813706099987,7.430789264617488e-05,0.31753700971603394,2.5993238523369655e-05,,,,
517,0.014103737659752369,9.992873947291797e-05,192.74874823796563,0.46057990193367004,0.0013412170810624957,0.0005737092578783631,3.633230107880081e-06,2.487332267264719e-06,0.0003209109418094158,0.0002720046613831073,1.873910878202878e-05,0.000272429984761402,0.009132065810263157,0.010827809572219849,0.0,0.02211149036884308,2.7676851459546015e-05,0.3176305294036865,1.676282045082189e-05,,,,
518,0.01181834563612938,9.963073922420788e-05,193.12487118697027,1.4333242177963257,0.0011706581572070718,0.0004289363860152662,3.541541218510247e-06,2.6974717002303805e-06,0.000482811126857996,0.00029615513631142676,1.8393197024124674e-05,0.0002965823805425316,0.010167566128075123,0.01252684649080038,0.0,0.005860890261828899,3.921096140402369e-05,0.317727267742157,1.1650758096948266e-05,,,,
519,0.015491850674152374,9.9332791967934e-05,193.50373810797464,1.3873578310012817,0.0013206169242039323,0.0004937737248837948,3.91197545468458e-06,5.365641300159041e-06,0.0006004463648423553,0.00026682298630476,1.8577544324216433e-05,0.0002685488434508443,0.008938498795032501,0.02375686913728714,0.0,0.02639215998351574,0.00021189908147789538,0.3178122043609619,1.6099587810458615e-05,,,,
520,0.013577031902968884,9.903490064471546e-05,193.87882674398134,0.34832707047462463,0.0011554117081686854,0.000518772576469928,3.37879168910149e-06,2.5425870262552053e-06,0.0006015101680532098,0.0002647663641255349,1.80792594619561e-05,0.00026720206369645894,0.017106253653764725,0.004545776639133692,0.0,0.026139138266444206,3.189799826941453e-05,0.317902535200119,7.072979315125849e-06,,,,
521,0.011953446082770824,9.873706819461932e-05,194.25874159799423,0.9622228741645813,0.0012764658313244581,0.00047106598503887653,4.826472377317259e-06,4.135720701015089e-06,0.0003608925617299974,0.0002637698780745268,1.7433059838367626e-05,0.000266859628027305,0.010567134246230125,0.008831927552819252,0.0,0.00519201997667551,7.774222467560321e-06,0.31799933314323425,1.5409137631650083e-05,,,,
522,0.012858858332037926,9.843929755713168e-05,194.63198039896088,0.6149545311927795,0.0011224427726119757,0.0004432837595231831,3.2434963941341266e-06,2.6049262942251517e-06,0.0004940393264405429,0.0002661367179825902,1.6980442524072714e-05,0.00026982114650309086,0.023490240797400475,0.008143940940499306,0.0,0.021801523864269257,3.911693056579679e-05,0.3180886209011078,7.963143616507296e-06,,,,
523,0.014101783744990826,9.814159167112847e-05,195.0069690909586,0.6705939769744873,0.0012488974025472999,0.0005305355880409479,3.3856445043056738e-06,2.587299150036415e-06,0.00037199235521256924,0.0002779624774120748,1.649593650654424e-05,0.00028302031569182873,0.014216763898730278,0.017432045191526413,0.0,0.015447275713086128,5.018650699639693e-05,0.3181832730770111,6.177233444759622e-06,,,,
524,0.013158139772713184,9.78439534748466e-05,195.3838992609526,0.40096014738082886,0.0011264828499406576,0.00046752922935411334,3.128914158878615e-06,2.21356276597362e-06,0.00045303962542675436,0.00027454239898361266,1.6284242519759573e-05,0.00028003708575852215,0.01967504434287548,0.009448638185858727,0.0,0.024698972702026367,3.547796222846955e-05,0.31827259063720703,1.715554390102625e-05,,,,
525,0.014862031675875187,9.754638590585495e-05,195.75950283696875,0.32721206545829773,0.0011524742003530264,0.0004972378956153989,3.182371756338398e-06,2.5781646399991587e-06,0.0005773942684754729,0.00026433420134708285,1.6373514881706797e-05,0.0002694071736186743,0.04287451133131981,0.010111282579600811,0.0,0.021270163357257843,2.658948505995795e-05,0.31836622953414917,1.7606207620701753e-05,1.0421022938967226,6.314206355476957,0.9644632144736849,0.7296051233614905
526,0.014879513531923294,9.724889190102525e-05,196.17164521897212,0.4719948470592499,0.0012432695366442204,0.0006340114632621408,2.692442649276927e-06,2.237476792288362e-06,0.0006533830892294645,0.0002633689437061548,1.6775298718130216e-05,0.00026830309070646763,0.020177187398076057,0.0074168602004647255,0.0,0.011460093781352043,1.5858637198107317e-05,0.31846094131469727,8.48316904011881e-06,,,,
527,0.012265711091458797,9.695147439650323e-05,196.5482159969979,0.08811014890670776,0.0012361861299723387,0.0004853416176047176,2.6892848836723715e-06,2.33318678510841e-06,0.0005711166886612773,0.0002641634491737932,1.7166510588140227e-05,0.000268819130724296,0.008357922546565533,0.005859403870999813,0.0,0.012416217476129532,4.869361873716116e-05,0.31854918599128723,1.6676101949997246e-05,,,,
528,0.013486421667039394,9.66541363276796e-05,196.92125617695274,0.46314120292663574,0.0010431682458147407,0.00048115174286067486,2.696624051168328e-06,2.1832970560353715e-06,0.0004424758371897042,0.00026883569080382586,1.7573080185684375e-05,0.00027285137912258506,0.017059028148651123,0.025102052837610245,0.0,0.0038823087234050035,3.0167084332788363e-05,0.3186320960521698,1.4409373761736788e-05,,,,
529,0.013547762297093868,9.635688062916107e-05,197.30097416095668,0.2646740972995758,0.0010109944269061089,0.0005437019281089306,2.8739896151819266e-06,2.27069449465489e-06,0.0005033927736803889,0.0002626018540468067,1.8136517610400915e-05,0.000266491697402671,0.029564496129751205,0.008408191613852978,0.0,0.01018363144248724,1.2380512089293916e-05,0.318704217672348,1.2652718396566343e-05,,,,
530,0.014181025326251984,9.605971023474135e-05,197.67635339399567,0.39194679260253906,0.0013332528760656714,0.000556409708224237,2.5885706236294936e-06,2.033134933299152e-06,0.0006154363509267569,0.00026243505999445915,1.869724837888498e-05,0.0002667827357072383,0.023172669112682343,0.007785852998495102,0.0,0.010439759120345116,2.240428511868231e-05,0.31877100467681885,8.65117362991441e-06,,,,
531,0.013136273249983788,9.576262807737229e-05,198.0542774949572,0.6143130660057068,0.001123226946219802,0.0004399937461130321,3.1189993023872375e-06,2.354019443373545e-06,0.0004244997107889503,0.00026166802854277194,1.8791592083289288e-05,0.0002653235860634595,0.019929936155676842,0.009959664195775986,0.0,0.03154771402478218,2.007483271881938e-05,0.3188345432281494,1.391091791447252e-05,,,,
532,0.012250489555299282,9.54656370891348e-05,198.42995757400058,0.21410325169563293,0.0012284895638003945,0.0004222558345645666,3.3143141990876757e-06,2.12776512853452e-06,0.0004723773745354265,0.0002645233180373907,1.853489266068209e-05,0.0002684365608729422,0.012469884939491749,0.011606033891439438,0.0,0.01509170327335596,7.022826321190223e-05,0.3189120888710022,1.1729156540241092e-05,,,,
533,0.012284910306334496,9.516874020121008e-05,198.80489047296578,0.5012853741645813,0.0011468081502243876,0.0003970454854425043,2.947120037788409e-06,2.6840384634851944e-06,0.0004689336637966335,0.0002671537804417312,1.810693538573105e-05,0.0002714604197535664,0.01643475890159607,0.017081301659345627,0.0,0.010961792431771755,2.6599434931995347e-05,0.318989634513855,8.94797449291218e-06,,,,
534,0.014279660768806934,9.487194034385052e-05,199.18146561895264,0.3824055790901184,0.0012574021238833666,0.000516497646458447,3.346726543895784e-06,2.1060018298157956e-06,0.00065329804783687,0.0002650325186550617,1.7299153114436194e-05,0.0002692303969524801,0.008954668417572975,0.01947156898677349,0.0,0.012576112523674965,7.053716399241239e-05,0.31906506419181824,5.491699084814172e-06,,,,
535,0.01410111878067255,9.457524044635091e-05,199.55989574996056,1.0597214698791504,0.0011512268101796508,0.00043718278175219893,4.666182576329447e-06,2.5870783701975597e-06,0.00041454145684838295,0.00026867061387747526,1.6654867067700252e-05,0.0002725553058553487,0.03000505268573761,0.022451788187026978,0.0,0.013213572092354298,5.220889579504728e-05,0.3191383183002472,8.73253338795621e-06,,,,
536,0.012855114415287971,9.427864343701945e-05,199.94003849395085,1.008468747138977,0.0010949207935482264,0.0005088913021609187,3.1162994673650246e-06,4.420527147885878e-06,0.0004384781641419977,0.00026554797659628093,1.6463734937133268e-05,0.00026973182684741914,0.011881481856107712,0.005899370647966862,0.0,0.022916125133633614,7.481808279408142e-05,0.31920942664146423,1.272772169613745e-05,,,,
537,0.01376096811145544,9.398215224314888e-05,200.31901697197463,0.2976124584674835,0.0011126089375466108,0.0005254659336060286,2.9036025352979777e-06,2.7599230634223204e-06,0.0004450500418897718,0.00026570408954285085,1.6304296877933666e-05,0.00026972367777489126,0.021495632827281952,0.013524064794182777,0.0,0.01383356936275959,3.4208853321615607e-05,0.31928595900535583,1.648553370614536e-05,,,,
538,0.01326209120452404,9.36857697909876e-05,200.6953241879819,1.1497628688812256,0.0010027234675362706,0.0004830865073017776,5.619115654553752e-06,2.7928549570788164e-06,0.00043805091991089284,0.0002681176702026278,1.624817741685547e-05,0.0002718454343266785,0.02277788519859314,0.014380523934960365,0.0,0.011913616210222244,8.938446990214288e-05,0.31936031579971313,9.07435969565995e-06,,,,
539,0.012204273603856564,9.33894990057107e-05,201.06960116699338,0.9351309537887573,0.0012515082489699125,0.0004261830763425678,2.9040490971965482e-06,2.3048828552418854e-06,0.0004804266500286758,0.00026558840181678534,1.6569505532970652e-05,0.00026916686329059303,0.018330229446291924,0.009842479601502419,0.0,0.010579789988696575,2.5453793568885885e-05,0.31943145394325256,2.3232283638208173e-05,,,,
540,0.013628745451569557,9.30933428113913e-05,201.44841756497044,0.23638921976089478,0.0011590602807700634,0.0006193512817844748,2.595123760329443e-06,2.4425437459285604e-06,0.0003702061658259481,0.00026705084019340575,1.6720043277018704e-05,0.00026983648422174156,0.006116105243563652,0.00979788787662983,0.0,0.012941484339535236,5.464643254526891e-05,0.3195015490055084,8.968953807197977e-06,,,,
541,0.012385341338813305,9.279730413097144e-05,201.8208114229492,0.8760985732078552,0.0011107863392680883,0.0004417786840349436,2.989273525599856e-06,2.51139704232628e-06,0.000308955495711416,0.00027653350844047964,1.7134350855485536e-05,0.0002788664132822305,0.01914299465715885,0.016426514834165573,0.0,0.006274194922298193,0.00013736776600126177,0.31956946849823,9.361518095829524e-06,,,,
542,0.013890177011489868,9.250138588623337e-05,202.19502146396553,0.8466167449951172,0.0009598244214430451,0.0004770236264448613,3.207200961696799e-06,2.9329153221624438e-06,0.0005912869237363338,0.00026754828286357224,1.7859687432064675e-05,0.0002691923582460731,0.023916754871606827,0.02036246657371521,0.0,0.011597905308008194,4.101512604393065e-05,0.31963199377059937,1.1578445082705002e-05,,,,
543,0.013473158702254295,9.220559099777072e-05,202.5751370539656,0.5434311628341675,0.001229523099027574,0.0004808918456546962,2.745359552136506e-06,1.9686967789311893e-06,0.00039832465699873865,0.0002680847537703812,1.8267513951286674e-05,0.0002694306313060224,0.01079474575817585,0.02318808063864708,0.0,0.007503661327064037,7.744964386802167e-05,0.3196934759616852,6.135944204288535e-06,,,,
544,0.014216090552508831,9.190992238495961e-05,202.951657382946,1.2651814222335815,0.0013687071623280644,0.0005622903117910028,4.342120519140735e-06,3.6705446291307453e-06,0.0003035402623936534,0.0002738831681199372,1.8377180822426453e-05,0.00027489723288454115,0.014062205329537392,0.015093029476702213,0.0,0.010322927497327328,8.250243990914896e-05,0.3197506368160248,7.129429832275491e-06,,,,
545,0.014508416876196861,9.161438296592986e-05,203.32681097299792,0.5953927636146545,0.0011024202685803175,0.0005229369271546602,3.324590124975657e-06,2.7948572096647695e-06,0.0004419334582053125,0.00026735448045656085,1.8746273781289347e-05,0.00026812448049895465,0.014284273609519005,0.022840144112706184,0.0,0.017790742218494415,4.404268111102283e-05,0.3198045790195465,1.3910632333136164e-05,,,,
546,0.01298542320728302,9.131897565753626e-05,203.70186713995645,0.7319294810295105,0.0012335304636508226,0.0005185989430174232,3.187625225109514e-06,2.970403784274822e-06,0.0004864283837378025,0.0002659842139109969,1.891074498416856e-05,0.00026701303431764245,0.015541234984993935,0.009858308359980583,0.0,0.006378183141350746,3.153903526253998e-05,0.3198617398738861,1.039523704093881e-05,,,,
547,0.013025271706283092,9.102370337532967e-05,204.07882169797085,1.068790316581726,0.0012324375566095114,0.00046556079178117216,3.6310284485807642e-06,3.3404844543838408e-06,0.0005100277485325933,0.0002650883106980473,1.8555805581854656e-05,0.00026623872690834105,0.014867291785776615,0.009104326367378235,0.0,0.020120613276958466,4.619419269147329e-05,0.31991350650787354,1.0661383385013323e-05,,,,
548,0.01322655938565731,9.072856903352828e-05,204.45183964795433,0.5106880068778992,0.00111882365308702,0.00045904782018624246,2.9474786060745828e-06,2.062890416709706e-06,0.00045825529377907515,0.00026612033252604306,1.835920375015121e-05,0.00026870801229961216,0.039135951548814774,0.0075740450993180275,0.0,0.012180259451270103,7.808968075551093e-05,0.31996962428092957,2.0486084395088255e-05,,,,
549,0.012169991619884968,9.043357554498895e-05,204.8269903579494,0.7548101544380188,0.0011267761001363397,0.000501000031363219,2.7916819362872047e-06,2.2474018805951346e-06,0.00028892853879369795,0.00026481287204660475,1.7948004824575037e-05,0.00026779071777127683,0.005471492186188698,0.015834618359804153,0.0,0.005391609854996204,5.2366918680490926e-05,0.3200278878211975,7.117372206266737e-06,,,,
550,0.01608368754386902,9.013872582117828e-05,205.20237193797948,0.965356171131134,0.0013890460832044482,0.0005359187489375472,2.8272202143853065e-06,2.7015300929633668e-06,0.00043545974767766893,0.00028282596031203866,1.7426897102268413e-05,0.00028538680635392666,0.01656746305525303,0.02787841483950615,0.0,0.02165902778506279,0.00010190981993218884,0.3200807571411133,2.99085559163359e-06,1.0900331086433084,6.427627093067118,1.008823070443272,0.7596542814498692
551,0.01376561913639307,8.984402277214401e-05,205.61453436798183,0.40440306067466736,0.0011795664904639125,0.000574049714487046,3.4306519864912843e-06,2.186494839406805e-06,0.0003138198226224631,0.00027237972244620323,1.7319811377092265e-05,0.0002756162139121443,0.018123477697372437,0.005140631925314665,0.0,0.024883629754185677,2.7413432690082118e-05,0.3201411962509155,1.4781958270759787e-05,,,,
552,0.015724394470453262,8.954946930648627e-05,205.98939329799032,0.6566755771636963,0.0011863999534398317,0.0005266828811727464,3.120043402304873e-06,2.231287453469122e-06,0.0006738719530403614,0.0002645020140334964,1.7417085473425686e-05,0.0002690922701731324,0.014402208849787712,0.019812028855085373,0.0,0.034615565091371536,8.748816617298871e-05,0.32021135091781616,7.868466127547435e-06,,,,
553,0.013731959275901318,8.925506833132885e-05,206.36708798795007,0.38905373215675354,0.0011472647311165929,0.0005204356857575476,2.5980680220527574e-06,2.3492448235629126e-06,0.000582920853048563,0.0002634178090374917,1.743815118970815e-05,0.0002683792554307729,0.02001466229557991,0.011239043436944485,0.0,0.013683373108506203,7.717718835920095e-05,0.3202933669090271,6.045457666914444e-06,,,,
554,0.0128743015229702,8.89608227522905e-05,206.74417292198632,0.4874846041202545,0.0010550146689638495,0.00047563709085807204,2.8218728402862325e-06,2.307063823536737e-06,0.0002919311518780887,0.00026357173919677734,1.763179898262024e-05,0.00026825268287211657,0.030673440545797348,0.01008372101932764,0.0,0.014066817238926888,7.86382588557899e-05,0.3203732669353485,4.834892934013624e-06,,,,
555,0.013509657233953476,8.866673547345629e-05,207.1200791859883,0.5148494243621826,0.001057873829267919,0.00048040447290986776,2.87349894279032e-06,2.8526251298899297e-06,0.0005711761186830699,0.0002649935777299106,1.7905471395351924e-05,0.00026986966258846223,0.01815517246723175,0.01448872871696949,0.0,0.017688479274511337,6.079781451262534e-05,0.3204520642757416,7.418804216285935e-06,,,,
556,0.013082976453006268,8.837280939734899e-05,207.53614112496143,0.3127659261226654,0.0011749010300263762,0.0004482290241867304,2.8783770176232792e-06,2.2909193830855656e-06,0.00031893220148049295,0.0002652943367138505,1.802703263820149e-05,0.00027047714684158564,0.01687479019165039,0.012957844883203506,0.0,0.027011286467313766,6.557766755577177e-05,0.3205298185348511,1.0075196769321337e-05,,,,
557,0.012862807139754295,8.807904742490022e-05,207.91026125394274,0.5007274150848389,0.001102321082726121,0.0005913056083954871,3.09020902022894e-06,2.3247130229719914e-06,0.0005076364614069462,0.00026501144748181105,1.803613849915564e-05,0.0002698968746699393,0.01013469509780407,0.006780456285923719,0.0,0.003497054800391197,2.0386230971780606e-05,0.320616215467453,4.861075467488263e-06,,,,
558,0.01558699645102024,8.778545245542216e-05,208.28644613095094,0.43670353293418884,0.0011173741659149528,0.0006262133829295635,3.1530576052318793e-06,2.1252922124403995e-06,0.0004691710928454995,0.00026909480220638216,1.8162720152758993e-05,0.00027335502090863883,0.017567269504070282,0.014126639813184738,0.0,0.026382850483059883,0.00011036565410904586,0.32069289684295654,1.5425081073772162e-05,,,,
559,0.01126999594271183,8.749202738657854e-05,208.66066623094957,0.5102392435073853,0.0012344415299594402,0.0004317120765335858,2.575079179223394e-06,2.9411444302240852e-06,0.0002715777372941375,0.000270824326435104,1.8388464013696648e-05,0.00027476955438032746,0.007670908700674772,0.00969402864575386,0.0,0.008832542225718498,8.980031270766631e-05,0.32077714800834656,1.40780393849127e-05,,,,
560,0.01374157052487135,8.719877511435637e-05,209.03569877095288,0.3540211319923401,0.001068368088454008,0.00048351462464779615,2.6629904823494144e-06,2.7131834485771833e-06,0.0005220207385718822,0.00026983971474692225,1.8438888218952343e-05,0.0002737757458817214,0.028891388326883316,0.017706289887428284,0.0,0.006061051040887833,5.0455542805138975e-05,0.32085710763931274,1.975252052943688e-05,,,,
561,0.014651479199528694,8.690569853303717e-05,209.412859604985,0.5143184661865234,0.0009631570428609848,0.0004951790324412286,3.3958610856643645e-06,2.3520190097769955e-06,0.00044096948113292456,0.0002677544252946973,1.8244065358885564e-05,0.0002716575108934194,0.036568693816661835,0.011695107445120811,0.0,0.03249792009592056,7.695068779867142e-05,0.3209283947944641,1.706245166133158e-05,,,,
562,0.014285172335803509,8.66128005351685e-05,209.786216271983,0.29754072427749634,0.0012093373807147145,0.0005399144720286131,2.7907485673495103e-06,2.051336650765734e-06,0.0004425938241183758,0.00026596986572258174,1.794655509002041e-05,0.00027014221996068954,0.004944106563925743,0.0172429196536541,0.0,0.026696765795350075,4.946155968355015e-05,0.3210105299949646,1.1419833754189312e-05,,,,
563,0.014111803844571114,8.632008401153529e-05,210.1692875859444,0.1501859575510025,0.0012117644073441625,0.0004607252194546163,2.8459824079618556e-06,2.004953785217367e-06,0.0003624157980084419,0.00026443289243616164,1.7550242773722857e-05,0.0002685431973077357,0.03617003187537193,0.01790809817612171,0.0,0.012386692687869072,6.257143104448915e-05,0.32109805941581726,2.1801955881528556e-05,,,,
564,0.014568270184099674,8.602755185113155e-05,210.5460934639559,0.25263988971710205,0.0011249242816120386,0.000560071028303355,2.6004549908975605e-06,2.44549073613598e-06,0.0004976724740117788,0.0002688909589778632,1.7011308955261484e-05,0.0002730591513682157,0.02224161848425865,0.015865907073020935,0.0,0.013490032404661179,6.816765380790457e-05,0.32118237018585205,1.1431165148678701e-05,,,,
565,0.013934683986008167,8.573520694113153e-05,210.92264174099546,0.3816964328289032,0.001103554735891521,0.0005730354459956288,2.774062977550784e-06,2.154833964596037e-06,0.00057771778665483,0.00026958377566188574,1.662150134507101e-05,0.0002738579933065921,0.00319100683555007,0.009301645681262016,0.0,0.027295326814055443,7.703371375100687e-05,0.3212645351886749,1.980548222491052e-05,,,,
566,0.01290577370673418,8.544305216686146e-05,211.29981631197734,0.42004597187042236,0.0011418379144743085,0.0005319909541867673,2.8713152460113633e-06,2.2173323941387935e-06,0.0005725356750190258,0.00026395186432637274,1.6374056940549053e-05,0.00026823466760106385,0.01871773786842823,0.006707593332976103,0.0,0.005992624443024397,3.7895497371209785e-05,0.32135212421417236,8.243564479926135e-06,,,,
567,0.013084476813673973,8.51510904117711e-05,211.67694880795898,0.5748374462127686,0.001148966490291059,0.000460946059320122,2.8287329314480303e-06,2.752513637460652e-06,0.00039018935058265924,0.0002667021763045341,1.6128244169522077e-05,0.00027053605299443007,0.010813046246767044,0.01928798481822014,0.0,0.01567801646888256,3.2181796996155754e-05,0.321429967880249,1.929202517203521e-05,,,,
568,0.011574018746614456,8.485932455740502e-05,212.05575298995245,0.35288089513778687,0.0010756009723991156,0.0004270477802492678,2.7871906240761746e-06,2.258662334497785e-06,0.0005688880919478834,0.00026600362616591156,1.609159699000884e-05,0.00026923679979518056,0.015726255252957344,0.005493217147886753,0.0,0.012680208310484886,3.663674579001963e-05,0.3215067386627197,1.296291156904772e-05,,,,
569,0.013920867815613747,8.456775748337444e-05,212.43422798399115,0.5735601782798767,0.001115055987611413,0.0004980600206181407,2.720260454225354e-06,2.356723371121916e-06,0.0005639335140585899,0.00026877783238887787,1.5886984328972176e-05,0.00027148565277457237,0.01990220509469509,0.01604769378900528,0.0,0.015768861398100853,4.395928044687025e-05,0.3215813636779785,6.418960310838884e-06,,,,
570,0.012434044852852821,8.427639206732867e-05,212.81309097498888,0.8564323782920837,0.001076151616871357,0.0004493125597946346,3.048403868888272e-06,2.83849749393994e-06,0.0005627003847621381,0.00027070281794294715,1.5904532119748183e-05,0.0002729728876147419,0.01716337725520134,0.011846374720335007,0.0,0.008054060861468315,0.0001141076281783171,0.32165491580963135,1.3488592230714858e-05,,,,
571,0.014047536998987198,8.398523118492676e-05,213.19129721599165,0.35188212990760803,0.0011413402389734983,0.0005185888148844242,2.5466306396992877e-06,2.1703126549255103e-06,0.0004085867840331048,0.0002618518192321062,1.6255258742603473e-05,0.00026415279717184603,0.026529107242822647,0.0156998373568058,0.0,0.011226238682866096,0.00013497142936103046,0.32172417640686035,1.580814569024369e-05,,,,
572,0.014532050117850304,8.3694277709809e-05,213.56776382296812,0.6805542707443237,0.001133772311732173,0.0005201055901125073,3.134774487989489e-06,2.6500979402044322e-06,0.0005101448623463511,0.0002615198027342558,1.669067751208786e-05,0.0002637020661495626,0.02039925567805767,0.01154903881251812,0.0,0.026383815333247185,0.00032298409496434033,0.32179123163223267,1.6267033061012626e-05,,,,
573,0.015082985162734985,8.340353451356882e-05,213.9476553669665,0.6540512442588806,0.0010531654115766287,0.0005233710398897529,3.0620467441622168e-06,2.2803092178946827e-06,0.0005102910217829049,0.0002616200072225183,1.6808462532935664e-05,0.00026260685990564525,0.01286935806274414,0.02837582305073738,0.0,0.02042008563876152,1.684177914285101e-05,0.3218648135662079,9.897500603983644e-06,,,,
574,0.012415662407875061,8.311300446572412e-05,214.32713400496868,0.2636100947856903,0.0010199088137596846,0.0004368306545075029,2.4892383407859597e-06,1.954419076355407e-06,0.00048365368274971843,0.000260378496022895,1.7061382095562294e-05,0.00026154922670684755,0.020350398495793343,0.013251204043626785,0.0,0.012775009498000145,6.917664723005146e-05,0.32194381952285767,1.582508957653772e-05,,,,
575,0.01362157054245472,8.282269043368921e-05,214.70414029195672,0.8350393772125244,0.0011813055025413632,0.0005216725985519588,3.1258575745596318e-06,2.966253077829606e-06,0.00037830774090252817,0.0002634449629113078,1.7231541278306395e-05,0.0002652899129316211,0.020650802180171013,0.013156462460756302,0.0,0.013323704712092876,2.5675893994048238e-05,0.3220217525959015,1.2401505046000239e-05,0.9994448992556257,6.540936970602591,0.9123477197039943,0.7135174751352981
576,0.01391626987606287,8.253259528274637e-05,215.11535912798718,0.695713222026825,0.0011625285260379314,0.0005387342534959316,2.640251068442012e-06,2.0557288280542707e-06,0.00041179358959198,0.00026283852639608085,1.716884071356617e-05,0.0002632088144309819,0.018316391855478287,0.014746006578207016,0.0,0.014425454661250114,6.402081635314971e-05,0.32209643721580505,9.82111941993935e-06,,,,
577,0.014330652542412281,8.224272187601764e-05,215.48939272394637,0.19829194247722626,0.0011490755714476109,0.0004301054868847132,3.096247382927686e-06,2.00255453819409e-06,0.0006761114345863461,0.0002633924304973334,1.6975898688542657e-05,0.00026465128757990897,0.03250937908887863,0.017321476712822914,0.0,0.019426200538873672,3.73549664800521e-05,0.32216787338256836,1.3629279237648007e-05,,,,
578,0.012946249917149544,8.19530730744365e-05,215.86815478897188,0.7625035047531128,0.0010710544884204865,0.0004309526993893087,2.8904591999889817e-06,2.129559106833767e-06,0.0005799549981020391,0.0002697028685361147,1.679653360042721e-05,0.00027178204618394375,0.01211566012352705,0.013991364277899265,0.0,0.025008633732795715,5.5046650231815875e-05,0.32224366068840027,1.4077480955165811e-05,,,,
579,0.014287404716014862,8.16636517367197e-05,216.24315023899544,0.20881402492523193,0.001433181343600154,0.0005617897259071469,2.875762220355682e-06,2.0568111267493805e-06,0.0004430684493854642,0.00026462788810022175,1.6571049854974262e-05,0.00026565586449578404,0.011845218949019909,0.019101634621620178,0.0,0.002290873322635889,3.1682611734140664e-05,0.3223237991333008,1.2400907507981174e-05,,,,
580,0.012804086320102215,8.1374460719339e-05,216.62204911996378,0.4611211121082306,0.0009853903902694583,0.0005376978660933673,2.8413792279025074e-06,2.098254753946094e-06,0.0005236070137470961,0.000271367171080783,1.656334279687144e-05,0.0002717137977015227,0.012884639203548431,0.003796081058681011,0.0,0.021504148840904236,7.712056685704738e-05,0.3223930895328522,1.196673110825941e-05,,,,
581,0.012863610871136189,8.108550287649296e-05,216.9962565159658,0.5288922786712646,0.0012538324808701873,0.0004650598275475204,2.7803371267509647e-06,2.951190708699869e-06,0.0004154899506829679,0.0002673721464816481,1.6681970009813085e-05,0.00026806426467373967,0.026180967688560486,0.008232273161411285,0.0,0.011734247207641602,2.9906695999670774e-05,0.3224678337574005,1.7507903976365924e-05,,,,
582,0.01464615948498249,8.07967810600789e-05,217.3733613479999,0.4108468294143677,0.001102910959161818,0.0004939910140819848,2.804805944833788e-06,2.1390933397924528e-06,0.0004529753641691059,0.0002631880051922053,1.6788813809398562e-05,0.0002651223330758512,0.027528734877705574,0.023293130099773407,0.0,0.014528665691614151,3.1498166208621114e-05,0.3225393295288086,1.1189593351446092e-05,,,,
583,0.014521297998726368,8.05082981196645e-05,217.75434570299694,0.7295545935630798,0.0013465144438669086,0.0005330843850970268,3.762735559575958e-06,2.8972881409572437e-06,0.0004107562708668411,0.00026201523724012077,1.6762909581302665e-05,0.0002642929903231561,0.008373788557946682,0.019071616232395172,0.0,0.02036479488015175,3.883719546138309e-05,0.3226086497306824,1.1373070265108254e-05,,,,
584,0.012570351362228394,8.022005690245999e-05,218.13314008997986,0.273624062538147,0.0011716554872691631,0.0004709349595941603,3.0904848244972527e-06,2.128678715962451e-06,0.0004747345519717783,0.00026119244284927845,1.680170498730149e-05,0.0002631919924169779,0.01725093461573124,0.007917214184999466,0.0,0.015781309455633163,2.6614183298079297e-05,0.3226812481880188,1.4776245734537952e-05,,,,
585,0.014405401423573494,7.993206025328976e-05,218.5086625900003,0.6811087727546692,0.0013108892599120736,0.0005187171627767384,2.8638169169425964e-06,2.98002123599872e-06,0.0005412292666733265,0.00026314554270356894,1.704227543086745e-05,0.0002649797243066132,0.017420174553990364,0.011420171707868576,0.0,0.022588256746530533,0.00015045551117509604,0.3227538466453552,6.507902071462013e-06,,,,
586,0.011780270375311375,7.964431101456452e-05,218.88274310494307,0.4762510359287262,0.0010123070096597075,0.0004592660698108375,2.6440156943863258e-06,2.156730033675558e-06,0.0005739607149735093,0.0002669387322384864,1.7114574802690186e-05,0.0002685913350433111,0.009376203641295433,0.003354760818183422,0.0,0.020274262875318527,0.0001399231841787696,0.3228296935558319,5.994172170176171e-06,,,,
587,0.013071853667497635,7.935681202625303e-05,219.25325736094965,0.36662134528160095,0.0010718998964875937,0.0005030754255130887,3.1283377666113665e-06,2.4104763269860996e-06,0.0006522410549223423,0.00026094005443155766,1.7545733498991467e-05,0.00026306428480893373,0.006239668000489473,0.013833679258823395,0.0,0.013029484078288078,7.155770435929298e-05,0.32290881872177124,9.338452400697861e-06,,,,
588,0.013173466548323631,7.906956612585428e-05,219.62959339894587,0.3408426344394684,0.0012922869063913822,0.0003995780716650188,2.454248942740378e-06,2.2125400391814765e-06,0.0005207430804148316,0.0002615876728668809,1.7998765542870387e-05,0.00026407622499391437,0.019014639779925346,0.013587355613708496,0.0,0.025194615125656128,4.919920320389792e-05,0.32298576831817627,1.6085064999060705e-05,,,,
589,0.013827098533511162,7.878257614836936e-05,220.00573575799353,0.16952265799045563,0.001075057778507471,0.0005656240973621607,3.069942749789334e-06,2.2947344859858276e-06,0.0005493276985362172,0.00026133490609936416,1.8139071471523494e-05,0.00026359784533269703,0.00701281800866127,0.012805627658963203,0.0,0.01901727356016636,4.1667564801173285e-05,0.32306814193725586,1.4591154467780143e-05,,,,
590,0.011505039408802986,7.84958449262734e-05,220.38351788197178,0.19185209274291992,0.0010329666547477245,0.0005104672163724899,3.0906837764632655e-06,2.177628175559221e-06,0.0004647788591682911,0.00026215490652248263,1.8197952158516273e-05,0.00026427351986058056,0.0064416383393108845,0.004281532950699329,0.0,0.006408883258700371,0.00015934300608932972,0.32315272092819214,4.525668828136986e-06,,,,
591,0.013705761171877384,7.82093752894879e-05,220.7586618589703,0.5479016900062561,0.0012007137993350625,0.0004678138066083193,2.3509028324042447e-06,2.2653657651972026e-06,0.00046753667993471026,0.0002640536695253104,1.8209797417512164e-05,0.0002661985927261412,0.007687659934163094,0.0207134447991848,0.0,0.022269248962402344,6.17595505900681e-05,0.3232286274433136,3.832529273495311e-06,,,,
592,0.012982863932847977,7.792317006535246e-05,221.12966646894347,0.24058841168880463,0.001132159261032939,0.0004629325121641159,2.407791953373817e-06,2.2686037937091896e-06,0.000491108454298228,0.00026225412148050964,1.8167753296438605e-05,0.00026538840029388666,0.01625402458012104,0.014142753556370735,0.0,0.015962380915880203,2.8702943382086232e-05,0.32330670952796936,6.234130523807835e-06,,,,
593,0.014457843266427517,7.763723207859713e-05,221.50458383798832,0.6869559288024902,0.0012722710380330682,0.0005933751235716045,2.6330094442528207e-06,2.3042248358251527e-06,0.0005716753657907248,0.00026655380497686565,1.8050572180072777e-05,0.00027045191382057965,0.01633136346936226,0.013310682028532028,0.0,0.005839785560965538,5.4976386309135705e-05,0.32338371872901917,1.1495458238641731e-05,,,,
594,0.012571618892252445,7.735156415131437e-05,221.8802476649871,0.39375293254852295,0.0012153028510510921,0.0004951911396346986,3.0816786420473363e-06,2.3388847694150172e-06,0.0005305830272845924,0.0002618557773530483,1.7849108189693652e-05,0.000265455775661394,0.016520829871296883,0.006406459957361221,0.0,0.00864153727889061,7.277722033904865e-05,0.3234531283378601,8.521844392817002e-06,,,,
595,0.012256481684744358,7.706616910293132e-05,222.2572262909962,0.48000606894493103,0.001012446009553969,0.0004914809251204133,2.819344445015304e-06,2.1499624835996656e-06,0.0004960137302987278,0.0002730223932303488,1.766933564795181e-05,0.0002765573444776237,0.004064726643264294,0.016024712473154068,0.0,0.006955449003726244,1.2912803867948242e-05,0.3235171437263489,1.8497668861527927e-05,,,,
596,0.012859247624874115,7.678104975018186e-05,222.63282762595918,0.6612956523895264,0.001244834391400218,0.0004806752549484372,2.7048222364101093e-06,3.1971594580681995e-06,0.0004526947159320116,0.00027450945344753563,1.7758966350811534e-05,0.0002780765644274652,0.009941945783793926,0.010486304759979248,0.0,0.017962198704481125,3.3788979635573924e-05,0.32357680797576904,1.1680964234983549e-05,,,,
597,0.015155522152781487,7.649620890707895e-05,223.00653517694445,0.427335262298584,0.001056860783137381,0.0005351835279725492,2.795045247694361e-06,2.377116288698744e-06,0.0006207842379808426,0.00026463987887836993,1.7981779819820076e-05,0.00026854791212826967,0.01011735200881958,0.02718713879585266,0.0,0.018528470769524574,6.430110079236329e-05,0.3236386477947235,1.1325515515636653e-05,,,,
598,0.013633130118250847,7.621164938488666e-05,223.379902776971,0.7139250636100769,0.0012494405964389443,0.00048204799531958997,3.979750090365997e-06,2.8408164780557854e-06,0.00045343104284256697,0.00026155763771384954,1.8091481251758523e-05,0.0002657385484781116,0.0043387142941355705,0.019741885364055634,0.0,0.01904098503291607,6.061995372874662e-05,0.3237037658691406,1.0807123544509523e-05,,,,
599,0.015729958191514015,7.592737399209259e-05,223.75608958496014,0.47414326667785645,0.0011452118633314967,0.0005305962404236197,2.814829713315703e-06,1.993482328543905e-06,0.0005583239253610373,0.00026352115673944354,1.819180033635348e-05,0.00026795302983373404,0.022722959518432617,0.021159596741199493,0.0,0.027589235454797745,0.00018706562696024776,0.3237699568271637,5.051301741332281e-06,,,,
600,0.013041805475950241,7.564338553438018e-05,224.13213085295865,0.7261874079704285,0.0012225714745000005,0.0004413308051880449,3.068775185965933e-06,2.7895380299014505e-06,0.00042241354822181165,0.0002632338728290051,1.834177237469703e-05,0.0002675760188139975,0.017460519447922707,0.01820385828614235,0.0,0.009729287587106228,7.752469537081197e-05,0.323844850063324,1.4211336747393943e-05,1.0771843759792215,6.453809208719329,0.9496214666274149,0.769016757978676
601,0.013164996169507504,7.535968681460078e-05,224.5430447369581,0.4476650059223175,0.0012298333458602428,0.0004959125071763992,2.6280256406607805e-06,2.2206941139302216e-06,0.000535011466126889,0.00026658858405426145,1.819050157791935e-05,0.00027017135289497674,0.006430895067751408,0.013510002754628658,0.0,0.014502311125397682,0.0001404818322043866,0.3239143192768097,6.723621027049376e-06,,,,
602,0.012771953828632832,7.507628063274622e-05,224.91775838797912,0.4153248965740204,0.0010505728423595428,0.00043702631955966353,3.075392214668682e-06,2.1825285330123734e-06,0.00031950860284268856,0.0002654987620189786,1.818772761907894e-05,0.0002689942775759846,0.009828981012105942,0.01938176341354847,0.0,0.0235452838242054,1.461515057599172e-05,0.32398271560668945,8.223745680879802e-06,,,,
603,0.01432603970170021,7.479316978592114e-05,225.29622271395056,0.2320609837770462,0.0012308588484302163,0.0004828799283131957,2.4498267521266825e-06,2.32132151722908e-06,0.0005942083662375808,0.00026158668333664536,1.814084498619195e-05,0.0002654003328643739,0.00746998330578208,0.025485891848802567,0.0,0.013364933431148529,0.0001523039973108098,0.3240543603897095,1.2826596503145993e-05,,,,
604,0.013214221224188805,7.451035706831528e-05,225.6714976259973,0.19102205336093903,0.0009553816053085029,0.0004982003010809422,2.343411324545741e-06,2.1836572159372736e-06,0.0004287839401513338,0.0002611026575323194,1.8202837964054197e-05,0.0002649272501002997,0.01535508781671524,0.019907480105757713,0.0,0.010762704536318779,5.199354563956149e-05,0.3241238594055176,5.942838015471352e-06,,,,
605,0.011671326123178005,7.422784527117598e-05,226.0451663529966,0.23357351124286652,0.001021194038912654,0.0004257722175680101,2.6723132577899378e-06,2.2663152776658535e-06,0.0005112349754199386,0.0002609158691484481,1.829462962632533e-05,0.0002644316991791129,0.01773969642817974,0.008277647197246552,0.0,0.012483467347919941,1.3368971849558875e-05,0.3241890072822571,1.1852569514303468e-05,,,,
606,0.013380187563598156,7.394563718278066e-05,226.4231610779534,0.12148170173168182,0.0013663374120369554,0.00042103053419850767,2.6302909645892214e-06,2.1487594494828954e-06,0.0005099300178699195,0.0002604610926937312,1.8431219359626994e-05,0.00026404496748000383,0.029219286516308784,0.012334601953625679,0.0,0.012688204646110535,0.00011624334729276597,0.3242509365081787,5.635712568619056e-06,,,,
607,0.016462577506899834,7.366373558840916e-05,226.80543686298188,0.5973259210586548,0.0012635750463232398,0.0006018187268637121,2.7536286779650254e-06,2.09915060622734e-06,0.0004700415884144604,0.00026236119447275996,1.8611413906910457e-05,0.0002662242914084345,0.01329940464347601,0.02506365068256855,0.0,0.027164271101355553,0.00010869176912819967,0.324311763048172,2.519879444662365e-06,,,,
608,0.014079639688134193,7.338214327031645e-05,227.18750372895738,0.08597550541162491,0.001208437024615705,0.0005051938351243734,2.741017624430242e-06,2.0433863028301857e-06,0.0005823731189593673,0.00026106162113137543,1.8605558580020443e-05,0.00026382130454294384,0.02709963358938694,0.008696291595697403,0.0,0.020423611626029015,5.617669739876874e-05,0.3243812620639801,8.029479431570508e-06,,,,
609,0.012370150536298752,7.310086300770501e-05,227.56160579499556,0.9707850813865662,0.0010371763492003083,0.00047590548638254404,2.936266810138477e-06,2.2787430680182297e-06,0.000506802462041378,0.0002701539488043636,1.8553659174358472e-05,0.00027208635583519936,0.010854019783437252,0.01150316558778286,0.0,0.013169021345674992,3.919918162864633e-05,0.3244507908821106,1.610981416888535e-05,,,,
610,0.012873277999460697,7.281989757669749e-05,227.93243978195824,0.5928531289100647,0.001125313458032906,0.0004564688424579799,2.86794579551497e-06,2.592376176835387e-06,0.0004683631123043597,0.0002613519027363509,1.869401239673607e-05,0.0002641733444761485,0.019103124737739563,0.004926036112010479,0.0,0.030399862676858902,6.929338269401342e-05,0.3245181739330292,1.0806596037582494e-05,,,,
611,0.012439131736755371,7.253924975030925e-05,228.30705725896405,0.6374654173851013,0.0009982350748032331,0.00045095401583239436,2.7339110602042638e-06,2.0879294879705412e-06,0.0003864649625029415,0.0002641119062900543,1.8615759472595528e-05,0.00026773803983815014,0.022887306287884712,0.008443117141723633,0.0,0.021579548716545105,4.592178447637707e-05,0.3245942294597626,9.93978937913198e-06,,,,
612,0.015635935589671135,7.225892229842104e-05,228.68017453094944,0.8244331479072571,0.0012487167259678245,0.0005369634600356221,3.3793485272326507e-06,3.1931831472320482e-06,0.0004524927062448114,0.0002599434810690582,1.8323431504541077e-05,0.0002630350354593247,0.03351534157991409,0.01627659611403942,0.0,0.02296569012105465,0.00011734061990864575,0.32467028498649597,7.980665031936951e-06,,,,
613,0.01521153375506401,7.197891798775164e-05,229.05501937196823,0.19609284400939941,0.0012872579973191023,0.0006433607777580619,2.729645075305598e-06,2.114189328494831e-06,0.0007406830554828048,0.000259346270468086,1.8358256056671962e-05,0.00026241742307320237,0.004694923758506775,0.010589640587568283,0.0,0.019895941019058228,1.67128091561608e-05,0.3247474730014801,4.681528480432462e-06,,,,
614,0.013079481199383736,7.169923958183054e-05,229.4303653339739,0.4934530556201935,0.0010639255633577704,0.0005233660922385752,3.1401441447087564e-06,2.6877833079197444e-06,0.0004359110025689006,0.0002607091155368835,1.8401711713522673e-05,0.0002632571558933705,0.013313671573996544,0.011505364440381527,0.0,0.014761604368686676,6.0131722420919687e-05,0.32482680678367615,7.990487574716099e-06,,,,
615,0.012064791284501553,7.141988984097073e-05,229.80340115196304,0.43411532044410706,0.0011377292685210705,0.0004882715584244579,2.6803779746842338e-06,2.617936388560338e-06,0.00044323079055175185,0.00026006693951785564,1.842131132434588e-05,0.0002626239729579538,0.005629676394164562,0.005965821444988251,0.0,0.01633671671152115,0.00018305577395949513,0.3249061703681946,1.629981488804333e-05,,,,
616,0.015507164411246777,7.114087152224132e-05,230.17869538196828,0.18926969170570374,0.0012051897356286645,0.0005845462437719107,2.5665829070931068e-06,2.1665346139343455e-06,0.0004925701068714261,0.0002584141620900482,1.825055187509861e-05,0.0002617235586512834,0.022270211949944496,0.012238581664860249,0.0,0.029113031923770905,0.0001710195792838931,0.324985533952713,1.4768707842449658e-05,,,,
617,0.01289154402911663,7.086218737944054e-05,230.5615256789606,0.4259026348590851,0.001073996303603053,0.0005178262945264578,3.0295896067400463e-06,2.419725205982104e-06,0.0004465815145522356,0.00026097556110471487,1.797559525584802e-05,0.0002649101661518216,0.015792541205883026,0.013892128132283688,0.0,0.004917347338050604,3.460203151917085e-05,0.32506927847862244,1.7792372091207653e-05,,,,
618,0.012608191929757595,7.05838401630683e-05,230.94818210898666,0.5275952219963074,0.0011709018144756556,0.00042578106513246894,2.947197572211735e-06,2.5048962015716825e-06,0.0004377791192382574,0.00026232225354760885,1.7801150534069166e-05,0.0002664022031240165,0.01577584259212017,0.012176435440778732,0.0,0.020883116871118546,6.14653472439386e-05,0.3251453936100006,7.324330908886623e-06,,,,
619,0.01248517632484436,7.030583262029931e-05,231.3247609269456,0.25111106038093567,0.001295016729272902,0.0004648056928999722,2.8629565349547192e-06,2.6215470825263765e-06,0.0004527371493168175,0.0002613136894069612,1.747226997395046e-05,0.0002642167382873595,0.005004809703677893,0.016715237870812416,0.0,0.0056240735575556755,3.3939562854357064e-05,0.3252248167991638,1.5167234778346028e-05,,,,
620,0.014664685353636742,7.002816749495575e-05,231.69836927694269,0.5409042835235596,0.0011474493658170104,0.0006035789847373962,2.7607618449110305e-06,2.3424734081345377e-06,0.0006126555381342769,0.00026843862724490464,1.7245291019207798e-05,0.00027090375078842044,0.01712360605597496,0.010054318234324455,0.0,0.015973735600709915,6.61677258904092e-05,0.3252966105937958,2.0768315152963623e-05,,,,
621,0.014203709550201893,6.97508475274803e-05,232.0728481449769,0.23875270783901215,0.0012366907903924584,0.0004437166207935661,2.720693373703398e-06,2.0806160136999097e-06,0.0004302520537748933,0.00026414054445922375,1.710487049422227e-05,0.00026696338318288326,0.008719291538000107,0.024604544043540955,0.0,0.0292903371155262,3.872545130434446e-05,0.32536622881889343,1.4819498574070167e-05,,,,
622,0.01270909234881401,6.947387545490913e-05,232.4493243659963,0.3113669455051422,0.0009843854932114482,0.0004191792104393244,3.237488954255241e-06,2.1681232738046674e-06,0.0005050586769357324,0.00026149910991080105,1.7106642189901322e-05,0.0002649380767252296,0.007218012120574713,0.022826898843050003,0.0,0.016986658796668053,3.7100224290043116e-05,0.32544130086898804,1.3657163435709663e-05,,,,
623,0.01407836563885212,6.91972540108447e-05,232.82380493497476,0.6245539784431458,0.0009599192417226732,0.0005966994795016944,3.1472163755097426e-06,1.9189260456187185e-06,0.0004208108293823898,0.00026358876493759453,1.7106305676861666e-05,0.0002673380950000137,0.014983677305281162,0.01734986901283264,0.0,0.009814522229135036,2.9911519959568977e-05,0.3255153000354767,7.742048182990402e-06,,,,
624,0.012763886712491512,6.892098592542908e-05,233.1999847299885,0.10338322818279266,0.001196629018522799,0.00043855467811226845,2.7767080155172152e-06,1.960637519005104e-06,0.00039494759403169155,0.00026059368974529207,1.715740654617548e-05,0.000263704831013456,0.014580218121409416,0.016923565417528152,0.0,0.013912838883697987,7.063818338792771e-05,0.3255838453769684,9.366131052956916e-06,,,,
625,0.014620527625083923,6.864507392531665e-05,233.57345642894506,0.6328786015510559,0.0010387618094682693,0.0005089034093543887,2.7377282094676048e-06,2.2459648789663333e-06,0.0005249614478088915,0.000266321818344295,1.7301837942795828e-05,0.00026875038747675717,0.005281494930386543,0.02380421757698059,0.0,0.03157762065529823,9.973244232241996e-06,0.32565024495124817,8.378358870686498e-06,1.1038752259991973,6.493481633622255,0.9906407434824768,0.7880717233195889
626,0.011965177021920681,6.836952073364751e-05,233.97744734195294,0.4158129394054413,0.0010252518113702536,0.0005046539008617401,2.900491381296888e-06,2.272587835250306e-06,0.00043238207581453025,0.0002604456094559282,1.741841515467968e-05,0.00026323227211833,0.002187117235735059,0.007243411149829626,0.0,0.017518453299999237,0.00012616097228601575,0.3257242739200592,1.5388101019198075e-05,,,,
627,0.011824841611087322,6.809432907002041e-05,234.34879180899588,0.888347864151001,0.001221019309014082,0.00042772875167429447,3.3245985378016485e-06,2.1424978058348643e-06,0.0004999678931199014,0.00026209757197648287,1.7508356904727407e-05,0.00026590455672703683,0.011559891514480114,0.005639329552650452,0.0,0.0182219035923481,2.2103035007603467e-05,0.3257972002029419,1.2826336387661286e-05,,,,
628,0.01576833613216877,6.781950165046597e-05,234.72054207097972,0.7213261723518372,0.0010656717931851745,0.00048786442494019866,3.343461457916419e-06,3.1477493394049816e-06,0.000433523760875687,0.00025760033167898655,1.7374075468978845e-05,0.0002607596979942173,0.026629427447915077,0.03231515735387802,0.0,0.02183244191110134,5.2364757721079513e-05,0.32586798071861267,5.060881449026056e-06,,,,
629,0.011720073409378529,6.754504118741983e-05,235.09340483898995,0.3309415876865387,0.0009658414055593312,0.0004482637741602957,3.213746822439134e-06,2.2833219190943055e-06,0.00040899444138631225,0.0002584160538390279,1.7183221643790603e-05,0.000261360255535692,0.0117235342040658,0.012248407118022442,0.0,0.010905657894909382,5.7254888815805316e-05,0.32594093680381775,2.2744337911717594e-05,,,,
630,0.014360872097313404,6.7270950389696e-05,235.46218299196335,0.5545612573623657,0.0011708306847140193,0.0004575065686367452,3.2084151371236658e-06,2.5438864668103633e-06,0.0005238972953520715,0.0002608987269923091,1.7033064068527892e-05,0.00026358297327533364,0.035441186279058456,0.011890880763530731,0.0,0.024739820510149002,9.453583334106952e-05,0.3260095417499542,1.649095975153614e-05,,,,
631,0.013199066743254662,6.699723196246003e-05,235.83243445394328,0.32712140679359436,0.0009703697287477553,0.0005685080541297793,2.7384473924030317e-06,2.0873826542811003e-06,0.00030919205164536834,0.0002643792249727994,1.6920796042541042e-05,0.0002669649838935584,0.014413392171263695,0.012537001632153988,0.0,0.013690385967493057,1.5876805264269933e-05,0.3260846734046936,1.0519618626858573e-05,,,,
632,0.01562805101275444,6.672388860720222e-05,236.20351772999857,0.3696160912513733,0.0012073864927515388,0.0005109262419864535,2.509538035155856e-06,2.3303614398173522e-06,0.0003880064468830824,0.0002650724200066179,1.6810885426821187e-05,0.0002678526216186583,0.026798810809850693,0.029986688867211342,0.0,0.016034569591283798,2.072226743621286e-05,0.3261565566062927,1.0394188393547665e-05,,,,
633,0.011838598176836967,6.645092302171119e-05,236.5823574809474,0.470864862203598,0.0010853747371584177,0.0004960980731993914,2.913530579462531e-06,2.5897140858432977e-06,0.0003725532442331314,0.00025998742785304785,1.69700724654831e-05,0.0002629359078127891,0.002503760391846299,0.014225080609321594,0.0,0.004377073608338833,3.8005979149602354e-05,0.32622846961021423,6.756211405445356e-06,,,,
634,0.015835585072636604,6.617833790004703e-05,236.9553640819504,0.5854371190071106,0.0011364941019564867,0.0006250615697354078,2.669949935807381e-06,2.2180563519214047e-06,0.0005046374863013625,0.000259425985859707,1.7238329746760428e-05,0.000262709945673123,0.036566268652677536,0.015461488626897335,0.0,0.010088862851262093,3.563841892173514e-05,0.3262927532196045,1.0730780559242703e-05,,,,
635,0.013373739086091518,6.590613593251484e-05,237.3297444289783,0.2003665715456009,0.0010449372930452228,0.0005905446596443653,2.401877736701863e-06,1.9756980691454373e-06,0.00040786524186842144,0.0002595956902951002,1.734362740535289e-05,0.0002625363995321095,0.0048077292740345,0.015362558886408806,0.0,0.00893917866051197,3.8210913771763444e-05,0.3263559341430664,1.7731928892317228e-05,,,,
636,0.012100917287170887,6.563431980563819e-05,237.70521750097396,0.2823087275028229,0.0011002208339050412,0.0004403305647429079,2.87123907583009e-06,1.872974735306343e-06,0.0004275014507584274,0.0002612035605125129,1.7408656276529655e-05,0.0002637432480696589,0.012042333371937275,0.011606099084019661,0.0,0.015559352934360504,8.317605534102768e-05,0.32641369104385376,1.4248688785301056e-05,,,,
637,0.012938125990331173,6.53628922021325e-05,238.08489855600055,0.3612936735153198,0.0010559323709458113,0.0005124679883010685,2.88597743747232e-06,2.1247351469355635e-06,0.00039318445487879217,0.0002617972204461694,1.7357131582684815e-05,0.0002642178151290864,0.01748579554259777,0.011218264698982239,0.0,0.01430986262857914,2.489298458385747e-05,0.32647034525871277,1.6037140085245483e-05,,,,
638,0.012501484714448452,6.50918558008786e-05,238.46330924297217,0.33259087800979614,0.0011219579027965665,0.0005515835946425796,2.8882859623990953e-06,2.357509856665274e-06,0.0005336079630069435,0.0002619348233565688,1.730436815705616e-05,0.0002644188061822206,0.01247570849955082,0.004494324792176485,0.0,0.006445292383432388,1.822860212996602e-05,0.3265259265899658,7.860641744628083e-06,,,,
639,0.01360265538096428,6.48212132768964e-05,238.88061725295847,0.30157366394996643,0.001116739003919065,0.0005242829211056232,2.919975258919294e-06,2.241748461528914e-06,0.0004437114985194057,0.0002616385754663497,1.7136580936494283e-05,0.0002640611201059073,0.022092517465353012,0.01437675952911377,0.0,0.008638493716716766,5.709098695660941e-05,0.3265760838985443,1.4407094568014145e-05,,,,
640,0.012704079039394855,6.455096730131829e-05,239.25497957499465,0.28881290555000305,0.0011817143531516194,0.0005533058429136872,2.853258365576039e-06,2.0197937828925205e-06,0.0004373590345494449,0.00026096717920154333,1.713746678433381e-05,0.0002633101539686322,0.009253780357539654,0.006501640658825636,0.0,0.009324833750724792,0.00011212813114980236,0.32662296295166016,6.211611434991937e-06,,,,
641,0.014155813492834568,6.428112054136301e-05,239.62937806994887,0.29449039697647095,0.001368536613881588,0.00048696273006498814,2.8641443350352347e-06,1.9748526938201394e-06,0.0003440518048591912,0.00025886596995405853,1.7077232769224793e-05,0.000261382112512365,0.024411814287304878,0.016788095235824585,0.0,0.016524886712431908,3.162446228088811e-05,0.3266676366329193,6.794190539949341e-06,,,,
642,0.013775639235973358,6.401167566030912e-05,240.00413869397016,0.1824883669614792,0.0011239692103117704,0.00044557193177752197,2.4472421955579193e-06,1.98562065634178e-06,0.00047075276961550117,0.0002580341824796051,1.7103759091696702e-05,0.00026095847715623677,0.007822111248970032,0.025352995842695236,0.0,0.023510649800300598,2.598908577056136e-05,0.32671451568603516,9.84774851531256e-06,,,,
643,0.015503148548305035,6.374263531746876e-05,240.37649018596858,0.2606624364852905,0.0010324715403839946,0.0005177250131964684,2.666068212420214e-06,2.1049384031357476e-06,0.000613212410826236,0.0002592893724795431,1.6926260286709294e-05,0.00026237318525090814,0.019355982542037964,0.030544545501470566,0.0,0.014827040955424309,0.00010143494728254154,0.32676902413368225,1.3203933121985756e-05,,,,
644,0.012943390756845474,6.34740021681616e-05,240.75317832594737,0.24483533203601837,0.0009481944725848734,0.0004674966912716627,2.6352540771767963e-06,2.3464488094759872e-06,0.0004997462383471429,0.0002585443144198507,1.6613634215900674e-05,0.0002613890392240137,0.013909853994846344,0.014641618356108665,0.0,0.019340677186846733,0.0001781293103704229,0.3268224596977234,3.6618489502870943e-06,,,,
645,0.015994524583220482,6.320577886368827e-05,241.13463418697938,0.10060342401266098,0.001086976146325469,0.0004830314719583839,2.6321956738684094e-06,2.0042491541971685e-06,0.0004956836346536875,0.00026169352349825203,1.6120102372951806e-05,0.00026453923783265054,0.059069857001304626,0.01595977321267128,0.0,0.024888627231121063,0.00011458159133326262,0.32687699794769287,7.171363904490136e-06,,,,
646,0.014932874590158463,6.293796805130459e-05,241.50892677594675,0.2796890139579773,0.001152672921307385,0.0006225061370059848,2.582432898634579e-06,2.286011294927448e-06,0.0005570492940023541,0.0002687904052436352,1.5743968106107786e-05,0.0002720399643294513,0.01848054863512516,0.011057252064347267,0.0,0.015503091737627983,8.808985876385123e-05,0.3269369602203369,7.682406248932239e-06,,,,
647,0.010726213455200195,6.267057237419507e-05,241.88543923798716,0.4456571042537689,0.0010054213926196098,0.0004000121261924505,2.5575525341992034e-06,2.3016170871414943e-06,0.0003457447746768594,0.0002686293446458876,1.5664239981560968e-05,0.00027190212858840823,0.013167469762265682,0.004554624669253826,0.0,0.01826556958258152,4.03703743359074e-05,0.326995849609375,1.4436072888202034e-05,,,,
648,0.014815866015851498,6.240359447144717e-05,242.25860753899906,0.40585216879844666,0.001212732749991119,0.0005152210942469537,2.6651239295460982e-06,2.5839617592282593e-06,0.0006085769273340702,0.0002595455152913928,1.5686449842178263e-05,0.00026264722691848874,0.02224138379096985,0.020945187658071518,0.0,0.009671746753156185,0.00014242905308492482,0.32705584168434143,1.4913672202965245e-05,,,,
649,0.014163682237267494,6.213703697802494e-05,242.63150907796808,0.4251052737236023,0.0012021532747894526,0.000440674542915076,3.1938038773660082e-06,2.162651071557775e-06,0.0006273448234423995,0.00025723304133862257,1.5898824130999856e-05,0.0002601715095806867,0.0184540543705225,0.018053334206342697,0.0,0.025541335344314575,6.394511001417413e-05,0.32711583375930786,3.4018357837339863e-06,,,,
650,0.013857821002602577,6.187090252474328e-05,243.0062051519635,0.4703744053840637,0.0010174583876505494,0.00046111815026961267,3.387614469829714e-06,2.3550819605588913e-06,0.0005114490631967783,0.0002564617316238582,1.6211839465540834e-05,0.0002591426600702107,0.04662303254008293,0.0070519899018108845,0.0,0.019555434584617615,7.071172876749188e-05,0.32718130946159363,1.941066875588149e-05,1.0171504389005104,6.475524869856327,0.9413703315411069,0.7210066222031861
651,0.012625186704099178,6.16051937382418e-05,243.42268553294707,0.16558252274990082,0.0013005167711526155,0.0005082605639472604,2.887671826101723e-06,2.0271822904760484e-06,0.000546972849406302,0.00025778880808502436,1.657166467339266e-05,0.0002600248553790152,0.006326595786958933,0.0040819416753947735,0.0,0.01883563958108425,2.3576412786496803e-05,0.327246755361557,1.725023139442783e-05,,,,
652,0.014543888159096241,6.133991324095889e-05,243.7996598929749,0.5616123676300049,0.0013936803443357348,0.00045538495760411024,2.808825229294598e-06,2.1828116132383e-06,0.00037175253964960575,0.00026315433206036687,1.6968348063528538e-05,0.00026468897704035044,0.03761111944913864,0.018465787172317505,0.0,0.013305404223501682,8.223403710871935e-06,0.3273111581802368,9.100351235247217e-06,,,,
653,0.015613009221851826,6.107506365110599e-05,244.16969205497298,0.3275843858718872,0.0011909083696082234,0.0004930876893922687,3.1677914194006007e-06,2.1252290025586262e-06,0.00044489416177384555,0.0002585675101727247,1.7339796613669023e-05,0.00025995730538852513,0.010559773072600365,0.03931241109967232,0.0,0.01256570778787136,0.00017430642037652433,0.32737335562705994,1.7303502318100072e-05,,,,
654,0.013201233930885792,6.081064758264168e-05,244.54969622695353,0.09147421270608902,0.0010055636521428823,0.0004998160875402391,3.4121057979064062e-06,1.968776132343919e-06,0.0003473535762168467,0.0002552825026214123,1.7637054043007083e-05,0.0002569679345469922,0.020136434584856033,0.007573530077934265,0.0,0.030951283872127533,3.5506178392097354e-05,0.3274344503879547,6.358766768244095e-06,,,,
655,0.01590311899781227,6.054666764524576e-05,244.92739081097534,0.38330432772636414,0.0012531778775155544,0.0005300391931086779,3.010129603353562e-06,2.4735873012105003e-06,0.0005683578783646226,0.00025661991094239056,1.778606019797735e-05,0.00025872018886730075,0.026071768254041672,0.02465325966477394,0.0,0.01909097656607628,1.3164355550543405e-05,0.32750213146209717,1.03494221548317e-05,,,,
656,0.011374612338840961,6.028312644429365e-05,245.30085095594404,0.407115638256073,0.0011247494257986546,0.00042733829468488693,2.6514339879213367e-06,2.1075418317195727e-06,0.0003907723294105381,0.00025791340158320963,1.7781665519578382e-05,0.00026006082771345973,0.016892284154891968,0.008349215611815453,0.0,0.007189314812421799,4.989221997675486e-05,0.32757091522216797,7.558744982816279e-06,,,,
657,0.01527711283415556,6.0020026580830566e-05,245.67600729496917,0.1875479817390442,0.0012799524702131748,0.0005623729666694999,2.465280886099208e-06,1.9138612969982205e-06,0.00037489639362320304,0.0002567617339082062,1.744873407005798e-05,0.0002583322348073125,0.010578441433608532,0.03135954216122627,0.0,0.00799121055752039,4.743773024529219e-05,0.32763421535491943,1.0479900083737448e-05,,,,
658,0.013125060126185417,5.975737065154599e-05,246.05117167596472,0.40937626361846924,0.000924379623029381,0.0005584770115092397,2.4281375772261526e-06,2.0634734028135426e-06,0.000439064868260175,0.0002608400827739388,1.6959424101514742e-05,0.0002623854670673609,0.011024797335267067,0.010533948428928852,0.0,0.01898113638162613,2.4052844310062937e-05,0.3276931941509247,9.28300778468838e-06,,,,
659,0.011842266656458378,5.949516124874793e-05,246.42404025094584,0.20341332256793976,0.0012560258619487286,0.0004506935365498066,2.489445250830613e-06,2.0977886379114352e-06,0.0005538953701034188,0.00026078789960592985,1.6462194253108464e-05,0.00026267458451911807,0.0063445535488426685,0.00896543264389038,0.0,0.008283817209303379,6.721990939695388e-05,0.32775431871414185,5.416671683633467e-06,,,,
660,0.013495459221303463,5.923340096033729e-05,246.80182609398616,0.20038625597953796,0.0011404280085116625,0.0005689028184860945,2.6339230316807516e-06,2.0908480564685306e-06,0.00041493511525914073,0.0002592960081528872,1.5910853107925504e-05,0.00026159000117331743,0.0047604115679860115,0.01166488230228424,0.0,0.01808822527527809,0.00011338188778609037,0.3278111219406128,1.8838489268091507e-05,,,,
661,0.012711361050605774,5.897209236978241e-05,247.18087011296302,0.35686126351356506,0.001049452112056315,0.00045855750795453787,2.898712864407571e-06,2.307077238583588e-06,0.0004107300192117691,0.0002593862300273031,1.544215228932444e-05,0.0002620308077894151,0.030603304505348206,0.010225063189864159,0.0,0.011196094565093517,1.5338726370828226e-05,0.32787007093429565,2.0030005543958396e-05,,,,
662,0.011099244467914104,5.871123805609367e-05,247.55701566499192,0.5705497860908508,0.001101963920518756,0.00043164007365703583,2.621079602249665e-06,2.119714736181777e-06,0.0005916372174397111,0.0002579014399088919,1.5119867384782992e-05,0.00026073859771713614,0.007203313056379557,0.0050618452951312065,0.0,0.008916192688047886,9.923652396537364e-05,0.3279268741607666,7.118806024664082e-06,,,,
663,0.012467939406633377,5.845084059379778e-05,247.93115163897164,0.25619006156921387,0.0010312289232388139,0.00044333975529298186,2.5931028631021036e-06,2.1873111109016463e-06,0.00047875865129753947,0.0002589879441075027,1.485156190028647e-05,0.00026246646302752197,0.014294542372226715,0.014522336423397064,0.0,0.01463950052857399,0.00010001118062064052,0.32797929644584656,1.078497643902665e-05,,,,
664,0.013666238635778427,5.8190902552912504e-05,248.30267443094635,0.39033862948417664,0.0010330015793442726,0.0005704777431674302,2.7927972041652538e-06,2.110659352183575e-06,0.0003606985555961728,0.00026794703444465995,1.4780799574509729e-05,0.0002719751209951937,0.006271710619330406,0.01874450221657753,0.0,0.013228315860033035,3.401293361093849e-05,0.32803282141685486,6.950534498173511e-06,,,,
665,0.012912158854305744,5.7931426498921505e-05,248.6780621910002,0.4208289086818695,0.0010480446508154273,0.00044723734026774764,2.443057155687711e-06,2.1432447283586953e-06,0.0002789423451758921,0.00026775122387334704,1.488392172177555e-05,0.00027156926807947457,0.026254193857312202,0.014441829174757004,0.0,0.01793278567492962,9.54584902501665e-05,0.32808417081832886,1.5858506230870262e-05,,,,
666,0.012694347649812698,5.76724149927486e-05,249.05189786094707,0.31263047456741333,0.001145402668043971,0.00045831906027160585,2.4266330456157448e-06,2.738902139753918e-06,0.00048696546582505107,0.00025916993035934865,1.510691345174564e-05,0.0002622543543111533,0.004019859246909618,0.01624726504087448,0.0,0.017297882586717606,9.357070666737854e-05,0.3281366229057312,7.546451342932414e-06,,,,
667,0.013156349770724773,5.741387059073281e-05,249.4292332129553,0.5299583077430725,0.0012331869220361114,0.0003685527481138706,2.3792777028575074e-06,2.259725079056807e-06,0.0005695708096027374,0.00025722692953422666,1.5319623344112188e-05,0.00025974135496653616,0.04162493720650673,0.011559979058802128,0.0,0.01450563408434391,3.79618359147571e-05,0.3281879723072052,1.9967512344010174e-05,,,,
668,0.013323798775672913,5.715579584460295e-05,249.80469381797593,0.3621572256088257,0.001190845505334437,0.0005253513227216899,3.2493942399014486e-06,1.901580617413856e-06,0.0006062433822080493,0.0002566323964856565,1.555117341922596e-05,0.0002587160561233759,0.011666604317724705,0.009266139939427376,0.0,0.012328975833952427,0.00015745694690849632,0.3282393217086792,9.317267540609464e-06,,,,
669,0.013447512872517109,5.6898193301452654e-05,250.17535145697184,0.6491478085517883,0.0010222551645711064,0.000382161233574152,4.585344868246466e-06,2.3929183043946978e-06,0.0006608915864489973,0.0002570139185991138,1.5708528735558502e-05,0.00025880237808451056,0.015554912388324738,0.0216359905898571,0.0,0.02553563192486763,4.6290668251458555e-05,0.32828959822654724,6.430478151742136e-06,,,,
670,0.013636146672070026,5.664106550371494e-05,250.55112478299998,0.20646144449710846,0.001080727786757052,0.00046309427125379443,2.668409933903604e-06,2.1391306290752254e-06,0.0005050617619417608,0.0002617575810290873,1.5974761481629685e-05,0.0002631796814966947,0.02809061110019684,0.014375224709510803,0.0,0.018221495673060417,2.4016117095015943e-05,0.32834532856941223,4.68332291347906e-06,,,,
671,0.013208914548158646,5.6384414989137456e-05,250.92314911395079,0.5978567600250244,0.0011814736062660813,0.0004105323168914765,3.1868592031969456e-06,3.2844980069057783e-06,0.0005541346035897732,0.00026378699112683535,1.6277072063530795e-05,0.0002647034707479179,0.021228091791272163,0.01400698907673359,0.0,0.021253937855362892,5.676865475834347e-05,0.3284010887145996,1.6728652553865686e-05,,,,
672,0.012595094740390778,5.612824429075709e-05,251.30446466099238,0.49656111001968384,0.0009652465232647955,0.00046838828711770475,2.7523437893250957e-06,2.6112534214917105e-06,0.000592678552493453,0.0002650124952197075,1.660475209064316e-05,0.00026560990954749286,0.02020896226167679,0.008711625821888447,0.0,0.014172812923789024,9.462414163863286e-05,0.3284590244293213,1.323946526099462e-05,,,,
673,0.012259209528565407,5.587255593687529e-05,251.68060985696502,0.8860682845115662,0.0009908531792461872,0.0004549806471914053,3.177204007442924e-06,2.5018889573402703e-06,0.0004726053448393941,0.0002645965723786503,1.7019174265442416e-05,0.00026489474112167954,0.018610255792737007,0.007355080917477608,0.0,0.019398599863052368,4.098499994142912e-05,0.3285158574581146,1.9589489966165274e-05,,,,
674,0.012810691259801388,5.5617352451032836e-05,252.05971653497545,0.42950502038002014,0.0012164005311205983,0.0005047280574217439,2.8091558306186926e-06,2.1964988263789564e-06,0.00040725371218286455,0.0002579719293862581,1.7569520423421636e-05,0.0002583761524874717,0.005276830401271582,0.013006016612052917,0.0,0.01571563072502613,1.7792797734728083e-05,0.32857272028923035,8.286790034617297e-06,,,,
675,0.010825504548847675,5.536263635198507e-05,252.4388024759828,0.4660505950450897,0.0012067031348124146,0.00041537772631272674,2.513296749384608e-06,2.11190854315646e-06,0.00037923193303868175,0.00025791439111344516,1.8123861082131043e-05,0.0002585595357231796,0.004705760627985001,0.008120264858007431,0.0,0.009668076410889626,1.7043485058820806e-05,0.328630656003952,8.727380190975964e-06,1.0494445429951396,6.4977743899744365,0.926903814126107,0.7492129092560316
676,0.012805404141545296,5.51084101536771e-05,252.852502705995,0.24610885977745056,0.0011232669930905104,0.0004609081370290369,2.5973422452807426e-06,1.936423814186128e-06,0.0003970776160713285,0.00025557406479492784,1.8457603800925426e-05,0.00025593428290449083,0.01827879808843136,0.010032176971435547,0.0,0.02295246720314026,5.8168610848952085e-05,0.32868534326553345,7.071526397339767e-06,,,,
677,0.013163669034838676,5.4854676365218905e-05,253.2318276219885,0.4294109642505646,0.001003227080218494,0.0005028826999478042,2.3099573809304275e-06,1.9778040041273925e-06,0.00042527291225269437,0.0002552814839873463,1.871584026957862e-05,0.00025541672948747873,0.014331436716020107,0.01689174771308899,0.0,0.013010736554861069,0.00011468834418337792,0.32874220609664917,9.843181032920256e-06,,,,
678,0.012801446951925755,5.4601437490860495e-05,253.60742143099196,0.46910765767097473,0.0012341717956587672,0.0004119549412280321,2.997976480401121e-06,2.0786726508958964e-06,0.00034624882391653955,0.0002551545621827245,1.8869366613216698e-05,0.00025566518888808787,0.017578912898898125,0.017810119315981865,0.0,0.017316948622465134,3.242342791054398e-05,0.3287968933582306,7.729803655820433e-06,,,,
679,0.01152005698531866,5.434869602996729e-05,253.9874601829797,0.3839900493621826,0.0010135147022083402,0.00041238858830183744,2.7721316655515693e-06,2.2424324015446473e-06,0.0005599034484475851,0.0002589749055914581,1.8881526557379402e-05,0.0002608791401144117,0.021545501425862312,0.00501483166590333,0.0,0.013515545055270195,2.007721377594862e-05,0.32885047793388367,1.274844089493854e-05,,,,
680,0.011614441871643066,5.4096454476995546e-05,254.36560624995036,0.5385924577713013,0.0011386097176000476,0.00045319818309508264,2.489992994014756e-06,1.959744395207963e-06,0.0005793840973637998,0.00026281524333171546,1.8747545254882425e-05,0.00026531011098995805,0.007979433983564377,0.008302158676087856,0.0,0.007259063422679901,2.3194179448182695e-05,0.3289029896259308,7.729990102234297e-06,,,,
681,0.014113440178334713,5.3844715321467514e-05,254.7406536329654,0.3404484987258911,0.0012142149498686194,0.00048212119145318866,2.8744698283844627e-06,2.056053290289128e-06,0.0005198935396037996,0.0002576993720140308,1.841799712565262e-05,0.0002597251150291413,0.025498148053884506,0.010310455225408077,0.0,0.02773904800415039,2.649661837494932e-05,0.3289511203765869,1.062768842530204e-05,,,,
682,0.012445478700101376,5.3593481047947e-05,255.11467263597297,0.6380247473716736,0.0011097058886662126,0.00044444535160437226,3.0050318855501246e-06,2.7540863811736926e-06,0.00028450204990804195,0.0002612850221339613,1.8086946511175483e-05,0.00026265307678841054,0.010758662596344948,0.01566924899816513,0.0,0.020296934992074966,1.8515918782213703e-05,0.32900470495224,8.425657142652199e-06,,,,
683,0.013205403462052345,5.33427541360149e-05,255.48978100798558,0.469393253326416,0.0010148086585104465,0.0005489741452038288,2.8254175958863925e-06,2.1518590074265376e-06,0.0005104486481286585,0.0002619219885673374,1.8002359865931794e-05,0.00026351059204898775,0.0117086973041296,0.008798003196716309,0.0,0.01769092306494713,7.182809349615127e-05,0.3290594220161438,6.229660357348621e-06,,,,
684,0.01381488423794508,5.3092537060244644e-05,255.86256468395004,0.37274008989334106,0.0010253038490191102,0.0004394150455482304,2.8495860533439554e-06,2.21307527681347e-06,0.0004245739837642759,0.00025792879750952125,1.794817035261076e-05,0.0002602793974801898,0.02943793497979641,0.026648402214050293,0.0,0.005354961846023798,9.332791523775086e-05,0.32911303639411926,7.985649972397368e-06,,,,
685,0.013524836860597134,5.28428322901777e-05,256.23329163499875,0.43378913402557373,0.0012873878004029393,0.0005172427045181394,2.532911821617745e-06,2.042371306743007e-06,0.0003139657201245427,0.000257539504673332,1.7912447219714522e-05,0.0002612534153740853,0.003756018588319421,0.018783800303936005,0.0,0.01782754436135292,2.43574904743582e-05,0.32916009426116943,2.075816155411303e-05,,,,
686,0.01351295504719019,5.259364229029933e-05,256.6121836019447,0.4265298545360565,0.0013078143820166588,0.0004411520785652101,2.45333421844407e-06,2.27637588068319e-06,0.0006467238417826593,0.0002576569386292249,1.7689068045001477e-05,0.00026198793784715235,0.02555689960718155,0.007483853027224541,0.0,0.02217387780547142,3.559368633432314e-05,0.32920822501182556,1.8819286196958274e-05,,,,
687,0.010867593809962273,5.234496952001428e-05,256.9879061909742,0.524314820766449,0.0012507366482168436,0.00041464430978521705,3.617326910898555e-06,2.531465270294575e-06,0.00042433920316398144,0.00025474128779023886,1.7458653019275516e-05,0.0002589999057818204,0.013602597638964653,0.004410377237945795,0.0,0.004108492285013199,9.709200639917981e-06,0.3292596638202667,2.005149144679308e-05,,,,
688,0.011594398878514767,5.209681643362233e-05,257.36566018598387,0.1714896559715271,0.0010497875045984983,0.00048175168922170997,2.5792141968850046e-06,2.0655816115322523e-06,0.0004891864955425262,0.0002551394863985479,1.72570398717653e-05,0.0002591714437585324,0.005659990943968296,0.006568563170731068,0.0,0.013114968314766884,2.2896841983310878e-05,0.32930564880371094,6.561440386576578e-06,,,,
689,0.01189450453966856,5.184918548029434e-05,257.740845480992,0.3672548532485962,0.0012084132758900523,0.0004127928405068815,2.4149931050487794e-06,2.1390269466792233e-06,0.0005241612670943141,0.0002587048220448196,1.7130882042692974e-05,0.00026220266590826213,0.011627212166786194,0.0073747169226408005,0.0,0.0183339174836874,0.00011919368989765644,0.32935160398483276,8.897781299310736e-06,,,,
690,0.012918785214424133,5.160207910404778e-05,258.1125531969592,0.45842763781547546,0.0012099904706701636,0.000393957132473588,2.494591626600595e-06,2.345785333091044e-06,0.0003853824455291033,0.0002619010047055781,1.7083480997825973e-05,0.0002650606329552829,0.005760435946285725,0.020152686163783073,0.0,0.028383444994688034,0.00013027977547608316,0.3293986916542053,1.526563755760435e-05,,,,
691,0.014143814332783222,5.1355499743722884e-05,258.48473238095175,0.2554181218147278,0.001142885652370751,0.00043002268648706377,3.0220103326428216e-06,2.422684246994322e-06,0.0005033145425841212,0.00025729084154590964,1.717759732855484e-05,0.00026046758284792304,0.026636900380253792,0.024123143404722214,0.0,0.014710848219692707,4.285740578779951e-05,0.3294523358345032,1.478019476053305e-05,,,,
692,0.013458900153636932,5.110944983295834e-05,258.8584815799841,0.42418158054351807,0.001038721646182239,0.00043310652836225927,2.7171145120519213e-06,2.078608304145746e-06,0.0004630844050552696,0.0002559145796112716,1.739849176374264e-05,0.0002592020609881729,0.027717750519514084,0.01166190579533577,0.0,0.028088539838790894,0.000170485393027775,0.329505980014801,1.1814026038337033e-05,,,,
693,0.011994468048214912,5.0863931800167466e-05,259.2337393729831,0.3837991952896118,0.0010229077888652682,0.00039043830474838614,2.4780247258604504e-06,1.9839346805383684e-06,0.0005574163515120745,0.00025601862580515444,1.7480853784945793e-05,0.00025909370742738247,0.015254846774041653,0.018963826820254326,0.0,0.004962601233273745,0.00012524428893812,0.32956618070602417,1.3322605809662491e-05,,,,
694,0.010958471335470676,5.061894806851404e-05,259.61000048095593,0.1624521017074585,0.0010135159827768803,0.0003438323037698865,2.909376917159534e-06,1.8382287407803233e-06,0.00035977509105578065,0.0002565915638115257,1.7519989341963083e-05,0.0002591563679743558,0.009446512907743454,0.014475098811089993,0.0,0.018589021638035774,0.00010608223965391517,0.3296198546886444,1.274478381674271e-05,,,,
695,0.013050919398665428,5.037450105588872e-05,259.98705321294256,0.6511000990867615,0.0009888882050290704,0.00043788726907223463,2.5851272766885813e-06,2.1762789401691407e-06,0.0004796000139322132,0.00026229643844999373,1.7608836060389876e-05,0.00026434208848513663,0.007586451712995768,0.017573457211256027,0.0,0.0300845168530941,7.130063022486866e-05,0.3296724259853363,1.750170486047864e-05,,,,
696,0.01221045944839716,5.013059317488478e-05,260.3609494479606,0.38408613204956055,0.00106819998472929,0.0004930399009026587,2.676242274901597e-06,2.2577396521228366e-06,0.00039965956239029765,0.0002572663070168346,1.7826580005930737e-05,0.0002593752578832209,0.009044982492923737,0.009031700901687145,0.0,0.01656736060976982,3.485540219116956e-05,0.3297293782234192,1.0896492312895134e-05,,,,
697,0.01286652497947216,4.9887226832774486e-05,260.73574253497645,0.27270767092704773,0.0010070258285850286,0.000516500964295119,2.306569285792648e-06,2.072254346785485e-06,0.0004244022420607507,0.00025545843527652323,1.7916572687681764e-05,0.0002577631385065615,0.023515067994594574,0.007681179791688919,0.0,0.014330724254250526,3.8711521483492106e-05,0.32978522777557373,8.756848728808109e-06,,,,
698,0.01296148169785738,4.964440443148547e-05,261.1128624039702,0.38071903586387634,0.0009617381147108972,0.00039433385245501995,2.994829173985636e-06,1.8528899090597406e-06,0.0003156325255986303,0.0002552100922912359,1.7861251762951724e-05,0.0002574701502453536,0.010439886711537838,0.02799893729388714,0.0,0.020496658980846405,0.00019777145644184202,0.32983890175819397,9.615321687306277e-06,,,,
699,0.014174290932714939,4.9402128367576747e-05,261.49566517496714,0.33087801933288574,0.001112499157898128,0.0004794252454303205,2.6214866011287086e-06,2.2206202174857026e-06,0.00044451840221881866,0.00025510587147437036,1.787903420336079e-05,0.00025744448066689074,0.04125558212399483,0.013879808597266674,0.0,0.013385087251663208,5.9439924370963126e-05,0.32989367842674255,7.391304734483128e-06,,,,
700,0.013064554892480373,4.916040103221524e-05,261.8716454479727,0.2923733592033386,0.0012794063659384847,0.00043175253085792065,2.8302288228587713e-06,2.351036982872756e-06,0.0004203131829854101,0.00025575413019396365,1.7937232769327238e-05,0.0002579891588538885,0.023659266531467438,0.01712147332727909,0.0,0.008413579314947128,2.2208776499610394e-05,0.32994845509529114,7.458005711669102e-06,1.1543575594776934,6.276024317805814,0.9108433319929373,0.8241117562912332
701,0.012749653309583664,4.8919224811152174e-05,262.2842392209568,0.49753525853157043,0.001106944982893765,0.0005180182633921504,3.0731193874089513e-06,2.4202872737077996e-06,0.000338931567966938,0.0002562875160947442,1.796838841983117e-05,0.0002581781300250441,0.00876887422055006,0.012644665315747261,0.0,0.015354565344750881,1.4683377230539918e-05,0.33000102639198303,1.2839525425079046e-06,,,,
702,0.012632393278181553,4.8678602084699545e-05,262.6599526849459,0.5044749975204468,0.0010841692565008998,0.000489972997456789,2.873669245673227e-06,1.9909134607587475e-06,0.00045904036960564554,0.00026519745006226003,1.7915343050844967e-05,0.0002663507766555995,0.019954293966293335,0.007713189348578453,0.0,0.014481696300208569,1.655798223509919e-05,0.33005252480506897,1.596103174961172e-05,,,,
703,0.012378282845020294,4.843853522770647e-05,263.03891215496697,0.6175242066383362,0.0011073047062382102,0.00047379120951518416,3.272513822594192e-06,1.90297157587338e-06,0.0002932441420853138,0.0002657466393429786,1.8079201254295185e-05,0.0002666209766175598,0.015657419338822365,0.013344138860702515,0.0,0.011412420310080051,3.817792094196193e-05,0.33010512590408325,8.201413038477767e-06,,,,
704,0.012774074450135231,4.819902660953591e-05,263.4164140469511,0.04546218737959862,0.0010269959457218647,0.000513648905325681,3.2842540349520277e-06,2.297535502293613e-06,0.00042241657502017915,0.0002577952982392162,1.825374420150183e-05,0.00025907892268151045,0.009218806400895119,0.007281352765858173,0.0,0.026347458362579346,3.037729584320914e-05,0.3301544487476349,1.2010230420855805e-05,,,,
705,0.01315161120146513,4.7960078594041196e-05,263.79028181999456,0.4850884675979614,0.0009341815602965653,0.00050364900380373,3.24384450323123e-06,2.4271059828606667e-06,0.0005001052049919963,0.00025680274120531976,1.8395468941889703e-05,0.000258620479144156,0.025790933519601822,0.010259294882416725,0.0,0.014704745262861252,1.3909161680203397e-05,0.33020704984664917,8.657283615320921e-06,,,,
706,0.013089929707348347,4.772169353954281e-05,264.16658731596544,0.2505859434604645,0.0012139056343585253,0.00046324878348968923,2.7787837098003365e-06,2.1681460111722117e-06,0.0005098235560581088,0.00025689142057672143,1.8488070054445416e-05,0.00025893046404235065,0.015345851890742779,0.012851973064243793,0.0,0.01726442389190197,2.7922907975153066e-05,0.33025747537612915,9.450055586057715e-06,,,,
707,0.012979062274098396,4.748387379880504e-05,264.55071145895636,0.33493804931640625,0.001172184362076223,0.0005604367470368743,3.3121518754342105e-06,2.153571131202625e-06,0.000334111595293507,0.00025516937603242695,1.8488799469196238e-05,0.00025713679497130215,0.007020382676273584,0.010227885097265244,0.0,0.01187706645578146,0.00010450197441969067,0.33030790090560913,1.6189249436138198e-05,,,,
708,0.013608040288090706,4.724662171901264e-05,264.934468360967,0.36387330293655396,0.0010932767763733864,0.0004896223545074463,2.8432120871002553e-06,2.2167143924889388e-06,0.00041794119169935584,0.00025412472314201295,1.8528840882936493e-05,0.000255689985351637,0.024347122758626938,0.015305591747164726,0.0,0.015417765825986862,4.164624260738492e-05,0.33035722374916077,1.9461605916148983e-05,,,,
709,0.013083696365356445,4.7009939641747925e-05,265.3242542949738,0.19150996208190918,0.0010561859235167503,0.00046427067718468606,2.591737484181067e-06,2.0627894627978094e-06,0.00047682737931609154,0.00025438712327741086,1.8596747395349666e-05,0.0002558059641160071,0.026049677282571793,0.01591026410460472,0.0,0.00709366612136364,6.634123565163463e-05,0.3304043710231781,2.1369909518398345e-05,,,,
710,0.01303399819880724,4.677382990296741e-05,265.70078185596503,0.413543164730072,0.0009896436240524054,0.000541666173376143,2.5749886845005676e-06,2.2768422240915243e-06,0.0006674308096989989,0.00025372314848937094,1.866027741925791e-05,0.00025531428400427103,0.023023175075650215,0.004155332688242197,0.0,0.010160744190216064,1.4243541954783723e-05,0.33044713735580444,1.148482806456741e-05,,,,
711,0.015239124186336994,4.65382948329789e-05,266.07566869299626,0.45018282532691956,0.0008650626405142248,0.0005701700574718416,3.0539649742422625e-06,1.900747520267032e-06,0.0006215475732460618,0.000253068923484534,1.8656037354958244e-05,0.0002553182130213827,0.016198109835386276,0.02484086900949478,0.0,0.018128223717212677,9.184372902382165e-05,0.33048659563064575,7.693402039876673e-06,,,,
712,0.01286821998655796,4.6303336756418365e-05,266.4515673169517,0.11851118505001068,0.0009727211436256766,0.0004459733027033508,2.631626102811424e-06,2.112176844093483e-06,0.0005310465930961072,0.0002524099254515022,1.8688393538468517e-05,0.0002547325275372714,0.014959067106246948,0.012347918003797531,0.0,0.027678096666932106,1.4949154319765512e-05,0.3305271863937378,1.5168312529567629e-05,,,,
713,0.014429038390517235,4.606895799222733e-05,266.8263163869851,0.39210355281829834,0.0010603513801470399,0.0004949111607857049,2.5329618438263424e-06,2.518276232876815e-06,0.0004603486158885062,0.00025231626932509243,1.8581331460154615e-05,0.00025472769630141556,0.00935395248234272,0.024319542571902275,0.0,0.027224157005548477,5.3848700190428644e-05,0.3305743336677551,6.653287528024521e-06,,,,
714,0.01479421928524971,4.583516085362948e-05,267.2028134079883,0.4614926278591156,0.0011193579994142056,0.000486134085804224,2.476690269759274e-06,2.3766087906551547e-06,0.0004724725731648505,0.00025273108622059226,1.830188739404548e-05,0.0002547686453908682,0.018060266971588135,0.031050655990839005,0.0,0.01075422391295433,9.933209366863593e-05,0.3306247889995575,1.4433923752221745e-05,,,,
715,0.015586172230541706,4.560194764810816e-05,267.5786491219769,0.2706708610057831,0.0011949562467634678,0.000527343712747097,2.957024435090716e-06,2.0964807845302857e-06,0.0005928498576395214,0.00025488834944553673,1.813690505514387e-05,0.0002568024501670152,0.04753022640943527,0.013205340132117271,0.0,0.014907725155353546,9.628981933929026e-05,0.3306730389595032,1.2400679224811029e-05,,,,
716,0.013285608030855656,4.536932067738362e-05,267.95505208097165,0.48562726378440857,0.0011181720765307546,0.00045554660027846694,2.7350251912139356e-06,2.7602227419265546e-06,0.000501168891787529,0.0002560651919338852,1.79537819349207e-05,0.00025808089412748814,0.027099546045064926,0.00835138838738203,0.0,0.02282826043665409,7.70181359257549e-05,0.33072128891944885,1.6281990610877983e-05,,,,
717,0.013057529926300049,4.513728223739011e-05,268.3261388479732,0.2895662784576416,0.0011738204630091786,0.0005326145328581333,2.1092114366183523e-06,2.2751407868781826e-06,0.00044509791769087315,0.0002583495806902647,1.7750924598658457e-05,0.00026032133609987795,0.021970178931951523,0.005862632766366005,0.0,0.011816442012786865,3.383948205737397e-05,0.3307717442512512,1.472342228225898e-05,,,,
718,0.012219403870403767,4.490583461825333e-05,268.69838440197054,0.6043323874473572,0.0011011612368747592,0.00042538857087492943,2.87340662907809e-06,2.2526014618051704e-06,0.0007332338718697429,0.0002620577870402485,1.7483127521700226e-05,0.0002641731989569962,0.018490411341190338,0.008257370442152023,0.0,0.009483570232987404,4.908521077595651e-05,0.3308200240135193,2.411290188319981e-05,,,,
719,0.013195899315178394,4.467498010426788e-05,269.07515605998924,0.31561899185180664,0.0011685376521199942,0.0004941673832945526,3.075353333770181e-06,2.0659040274040308e-06,0.0005200376035645604,0.00025907979579642415,1.7331854905933142e-05,0.00026133735082112253,0.00718114897608757,0.014086051844060421,0.0,0.018683988600969315,3.411926081753336e-05,0.3308649957180023,9.750345270731486e-06,,,,
720,0.011770511046051979,4.4444720973874626e-05,269.450732805999,0.36407271027565,0.0009347476297989488,0.0004765966150444001,2.6909756343229674e-06,2.095248191835708e-06,0.00043515785364434123,0.00025744581944309175,1.7234804545296356e-05,0.00025981548242270947,0.004018699284642935,0.01494633685797453,0.0,0.008921664208173752,3.5579443647293374e-05,0.3309110999107361,1.235796844412107e-05,,,,
721,0.013129069469869137,4.421505949963822e-05,269.8254477799637,0.4661388695240021,0.001179608516395092,0.0004966347478330135,2.642152594489744e-06,2.2322255972540006e-06,0.0002570742799434811,0.00025579918292351067,1.7077709344448522e-05,0.00025845435447990894,0.013005970045924187,0.02092652954161167,0.0,0.0071955169551074505,6.067311915103346e-05,0.3309538662433624,9.6055864560185e-06,,,,
722,0.01284298300743103,4.398599794822466e-05,270.1965419249609,0.13800270855426788,0.001091661979444325,0.00043933893903158605,2.635823875607457e-06,2.120426870533265e-06,0.000627347850240767,0.0002557901316322386,1.6920525013119914e-05,0.00025870089302770793,0.012220939621329308,0.012671992182731628,0.0,0.021923266351222992,3.5495082556735724e-05,0.3309933841228485,5.8537225413601846e-06,,,,
723,0.014446592889726162,4.3757538580378986e-05,270.57091811997816,0.38123375177383423,0.0012460374273359776,0.0005676070577464998,2.924867203546455e-06,1.9591607269831e-06,0.0004797562141902745,0.00025760289281606674,1.6851225154823624e-05,0.000260724249528721,0.01362772285938263,0.0160701721906662,0.0,0.014910614117980003,1.4011777238920331e-05,0.33103618025779724,8.505930964020081e-06,,,,
724,0.014606581069529057,4.352968365090293e-05,270.94691960699856,0.28894972801208496,0.001077036140486598,0.00045983781456016004,2.1958931029075757e-06,2.0097581909794826e-06,0.00040025735506787896,0.00025747332256287336,1.689479722699616e-05,0.0002605902263894677,0.03032177872955799,0.015204121358692646,0.0,0.038126781582832336,8.899312524590641e-05,0.33107897639274597,8.89253533387091e-06,,,,
725,0.012723096646368504,4.330243540863271e-05,271.32202718796907,0.45202377438545227,0.001134351477958262,0.00045295892050489783,2.4204368855862413e-06,2.230749942100374e-06,0.00029414004529826343,0.00025424579507671297,1.7047917935997248e-05,0.00025738580734468997,0.01734604500234127,0.015865465626120567,0.0,0.014574943110346794,0.000125481077702716,0.3311294615268707,1.3114872672304045e-05,1.075241717798762,6.2776632743601395,0.9323807770187585,0.767629867554797
726,0.013085070066154003,4.307579609641665e-05,271.74108128395164,0.7335603833198547,0.0011736556189134717,0.000462409108877182,2.6988034278474515e-06,2.2770925625081873e-06,0.0005680612521246076,0.0002534169179853052,1.7140910131274723e-05,0.0002569185453467071,0.023460227996110916,0.008879618719220161,0.0,0.016458014026284218,3.278025906183757e-05,0.33117884397506714,1.148220144386869e-05,,,,
727,0.01242305152118206,4.284976795109335e-05,272.11264005699195,0.4275762140750885,0.0011151472572237253,0.00047763180918991566,3.008566636708565e-06,2.2477174752566498e-06,0.00047947000712156296,0.00025192470639012754,1.697568950476125e-05,0.0002551525249145925,0.008173013105988503,0.008584986440837383,0.0,0.021317044273018837,2.1371473849285394e-05,0.3312271535396576,1.2793864698323887e-05,,,,
728,0.012730996124446392,4.26243532034693e-05,272.4911914469558,0.6688439249992371,0.001305360347032547,0.0004947367124259472,3.3411856747989077e-06,2.2075978449720424e-06,0.00044114585034549236,0.00025570072466507554,1.6951216821325943e-05,0.0002584282774478197,0.010973694734275341,0.0073641203343868256,0.0,0.015945643186569214,4.7192443162202835e-05,0.3312765657901764,1.4824154277448542e-05,,,,
729,0.012262859381735325,4.239955407829706e-05,272.8640634509502,0.6166833639144897,0.0011130719212815166,0.00043784879380837083,2.8570511858561076e-06,1.8313328382646432e-06,0.0004564635455608368,0.0002585745824035257,1.6936011888901703e-05,0.000260920642176643,0.0079762889072299,0.011654958128929138,0.0,0.02281332202255726,3.7321282434277236e-05,0.33132487535476685,8.193614121410064e-06,,,,
730,0.013229484669864178,4.21753727942532e-05,273.2420147699886,0.9405608773231506,0.001021875417791307,0.0005744999507442117,3.334401981192059e-06,3.0040798719710438e-06,0.0005124247982166708,0.0002553989761509001,1.6970172509900294e-05,0.0002576863334979862,0.01322811096906662,0.007437614724040031,0.0,0.012792233377695084,1.9424753190833144e-05,0.3313753604888916,7.355294201261131e-06,,,,
731,0.011460269801318645,4.195181156391657e-05,273.61572827998316,0.3395863473415375,0.0010222026612609625,0.00045317818876355886,3.129469178020372e-06,2.1193091015447862e-06,0.0004159380332566798,0.000255548395216465,1.683345908531919e-05,0.00025781572912819684,0.00621506804600358,0.00774274580180645,0.0,0.017948854714632034,6.690479494864121e-06,0.33142367005348206,1.5793953934917226e-05,,,,
732,0.014056815765798092,4.172887259374624e-05,273.99187208595686,0.44025856256484985,0.001298329676501453,0.0004640176775865257,3.0709848033438902e-06,2.063612555502914e-06,0.000504912924952805,0.00025554097373969853,1.6613743355264887e-05,0.00025792879750952125,0.010635482147336006,0.02644318901002407,0.0,0.009698218666017056,6.780133844586089e-05,0.3314719796180725,1.8415128579363227e-05,,,,
733,0.013684292323887348,4.150655808405982e-05,274.36815586296143,0.45902279019355774,0.0011575962416827679,0.0004916549078188837,2.839060243786662e-06,2.228553739769268e-06,0.00046717392979189754,0.0002553291851654649,1.6462461644550785e-05,0.0002578669518698007,0.02810961753129959,0.010596415027976036,0.0,0.01733285002410412,6.379461410688236e-05,0.3315170109272003,8.31383658805862e-06,,,,
734,0.014135758392512798,4.1284870229011735e-05,274.74477788299555,0.17354100942611694,0.0010301200672984123,0.0005500694969668984,2.5179097065120004e-06,2.0219627003825735e-06,0.0004456471651792526,0.00025451931287534535,1.642042479943484e-05,0.00025721878046169877,0.022416524589061737,0.013583323918282986,0.0,0.018640076741576195,6.563388888025656e-05,0.3315620422363281,3.4576778489281423e-06,,,,
735,0.012421995401382446,4.106381121657169e-05,275.12477908696746,0.32894039154052734,0.0011336043244227767,0.00041944251279346645,2.8227193524799077e-06,2.10074085771339e-06,0.0005862016114406288,0.00025465269573032856,1.6369795048376545e-05,0.0002575159596744925,0.020896758884191513,0.011033843271434307,0.0,0.012029501609504223,6.344990833895281e-05,0.33160707354545593,1.3238706742413342e-05,,,,
736,0.01290780771523714,4.084338322850281e-05,275.54160713299643,0.14297515153884888,0.0011638051364570856,0.000502835726365447,2.4969781406980474e-06,2.0110574041609652e-06,0.0005115804960951209,0.00025580631336197257,1.6365676856366917e-05,0.00025870694662444293,0.013053696602582932,0.0072320327162742615,0.0,0.019973497837781906,3.656428452813998e-05,0.33164992928504944,7.5824059422302525e-06,,,,
737,0.011628327891230583,4.06235884403404e-05,275.9157232559519,0.33341991901397705,0.0011515043443068862,0.0004731049411930144,2.2600556803809013e-06,2.075464635709068e-06,0.00031984419911168516,0.00025588274002075195,1.6463893189211376e-05,0.00025869414093904197,0.01125277392566204,0.004897270817309618,0.0,0.01585431769490242,4.5471766497939825e-05,0.33169275522232056,2.184432014473714e-05,,,,
738,0.012725760228931904,4.0404429021370304e-05,276.29075230599847,0.1534409075975418,0.0011090193875133991,0.0004559955559670925,2.3519360183854587e-06,2.026716856562416e-06,0.0005555424140766263,0.00025295375962741673,1.6570922525716014e-05,0.0002557763655204326,0.00815561506897211,0.0074861254543066025,0.0,0.03287523239850998,1.9623639673227444e-05,0.33173561096191406,1.237072137882933e-05,,,,
739,0.01321458164602518,4.018590713460748e-05,276.6685342229903,0.20029087364673615,0.0012714102631434798,0.0004709975328296423,2.8103063414164353e-06,1.95911184164288e-06,0.0005124012823216617,0.00025187700521200895,1.6696540114935488e-05,0.0002545241732150316,0.004741355776786804,0.02121739275753498,0.0,0.00894074235111475,6.801524432376027e-05,0.33178502321243286,1.1078877832915168e-05,,,,
740,0.011366765014827251,3.996802493677474e-05,277.044274793996,0.19834208488464355,0.0011997645488008857,0.00035547162406146526,2.3785360099282116e-06,1.9093120044999523e-06,0.0005433763726614416,0.0002518334658816457,1.6953608792391606e-05,0.0002543925365898758,0.01609792932868004,0.009687835350632668,0.0,0.01467992179095745,1.651747697906103e-05,0.33183008432388306,4.273845661373343e-06,,,,
741,0.012035837396979332,3.975078457828136e-05,277.4212564789923,0.2622414827346802,0.0011197408894076943,0.00045546889305114746,2.2281842575466726e-06,2.1479613678820897e-06,0.0004279808490537107,0.000252596742939204,1.720272484817542e-05,0.00025505965459160507,0.004325654823333025,0.018494591116905212,0.0,0.0053411321714520454,3.352735802764073e-05,0.33187511563301086,1.5695704860263504e-05,,,,
742,0.013215098530054092,3.953418820320202e-05,277.7954483119538,0.3373626470565796,0.0010873666033148766,0.00046670367009937763,2.362064606131753e-06,1.9765152501349803e-06,0.0005038868403062224,0.0002524611190892756,1.7339500118396245e-05,0.00025466224178671837,0.012745016254484653,0.017561575397849083,0.0,0.017354480922222137,7.459333573933691e-05,0.3319146931171417,5.7758516049943864e-06,,,,
743,0.01368030533194542,3.9318237949255526e-05,278.1670186689589,0.36617764830589294,0.0009927279315888882,0.00043568675755523145,2.4932312499004183e-06,2.116201358148828e-06,0.0005042689153924584,0.00025312387151643634,1.7430729712941684e-05,0.00025477653252892196,0.014557820744812489,0.02670268341898918,0.0,0.01822022907435894,3.079765883740038e-05,0.33195534348487854,1.2913489626953378e-05,,,,
744,0.014027022756636143,3.910293594778367e-05,278.5437452879851,0.13812987506389618,0.0011489226017147303,0.0005446961149573326,2.4211540221585892e-06,2.085605046886485e-06,0.00032872811425477266,0.0002537346736062318,1.754588811309077e-05,0.0002552254591137171,0.027528107166290283,0.014317948371171951,0.0,0.010799689218401909,7.525588443968445e-05,0.3319970965385437,1.054098811437143e-05,,,,
745,0.012430546805262566,3.8888284323730275e-05,278.91781011997955,0.20795050263404846,0.0011112086940556765,0.0005179703002795577,2.700971663216478e-06,1.8946910813610884e-06,0.00045615428825840354,0.000253068923484534,1.7714392015477642e-05,0.0002545462630223483,0.012246509082615376,0.00769849494099617,0.0,0.010888216085731983,3.5299151932122186e-05,0.3320355713367462,1.3429536011244636e-05,,,,
746,0.012791655026376247,3.867428519562024e-05,279.29600431997096,0.2869270145893097,0.0010218116221949458,0.0005474097561091185,2.5140100206044735e-06,2.328359187231399e-06,0.0004008337273262441,0.0002525632153265178,1.7799287888919935e-05,0.00025416092830710113,0.004405561368912458,0.011102497577667236,0.0,0.01564163528382778,0.00013457462773658335,0.33207184076309204,1.3749525351158809e-05,,,,
747,0.011788889765739441,3.846094067553855e-05,279.67212742799893,0.12918636202812195,0.0010212864726781845,0.0004323942994233221,2.7114137992612086e-06,1.9534127204678953e-06,0.00034787991899065673,0.0002526769239921123,1.7813712474890053e-05,0.00025426113279536366,0.009698351845145226,0.016516318544745445,0.0,0.011391610838472843,3.7052028346806765e-05,0.33210811018943787,1.0729755558713805e-05,,,,
748,0.014204367995262146,3.824825286910944e-05,280.0486684239586,0.18721528351306915,0.0011723052011802793,0.0004492105799727142,3.0380258522200165e-06,1.9009024754268466e-06,0.0005270870751701295,0.0002530413039494306,1.76439370989101e-05,0.00025454515707679093,0.0031369843054562807,0.02482457086443901,0.0,0.02934235893189907,0.00017641065642237663,0.3321422040462494,1.0258065231028013e-05,,,,
749,0.011650383472442627,3.8036223875475795e-05,280.42346119799186,0.18035803735256195,0.0010083395754918456,0.000428814091719687,2.7530691113497596e-06,1.8226010070065968e-06,0.00033805749262683094,0.00025273626670241356,1.7589203707757406e-05,0.0002542759175412357,0.01125737652182579,0.01329599879682064,0.0,0.01565798558294773,1.9056915334658697e-05,0.3321806788444519,1.4241034477890935e-05,,,,
750,0.013432430103421211,3.782485578727813e-05,280.7980403259862,0.34278547763824463,0.001156721031293273,0.00047575304051861167,2.9696097954001743e-06,1.892077648335544e-06,0.0004283412708900869,0.0002524541923776269,1.750933915900532e-05,0.0002542100555729121,0.025189505890011787,0.014833511784672737,0.0,0.012696431949734688,4.340730811236426e-05,0.33222025632858276,1.5226043615257367e-05,0.969825787272412,6.413034415579596,0.89757147810762,0.6896735010127207
751,0.011927345767617226,3.761415069063414e-05,281.22154268296435,0.13030454516410828,0.0011428531724959612,0.00047313846880570054,2.3651134597457713e-06,2.292611497978214e-06,0.0003115519939456135,0.00025300870765931904,1.7334328731521964e-05,0.00025480883778072894,0.0024041812866926193,0.007771757431328297,0.0,0.026318291202187538,7.795976671332028e-06,0.33225762844085693,1.2148475434514694e-05,,,,
752,0.013459473848342896,3.740411066511803e-05,281.59643915697234,0.29667118191719055,0.0012189369881525636,0.000504511350300163,2.8205663511471357e-06,2.3518980469816597e-06,0.0004480122006498277,0.0002559922286309302,1.7180949726025574e-05,0.00025790775544010103,0.004236567299813032,0.021012689918279648,0.0,0.009735200554132462,0.0001227376633323729,0.33229830861091614,9.658566341386177e-06,,,,
753,0.012326362542808056,3.7194737783740124e-05,281.97750688297674,0.3887099325656891,0.0009434662060812116,0.0004839025205001235,2.8233257580723148e-06,2.2405872641684255e-06,0.00040127913234755397,0.0002568401687312871,1.7129081243183464e-05,0.00025888849631883204,0.018629388883709908,0.01194004062563181,0.0,0.009171124547719955,0.00010053253936348483,0.33233678340911865,9.960731404135004e-06,,,,
754,0.013071853667497635,3.698603411292617e-05,282.35031212394824,0.1983186900615692,0.0012108514783903956,0.0004609806346707046,2.4909445528464857e-06,2.079134219457046e-06,0.00046128322719596326,0.000253433856414631,1.7112490240833722e-05,0.00025570744764991105,0.02713725157082081,0.014148460701107979,0.0,0.003945676609873772,0.00010919499618466944,0.3323719799518585,1.3386210412136279e-05,,,,
755,0.01292815525084734,3.677800171249721e-05,282.73070607194677,0.25672486424446106,0.0010326612973585725,0.00047133490443229675,2.5092049327213317e-06,1.9496253571560374e-06,0.00035652166116051376,0.00025212386390194297,1.710061405901797e-05,0.0002546152099967003,0.006112709175795317,0.02249687910079956,0.0,0.01584281027317047,3.289893356850371e-05,0.33240386843681335,1.7122658391599543e-05,,,,
756,0.01615796610713005,3.657064263564898e-05,283.10657861694926,0.31426358222961426,0.0012355289654806256,0.0004899747436866164,2.3583795609738445e-06,2.3239060737978434e-06,0.0004697249678429216,0.00025233617634512484,1.70517414517235e-05,0.00025493832072243094,0.016055786982178688,0.04325922206044197,0.0,0.010540995746850967,9.803086868487298e-05,0.3324357569217682,6.038025276211556e-06,,,,
757,0.011793787591159344,3.6363958928931904e-05,283.48279606195865,0.36722567677497864,0.0010290591744706035,0.00046186213148757815,2.6617096864356427e-06,1.9046076431550318e-06,0.0003837508265860379,0.00025295146042481065,1.694812272035051e-05,0.00025568821001797915,0.016268346458673477,0.010567562654614449,0.0,0.00836848933249712,2.6919897209154442e-05,0.3324665427207947,6.985776963119861e-06,,,,
758,0.013827209360897541,3.615795263223072e-05,283.8591795679531,0.3192903399467468,0.0011927555315196514,0.0005603388417512178,2.5348554117954336e-06,1.7838086705523892e-06,0.00037326867459341884,0.00025269255274906754,1.6723926819395274e-05,0.0002554966777097434,0.007052866742014885,0.01985751837491989,0.0,0.009244824759662151,6.344399298541248e-05,0.3324962556362152,1.6948817574302666e-05,,,,
759,0.013217230327427387,3.595262577874437e-05,284.2310391179635,0.3638472855091095,0.001187829882837832,0.0004836245789192617,2.4841874619596638e-06,1.8926045868283836e-06,0.0003074207925237715,0.0002574568788986653,1.652835817367304e-05,0.00026040367083624005,0.01413462683558464,0.01979002356529236,0.0,0.01232084259390831,1.343737676506862e-05,0.33252593874931335,5.739281732530799e-06,,,,
760,0.0133958850055933,3.574798039496603e-05,284.60406438598875,0.37183722853660583,0.0012599446345120668,0.0004772954562213272,2.2378021640179213e-06,2.201519691880094e-06,0.0005691871629096568,0.0002604019537102431,1.6427187802037224e-05,0.0002634147822391242,0.02570502832531929,0.009453104808926582,0.0,0.012539747171103954,1.641133894736413e-05,0.33255454897880554,2.4923614546423778e-05,,,,
761,0.012070043943822384,3.5544018500663055e-05,284.9803410169552,0.3081195652484894,0.0012075166450813413,0.000452315725851804,2.3943621272337623e-06,2.1095650026836665e-06,0.0004995201015844941,0.0002576345286797732,1.640634218347259e-05,0.0002606018679216504,0.01659398339688778,0.0049147699028253555,0.0,0.014819733798503876,4.1025901737157255e-05,0.332582026720047,1.6168214642675593e-05,,,,
762,0.01428860705345869,3.534074210885696e-05,285.3556649899692,0.1285022795200348,0.0010392824187874794,0.0005260152975097299,2.6068089482578216e-06,2.171305595766171e-06,0.0004197953676339239,0.00025671275216154754,1.636133856663946e-05,0.000259655382251367,0.013541940599679947,0.015569278970360756,0.0,0.0334937758743763,1.697640254860744e-05,0.33260953426361084,1.1971047570114024e-05,,,,
763,0.0134403295814991,3.5138153225803635e-05,285.7339514749474,0.31746968626976013,0.0012144281063228846,0.000499109853990376,2.9467935291904723e-06,2.2024023564881645e-06,0.00036874960642307997,0.00025520846247673035,1.639515903661959e-05,0.00025803461903706193,0.02105543203651905,0.01710817590355873,0.0,0.00688624894246459,3.4454271371942014e-05,0.33264362812042236,6.162996214698069e-06,,,,
764,0.014167320914566517,3.4936253850973634e-05,286.10710481595015,0.26031097769737244,0.0012012473307549953,0.0005145858740434051,2.9553452804975677e-06,2.3578372747579124e-06,0.000323343527270481,0.00025457964511588216,1.6485200831084512e-05,0.0002572551602497697,0.015312022529542446,0.02270308881998062,0.0,0.014613757841289043,1.8512122551328503e-05,0.3326755464076996,1.4857476344332099e-05,,,,
765,0.013023663312196732,3.4735045977032245e-05,286.486049952975,0.194817915558815,0.0010212949709966779,0.000507232325617224,2.3602694909641286e-06,2.13821476791054e-06,0.0005440689856186509,0.00025528459809720516,1.6553643945371732e-05,0.000257764506386593,0.012620802968740463,0.011087370105087757,0.0,0.01848389208316803,1.9526136384229176e-05,0.3327063322067261,1.886172867671121e-05,,,,
766,0.01376386173069477,3.453453158981993e-05,286.86270454595797,0.2579396069049835,0.0010683415457606316,0.00047594838542863727,2.8019699129799847e-06,2.0941604361723876e-06,0.0005170802469365299,0.00025478677707724273,1.6660378605592996e-05,0.00025711918715387583,0.015419862233102322,0.020882263779640198,0.0,0.0171352531760931,2.887941627705004e-05,0.33273935317993164,1.4003613614477217e-05,,,,
767,0.014525188133120537,3.433471266833276e-05,287.2465211079689,0.2525396943092346,0.001351493876427412,0.0004932451993227005,2.7394885364628863e-06,1.9332405827299226e-06,0.0004069202987011522,0.0002541982103139162,1.6762001905590296e-05,0.0002565178438089788,0.0376870222389698,0.016017073765397072,0.0,0.009236461482942104,1.2485961633501574e-05,0.3327723443508148,1.8399985492578708e-05,,,,
768,0.014351602643728256,3.413559118470285e-05,287.625049301947,0.16429580748081207,0.001026021782308817,0.0005000937380827963,2.7258543013886083e-06,1.996424316530465e-06,0.0003970940306317061,0.0002535673265811056,1.672917824180331e-05,0.00025592526071704924,0.020306657999753952,0.01651761308312416,0.0,0.03280070051550865,6.659661448793486e-05,0.3328031599521637,1.865188096417114e-05,,,,
769,0.014363045804202557,3.393716910417883e-05,288.0013758239802,0.14385180175304413,0.001220236299559474,0.0005264644278213382,2.532001872168621e-06,2.1638275029545184e-06,0.000548366631846875,0.00025293295038864017,1.674981467658654e-05,0.00025545243988744915,0.03296142444014549,0.01338997296988964,0.0,0.007294284645467997,4.153769259573892e-05,0.33284056186676025,5.428971235232893e-06,,,,
770,0.0113734295591712,3.3739448385106486e-05,288.3753597039613,0.30309346318244934,0.0009081396274268627,0.0004148098814766854,2.751805368461646e-06,2.0339077764219837e-06,0.0004601757391355932,0.0002526783791836351,1.674972736509517e-05,0.00025530130369588733,0.018343718722462654,0.008095413446426392,0.0,0.015441026538610458,3.879506402881816e-05,0.3328757882118225,7.865963198128156e-06,,,,
771,0.013707234524190426,3.3542430978909575e-05,288.7513924969826,0.1780780404806137,0.0010376963764429092,0.00047136429930105805,2.859410187738831e-06,1.977087549676071e-06,0.0005152869271114469,0.0002524671726860106,1.674972372711636e-05,0.00025494949659332633,0.01991581916809082,0.019834715873003006,0.0,0.014686301350593567,9.859663987299427e-05,0.3329099118709564,1.7070771718863398e-05,,,,
772,0.013494657352566719,3.334611883007028e-05,289.1310010329471,0.3749958574771881,0.0011441002134233713,0.0005210341769270599,2.7150344976689667e-06,2.2254273517319234e-06,0.0004987384891137481,0.0002528868499211967,1.6760786820668727e-05,0.0002552898367866874,0.021445592865347862,0.00743002537637949,0.0,0.01960356906056404,2.9281021852511913e-05,0.332942932844162,1.0163604201807175e-05,,,,
773,0.012347309850156307,3.3150513876110324e-05,289.50730336498236,0.43831902742385864,0.0011465707793831825,0.0005249659880064428,2.4484097593813203e-06,1.980913566512754e-06,0.00045288604451343417,0.0002525718882679939,1.670999699854292e-05,0.0002551742654759437,0.01846453733742237,0.005570416804403067,0.0,0.003032648703083396,0.00010301707516191527,0.33297812938690186,1.8277034541824833e-05,,,,
774,0.013706300407648087,3.295561804757157e-05,289.88126786297653,0.3006926476955414,0.0011014861520379782,0.000500902475323528,2.828543983923737e-06,1.9475164663163014e-06,0.000358553952537477,0.0002523088769521564,1.6600264643784612e-05,0.00025488814571872354,0.022915717214345932,0.01656157709658146,0.0,0.016086457297205925,3.288448351668194e-05,0.33300894498825073,2.4030718122958206e-05,,,,
775,0.013537951745092869,3.276143326799721e-05,290.25446658796864,0.34242120385169983,0.001269861706532538,0.000514259678311646,2.91203468805179e-06,1.8605476270749932e-06,0.00047665677266195416,0.00025383030879311264,1.6514566596015356e-05,0.0002561001165304333,0.015749318525195122,0.015096810646355152,0.0,0.0074037523008883,8.648502989672124e-05,0.333039790391922,5.3492126426135655e-06,1.0031028015680377,6.397625023483547,0.9283692763310895,0.6805393887271587
776,0.011384781450033188,3.256796145391262e-05,290.6665168159525,0.7211151123046875,0.0011440848466008902,0.00038579385727643967,3.1134600249060895e-06,2.184430513807456e-06,0.0002839022781699896,0.0002584517642389983,1.649570549488999e-05,0.0002603621978778392,0.01077473908662796,0.011130234226584435,0.0,0.020978016778826714,4.246273965691216e-05,0.3330684006214142,6.388990641426062e-06,,,,
777,0.013451801612973213,3.237520451480647e-05,291.04420711495914,0.37290483713150024,0.0008939192048273981,0.0004941781517118216,2.4850819499988575e-06,2.127972948073875e-06,0.0005945904413238168,0.0002557132684160024,1.65614765137434e-05,0.0002576665719971061,0.02836199291050434,0.014146827161312103,0.0,0.010980553925037384,3.986264346167445e-05,0.3330981135368347,1.271915971301496e-05,,,,
778,0.013448970392346382,3.2183164353111903e-05,291.4171847199905,0.4378204643726349,0.0011744877556338906,0.0005057308007963002,2.863258487195708e-06,2.2176100173965096e-06,0.0004686145985033363,0.0002549994387663901,1.6626767319394276e-05,0.0002569780917838216,0.021333303302526474,0.00637693190947175,0.0,0.023183181881904602,8.112131035886705e-05,0.3331267535686493,1.6955424143816344e-05,,,,
779,0.011694859713315964,3.1991842864187874e-05,291.79309931595344,0.2521863877773285,0.0010995827615261078,0.00040155844180844724,2.44438001573144e-06,2.2683250335830962e-06,0.000408282910939306,0.0002548719639889896,1.666451498749666e-05,0.00025676481891423464,0.011649786494672298,0.0092949029058218,0.0,0.02350301668047905,4.2963383748428896e-05,0.3331586718559265,1.657311622693669e-05,,,,
780,0.0130217419937253,3.180124193630018e-05,292.17056215397315,0.4624565839767456,0.0009934933623299003,0.00047628319589421153,3.006583483511349e-06,2.2273402464634273e-06,0.0005278644966892898,0.0002555418177507818,1.661958231125027e-05,0.00025726991589181125,0.023611415177583694,0.011135759763419628,0.0,0.015110542997717857,5.7227731304010376e-05,0.3331916928291321,1.578915907884948e-05,,,,
781,0.013286802917718887,3.161136345060303e-05,292.54659478296526,0.4323212802410126,0.0010933667654171586,0.000474463653517887,2.909249587901286e-06,2.266308911202941e-06,0.0002966191968880594,0.0002551485667936504,1.665584022703115e-05,0.00025684278807602823,0.021092208102345467,0.017209932208061218,0.0,0.014887392520904541,0.00014150748029351234,0.3332236111164093,1.4481755897577386e-05,,,,
782,0.012082114815711975,3.142220928112045e-05,292.9260979499668,0.06557508558034897,0.0011367409024387598,0.00043539234320633113,2.6940294901578454e-06,1.9237563719798345e-06,0.0004987074062228203,0.0002546774339862168,1.6735330063966103e-05,0.0002562912122812122,0.009419480338692665,0.017083533108234406,0.0,0.0048398482613265514,4.706495747086592e-05,0.3332555592060089,9.540977771393955e-06,,,,
783,0.0120915612205863,3.123378129472771e-05,293.30314985394944,0.6545055508613586,0.0009624912636354566,0.0005010127788409591,2.8059967007720843e-06,2.093303919536993e-06,0.0005305264494381845,0.0002544069429859519,1.6781257727416232e-05,0.00025595983606763184,0.016551939770579338,0.009318295866250992,0.0,0.0035411708522588015,1.7035965356626548e-05,0.3332841694355011,1.7673995898803696e-05,,,,
784,0.01353826466947794,3.1046081351132936e-05,293.67686480499106,0.2280915379524231,0.0011610816000029445,0.00039639550959691405,2.298423169122543e-06,2.143085566785885e-06,0.0003895497357007116,0.00025587560958229005,1.6763870007707737e-05,0.00025699156685732305,0.026710353791713715,0.022986583411693573,0.0,0.01819515787065029,1.94331441889517e-05,0.3333083987236023,1.5111168977455236e-05,,,,
785,0.013614112511277199,3.085911130285882e-05,294.055189022969,0.5829870104789734,0.0010916009778156877,0.0005143002490513027,2.741018761298619e-06,2.0740988020406803e-06,0.0002964360755868256,0.0002585893089417368,1.673770930210594e-05,0.0002593469980638474,0.025408385321497917,0.011885120533406734,0.0,0.019722184166312218,8.094267104752362e-05,0.33333373069763184,1.4951787306927145e-05,,,,
786,0.013085056096315384,3.067287299522428e-05,294.42803292896133,0.3229811489582062,0.0011323681101202965,0.0004966906271874905,2.2425269889936317e-06,1.867397941168747e-06,0.0005824685213156044,0.00025596609339118004,1.6650616089464165e-05,0.0002568234340287745,0.004676824901252985,0.008173063397407532,0.0,0.02961396798491478,6.1026479670545086e-05,0.3333601653575897,1.727424569253344e-05,,,,
787,0.01342432014644146,3.0487368266326208e-05,294.8029407419963,0.15882188081741333,0.001225717249326408,0.0005022223340347409,2.972393076561275e-06,1.9759067981794942e-06,0.0005378948990255594,0.0002529610937926918,1.6574145774939097e-05,0.00025412917602807283,0.016241969540715218,0.010984303429722786,0.0,0.01576482504606247,3.60333506250754e-05,0.333391010761261,1.4577663023374043e-05,,,,
788,0.012141572311520576,3.0302598947021383e-05,295.17761866899673,0.2430371195077896,0.0009453429374843836,0.0004303478344809264,2.770199671431328e-06,2.0949591998942196e-06,0.0006300657987594604,0.00025283420109190047,1.6473635696456768e-05,0.0002541900030337274,0.027134602889418602,0.008204100653529167,0.0,0.009126463904976845,7.111380546120927e-05,0.3334207236766815,5.353025244403398e-06,,,,
789,0.013668612577021122,3.0118566860908357e-05,295.5548443379812,0.4295996427536011,0.0008847126737236977,0.0006061476888135076,2.8512747576314723e-06,1.989629254239844e-06,0.00044647426693700254,0.0002525800373405218,1.6374555343645625e-05,0.000253952166531235,0.007539399899542332,0.01315952930599451,0.0,0.015830257907509804,0.00011991320207016543,0.33344826102256775,1.3342176316655241e-05,,,,
790,0.013541348278522491,2.9935273824309565e-05,295.9262132709846,0.09843391925096512,0.001034448156133294,0.0005252926493994892,2.47627531280159e-06,1.9004386331289425e-06,0.0004019244806841016,0.0002518072724342346,1.626824086997658e-05,0.00025294965598732233,0.02877713367342949,0.009055549278855324,0.0,0.01767866313457489,3.3567604987183586e-05,0.333475798368454,1.3573771866504103e-05,,,,
791,0.011842616833746433,2.975272164625329e-05,296.29819081694586,0.4434731900691986,0.0012054905528202653,0.0004272389633115381,2.406322437309427e-06,2.183090600738069e-06,0.0004297392151784152,0.00025261857081204653,1.612288542673923e-05,0.0002535923558752984,0.026875950396060944,0.007131665013730526,0.0,0.0028889121022075415,0.00011758886103052646,0.33350443840026855,2.4858549295458943e-05,,,,
792,0.011723817326128483,2.9570912128455797e-05,296.67227825999726,0.23253975808620453,0.0011954602086916566,0.00039215455763041973,2.5900662876665592e-06,2.074448957500863e-06,0.0003412441583350301,0.0002519649569876492,1.6108569980133325e-05,0.0002529983757995069,0.021939696744084358,0.008825553581118584,0.0,0.016083549708127975,3.67609245586209e-05,0.3335297703742981,2.0139101252425462e-05,,,,
793,0.014034521766006947,2.9389847065303655e-05,297.04797768295975,0.3057500123977661,0.0012171912239864469,0.0004508045967668295,2.4798437152639963e-06,2.1023986391810467e-06,0.00045976994442753494,0.00025035490398295224,1.613243694009725e-05,0.0002517464163247496,0.014636819250881672,0.02552630752325058,0.0,0.016292652115225792,5.951926141278818e-05,0.333556205034256,1.528547545603942e-05,,,,
794,0.01261832844465971,2.9209528243835925e-05,297.42274410196114,0.5175157785415649,0.0011126035824418068,0.000427075254265219,2.566700914030662e-06,2.2815545435150852e-06,0.0003820484853349626,0.0002499970723874867,1.6192048860830255e-05,0.0002520355046726763,0.01760050840675831,0.018405195325613022,0.0,0.012693120166659355,2.6029241780634038e-05,0.33358263969421387,1.2479082215577364e-05,,,,
795,0.013872696086764336,2.9029957443726585e-05,297.79607041098643,0.27937307953834534,0.0011198578868061304,0.0005111638456583023,2.279355157952523e-06,2.0019519979541656e-06,0.0003719571977853775,0.0002496927045285702,1.6144633264048025e-05,0.0002518074761610478,0.02969423308968544,0.008436442352831364,0.0,0.026077965274453163,3.121204281342216e-05,0.3336080014705658,1.0172061593038961e-05,,,,
796,0.013417640700936317,2.8851136437266872e-05,298.1688311099424,0.27342545986175537,0.001096039079129696,0.0004701370489783585,2.5385138542333152e-06,2.1255573301459663e-06,0.0003279632073827088,0.0002492799540050328,1.6084746675915085e-05,0.0002511252532713115,0.01553311850875616,0.014604846946895123,0.0,0.030762478709220886,4.376818469609134e-05,0.33363664150238037,9.542697625875007e-06,,,,
797,0.011638382449746132,2.8673066989348037e-05,298.5414944519871,0.425315260887146,0.0010727928020060062,0.00042670516995713115,2.8145539090473903e-06,1.8315731722395867e-06,0.0003054813132621348,0.00025017664302140474,1.60281197167933e-05,0.0002518053515814245,0.007278154604136944,0.01774660311639309,0.0,0.009027594700455666,5.400243026087992e-05,0.3336696922779083,1.7408039639121853e-05,,,,
798,0.011732655577361584,2.849575085744358e-05,298.9133431779919,0.17707863450050354,0.001100911875255406,0.00042802991811186075,2.68423877969326e-06,2.0411628156580264e-06,0.0006445181788876653,0.00025108919362537563,1.6004023564164527e-05,0.00025266080047003925,0.011281987652182579,0.0057173906825482845,0.0,0.016480473801493645,3.274699338362552e-05,0.3337005376815796,7.099807589838747e-06,,,,
799,0.011432853527367115,2.831918979159215e-05,299.2894408359425,0.31901368498802185,0.0010618189116939902,0.0004250867641530931,2.7308021799399285e-06,2.3532418254035292e-06,0.00032209657365456223,0.0002533218648750335,1.594074274180457e-05,0.0002546021423768252,0.01719638705253601,0.006279840134084225,0.0,0.018435927107930183,1.869583866209723e-05,0.3337302803993225,7.94816151028499e-06,,,,
800,0.012689557857811451,2.8143385534380162e-05,299.662008588959,0.2421499639749527,0.001006511738523841,0.00045033241622149944,2.547544454500894e-06,2.2809736037743278e-06,0.000447693164460361,0.000253605074249208,1.587749102327507e-05,0.0002548532502260059,0.010255535133183002,0.02158190682530403,0.0,0.01147856842726469,1.1088703104178421e-05,0.3337600529193878,5.774448709416902e-06,1.0701483689646147,6.231942956456709,0.9099741826187809,0.7639936556907605
801,0.012781991623342037,2.7968339820924696e-05,300.07572744297795,0.18548732995986938,0.0010437901364639401,0.0004181052790954709,3.030346078958246e-06,2.130926077370532e-06,0.0002962826984003186,0.000253222999162972,1.585601785336621e-05,0.00025448689120821655,0.027593562379479408,0.014077423140406609,0.0,0.0218990296125412,5.917847738601267e-05,0.3337886929512024,1.1757798347389325e-05,,,,
802,0.013660694472491741,2.7794054378856234e-05,300.44809634494595,0.20905794203281403,0.0010449293768033385,0.0005647403886541724,2.8332883630355354e-06,2.11373730962805e-06,0.0005205372581258416,0.0002522520371712744,1.5905481632216834e-05,0.0002535615931265056,0.028855416923761368,0.005181938409805298,0.0,0.013043827377259731,6.495037268905435e-06,0.3338184356689453,1.4431321687879972e-05,,,,
803,0.013891871087253094,2.762053092830176e-05,300.8263040299644,0.2463076263666153,0.001109734526835382,0.0005448666051961482,2.81058055406902e-06,1.9765702745644376e-06,0.00045762769877910614,0.00025232211919501424,1.6002873962861486e-05,0.00025350539362989366,0.010729656554758549,0.01958552747964859,0.0,0.011865793727338314,1.0891515557887033e-05,0.3338471055030823,8.492041160934605e-06,,,,
804,0.009926908649504185,2.744777118186769e-05,301.19893257599324,0.17487940192222595,0.0010051900753751397,0.00036452276981435716,2.9770460514555452e-06,2.0050570128660183e-06,0.0004774141125380993,0.00025261324481107295,1.6093512385850772e-05,0.00025367052876390517,0.011487738229334354,0.006429394241422415,0.0,0.004265309777110815,2.6322853955207393e-05,0.33387574553489685,9.061179298441857e-06,,,,
805,0.015908094123005867,2.727577684462295e-05,301.5759694679873,0.09899872541427612,0.001069426885806024,0.0004974760813638568,2.9519640065700514e-06,2.1887378807150526e-06,0.00046346132876351476,0.00025292133796028793,1.623606112843845e-05,0.00025380364968441427,0.022199289873242378,0.03772817179560661,0.0,0.015808990225195885,5.126295582158491e-05,0.3339011073112488,1.7976064555114135e-05,,,,
806,0.013018088415265083,2.710454961408221e-05,301.9507719039684,0.16079695522785187,0.0010110788280144334,0.0005103084840811789,2.444250185362762e-06,2.375371650487068e-06,0.0005264639621600509,0.0002533307997509837,1.6345631593139842e-05,0.000254032202064991,0.025217220187187195,0.005992319900542498,0.0,0.015684213489294052,4.398680539452471e-05,0.3339264392852783,1.6048097677412443e-05,,,,
807,0.01270617451518774,2.69340911801891e-05,302.3325780639425,0.3094390034675598,0.0013346063205972314,0.000437167938798666,2.692975613172166e-06,2.3655886707274476e-06,0.000460898969322443,0.0002528959885239601,1.6436822988907807e-05,0.00025351723888888955,0.009507536888122559,0.017148103564977646,0.0,0.009679825976490974,5.8123867347603664e-05,0.3339529037475586,1.0677383215806913e-05,,,,
808,0.0130350012332201,2.6764403225299555e-05,302.71387398196384,0.23520974814891815,0.0013822606997564435,0.0005132178775966167,2.578055500634946e-06,2.2316485228657257e-06,0.00040347230969928205,0.0002522837894503027,1.6506028259755112e-05,0.00025286292657256126,0.003287212923169136,0.014213276095688343,0.0,0.011498948559165001,1.8637027096701786e-05,0.3339782655239105,1.3027296517975628e-05,,,,
809,0.012665629386901855,2.6595487424165203e-05,303.09025786595885,0.33858582377433777,0.0011533924844115973,0.00047548621660098433,2.7683879579853965e-06,2.0953361854481045e-06,0.0003315474314149469,0.00025298012769781053,1.6568024875596166e-05,0.00025332343648187816,0.011777973733842373,0.015391997992992401,0.0,0.014171352609992027,1.5722831449238583e-05,0.3340024948120117,2.089753070322331e-05,,,,
810,0.013836800120770931,2.64273454439168e-05,303.4636686089798,0.48388606309890747,0.001255891053006053,0.0005027672741562128,2.4519633825548226e-06,2.089145255013136e-06,0.00039710826240479946,0.0002518552355468273,1.6673136997269467e-05,0.00025220387033186853,0.021903613582253456,0.013642963021993637,0.0,0.017844505608081818,2.6788336981553584e-05,0.33402565121650696,2.0617697373381816e-05,,,,
811,0.012641891837120056,2.6259978944047787e-05,303.8389587389538,0.1570415049791336,0.0012414917582646012,0.0004226719029247761,2.1819041648996063e-06,2.0522461454675067e-06,0.000393333233660087,0.00024905105237849057,1.6889731341507286e-05,0.00024987681536003947,0.014017727226018906,0.01893690973520279,0.0,0.01126591395586729,5.936002708040178e-05,0.33404991030693054,4.4820335460826755e-06,,,,
812,0.014624596573412418,2.6093389576397972e-05,304.21056395495543,0.4300846457481384,0.0012723725521937013,0.0006431312067434192,2.3475968191633e-06,2.1748107883468037e-06,0.00047177309170365334,0.0002490395854692906,1.6975791368167847e-05,0.0002503233263269067,0.024227188900113106,0.006048951297998428,0.0,0.009392534382641315,3.696056955959648e-05,0.3340730667114258,2.3811808205209672e-06,,,,
813,0.0142655735835433,2.5927578985137155e-05,304.58647018298507,0.2806130051612854,0.0011559382546693087,0.0005188700160942972,2.4726205083425157e-06,2.0325046534708235e-06,0.0004777612048201263,0.0002484755532350391,1.707495357550215e-05,0.00024986351490952075,0.020894672721624374,0.019049327820539474,0.0,0.011928022839128971,0.00011986566096311435,0.3340950906276703,1.3960885553387925e-05,,,,
814,0.012725931592285633,2.5762548806748888e-05,304.9622967869509,0.27391794323921204,0.0011776721803471446,0.00047804959467612207,2.717135430430062e-06,2.0573477286234265e-06,0.0004137749201618135,0.0002477122761774808,1.7146194295492023e-05,0.00024885215680114925,0.01367852371186018,0.014769058674573898,0.0,0.010287279263138771,1.770809649315197e-05,0.3341171443462372,9.839845006354153e-06,,,,
815,0.014049515128135681,2.5598300670014488e-05,305.34151591494447,0.23452669382095337,0.0009635033784434199,0.0004645007138606161,2.118334805345512e-06,2.1818259483552538e-06,0.00036562758032232523,0.00024793753982521594,1.709392381599173e-05,0.00024899482377804816,0.011424066498875618,0.03269524127244949,0.0,0.017604459077119827,1.1406105841160752e-05,0.33413809537887573,4.6218187890190165e-06,,,,
816,0.013036820106208324,2.543483619599671e-05,305.71875406696927,0.29558423161506653,0.0009992923587560654,0.0005418056389316916,2.6656739464669954e-06,1.9679000615724362e-06,0.0004438957548700273,0.00024972547544166446,1.701132714515552e-05,0.0002505744923837483,0.019612755626440048,0.008147835731506348,0.0,0.013165170326828957,8.620005246484652e-05,0.3341601490974426,8.734204129723366e-06,,,,
817,0.014660390093922615,2.527215699802392e-05,306.094195201993,0.37053877115249634,0.0010716220131143928,0.0005222123581916094,2.3742616122035543e-06,2.028369181061862e-06,0.00046388834016397595,0.00025031433324329555,1.702255758573301e-05,0.0002512089558877051,0.023023752495646477,0.02516789175570011,0.0,0.009588461369276047,6.216892506927252e-05,0.3341822028160095,2.3369571863440797e-05,,,,
818,0.013620328158140182,2.511026468167411e-05,306.4682248569443,0.46343597769737244,0.0012309622252359986,0.00039958301931619644,2.870375737984432e-06,2.2429157979786396e-06,0.0005152598023414612,0.0002489902835804969,1.7095613657147624e-05,0.00025030469987541437,0.006271890364587307,0.024001263082027435,0.0,0.02924402244389057,2.762736039585434e-05,0.33420315384864807,5.983375558571424e-06,,,,
819,0.013312174007296562,2.494916084475912e-05,306.84821032895707,0.458791047334671,0.0010816481662914157,0.00046313542407006025,2.7309283723297995e-06,2.3464669993700227e-06,0.000458619964774698,0.000248737313086167,1.7102920537581667e-05,0.00025035280850715935,0.005610885098576546,0.018994800746440887,0.0,0.025725455954670906,7.049037230899557e-05,0.33422741293907166,1.5832334611332044e-05,,,,
820,0.014765402302145958,2.4788847077308732e-05,307.22535720298765,0.10083596408367157,0.0008924132562242448,0.0006278398213908076,2.8837384888902307e-06,1.7263701010961086e-06,0.0004474540473893285,0.00024863137514330447,1.7051870599971153e-05,0.0002503748401068151,0.015485701151192188,0.017834581434726715,0.0,0.01724969409406185,2.1583702618954703e-05,0.33425387740135193,1.1908952728845179e-05,,,,
821,0.0123746357858181,2.4629324961555163e-05,307.60249708394986,0.3985670208930969,0.0010816516587510705,0.0004765986232087016,2.740841182458098e-06,2.079057139781071e-06,0.00031062940252013505,0.00024919668794609606,1.699087442830205e-05,0.0002509815094526857,0.012814794667065144,0.00770189892500639,0.0,0.026000797748565674,3.907995414920151e-05,0.3342803418636322,1.1404081305954605e-05,,,,
822,0.011241735890507698,2.4470596071917253e-05,307.9788484419696,0.5727438926696777,0.0010741904843598604,0.00037021818570792675,2.685249455680605e-06,2.0691381905635353e-06,0.0003221906372345984,0.0002496856905054301,1.6968695490504615e-05,0.00025156341143883765,0.02180822752416134,0.008388837799429893,0.0,0.016274333000183105,0.00014839699724689126,0.33430901169776917,7.731207006145269e-06,,,,
823,0.01312255859375,2.4312661974985096e-05,308.3525265829521,0.11233262717723846,0.0012014121748507023,0.00045157616841606796,2.794668716887827e-06,1.8691338254939183e-06,0.0003762928245123476,0.0002492452913429588,1.6988926290650852e-05,0.0002514052321203053,0.02634516917169094,0.014798006042838097,0.0,0.011324507184326649,7.105270924512297e-05,0.3343365788459778,1.1743190043489449e-05,,,,
824,0.012434287928044796,2.4155524229504446e-05,308.72543349594343,0.3130332827568054,0.001141160842962563,0.0004555202031042427,2.5859908419079147e-06,2.3200054783956148e-06,0.00034644929110072553,0.00024952524108812213,1.693749254627619e-05,0.00025199822266586125,0.013746300712227821,0.01562094409018755,0.0,0.011262891814112663,4.983862891094759e-05,0.33436304330825806,1.5371553672594018e-05,,,,
825,0.010793072171509266,2.3999184386361402e-05,309.10075388796395,0.5519055724143982,0.001136827515438199,0.00037117055035196245,2.6019401957455557e-06,2.5799881768762134e-06,0.0005693297134712338,0.00024981211754493415,1.6867968952283263e-05,0.00025238943635486066,0.007628489751368761,0.007364029996097088,0.0,0.010604364797472954,0.00013815483544021845,0.3343884348869324,1.108774358726805e-05,1.0490420657294175,6.295462881696737,0.9231955887246397,0.7489255751942426
826,0.012753869406878948,2.3843643988567105e-05,309.5142473029555,0.3248908221721649,0.0011321435449644923,0.00043421960435807705,2.7326113922754303e-06,1.972802010641317e-06,0.000543302739970386,0.0002503302239347249,1.6791076632216573e-05,0.00025276796077378094,0.01817520707845688,0.015184622257947922,0.0,0.012654108926653862,1.4934749742678832e-05,0.33441269397735596,1.111401343223406e-05,,,,
827,0.012601966969668865,2.368890457124252e-05,309.88735941494815,0.47386524081230164,0.001193019561469555,0.0004090339061804116,2.668437218744657e-06,1.846559825935401e-06,0.00035631697392091155,0.0002547981566749513,1.6679116015438922e-05,0.00025699895923025906,0.024589553475379944,0.012717438861727715,0.0,0.018846051767468452,4.0854116377886385e-05,0.33443695306777954,5.1652327783813234e-06,,,,
828,0.01412276178598404,2.3534967661603205e-05,310.25860245298827,0.5170024037361145,0.0011144332820549607,0.00048026442527770996,2.746837481026887e-06,2.081466618619743e-06,0.00037318069371394813,0.00025702675338834524,1.6613475963822566e-05,0.0002592249948065728,0.03789311647415161,0.014520782977342606,0.0,0.01731940172612667,2.9918755899416283e-05,0.33446231484413147,1.6383051843149588e-05,,,,
829,0.013433793559670448,2.338183477894427e-05,310.63138996699126,0.3072722554206848,0.000903597567230463,0.0004570288001559675,2.2346346213453216e-06,2.185406628996134e-06,0.0004912727163173258,0.00025435449788346887,1.6653482816764154e-05,0.00025664869463071227,0.0058203646913170815,0.02762697823345661,0.0,0.019569382071495056,2.430056338198483e-05,0.3344877064228058,3.4237032195960637e-06,,,,
830,0.01297504547983408,2.322950743462552e-05,311.0063717899611,0.37057849764823914,0.001259799231775105,0.0005034483037889004,2.362216036999598e-06,2.107348564095446e-06,0.00043966452358290553,0.00025106885004788637,1.6718664483050816e-05,0.0002536016108933836,0.013615235686302185,0.00828354712575674,0.0,0.018335707485675812,8.368472663278226e-06,0.3345130681991577,4.368499048723606e-06,,,,
831,0.012679006904363632,2.3077987132056295e-05,311.38354971498484,0.4680212438106537,0.0012072648387402296,0.00048651365796104074,2.654129957591067e-06,2.0231393591529923e-06,0.0003457965503912419,0.00025050967815332115,1.6755189790274017e-05,0.0002531661302782595,0.009705904871225357,0.012010479345917702,0.0,0.018217526376247406,2.0989153199479915e-05,0.334539532661438,1.0923023182840552e-05,,,,
832,0.014535656198859215,2.2927275366680778e-05,311.75973385199904,0.1743687093257904,0.001007102313451469,0.0005135565297678113,2.518494284231565e-06,1.9995372895209584e-06,0.00038878200575709343,0.0002505137526895851,1.6775395124568604e-05,0.0002530991332605481,0.021953066810965538,0.014971713535487652,0.0,0.036889225244522095,2.800840047711972e-05,0.33456602692604065,1.62844098667847e-05,,,,
833,0.010983921587467194,2.277737362596334e-05,312.13028665899765,0.5046887993812561,0.0011468284064903855,0.00040728910244069993,2.7413416319177486e-06,2.248401870019734e-06,0.00041047364356927574,0.000251675519393757,1.678897751844488e-05,0.0002541179128456861,0.0075670951046049595,0.01205257698893547,0.0,0.003739023581147194,7.194605859695002e-05,0.33459579944610596,1.58842267410364e-05,,,,
834,0.012512574903666973,2.2628283389373594e-05,312.51090556394774,0.47363045811653137,0.0012754366034641862,0.00046469210064969957,2.986412027894403e-06,2.0213306015648413e-06,0.0004011195560451597,0.00025212729815393686,1.685619463387411e-05,0.00025447094230912626,0.008573931641876698,0.017117314040660858,0.0,0.005535373464226723,2.35067982430337e-05,0.3346222937107086,1.713490200927481e-05,,,,
835,0.012958135455846786,2.248000612837199e-05,312.90369829098927,0.3225906789302826,0.0014379246858879924,0.0004330019000917673,2.63201650341216e-06,1.9775438886426855e-06,0.0005506759625859559,0.0002505213487893343,1.6955942555796355e-05,0.000252957601333037,0.030559036880731583,0.008221851661801338,0.0,0.006167110987007618,1.2848347978433594e-05,0.33464545011520386,1.1055215509259142e-05,,,,
836,0.011673969216644764,2.2332543306395203e-05,313.319689025986,0.27827396988868713,0.0010653138160705566,0.00042417700751684606,2.4361738724110182e-06,1.992705620068591e-06,0.000503581075463444,0.00025056215235963464,1.701451765256934e-05,0.0002529409830458462,0.006324440240859985,0.012132570147514343,0.0,0.015759309753775597,1.3812243196298368e-05,0.33466753363609314,2.1154583009774797e-05,,,,
837,0.012134156189858913,2.2185896378841807e-05,313.6954480629647,0.2759723365306854,0.00110917747952044,0.0003875056281685829,2.578764451754978e-06,2.357468247282668e-06,0.000493294617626816,0.00025082891806960106,1.70200892171124e-05,0.0002531166246626526,0.019822418689727783,0.010599354282021523,0.0,0.021437831223011017,2.5893401470966637e-05,0.33468958735466003,1.0816076610353775e-05,,,,
838,0.0136715117841959,2.2040066793057724e-05,314.0701397579978,0.06700297445058823,0.00126558355987072,0.0004305020847823471,2.6244213131576544e-06,2.163276349165244e-06,0.0006115032592788339,0.0002505444863345474,1.7029316950356588e-05,0.0002528068725951016,0.013190509751439095,0.019388513639569283,0.0,0.02021818980574608,1.69619161169976e-05,0.334713876247406,1.3555947589338757e-05,,,,
839,0.014335712417960167,2.1895055988322132e-05,314.44456233194796,0.2674577832221985,0.0011086250888183713,0.0005058260285295546,2.7462006073619705e-06,2.2454767076851567e-06,0.0004845508374273777,0.0002501631388440728,1.7011228919727728e-05,0.00025244022253900766,0.032645829021930695,0.01760668121278286,0.0,0.010313985869288445,3.7612833693856373e-05,0.334738165140152,1.22284027384012e-05,,,,
840,0.012704993598163128,2.17508653958331e-05,314.82258537499,0.23623360693454742,0.0008912582416087389,0.00042484182631596923,2.489137841621414e-06,2.3834659259591717e-06,0.00041154364589601755,0.0002497033856343478,1.6999796571326442e-05,0.00025205727433785796,0.023256979882717133,0.01888478547334671,0.0,0.015473198145627975,5.5684347898932174e-05,0.3347613215446472,6.464757007051958e-06,,,,
841,0.01236228458583355,2.1607496438693585e-05,315.19721209595446,0.22676828503608704,0.0009943621698766947,0.0004921892541460693,2.338802687518182e-06,2.1770313196611824e-06,0.0003896718262694776,0.0002497307723388076,1.6979038264253177e-05,0.0002521825081203133,0.012473056092858315,0.016343262046575546,0.0,0.006008319556713104,1.7725093130138703e-05,0.33478450775146484,1.5380073818960227e-05,,,,
842,0.014087301678955555,2.1464950531897302e-05,315.57244068197906,0.46470561623573303,0.0010048707481473684,0.0005451219039969146,2.4906953512982e-06,2.146863153029699e-06,0.00044797229929827154,0.00024950323859229684,1.6973708625300787e-05,0.00025196929345838726,0.022528687492012978,0.010847730562090874,0.0,0.02363468147814274,0.00013848301023244858,0.3348054587841034,6.624920388276223e-06,,,,
843,0.013677584007382393,2.132322908231479e-05,315.9464536859887,0.26048743724823,0.0010311597725376487,0.0005698499153368175,2.4576945634180447e-06,2.0759907783940434e-06,0.0004218459071125835,0.00024897174444049597,1.693137346592266e-05,0.0002512063074391335,0.018396835774183273,0.00684400973841548,0.0,0.02407948672771454,1.5504769180552103e-05,0.3348275423049927,1.4099248801358044e-05,,,,
844,0.013946302235126495,2.1182333488679558e-05,316.31780801096465,0.3971404433250427,0.0011653680121526122,0.00048435720964334905,2.436638624203624e-06,1.9235337731515756e-06,0.0004535972548183054,0.0002502655261196196,1.6911151760723442e-05,0.0002521895803511143,0.029384668916463852,0.0181394312530756,0.0,0.009071930311620235,5.449953459901735e-05,0.3348507285118103,1.567521394463256e-05,,,,
845,0.013078524731099606,2.104226514157425e-05,316.69077006494626,0.34410157799720764,0.001040364266373217,0.0004919460043311119,2.4687431050551822e-06,1.812758910091361e-06,0.0003588281979318708,0.0002502340357750654,1.6913365470827557e-05,0.00025214068591594696,0.020620230585336685,0.010050123557448387,0.0,0.022967182099819183,9.517421131022274e-05,0.33487167954444885,1.2081221939297393e-05,,,,
846,0.012281839735805988,2.090302542341689e-05,317.06614638195606,0.3653722405433655,0.000891342933755368,0.00044142312253825366,2.7668484108289704e-06,2.076106966342195e-06,0.00039367712452076375,0.00024872826179489493,1.69188770087203e-05,0.00025085214292630553,0.03125010430812836,0.009963519871234894,0.0,0.01396346464753151,3.552356793079525e-05,0.3348948657512665,1.1708022611855995e-05,,,,
847,0.013569124042987823,2.0764615708447256e-05,317.4455089889816,0.40979859232902527,0.0011915592476725578,0.0005080263363197446,2.5691260816529393e-06,2.015699919866165e-06,0.000545486924238503,0.00024775261408649385,1.6910962585825473e-05,0.0002502806601114571,0.021624639630317688,0.01240849494934082,0.0,0.010724089108407497,3.2700067094992846e-05,0.33491694927215576,1.1717391316778958e-05,,,,
848,0.014754767529666424,2.0627037362713398e-05,317.8219549569767,0.1089337021112442,0.0011202845489606261,0.0004801237373612821,2.2530462047143374e-06,2.065037278953241e-06,0.0004365779459476471,0.0002478928363416344,1.6879605027497746e-05,0.0002504639851395041,0.029878202825784683,0.0226687490940094,0.0,0.01914779469370842,6.564178329426795e-05,0.33493903279304504,1.2781787518179044e-05,,,,
849,0.014894056133925915,2.0490291744058032e-05,318.1919479019707,0.42454278469085693,0.0010633886558935046,0.0004692213551606983,2.4041460164880846e-06,2.0088095880055334e-06,0.000399080163333565,0.00024815445067360997,1.6823236364871264e-05,0.00025073220604099333,0.0062323156744241714,0.042842403054237366,0.0,0.01227401290088892,2.0361185306683183e-05,0.33496108651161194,2.040098115685396e-05,,,,
850,0.012289091944694519,2.035438020210518e-05,318.5633612109814,0.13544000685214996,0.0012105011846870184,0.00048331706784665585,2.426823584755766e-06,1.9523354239936452e-06,0.00035667800693772733,0.0002484956930857152,1.675649400567636e-05,0.0002507688768673688,0.00859258696436882,0.014358380809426308,0.0,0.007532033603638411,2.2185420675668865e-05,0.3349820673465729,3.959213699999964e-06,0.9780211524330947,6.334564179838355,0.9051562692293263,0.6845701623242113
851,0.012432903982698917,2.0219304078246907e-05,318.98233160498785,0.18447554111480713,0.0010770577937364578,0.00048026832519099116,2.724761998251779e-06,1.8578607523522805e-06,0.00033601076574996114,0.0002501221024431288,1.668285403866321e-05,0.00025201632524840534,0.021770048886537552,0.011190801858901978,0.0,0.009682172909379005,3.927074430976063e-05,0.3350008428096771,1.2947823961440008e-05,,,,
852,0.01665680482983589,2.0085064705630057e-05,319.3591775179957,0.3826790452003479,0.0011462537804618478,0.0005061647389084101,2.5418216864636634e-06,1.8176964431404485e-06,0.0005106554599478841,0.00025192962493747473,1.6642001355648972e-05,0.00025356048718094826,0.02976408414542675,0.03634346276521683,0.0,0.020227910950779915,3.0889539630152285e-05,0.33501961827278137,1.2404509107000194e-05,,,,
853,0.011041137389838696,1.9951663409143015e-05,319.7317558269715,0.22467797994613647,0.0012686406262218952,0.0004245638265274465,2.5082608772208914e-06,2.1728110368712805e-06,0.00048180785961449146,0.00025194851332344115,1.6648478776915e-05,0.00025348123745061457,0.0042738961055874825,0.005697336979210377,0.0,0.010326070711016655,2.279911859659478e-05,0.33503836393356323,1.5125007848837413e-05,,,,
854,0.014483397826552391,1.9819101505402704e-05,320.1060830569477,0.08352136611938477,0.0010483223013579845,0.0005122623988427222,2.3456132112187333e-06,2.159872565243859e-06,0.00041863712249323726,0.00025141501100733876,1.6620764654362574e-05,0.00025295294472016394,0.01305619440972805,0.024321209639310837,0.0,0.02104230411350727,0.0001500472571933642,0.33505603671073914,1.729714495013468e-05,,,,
855,0.0106256864964962,1.9687380302741633e-05,320.48359285097104,0.28811386227607727,0.000953946087975055,0.0004040430940221995,2.7786452392319916e-06,1.985891003641882e-06,0.0003104018105659634,0.00025126710534095764,1.6618041627225466e-05,0.0002528202021494508,0.013531875796616077,0.010949855670332909,0.0,0.006254427134990692,3.130130426143296e-05,0.3350748121738434,2.2245154468691908e-05,,,,
856,0.012340730987489223,1.9556501101194854e-05,320.8555066959816,0.4157329499721527,0.0011418425710871816,0.00043801235733553767,2.2594365418626694e-06,2.102953203575453e-06,0.0005518322577700019,0.0002512177743483335,1.6630459867883474e-05,0.0002527734322939068,0.02234986610710621,0.0061109247617423534,0.0,0.015392499044537544,9.93301800917834e-05,0.3350924849510193,9.228481758327689e-06,,,,
857,0.013018143363296986,1.942646519248729e-05,321.23177407099865,0.14589470624923706,0.0012260403018444777,0.00044478997006081045,2.6030334083770867e-06,2.1822761482326314e-06,0.0003948961093556136,0.00025085126981139183,1.6614507330814376e-05,0.0002523555012885481,0.019083883613348007,0.0108812116086483,0.0,0.0248120054602623,4.2849289457080886e-05,0.33510902523994446,2.216988377767848e-06,,,,
858,0.012653588317334652,1.9297273860020834e-05,321.6142816429492,0.26225775480270386,0.0010645060101523995,0.0004900495987385511,2.5341137188661378e-06,1.8974795921167242e-06,0.00037660490488633513,0.00025101672508753836,1.6567475540796295e-05,0.00025244677090086043,0.009720908477902412,0.013248879462480545,0.0,0.018453679978847504,5.301801866153255e-05,0.33512669801712036,1.083156075765146e-05,,,,
859,0.013812481425702572,1.9168928378861793e-05,321.99624760099687,0.3657516837120056,0.0009974732529371977,0.0005488013848662376,3.3576484383956995e-06,2.0756492631335277e-06,0.0004200830007903278,0.0002514337538741529,1.6467278328491375e-05,0.0002528708428144455,0.020972030237317085,0.012828903272747993,0.0,0.01731966622173786,3.384253795957193e-05,0.3351454734802246,1.6384477930841967e-05,,,,
860,0.013647309504449368,1.9041430015728262e-05,322.37013055797433,0.21030689775943756,0.0012113924603909254,0.00040830601938068867,2.923268766608089e-06,2.0701909306808375e-06,0.000541663495823741,0.00025166742852889,1.639447691559326e-05,0.00025312171783298254,0.03183181583881378,0.012418687343597412,0.0,0.024890294298529625,1.2788777894456871e-05,0.33516424894332886,2.8347119950922206e-05,,,,
861,0.013608792796730995,1.8914780028977582e-05,322.7467680949485,0.22244654595851898,0.001194149604998529,0.0005301529308781028,2.3350230549112894e-06,1.8299818975719973e-06,0.0003522292245179415,0.0002529890334699303,1.6330483049387112e-05,0.00025436855503357947,0.02844880148768425,0.009357161819934845,0.0,0.013322810642421246,2.827838216035161e-05,0.33518412709236145,1.8172755517298356e-05,,,,
862,0.012240837328135967,1.8788979668593986e-05,323.126621880976,0.21699835360050201,0.0010229203617200255,0.0005356079782359302,2.418148824290256e-06,2.0613915694411844e-06,0.00031153211602941155,0.00025291164638474584,1.6320344002451748e-05,0.0002542893053032458,0.002116236137226224,0.011292260140180588,0.0,0.014724180102348328,6.259583460632712e-05,0.3352029025554657,1.1772978723456617e-05,,,,
863,0.012777726165950298,1.8664030176176285e-05,323.4995085239643,0.2270302027463913,0.0009559347527101636,0.0004244683950673789,2.6512286694924114e-06,1.9699978111020755e-06,0.0005889636231586337,0.000253348785918206,1.6330126527464017e-05,0.00025466797524131835,0.004567334894090891,0.026578683406114578,0.0,0.009000254794955254,0.00013468234101310372,0.33522167801856995,1.6416168364230543e-05,,,,
864,0.011543836444616318,1.853993278492551e-05,323.87314872298157,0.20563657581806183,0.0010449616238474846,0.0004481630749069154,2.5589295091776876e-06,1.7957493128051283e-06,0.00035989476600661874,0.0002521658316254616,1.6400292224716395e-05,0.0002535330131649971,0.005630312021821737,0.007924411445856094,0.0,0.023525265976786613,9.682342351879925e-06,0.33523935079574585,4.792350409843493e-06,,,,
865,0.012598811648786068,1.841668871963279e-05,324.2507428849931,0.1013299748301506,0.0009929537773132324,0.00044201043783687055,2.3459697331418283e-06,2.0237052922311705e-06,0.0004919354687444866,0.00025075653684325516,1.643130053707864e-05,0.0002522330323699862,0.013134977780282497,0.01968894712626934,0.0,0.009897902607917786,8.638633880764246e-05,0.3352581262588501,2.838650470948778e-05,,,,
866,0.012136406265199184,1.829429919666733e-05,324.62571462994674,0.15966299176216125,0.0009447693591937423,0.00033263929071836174,2.6947473088512197e-06,2.130260781996185e-06,0.0003989322576671839,0.000249663891736418,1.649797377467621e-05,0.00025128413108177483,0.009575929492712021,0.031186822801828384,0.0,0.013215781189501286,7.864640792831779e-05,0.3352757692337036,9.94696620182367e-06,,,,
867,0.013962127268314362,1.8172765423964287e-05,325.00139188894536,0.08568340539932251,0.0010110650910064578,0.00042919625411741436,2.511056436560466e-06,2.0753029730258277e-06,0.0004974485491402447,0.00024934374960139394,1.6579799194005318e-05,0.000251107441727072,0.037379465997219086,0.017818765714764595,0.0,0.019400710240006447,5.5301370593952015e-05,0.33529233932495117,2.0337733076303266e-05,,,,
868,0.012404229491949081,1.8052088601012922e-05,325.37661211099476,0.3609830141067505,0.0011744571384042501,0.00044839613838121295,2.3769866857037414e-06,1.9265912669652607e-06,0.0006575090810656548,0.0002496280358172953,1.66490954143228e-05,0.00025156818446703255,0.008674819953739643,0.015710163861513138,0.0,0.004695094656199217,1.689356577116996e-05,0.3353100121021271,1.815506038838066e-05,,,,
869,0.011369766667485237,1.7932269918844773e-05,325.75682559399866,0.4607706367969513,0.001079940120689571,0.00044876066385768354,2.4945413770183222e-06,2.0041302377649117e-06,0.000419927149778232,0.000249508157139644,1.667112701397855e-05,0.00025136474869214,0.01210858952254057,0.006751500070095062,0.0,0.011725109070539474,1.0192515219387133e-05,0.3353254795074463,1.3402713193499949e-05,,,,
870,0.01282136607915163,1.7813310560021872e-05,326.1278639009688,0.2050062119960785,0.0012952240649610758,0.0004339366569183767,3.013681180163985e-06,2.290192696818849e-06,0.00042275883606635034,0.0002493049541953951,1.669788616709411e-05,0.0002508297620806843,0.019207149744033813,0.012290422804653645,0.0,0.01655079796910286,1.573225927131716e-05,0.3353409469127655,1.1424303920648526e-05,,,,
871,0.013850185088813305,1.7695211698625063e-05,326.503430851968,0.46890437602996826,0.0010659206891432405,0.0005332067958079278,2.5838094188657124e-06,1.9734395664272597e-06,0.0004617729573510587,0.0002508162579033524,1.670243000262417e-05,0.0002520112320780754,0.0035838682670146227,0.019959481433033943,0.0,0.021584022790193558,3.2026844564825296e-05,0.3353564143180847,1.0497303264855873e-05,,,,
872,0.012911010533571243,1.7577974500242414e-05,326.8799941629986,0.15589670836925507,0.0009247369016520679,0.0005751332500949502,2.554620550654363e-06,1.7432685126550496e-06,0.0003824190644081682,0.0002511841303203255,1.6758544006734155e-05,0.00025230247410945594,0.009546235203742981,0.013040134683251381,0.0,0.010159063152968884,1.1017777978850063e-05,0.33537188172340393,7.531227311119437e-06,,,,
873,0.013360788114368916,1.7461600121957734e-05,327.2566437429632,0.22746224701404572,0.0012964904308319092,0.0005314752925187349,2.9516822905861773e-06,2.110999503202038e-06,0.0003488833026494831,0.0002521852438803762,1.6844294805196114e-05,0.0002530930214561522,0.025120992213487625,0.002844326663762331,0.0,0.019615761935710907,2.8097765607526526e-05,0.3353862464427948,1.548256113892421e-05,,,,
874,0.014758368954062462,1.7346089712339164e-05,327.63328717299737,0.4881797134876251,0.0012086841743439436,0.0005184548208490014,2.439615855109878e-06,2.08508686228015e-06,0.0004365828353911638,0.00025195672060362995,1.7043023035512306e-05,0.0002527004398871213,0.0205523744225502,0.02363346517086029,0.0,0.012479022145271301,0.00010692318028304726,0.3354016840457916,2.4157303414540365e-05,,,,
875,0.01272206474095583,1.7231444411427836e-05,328.0083643559483,0.21625252068042755,0.0010113850003108382,0.0004752618260681629,2.2490294213639572e-06,2.0745287656609435e-06,0.0005080471746623516,0.0002496713132131845,1.7235342966159806e-05,0.00025063013890758157,0.010952112264931202,0.015936555340886116,0.0,0.012667069211602211,0.00010803391342051327,0.33541715145111084,1.104189686884638e-05,1.021717836086647,6.339738712747912,0.9266146617951261,0.7294184314194859
876,0.012707438319921494,1.711766535072655e-05,328.4239484409918,0.36805883049964905,0.0010139993391931057,0.0004206204030197114,2.7656979000312276e-06,2.1181676856940612e-06,0.0006461938610300422,0.0002488040772732347,1.742325912346132e-05,0.00024997832952067256,0.01458022277802229,0.019455108791589737,0.0,0.00962788239121437,5.896187940379605e-05,0.3354315161705017,1.147606144513702e-05,,,,
877,0.011774915270507336,1.7004753653188747e-05,328.7997225750005,0.14740006625652313,0.0011314807925373316,0.0005088276229798794,2.373007646383485e-06,1.7874581317300908e-06,0.0004546312557067722,0.0002485912118572742,1.76195699168602e-05,0.00024973697145469487,0.011321961879730225,0.00409490242600441,0.0,0.008558597415685654,8.842076567816548e-06,0.3354458808898926,7.363719305431005e-06,,,,
878,0.012411139905452728,1.6892710433207255e-05,329.174302636995,0.3292200267314911,0.0011160445865243673,0.00042982486775144935,2.9217330848041456e-06,2.029739334830083e-06,0.0003984571376349777,0.00024843442952260375,1.7721842596074566e-05,0.0002494584769010544,0.02801150642335415,0.009283410385251045,0.0,0.014064458198845387,6.543134804815054e-05,0.3354591429233551,1.0298346751369536e-05,,,,
879,0.012381086125969887,1.6781536796603445e-05,329.54866454098374,0.2705579698085785,0.001145858783274889,0.00047229835763573647,2.4631654014228843e-06,1.9032253248951747e-06,0.00044000480556860566,0.0002487434830982238,1.7815371393226087e-05,0.0002498467802070081,0.016612347215414047,0.005237394943833351,0.0,0.01960403472185135,0.00010540068615227938,0.3354724049568176,1.380614958179649e-05,,,,
880,0.014835317619144917,1.6671233840616182e-05,329.9254117899691,0.2318379431962967,0.0010662215063348413,0.0006208230624906719,2.795988166326424e-06,1.8018372429651208e-06,0.0006195802707225084,0.0002490532351657748,1.787088876881171e-05,0.00025015504797920585,0.02145463600754738,0.009404880926012993,0.0,0.01712762750685215,3.92772963095922e-05,0.3354867696762085,4.633708613255294e-06,,,,
881,0.012834805063903332,1.6561802653891173e-05,330.30022403097246,0.2828592360019684,0.0008147517801262438,0.0005458737723529339,2.6528130092629e-06,1.9148442333971616e-06,0.0005219680606387556,0.00024933242821134627,1.787086875992827e-05,0.0002502357237972319,0.008920038118958473,0.016230793669819832,0.0,0.006690243259072304,8.704424544703215e-05,0.3355022370815277,2.1046598703833297e-05,,,,
882,0.01452748291194439,1.645324431647003e-05,330.67465706099756,0.18271197378635406,0.0011497510131448507,0.0004352477262727916,2.76806395049789e-06,1.909294496726943e-06,0.000480646820506081,0.00025005810311995447,1.789740053936839e-05,0.0002506255987100303,0.018452920019626617,0.03391427919268608,0.0,0.00956698041409254,0.00014037694199942052,0.33551546931266785,5.0527914936537854e-06,,,,
883,0.013221493922173977,1.6345559899779718e-05,331.0482097819913,0.42850759625434875,0.0011267459485679865,0.0004633659846149385,2.552772912167711e-06,2.0984607544960454e-06,0.0005902238772250712,0.0002512237406335771,1.7880929590319283e-05,0.0002516257227398455,0.03015923500061035,0.008546088822185993,0.0,0.014568131417036057,1.6125350157381035e-05,0.33552873134613037,1.3359257536649238e-05,,,,
884,0.01373724639415741,1.6238750466621924e-05,331.4233147799969,0.23784521222114563,0.0011880125384777784,0.0005321765202097595,2.8551257855724543e-06,2.183865262850304e-06,0.0005051251500844955,0.00025137176271528006,1.7810136341722682e-05,0.00025191521854139864,0.011985993944108486,0.013359027914702892,0.0,0.017374740913510323,2.5230885512428358e-05,0.33554089069366455,9.286237400374375e-06,,,,
885,0.011609073728322983,1.6132817071162676e-05,331.7999080909649,0.16775257885456085,0.00095658894861117,0.000465597229776904,2.5970584829337895e-06,2.0858858533756575e-06,0.0003246305277571082,0.00025134527822956443,1.7684926206129603e-05,0.0002521411806810647,0.00435487600043416,0.010327630676329136,0.0,0.02118196152150631,2.9747043299721554e-05,0.3355541527271271,1.1556539902812801e-05,,,,
886,0.012059762142598629,1.6027760758921798e-05,332.17515398794785,0.26531922817230225,0.0010129234287887812,0.0004669266636483371,2.65843800661969e-06,2.1013484001741745e-06,0.00029983161948621273,0.0002514198131393641,1.75428267539246e-05,0.0002524627197999507,0.006577309686690569,0.01245381124317646,0.0,0.018262380734086037,0.00021947978530079126,0.3355674147605896,1.1759691915358417e-05,,,,
887,0.012612753547728062,1.5923582566762666e-05,332.5533711409662,0.10197516530752182,0.0009774490026757121,0.00043129068217240274,2.2486110538011417e-06,2.1878463485336397e-06,0.0003782401327043772,0.0002516637905500829,1.7362875951221213e-05,0.00025277931126765907,0.008054599165916443,0.020601436495780945,0.0,0.022776059806346893,1.704793430690188e-05,0.3355806767940521,1.0590300007606857e-05,,,,
888,0.01238972507417202,1.5820283522882026e-05,332.9312139899703,0.18304763734340668,0.0012448211200535297,0.0004751943051815033,2.9497277864720672e-06,1.744870814945898e-06,0.0003495622077025473,0.00025169053697027266,1.716065344226081e-05,0.00025291097699664533,0.01510173361748457,0.00511054927483201,0.0,0.021749168634414673,1.6986890841508284e-05,0.335595041513443,1.879230694612488e-05,,,,
889,0.011908094398677349,1.5717864646799694e-05,333.316149850958,0.43330928683280945,0.0010231382912024856,0.00047318049473688006,2.3355828489002306e-06,1.8298396753380075e-06,0.00042914884397760034,0.00025174496113322675,1.6955747923930176e-05,0.0002530537312850356,0.0126036386936903,0.009606240317225456,0.0,0.011708646081387997,4.898339102510363e-05,0.3356105089187622,1.754095865180716e-05,,,,
890,0.012053082697093487,1.561632694934865e-05,333.6892488079611,0.22679923474788666,0.0009927264181897044,0.0004314156831242144,2.525848458390101e-06,2.1019209270889405e-06,0.0005012704059481621,0.0002527527103666216,1.674929808359593e-05,0.00025408348301425576,0.009055646136403084,0.01192785520106554,0.0,0.021796775981783867,3.585545709938742e-05,0.3356259763240814,9.488841897109523e-06,,,,
891,0.011286146938800812,1.5515671432664957e-05,334.06341490196064,0.2072584331035614,0.001067987410351634,0.00040626019472256303,2.5646422727731988e-06,1.920298473123694e-06,0.000434937363024801,0.0002544415765441954,1.657986103964504e-05,0.00025582974194549024,0.013018087483942509,0.009531174786388874,0.0,0.011373911052942276,0.00012092524411855265,0.33564144372940063,8.214676199713722e-06,,,,
892,0.013167728669941425,1.5415899090177926e-05,334.43793323397404,0.2468591332435608,0.0009722947143018246,0.0004845901275984943,2.679219278434175e-06,2.322231011930853e-06,0.0004103162500541657,0.00025523241492919624,1.6476788005093113e-05,0.00025672398624010384,0.01866838149726391,0.014833264984190464,0.0,0.01716318540275097,0.00016314306412823498,0.3356558084487915,1.8739130609901622e-05,,,,
893,0.010922465473413467,1.531701090660034e-05,334.8128434949904,0.35427483916282654,0.001048308564350009,0.00036637228913605213,2.307540398760466e-06,2.4874309474398615e-06,0.0004193201311863959,0.00025437402655370533,1.642336974327918e-05,0.00025599630316719413,0.010733148083090782,0.011871102266013622,0.0,0.014426879584789276,2.166061312891543e-05,0.3356712758541107,5.331970896804705e-06,,,,
894,0.012662713415920734,1.5219007857918608e-05,335.18803319497965,0.4272432029247284,0.0012227349216118455,0.00043833907693624496,2.6632485514710424e-06,2.4856615254975623e-06,0.0005929350736550987,0.00025235849898308516,1.6347083146683872e-05,0.00025423456099815667,0.008465872146189213,0.01062109787017107,0.0,0.02274312824010849,7.681303031858988e-06,0.33568674325942993,8.644132321933284e-06,,,,
895,0.013878376223146915,1.512189091138325e-05,335.56326376798097,0.2662944495677948,0.0010565827833488584,0.0004810525570064783,2.5635936253820546e-06,2.342434527236037e-06,0.0004919198690913618,0.0002511307247914374,1.6303018128382973e-05,0.0002532224461901933,0.03149335831403732,0.011072163470089436,0.0,0.02299496904015541,5.300348129821941e-05,0.3357033133506775,6.138608114270028e-06,,,,
896,0.013422608375549316,1.5025661025499352e-05,335.93901899195043,0.10431546717882156,0.0012200233759358525,0.0005254020215943456,2.552380465203896e-06,2.081330876535503e-06,0.0003534425050020218,0.0002498012618161738,1.6225407307501882e-05,0.00025212651235051453,0.00868553388863802,0.013330111280083656,0.0,0.01998003013432026,8.622626774013042e-05,0.33571991324424744,1.655088817642536e-05,,,,
897,0.012470933608710766,1.4930319150017021e-05,336.3134671259904,0.17814911901950836,0.0010944054229184985,0.0004589250893332064,2.6896675535681425e-06,2.204058546340093e-06,0.00044658425031229854,0.0002486954617779702,1.6150112060131505e-05,0.00025122935767285526,0.010653593577444553,0.01685100421309471,0.0,0.010638042353093624,1.1461797839729115e-05,0.335736483335495,8.062621418503113e-06,,,,
898,0.01171942986547947,1.4835866225922054e-05,336.6869618439814,0.26812097430229187,0.0012614415027201176,0.0004825955256819725,3.127860964013962e-06,1.8981030507347896e-06,0.00034616986522451043,0.0002480711555108428,1.609358878340572e-05,0.00025075708981603384,0.010268904268741608,0.006470523774623871,0.0,0.007079815026372671,6.431035581044853e-05,0.3357519507408142,1.6196067008422688e-05,,,,
899,0.014298123307526112,1.4742303185426728e-05,337.0687281189603,0.3640754520893097,0.0009855797979980707,0.00048059981781989336,3.0531334687111666e-06,2.0700867935374845e-06,0.0005138407577760518,0.000247922376729548,1.6036226952564903e-05,0.00025069841649383307,0.013104391284286976,0.027437342330813408,0.0,0.019127514213323593,4.777759750140831e-05,0.3357663154602051,6.355315235850867e-06,,,,
900,0.016052361577749252,1.4649630951960463e-05,337.4592050279607,0.21774856746196747,0.0010490119457244873,0.0004933277377858758,2.755359219008824e-06,1.9046383386012167e-06,0.0006422449368983507,0.00024802456027828157,1.600094765308313e-05,0.0002507485041860491,0.03412606939673424,0.02293248102068901,0.0,0.032011520117521286,4.19078569393605e-05,0.3357817828655243,8.324881491716951e-06,0.9797362382364975,6.240925230677977,0.9067435770941451,0.6924301720534651
901,0.013707214035093784,1.4557850440160778e-05,337.87690978497267,0.061330024152994156,0.001094298204407096,0.0005444620037451386,2.354703838136629e-06,1.8185392036684789e-06,0.0003598842304199934,0.0002484346041455865,1.6015361325116828e-05,0.0002510559861548245,0.02509966865181923,0.011548580601811409,0.0,0.014414729550480843,3.9308415580308065e-05,0.3357994854450226,1.9435490685282275e-05,,,,
902,0.012559020891785622,1.4466962555864265e-05,338.24781716498546,0.16722005605697632,0.0009599442128092051,0.00042025709990411997,2.729112111410359e-06,1.8801164287651773e-06,0.000606800545938313,0.00024892573128454387,1.604164208401926e-05,0.0002514604420866817,0.02131243422627449,0.013828802853822708,0.0,0.014529243111610413,8.727269596420228e-05,0.33581605553627014,2.1462459699250758e-05,,,,
903,0.012563060037791729,1.4376968196097667e-05,338.62278705695644,0.108477383852005,0.0010996812488883734,0.0004052647855132818,2.7120431695948355e-06,1.9572905785025796e-06,0.0005232261028140783,0.00024981287424452603,1.6070058336481452e-05,0.00025218818336725235,0.011274195276200771,0.01846528798341751,0.0,0.014038564637303352,0.00022308493498712778,0.3358326256275177,1.5375137081719004e-05,,,,
904,0.012664014473557472,1.4287868249068962e-05,338.99918699497357,0.3402746617794037,0.0010386535432189703,0.0005035820067860186,2.1517398636206053e-06,2.205897544627078e-06,0.00036565051414072514,0.00025056221056729555,1.6105701433843933e-05,0.0002528184559196234,0.005398094654083252,0.0154052022844553,0.0,0.01747945137321949,2.5324754460598342e-05,0.3358481228351593,1.3377822142501827e-05,,,,
905,0.013679170049726963,1.419966359415868e-05,339.3740129719954,0.1739787608385086,0.0009422797593288124,0.0004696623363997787,2.6573579816613346e-06,1.8974305930896662e-06,0.00038763912743888795,0.00025118928169831634,1.6175561540876515e-05,0.0002533098740968853,0.021139318123459816,0.024769645184278488,0.0,0.013481990434229374,5.174189936951734e-05,0.3358635902404785,2.3159938791650347e-05,,,,
906,0.013449210673570633,1.411235510191114e-05,339.750179619994,0.5784871578216553,0.001040018629282713,0.0004625464789569378,3.006347469636239e-06,2.1028940864198375e-06,0.00045439024688676,0.0002514944935683161,1.6238655007327907e-05,0.0002535063831601292,0.04187319427728653,0.008130423724651337,0.0,0.01428796723484993,0.00015628182154614478,0.33587905764579773,3.63538674719166e-06,,,,
907,0.013546818867325783,1.4025943634025928e-05,340.12330327095697,0.29517796635627747,0.000979138887487352,0.0006080460152588785,2.5875137907860335e-06,1.8859761894418625e-06,0.0003208718844689429,0.00024920166470110416,1.633165084058419e-05,0.000251317658694461,0.019086718559265137,0.011342275887727737,0.0,0.008199910633265972,4.924210224999115e-05,0.33589452505111694,9.693590982351452e-06,,,,
908,0.011895752511918545,1.3940430043349335e-05,340.4979125659447,0.2670670747756958,0.00102872378192842,0.0003537693992257118,2.5118329176621046e-06,2.0127695279370528e-06,0.0004511436854954809,0.00024857648531906307,1.6438427337561734e-05,0.00025065397494472563,0.010409485548734665,0.026965396478772163,0.0,0.006585392635315657,4.736788469017483e-05,0.3359089195728302,2.886888978537172e-06,,,,
909,0.012517169117927551,1.3855815173865975e-05,340.8717722709989,0.18548351526260376,0.0011774429585784674,0.00038704159669578075,2.7336473067407496e-06,1.9312333279231098e-06,0.0004102290258742869,0.0002479407121427357,1.6526964827789925e-05,0.0002500661357771605,0.02028687857091427,0.0216873437166214,0.0,0.006469751708209515,5.9447469539009035e-05,0.3359221816062927,3.108596138190478e-05,,,,
910,0.014906668104231358,1.3772099860690446e-05,341.2448540389887,0.3211394250392914,0.0011041046818718314,0.0005304686492308974,2.4571436370024458e-06,2.1228238438197877e-06,0.0003490703529678285,0.00024792502517811954,1.6625110220047645e-05,0.00025010458193719387,0.019983354955911636,0.028709786012768745,0.0,0.012071649543941021,6.114510324550793e-05,0.3359343409538269,3.608353608797188e-06,,,,
911,0.012916776351630688,1.3689284930059107e-05,341.6207473569666,0.17710138857364655,0.0009455080144107342,0.0004365891218185425,2.1831438061781228e-06,2.1272317098919302e-06,0.0005562385777011514,0.000248802884016186,1.6711213902453892e-05,0.00025123314117081463,0.025793422013521194,0.017992915585637093,0.0,0.009572983719408512,6.099892743804958e-06,0.3359465003013611,1.557677569508087e-05,,,,
912,0.011632593348622322,1.3607371199321884e-05,341.9962655689451,0.6019866466522217,0.0011845005210489035,0.0004540114605333656,2.904187567764893e-06,2.0924705950164935e-06,0.00036939705023542047,0.00025047612143680453,1.674523446126841e-05,0.00025312844081781805,0.013467744924128056,0.008981587365269661,0.0,0.006855679675936699,1.7361218851874582e-05,0.3359575569629669,2.2084894226281904e-05,,,,
913,0.011299336329102516,1.3526359476934211e-05,342.36983624094864,0.4011537730693817,0.0011225888738408685,0.0003765650908462703,2.6803777473105583e-06,2.1506832581508206e-06,0.0005408294382505119,0.0002500444825273007,1.672669532126747e-05,0.000252544938120991,0.009570029564201832,0.015790723264217377,0.0,0.005175445228815079,1.5686277038184926e-05,0.3359675109386444,8.123610314214602e-06,,,,
914,0.011687600053846836,1.3446250562449113e-05,342.7467504769447,0.2219853550195694,0.0010400544852018356,0.0004275318351574242,2.4120797661453253e-06,2.2027297745808028e-06,0.00041774631245061755,0.00024880783166736364,1.6679934560670517e-05,0.00025103380903601646,0.009608486667275429,0.018782097846269608,0.0,0.0030219340696930885,1.2696971680270508e-05,0.33597633242607117,1.9269784388598055e-05,,,,
915,0.013453958556056023,1.3367045246509228e-05,343.12447760096984,0.20185375213623047,0.0009345895959995687,0.0004979477962478995,2.7525766199687496e-06,1.9078001969319303e-06,0.0004225253069307655,0.00024873673100955784,1.660458292462863e-05,0.00025063048815354705,0.00886039063334465,0.027254296466708183,0.0,0.007515796460211277,0.00011145493772346526,0.33598408102989197,7.08281368133612e-06,,,,
916,0.012627515010535717,1.3288744310839015e-05,343.50788276898675,0.5432470440864563,0.0010108004789799452,0.00045741559006273746,2.522730483178748e-06,2.207422767241951e-06,0.0005232796538621187,0.0002502357820048928,1.6547595805604942e-05,0.00025188017752952874,0.018398692831397057,0.011499745771288872,0.0,0.0165705569088459,5.212312680669129e-05,0.33599182963371277,1.2096726095478516e-05,,,,
917,0.012292592786252499,1.3211348528237128e-05,343.8809680629638,0.09935690462589264,0.0011773718288168311,0.0004492195730563253,2.73994442068215e-06,2.0543407117656898e-06,0.00048524068552069366,0.000251018296694383,1.6536680050194263e-05,0.000252575206104666,0.008199685253202915,0.013568151742219925,0.0,0.012413441203534603,6.895234400872141e-05,0.33599957823753357,7.92776518210303e-06,,,,
918,0.015241840854287148,1.3134858662568708e-05,344.2491028980003,0.11344723403453827,0.0011181660229340196,0.000547036703210324,2.6210977921437006e-06,1.9070109829044668e-06,0.0006430110079236329,0.0002520332927815616,1.6513882655999623e-05,0.00025348906638100743,0.03178822994232178,0.017435511574149132,0.0,0.013356012292206287,4.283366070012562e-05,0.336007297039032,1.0486612154636532e-05,,,,
919,0.013447199948132038,1.3059275468757823e-05,344.62733918998856,0.37337079644203186,0.0010328915668651462,0.0004605543799698353,2.4042783479671925e-06,2.045439941866789e-06,0.00044492571032606065,0.0002525965392123908,1.653463186812587e-05,0.0002539807464927435,0.03517269343137741,0.014585046097636223,0.0,0.012226605787873268,2.6682220777729526e-05,0.3360150456428528,1.1613488823059015e-05,,,,
920,0.012116889469325542,1.2984599692780079e-05,345.00034036597935,0.22868722677230835,0.0010147987632080913,0.0005033744964748621,2.44949455918686e-06,2.012843424381572e-06,0.00045520957792177796,0.0002514026127755642,1.655055530136451e-05,0.00025286144227720797,0.023814598098397255,0.0037600300274789333,0.0,0.008850609883666039,1.8088379874825478e-05,0.3360227942466736,1.2521991266112309e-05,,,,
921,0.012308420613408089,1.2910832071655251e-05,345.375757324975,0.20307447016239166,0.0012091839453205466,0.0004647591267712414,2.664156227183412e-06,2.120464841937064e-06,0.0003560168552212417,0.00025036491570062935,1.6603760741418228e-05,0.00025190753513015807,0.015871915966272354,0.014560701325535774,0.0,0.0035659417044371367,5.351865183911286e-05,0.336030513048172,8.686756700626574e-06,,,,
922,0.011487610638141632,1.2837973333439979e-05,345.7502019619569,0.3045862019062042,0.0012306090211495757,0.0003907371428795159,2.773973164948984e-06,2.0642391973524354e-06,0.0005381847731769085,0.00024927317281253636,1.6640216927044094e-05,0.00025099172489717603,0.016730232164263725,0.011607814580202103,0.0,0.0011553599033504725,7.885522063588724e-05,0.33603715896606445,1.5765919670229778e-05,,,,
923,0.013911805115640163,1.2766024197220585e-05,346.1232887119986,0.5224379301071167,0.0009811724303290248,0.0005049986066296697,2.6202096705674194e-06,2.2339954739436507e-06,0.0004831263795495033,0.00024873780785128474,1.6663847418385558e-05,0.00025072021526284516,0.01098002027720213,0.027153905481100082,0.0,0.010072237811982632,3.5213655792176723e-05,0.3360426723957062,8.470130524074193e-06,,,,
924,0.01248194370418787,1.2694985373106001e-05,346.50387734896503,0.43320831656455994,0.0010160350939258933,0.0004602039698511362,2.5591787107259734e-06,1.945206349773798e-06,0.0003899015428032726,0.00024847628083080053,1.666196112637408e-05,0.0002505203883629292,0.025673119351267815,0.011165549978613853,0.0,0.01134232897311449,8.062322740443051e-05,0.3360482156276703,6.083771495468682e-06,,,,
925,0.011973190121352673,1.2624857562220755e-05,346.8776081109536,0.2878567576408386,0.001097377622500062,0.00043742600246332586,3.063783879042603e-06,2.192074589402182e-06,0.0005908632883802056,0.00024804184795357287,1.6666353985783644e-05,0.00024997853324748576,0.003515497548505664,0.012227626517415047,0.0,0.01565677858889103,1.9890569092240185e-05,0.336053729057312,1.613027234270703e-05,0.9705819151233128,6.346292625587668,0.8982712726497718,0.6358744142734581
926,0.010866002179682255,1.2555641456698008e-05,347.2980864389683,0.40215107798576355,0.000992140150628984,0.00039724211092107,2.929068614321295e-06,2.0959532776032574e-06,0.00048494452494196594,0.00024856944219209254,1.6641151887597516e-05,0.0002502949209883809,0.013977397233247757,0.009426366537809372,0.0,0.007418260909616947,6.323546131170588e-06,0.33606037497520447,6.727241270709783e-06,,,,
927,0.012951131910085678,1.2487337739672795e-05,347.6745813469752,0.37271133065223694,0.0009185156668536365,0.0004681645368691534,2.393008116996498e-06,2.1863822894374607e-06,0.0004965740372426808,0.0002493762003723532,1.6645968571538106e-05,0.00025095188175328076,0.007655816152691841,0.01601242460310459,0.0,0.026817401871085167,5.663967749569565e-05,0.3360658884048462,2.2779064238420688e-05,,,,
928,0.011890294961631298,1.2419947085275189e-05,348.0472407639609,0.06531917303800583,0.000939955236390233,0.0005139787681400776,2.4265837055281736e-06,1.953009359567659e-06,0.00046077099977992475,0.00024991415557451546,1.6659176253597252e-05,0.0002513911167625338,0.009944519959390163,0.008737700991332531,0.0,0.008243611082434654,3.587999890442006e-05,0.336073637008667,1.236538082594052e-05,,,,
929,0.012235982343554497,1.2353470158623805e-05,348.4236619839794,0.27744483947753906,0.001225202577188611,0.00047404144424945116,2.815746938722441e-06,2.0110687728447374e-06,0.00040317754610441625,0.0002504220465198159,1.66590471053496e-05,0.00025182863464578986,0.011502843350172043,0.014186376705765724,0.0,0.0030647730454802513,1.7088623280869797e-05,0.33608028292655945,1.362798320769798e-05,,,,
930,0.012340834364295006,1.2287907615819028e-05,348.80035252997186,0.3281148076057434,0.0010057976469397545,0.00044077992788515985,2.3643524400540628e-06,2.0710306216642493e-06,0.0005398737848736346,0.0002504121221136302,1.6605592463747598e-05,0.00025183105026371777,0.018575582653284073,0.007870590314269066,0.0,0.02226792648434639,2.4781402316875756e-05,0.3360868990421295,1.2805505321011879e-05,,,,
931,0.013867738656699657,1.2223260103936688e-05,349.1788219289738,0.26579749584198,0.0009972387924790382,0.0005200313171371818,2.508003035472939e-06,2.2175406684254995e-06,0.0003927470534108579,0.0002497374080121517,1.6587517166044563e-05,0.0002512408827897161,0.017748331651091576,0.02421904355287552,0.0,0.0079385656863451,2.3741707991575822e-05,0.3360946476459503,1.0876128726522438e-05,,,,
932,0.013348205015063286,1.2159528261021642e-05,349.5528356109862,0.3066229522228241,0.0009930238593369722,0.00047466365504078567,2.855018465197645e-06,1.9495007563818945e-06,0.0006621703505516052,0.00024922890588641167,1.65796882356517e-05,0.000250789278652519,0.028025439009070396,0.015142152085900307,0.0,0.005165428388863802,5.5736109061399475e-05,0.3361023962497711,2.8516165002656635e-06,,,,
933,0.013885784894227982,1.2096712716081459e-05,349.9280244919937,0.13771933317184448,0.00104122597258538,0.00045387280988506973,2.895792931667529e-06,1.9789185898844153e-06,0.0004114963812753558,0.0002487014280632138,1.6589676306466572e-05,0.00025031680706888437,0.019564613699913025,0.027752406895160675,0.0,0.01215868629515171,3.101542461081408e-05,0.3361090421676636,2.9402996005956084e-05,,,,
934,0.01225122157484293,1.2034814089080175e-05,350.29886999499286,0.2077690213918686,0.0009771630866453052,0.0005125912139192224,2.630057451824541e-06,1.8091175206791377e-06,0.00022659303795080632,0.0002479985123500228,1.6601083189016208e-05,0.00024973638937808573,0.014057211577892303,0.008025281131267548,0.0,0.020610790699720383,5.8042180171469226e-05,0.33611565828323364,9.634724847273901e-06,,,,
935,0.01235141046345234,1.1973832990932264e-05,350.670882470964,0.2736462652683258,0.0011000792728736997,0.0004002387577202171,2.8073059183952864e-06,2.3007482923276257e-06,0.0005820981459692121,0.00024734364706091583,1.6635560314171016e-05,0.00024925809702835977,0.026985784992575645,0.008695987053215504,0.0,0.016542235389351845,1.0122584171767812e-05,0.33612340688705444,6.669002232229104e-06,,,,
936,0.013958119787275791,1.1913770023496568e-05,351.08401070995023,0.15558846294879913,0.0011290931142866611,0.0004042639338877052,2.8047415980836377e-06,1.8685595932765864e-06,0.0006155797746032476,0.00024698342895135283,1.669798803050071e-05,0.0002490236365702003,0.021801192313432693,0.021924803033471107,0.0,0.024028688669204712,2.3048520233714953e-05,0.3361322581768036,1.1383959645172581e-05,,,,
937,0.011561592109501362,1.185462577957031e-05,351.46083765494404,0.24437399208545685,0.00105337577406317,0.0004260795540176332,2.3957582016009837e-06,2.0316172140155686e-06,0.0003585578815545887,0.0002468625898472965,1.6743517335271463e-05,0.0002489732578396797,0.025510214269161224,0.010265317745506763,0.0,0.0034564437810331583,4.470039493753575e-05,0.3361422121524811,1.837223862821702e-05,,,,
938,0.012427790090441704,1.1796400842883292e-05,351.8356460259529,0.09671113640069962,0.0011136096436530352,0.0004141072859056294,2.197381490987027e-06,1.9437911760178395e-06,0.00038082984974607825,0.00024675464374013245,1.6795416740933433e-05,0.0002488185418769717,0.027964850887656212,0.013288252055644989,0.0,0.012694224715232849,2.263288843096234e-05,0.3361510634422302,1.2837487702199724e-05,,,,
939,0.013365275226533413,1.1739095788092133e-05,352.2071270349552,0.23800696432590485,0.000866186514031142,0.0005312428111210465,2.5333713438158156e-06,1.8866458049160428e-06,0.0006456353585235775,0.0002468237653374672,1.683929622231517e-05,0.00024878120166249573,0.02265595830976963,0.0058392868377268314,0.0,0.0217591505497694,6.520705210277811e-05,0.336159884929657,1.0382434084021952e-05,,,,
940,0.011369297280907631,1.168271118077459e-05,352.58159283397254,0.1401127427816391,0.00101943570189178,0.000472743296995759,2.5538236059219344e-06,2.158481493097497e-06,0.0003312464104965329,0.00024680866044946015,1.6884743672562763e-05,0.0002487658348400146,0.0017769139958545566,0.007141596637666225,0.0,0.02098078466951847,3.590590495150536e-05,0.3361698389053345,5.933512056799373e-06,,,,
941,0.013576862402260303,1.1627247577423998e-05,352.95567683596164,0.14830069243907928,0.0012478483840823174,0.0005559936398640275,2.4608866624475922e-06,2.0272912024665857e-06,0.0004751438682433218,0.00024687949917279184,1.6900794435059652e-05,0.00024880081764422357,0.010084416717290878,0.010244608856737614,0.0,0.01583125814795494,3.603912773542106e-05,0.3361808955669403,1.259785312868189e-05,,,,
942,0.013241018168628216,1.1572705525443694e-05,353.3344582179561,0.19389620423316956,0.0012944843620061874,0.0004819545429199934,2.772864490907523e-06,1.9384551706025377e-06,0.00043619645293802023,0.00024702816153876483,1.688621523499023e-05,0.00024889237829484046,0.020700687542557716,0.01121579296886921,0.0,0.014179527759552002,1.5369934772024862e-05,0.33619195222854614,1.3790819139103405e-05,,,,
943,0.013679765164852142,1.1519085563141746e-05,353.7171463499544,0.1406024694442749,0.0010585131822153926,0.0004995613708160818,2.647386054377421e-06,1.8988321244250983e-06,0.0005450828466564417,0.0002471125917509198,1.6838494047988206e-05,0.0002489741309545934,0.02464868128299713,0.010069945827126503,0.0,0.02051079459488392,0.0001079430803656578,0.33620303869247437,1.164902641903609e-05,,,,
944,0.013976381160318851,1.146638821972551e-05,354.0911252509686,0.3007985055446625,0.001160696498118341,0.0005393858882598579,2.7533747015695553e-06,2.1723553800256923e-06,0.00045384033001028,0.00024734382168389857,1.676835017860867e-05,0.0002491885388735682,0.015668703243136406,0.0096355602145195,0.0,0.025228414684534073,0.000133219436975196,0.3362140953540802,2.0477038560784422e-05,,,,
945,0.01363266073167324,1.1414614015296498e-05,354.46519143198384,0.1436532586812973,0.0010589342564344406,0.0005753626464866102,2.8689064492937177e-06,2.047696170848212e-06,0.00044770282693207264,0.00024743040557950735,1.6711548596504144e-05,0.00024931103689596057,0.016534041613340378,0.012024816125631332,0.0,0.010084498673677444,5.798077108920552e-05,0.3362262547016144,1.1424410331528634e-05,,,,
946,0.01057329773902893,1.13637634608452e-05,354.84388948394917,0.16164205968379974,0.0010383168701082468,0.00036968011409044266,2.619944780235528e-06,2.0895236048090737e-06,0.00045649553067050874,0.0002474516804795712,1.66936224559322e-05,0.0002493764040991664,0.002353957388550043,0.011398117057979107,0.0,0.01508308108896017,2.314985431439709e-05,0.3362373113632202,1.0771410416055005e-05,,,,
947,0.012349681928753853,1.1313837058246073e-05,355.22001444594935,0.2574080228805542,0.001144156907685101,0.00046130045666359365,2.570814785940456e-06,1.6734845758037409e-06,0.000469688733574003,0.0002473810745868832,1.6656067600706592e-05,0.00024940521689131856,0.0031540568452328444,0.01862321048974991,0.0,0.00872795470058918,3.422310692258179e-05,0.3362494707107544,1.7177375411847606e-05,,,,
948,0.012385033071041107,1.126483530025255e-05,355.59724444994936,0.19962452352046967,0.0010350615484640002,0.000439263298176229,2.609296643640846e-06,1.8874728766604676e-06,0.0004943602252751589,0.00024733052123337984,1.661887472437229e-05,0.00024939284776337445,0.02899816632270813,0.00957272108644247,0.0,0.00939917378127575,7.278804696397856e-05,0.33626052737236023,1.4042065231478773e-05,,,,
949,0.013156876899302006,1.1216758670492193e-05,355.97329446597723,0.1416216939687729,0.0009801762644201517,0.00044145737774670124,2.6030147637357004e-06,1.8557242356109782e-06,0.0004967403365299106,0.00024726666742935777,1.6569905710639432e-05,0.00024933170061558485,0.024496223777532578,0.016014520078897476,0.0,0.0175233893096447,0.00010326430492568761,0.33627158403396606,1.0910239325312432e-05,,,,
950,0.013847842812538147,1.1169607643461934e-05,356.3472785449703,0.16819210350513458,0.001232325448654592,0.0005152574158273637,2.491507984814234e-06,1.9648580291686812e-06,0.0004345947818364948,0.00024729559663683176,1.6502786820637994e-05,0.00024939386639744043,0.017348874360322952,0.013504978269338608,0.0,0.019862452521920204,1.553266884002369e-05,0.3362826704978943,1.5519242879236117e-05,0.976546089606288,6.322796482635296,0.9037911020630849,0.685893048643854
951,0.011888554319739342,1.112338268452337e-05,356.76637413498247,0.11596997082233429,0.0009469810174778104,0.00045523844892159104,2.831759502441855e-06,1.9637004697869997e-06,0.00046217438648454845,0.00024767042486928403,1.6416041034972295e-05,0.0002497560635674745,0.01838824898004532,0.008237568661570549,0.0,0.013025039806962013,7.807273505022749e-05,0.3362937271595001,2.8562892111949623e-05,,,,
952,0.012891511432826519,1.1078084249898185e-05,357.1436410159804,0.25587642192840576,0.0011322550708428025,0.0004976440686732531,2.4252258299384266e-06,2.0381150989123853e-06,0.0005331253632903099,0.0002484736032783985,1.6330670405295677e-05,0.0002505325828678906,0.013631393201649189,0.015062863007187843,0.0,0.0050686998292803764,4.645177614293061e-05,0.33630478382110596,1.0139644473383669e-05,,,,
953,0.01265760324895382,1.103371278666364e-05,357.51880485896254,0.36792102456092834,0.001091741374693811,0.0004914391320198774,2.6212428565486334e-06,2.119738383044023e-06,0.00045691797276958823,0.00024863582802936435,1.6283463992294855e-05,0.00025072458083741367,0.012921123765408993,0.011403270065784454,0.0,0.014208951964974403,5.6402350310236216e-05,0.3363136351108551,4.490906121645821e-06,,,,
954,0.012991800904273987,1.0990268732748172e-05,357.89647065399913,0.3323734998703003,0.0010481843492016196,0.0005757545586675406,2.1856471903447527e-06,2.315229039595579e-06,0.000341850274708122,0.0002479125978425145,1.6238038369920105e-05,0.0002501264971215278,0.009120741859078407,0.012191148474812508,0.0,0.010222550481557846,1.0755271432572044e-05,0.33632248640060425,1.3759930880041793e-05,,,,
955,0.012200519442558289,1.0947752516927044e-05,358.2713276159484,0.26066914200782776,0.0011190182995051146,0.0004754913388751447,2.7504338504513726e-06,1.9844560483761597e-06,0.00025273158098571,0.0002479072427377105,1.621350020286627e-05,0.0002501478302292526,0.005111567676067352,0.007657259237021208,0.0,0.03177822008728981,2.450422107358463e-05,0.3363313376903534,1.2847762263845652e-05,,,,
956,0.01069617923349142,1.0906164558818148e-05,358.64528230496217,0.1314592957496643,0.0010750297224149108,0.00043098509195260704,2.6639199859346263e-06,1.804590056053712e-06,0.0005296607851050794,0.0002473244094289839,1.6206064174184576e-05,0.00024968868819996715,0.0033962749876081944,0.004390350542962551,0.0,0.01066165417432785,7.432430720655248e-05,0.33634239435195923,9.529647286399268e-06,,,,
957,0.011518619954586029,1.0865505268877836e-05,359.0199011719669,0.3341314196586609,0.0010337608400732279,0.0004143511177971959,2.2618532966589555e-06,2.14833607969922e-06,0.0003651829611044377,0.0002468846214469522,1.6189518646569923e-05,0.00024937340640462935,0.004549193661659956,0.012607072480022907,0.0,0.022123919799923897,4.609573807101697e-05,0.3363523483276367,2.2560652723768726e-05,,,,
958,0.013681351207196712,1.0825775048396883e-05,359.4010220139753,0.28267282247543335,0.001133396290242672,0.0004959271755069494,2.3511520339525305e-06,1.975185341507313e-06,0.00030679081100970507,0.0002469457103870809,1.6160835002665408e-05,0.0002494585351087153,0.020287513732910156,0.023816153407096863,0.0,0.006080139894038439,5.415264604380354e-05,0.33636340498924255,1.4293647836893797e-05,,,,
959,0.013369177468121052,1.0786974289496543e-05,359.7756873119506,0.1558825671672821,0.001260137534700334,0.00035717932041734457,2.3544521354779135e-06,1.9110025277768727e-06,0.00048211144166998565,0.0002476668159943074,1.6152980606420897e-05,0.0002500890113878995,0.020516835153102875,0.024451548233628273,0.0,0.020303206518292427,1.608289676369168e-05,0.33637335896492004,1.6580837836954743e-05,,,,
960,0.012029078789055347,1.074910337512462e-05,360.1481419769698,0.20604129135608673,0.001058628666214645,0.0004062614752911031,2.604847395559773e-06,2.245397809019778e-06,0.00032257515704259276,0.0002484418509993702,1.6175601558643393e-05,0.00025079012266360223,0.022377364337444305,0.0139193469658494,0.0,0.014414682984352112,4.1418083128519356e-05,0.33638331294059753,8.100303602986969e-06,,,,
961,0.012652930803596973,1.0712162679051753e-05,360.52499539696146,0.34968072175979614,0.0009986612712964416,0.0005495895748026669,2.444817027935642e-06,2.043707127086236e-06,0.0003398723783902824,0.0002487747697159648,1.6195715943467803e-05,0.0002510894846636802,0.01886736787855625,0.009527003392577171,0.0,0.007296813651919365,1.3626689906232059e-05,0.336393266916275,1.3176259926694911e-05,,,,
962,0.01266133226454258,1.0676152565867716e-05,360.89881827897625,0.26176851987838745,0.0011876480421051383,0.0005065402947366238,2.4388332349190023e-06,2.037882040895056e-06,0.00030705350218340755,0.0002480042749084532,1.6230313121923245e-05,0.00025039681349880993,0.016500545665621758,0.010807592421770096,0.0,0.01125402469187975,2.4488806957378983e-05,0.3364032208919525,9.368130122311413e-06,,,,
963,0.012865559197962284,1.0641073390977766e-05,361.27578419598285,0.20431378483772278,0.0010091884760186076,0.0005001487443223596,2.5727067622938193e-06,2.1765131350548472e-06,0.0004746394697576761,0.000247113814111799,1.6258953110082075e-05,0.0002496221277397126,0.014306812547147274,0.011148933321237564,0.0,0.018383320420980453,3.7863450415898114e-05,0.33641207218170166,5.727069037675392e-06,,,,
964,0.011898002587258816,1.0606925500599208e-05,361.6539457059698,0.14732319116592407,0.001168702496215701,0.00044676591642200947,2.5630815798649564e-06,2.179124749090988e-06,0.00028739345725625753,0.00024676427710801363,1.6247648090939038e-05,0.0002493572828825563,0.01433507539331913,0.012189303524792194,0.0,0.010018950328230858,7.503011875087395e-05,0.33642202615737915,1.0808736988110468e-05,,,,
965,0.014153741300106049,1.0573709231757933e-05,362.0296293699648,0.19362570345401764,0.0011086749145761132,0.0004892806173302233,2.6198983960057376e-06,2.2665060441795504e-06,0.0005145041504874825,0.00024672990548424423,1.6209634850383736e-05,0.0002493466599844396,0.017123794183135033,0.02382585220038891,0.0,0.012661747634410858,3.194131932104938e-05,0.3364308774471283,2.296561979164835e-05,,,,
966,0.012318801134824753,1.0541424912285107e-05,362.4066263259738,0.14091938734054565,0.001050520222634077,0.0004628026799764484,2.357985749767977e-06,1.8524840470490744e-06,0.0005617695860564709,0.0002467332233209163,1.6204192434088327e-05,0.00024933365057222545,0.009211050346493721,0.009962501004338264,0.0,0.019322242587804794,2.821510861394927e-05,0.33643972873687744,1.4021135939401574e-05,,,,
967,0.011706316843628883,1.0510072860813934e-05,362.78302431694465,0.1852962225675583,0.0010386856738477945,0.00037767516914755106,2.5897488740156405e-06,2.1080845726828557e-06,0.00039572606328874826,0.0002466974256094545,1.6179812519112602e-05,0.00024927244521677494,0.02667693980038166,0.011951377615332603,0.0,0.013059746474027634,1.72993095475249e-05,0.33644968271255493,6.450209184549749e-06,,,,
968,0.01475723460316658,1.0479653386776488e-05,363.15912223397754,0.2802365720272064,0.0010726641630753875,0.0004938765778206289,2.941465481853811e-06,1.847377802732808e-06,0.0006042448803782463,0.00024664629017934203,1.6167363355634734e-05,0.0002491600753273815,0.025085560977458954,0.0251503586769104,0.0,0.011342263780534267,2.2512809664476663e-05,0.3364596664905548,1.3915325325797312e-05,,,,
969,0.013521458953619003,1.0450166790400713e-05,363.5384901459911,0.32841166853904724,0.001251972746104002,0.0005149154458194971,2.6647712729754858e-06,1.9787601104326313e-06,0.0005188630311749876,0.00024673217558301985,1.6180994862224907e-05,0.00024914590176194906,0.02337314747273922,0.009460884146392345,0.0,0.010612178593873978,4.6812496293568984e-05,0.33646851778030396,1.1749844816222321e-05,,,,
970,0.013621725142002106,1.0421613362707403e-05,363.9172058139811,0.10045673698186874,0.0011300115147605538,0.0005013108602724969,2.82462633549585e-06,1.7307975213043392e-06,0.00036165775964036584,0.0002472876221872866,1.623037678655237e-05,0.00024951709201559424,0.031554050743579865,0.014278395101428032,0.0,0.009641049429774284,2.7960490115219727e-05,0.3364773690700531,1.3588984074885957e-05,,,,
971,0.01203759852796793,1.0393993385507366e-05,364.2906654869439,0.299347460269928,0.001097545842640102,0.0004329095536377281,2.6000830075645354e-06,2.110532705046353e-06,0.00040980856283567846,0.00024826472508721054,1.629736834729556e-05,0.0002502893330529332,0.027950800955295563,0.006800100672990084,0.0,0.012614170089364052,1.0998358447977807e-05,0.33648622035980225,5.553650680667488e-06,,,,
972,0.012629786506295204,1.0367307131398614e-05,364.6642937299912,0.06762928515672684,0.0010542174568399787,0.00046762367128394544,2.4492551347066183e-06,1.973700818780344e-06,0.0002767475671134889,0.00024858672986738384,1.6385109120164998e-05,0.00025047952658496797,0.017030084505677223,0.01683596894145012,0.0,0.012729576788842678,6.868265336379409e-05,0.3364950716495514,2.6630776119418442e-05,,,,
973,0.013081837445497513,1.0341554863763725e-05,365.03728507395135,0.15370060503482819,0.0012705478584393859,0.00047752560931257904,2.0852221496170387e-06,2.0517488792393124e-06,0.0005187770002521574,0.0002488281752448529,1.6476507880724967e-05,0.0002506001037545502,0.007677430287003517,0.008996646851301193,0.0,0.027889983728528023,1.0896107596636284e-05,0.33650392293930054,8.215662091970444e-06,,,,
974,0.01152267400175333,1.0316736836767165e-05,365.4106788809877,0.18862923979759216,0.0011422374518588185,0.00047443408402614295,2.6030481876659906e-06,2.0409170247148722e-06,0.00040044280467554927,0.00024903847952373326,1.656179483688902e-05,0.00025068045943044126,0.005895409733057022,0.010472876951098442,0.0,0.005126696079969406,3.658360947156325e-05,0.336513876914978,7.5746079346572515e-06,,,,
975,0.012874316424131393,1.0292853295352846e-05,365.7825732509955,0.1988614946603775,0.0011266905348747969,0.0004888842813670635,2.2720339529769262e-06,2.280084117955994e-06,0.0004230111080687493,0.00024879546253941953,1.6620109818177298e-05,0.0002503838622942567,0.01926463656127453,0.009255602955818176,0.0,0.017346493899822235,4.2186875361949205e-05,0.3365227282047272,1.3449042853608262e-05,1.019790002272941,6.318124508265639,0.9121774693527225,0.7280421243151519
976,0.011084269732236862,1.0269904475241678e-05,366.19675361999543,0.20115701854228973,0.0011827262351289392,0.00039770090370438993,2.0015775135107106e-06,1.9757935660891235e-06,0.00033898884430527687,0.0002482152485754341,1.6685777154634707e-05,0.0002498002431821078,0.008749932050704956,0.01260759774595499,0.0,0.008545557036995888,6.0128160839667544e-05,0.33653268218040466,1.5980924217728898e-05,,,,
977,0.011709315702319145,1.0247890602929251e-05,366.571509004978,0.23379023373126984,0.0009770935866981745,0.0004180745454505086,2.790225607895991e-06,2.0175880308670457e-06,0.0003065129858441651,0.00024725875118747354,1.6755471733631566e-05,0.00024894115631468594,0.02162388153374195,0.013901653699576855,0.0,0.0088763777166605,7.584672857774422e-05,0.3365415334701538,2.7538830181583762e-05,,,,
978,0.01261939201503992,1.0226811895683604e-05,366.9490159949637,0.3096674680709839,0.0011221832828596234,0.00041601358680054545,2.6991210688720457e-06,1.8078957282341435e-06,0.0005116005195304751,0.0002464822318870574,1.678152329986915e-05,0.00024833454517647624,0.027263391762971878,0.007974815554916859,0.0,0.020840786397457123,4.3262301915092394e-05,0.3365492820739746,2.342976767977234e-05,,,,
979,0.011631438508629799,1.020666856154306e-05,367.32508227898506,0.3995053768157959,0.0010145498672500253,0.000458814058220014,2.5208978513546754e-06,1.8473372165317414e-06,0.000375733885448426,0.00024619876057840884,1.681975663814228e-05,0.000248346128500998,0.009290109388530254,0.010419940575957298,0.0,0.013929101638495922,3.679059955175035e-05,0.33655813336372375,2.220217720605433e-05,,,,
980,0.01242255698889494,1.0187460799314202e-05,367.7031043689931,0.31719884276390076,0.0011046644067391753,0.0004268518532626331,2.6801033072842984e-06,2.1447099243232515e-06,0.0005181175074540079,0.00024628511164337397,1.6844840502017178e-05,0.0002485155127942562,0.020419452339410782,0.014065207913517952,0.0,0.009817791171371937,5.604148554994026e-06,0.3365669846534729,2.4486413167323917e-05,,,,
981,0.010916861705482006,1.0169188798569879e-05,368.07765155495144,0.21142512559890747,0.0009720019297674298,0.0004004024085588753,2.433191639283905e-06,2.001004759222269e-06,0.0003722258552443236,0.0002461471885908395,1.6856287402333692e-05,0.000248312862822786,0.017699597403407097,0.006944864988327026,0.0,0.014265707693994045,3.0009043257450685e-05,0.3365747332572937,1.4359244232764468e-05,,,,
982,0.011939202435314655,1.0151852739647373e-05,368.4525888009812,0.2549017667770386,0.0010722182923927903,0.00038314281846396625,2.791309725580504e-06,2.1725945771322586e-06,0.0005727767711505294,0.0002461829280946404,1.6836860595503822e-05,0.00024827863671816885,0.00928848423063755,0.015129723586142063,0.0,0.017009956762194633,9.552238770993426e-05,0.33658358454704285,1.5166135199251585e-05,,,,
983,0.01385266799479723,1.013545279364657e-05,368.8297200909583,0.1587027609348297,0.0011994505766779184,0.00041581824189051986,2.7392604806664167e-06,1.9853737285302486e-06,0.0006175991729833186,0.0002463583368808031,1.6824920749058947e-05,0.0002483809366822243,0.020595934242010117,0.023756571114063263,0.0,0.011844302527606487,0.00011461167014203966,0.336592435836792,1.5255925973178819e-05,,,,
984,0.011774325743317604,1.0119989122428341e-05,369.2053238269873,0.06252029538154602,0.0009613736183382571,0.000403842655941844,2.778707994366414e-06,1.8889326156568131e-06,0.0004331017844378948,0.00024656124878674746,1.6817768482724205e-05,0.0002484915603417903,0.008810078725218773,0.011515747755765915,0.0,0.02826574631035328,2.7812367989099585e-05,0.33660128712654114,7.41321036912268e-06,,,,
985,0.012172667309641838,1.010546187861286e-05,369.57887333695544,0.6154351234436035,0.0010799332521855831,0.0004370943643152714,2.88029605144402e-06,2.0136549210292287e-06,0.0005528120673261583,0.0002467739686835557,1.680478271737229e-05,0.0002486209268681705,0.029211871325969696,0.0053889574483036995,0.0,0.009250270202755928,7.661648851353675e-05,0.33661124110221863,1.3111147382005583e-05,,,,
986,0.012200652621686459,1.0091871205578154e-05,369.9549598149606,0.282006174325943,0.001247165841050446,0.00039820343954488635,2.741223397606518e-06,2.080816784655326e-06,0.0005340572679415345,0.000247397692874074,1.678268199611921e-05,0.00024897322873584926,0.004385668784379959,0.016531648114323616,0.0,0.017089730128645897,1.4409642972168513e-05,0.3366200923919678,1.0762072633951902e-05,,,,
987,0.013870584778487682,1.0079217237458692e-05,370.3270440339693,0.6112880706787109,0.0009166128584183753,0.000491946586407721,2.4028076950344257e-06,1.9996764422103297e-06,0.0003415244573261589,0.0002493382489774376,1.6772759408922866e-05,0.0002505843003746122,0.01998710446059704,0.023953523486852646,0.0,0.01733892783522606,8.817675552563742e-05,0.33663004636764526,1.0897441825363785e-05,,,,
988,0.012287789955735207,1.0067500099144025e-05,370.70310309599154,0.1493934839963913,0.0010884280782192945,0.0004923033993691206,2.632629502841155e-06,2.1338207716325996e-06,0.00036998462746851146,0.0002496418310329318,1.679787783359643e-05,0.0002508364268578589,0.013893913477659225,0.00918375514447689,0.0,0.013976408168673515,2.8789141651941463e-05,0.33664000034332275,1.3606338143290486e-05,,,,
989,0.01570987142622471,1.0056719906277574e-05,371.07848418998765,0.20693087577819824,0.0014026593416929245,0.0005240535829216242,2.8402989755704766e-06,2.005425585593912e-06,0.000548124429769814,0.0002493594365660101,1.6821655663079582e-05,0.0002505798183847219,0.011860806494951248,0.030834531411528587,0.0,0.013514657504856586,4.550604353426024e-05,0.33664998412132263,9.409201993548777e-06,,,,
990,0.012831218540668488,1.0046876765255497e-05,371.4563317409484,0.2889760434627533,0.0009060651645995677,0.0004123268590774387,2.231933422081056e-06,2.091103851853404e-06,0.0003549286047928035,0.00024836778175085783,1.6881795090739615e-05,0.00024969651713036,0.0178619846701622,0.022695552557706833,0.0,0.021500037983059883,2.2803476895205677e-05,0.3366599380970001,1.6209640307351947e-05,,,,
991,0.011679248884320259,1.003797077322563e-05,371.83010957896477,0.1187237948179245,0.0008882046095095575,0.0005582155426964164,2.3630889245396247e-06,2.1023549834353616e-06,0.00030682593933306634,0.0002471590705681592,1.694010461505968e-05,0.00024867738829925656,0.010745441541075706,0.0054515451192855835,0.0,0.00794089213013649,8.641368367534596e-06,0.33667099475860596,1.2829166735173203e-05,,,,
992,0.012800323776900768,1.0030002018086506e-05,372.20557139097946,0.2401668280363083,0.0009540264145471156,0.00043114484287798405,2.1572468540398404e-06,2.1443702280521393e-06,0.0003795385709963739,0.00024653464788571,1.699532185739372e-05,0.0002482472045812756,0.013456473127007484,0.021391361951828003,0.0,0.020473968237638474,2.8710874175885692e-05,0.33668094873428345,1.4552822904079221e-05,,,,
993,0.012729457579553127,1.0022970578486516e-05,372.5817936449894,0.08432649821043015,0.0010099519276991487,0.00044218613766133785,2.508087845853879e-06,2.078235411318019e-06,0.0003923931799363345,0.0002463968121446669,1.7024052795022726e-05,0.0002482029958628118,0.013347124680876732,0.02539113536477089,0.0,0.004850017838180065,6.303908594418317e-05,0.33669203519821167,1.1868341061926913e-05,,,,
994,0.011310896836221218,1.0016876523823149e-05,372.9610144269536,0.27748146653175354,0.0012074626283720136,0.0003851648361887783,2.4361452233279124e-06,1.932681016114657e-06,0.0003054827102459967,0.00024643269716762006,1.7044609194272198e-05,0.00024830669281072915,0.02320955879986286,0.008203994482755661,0.0,0.011357131414115429,2.668071465450339e-05,0.33670198917388916,3.6423098208615556e-06,,,,
995,0.01262012030929327,1.0011719914242245e-05,373.3358722709818,0.18983906507492065,0.0011252227704972029,0.0004728192579932511,2.731843778747134e-06,2.0141512777627213e-06,0.0004419158212840557,0.00024646238307468593,1.7035030396073125e-05,0.0002482659765519202,0.023692673072218895,0.009152187965810299,0.0,0.011567982845008373,8.070917829172686e-06,0.33671194314956665,2.2878090021549724e-05,,,,
996,0.011918800882995129,1.000750080063747e-05,373.7102963309735,0.2383846789598465,0.0009847012115642428,0.0005299202166497707,2.862571591322194e-06,2.022767830567318e-06,0.000392970978282392,0.0002465136058162898,1.7037060388247482e-05,0.0002481795381754637,0.004814792424440384,0.012424306012690067,0.0,0.003003133460879326,5.720502667827532e-05,0.3367207944393158,4.12673398386687e-06,,,,
997,0.012266593053936958,1.0004219224649767e-05,374.0927231469541,0.42125099897384644,0.0011152999941259623,0.0004262800794094801,2.639893864397891e-06,2.3863556180003798e-06,0.00035174767253920436,0.0002468736201990396,1.702711233519949e-05,0.0002483702264726162,0.01983734965324402,0.012213115580379963,0.0,0.01726812683045864,8.702760169398971e-06,0.3367285430431366,1.450898253096966e-05,,,,
998,0.013437091372907162,1.0001875218666974e-05,374.47151159495115,0.22338759899139404,0.0011773102451115847,0.0005751366261392832,2.85347937278857e-06,1.945599251484964e-06,0.0005146540352143347,0.00024720304645597935,1.7004549590637907e-05,0.0002486458979547024,0.015125992707908154,0.00923706591129303,0.0,0.00650799972936511,2.2992646336206235e-05,0.33673739433288574,1.6575089830439538e-05,,,,
999,0.012253357097506523,1.000046880582347e-05,374.8463470139541,0.1660747230052948,0.0010606019059196115,0.00043263810221105814,2.6914337922789855e-06,2.2616798105445923e-06,0.0004135766939725727,0.00024769807350821793,1.701099972706288e-05,0.00024902966106310487,0.00856091734021902,0.011147137731313705,0.0,0.026249095797538757,0.00013312410737853497,0.3367462754249573,9.8504879133543e-06,,,,
1000,0.014583236537873745,1e-05,375.2257798819919,0.19426840543746948,0.0012090232921764255,0.000526201562024653,2.369143430769327e-06,2.0602055883500725e-06,0.0005249580135568976,0.00024811821640469134,1.700869142950978e-05,0.0002493632200639695,0.01452663168311119,0.021340828388929367,0.0,0.015127120539546013,8.19032356957905e-05,0.33675622940063477,1.2459065146686044e-05,1.0214170992469698,6.3385228171453925,0.9196049477438082,0.7292037312487347
