epoch,loss,learning_rate,training_seconds,gradient_norm,simulation,top,hot,cold,pde,boundary,initial,interface,low_cooling,contact_prior,validation_score_k,validation_顶部_rmse_k,validation_热端_rmse_k,validation_冷端_rmse_k
1,1.8208013772964478,0.0009999976559708827,0.10877769801300019,6.933149814605713,0.32261690497398376,0.740273654460907,0.0013652167981490493,0.0003243526443839073,5.047943886893336e-06,0.004494405817240477,0.0,3.7711288314312696e-05,0.000289758259896189,0.0,141.44083885884234,199.28787534311857,14.70065890396839,19.355094900632302
2,1.4661158323287964,0.0009999906239066651,0.2314555179909803,1.6824935674667358,0.2636054456233978,0.5451052188873291,0.003796432865783572,0.00668138824403286,5.9578374930424616e-05,0.021302605047822,0.0,0.00040735580842010677,0.0053681135177612305,9.630102795199491e-07,,,,
3,1.3439249992370605,0.0009999789038767511,0.33737150399247184,4.205276966094971,0.22292956709861755,0.416424959897995,0.011577703058719635,0.015438077971339226,0.00037268485175445676,0.04296889528632164,0.0,0.0023872731253504753,0.013552958145737648,1.6973353922367096e-07,,,,
4,1.2211676836013794,0.0009999624959968127,0.4425324180047028,3.9461464881896973,0.21259380877017975,0.3810771405696869,0.009567474946379662,0.012882258743047714,0.0007785356137901545,0.05142468214035034,0.0,0.005765940062701702,0.016452506184577942,6.679420039290562e-08,,,,
5,0.9720770120620728,0.0009999414004287887,0.5491985760163516,2.5418429374694824,0.18100647628307343,0.3317558467388153,0.004614035598933697,0.005967250093817711,0.0010687108151614666,0.055565245449543,0.0,0.010660628788173199,0.015603028237819672,9.856021279119886e-07,,,,
6,0.8026885986328125,0.0009999156173808841,0.6586018599919043,2.362555742263794,0.16567030549049377,0.29696419835090637,0.0012671761214733124,0.0012560260947793722,0.0016363986069336534,0.06293797492980957,0.0,0.021480005234479904,0.010408230125904083,3.1262206903193146e-06,,,,
7,0.610323965549469,0.0009998851471075673,0.7665480879950337,2.8049938678741455,0.14485694468021393,0.2194145768880844,0.00023430457804352045,0.0001129595548263751,0.0048276339657604694,0.10646206140518188,0.0,0.0428365059196949,0.010135766118764877,6.449744432757143e-06,,,,
8,0.4785407781600952,0.0009998499899095672,0.8804167589987628,2.2005529403686523,0.11765037477016449,0.16267606616020203,0.00013145699631422758,0.0004610748146660626,0.005110437516123056,0.16986028850078583,0.0,0.07389988005161285,0.008676387369632721,1.0957447557302658e-05,,,,
9,0.45737016201019287,0.0009998101461338716,0.9893214759649709,1.7435768842697144,0.08952980488538742,0.14873573184013367,0.0006175853195600212,0.0006239263457246125,0.009190738201141357,0.3551037907600403,0.0,0.14677774906158447,0.014644920825958252,1.6793099348433316e-05,,,,
10,0.5666787624359131,0.0009997656161737222,1.0983933010138571,4.451860427856445,0.07805468887090683,0.19163712859153748,0.0005142188165336847,0.0017168017802760005,0.031643304973840714,0.43785786628723145,0.0,0.22051618993282318,0.026645826175808907,2.374881660216488e-05,,,,
11,0.5815770626068115,0.0009997164004686117,1.2068639330100268,4.526609897613525,0.07733898609876633,0.1809835433959961,0.0004927075351588428,0.00592039804905653,0.028429515659809113,0.4819262623786926,0.0,0.2661963105201721,0.015215959399938583,3.2187563192564994e-05,,,,
12,0.47335532307624817,0.0009996624995042794,1.3185243629850447,3.576856851577759,0.07164779305458069,0.1397249698638916,0.0005197520367801189,0.005415157414972782,0.011291900649666786,0.366620272397995,0.0,0.21572506427764893,0.014895584434270859,4.26259393861983e-05,,,,
13,0.37048453092575073,0.000999603913812706,1.42964970797766,1.857521653175354,0.07198849320411682,0.11415079236030579,0.00019521950162015855,0.0026249359361827374,0.01031461637467146,0.25567665696144104,0.0,0.15918131172657013,0.007950367406010628,5.527691973838955e-05,,,,
14,0.32927262783050537,0.0009995406439721089,1.5382469079922885,0.6617301106452942,0.0662757009267807,0.10401611030101776,0.00048475604853592813,0.0005361078074201941,0.010771001689136028,0.19699420034885406,0.0,0.12180619686841965,0.018427742645144463,7.00476230122149e-05,,,,
15,0.33324065804481506,0.0009994726906069353,1.6494705739896744,1.4012359380722046,0.06465775519609451,0.1111597865819931,0.0013377725845202804,0.00023488333681598306,0.006176350638270378,0.12452171742916107,0.0,0.1206795871257782,0.011741695925593376,8.656528370920569e-05,,,,
16,0.3651983439922333,0.0009994000543878578,1.756910189986229,1.9247312545776367,0.058756474405527115,0.12496323883533478,0.0018438950646668673,0.0004393106501083821,0.007066093850880861,0.09914550185203552,0.0,0.09807267785072327,0.01851172372698784,0.00010475180170033127,,,,
17,0.3694247007369995,0.0009993227360317665,1.8625807719654404,2.2808988094329834,0.06337913125753403,0.1260613203048706,0.0022920374758541584,0.0006678208592347801,0.00819237157702446,0.08160746097564697,0.0,0.06299233436584473,0.012604249641299248,0.000124266734928824,,,,
18,0.3571241796016693,0.0009992407363017626,1.970874109014403,2.372980833053589,0.048978839069604874,0.12213131040334702,0.0028810331132262945,0.0009925739141181111,0.009712903760373592,0.07893884927034378,0.0,0.07854872941970825,0.012839483097195625,0.00014455185737460852,,,,
19,0.29747524857521057,0.00099915405600715,2.0810784290079027,2.3868613243103027,0.03971998766064644,0.08863361924886703,0.0038793939165771008,0.001257003634236753,0.007055164314806461,0.07925459742546082,0.0,0.08810478448867798,0.016440412029623985,0.00016560810036025941,,,,
20,0.2454707771539688,0.0009990626960034283,2.1957227360107936,2.1007068157196045,0.035521239042282104,0.0691492035984993,0.0038664378225803375,0.0009267351124435663,0.008447221480309963,0.0773606151342392,0.0,0.1681036651134491,0.0071556055918335915,0.00018765103595796973,,,,
21,0.19495201110839844,0.000998966657192284,2.3029916959931143,1.1081840991973877,0.030593227595090866,0.05384429916739464,0.0029204776510596275,0.0007108980789780617,0.01293126493692398,0.08301043510437012,0.0,0.16175100207328796,0.0033210660330951214,0.00021176409791223705,,,,
22,0.1677807867527008,0.0009988659405215812,2.4091038629994728,0.6549655199050903,0.02974173054099083,0.03677821531891823,0.001864659832790494,0.001831351313740015,0.010072330012917519,0.08895613253116608,0.0,0.24185219407081604,0.006030457094311714,0.00023815766326151788,,,,
23,0.1851596236228943,0.000998760546985353,2.5162882750155404,2.0199601650238037,0.03439822420477867,0.02994988113641739,0.0014507612213492393,0.004431536421179771,0.014741247519850731,0.13162986934185028,0.0,0.27677515149116516,0.004299600142985582,0.0002671286347322166,,,,
24,0.20714762806892395,0.0009986504776237908,2.6232576789916493,3.201857566833496,0.03983095660805702,0.02685100957751274,0.0016143175307661295,0.006108138710260391,0.009670207276940346,0.12280373275279999,0.0,0.28698551654815674,0.009276628494262695,0.00029931095195934176,,,,
25,0.19694818556308746,0.000998535733523235,2.7265477029723115,3.088514804840088,0.04188906028866768,0.020438365638256073,0.0022108994890004396,0.005596378818154335,0.011826611123979092,0.14996792376041412,0.0,0.2754361629486084,0.006749346386641264,0.00033457798417657614,24.08466837369211,30.418400261864857,15.084835087844686,15.561960161669537
26,0.17244091629981995,0.0009984163158161632,2.8513187550124712,1.9529132843017578,0.03805194050073624,0.016242489218711853,0.0027622345369309187,0.004165350459516048,0.02178681083023548,0.12501437962055206,0.0,0.31773751974105835,0.003150130854919553,0.0003729496675077826,,,,
27,0.16065506637096405,0.0009982922256811804,2.9615674070082605,1.9103718996047974,0.034425895661115646,0.01884838566184044,0.00349986064247787,0.002709096297621727,0.01595984399318695,0.08383031189441681,0.0,0.2747268080711365,0.003525048028677702,0.0004146069986745715,,,,
28,0.1753939837217331,0.000998163464343006,3.0752823569928296,1.8211041688919067,0.031336523592472076,0.025419598445296288,0.004107706248760223,0.0016114808386191726,0.011455598287284374,0.11400583386421204,0.0,0.35290148854255676,0.00640750490128994,0.0004588369047269225,,,,
29,0.14907261729240417,0.000998030033072462,3.1862672159913927,1.4756906032562256,0.031630367040634155,0.019074268639087677,0.004804553929716349,0.0009820489212870598,0.013635456562042236,0.07116983830928802,0.0,0.23569199442863464,0.0018438195111230016,0.0005066380253992975,,,,
30,0.13923339545726776,0.0009978919331864618,3.2938689530128613,1.573155403137207,0.027598127722740173,0.018462855368852615,0.0045974375680089,0.0006019908469170332,0.008403431624174118,0.07959391176700592,0.0,0.2569018304347992,0.0014900933019816875,0.0005559974233619869,,,,
31,0.12185267359018326,0.0009977491660479953,3.402031355013605,0.8417837023735046,0.02819146402180195,0.016400698572397232,0.0028371894732117653,0.0002621738240122795,0.01572232134640217,0.14950719475746155,0.0,0.22077524662017822,0.0030899662524461746,0.0006072277319617569,,,,
32,0.11030333489179611,0.0009976017330661164,3.5104273289907724,0.5455284714698792,0.02869270369410515,0.01853259839117527,0.0013140621595084667,0.0004340226005297154,0.01174920704215765,0.10579651594161987,0.0,0.28650712966918945,0.0015714559704065323,0.0006603231886401772,,,,
33,0.1133766770362854,0.000997449635695929,3.6205201279954053,1.4089958667755127,0.03237198293209076,0.019403699785470963,0.0004566876159515232,0.0011399614159017801,0.004679795354604721,0.07296645641326904,0.0,0.3139355182647705,0.0030026761814951897,0.0007158478256314993,,,,
34,0.11918631196022034,0.000997292875438573,3.7273946299683303,1.247368574142456,0.036089103668928146,0.018594948574900627,0.00031430384842678905,0.00135637482162565,0.007847243919968605,0.09281313419342041,0.0,0.3256385922431946,0.003244135994464159,0.0007744627073407173,,,,
35,0.12205826491117477,0.000997131453841209,3.8369225210044533,1.3786163330078125,0.030634261667728424,0.01891177147626877,0.0004520906077232212,0.0010310175130143762,0.011183511465787888,0.11610890179872513,0.0,0.3942631185054779,0.006885328330099583,0.0008359903586097062,,,,
36,0.11146887391805649,0.0009969653724970025,3.943060051999055,1.1532264947891235,0.033064261078834534,0.018297402188181877,0.0008314710576087236,0.00042028893949463964,0.013925605453550816,0.11244658380746841,0.0,0.25530391931533813,0.004585162736475468,0.0009013005183078349,,,,
37,0.1043989434838295,0.0009967946330451097,4.048971757991239,0.903508186340332,0.031158946454524994,0.016185062006115913,0.001146761467680335,0.0001251942157978192,0.005054500885307789,0.1066255122423172,0.0,0.32721275091171265,0.0008734337170608342,0.0009681169758550823,,,,
38,0.10174539685249329,0.0009966192371706599,4.1536486389813945,0.8748475909233093,0.030100582167506218,0.015508165583014488,0.0010857528541237116,8.110895578283817e-05,0.0069965943694114685,0.10647161304950714,0.0,0.32406085729599,0.0017587923211976886,0.0010380595922470093,,,,
39,0.10537019371986389,0.0009964391866047397,4.265665450016968,1.1618176698684692,0.03158314526081085,0.01978197693824768,0.0007907327963039279,8.510900079272687e-05,0.00554874911904335,0.10309170186519623,0.0,0.271329402923584,0.0013104898389428854,0.0011107593309134245,,,,
40,0.11386395245790482,0.0009962544831243754,4.38338906498393,1.0845175981521606,0.03248188644647598,0.019104456529021263,0.0007350122323259711,8.927723683882505e-05,0.006120331585407257,0.11281509697437286,0.0,0.41207242012023926,0.002737925387918949,0.0011853938922286034,,,,
41,0.09392490983009338,0.0009960651285525156,4.505867322965059,0.6758479475975037,0.02872215211391449,0.014427226036787033,0.0006732742767781019,0.00010133573960047215,0.010935375466942787,0.11820623278617859,0.0,0.2712482511997223,0.002671139780431986,0.0012638786574825644,,,,
42,0.09530948847532272,0.0009958711247580138,4.613227768975776,0.5786347389221191,0.032648514956235886,0.013211086392402649,0.0005151067744009197,0.00017295240832027048,0.009185831993818283,0.10167327523231506,0.0,0.3152621388435364,0.0029671385418623686,0.0013441796181723475,,,,
43,0.10290765762329102,0.000995672473655609,4.7230336659704335,1.2760134935379028,0.031225556507706642,0.015198263339698315,0.000259493594057858,0.00035651278449222445,0.003707919269800186,0.10399259626865387,0.0,0.41663581132888794,0.0037076466251164675,0.0014267375227063894,,,,
44,0.10580158233642578,0.0009954691772059074,4.8296611229889095,0.9281527400016785,0.031591009348630905,0.011205047369003296,0.00011963903671130538,0.0006208965205587447,0.005810432136058807,0.18140821158885956,0.0,0.46298837661743164,0.0028128516860306263,0.001513832830823958,,,,
45,0.08724821358919144,0.0009952612374153629,4.942836539004929,0.7752292156219482,0.03420532867312431,0.012810014188289642,0.00011998116679023951,0.0005122200818732381,0.005690333899110556,0.07066475600004196,0.0,0.24931812286376953,0.0012823338620364666,0.0016057241009548306,,,,
46,0.09473162144422531,0.0009950486563362572,5.052816678013187,0.886792004108429,0.029241682961583138,0.015535732731223106,0.00015124720812309533,0.00032047327840700746,0.0035389610566198826,0.10937225818634033,0.0,0.3038727343082428,0.003391759004443884,0.0016992217861115932,,,,
47,0.09969191998243332,0.0009948314360666798,5.16126256500138,0.3665831983089447,0.03168364241719246,0.01487891934812069,0.00030435770167969167,0.00012322737893555313,0.003578506875783205,0.11875073611736298,0.0,0.3579699993133545,0.0040202965028584,0.0017934261122718453,,,,
48,0.08593596518039703,0.000994609578750507,5.2703666019951925,0.6278771162033081,0.02759173884987831,0.013733889907598495,0.0005253221606835723,7.684624870307744e-05,0.006486951373517513,0.1360803246498108,0.0,0.18552182614803314,0.0016443978529423475,0.0018907522317022085,,,,
49,0.08926228433847427,0.000994383086577381,5.380838187003974,0.5496845841407776,0.029092194512486458,0.014093163423240185,0.0005402402020990849,6.516413122881204e-05,0.004771664272993803,0.11939126253128052,0.0,0.25590822100639343,0.0009546136716380715,0.0019863122142851353,,,,
50,0.09816072881221771,0.0009941519617826882,5.483068752975669,0.5290549397468567,0.02903539501130581,0.014715619385242462,0.00032203400041908026,7.64790311222896e-05,0.0031123775988817215,0.14312371611595154,0.0,0.29987743496894836,0.006245015654712915,0.0020833569578826427,22.909062708807657,32.20988341095498,2.7487856430704736,4.0977573840028985
51,0.08899382501840591,0.0009939162066475368,5.606587309972383,0.3670220971107483,0.032663777470588684,0.01400766521692276,0.00013742419832851738,0.00020807600230909884,0.0063173952512443066,0.10023008286952972,0.0,0.20551837980747223,0.004242746625095606,0.0021805784199386835,,,,
52,0.09549302607774734,0.000993675823498735,5.71602560399333,0.8916305303573608,0.030486000701785088,0.015705656260252,4.943900421494618e-05,0.0003495431155897677,0.0029420838691294193,0.09239387512207031,0.0,0.3394610285758972,0.0032440663781017065,0.002276193117722869,,,,
53,0.09491320699453354,0.0009934308147087675,5.8276920529897325,0.5999502539634705,0.030309874564409256,0.01601494289934635,7.338411523960531e-05,0.0003106122021563351,0.006551144644618034,0.10295671224594116,0.0,0.31026339530944824,0.00259470846503973,0.002373022958636284,,,,
54,0.08702883124351501,0.0009931811826957716,5.9381080979947,0.4343331456184387,0.028860392048954964,0.015692241489887238,0.00021040304272901267,0.00013914238661527634,0.005838305223733187,0.05697687342762947,0.0,0.28749018907546997,0.002921915613114834,0.0024701631627976894,,,,
55,0.08989220857620239,0.000992926929923515,6.046179955010302,0.8614681363105774,0.030596304684877396,0.015415183268487453,0.00039610950625501573,6.581106572411954e-05,0.0038795010186731815,0.09327566623687744,0.0,0.22530704736709595,0.003056872170418501,0.0025680919643491507,,,,
56,0.07525397837162018,0.00099266805890137,6.150426864973269,0.4177897870540619,0.02691352553665638,0.013393877074122429,0.00039238808676600456,6.652432057308033e-05,0.0057829199358820915,0.0654100850224495,0.0,0.17874547839164734,0.001193474279716611,0.0026638866402208805,,,,
57,0.08232790976762772,0.0009924045721842888,6.256631035997998,0.2829982042312622,0.028371430933475494,0.013416553847491741,0.00027631811099126935,9.629102714825422e-05,0.0046102008782327175,0.045761771500110626,0.0,0.35868319869041443,0.0006536732544191182,0.0027565264608711004,,,,
58,0.08407707512378693,0.000992136472372779,6.37532272899989,0.7762478590011597,0.028940506279468536,0.015889592468738556,0.0002081376442220062,0.000142155826324597,0.003009422216564417,0.0408562533557415,0.0,0.30259835720062256,0.0004855810839217156,0.0028503420762717724,,,,
59,0.08304427564144135,0.0009918637621128773,6.500797044020146,0.24800042808055878,0.028364645317196846,0.013718090951442719,0.00032439461210742593,0.0001094335675588809,0.004719594493508339,0.06083068624138832,0.0,0.30829983949661255,0.0011681944597512484,0.0029457276687026024,,,,
60,0.07833490520715714,0.0009915864440961245,6.616722903971095,0.35577455163002014,0.028034402057528496,0.013935312628746033,0.00046578014735132456,5.495705408975482e-05,0.0034798774868249893,0.05720003694295883,0.0,0.21307775378227234,0.0006715776398777962,0.0030432092025876045,,,,
61,0.07524671405553818,0.0009913045210595366,6.7282810200122185,0.8241010308265686,0.02958649955689907,0.013008855283260345,0.0004971410380676389,5.982693983241916e-05,0.005397718399763107,0.049187131226062775,0.0,0.1486174464225769,0.0014502122066915035,0.0031375749967992306,,,,
62,0.07816454768180847,0.0009910179957855808,6.838604704011232,0.4263703227043152,0.026604650542140007,0.011891237460076809,0.00033540974254719913,0.00014949239266570657,0.0025585019029676914,0.0359661728143692,0.0,0.362667977809906,0.0010672310600057244,0.0032277442514896393,,,,
63,0.08076737076044083,0.0009907268711021456,6.945072978967801,0.5060829520225525,0.02754027582705021,0.01324906013906002,0.0001763760665198788,0.0002794646134134382,0.003382548689842224,0.042277123779058456,0.0,0.34537822008132935,0.0005014927592128515,0.0033197402954101562,,,,
64,0.07636784017086029,0.0009904311498825141,7.048628507996909,0.767706036567688,0.02952662482857704,0.012663974426686764,0.00014478573575615883,0.00030566842178814113,0.0019658098462969065,0.04312596842646599,0.0,0.24444594979286194,0.0003721374669112265,0.0034150350838899612,,,,
65,0.08925700187683105,0.0009901308350453355,7.159958172996994,0.644498348236084,0.030227841809391975,0.015165249817073345,0.0002905128349084407,0.00014699812163598835,0.006917906925082207,0.046061500906944275,0.0,0.37680280208587646,0.000527852273080498,0.003509982954710722,,,,
66,0.0854213610291481,0.000989825929554596,7.272032908978872,0.6654958128929138,0.03031664527952671,0.011729754507541656,0.0006592710269615054,3.1122246582526714e-05,0.0038262882735580206,0.0416119247674942,0.0,0.3795834183692932,0.0014059909153729677,0.003609211416915059,,,,
67,0.07574102282524109,0.0009895164364195894,7.381385259970557,0.9110621809959412,0.02527332492172718,0.012235952541232109,0.0007160941022448242,2.7586484065977857e-05,0.005029798485338688,0.04497922211885452,0.0,0.2394428849220276,0.0018337243236601353,0.00371110113337636,,,,
68,0.08487938344478607,0.0009892023586948885,7.490577331976965,0.29434260725975037,0.02774251438677311,0.012708542868494987,0.00037301453994587064,0.0001126935676438734,0.002910905983299017,0.03653017431497574,0.0,0.45591413974761963,0.00026461126981303096,0.0038114646449685097,,,,
69,0.09489142894744873,0.0009888836994803132,7.599054601974785,0.9029492139816284,0.03201327472925186,0.014525771141052246,0.00014742821804247797,0.00028284903964959085,0.004847139585763216,0.032994672656059265,0.0,0.5137898921966553,0.0002885888679884374,0.0039177024737000465,,,,
70,0.08982327580451965,0.0009885604619209016,7.705768668965902,1.0936307907104492,0.03291846439242363,0.01442644651979208,0.00016362818132620305,0.0002338376798434183,0.003458799095824361,0.04935625195503235,0.0,0.3681159019470215,0.0005588704370893538,0.004027336835861206,,,,
71,0.08827310055494308,0.0009882326492068776,7.818797193001956,0.6239714026451111,0.02926674485206604,0.012326378375291824,0.00045599506120197475,6.240413495106623e-05,0.002989348489791155,0.048524536192417145,0.0,0.47298070788383484,0.000514507875777781,0.004140079952776432,,,,
72,0.08095715939998627,0.0009879002645736207,7.9336546789854765,1.1877868175506592,0.027161667123436928,0.012901579961180687,0.0006139380857348442,2.4668892365298234e-05,0.004121702630072832,0.05066770687699318,0.0,0.2967701256275177,0.00149063509888947,0.004256494343280792,,,,
73,0.0888325423002243,0.0009875633113016326,8.04444396100007,0.26344287395477295,0.027884026989340782,0.015090160071849823,0.00034424307523295283,7.159975939430296e-05,0.0052534737624228,0.049181412905454636,0.0,0.3746744394302368,0.0026908484287559986,0.00437275692820549,,,,
74,0.08656693249940872,0.0009872217927165065,8.157351149013266,1.2965526580810547,0.032896943390369415,0.017753373831510544,0.00012665297253988683,0.0002303265209775418,0.0025781174190342426,0.031110789626836777,0.0,0.21716761589050293,0.0004905913956463337,0.00449020229279995,,,,
75,0.07802928984165192,0.0009868757121888926,8.265142048010603,0.662394106388092,0.027551984414458275,0.013586556538939476,0.0001568123116157949,0.00018388457829132676,0.002660981612280011,0.03976985067129135,0.0,0.30076661705970764,0.0007442564237862825,0.004605579189956188,23.295924784954348,32.709734031588745,4.965594315864024,2.5079710127332784
76,0.08441941440105438,0.0009865250731344664,8.389438592013903,0.7848634719848633,0.025323517620563507,0.01263805478811264,0.0003568108659237623,6.936809222679585e-05,0.0034813822712749243,0.06229809671640396,0.0,0.4217824935913086,0.0020602622535079718,0.00472097797319293,,,,
77,0.07654856145381927,0.0009861698790138934,8.49763380899094,0.5561607480049133,0.02557946927845478,0.013598519377410412,0.0003707910072989762,6.81716192048043e-05,0.0045057423412799835,0.04564264416694641,0.0,0.2550058960914612,0.0018377368105575442,0.004841918125748634,,,,
78,0.07534289360046387,0.0009858101333327964,8.60877916397294,0.1497698426246643,0.02590700052678585,0.014177870005369186,0.00023904249246697873,0.0001313356769969687,0.006304617505520582,0.036290138959884644,0.0,0.2343491017818451,0.0017097108066082,0.0049622380174696445,,,,
79,0.07612553983926773,0.0009854458396417198,8.724848926009145,0.6043362617492676,0.028141317889094353,0.01356198638677597,0.00016112832236103714,0.0001926167169585824,0.0034756367094814777,0.05865388363599777,0.0,0.18927577137947083,0.0018147553782910109,0.005081994459033012,,,,
80,0.07957412302494049,0.0009850770015360957,8.835324239975307,0.5243858098983765,0.02533079870045185,0.013398699462413788,0.0001623415300855413,0.00019610847812145948,0.0022008998785167933,0.019462063908576965,0.0,0.42376577854156494,0.000611685449257493,0.005198914557695389,,,,
81,0.07032492011785507,0.000984703622656207,8.94427497201832,0.4388487637042999,0.025035928934812546,0.01246396079659462,0.00033278955379500985,0.00010064680100185797,0.011020990088582039,0.049697212874889374,0.0,0.18713876605033875,0.001143670524470508,0.005323981866240501,,,,
82,0.08307119458913803,0.0009843257066871525,9.057265740004368,0.551897406578064,0.0261136032640934,0.014063611626625061,0.0003965123032685369,7.115995686035603e-05,0.00340754771605134,0.031938858330249786,0.0,0.40210390090942383,0.0006787390448153019,0.005445045419037342,,,,
83,0.08180280029773712,0.0009839432573588102,9.1656068849843,0.10092516243457794,0.02820245549082756,0.013181841932237148,0.00029065884882584214,0.0001254469098057598,0.005894568748772144,0.034561190754175186,0.0,0.3584464192390442,0.0013968636048957705,0.0055708857253193855,,,,
84,0.08032005280256271,0.000983556278445801,9.274753183999564,0.6918929219245911,0.025351058691740036,0.01486013364046812,0.0001841407356550917,0.0001834180293371901,0.00508114043623209,0.026797039434313774,0.0,0.3629691004753113,0.0004852251731790602,0.005699747707694769,,,,
85,0.07182780653238297,0.0009831647737674498,9.388256836973596,0.19743701815605164,0.026570769026875496,0.012785835191607475,0.0002498040266800672,0.00014890602324157953,0.0036376449279487133,0.03044882044196129,0.0,0.22534115612506866,0.0011986070312559605,0.005832413211464882,,,,
86,0.08328928053379059,0.0009827687471877502,9.49780983896926,0.47180235385894775,0.02505774050951004,0.013125012628734112,0.00033107594936154783,0.00011572200310183689,0.00501162838190794,0.049682874232530594,0.0,0.42929208278656006,0.0008240939932875335,0.005962627939879894,,,,
87,0.08478862047195435,0.0009823682026153246,9.60796069400385,0.39216551184654236,0.026083005592226982,0.013534876517951488,0.0002902885607909411,0.00013804173795506358,0.005610060878098011,0.04352766275405884,0.0,0.4444367587566376,0.0004913505399599671,0.006100684870034456,,,,
88,0.07355649024248123,0.0009819631440033862,9.71183809597278,0.1316114068031311,0.02207294851541519,0.013531687669456005,0.00022246473236009479,0.00018066598568111658,0.004517669789493084,0.04412585496902466,0.0,0.3030441403388977,0.0005919310497120023,0.006249063182622194,,,,
89,0.06878442317247391,0.0009815535753497,9.818239638989326,0.5831950902938843,0.02465108409523964,0.012482578866183758,0.00022137780615594238,0.0001698931446298957,0.003355273511260748,0.03310709074139595,0.0,0.22713154554367065,0.00041402532951906323,0.006396783981472254,,,,
90,0.07177494466304779,0.0009811395006965433,9.927471462986432,0.18055729568004608,0.023319102823734283,0.012389913201332092,0.00030810199677944183,0.00010731955990195274,0.005953699350357056,0.04924868047237396,0.0,0.27092409133911133,0.0007465029484592378,0.006542063783854246,,,,
91,0.08113884925842285,0.0009807209241306657,10.052203113969881,0.575246274471283,0.024560434743762016,0.012738363817334175,0.0003590138512663543,8.839658403303474e-05,0.005380662158131599,0.05267838388681412,0.0,0.4114415645599365,0.0005119452835060656,0.006688039284199476,,,,
92,0.07719115912914276,0.0009802978497832487,10.16715033899527,0.263523668050766,0.02426925301551819,0.013842377811670303,0.00028423406183719635,0.00010527727863518521,0.0014591820072382689,0.05366499722003937,0.0,0.31058749556541443,0.0003663626266643405,0.00684019923210144,,,,
93,0.07210572063922882,0.0009798702818298657,10.275446892017499,0.2561570405960083,0.021325984969735146,0.012570850551128387,0.0001760708837537095,0.00015782304399181157,0.0017169017810374498,0.04154854640364647,0.0,0.3454608917236328,0.0007783579640090466,0.006993751972913742,,,,
94,0.0705876275897026,0.0009794382244904397,10.383443565980997,0.4713382124900818,0.020119596272706985,0.015058472752571106,0.00016144642722792923,0.00017568787734489888,0.005368807353079319,0.06555783003568649,0.0,0.18812823295593262,0.0007419479079544544,0.007149653974920511,,,,
95,0.07784540206193924,0.000979001682029202,10.487310220021755,0.15300263464450836,0.023062562569975853,0.014198063872754574,0.00026018847711384296,9.503026376478374e-05,0.004094779957085848,0.03230641409754753,0.0,0.37305861711502075,0.0007389123784378171,0.007300917059183121,,,,
96,0.0726214125752449,0.0009785606587546505,10.591966009000316,0.40581175684928894,0.02500244788825512,0.012155205011367798,0.00032513675978407264,5.592356319539249e-05,0.0021765788551419973,0.03286982327699661,0.0,0.29939451813697815,0.001124947564676404,0.007457716390490532,,,,
97,0.07503574341535568,0.0009781151590195069,10.69800698797917,0.18218638002872467,0.020125219598412514,0.014140479266643524,0.00024410980404354632,9.345840953756124e-05,0.0062841251492500305,0.027035055682063103,0.0,0.3966348171234131,0.0003968127421103418,0.007618345785886049,,,,
98,0.07198462635278702,0.0009776651872206738,10.808144689013716,0.3395202159881592,0.02278342843055725,0.01456980686634779,0.00019469551625661552,0.00011851891031255946,0.0011490692850202322,0.050504639744758606,0.0,0.22666341066360474,0.000480562070151791,0.007784724701195955,,,,
99,0.07106712460517883,0.0009772107477991911,10.921088727016468,0.3798764944076538,0.02213023602962494,0.012736346572637558,0.00023260536545421928,9.83901772997342e-05,0.004819661378860474,0.03961798548698425,0.0,0.29435494542121887,0.0012257613707333803,0.007951030507683754,,,,
100,0.0715901255607605,0.0009767518452401926,11.027899270004127,0.3096669018268585,0.020874163135886192,0.01337556354701519,0.0002066294982796535,0.0001239011762663722,0.0028872168622910976,0.044176772236824036,0.0,0.3086472749710083,0.0006570066325366497,0.008118920959532261,22.96128974013473,32.27255145346942,3.702892597346453,3.4837821258685326
101,0.07048209011554718,0.0009762884840728611,11.15444466698682,0.40001925826072693,0.021147597581148148,0.013787023723125458,0.0001617613306734711,0.0001533978502266109,0.0017202477902173996,0.03196774423122406,0.0,0.29771775007247925,0.00043189781717956066,0.008285441435873508,,,,
102,0.0662401020526886,0.0009758206688703845,11.261095093970653,0.21955998241901398,0.019974861294031143,0.01267690397799015,0.00022586392879020423,9.780332766240463e-05,0.00269541097804904,0.04415590316057205,0.0,0.2560081481933594,0.00031553892767988145,0.008450846187770367,,,,
103,0.06702122092247009,0.0009753484042499097,11.364749096974265,0.24742867052555084,0.02031697705388069,0.013358211144804955,0.0003010753425769508,5.097488610772416e-05,0.0036039771512150764,0.028729300945997238,0.0,0.26392900943756104,0.00020911722094751894,0.008620009757578373,,,,
104,0.06553931534290314,0.000974871694872498,11.472080583975185,0.17712301015853882,0.019947778433561325,0.01250357087701559,0.0002241530455648899,5.8010959037346765e-05,0.0064027332700788975,0.0488092415034771,0.0,0.24517175555229187,0.0002943223516922444,0.008790314197540283,,,,
105,0.06884389370679855,0.0009743905454430785,11.582592009974178,0.3124546408653259,0.020376142114400864,0.01365666650235653,0.00021107433713041246,9.054698602994904e-05,0.00607264693826437,0.04902518168091774,0.0,0.2534976899623871,0.00024821236729621887,0.008960298262536526,,,,
106,0.06694008409976959,0.0009739049607104018,11.689835073018912,0.3350183367729187,0.022590164095163345,0.013018330559134483,0.00012169294495834038,0.00016189951566047966,0.004873635247349739,0.030249930918216705,0.0,0.24123233556747437,0.00013790892262477428,0.009130815975368023,,,,
107,0.06636746227741241,0.0009734149454669931,11.796204061014578,0.4948628842830658,0.020358392968773842,0.014202848076820374,0.00012319470988586545,0.0001249066408490762,0.004301402252167463,0.034166522324085236,0.0,0.22821128368377686,7.078408089000732e-05,0.009301838465034962,,,,
108,0.0683051347732544,0.0009729205045491051,11.90350018197205,0.6793886423110962,0.01924818940460682,0.013227669522166252,0.0002764256205409765,5.1647039072122425e-05,0.0030373004265129566,0.0464591309428215,0.0,0.2850833237171173,0.0002594629186205566,0.00947333313524723,,,,
109,0.06680198013782501,0.00097242164283667,12.01030120800715,0.1760849952697754,0.019853297621011734,0.01381866168230772,0.00020598754053935409,6.895262049511075e-05,0.004706129431724548,0.0470295250415802,0.0,0.23023422062397003,0.00010234826186206192,0.009642460383474827,,,,
110,0.07317211478948593,0.0009719183652532516,12.11514361196896,0.24032016098499298,0.0199052132666111,0.014027407392859459,0.00012181028432678431,0.00011673030530801043,0.0033404286950826645,0.04332549124956131,0.0,0.3615705370903015,0.00023877082276158035,0.009813273325562477,,,,
111,0.06608617305755615,0.0009714106767659962,12.22325808298774,0.36555254459381104,0.020290257409214973,0.015088649466633797,0.00012599764158949256,0.0001089687502826564,0.002408516127616167,0.037242792546749115,0.0,0.18554794788360596,0.00013685165322385728,0.009990542195737362,,,,
112,0.07091787457466125,0.0009708985823855846,12.331599148979876,0.22291602194309235,0.0206369087100029,0.015364664606750011,0.00020267545187380165,5.7161621953127906e-05,0.0034939332399517298,0.05358032137155533,0.0,0.22593842446804047,0.00011344880476826802,0.010162473656237125,,,,
113,0.06418879330158234,0.0009703820871661813,12.439128010009881,0.5310008525848389,0.018643179908394814,0.012684036046266556,0.0002653479459695518,4.777349386131391e-05,0.006183401215821505,0.052593499422073364,0.0,0.22229325771331787,0.00035281130112707615,0.010334515944123268,,,,
114,0.06588370352983475,0.0009698611962053858,12.54911456501577,0.6099472641944885,0.01913326047360897,0.014559993520379066,0.00012377946404740214,0.00011775659368140623,0.0031430060043931007,0.047400057315826416,0.0,0.20317034423351288,0.0001489125716034323,0.010504677891731262,,,,
115,0.06215173006057739,0.0009693359146441815,12.65877968101995,0.1459491103887558,0.0167109202593565,0.012500405311584473,0.00013825819769408554,0.00010916280734818429,0.0015213199658319354,0.0561453178524971,0.0,0.24102716147899628,0.00021315753110684454,0.01067425962537527,,,,
116,0.06512531638145447,0.0009688062476668852,12.762684775982052,0.5541014075279236,0.01819295436143875,0.012468062341213226,0.0002238872111774981,7.146861025830731e-05,0.004971151240170002,0.031063266098499298,0.0,0.3130077123641968,2.6564559448161162e-05,0.010844403877854347,,,,
117,0.06841467320919037,0.0009682722005010961,12.873792760015931,0.12234237790107727,0.01749342679977417,0.013850022107362747,0.00017063415725715458,8.892799814930186e-05,0.0033754550386220217,0.06250602006912231,0.0,0.28147101402282715,0.00012162055645603687,0.011025103740394115,,,,
118,0.06245210021734238,0.0009677337784176445,12.984967409982346,0.5097139477729797,0.01856394298374653,0.013516781851649284,0.0001239642151631415,0.00010947955161100253,0.0019319436978548765,0.02881515584886074,0.0,0.22898603975772858,8.152339432854205e-05,0.011212952435016632,,,,
119,0.06421913951635361,0.0009671909867305388,13.091260897985194,0.4859636127948761,0.01749405264854431,0.01428142935037613,0.0001967750140465796,6.0652826505247504e-05,0.003317174268886447,0.03366776555776596,0.0,0.24024489521980286,3.16747828037478e-05,0.011402387171983719,,,,
120,0.06309942156076431,0.0009666438307969138,13.202414684987161,0.6179450750350952,0.01741708815097809,0.013376879505813122,0.0002780734212137759,3.824547093245201e-05,0.003828619373962283,0.045015059411525726,0.0,0.2195717841386795,8.225917554227635e-05,0.011590123176574707,,,,
121,0.06206293776631355,0.0009660923160169777,13.311642639979254,0.43064945936203003,0.016736632212996483,0.013094043359160423,0.000173508349689655,8.259758760686964e-05,0.0023561129346489906,0.06480562686920166,0.0,0.19760996103286743,8.652497490402311e-05,0.011772147379815578,,,,
122,0.06428048014640808,0.0009655364478339585,13.418265916989185,0.6482352614402771,0.016588756814599037,0.01356141921132803,6.421673606382683e-05,0.00024920268333517015,0.0047446549870073795,0.03394570201635361,0.0,0.27510952949523926,3.545677463989705e-05,0.011955798603594303,,,,
123,0.06497618556022644,0.0009649762317340511,13.528616958996281,0.4438135325908661,0.016612280160188675,0.013907219283282757,9.787632734514773e-05,0.00012062836322002113,0.005597378127276897,0.03595539182424545,0.0,0.2887744605541229,3.8146255974425e-05,0.012144024483859539,,,,
124,0.0582113154232502,0.0009644116732463621,13.638676821021363,0.5727401375770569,0.01670529507100582,0.013202456757426262,0.00027751497691497207,2.9083803383400664e-05,0.004466700367629528,0.052224744111299515,0.0,0.12782597541809082,0.00018567199003882706,0.012343465350568295,,,,
125,0.06843984872102737,0.0009638427779428558,13.748167681973428,0.6139931678771973,0.014426645822823048,0.013419285416603088,0.00028283888241276145,2.60424058069475e-05,0.0030931313522160053,0.06681574136018753,0.0,0.3419601321220398,0.0001390516699757427,0.012534492649137974,22.882549495050313,32.21067065990739,2.6662830859774536,3.5043703224833096
126,0.06289917230606079,0.0009632695514382992,13.877644223975949,0.5580582618713379,0.015408894047141075,0.013372622430324554,7.920392090454698e-05,0.00016076694009825587,0.008459457196295261,0.05041776970028877,0.0,0.25598835945129395,6.84215483488515e-05,0.012737748213112354,,,,
127,0.05973891168832779,0.0009626919993902064,13.985072440002114,0.5302332639694214,0.0170678049325943,0.0130399689078331,6.385686720022932e-05,0.00015260817599482834,0.003820843528956175,0.05561397224664688,0.0,0.17150285840034485,8.600318687967956e-05,0.012942204251885414,,,,
128,0.05968568101525307,0.0009621101274987831,14.088473541021813,0.3901999890804291,0.01603591814637184,0.013872533105313778,0.00019878818420693278,3.362647839821875e-05,0.004733772948384285,0.02943793497979641,0.0,0.2063692808151245,6.846195174148306e-05,0.01313735544681549,,,,
129,0.06673974543809891,0.0009615239415068697,14.198974966013338,0.39797428250312805,0.016735970973968506,0.013702599331736565,0.000253252568654716,2.7012463760911487e-05,0.005012370180338621,0.05016186088323593,0.0,0.28926923871040344,5.233021147432737e-05,0.01333264447748661,,,,
130,0.05704772472381592,0.0009609334471998856,14.307127792970277,0.062350817024707794,0.01387868169695139,0.01400300394743681,0.00013950066932011396,5.945300654275343e-05,0.0021809618920087814,0.05048631131649017,0.0,0.1584986448287964,7.734799146419391e-05,0.01353825069963932,,,,
131,0.05793345719575882,0.000960338650405771,14.418204047018662,0.7739282250404358,0.0161551795899868,0.014406013302505016,7.970388833200559e-05,0.000142946038977243,0.004449083935469389,0.025045927613973618,0.0,0.1568487286567688,0.00015652828733436763,0.013737156987190247,,,,
132,0.06082110479474068,0.0009597395569949304,14.52911296999082,0.4536537230014801,0.016576558351516724,0.013310451060533524,0.00013920199126005173,4.716385592473671e-05,0.002422765828669071,0.0356176495552063,0.0,0.23992103338241577,6.70877197990194e-05,0.013935713097453117,,,,
133,0.06051509082317352,0.0009591361728801735,14.63614564499585,0.7837942242622375,0.014836518093943596,0.013379290699958801,0.0001855674636317417,3.733748599188402e-05,0.0030620191246271133,0.03125437721610069,0.0,0.2666342854499817,6.654465687461197e-05,0.014142043888568878,,,,
134,0.06474914401769638,0.0009585285040166583,14.743160796002485,0.577212393283844,0.014207667671144009,0.013702191412448883,7.477273902622983e-05,0.00011978865222772583,0.0024678255431354046,0.04076823219656944,0.0,0.3378915786743164,8.233347034547478e-05,0.014351033605635166,,,,
135,0.055633626878261566,0.0009579165564018309,14.846769084979314,0.7602006196975708,0.014835384674370289,0.01407013088464737,8.114839147310704e-05,6.434891110984609e-05,0.0026010475121438503,0.02718246355652809,0.0,0.16543853282928467,6.821774150012061e-05,0.014565929770469666,,,,
136,0.06165719032287598,0.0009573003360753673,14.956121741968673,0.9345894455909729,0.015593775548040867,0.013314984738826752,0.00033931792131625116,3.691888559842482e-05,0.00405176542699337,0.05146458372473717,0.0,0.20477423071861267,6.854388630017638e-05,0.014774770475924015,,,,
137,0.05821603536605835,0.0009566798491191136,15.067111675976776,0.16258485615253448,0.01353327464312315,0.012465052306652069,0.0001409138785675168,4.5280605263542384e-05,0.0031853283289819956,0.032502561807632446,0.0,0.28689470887184143,0.00012147096276748925,0.014981129206717014,,,,
138,0.06118893623352051,0.000956055101657025,15.181066432967782,0.9560608267784119,0.01514303870499134,0.012814469635486603,5.51100165466778e-05,0.00022117025218904018,0.0030655297450721264,0.056812405586242676,0.0,0.23437756299972534,8.55590114952065e-05,0.015201144851744175,,,,
139,0.061996571719646454,0.0009554260998551071,15.28826666797977,0.2643115222454071,0.015309273265302181,0.012271016836166382,0.00010417078010505065,5.221287574386224e-05,0.003326389007270336,0.04267852380871773,0.0,0.3196127414703369,0.00015120074385777116,0.015414475463330746,,,,
140,0.057948701083660126,0.0009547928499213538,15.395455420017242,0.948361873626709,0.015287359245121479,0.012804826721549034,0.0002928909379988909,3.383310468052514e-05,0.0038461184594780207,0.02384158968925476,0.0,0.2213757336139679,0.0001235594681929797,0.015635492280125618,,,,
141,0.058520637452602386,0.0009541553581056861,15.503504491993226,0.5571615099906921,0.014934614300727844,0.013347432017326355,5.9053549193777144e-05,8.837405766826123e-05,0.004027858376502991,0.035210441797971725,0.0,0.23051173985004425,0.00015300045197363943,0.015858562663197517,,,,
142,0.061221763491630554,0.0009535136306998909,15.607805505977012,0.8314135074615479,0.016273126006126404,0.014033829793334007,3.8099071389297023e-05,0.00010913185542449355,0.004838299937546253,0.03494537994265556,0.0,0.23123139142990112,9.456211409997195e-05,0.016082245856523514,,,,
143,0.06056755781173706,0.0009528676740375587,15.7176079970086,0.6077128052711487,0.014864780008792877,0.013467921875417233,0.00019975187024101615,2.1731779270339757e-05,0.0023498786613345146,0.045289717614650726,0.0,0.23574265837669373,0.00010218172246823087,0.016314316540956497,,,,
144,0.056470829993486404,0.0009522174944940209,15.828849165001884,1.154272198677063,0.014561941847205162,0.012634120881557465,0.0001850221015047282,2.332282019779086e-05,0.004285914823412895,0.03120870143175125,0.0,0.22208431363105774,0.00010127201676368713,0.016539953649044037,,,,
145,0.06211263686418533,0.000951563098486287,15.939005427993834,1.370614767074585,0.014813938178122044,0.014007732272148132,9.194580343319103e-05,0.0002752459840849042,0.0045942096039652824,0.037474147975444794,0.0,0.2313966453075409,4.759672447107732e-05,0.01676417700946331,,,,
146,0.05862986668944359,0.0009509044924729818,16.052308387006633,0.22178667783737183,0.01601734198629856,0.013622458092868328,7.289583300007507e-05,4.494924360187724e-05,0.0023472439497709274,0.02204584889113903,0.0,0.2364085614681244,2.979400051117409e-05,0.016986677423119545,,,,
147,0.062225356698036194,0.0009502416829542803,16.170768225973006,1.1367613077163696,0.014697400853037834,0.01250483375042677,0.0003861039294861257,6.162271893117577e-05,0.0037477167788892984,0.02774769812822342,0.0,0.30001768469810486,6.077086800360121e-05,0.017212145030498505,,,,
148,0.05366002768278122,0.000949574676471845,16.275409877009224,0.16240204870700836,0.01340597216039896,0.012648127973079681,0.0001053258529282175,3.098477463936433e-05,0.00315250176936388,0.023680688813328743,0.0,0.21929529309272766,8.678703306941316e-05,0.01744716241955757,,,,
149,0.05925028771162033,0.0009489034796087608,16.391093633021228,1.2439342737197876,0.01303323358297348,0.014034666121006012,7.011162961134687e-05,0.0002301630302099511,0.002219981048256159,0.028561372309923172,0.0,0.241411954164505,8.956054807640612e-05,0.0176827572286129,,,,
150,0.05783041566610336,0.0009482280989894695,16.508760104014073,0.5125666856765747,0.013859954662621021,0.01232023537158966,0.00010996284981956705,3.332361302454956e-05,0.0025166489649564028,0.052798155695199966,0.0,0.2476346790790558,9.182634676108137e-05,0.017921721562743187,22.691913958162576,31.926593828466782,4.48136909482444,0.9971862407693814
151,0.058788154274225235,0.0009475485412797054,16.634545959997922,1.0398812294006348,0.015260341577231884,0.012084616348147392,0.00023580620472785085,2.7247258913121186e-05,0.006290224380791187,0.027171503752470016,0.0,0.27019065618515015,0.00016868220700416714,0.01816871389746666,,,,
152,0.05427851527929306,0.0009468648131864284,16.745141730993055,0.6323792338371277,0.014623565599322319,0.013643389567732811,3.838779957732186e-05,0.00011021127284038812,0.0025055240839719772,0.035114776343107224,0.0,0.14058688282966614,0.0001976637722691521,0.018423352390527725,,,,
153,0.06036671996116638,0.0009461769214577592,16.858819590008352,1.1352888345718384,0.013978778384625912,0.013746656477451324,2.8682308766292408e-05,0.00010830737301148474,0.0031759548000991344,0.04522634297609329,0.0,0.24778297543525696,0.0004354872216936201,0.018668033182621002,,,,
154,0.05535852909088135,0.000945484872882911,16.962877584970556,1.1357320547103882,0.01385426614433527,0.013145576231181622,0.00029560260009020567,3.7234221963444725e-05,0.003095845226198435,0.0398077592253685,0.0,0.1509806215763092,0.00018121639732271433,0.018926134333014488,,,,
155,0.05765965208411217,0.0009447886742921243,17.07448419701541,0.7819314002990723,0.0146044185385108,0.01293308474123478,0.00012618165055755526,2.740297895797994e-05,0.0027389703318476677,0.0520176887512207,0.0,0.2029281109571457,0.0001489196001784876,0.01917913928627968,,,,
156,0.058782242238521576,0.0009440883325565978,17.189161689020693,1.360253095626831,0.014010132290422916,0.013241559267044067,8.106033055810258e-05,0.0002809491998050362,0.002834745217114687,0.05089252069592476,0.0,0.18132466077804565,0.00035223696613684297,0.019433291628956795,,,,
157,0.05295198783278465,0.0009433838545884216,17.29686323797796,0.4063047170639038,0.014289322309195995,0.013648690655827522,7.040261698421091e-05,3.855191243928857e-05,0.0021504282485693693,0.031689248979091644,0.0,0.1364283412694931,0.00015818460087757558,0.01968911848962307,,,,
158,0.06905701756477356,0.0009426752473405091,17.408223239006475,1.7777843475341797,0.014607428573071957,0.013110077008605003,0.0004959010984748602,7.87421886343509e-05,0.004269639030098915,0.058651842176914215,0.0,0.3261207938194275,7.83640643930994e-05,0.019928302615880966,,,,
159,0.05829167366027832,0.0009419625178065278,17.518046725017484,0.9080899953842163,0.013459987007081509,0.014115981757640839,5.789790884591639e-05,7.416369044221938e-05,0.003329081693664193,0.03068871796131134,0.0,0.23498433828353882,0.00027437458629719913,0.0201830193400383,,,,
160,0.06209696829319,0.0009412456730208301,17.627536912972573,0.8204457759857178,0.01412931364029646,0.014228207990527153,6.477676652139053e-05,0.0001592528133187443,0.00256882281973958,0.050777316093444824,0.0,0.23700588941574097,0.00019402866018936038,0.020447809249162674,,,,
161,0.05461273342370987,0.0009405247200583851,17.742045148974285,0.47987228631973267,0.012788975611329079,0.012688694521784782,0.00014762408682145178,1.4978091712691821e-05,0.0037974626757204533,0.04252954572439194,0.0,0.20245018601417542,0.00023428737767972052,0.0207181666046381,,,,
162,0.05775705724954605,0.000939799666034707,17.86276354402071,0.9929511547088623,0.014565295539796352,0.012842095457017422,0.0002450908941682428,1.2192691428936087e-05,0.0030730138532817364,0.028331954032182693,0.0,0.2337055802345276,0.00024162468616850674,0.020984496921300888,,,,
163,0.0657537579536438,0.0009390705181057868,17.973865941981785,0.7897341847419739,0.013246790505945683,0.015063351951539516,5.5331354815280065e-05,0.00014869998267386109,0.0024442863650619984,0.034428127110004425,0.0,0.329398512840271,0.00028374584508128464,0.021248914301395416,,,,
164,0.05836860090494156,0.0009383372834680197,18.08797426900128,0.9195440411567688,0.013443771749734879,0.014818417839705944,5.7219989685108885e-05,8.765165694057941e-05,0.003982126247137785,0.028048617765307426,0.0,0.21095547080039978,0.0002660062164068222,0.021531496196985245,,,,
165,0.060607343912124634,0.0009375999693581359,18.20143342600204,1.0640612840652466,0.014659912325441837,0.013516496866941452,0.00035387673415243626,3.138115425826982e-05,0.00471559539437294,0.07767032831907272,0.0,0.13730116188526154,0.00017217593267560005,0.021812282502651215,,,,
166,0.05263230949640274,0.0009368585830531277,18.310998910979833,0.5087141394615173,0.013588152825832367,0.011844305321574211,0.00014552782522514462,2.3656049961573444e-05,0.003504936583340168,0.06744565814733505,0.0,0.1318281888961792,0.00013040649355389178,0.02208014763891697,,,,
167,0.062256138771772385,0.000936113131870179,18.423459379991982,1.1751686334609985,0.014260479249060154,0.013430099003016949,6.64453546050936e-05,0.0002706125960685313,0.004841936752200127,0.05341678112745285,0.0,0.2369978427886963,0.000308872084133327,0.022345086559653282,,,,
168,0.0560128390789032,0.0009353636231665917,18.537233599985484,0.12959319353103638,0.014276682399213314,0.012826574966311455,7.236062083393335e-05,5.6007527746260166e-05,0.0037457216531038284,0.030327361077070236,0.0,0.22541415691375732,0.00028597700293175876,0.022615332156419754,,,,
169,0.05775987729430199,0.0009346100643397144,18.648784113989677,1.0781702995300293,0.015120052732527256,0.01260744035243988,0.000330896582454443,3.044799086637795e-05,0.0030118748545646667,0.025681642815470695,0.0,0.21891942620277405,0.00012387307651806623,0.022894995287060738,,,,
170,0.053044840693473816,0.0009338524628268683,18.759197680978104,0.46071943640708923,0.011750542558729649,0.013170687481760979,5.943752694292925e-05,4.9151432904182e-05,0.0036796843633055687,0.026730390265583992,0.0,0.21662701666355133,0.0001554893096908927,0.02317173033952713,,,,
171,0.06135948374867439,0.0009330908261052745,18.871160452021286,1.0340197086334229,0.015063580125570297,0.013972735032439232,3.424185706535354e-05,0.00012763658014591783,0.002336445264518261,0.012466196902096272,0.0,0.3032192885875702,0.00018379651010036469,0.023444870486855507,,,,
172,0.05347251892089844,0.0009323251616919799,18.9809972110088,0.7678054571151733,0.013738594949245453,0.013767178170382977,0.00016292996588163078,1.7343736544717103e-05,0.002721355762332678,0.040526892989873886,0.0,0.12062548100948334,0.0001530689187347889,0.02372695691883564,,,,
173,0.05284038558602333,0.0009315554771437833,19.086993029981386,0.7603195309638977,0.014300541952252388,0.012661314569413662,0.00011917005031136796,2.20560614252463e-05,0.008418264798820019,0.03880532085895538,0.0,0.1476287990808487,9.806743764784187e-05,0.024000680074095726,,,,
174,0.05770871043205261,0.0009307817800571602,19.195344831969123,0.8341085910797119,0.014749734662473202,0.013514876365661621,3.645031392807141e-05,0.00016646774020045996,0.003110215999186039,0.03266429156064987,0.0,0.2044219821691513,0.00023272493854165077,0.024274786934256554,,,,
175,0.05682668834924698,0.0009300040780681889,19.307236716966145,0.5067120790481567,0.014602790586650372,0.01394409965723753,5.130552381160669e-05,5.361482544685714e-05,0.0036916323006153107,0.028364676982164383,0.0,0.20195665955543518,0.00014306555385701358,0.024548057466745377,22.51587749816369,31.64345384270954,4.879665133413561,1.1964464232156078
176,0.05340057983994484,0.0009292223788524738,19.43636047601467,0.7625702619552612,0.012743161991238594,0.013011891394853592,0.00027323683025315404,3.8012782169971615e-05,0.0029806322418153286,0.028866956010460854,0.0,0.1677987277507782,7.066025864332914e-05,0.024821657687425613,,,,
177,0.05668061226606369,0.0009284366901250704,19.54459730698727,0.5616229772567749,0.01319438312202692,0.013792182318866253,0.00015083620382938534,1.6179008525796235e-05,0.004726192448288202,0.027316665276885033,0.0,0.22015517950057983,0.00023088272428140044,0.025093449279665947,,,,
178,0.055311720818281174,0.0009276470196404096,19.65378543897532,0.8617818355560303,0.012391304597258568,0.013065172359347343,6.616225437028334e-05,0.00021797986119054258,0.003224235726520419,0.03320484608411789,0.0,0.20417532324790955,0.0002328189293621108,0.02537006139755249,,,,
179,0.0547073557972908,0.0009268533751922201,19.761268343019765,0.532565176486969,0.012977883219718933,0.012897747568786144,4.021089989691973e-05,0.0001042462681652978,0.0029200450517237186,0.032898932695388794,0.0,0.21500453352928162,0.0002776340988930315,0.02564696967601776,,,,
180,0.057014767080545425,0.0009260557646134523,19.87121086701518,0.8380486965179443,0.01384377758949995,0.013316015712916851,0.0002948696492239833,3.799344995059073e-05,0.0028986805118620396,0.025956925004720688,0.0,0.20515741407871246,0.0001859083422459662,0.02592538110911846,,,,
181,0.05573355033993721,0.0009252541957762005,19.979761558002792,0.466068834066391,0.012976760044693947,0.012838758528232574,0.00017567171016708016,1.3665263395523652e-05,0.002579246647655964,0.03266005963087082,0.0,0.2322196662425995,0.00015374539361800998,0.026208382099866867,,,,
182,0.054790910333395004,0.0009244486765916255,20.08544863096904,0.7744030952453613,0.01428950484842062,0.014424078166484833,4.561719833873212e-05,0.00010908808326348662,0.00493277981877327,0.020794115960597992,0.0,0.14997296035289764,0.0002550006320234388,0.02649322897195816,,,,
183,0.055061571300029755,0.0009236392150098764,20.199724997975864,0.3578527569770813,0.01320292241871357,0.012853652238845825,4.6093664423096925e-05,6.491262320196256e-05,0.003921180032193661,0.04530511051416397,0.0,0.20244905352592468,0.00016549183055758476,0.026768382638692856,,,,
184,0.053609322756528854,0.0009228258190200126,20.309690919995774,0.9205933809280396,0.013390179723501205,0.013138661161065102,0.0001727644557831809,1.0012975508288946e-05,0.003866048762574792,0.029546193778514862,0.0,0.176362544298172,0.00012095006968593225,0.027050601318478584,,,,
185,0.057251159101724625,0.0009220084966499235,20.428779428999405,0.5266454219818115,0.013626518659293652,0.013743981719017029,4.9516918807057664e-05,4.7199398977681994e-05,0.0014933976344764233,0.03194553032517433,0.0,0.2343975305557251,0.00015307519061025232,0.02733682468533516,,,,
186,0.05732522904872894,0.0009211872559662515,20.53650543896947,0.46685001254081726,0.014795095659792423,0.013175291940569878,5.342764052329585e-05,3.3853400964289904e-05,0.0032466354314237833,0.03681015595793724,0.0,0.22337336838245392,0.00026709336088970304,0.027626140043139458,,,,
187,0.052884846925735474,0.0009203621050743103,20.667459813994355,0.5064026117324829,0.014254430308938026,0.01188286766409874,0.0001594997593201697,1.3693308574147522e-05,0.0029735006392002106,0.0252898707985878,0.0,0.20381370186805725,0.00023648294154554605,0.027919525280594826,,,,
188,0.054702743887901306,0.0009195330521180062,20.773275259009097,0.2414868175983429,0.011520636267960072,0.011873133480548859,5.691057594958693e-05,4.169496241956949e-05,0.002018529921770096,0.039822570979595184,0.0,0.28422701358795166,0.0001270520151592791,0.0282035693526268,,,,
189,0.050803735852241516,0.0009187001052797571,20.880963763978798,0.49738818407058716,0.012202497571706772,0.012663958594202995,3.656976332422346e-05,0.00011313364666420966,0.003922268282622099,0.031065743416547775,0.0,0.1609632968902588,0.00039692764403298497,0.0285045076161623,,,,
190,0.05669115111231804,0.000917863272780412,20.993359993968625,0.13246522843837738,0.013998395763337612,0.013192400336265564,7.649828330613673e-05,2.799680623866152e-05,0.002985204104334116,0.04677727445960045,0.0,0.20400026440620422,0.00020719501480925828,0.028806393966078758,,,,
191,0.0515303872525692,0.00091702256287917,21.10718846297823,0.6963549256324768,0.012213341891765594,0.012165742926299572,0.000193843268789351,1.5092024113982916e-05,0.002653234638273716,0.015093527734279633,0.0,0.2214374542236328,0.00015321018872782588,0.029108569025993347,,,,
192,0.05186862498521805,0.0009161779838734982,21.21908066701144,0.414882093667984,0.012685548514127731,0.012817513197660446,4.058226113556884e-05,6.727861182298511e-05,0.003911077976226807,0.026742463931441307,0.0,0.18640807271003723,0.00024981354363262653,0.029419517144560814,,,,
193,0.05122792720794678,0.0009153295440990506,21.326309302006848,0.37595638632774353,0.013036996126174927,0.01436692476272583,3.416488107177429e-05,7.480112253688276e-05,0.0022920621559023857,0.025305800139904022,0.0,0.10901422053575516,0.00024179753381758928,0.029728500172495842,,,,
194,0.0494871623814106,0.0009144772519295853,21.44012149696937,0.2849904000759125,0.013625970110297203,0.012457020580768585,0.00011192252713954076,1.2561572475533467e-05,0.0075079770758748055,0.012429861351847649,0.0,0.15889084339141846,0.0001093578030122444,0.030016953125596046,,,,
195,0.05497940629720688,0.0009136211157768814,21.54476977296872,0.24905520677566528,0.014447701163589954,0.01302193384617567,0.0001066792756319046,1.3239308827905916e-05,0.0027714997995644808,0.014134007506072521,0.0,0.23273977637290955,6.938516889931634e-05,0.030303478240966797,,,,
196,0.050953458994627,0.0009127611440906577,21.653425922966562,0.31905171275138855,0.014433091506361961,0.012778960168361664,5.6129454605979845e-05,6.310119351837784e-05,0.003426350187510252,0.013441367074847221,0.0,0.16337540745735168,5.53215759282466e-05,0.03059202991425991,,,,
197,0.046814918518066406,0.0009118973453584873,21.763974611007143,0.1799527406692505,0.012845451012253761,0.011368977837264538,6.028060306562111e-05,4.790187449543737e-05,0.0026483810506761074,0.02611888386309147,0.0,0.14581623673439026,8.368819544557482e-05,0.030878935009241104,,,,
198,0.055367276072502136,0.0009110297281057149,21.875695271010045,0.35107168555259705,0.014909091405570507,0.012263009324669838,0.00010263072908855975,1.2139547834522091e-05,0.004294517450034618,0.022872157394886017,0.0,0.24448412656784058,2.7156427677255124e-05,0.031156739220023155,,,,
199,0.06072566285729408,0.0009101583008953727,21.98378822399536,0.10068550705909729,0.013288652524352074,0.012149873189628124,6.554801075253636e-05,2.296878483321052e-05,0.002655178774148226,0.022755909711122513,0.0,0.39509671926498413,5.747460090788081e-05,0.03143612667918205,,,,
200,0.048270754516124725,0.0009092830723280953,22.093335600977298,0.11730296164751053,0.01295140478760004,0.011591438204050064,5.810915172332898e-05,4.2531024519121274e-05,0.0030029353220015764,0.02116122841835022,0.0,0.17500483989715576,8.181325392797589e-05,0.03174835816025734,22.475879572753968,31.709752851808414,2.5060754898418196,1.8339531262893716
201,0.04806488752365112,0.0009084040510420354,22.225587913999334,0.25036948919296265,0.012934866361320019,0.012522779405117035,4.380524478619918e-05,3.8685990148223937e-05,0.00302514829672873,0.026831813156604767,0.0,0.12449371814727783,0.00016836755094118416,0.03205735608935356,,,,
202,0.052456777542829514,0.0009075212457127782,22.328162610006984,0.20584815740585327,0.012708667665719986,0.013460788875818253,8.457111835014075e-05,1.6322483133990318e-05,0.001796429860405624,0.024618905037641525,0.0,0.18085834383964539,0.0001906085090013221,0.032356180250644684,,,,
203,0.04791522026062012,0.0009066346650532561,22.43644061498344,0.23894895613193512,0.0134934913367033,0.012294813059270382,7.728548371233046e-05,2.3398028133669868e-05,0.005606981925666332,0.022466588765382767,0.0,0.11516955494880676,0.0005071213818155229,0.032657425850629807,,,,
204,0.05363842099905014,0.0009057443178136618,22.55058099096641,0.3327086865901947,0.012121093459427357,0.0123778460547328,4.280298890080303e-05,6.333308556349948e-05,0.001664907787926495,0.029242778196930885,0.0,0.241552472114563,0.0005821828963235021,0.032944485545158386,,,,
205,0.05230826139450073,0.0009048502127813635,22.658576851012185,0.18088918924331665,0.01403303537517786,0.012052017264068127,4.8989411880029365e-05,3.984316936112009e-05,0.003982174675911665,0.03752824291586876,0.0,0.18235982954502106,0.00017969240434467793,0.03324984014034271,,,,
206,0.05710313096642494,0.0009039523587808167,22.76745301001938,0.33688539266586304,0.013456134125590324,0.013718924485147,0.00012021670409012586,1.0515150279388763e-05,0.0023112958297133446,0.03450043499469757,0.0,0.2225709706544876,0.0001741112646413967,0.033559400588274,,,,
207,0.049371059983968735,0.0009030507646734779,22.883350869989954,0.15979799628257751,0.012199392542243004,0.01256630476564169,9.471081284573302e-05,2.0373390725580975e-05,0.004330907016992569,0.018138334155082703,0.0,0.17059579491615295,0.0002941771817859262,0.033874958753585815,,,,
208,0.05112772434949875,0.0009021454393577171,22.990553040988743,0.35262784361839294,0.012599409557878971,0.012571766041219234,3.685031697386876e-05,7.670005288673565e-05,0.003213383723050356,0.021431926637887955,0.0,0.1894630789756775,0.0004380672180559486,0.03419340401887894,,,,
209,0.049490030854940414,0.0009012363917687298,23.095280007983092,0.4204258918762207,0.013572155497968197,0.013065671548247337,6.361476698657498e-05,3.8880418287590146e-05,0.004477271810173988,0.025800619274377823,0.0,0.11400942504405975,0.00022265661391429603,0.03452078253030777,,,,
210,0.04736509919166565,0.0009003236308784483,23.20733907801332,0.44625651836395264,0.012527977116405964,0.012552065774798393,7.11356769897975e-05,2.234890234831255e-05,0.0036767669953405857,0.02806299924850464,0.0,0.11149382591247559,0.00019847652583848685,0.034843310713768005,,,,
211,0.048725783824920654,0.0008994071656954544,23.317317890992854,0.4689405858516693,0.013246097601950169,0.011592043563723564,0.0001471823052270338,1.0676357305783313e-05,0.0038402853533625603,0.029322367161512375,0.0,0.14891529083251953,0.00011185587936779484,0.03514981269836426,,,,
212,0.05396583676338196,0.0008984870052648894,23.425012496009003,0.4312940239906311,0.013472158461809158,0.013373242691159248,7.409424870274961e-05,1.8161330444854684e-05,0.004206245765089989,0.03055044636130333,0.0,0.1868022382259369,0.00018371538317296654,0.03545622155070305,,,,
213,0.04996403306722641,0.0008975631586683652,23.534664365986828,0.5716440081596375,0.013689536601305008,0.012205968610942364,4.613408964360133e-05,0.00011167258344357833,0.0059564970433712006,0.023897722363471985,0.0,0.14695294201374054,0.0002134829992428422,0.035765040665864944,,,,
214,0.050413958728313446,0.0008966356350238747,23.643030430015642,0.08589689433574677,0.01392934750765562,0.013249306008219719,7.965949771460146e-05,1.7095027942559682e-05,0.002212433610111475,0.02996547892689705,0.0,0.11359471082687378,0.00019548225100152194,0.03606832027435303,,,,
215,0.053442616015672684,0.000895704443485702,23.750214833999053,0.5211949944496155,0.011915665119886398,0.01307146530598402,0.0001864423684310168,1.0729675523180049e-05,0.005304994061589241,0.031296566128730774,0.0,0.19780918955802917,9.058444993570447e-05,0.03635505586862564,,,,
216,0.049288198351860046,0.0008947695932443316,23.85671426297631,0.17527733743190765,0.01392962783575058,0.011100644245743752,7.945152174215764e-05,2.253733509860467e-05,0.003897410584613681,0.033162616193294525,0.0,0.1693916916847229,0.00012002376024611294,0.03665461018681526,,,,
217,0.05223163589835167,0.0008938310935263577,23.964421153999865,0.6987336874008179,0.013355335220694542,0.012408560141921043,4.382698534755036e-05,0.0001410979893989861,0.004123038612306118,0.022760458290576935,0.0,0.19068408012390137,0.0001565696729812771,0.036960527300834656,,,,
218,0.045813869684934616,0.000892888953594394,24.072667102969717,0.5836383104324341,0.012438856065273285,0.011296829208731651,0.00012977546430192888,1.3230026524979621e-05,0.003609567880630493,0.03565447777509689,0.0,0.10586211085319519,0.0002750053536146879,0.037264034152030945,,,,
219,0.05436761677265167,0.0008919431827469809,24.190701862971764,0.1639583706855774,0.012987303547561169,0.012378930114209652,7.137102511478588e-05,2.219791349489242e-05,0.0047075180336833,0.021441340446472168,0.0,0.2596204876899719,0.00028867454966530204,0.03755695000290871,,,,
220,0.05237075686454773,0.0008909937903184951,24.303176469984464,0.700510561466217,0.011754562146961689,0.01335445698350668,4.2108855268452317e-05,5.0035603635478765e-05,0.003008551662787795,0.02032775804400444,0.0,0.20755714178085327,0.0003869124921038747,0.0378621481359005,,,,
221,0.05389952287077904,0.0008900407856790567,24.410586656013038,0.457418292760849,0.01258431188762188,0.012360027991235256,0.00013871023838873953,1.946350312209688e-05,0.0021347776055336,0.023663947358727455,0.0,0.2459183633327484,0.00020618332200683653,0.03818498179316521,,,,
222,0.05194826424121857,0.0008890841782344365,24.521106002968736,0.49841153621673584,0.013458973728120327,0.01274588331580162,6.572846905328333e-05,5.2190669521223754e-05,0.0056627122685313225,0.03250618278980255,0.0,0.16103185713291168,0.00019444961799308658,0.038532767444849014,,,,
223,0.04700630158185959,0.0008881239774259638,24.629978246986866,0.720957338809967,0.012821372598409653,0.011564832180738449,2.5046771042980254e-05,0.00015673483721911907,0.0028106006793677807,0.014978287741541862,0.0,0.14902828633785248,0.00010880244371946901,0.03887573257088661,,,,
224,0.047528453171253204,0.0008871601927304331,24.744682569988072,0.6642674803733826,0.01276420708745718,0.010344991460442543,0.00020106323063373566,1.355348649667576e-05,0.0043715424835681915,0.014150237664580345,0.0,0.2039414942264557,5.819074794999324e-05,0.039225511252880096,,,,
225,0.0484430156648159,0.0008861928336600101,24.858331552008167,0.35552963614463806,0.01276930421590805,0.013117301277816296,5.3876818128628656e-05,1.3791357559966855e-05,0.0035926077980548143,0.016122616827487946,0.0,0.13796906173229218,3.251173620810732e-05,0.03957192227244377,21.994089014265334,31.0181798935374,2.446171748246638,2.1728051528134014
226,0.0503050871193409,0.0008852219097621384,24.99013086396735,0.8791067004203796,0.012498842552304268,0.01350391935557127,2.4773886252660304e-05,5.360602153814398e-05,0.0031827115453779697,0.026871688663959503,0.0,0.14200007915496826,2.8387528800521977e-05,0.03990842401981354,,,,
227,0.04964883625507355,0.0008842474306194447,25.100237587990705,1.5275664329528809,0.012275978922843933,0.012579433619976044,0.0001886922400444746,1.791203067114111e-05,0.0050712572410702705,0.04330964386463165,0.0,0.10976269841194153,3.5047309211222455e-05,0.040240611881017685,,,,
228,0.04933251440525055,0.0008832694058496449,25.209483850980178,1.1463626623153687,0.013095779344439507,0.012347174808382988,8.00153793534264e-05,0.00024335848866030574,0.0029581633862107992,0.024470841512084007,0.0,0.10480020940303802,0.00043309113243594766,0.04055342823266983,,,,
229,0.04888581112027168,0.0008822878451054484,25.31732658902183,0.17462603747844696,0.012026220560073853,0.012340625748038292,8.147893095156178e-05,1.2870477803517133e-05,0.003255450166761875,0.01645469292998314,0.0,0.18414315581321716,0.00017858692444860935,0.04086052253842354,,,,
230,0.05110480263829231,0.0008813027580744639,25.42380518099526,0.9463859796524048,0.011863172054290771,0.011373186483979225,0.0003278359945397824,4.546470518107526e-05,0.0023337192833423615,0.012028064578771591,0.0,0.22515235841274261,0.00014396518236026168,0.04117380082607269,,,,
231,0.05126071348786354,0.0008803141544791022,25.533170503971633,0.8264889121055603,0.013145885430276394,0.012615757994353771,2.7699119527824223e-05,0.00010119727812707424,0.0030491382349282503,0.022193465381860733,0.0,0.17163151502609253,0.0005994742969051003,0.04150070995092392,,,,
232,0.05156271904706955,0.0008793220440764821,25.643322844000068,0.6820482611656189,0.012941651046276093,0.01191961020231247,5.332336877472699e-05,4.8382549721281976e-05,0.005052716936916113,0.023005411028862,0.0,0.2163432538509369,0.00035262276651337743,0.041827742010354996,,,,
233,0.050788115710020065,0.0008783264366583325,25.75228211999638,0.5717787146568298,0.01006650272756815,0.011603395454585552,9.068007057067007e-05,2.469671562721487e-05,0.0033837745431810617,0.029629161581397057,0.0,0.2574806809425354,0.0003127378295175731,0.04217955842614174,,,,
234,0.04768477752804756,0.0008773273420508967,25.86049493099563,0.9617170095443726,0.011173199862241745,0.012914856895804405,4.5320957724470645e-05,5.544377927435562e-05,0.004648501984775066,0.010829691775143147,0.0,0.16315919160842896,0.0001582973200129345,0.0425603874027729,,,,
235,0.05179722234606743,0.0008763247701148352,25.96926587197231,0.7149360179901123,0.012886591255664825,0.01183171197772026,0.00021934680989943445,2.6841047656489536e-05,0.0029701387975364923,0.033795855939388275,0.0,0.1823240965604782,9.8080126917921e-05,0.042943716049194336,,,,
236,0.04564268887042999,0.0008753187307451283,26.07811100501567,0.3247464597225189,0.011605676263570786,0.011631662957370281,6.986524385865778e-05,2.8464723072829656e-05,0.0033051245845854282,0.020503034815192223,0.0,0.1485671103000641,0.0001031405117828399,0.04333273693919182,,,,
237,0.056123290210962296,0.0008743092338709782,26.1886517140083,0.9859336018562317,0.013537842780351639,0.01278231106698513,6.504263001261279e-05,0.00020678120199590921,0.0035198680125176907,0.025305598974227905,0.0,0.22731898725032806,0.00018635595915839076,0.043726302683353424,,,,
238,0.05007350072264671,0.0008732962894557116,26.304169812996406,0.684249997138977,0.011379006318747997,0.011167824268341064,0.0001499941572546959,2.07400880753994e-05,0.0033334139734506607,0.028690146282315254,0.0,0.23065799474716187,3.879458745359443e-05,0.044126857072114944,,,,
239,0.04512765258550644,0.0008722799074966811,26.41539701196598,0.48919782042503357,0.012184802442789078,0.01163924764841795,0.00014030815509613603,1.483119103795616e-05,0.001879713498055935,0.02597258985042572,0.0,0.10538224130868912,0.00010806204954860732,0.04454734921455383,,,,
240,0.047649361193180084,0.0008712600980251661,26.523604921007063,1.0474175214767456,0.011743937619030476,0.01106051541864872,3.022853888978716e-05,0.0001515364128863439,0.004070996306836605,0.036579787731170654,0.0,0.15313196182250977,0.0004036718746647239,0.04495042562484741,,,,
241,0.0486413836479187,0.0008702368711062745,26.63080414698925,1.1099213361740112,0.011884218081831932,0.012181321159005165,0.00017869341536425054,1.5269162759068422e-05,0.004816792905330658,0.02806379832327366,0.0,0.14403991401195526,0.00016031974519137293,0.04536181315779686,,,,
242,0.044379353523254395,0.0008692102368388428,26.73611199000152,0.3679206371307373,0.01084490679204464,0.011076726019382477,4.489450657274574e-05,8.250171958934516e-05,0.0037010605446994305,0.020535487681627274,0.0,0.14642244577407837,0.0005015290225856006,0.045775484293699265,,,,
243,0.04650561884045601,0.0008681802053553369,26.847549818980042,0.6257995367050171,0.012584864161908627,0.010598774068057537,3.779976032092236e-05,6.078567821532488e-05,0.0035559246316552162,0.03853991627693176,0.0,0.14231939613819122,0.0005433897604234517,0.04620620235800743,,,,
244,0.050174884498119354,0.0008671467868217514,26.96279110200703,1.0689620971679688,0.012298878282308578,0.011674655601382256,0.0003145176451653242,5.569420682149939e-05,0.007337003014981747,0.04008307307958603,0.0,0.12610255181789398,9.765550203155726e-05,0.046631935983896255,,,,
245,0.048345357179641724,0.0008661099914375104,27.06979565200163,0.5909481048583984,0.013265191577374935,0.01046373974531889,4.793714833795093e-05,0.00010117366764461622,0.004189107567071915,0.030211158096790314,0.0,0.18329644203186035,0.00021913663658779114,0.047049276530742645,,,,
246,0.04592745006084442,0.0008650698294353655,27.182692534988746,0.7273114919662476,0.01161989290267229,0.012105962261557579,4.258774788468145e-05,9.783662244444713e-05,0.0018694880418479443,0.023189133033156395,0.0,0.12158392369747162,0.0001523164683021605,0.047487594187259674,,,,
247,0.05245590582489967,0.0008640263110812959,27.292078375990968,1.7134166955947876,0.013139610178768635,0.012412226758897305,0.00039904002915136516,9.675320325186476e-05,0.003906815778464079,0.027931034564971924,0.0,0.12917160987854004,3.897327042068355e-05,0.047909993678331375,,,,
248,0.05242304503917694,0.0008629794466744064,27.399527650966775,1.9245259761810303,0.013012650422751904,0.012295867316424847,0.00011703711788868532,0.0002931338385678828,0.0018771733157336712,0.020053286105394363,0.0,0.16904449462890625,0.00011722227645805106,0.048317909240722656,,,,
249,0.04902232438325882,0.0008619292465468258,27.51082355796825,0.9307079911231995,0.012851713225245476,0.011315807700157166,0.0002151742810383439,1.8408823962090537e-05,0.004287928342819214,0.025931060314178467,0.0,0.16633355617523193,3.024726902367547e-05,0.04873260483145714,,,,
250,0.046890366822481155,0.0008608757210636058,27.620395453996025,0.3008633553981781,0.012039178982377052,0.012013837695121765,8.46794864628464e-05,1.553482434246689e-05,0.007883500307798386,0.029833540320396423,0.0,0.12532317638397217,0.00012852191866841167,0.049157530069351196,21.124650657131085,29.72120601297592,2.292994692899104,3.611850377595847
251,0.04375423491001129,0.0008598188806226174,27.751848949992564,0.7683266997337341,0.010303028859198093,0.011416180059313774,3.3974487450905144e-05,0.0001584532728884369,0.005431626457720995,0.020045705139636993,0.0,0.12407515197992325,0.00016507803229615092,0.04958005249500275,,,,
252,0.04381079226732254,0.0008587587356544492,27.862870579992887,0.6149672865867615,0.011627878062427044,0.011191129684448242,0.00015021878061816096,1.056281598721398e-05,0.003300947370007634,0.02571111172437668,0.0,0.10394369065761566,0.00020950028556399047,0.049996279180049896,,,,
253,0.048252448439598083,0.0008576952966223038,27.975274783966597,0.2994562089443207,0.012495296075940132,0.011223453097045422,6.0233909607632086e-05,2.3786233214195818e-05,0.004820988979190588,0.024150026962161064,0.0,0.18796133995056152,0.00036552530946210027,0.05040397122502327,,,,
254,0.04343622922897339,0.0008566285740218953,28.08528988796752,0.7731248736381531,0.012432248331606388,0.01152740977704525,3.274723349022679e-05,3.677000859170221e-05,0.005757628008723259,0.015565890818834305,0.0,0.10271820425987244,0.0002227773074992001,0.050833094865083694,,,,
255,0.04856763407588005,0.0008555585783813451,28.194434449018445,1.4616978168487549,0.011697744019329548,0.011626946739852428,0.00019449266255833209,1.7050573660526425e-05,0.002779019298031926,0.03417340666055679,0.0,0.15576791763305664,0.00010463047510711476,0.05124504119157791,,,,
256,0.048098985105752945,0.0008544853202610782,28.30393756798003,1.8784338235855103,0.011340529657900333,0.011286832392215729,0.00014999540871940553,0.0003543678903952241,0.002563134301453829,0.025876391679048538,0.0,0.11563729494810104,0.0005918466486036777,0.05164867639541626,,,,
257,0.045647989958524704,0.0008534088102537189,28.413779285969213,1.4906591176986694,0.010829544626176357,0.011669999919831753,0.00036596073186956346,0.00010829893290065229,0.004532471299171448,0.011070569977164268,0.0,0.10621611028909683,3.932389518013224e-05,0.05203953757882118,,,,
258,0.04129520803689957,0.0008523290589839864,28.524369771010242,0.4871775507926941,0.011615079827606678,0.0109487846493721,3.695653867907822e-05,2.553466401877813e-05,0.004401743412017822,0.024706389755010605,0.0,0.08417314291000366,0.00020583909645210952,0.05242575705051422,,,,
259,0.04685309901833534,0.0008512460771085899,28.6358476979658,0.7404466271400452,0.011251024901866913,0.011901738122105598,4.35031543020159e-05,0.0001342162722721696,0.00210742000490427,0.02599814534187317,0.0,0.13963016867637634,0.0002819272340275347,0.05278623104095459,,,,
260,0.04498232901096344,0.000850159875316123,28.744621906022076,1.06584632396698,0.012462896294891834,0.010657358914613724,0.00015945814084261656,2.343928463233169e-05,0.006385244429111481,0.033823154866695404,0.0,0.11135511100292206,5.325514212017879e-05,0.05315585434436798,,,,
261,0.04035458713769913,0.0008490704643269592,28.853374035970774,0.5862413048744202,0.009802074171602726,0.010501640848815441,4.4024385715601966e-05,6.479333387687802e-05,0.002246586140245199,0.016855545341968536,0.0,0.12844638526439667,0.0001873147557489574,0.05353647843003273,,,,
262,0.0454692542552948,0.000847977854893145,28.964243062015157,1.1092078685760498,0.01278243213891983,0.012073708698153496,3.653005842352286e-05,2.1708354324800894e-05,0.0033027310855686665,0.01999495178461075,0.0,0.11275896430015564,0.00010051878052763641,0.05391845852136612,,,,
263,0.051427558064460754,0.0008468820577982946,29.0725679579773,2.1914682388305664,0.012481576763093472,0.012390052899718285,0.00043615870526991785,0.00013024795043747872,0.0047799404710531235,0.02095738612115383,0.0,0.12179163843393326,2.3177221009973437e-05,0.054307129234075546,,,,
264,0.05330662801861763,0.0008457830838574825,29.183294766000472,2.653008222579956,0.01178338285535574,0.010836966335773468,0.0004179299285169691,0.0007778814760968089,0.004260820336639881,0.026018649339675903,0.0,0.09256643056869507,0.00039326518890447915,0.054702550172805786,,,,
265,0.04650000110268593,0.0008446809439171382,29.293840316997375,1.614094614982605,0.01170346885919571,0.011022841557860374,0.00036049768095836043,9.739706729305908e-05,0.006633692886680365,0.013218225911259651,0.0,0.12857186794281006,3.471195304882713e-05,0.055090006440877914,,,,
266,0.04645161330699921,0.0008435756488549379,29.400170771987177,0.7672340273857117,0.010709086433053017,0.011917038820683956,0.00017402469529770315,1.8290444131707773e-05,0.0037158792838454247,0.022186441347002983,0.0,0.14884307980537415,8.323023212142289e-05,0.055474333465099335,,,,
267,0.05174374580383301,0.0008424672095796976,29.507510597992223,1.7204855680465698,0.011920965276658535,0.011670658364892006,6.890078657306731e-05,0.0002691171830520034,0.00674225389957428,0.023023612797260284,0.0,0.19401630759239197,0.0007051317952573299,0.05586450546979904,,,,
268,0.05175460875034332,0.0008413556370312655,29.618285242991988,2.1033167839050293,0.01214695442467928,0.012263070791959763,0.0003548607637640089,5.636812056764029e-05,0.0024846908636391163,0.012517438270151615,0.0,0.18979081511497498,4.7434103180421516e-05,0.05627414211630821,,,,
269,0.048071350902318954,0.0008402409421804138,29.72554906399455,1.2478588819503784,0.011136368848383427,0.01177107822149992,4.7951278247637674e-05,0.000271167722530663,0.005740028340369463,0.03630043566226959,0.0,0.11218120157718658,0.0006188333500176668,0.05669844523072243,,,,
270,0.039871945977211,0.0008391231360287306,29.832497279974632,0.5740658640861511,0.010203740559518337,0.011008682660758495,6.755698996130377e-05,2.3132630303734913e-05,0.0017246496863663197,0.026460252702236176,0.0,0.0766298770904541,0.00012306508142501116,0.05712662264704704,,,,
271,0.04639837518334389,0.0008380022296085116,29.949564392969478,1.363572120666504,0.012391929514706135,0.011169089004397392,0.00036142132012173533,0.0001000174815999344,0.003966658841818571,0.02036900818347931,0.0,0.09485010802745819,1.8601393094286323e-05,0.05754268541932106,,,,
272,0.04740425571799278,0.0008368782339826503,30.06084784597624,1.2529120445251465,0.011531323194503784,0.011747192591428757,6.479339936049655e-05,0.0002103167789755389,0.002369985915720463,0.01982520893216133,0.0,0.14485736191272736,0.000225603420403786,0.05795612186193466,,,,
273,0.04087867587804794,0.00083575116024453,30.184376938967034,0.7302615642547607,0.011982043273746967,0.010584093630313873,5.04527342854999e-05,2.909825707320124e-05,0.0037296898663043976,0.01654735952615738,0.0,0.09995919466018677,3.5371380363358185e-05,0.058383479714393616,,,,
274,0.04259784519672394,0.0008346210195179135,30.29863535898039,0.5397862792015076,0.012127858586609364,0.010770922526717186,8.717548189451918e-05,7.5284747254045215e-06,0.007167292758822441,0.019359849393367767,0.0,0.1120002418756485,2.793757630570326e-05,0.058805011212825775,,,,
275,0.03878291696310043,0.0008334878229568333,30.41082854499109,0.9410218596458435,0.009850417263805866,0.011129003018140793,2.5808014470385388e-05,6.621795182581991e-05,0.004282820038497448,0.018485665321350098,0.0,0.07102221250534058,8.119511767290533e-05,0.05922248587012291,20.10994498427001,28.304767379080108,3.8311207948969335,0.8014672599052185
276,0.04293135553598404,0.0008323515817454821,30.54185012500966,0.6819772720336914,0.010850930586457253,0.009939738549292088,0.00017841072985902429,1.5147415979299694e-05,0.0077192094177007675,0.0328846201300621,0.0,0.12981650233268738,4.048659320687875e-05,0.059629328548908234,,,,
277,0.04491879791021347,0.000831212307098102,30.677278632007074,0.7516136765480042,0.012151074595749378,0.01137060672044754,3.6522520531434566e-05,4.4914115278515965e-05,0.003762447740882635,0.03063460811972618,0.0,0.11370944231748581,0.0002150564978364855,0.06003382429480553,,,,
278,0.04387651011347771,0.0008300700102588737,30.78596964897588,0.9167196154594421,0.011849294416606426,0.01077967043966055,0.00013771670637652278,1.1256519428570755e-05,0.009638328105211258,0.020231027156114578,0.0,0.12430541962385178,0.00019742285076063126,0.060434527695178986,,,,
279,0.03935696557164192,0.000828924702501806,30.90265094296774,1.1037057638168335,0.010924211703240871,0.010141406208276749,3.671824015327729e-05,0.0002007260627578944,0.003930947743356228,0.014850955456495285,0.0,0.06911897659301758,0.0005770744755864143,0.06083562597632408,,,,
280,0.04214763641357422,0.0008277763951306239,31.013603818020783,1.3628482818603516,0.010987678542733192,0.010655691847205162,0.0002713670255616307,4.943809472024441e-05,0.004638167098164558,0.021516775712370872,0.0,0.08029764890670776,0.0001808171800803393,0.061236631125211716,,,,
281,0.04500894993543625,0.0008266250994786576,31.123673468013294,1.183210849761963,0.011176244355738163,0.011443717405200005,3.488967558951117e-05,0.00010620841931086034,0.003932775929570198,0.01510610431432724,0.0,0.1465107649564743,0.00043988716788589954,0.06161954253911972,,,,
282,0.04424325004220009,0.0008254708269087304,31.23634366801707,0.32432234287261963,0.011054925620555878,0.010935220867395401,6.295720231719315e-05,1.215747670357814e-05,0.0020374529995024204,0.026341263204813004,0.0,0.1518166959285736,0.00017788997502066195,0.06201409921050072,,,,
283,0.041748952120542526,0.0008243135888130465,31.34233596298145,0.49235430359840393,0.011798801831901073,0.010436177253723145,9.456334373680875e-05,1.0525992365728598e-05,0.002467181533575058,0.02459118515253067,0.0,0.10538370907306671,0.00011280151375103742,0.062434691935777664,,,,
284,0.04100138321518898,0.0008231533966130789,31.45845047198236,1.0477663278579712,0.011322800070047379,0.010736355558037758,4.7568952140863985e-05,0.00014073871716391295,0.002599102444946766,0.020968638360500336,0.0,0.07615937292575836,0.00022514905140269548,0.06285383552312851,,,,
285,0.04062867909669876,0.0008219902617594562,31.56710808997741,1.1212846040725708,0.011540435254573822,0.010974976234138012,0.00015429346240125597,3.993510836153291e-05,0.004828906152397394,0.014182893559336662,0.0,0.0693548396229744,5.26205803907942e-06,0.06326670944690704,,,,
286,0.037312280386686325,0.0008208241957318497,31.675987098016776,0.7271327376365662,0.010007239878177643,0.010426566004753113,2.4417251552222297e-05,6.621759530389681e-05,0.004279071465134621,0.02150295116007328,0.0,0.0604572594165802,9.477489220444113e-05,0.0636741891503334,,,,
287,0.037218786776065826,0.0008196552100388604,31.784867494017817,0.10126552730798721,0.010612985119223595,0.009273412637412548,5.487730595632456e-05,1.827010783017613e-05,0.0036856711376458406,0.02091347426176071,0.0,0.09847777336835861,6.39190839137882e-05,0.0640680193901062,,,,
288,0.04002309590578079,0.000818483316217905,31.892723062017467,0.6332636475563049,0.011303405277431011,0.009864704683423042,8.290140249300748e-05,1.2148089808761142e-05,0.006328212097287178,0.026338346302509308,0.0,0.09890211373567581,7.996586646186188e-05,0.0644640251994133,,,,
289,0.04081296548247337,0.0008173085258351027,32.00815980497282,1.076166033744812,0.010245275683701038,0.010844198986887932,3.371835919097066e-05,0.00011561776045709848,0.0030313911847770214,0.01455403957515955,0.0,0.107149139046669,0.00035664148163050413,0.0648607686161995,,,,
290,0.04203498736023903,0.0008161308504851601,32.113113945990335,1.3347508907318115,0.009900608099997044,0.010180799290537834,0.00020994505030103028,4.8859579692361876e-05,0.004667327739298344,0.030992161482572556,0.0,0.11390212178230286,9.179857443086803e-05,0.06524752080440521,,,,
291,0.04086567461490631,0.0008149503017912574,32.22297402797267,1.5178722143173218,0.01047135703265667,0.010804109275341034,3.803582148975693e-05,0.00015080685261636972,0.0038757072761654854,0.007096525281667709,0.0,0.10583186894655228,0.0006369998445734382,0.06564129143953323,,,,
292,0.04633933678269386,0.0008137668914049339,32.33693311497336,1.8093056678771973,0.010835881344974041,0.01145489513874054,0.00024144082271959633,5.4071599151939154e-05,0.004694468807429075,0.022889895364642143,0.0,0.14017845690250397,3.98841621063184e-05,0.06602496653795242,,,,
293,0.04515150561928749,0.0008125806310059719,32.442880788992625,1.7047123908996582,0.010738658718764782,0.010935192927718163,0.000133317822474055,0.0002947673783637583,0.003980104811489582,0.017251048237085342,0.0,0.11888478696346283,0.0003268226282671094,0.06643827259540558,,,,
294,0.03978774696588516,0.000811391532302283,32.550985591020435,1.085595726966858,0.011116988025605679,0.010490959510207176,0.00024332308385055512,5.689185854862444e-05,0.0051378486678004265,0.010310321114957333,0.0,0.06619645655155182,2.2088244804763235e-05,0.066853366792202,,,,
295,0.037703435868024826,0.0008101996070297912,32.66115079197334,0.4325355589389801,0.010624272748827934,0.010003108531236649,8.614695252617821e-05,4.2206343096040655e-06,0.005000473465770483,0.010903325863182545,0.0,0.09485390782356262,1.8968166841659695e-05,0.06725046038627625,,,,
296,0.04365422949194908,0.0008090048669523178,32.7694294580142,1.2598925828933716,0.010798373259603977,0.009995520114898682,8.154171518981457e-05,0.0002606610069051385,0.007804130204021931,0.02094246819615364,0.0,0.1323985457420349,0.0002707547682803124,0.06765567511320114,,,,
297,0.036552779376506805,0.0008078073238614648,32.87954199401429,0.8021843433380127,0.010973014868795872,0.009232527576386929,0.00013455584121402353,7.75113767303992e-06,0.005215016193687916,0.01905376836657524,0.0,0.06833944469690323,4.044270463055e-05,0.06809793412685394,,,,
298,0.0389074943959713,0.0008066069895764995,32.998200521979015,0.6872910261154175,0.010325361043214798,0.011159459128975868,5.512181087397039e-05,2.7363070330466144e-05,0.004549616947770119,0.009796477854251862,0.0,0.08090098202228546,0.00011765225644921884,0.0685371458530426,,,,
299,0.04000609368085861,0.0008054038759442362,33.10891632497078,0.2565095126628876,0.010965556837618351,0.010317839682102203,7.342275785049424e-05,2.177077840315178e-05,0.002944109495729208,0.02278006449341774,0.0,0.09759105741977692,7.917868788354099e-05,0.06898127496242523,,,,
300,0.040116630494594574,0.000804197994838921,33.22756183997262,0.5159037113189697,0.01101749762892723,0.00921073742210865,7.295121031347662e-05,2.119123200827744e-05,0.0022785791661590338,0.029059477150440216,0.0,0.12866979837417603,0.00021343966363929212,0.06942381709814072,19.25278228897725,27.093587646956504,1.9024724955340735,3.306677895431035
301,0.03775738552212715,0.0008029893581621136,33.36023181601195,0.8014617562294006,0.010819484479725361,0.00971507653594017,2.457328446325846e-05,0.00012792684719897807,0.003793900366872549,0.021658357232809067,0.0,0.05841876193881035,0.0006364047294482589,0.06987130641937256,,,,
302,0.03827420994639397,0.00080177797784257,33.49419223697623,1.4207340478897095,0.010061031207442284,0.009410741738975048,0.0002241047623101622,4.748743594973348e-05,0.0038372755516320467,0.010791271924972534,0.0,0.10318344086408615,0.00017530142213217914,0.07030607759952545,,,,
303,0.04587121680378914,0.0008005638658361248,33.600096277019475,2.2148642539978027,0.010168197564780712,0.01119210571050644,0.00010967753769364208,0.00029940606327727437,0.004096117801964283,0.022374536842107773,0.0,0.11777450889348984,0.0008262506453320384,0.07073508948087692,,,,
304,0.049754951149225235,0.0007993470341255734,33.70589395798743,3.202793598175049,0.011037332005798817,0.011925066821277142,0.0006647994741797447,0.00043019314762204885,0.004010312259197235,0.010316949337720871,0.0,0.05159107223153114,3.461039159446955e-05,0.0711832195520401,,,,
305,0.058775823563337326,0.0007981274947205537,33.81580977101112,4.206337928771973,0.011183354072272778,0.012243775650858879,0.0007852005655877292,0.0010323580354452133,0.006586868781596422,0.015063430182635784,0.0,0.05204073339700699,0.00042000465327873826,0.07160213589668274,,,,
306,0.06009822338819504,0.000796905259657427,33.92968735296745,4.349913120269775,0.012261094525456429,0.011633269488811493,0.0010294712847098708,0.000713355140760541,0.0030991225503385067,0.015371380373835564,0.0,0.10124082863330841,0.00031619719811715186,0.07199515402317047,,,,
307,0.05281202867627144,0.0007956803409991601,34.03839291998884,3.2590086460113525,0.011216134764254093,0.01295715942978859,0.00028323254082351923,0.0004988232394680381,0.00433680834248662,0.025072723627090454,0.0,0.09091214835643768,0.0005188971408642828,0.07239797711372375,,,,
308,0.03793443739414215,0.0007944527508352057,34.147700059984345,0.7706811428070068,0.010938293300569057,0.009863317012786865,0.00012016639084322378,1.7335678421659395e-05,0.002724600490182638,0.014488589949905872,0.0,0.08326186239719391,7.350949454121292e-05,0.07279728353023529,,,,
309,0.03999022766947746,0.0007932225012813829,34.25729214597959,1.7892875671386719,0.0107862064614892,0.01047015842050314,0.0002786138793453574,6.062922329874709e-05,0.005007896572351456,0.007555467076599598,0.0,0.07478265464305878,5.299926488078199e-05,0.07319769263267517,,,,
310,0.04959153011441231,0.0007919896044797583,34.36245332000544,2.803290843963623,0.009569358080625534,0.009858398698270321,0.0002723994548432529,0.0006715334020555019,0.004427438136190176,0.024002326652407646,0.0,0.12425773590803146,0.001957949949428439,0.07360489666461945,,,,
311,0.04238598048686981,0.0007907540725985256,34.47201441199286,1.648221492767334,0.01095854863524437,0.0093418313190341,0.00036904041189700365,0.00011358322080923244,0.0066240523010492325,0.016273941844701767,0.0,0.11526468396186829,0.0001216758246300742,0.07402568310499191,,,,
312,0.03602612763643265,0.0007895159178318857,34.58201796899084,1.0159491300582886,0.010377309285104275,0.009380633011460304,0.0002114407834596932,4.2731269786600024e-05,0.00450069410726428,0.011701440438628197,0.0,0.05560741573572159,9.581870108377188e-05,0.07446535676717758,,,,
313,0.04717755690217018,0.000788275152399926,34.69091408298118,2.4536051750183105,0.01081928238272667,0.010734657756984234,0.000186647055670619,0.0004488921840675175,0.0026430105790495872,0.02342579886317253,0.0,0.1072307676076889,0.0006223998498171568,0.0749000757932663,,,,
314,0.046541113406419754,0.0007870317885485008,34.79820801096503,2.553905963897705,0.010804758407175541,0.012511348351836205,0.0002485759905539453,6.812728679506108e-05,0.0032935505732893944,0.009592762216925621,0.0,0.12555748224258423,6.94494738127105e-05,0.07534757256507874,,,,
315,0.03929724171757698,0.000785785838549109,34.90669714700198,0.8083401918411255,0.011161616072058678,0.009663221426308155,3.677678250824101e-05,7.05062338965945e-05,0.004663477651774883,0.020451955497264862,0.0,0.10558579117059708,0.00010287686018273234,0.07581163197755814,,,,
316,0.04006950557231903,0.0007845373146987742,35.01201939897146,1.5249437093734741,0.010931963101029396,0.011283705942332745,2.6579909899737686e-05,5.6079366913763806e-05,0.0036156978458166122,0.018555937334895134,0.0,0.06978051364421844,0.0001418501342413947,0.07628186047077179,,,,
317,0.04469647258520126,0.0007832862293199228,35.12649848498404,2.0622501373291016,0.010267101228237152,0.009986095130443573,0.0004145672428421676,0.0001821953774197027,0.005403237417340279,0.024864738807082176,0.0,0.11207596957683563,5.2389259508345276e-05,0.07673134654760361,,,,
318,0.03850075975060463,0.0007820325947602623,35.24442211596761,0.9973357915878296,0.011162557639181614,0.009612742811441422,4.8953523219097406e-05,0.00016035611042752862,0.0068725221790373325,0.027601290494203568,0.0,0.05347828567028046,0.0001647762255743146,0.07718110084533691,,,,
319,0.03805023804306984,0.0007807764233926599,35.35124185500899,1.0860778093338013,0.010226971469819546,0.008734190836548805,4.08388877985999e-05,0.00019785795302595943,0.004827242344617844,0.023338843137025833,0.0,0.10029760748147964,0.000300190964480862,0.0775986835360527,,,,
320,0.03983446955680847,0.0007795177276150196,35.460873339965474,1.6414408683776855,0.009776958264410496,0.00908169150352478,0.00035500526428222656,8.322816574946046e-05,0.006827834062278271,0.026314495131373405,0.0,0.08753669261932373,8.409007568843663e-05,0.07802805304527283,,,,
321,0.03723384439945221,0.0007782565198501609,35.56848799396539,1.1217011213302612,0.010322969406843185,0.010771624743938446,4.0336693928111345e-05,3.8517810025950894e-05,0.008297659456729889,0.02226499281823635,0.0,0.033262357115745544,0.00019613115000538528,0.07845006138086319,,,,
322,0.03565354645252228,0.000776992812545695,35.67536336899502,0.5102044939994812,0.010241053067147732,0.008625566028058529,4.035290839965455e-05,7.862538768677041e-05,0.0034571397118270397,0.022949442267417908,0.0,0.07169021666049957,0.0008404275868088007,0.07883838564157486,,,,
323,0.03612230345606804,0.0007757266181739029,35.780000302998815,1.2435393333435059,0.00982054602354765,0.009480107575654984,0.00015211320715025067,4.488767444854602e-06,0.006477664690464735,0.012234806083142757,0.0,0.07588022947311401,0.00035491870949044824,0.07922553271055222,,,,
324,0.03351754695177078,0.0007744579492316118,35.88656575902132,1.0111321210861206,0.009995647706091404,0.008575592190027237,3.957740409532562e-05,0.00011572465155040845,0.004017329774796963,0.010976108722388744,0.0,0.05804896727204323,0.0005371463485062122,0.07962599396705627,,,,
325,0.030198024585843086,0.000773186818240072,35.99571707699215,0.4379104971885681,0.00891710165888071,0.008783471770584583,7.317328709177673e-05,5.474217687151395e-06,0.0040266006253659725,0.008806142024695873,0.0,0.033703673630952835,8.035208884393796e-05,0.080025315284729,19.07838641608732,26.894647392711896,2.944514713818895,0.7905879518908937
326,0.032943353056907654,0.0007719132377448333,36.12782817496918,0.7715587615966797,0.010602095164358616,0.008892122656106949,7.267942419275641e-05,1.0822166586876847e-05,0.002781182061880827,0.009222116321325302,0.0,0.05023004114627838,6.882769230287522e-05,0.08039696514606476,,,,
327,0.038233526051044464,0.000770637220315621,36.23794734699186,1.2081489562988281,0.010666019283235073,0.010296594351530075,6.6358559706714e-05,0.00014658799045719206,0.0029458513017743826,0.017682701349258423,0.0,0.054269418120384216,0.00013505408423952758,0.08076568692922592,,,,
328,0.03940213844180107,0.000769358778546212,36.34211712097749,0.8565799593925476,0.011262884363532066,0.010034126229584217,8.682123007019982e-05,3.3010503102559596e-05,0.004398691467940807,0.007138511165976524,0.0,0.1153179183602333,9.187000978272408e-05,0.08113361150026321,,,,
329,0.03515012562274933,0.0007680779250543103,36.44985904498026,0.2662327289581299,0.01072231587022543,0.010041741654276848,3.5477758501656353e-05,7.917558832559735e-06,0.00414247065782547,0.010325741022825241,0.0,0.05053989589214325,6.214508903212845e-05,0.08153396844863892,,,,
330,0.033648598939180374,0.0007667946724814228,36.593947657966055,0.944245457649231,0.009447799995541573,0.00937565229833126,3.111024125246331e-05,7.041157368803397e-05,0.002275560749694705,0.015010065399110317,0.0,0.048443280160427094,0.00031540694180876017,0.08192329853773117,,,,
331,0.03607241436839104,0.0007655090334927343,36.70999236201169,1.2451927661895752,0.009660758078098297,0.010083649307489395,0.00013310971553437412,3.333452332299203e-05,0.004471900872886181,0.013790776953101158,0.0,0.057345978915691376,2.763173688435927e-05,0.0823124572634697,,,,
332,0.033853668719530106,0.0007642210207769827,36.81939934298862,0.8229546546936035,0.008782563731074333,0.009122379124164581,2.7975596822216175e-05,0.00010382348409621045,0.0032004385720938444,0.01625565066933632,0.0,0.05698609724640846,0.0007907642284408212,0.08270144462585449,,,,
333,0.03180559724569321,0.0007629306470463337,36.92642745701596,0.29472529888153076,0.009399883449077606,0.008852462284266949,3.0184091883711517e-05,2.3224645701702684e-05,0.0013398557202890515,0.02131742425262928,0.0,0.029809627681970596,0.00039438813109882176,0.0830957442522049,,,,
334,0.03543213754892349,0.0007616379250362545,37.03738717798842,0.9408637285232544,0.010239903815090656,0.00877184048295021,0.00015696324408054352,3.869337524520233e-05,0.0025895959697663784,0.006129637360572815,0.0,0.09298714995384216,0.00021672638831660151,0.08346177637577057,,,,
335,0.03377297893166542,0.00076034286750539,37.148285097966436,0.6616767048835754,0.008696150034666061,0.008260341361165047,2.2451835320680402e-05,6.640182982664555e-05,0.002290862612426281,0.013812359422445297,0.0,0.10887892544269562,0.0006440466968342662,0.08383800089359283,,,,
336,0.03605516627430916,0.0007590454872354349,37.25698053900851,0.3442521095275879,0.009987065568566322,0.00919908843934536,3.165190719300881e-05,2.2533982701133937e-05,0.006656326353549957,0.01964396797120571,0.0,0.08935965597629547,0.00027864507865160704,0.08422613888978958,,,,
337,0.03658764064311981,0.0007577457970310089,37.382278617005795,0.42600005865097046,0.009567058645188808,0.009556079283356667,7.828762318240479e-05,7.096811714291107e-06,0.004122189246118069,0.012934409081935883,0.0,0.10766690969467163,8.70616568136029e-05,0.08462350070476532,,,,
338,0.0342014841735363,0.0007564438097195293,37.49509278300684,0.7761546969413757,0.009754338301718235,0.008786825463175774,2.73090809059795e-05,6.396244862116873e-05,0.004790198989212513,0.024034151807427406,0.0,0.05486106127500534,0.0004897554172202945,0.08504460006952286,,,,
339,0.034225959330797195,0.0007551395381510855,37.6066757980152,1.0713146924972534,0.009678052738308907,0.008880614303052425,0.00013704846787732095,2.1695745090255514e-05,0.0061353957280516624,0.009109633043408394,0.0,0.07703749090433121,4.417542368173599e-05,0.08545614778995514,,,,
340,0.0353364571928978,0.0007538329951983111,37.716415811970364,1.1548041105270386,0.008852583356201649,0.009558182209730148,4.522510425886139e-05,0.00014667250798083842,0.006639854516834021,0.027574168518185616,0.0,0.04132070019841194,0.0002072168281301856,0.08587651699781418,,,,
341,0.035931333899497986,0.0007525241937562579,37.8288806710043,0.9622150659561157,0.009847752749919891,0.00942745991051197,0.00012069096555933356,1.164444529422326e-05,0.007834738120436668,0.029219048097729683,0.0,0.04871924966573715,6.942038453416899e-05,0.08628278970718384,,,,
342,0.03300667926669121,0.0007512131467422675,37.93478310096543,0.7735230922698975,0.009107747115194798,0.009764116257429123,2.0717858205898665e-05,5.177810089662671e-05,0.0035630729980766773,0.01752362586557865,0.0,0.028144318610429764,0.00022133599850349128,0.08667372912168503,,,,
343,0.03156225010752678,0.0007498998670958446,38.04673408198869,0.5033459067344666,0.009025316685438156,0.008765436708927155,8.4717343270313e-05,5.543588486034423e-06,0.010473917238414288,0.006422201171517372,0.0,0.05531017482280731,8.498473471263424e-05,0.08704305440187454,,,,
344,0.03211243450641632,0.0007485843677785294,38.157237439008895,0.5524803400039673,0.009883287362754345,0.008891411125659943,2.287125971633941e-05,6.686433334834874e-05,0.003992045298218727,0.012375989928841591,0.0,0.03160100802779198,0.00044429220724850893,0.08742048591375351,,,,
345,0.035048115998506546,0.0007472666617737688,38.27056096098386,0.5691344738006592,0.009861478582024574,0.009128913283348083,7.652601198060438e-05,6.255127118492965e-06,0.003951298072934151,0.020949548110365868,0.0,0.06781982630491257,0.0003297086514066905,0.0877823457121849,,,,
346,0.03409272059798241,0.0007459467620867891,38.381454593967646,0.5762792229652405,0.009710882790386677,0.008116789162158966,8.377476660825778e-06,5.1723120122915134e-05,0.004274113103747368,0.023991316556930542,0.0,0.08616971224546432,0.0005377845955081284,0.08815062046051025,,,,
347,0.031031642109155655,0.0007446246817444675,38.489637209975626,0.6685076951980591,0.008698238991200924,0.008527757599949837,9.503413457423449e-05,1.3195392966736108e-05,0.002558903768658638,0.0121193528175354,0.0,0.05202209949493408,0.00016607128782197833,0.08853384852409363,,,,
348,0.033007800579071045,0.0007433004337952032,38.598324421967845,0.9964855909347534,0.00920451432466507,0.009041297249495983,1.8154036297346465e-05,5.470544783747755e-05,0.003297708462923765,0.01478859968483448,0.0,0.05707533657550812,0.0004056695324834436,0.08891507238149643,,,,
349,0.03409795090556145,0.0007419740313087886,38.70893722400069,1.8567862510681152,0.008976968936622143,0.008213946595788002,0.00015453492233064026,6.838147237431258e-05,0.00718594528734684,0.03201914206147194,0.0,0.048868708312511444,0.000369985937140882,0.08929084241390228,,,,
350,0.042450666427612305,0.0007406454873762811,38.82171099196421,3.348024845123291,0.008898924104869366,0.008602781221270561,0.00037614378379657865,0.000521959678735584,0.007322787307202816,0.019976524636149406,0.0,0.07980827242136002,0.0009212689474225044,0.08966968208551407,20.930450090575288,27.664212912210633,10.976511603307035,10.061501125303073
351,0.0669393390417099,0.0007393148151098729,38.95144108799286,5.974599361419678,0.010423090308904648,0.00957927294075489,0.001487600151449442,0.001441347412765026,0.0058342148549854755,0.023227309808135033,0.0,0.09976926445960999,0.00037527066888287663,0.09004761278629303,,,,
352,0.059026606380939484,0.0007379820276427619,39.06339747400489,5.3461408615112305,0.011228252202272415,0.01245228759944439,0.0007515344768762589,0.0009999999310821295,0.004634283483028412,0.008717360906302929,0.0,0.06338289380073547,0.0010154133196920156,0.09042404592037201,,,,
353,0.038225866854190826,0.0007366471381290221,39.17549831198994,3.0972933769226074,0.008981001563370228,0.007886279374361038,0.000519168097525835,0.00035108215524815023,0.005266054067760706,0.01693880558013916,0.0,0.0494733601808548,0.00024815998040139675,0.09079264104366302,,,,
354,0.033601973205804825,0.0007353101597434746,39.2784257470048,0.9009137153625488,0.010189823806285858,0.008100420236587524,5.1943927246611565e-05,9.577903256285936e-05,0.004568362608551979,0.016442440450191498,0.0,0.06622350960969925,0.0004590825119521469,0.09115967899560928,,,,
355,0.03217853233218193,0.0007339711056815561,39.38970932899974,1.4549319744110107,0.008200256153941154,0.00814496073871851,8.696255827089772e-05,0.00019104761304333806,0.007867611013352871,0.008082138374447823,0.0,0.06678619235754013,0.0002758105401881039,0.09153611958026886,,,,
356,0.03750365227460861,0.0007326299891591895,39.50472476996947,2.943110942840576,0.0088743194937706,0.00840027816593647,0.0005181215819902718,0.00029370287666097283,0.005071974825114012,0.004255085252225399,0.0,0.055618129670619965,0.00015858610277064145,0.09192894399166107,,,,
357,0.04530807584524155,0.0007312868234126536,39.612082952982746,3.4277303218841553,0.009729000739753246,0.01095861941576004,0.00019522607908584177,0.00047186436131596565,0.002357080578804016,0.023405013605952263,0.0,0.06415564566850662,0.0012324603740125895,0.09233535826206207,,,,
358,0.03538591042160988,0.000729941621698452,39.71969368000282,2.283396005630493,0.00977556686848402,0.008246203884482384,0.00040114991134032607,0.00013790716184303164,0.005312092136591673,0.01590006984770298,0.0,0.03432341292500496,6.28348789177835e-05,0.09274674206972122,,,,
359,0.03101685456931591,0.0007285943972931825,39.843748788989615,0.43007734417915344,0.00967232696712017,0.007711295038461685,2.1280464352457784e-05,7.034037116682157e-05,0.006770357023924589,0.01595693826675415,0.0,0.05630239471793175,0.00016324809985235333,0.09314914047718048,,,,
360,0.03401070460677147,0.0007272451634934059,39.94945415802067,1.8824974298477173,0.008984333835542202,0.007727641612291336,7.805383938830346e-05,0.0003356701345182955,0.005170413292944431,0.02231154963374138,0.0,0.03878004103899002,0.0009116224246099591,0.09354773908853531,,,,
361,0.036635395139455795,0.0007258939336155157,40.06856041098945,2.8598484992980957,0.009580128826200962,0.008371410891413689,0.0005529336049221456,0.000288144190562889,0.0034947176463901997,0.0047102454118430614,0.0,0.021837392821907997,7.008053216850385e-05,0.09395479410886765,,,,
362,0.03490358591079712,0.0007245407209956044,40.1791803209926,2.122462511062622,0.009854938834905624,0.009255718439817429,6.444212340284139e-05,0.0002162280143238604,0.0043567162938416,0.01267208717763424,0.0,0.040872711688280106,0.00010749898501671851,0.09432757645845413,,,,
363,0.0321991927921772,0.0007231855389893349,40.28605915600201,0.26771974563598633,0.009370064362883568,0.008493553847074509,3.572337300283834e-05,1.7445345292799175e-05,0.004872442688792944,0.01428500097244978,0.0,0.07010527700185776,3.8252092053880915e-05,0.09469816833734512,,,,
364,0.030185792595148087,0.0007218284009718065,40.39391586900456,1.4055054187774658,0.009235686622560024,0.007722609676420689,0.00013514237070921808,2.690215114853345e-05,0.002804230432957411,0.013416503556072712,0.0,0.04367354139685631,0.00012383313151076436,0.09507066011428833,,,,
365,0.03488338738679886,0.0007204693203374231,40.50150084600318,1.9729293584823608,0.00897141546010971,0.008432598784565926,0.00010640097025316209,0.00023290763783734292,0.0037115851882845163,0.022678423672914505,0.0,0.04917500913143158,0.0006460828008130193,0.09543150663375854,,,,
366,0.031926438212394714,0.0007191083104997624,40.60672990902094,1.3485171794891357,0.009092239663004875,0.008449554443359375,0.00019851975957863033,6.979417230468243e-05,0.007812699303030968,0.008583330549299717,0.0,0.03642388805747032,8.59993597259745e-05,0.09578831493854523,,,,
367,0.03280927613377571,0.0007177453848914415,40.71199836698361,0.4415847361087799,0.008915029466152191,0.008131577633321285,5.6980730732902884e-05,7.020626981102396e-06,0.0045675658620893955,0.03281332924962044,0.0,0.06552786380052567,0.00010884735092986375,0.09612805396318436,,,,
368,0.0331040695309639,0.0007163805569639864,40.819924890005495,2.292611598968506,0.008301811292767525,0.007594313472509384,0.00012401076673995703,0.00029651186196133494,0.003926298581063747,0.0227026529610157,0.0,0.027924388647079468,0.001449142349883914,0.09646423906087875,,,,
369,0.03895927593111992,0.0007150138401876973,40.92824707296677,3.2979788780212402,0.009738692082464695,0.008202063851058483,0.0004979504155926406,0.0002667781664058566,0.006742558907717466,0.014030404388904572,0.0,0.06624026596546173,2.0195348042761907e-05,0.09679033607244492,,,,
370,0.03811931982636452,0.0007136452480515175,41.03460005897796,2.876094102859497,0.008921585977077484,0.009999390691518784,0.0001463085354771465,0.0003133241552859545,0.0029062326066195965,0.018734194338321686,0.0,0.031962499022483826,0.0008886562427505851,0.0971163809299469,,,,
371,0.030420009046792984,0.0007122747940628984,41.14118617901113,1.1498243808746338,0.008591746911406517,0.00751749612390995,0.00013286048488225788,4.271584839443676e-05,0.005524638574570417,0.020603768527507782,0.0,0.049179524183273315,0.00014449271839112043,0.09742988646030426,,,,
372,0.030488571152091026,0.0007109024917476679,41.24916198698338,1.1131893396377563,0.009830736555159092,0.007349948398768902,9.494271944276989e-05,2.02742430701619e-05,0.006139467936009169,0.022049374878406525,0.0,0.04098530858755112,0.00014683925837744027,0.09775044769048691,,,,
373,0.035956352949142456,0.0007095283546498957,41.35335764201591,2.7514290809631348,0.009402940981090069,0.00818614661693573,0.00021702118101529777,0.0004165532882325351,0.003148186020553112,0.01234748587012291,0.0,0.037327129393815994,0.0004887974937446415,0.09806197881698608,,,,
374,0.03778427094221115,0.00070815239633176,41.460015061020385,3.1145026683807373,0.008861716836690903,0.008138282224535942,0.0004611517651937902,0.00027442723512649536,0.006240427494049072,0.028989221900701523,0.0,0.03402639552950859,0.00027957939892075956,0.09835606813430786,,,,
375,0.03132164105772972,0.0007067746303734145,41.56619313597912,1.8749526739120483,0.008303116075694561,0.008156098425388336,6.579427281394601e-05,0.00014513375936076045,0.007796477526426315,0.01874144747853279,0.0,0.0407535694539547,0.0001967583375517279,0.09864160418510437,17.120833742525583,24.153304764716804,1.8117020787753442,1.5637345107109184
376,0.026211310178041458,0.0007053950703728524,41.70133661600994,0.5231717228889465,0.008119180798530579,0.007310881279408932,1.6071204299805686e-05,2.3062331820256077e-05,0.004573398735374212,0.005103224888443947,0.0,0.04001101106405258,0.00024057140399236232,0.09891675412654877,,,,
377,0.034695468842983246,0.0007040137299457742,41.808578941971064,2.2075443267822266,0.008552225306630135,0.008354360237717628,0.0002652421535458416,0.00010348427895223722,0.006502300966531038,0.010955877602100372,0.0,0.07205948233604431,0.0006243858952075243,0.09919830411672592,,,,
378,0.033522266894578934,0.000702630622725452,41.91569342598086,2.6430909633636475,0.00848496612161398,0.0072984094731509686,0.00018327466386836022,0.00038775173015892506,0.01173478178679943,0.014664148911833763,0.0,0.03028724528849125,0.0010631962213665247,0.09950250387191772,,,,
379,0.031941968947649,0.0007012457623625962,42.02342466101982,1.884881854057312,0.008686165325343609,0.007629130035638809,0.00022217130754143,0.00010372319957241416,0.004667955916374922,0.013448024168610573,0.0,0.058373309671878815,0.00014194741379469633,0.09978608787059784,,,,
380,0.02667950466275215,0.0006998591625252189,42.13118770800065,0.18476946651935577,0.008296122774481773,0.0072362544015049934,1.9658113160403445e-05,1.0683058462745976e-05,0.009492638520896435,0.010514996945858002,0.0,0.03825966641306877,6.826536264270544e-05,0.10007911920547485,,,,
381,0.03392113000154495,0.0006984708368985012,42.24021340999752,2.2640857696533203,0.008896608836948872,0.008970165625214577,8.24369490146637e-05,0.00016314079402945936,0.006050205323845148,0.01269998587667942,0.0,0.046110495924949646,0.0006499952869489789,0.1003822535276413,,,,
382,0.04700740799307823,0.0006970807991846562,42.35171537101269,4.505841255187988,0.009770859032869339,0.01073166262358427,0.0006267847493290901,0.0003799086844082922,0.005853651091456413,0.010170795023441315,0.0,0.07171741127967834,0.0007099749054759741,0.10068221390247345,,,,
383,0.05724886804819107,0.000695689063102795,42.47232600400457,5.478633880615234,0.009311046451330185,0.009740288369357586,0.0008268323726952076,0.0012931973906233907,0.005899951793253422,0.018627192825078964,0.0,0.07082042098045349,0.0014572164509445429,0.10098990052938461,,,,
384,0.03265728801488876,0.000694295642388791,42.57846213399898,2.1019797325134277,0.009023732505738735,0.0073347571305930614,0.0003427589253988117,0.00013448524987325072,0.008999438025057316,0.009691680781543255,0.0,0.04972546920180321,0.0001848734391387552,0.10131201148033142,,,,
385,0.03278084844350815,0.0006929005507951441,42.68868149997434,2.2041001319885254,0.009286783635616302,0.00700981542468071,0.00038303463952615857,0.0001648033212404698,0.005768800154328346,0.014393024146556854,0.0,0.03868035972118378,0.00023265696654561907,0.10163707286119461,,,,
386,0.04273882508277893,0.0006915038020908449,42.796848892001435,4.254052639007568,0.008495806716382504,0.007320070173591375,0.0004343546461313963,0.0009278655052185059,0.010214462876319885,0.026672963052988052,0.0,0.016033822670578957,0.001899008871987462,0.10196082293987274,,,,
387,0.03717022016644478,0.0006901054100612394,42.901716723979916,3.300999879837036,0.008407291024923325,0.009153781458735466,0.00039412680780515075,0.0002104629238601774,0.005116940010339022,0.017706559970974922,0.0,0.03881651908159256,0.0003398772969376296,0.10226739943027496,,,,
388,0.028232162818312645,0.0006887053885078925,43.01093340298394,0.4087904095649719,0.008442262187600136,0.00734740449115634,3.4356336982455105e-05,1.2891417100036051e-05,0.005848940461874008,0.01551218330860138,0.0,0.0514364019036293,0.00010456263407832012,0.10256893932819366,,,,
389,0.033865202218294144,0.0006873037512484514,43.12847855401924,2.2637712955474854,0.008761205710470676,0.007452413439750671,0.00013043545186519623,0.0002481403644196689,0.007097573019564152,0.02202444151043892,0.0,0.06610331684350967,0.0004480358911678195,0.10288561135530472,,,,
390,0.03157706931233406,0.0006859005121165104,43.235125886974856,2.37967586517334,0.008231217041611671,0.007084198296070099,0.00031514125294052064,0.00015321736282203346,0.006382050924003124,0.009779354557394981,0.0,0.05620469152927399,0.0002833949401974678,0.10320153832435608,,,,
391,0.031087789684534073,0.0006844956849614727,43.344038042007014,0.9053002595901489,0.00936132948845625,0.007972713559865952,2.636717545101419e-05,5.658894224325195e-05,0.008491439744830132,0.01276839803904295,0.0,0.05806155502796173,0.000243454342125915,0.1035253182053566,,,,
392,0.0294270608574152,0.0006830892836484155,43.452016655006446,1.036608099937439,0.008205577731132507,0.006778445094823837,2.445031532261055e-05,0.00011597562115639448,0.0052419304847717285,0.029762353748083115,0.0,0.0456574484705925,0.0006352803320623934,0.10384837538003922,,,,
393,0.0321507565677166,0.000681681322057952,43.554644552001264,1.8114702701568604,0.00845368392765522,0.008028747513890266,0.00020606486941687763,4.9592134018894285e-05,0.006662294268608093,0.014448167756199837,0.0,0.062348246574401855,8.349629933945835e-05,0.10416515916585922,,,,
394,0.027405336499214172,0.0006802718140860947,43.67203651601449,0.9430842995643616,0.008034110069274902,0.007076705805957317,1.2122822226956487e-05,6.284998380579054e-05,0.0039452300406992435,0.010572604835033417,0.0,0.05966903641819954,0.00012561361654661596,0.10450092703104019,,,,
395,0.031238526105880737,0.0006788607736441179,43.78070420201402,0.9777723550796509,0.008763196878135204,0.007658892776817083,1.1242582331760786e-05,6.296875653788447e-05,0.007554218638688326,0.0182584710419178,0.0,0.07542715221643448,0.00033567260834388435,0.10484278947114944,,,,
396,0.03171924129128456,0.0006774482146584213,43.891487932007294,2.091581344604492,0.008331206627190113,0.007739146705716848,0.00025918905157595873,7.057683251332492e-05,0.006026954390108585,0.025290144607424736,0.0,0.031622499227523804,9.53945200308226e-05,0.10520253330469131,,,,
397,0.03171905502676964,0.0006760341510703923,44.010478909011,1.6962014436721802,0.008815894834697247,0.007964042946696281,5.408097058534622e-05,0.00020987261086702347,0.004054078832268715,0.020926620811223984,0.0,0.025485191494226456,0.0006603719084523618,0.10554058849811554,,,,
398,0.026134179905056953,0.0006746185968362667,44.13097977801226,0.12250961363315582,0.007923074066638947,0.007446696981787682,3.182393265888095e-05,1.1700938557623886e-05,0.006786326412111521,0.010989474132657051,0.0,0.022090468555688858,0.00023382302606478333,0.10585498064756393,,,,
399,0.027162151411175728,0.0006732015659269941,44.247724217013456,1.704658031463623,0.007973991334438324,0.006977464072406292,0.0001935084001161158,6.419751298381016e-05,0.006430568173527718,0.013834398239850998,0.0,0.0159158855676651,4.9261208914685994e-05,0.10614871233701706,,,,
400,0.030126595869660378,0.000671783072328097,44.3695433550165,2.1665470600128174,0.008464104495942593,0.007271863520145416,9.21014798223041e-05,0.00021938099234830588,0.004464881494641304,0.01281745545566082,0.0,0.02115003950893879,0.001335027045570314,0.10642044246196747,17.811731624862407,25.076976863491776,3.169250587264708,1.1302421844069896
401,0.03005589172244072,0.0006703631300395349,44.51099434198113,1.1651911735534668,0.008704040199518204,0.007915832102298737,7.9206089139916e-05,1.9491028069751337e-05,0.009471772238612175,0.012024398893117905,0.0,0.05305695906281471,9.766880248207599e-05,0.10667010396718979,,,,
402,0.02809571847319603,0.0006689417530755646,44.628354934975505,0.23203392326831818,0.008044889196753502,0.007430612109601498,3.196519537596032e-05,5.627150585496565e-06,0.009234145283699036,0.013406512327492237,0.0,0.037591226398944855,0.0010248407488688827,0.10691942274570465,,,,
403,0.025076277554035187,0.0006675189554646032,44.746545285976026,0.5547117590904236,0.007772757206112146,0.006893586367368698,2.7137954020872712e-05,3.211540752090514e-05,0.00610535591840744,0.013124758377671242,0.0,0.011667015962302685,0.0006155529990792274,0.10716966539621353,,,,
404,0.026060571894049644,0.0006660947512490885,44.863234894990455,0.6171171069145203,0.00845363736152649,0.006755568087100983,2.1197098249103874e-05,1.1441613423812669e-05,0.004212918691337109,0.01067550852894783,0.0,0.04387344419956207,0.00019014862482436,0.10739269107580185,,,,
405,0.024445904418826103,0.0006646691544853414,44.97872480697697,0.48815885186195374,0.00752100208774209,0.006952411495149136,1.420209082425572e-05,9.814149052544963e-06,0.006660953164100647,0.0137370266020298,0.0,0.013490257784724236,0.00029103277483955026,0.10762221366167068,,,,
406,0.026756526902318,0.0006632421792434262,45.099369991978165,0.1589476466178894,0.008487178944051266,0.006691162474453449,2.208492333011236e-05,9.337019946542569e-06,0.0092704389244318,0.012637084349989891,0.0,0.04717261344194412,0.0003791053604800254,0.10783756524324417,,,,
407,0.026194928213953972,0.0006618138396070123,45.21833055099705,0.35063424706459045,0.007396669592708349,0.007267276756465435,1.1535823432495818e-05,8.644285117043182e-06,0.004450883716344833,0.0141341183334589,0.0,0.03752409294247627,0.0004416916926857084,0.10805250704288483,,,,
408,0.027872523292899132,0.0006603841496732357,45.33531969500473,0.824436366558075,0.008647071197628975,0.006337713450193405,1.8424496374791488e-05,4.111998714506626e-05,0.008335338905453682,0.0205987561494112,0.0,0.04778828099370003,0.000980259501375258,0.10826390236616135,,,,
409,0.026498230174183846,0.0006589531235525585,45.45354238298023,1.1353191137313843,0.008027062751352787,0.006752012297511101,9.679004870122299e-05,4.010443080915138e-05,0.00527882669121027,0.017089704051613808,0.0,0.023528866469860077,0.0003403589071240276,0.10848492383956909,,,,
410,0.02654421515762806,0.0006575207753686309,45.56962820200715,1.297210931777954,0.007928780280053616,0.007001259829849005,1.838847492763307e-05,5.094993321108632e-05,0.00627023633569479,0.005816319957375526,0.0,0.05064526945352554,0.0003834292583633214,0.10869674384593964,,,,
411,0.026471005752682686,0.0006560871192581513,45.684982283972204,1.108747959136963,0.007784666959196329,0.0063607534393668175,6.893963291076943e-05,1.3643645615957212e-05,0.006852408871054649,0.02133459411561489,0.0,0.029391903430223465,0.0010844063945114613,0.10891757160425186,,,,
412,0.02479388751089573,0.0006546521693707266,45.80077665997669,0.7879069447517395,0.0078200101852417,0.006365124136209488,3.3277759939664975e-05,7.613007619511336e-05,0.006862552836537361,0.01439523883163929,0.0,0.020040344446897507,0.0002557425177656114,0.10913988947868347,,,,
413,0.024634815752506256,0.0006532159398687327,45.92433789296774,0.43067723512649536,0.0075593376532197,0.006548029370605946,3.5655448300531134e-05,7.689570338698104e-06,0.008744807913899422,0.010963375680148602,0.0,0.027939341962337494,0.0005060709663666785,0.109349824488163,,,,
414,0.02529565617442131,0.0006517784449271755,46.0456914199749,0.5850592255592346,0.008673636242747307,0.006513319909572601,6.033490353729576e-05,6.563556780747604e-06,0.005982843693345785,0.011973509564995766,0.0,0.023068660870194435,0.00016690802294760942,0.10955869406461716,,,,
415,0.026162438094615936,0.0006503396987335492,46.16423431201838,0.7898914813995361,0.007195956073701382,0.006719585508108139,2.0284580386942253e-05,6.96246133884415e-05,0.007171394769102335,0.014191217720508575,0.0,0.03998466208577156,0.0007415415602736175,0.10975322872400284,,,,
416,0.025289546698331833,0.000648899715487698,46.282534199999645,0.39312979578971863,0.007415749132633209,0.006137920543551445,2.4157820007530972e-05,3.903205652022734e-05,0.0071191852912306786,0.01545068621635437,0.0,0.04175262898206711,0.0008674494456499815,0.10994920134544373,,,,
417,0.025386380031704903,0.0006474585094016755,46.40063338697655,0.9950159788131714,0.007738607935607433,0.006720982491970062,9.339320240542293e-05,2.288888208568096e-05,0.011090464890003204,0.014978529885411263,0.0,0.015017709694802761,0.0001295688416576013,0.11015357822179794,,,,
418,0.02489270456135273,0.0006460160946996036,46.51570536097279,0.8832823038101196,0.008118471130728722,0.00600862130522728,1.720733598631341e-05,4.98339140904136e-05,0.008587056770920753,0.016661755740642548,0.0,0.030902832746505737,0.00033556309062987566,0.11034546792507172,,,,
419,0.026372583582997322,0.0006445724856175332,46.63456492801197,1.5245208740234375,0.007866057567298412,0.00670623779296875,5.320496711647138e-05,8.274590072687715e-06,0.007794615812599659,0.02160465531051159,0.0,0.027821632102131844,0.00042744402890093625,0.11053308844566345,,,,
420,0.029016006737947464,0.000643127696403303,46.762684982968494,2.4758238792419434,0.0073891133069992065,0.006045211106538773,9.994822175940499e-05,0.0002374385658185929,0.011492566205561161,0.02436741255223751,0.0,0.03052893839776516,0.0015140720643103123,0.11071579158306122,,,,
421,0.036262426525354385,0.0006416817413163997,46.888544258021284,4.183816909790039,0.00897027738392353,0.0056603169068694115,0.0006099046440795064,0.0005598524585366249,0.008390744216740131,0.01918986067175865,0.0,0.028183018788695335,0.00041537603829056025,0.1108948364853859,,,,
422,0.04428327456116676,0.0006402346346278156,47.006982777966186,5.2156877517700195,0.008441910147666931,0.009743410162627697,0.0005987646291032434,0.0007132990285754204,0.0046821050345897675,0.01925521530210972,0.0,0.018635645508766174,3.143055073451251e-05,0.11106830835342407,,,,
423,0.03497733548283577,0.00063878639061991,47.12621916900389,4.3726348876953125,0.008444180712103844,0.00627681240439415,0.0004989603767171502,0.0004868331307079643,0.005797586403787136,0.022415587678551674,0.0,0.018931061029434204,0.0005323787918314338,0.1112266406416893,,,,
424,0.03239966556429863,0.0006373370235862664,47.24553678801749,3.5259950160980225,0.007679849397391081,0.006286202929913998,0.00025823217583820224,0.0005031839828006923,0.010728849098086357,0.013071229681372643,0.0,0.02213309146463871,0.0014716539299115539,0.11137426644563675,,,,
425,0.028180060908198357,0.0006358865478315523,47.36828767799307,2.4886739253997803,0.008253803476691246,0.006589806638658047,0.00024738541105762124,9.320059325546026e-05,0.009931905195116997,0.010671926662325859,0.0,0.024768002331256866,0.00042707554530352354,0.11151944845914841,16.367152170110263,23.07871438317392,1.5877489868993366,1.9389736028482865
426,0.025739390403032303,0.0006344349776713777,47.51685230800649,1.3147759437561035,0.00773116247728467,0.006526613142341375,1.563072692079004e-05,4.5885051804361865e-05,0.0030517680570483208,0.01206497848033905,0.0,0.03329465538263321,0.001204354572109878,0.11166981607675552,,,,
427,0.025610296055674553,0.0006329823274321542,47.634994052990805,0.5206453204154968,0.0074181207455694675,0.006056162528693676,2.837044303305447e-05,1.375685133098159e-05,0.012352867051959038,0.023329369723796844,0.0,0.026137804612517357,0.0012892851373180747,0.11182092875242233,,,,
428,0.02798137068748474,0.0006315286114509533,47.752974750997964,1.8567688465118408,0.007381591014564037,0.006770717911422253,0.00014265386562328786,3.9000857213977724e-05,0.005703160539269447,0.029517732560634613,0.0,0.015473977662622929,0.0011191994417458773,0.11196894943714142,,,,
429,0.029624782502651215,0.0006300738440753645,47.8723365580081,2.35534405708313,0.00763444509357214,0.00563235767185688,0.00016052820137701929,0.00023278535809367895,0.008677491918206215,0.03957930579781532,0.0,0.03769158199429512,0.00040399181307293475,0.11210812628269196,,,,
430,0.027709681540727615,0.0006286180396633549,47.98980944301002,1.993665337562561,0.008141282014548779,0.00641234964132309,0.0001382371410727501,0.00013783018221147358,0.00817115604877472,0.014916712418198586,0.0,0.03164556622505188,0.0003882581368088722,0.11226081103086472,,,,
431,0.024930505082011223,0.0006271612125831259,48.1109290010063,0.948026180267334,0.007586012128740549,0.006587674375623465,3.0796658393228427e-05,1.2772171430697199e-05,0.0062520853243768215,0.007867480628192425,0.0,0.03871425613760948,0.0005859818193130195,0.11240912228822708,,,,
432,0.02570919319987297,0.0006257033772129731,48.23400151997339,1.2305917739868164,0.008740345947444439,0.005873659625649452,5.088542093290016e-05,5.093819345347583e-05,0.008379817940294743,0.023519648239016533,0.0,0.022727828472852707,0.00018338573863729835,0.11256009340286255,,,,
433,0.031216248869895935,0.0006242445479411426,48.354290606977884,3.0924196243286133,0.008306273259222507,0.00723921786993742,0.00017160849529318511,0.00012010970385745168,0.005542423110455275,0.025723885744810104,0.0,0.02796913869678974,0.001153686665929854,0.11270347982645035,,,,
434,0.03691410645842552,0.0006227847391656907,48.4751706480165,4.342798233032227,0.0075790416449308395,0.005793572869151831,0.0003115417785011232,0.0007149699958972633,0.006413515191525221,0.024894434958696365,0.0,0.03425627574324608,0.0028470163233578205,0.112852081656456,,,,
435,0.03723696991801262,0.0006213239652943405,48.594165529997554,4.7126874923706055,0.007648266851902008,0.006401747465133667,0.0008894549100659788,0.0005068211467005312,0.0072588007897138596,0.01555979996919632,0.0,0.009692640975117683,0.0003058907459490001,0.11300847679376602,,,,
436,0.034359160810709,0.0006198622407443405,48.71270396996988,3.555961847305298,0.007811326067894697,0.00863201729953289,9.43035920499824e-05,0.0003528235829435289,0.004842852242290974,0.01255113910883665,0.0,0.03859404847025871,0.0012724236585199833,0.11314380913972855,,,,
437,0.0228562168776989,0.0006183995799423215,48.83339614898432,0.691327691078186,0.0076245651580393314,0.00551190972328186,9.576533921062946e-05,8.874938430381007e-06,0.009579312987625599,0.011997262015938759,0.0,0.0170669537037611,0.0005160971195437014,0.11329077929258347,,,,
438,0.02866503782570362,0.0006169359973241556,48.95439265598543,2.3745744228363037,0.008037898689508438,0.0065529607236385345,0.0002072065690299496,4.02902951464057e-05,0.017681024968624115,0.02508964017033577,0.0,0.024807237088680267,0.00029943810659460723,0.11343269795179367,,,,
439,0.03539133071899414,0.0006154715073348123,49.07541404198855,3.9484944343566895,0.0077482000924646854,0.006348947994410992,0.00032628767075948417,0.0006353764329105616,0.01147724874317646,0.02420835569500923,0.0,0.021046383306384087,0.0011680010939016938,0.11357342451810837,,,,
440,0.03119611367583275,0.0006140061244282163,49.195448111975566,3.447756290435791,0.00823682826012373,0.005409316625446081,0.0004242232535034418,0.00033635104773566127,0.006989027839154005,0.019789181649684906,0.0,0.03754293918609619,0.0002156776172341779,0.11371424049139023,,,,
441,0.02519409917294979,0.0006125398630671055,49.31252889998723,1.1164357662200928,0.008373338729143143,0.006421409547328949,2.864964335458353e-05,1.900533607113175e-05,0.007876269519329071,0.010740866884589195,0.0,0.03637704253196716,0.00010077745537273586,0.113861583173275,,,,
442,0.025803452357649803,0.0006110727377228873,49.42776877700817,2.024351119995117,0.007248991169035435,0.006123156752437353,0.00010639699758030474,0.0001293396344408393,0.005281942896544933,0.017794890329241753,0.0,0.031876854598522186,0.0001993403275264427,0.11401287466287613,,,,
443,0.031647805124521255,0.0006096047628754967,49.5533778059762,3.337512254714966,0.007496340200304985,0.006974344607442617,0.00024589727399870753,0.00021273436141200364,0.007586818188428879,0.02475159987807274,0.0,0.04850822314620018,0.00022238740348257124,0.11416298896074295,,,,
444,0.026418188586831093,0.0006081359530132532,49.673141059989575,2.4907965660095215,0.007217335980385542,0.005809944123029709,0.0001430832635378465,0.0002475907967891544,0.010365180671215057,0.010682933032512665,0.0,0.036747097969055176,0.00013598182704299688,0.11433511972427368,,,,
445,0.022248242050409317,0.0006066663226327166,49.79072420799639,0.1603441834449768,0.007389615289866924,0.005673101171851158,2.9604376322822645e-05,1.15436632768251e-05,0.007040305063128471,0.013452391140162945,0.0,0.02184009552001953,0.0001971715100808069,0.11451061069965363,,,,
446,0.024412065744400024,0.0006051958862385455,49.90797927998938,2.0378406047821045,0.007579186465591192,0.005642998032271862,0.0002382808888796717,8.702908962732181e-05,0.012087227776646614,0.008573628962039948,0.0,0.013151325285434723,5.98111109866295e-05,0.11468107253313065,,,,
447,0.025934718549251556,0.0006037246583433539,50.02791697898647,2.624103307723999,0.0067420159466564655,0.006024414207786322,5.763181980000809e-05,0.0002618153521325439,0.006741808727383614,0.01331241987645626,0.0,0.023007413372397423,0.0010158587247133255,0.11484131217002869,,,,
448,0.023320138454437256,0.0006022526534675668,50.14678406697931,1.6857097148895264,0.007540122140198946,0.005383123643696308,0.00014576366811525077,2.0359115296741948e-05,0.012409524992108345,0.012595698237419128,0.0,0.02294141985476017,0.00021042923617642373,0.11499519646167755,,,,
449,0.026013966649770737,0.000600779886139278,50.266251601977274,0.5054039359092712,0.007510934490710497,0.005888869520276785,1.748804425005801e-05,3.287822619313374e-05,0.005553949624300003,0.03148456662893295,0.0,0.027589095756411552,0.001300876960158348,0.11514336615800858,,,,
450,0.022300006821751595,0.0005993063708941068,50.38303818600252,0.5813847780227661,0.006595540326088667,0.005229884292930365,1.5966321370797232e-05,3.044764162041247e-05,0.006613126490265131,0.02055818773806095,0.0,0.031690362840890884,0.0006942709442228079,0.11529292166233063,14.045051138292811,19.780592067178656,2.3226477577225664,1.0561762382882502
451,0.022168917581439018,0.0005978321222750534,50.53333170799306,0.7442366480827332,0.0076515707187354565,0.005300343967974186,5.13251252414193e-05,1.9230961697758175e-05,0.007761913351714611,0.011256039142608643,0.0,0.028863612562417984,0.0001387642987538129,0.11545293778181076,,,,
452,0.022810963913798332,0.0005963571548323567,50.65176136698574,0.6057520508766174,0.006578694097697735,0.005936741828918457,2.3493641492677853e-05,1.6937809050432406e-05,0.005785634741187096,0.013736449182033539,0.0,0.04169631004333496,9.110404062084854e-05,0.11562280356884003,,,,
453,0.02126150391995907,0.0005948814831233498,50.77320471301209,0.3286505937576294,0.006850935518741608,0.0054342010989785194,2.8856866265414283e-05,1.0929789823421743e-05,0.006482040509581566,0.015645893290638924,0.0,0.01814335770905018,0.00023263582261279225,0.11580447107553482,,,,
454,0.02268940955400467,0.000593405121712317,50.89261421200354,0.5114637613296509,0.00823955051600933,0.00519778486341238,2.8260034014238045e-05,8.950148185249418e-06,0.004658648278564215,0.014511873945593834,0.0,0.03306656703352928,0.0002287637908011675,0.11597459018230438,,,,
455,0.022037126123905182,0.0005919280851703489,51.015580914972816,1.0309500694274902,0.006481904070824385,0.005875884555280209,2.2982370865065604e-05,3.491125244181603e-05,0.013004752807319164,0.010151933878660202,0.0,0.02756408601999283,6.472722452599555e-05,0.11615198850631714,,,,
456,0.021235918626189232,0.0005904503880752003,51.12950544297928,1.071783185005188,0.007191875018179417,0.00479463255032897,8.195378904929385e-05,2.9424094464047812e-05,0.004230227321386337,0.014467928558588028,0.0,0.02628624625504017,0.0002520591369830072,0.11632626503705978,,,,
457,0.01973937265574932,0.0005889720450111447,51.24820930598071,0.5377510786056519,0.006606729235500097,0.00494488887488842,1.535423143650405e-05,3.956613363698125e-05,0.008453083224594593,0.014038138091564178,0.0,0.012404081411659718,0.00013049595872871578,0.11649350821971893,,,,
458,0.02299211174249649,0.0005874930705688314,51.364791110972874,0.3995254337787628,0.00761733902618289,0.0054998015984892845,1.6738173144403845e-05,3.270884553785436e-05,0.005504107102751732,0.01731785200536251,0.0,0.02064378187060356,0.0007248771144077182,0.11664393544197083,,,,
459,0.019445890560746193,0.0005860134793451411,51.48095930001,1.1734706163406372,0.006363824475556612,0.004871860612183809,7.740032015135512e-05,1.8276183254783973e-05,0.009246185421943665,0.008706638589501381,0.0,0.015808118507266045,0.00014141231076791883,0.1167885959148407,,,,
460,0.02277049422264099,0.0005845332859430417,51.59838328300975,1.7427356243133545,0.006940559484064579,0.0056489259004592896,3.3277272450504825e-05,0.00010244894656352699,0.007768050767481327,0.014604926109313965,0.0,0.01389946136623621,0.0005140328430570662,0.11692095547914505,,,,
461,0.022973310202360153,0.0005830525049714447,51.71263421198819,1.7821320295333862,0.0065565104596316814,0.00510423956438899,0.00013148950529284775,5.30673423781991e-05,0.012766550295054913,0.018967280164361,0.0,0.02076726406812668,0.0006722896941937506,0.11704490333795547,,,,
462,0.021096913143992424,0.0005815711510450604,51.82691561098909,1.4101531505584717,0.006836022716015577,0.004461891949176788,3.794467920670286e-05,8.657864236738533e-05,0.008399753831326962,0.018115926533937454,0.0,0.0246420968323946,0.0005110222846269608,0.11716565489768982,,,,
463,0.022743964567780495,0.000580089238784254,51.94521828502184,0.6897794604301453,0.008030657656490803,0.004757161717861891,4.2358813516329974e-05,1.4263421689975075e-05,0.008807463571429253,0.018494943156838417,0.0,0.039237044751644135,0.0002637579455040395,0.11728385835886002,,,,
464,0.020603159442543983,0.000578606782814901,52.06072926201159,0.3067942261695862,0.007458067964762449,0.004930754657834768,3.0120620067464188e-05,9.437483640795108e-06,0.005123300477862358,0.020305439829826355,0.0,0.006407152395695448,0.00016351902741007507,0.11741453409194946,,,,
465,0.020247414708137512,0.0005771237977682437,52.181283097015694,1.0509570837020874,0.006780983414500952,0.004635406192392111,4.879451807937585e-05,6.204324017744511e-05,0.00825026910752058,0.01814153976738453,0.0,0.009407363831996918,0.0002726877573877573,0.11751978099346161,,,,
466,0.021327894181013107,0.0005756402982807457,52.29864119697595,1.2425965070724487,0.007874335162341595,0.00448926305398345,6.832709186710417e-05,2.156522350560408e-05,0.004743653349578381,0.0222006943076849,0.0,0.014149574562907219,0.0002937719109468162,0.1176067590713501,,,,
467,0.022034207358956337,0.000574156298993948,52.41148735798197,1.5214011669158936,0.007182975299656391,0.004646136425435543,2.548413976910524e-05,0.00010430386464577168,0.012688356451690197,0.017733410000801086,0.0,0.024405116215348244,0.0005153823876753449,0.11768199503421783,,,,
468,0.02029377967119217,0.0005726718145543243,52.52960309397895,1.9007457494735718,0.006696022115647793,0.004399754106998444,0.0001708685012999922,4.378629819257185e-05,0.007124481722712517,0.009663380682468414,0.0,0.022127021104097366,0.00010503061639610678,0.1177559420466423,,,,
469,0.02399529702961445,0.0005711868596131371,52.65207706496585,2.1872549057006836,0.006650556810200214,0.00473281554877758,3.2790121622383595e-05,0.00019484496442601085,0.016923164948821068,0.031840864568948746,0.0,0.0035839988850057125,0.0012754864292219281,0.11782729625701904,,,,
470,0.02457689493894577,0.0005697014488262916,52.772777871985454,2.6717422008514404,0.0064324382692575455,0.0051176827400922775,0.0002670218236744404,8.254224667325616e-05,0.013635098934173584,0.01635594666004181,0.0,0.03113142028450966,0.0004216533270664513,0.1178770586848259,,,,
471,0.026062047109007835,0.000568215596854193,52.890308237983845,3.166247606277466,0.006451748311519623,0.005078976973891258,0.0001351403770968318,0.000291284202830866,0.008041665889322758,0.03007754310965538,0.0,0.01361344289034605,0.0009796526283025742,0.11793731898069382,,,,
472,0.027044475078582764,0.0005667293183616004,53.00829534797231,3.471298933029175,0.007134598679840565,0.005193372722715139,0.0003483184555079788,0.0002846539136953652,0.00467807287350297,0.013582362793385983,0.0,0.026781970635056496,0.00014417717466130853,0.11799038201570511,,,,
473,0.027313604950904846,0.0005652426280174821,53.12533563998295,3.7615442276000977,0.007107023615390062,0.0051710354164242744,0.0002135571266990155,0.000280244363239035,0.017116693779826164,0.016662152484059334,0.0,0.01660165563225746,0.001456310274079442,0.11805132031440735,,,,
474,0.031218010932207108,0.0005637555404948722,53.25016958802007,4.6446638107299805,0.0076481555588543415,0.005951226688921452,0.00033950747456401587,0.0003674111212603748,0.011975770816206932,0.017912233248353004,0.0,0.02576364390552044,0.000801914487965405,0.11810440570116043,,,,
475,0.037042781710624695,0.0005622680704707236,53.37376840796787,5.764625072479248,0.007350395433604717,0.004997125826776028,0.0007739067077636719,0.0008295175503008068,0.011825207620859146,0.02281656488776207,0.0,0.003919376991689205,0.00047684329911135137,0.11816340684890747,17.91757774573653,24.89303899368811,4.784043303446937,4.684497634351294
476,0.02519208751618862,0.0005607802326257654,53.51233003597008,3.2131800651550293,0.0072729685343801975,0.004522611852735281,0.0002454601926729083,0.00028296533855609596,0.008668433874845505,0.011663317680358887,0.0,0.030751321464776993,0.000334117969032377,0.1182020902633667,,,,
477,0.019764678552746773,0.0005592920416443561,53.6273397890036,0.7388991117477417,0.006581152323633432,0.005152440629899502,1.3973372915643267e-05,7.296393505384913e-06,0.006622495129704475,0.011449852958321571,0.0,0.014415760524570942,0.00035080398083664477,0.11824800074100494,,,,
478,0.022157926112413406,0.0005578035122143401,53.74116812599823,2.412388324737549,0.006787480786442757,0.0042817252688109875,0.00010456358722876757,0.0002103808510582894,0.013082288205623627,0.013996899127960205,0.0,0.020544447004795074,0.0004582344554364681,0.11828669905662537,,,,
479,0.028631189838051796,0.0005563146590269017,53.85587478498928,4.035372734069824,0.006799463648349047,0.006490599364042282,0.0003671557060442865,0.00017149411723949015,0.009018445387482643,0.021851561963558197,0.0,0.010020812042057514,0.000208584766369313,0.11832672357559204,,,,
480,0.029102938249707222,0.0005548254967764211,53.97327977902023,3.992325782775879,0.0060694292187690735,0.0049824183806777,0.00017641292652115226,0.0004979720688425004,0.010400275699794292,0.02718014270067215,0.0,0.013947994448244572,0.002271040342748165,0.11835427582263947,,,,
481,0.022234421223402023,0.0005533360401603284,54.08808469801443,2.683452844619751,0.006816703360527754,0.004057278856635094,0.00033059853012673557,0.00016982501256279647,0.013072638772428036,0.009667966514825821,0.0,0.010188275948166847,5.070942279417068e-05,0.1183752790093422,,,,
482,0.01869690604507923,0.0005518463038789588,54.21083647501655,0.40480145812034607,0.006732485257089138,0.0045684147626161575,2.1428473701234907e-05,9.952444088412449e-06,0.007921888493001461,0.009813236072659492,0.0,0.015449280850589275,0.0002455146168358624,0.1183844655752182,,,,
483,0.02469431608915329,0.0005503563026354084,54.3285086969845,3.169891357421875,0.006648268550634384,0.004444642923772335,0.00020164958550594747,0.000386925385100767,0.006286459043622017,0.015984904021024704,0.0,0.01426741573959589,0.0005264380015432835,0.11838971078395844,,,,
484,0.028323490172624588,0.0005488660511353877,54.44398287497461,4.197363376617432,0.007166773546487093,0.005699746310710907,0.0003430955111980438,0.0002860790118575096,0.013363869860768318,0.016796261072158813,0.0,0.017935173586010933,0.00010250644845655188,0.11839299649000168,,,,
485,0.02536565437912941,0.0005473755640870773,54.560998683969956,2.904226064682007,0.0068651181645691395,0.0053994739428162575,0.00011605951294768602,0.00021253767772577703,0.013936514966189861,0.021807514131069183,0.0,0.022425875067710876,0.00029835273744538426,0.11839299649000168,,,,
486,0.019618544727563858,0.0005458848562009829,54.67684100702172,0.6255477666854858,0.006650186143815517,0.004792109131813049,2.688000677153468e-05,8.8768838395481e-06,0.011569280177354813,0.014100966975092888,0.0,0.016774270683526993,8.089894981821999e-05,0.11839956045150757,,,,
487,0.023904062807559967,0.0005443939421897894,54.79572740197182,3.0155529975891113,0.007523224223405123,0.004427269101142883,0.00027196179144084454,0.0001764439366525039,0.011479022912681103,0.015251003205776215,0.0,0.013657281175255775,0.00014191772788763046,0.11840809136629105,,,,
488,0.02805466391146183,0.000542902836768216,54.914603986020666,3.936509132385254,0.006839432287961245,0.004275502171367407,0.00029166805325075984,0.0006070254021324217,0.00610724650323391,0.011270436458289623,0.0,0.03359762579202652,0.0004465907404664904,0.11841334402561188,,,,
489,0.019445644691586494,0.0005414115546528715,55.033322652976494,1.7869871854782104,0.006747630424797535,0.00437290221452713,0.00011615140829235315,2.619955557747744e-05,0.01308328378945589,0.011907629668712616,0.0,0.0056946855038404465,0.000280592474155128,0.11844353377819061,,,,
490,0.019354678690433502,0.000539920110562108,55.14980176300742,1.673628330230713,0.005598153453320265,0.004332096315920353,0.00016582440002821386,5.683537165168673e-05,0.007612704765051603,0.010743054561316967,0.0,0.015674684196710587,0.0005085957236588001,0.11846388131380081,,,,
491,0.02457914501428604,0.0005384285192158769,55.26718016597442,3.4325101375579834,0.0067086960189044476,0.005232669413089752,0.00012928445357829332,0.0002735572343226522,0.008814621716737747,0.011009183712303638,0.0,0.008404632098972797,0.0012963276822119951,0.11848292499780655,,,,
492,0.023549657315015793,0.0005369367953355825,55.3815405240166,2.5648880004882812,0.0065364777110517025,0.004837632179260254,0.00022365408949553967,0.00015820183034520596,0.011801933869719505,0.01786096580326557,0.0,0.011787857860326767,0.00043527488014660776,0.11849474161863327,,,,
493,0.019856292754411697,0.0005354449536439371,55.50090236996766,0.4961521625518799,0.006989248096942902,0.004527660086750984,1.871704080258496e-05,1.0533140994084533e-05,0.01103423722088337,0.01382019929587841,0.0,0.02823597379028797,5.51927114429418e-05,0.11850196123123169,,,,
494,0.025324977934360504,0.000533953008864816,55.62273192498833,3.0712132453918457,0.006575244013220072,0.00495092011988163,0.00023090651666279882,0.00029398666811175644,0.012105687521398067,0.015007993206381798,0.0,0.02136010117828846,0.00030634974245913327,0.11852166056632996,,,,
495,0.027497347444295883,0.0005324609757231119,55.740725823969115,3.6270484924316406,0.006996103096753359,0.005109032150357962,0.0002895543002523482,0.00029730371898040175,0.008105332963168621,0.024061357602477074,0.0,0.028613360598683357,5.398161738412455e-05,0.11854793131351471,,,,
496,0.021410956978797913,0.0005309688689445896,55.857428112009075,1.789777159690857,0.006301369052380323,0.0058145709335803986,3.49484289472457e-05,3.476182246231474e-05,0.008648047223687172,0.012166948989033699,0.0,0.018057215958833694,0.00011279718455625698,0.11858733743429184,,,,
497,0.021189013496041298,0.0005294767032557405,55.9751153709949,1.6522517204284668,0.0062613822519779205,0.0049624075181782246,3.077569272136316e-05,4.9284288252238184e-05,0.010271808132529259,0.023365195840597153,0.0,0.012872152030467987,0.0005898738745599985,0.11862608790397644,,,,
498,0.026160405948758125,0.0005279844933836377,56.09042826999212,3.580009698867798,0.006961463484913111,0.00563094113022089,0.00028536454192362726,0.00016573711764067411,0.006863923277705908,0.020484022796154022,0.0,0.017113765701651573,6.009749267832376e-05,0.11866025626659393,,,,
499,0.02194831147789955,0.0005264922540557899,56.20940852200147,2.9993581771850586,0.005286811850965023,0.004173961468040943,0.00015208806144073606,0.0003736437647603452,0.005928353406488895,0.015090398490428925,0.0,0.010035685263574123,0.000630317023023963,0.11869967728853226,,,,
500,0.017969753593206406,0.000524999999999997,56.3395346699981,0.26195523142814636,0.006087470334023237,0.004140852019190788,3.772302807192318e-05,1.0673695214791223e-05,0.01213870383799076,0.012599507346749306,0.0,0.017777375876903534,0.00024212556309066713,0.11873122304677963,17.789757969309125,24.74010626764027,5.568893465819871,3.277752846764416
501,0.02287057787179947,0.0005235077459442042,56.48106228100369,2.7302706241607666,0.006756307557225227,0.004267154261469841,0.0003238962381146848,0.00013428516103886068,0.01128613855689764,0.011522759683430195,0.0,0.021510807797312737,8.725891530048102e-05,0.11876606196165085,,,,
502,0.026633530855178833,0.0005220155066163564,56.59942794899689,3.874561071395874,0.006251668091863394,0.005115807987749577,0.00013275304809212685,0.0003492514952085912,0.007835103198885918,0.019689787179231644,0.0,0.009638016112148762,0.0023687556385993958,0.11881010234355927,,,,
503,0.022637059912085533,0.0005205232967442535,56.71629837399814,2.84725284576416,0.006427384912967682,0.004808661062270403,0.00021256545733194798,8.369889110326767e-05,0.008686442859470844,0.019741665571928024,0.0,0.013250541873276234,0.0004398450837470591,0.11884824186563492,,,,
504,0.019051970914006233,0.0005190311310554044,56.831298130971845,0.5968043804168701,0.007293257396668196,0.004198063164949417,1.6236583178397268e-05,3.051730163861066e-05,0.011175641790032387,0.012319458648562431,0.0,0.017397917807102203,0.00011554079537745565,0.11888308823108673,,,,
505,0.01985125243663788,0.0005175390242768822,56.95018865499878,2.181861400604248,0.0060629588551819324,0.0040920190513134,9.321597462985665e-05,0.0001296492264373228,0.006629392504692078,0.02066277340054512,0.0,0.012742158956825733,0.0002218293520854786,0.11892057955265045,,,,
506,0.021230006590485573,0.000516046991135178,57.07755532901501,2.263051748275757,0.006664167158305645,0.004446624778211117,0.00017213670071214437,0.00015464027819689363,0.009701013565063477,0.00792393647134304,0.0,0.018085749819874763,0.00010413545533083379,0.11895215511322021,,,,
507,0.018295973539352417,0.000514555046356057,57.201191066007596,0.211128830909729,0.006411546841263771,0.004157518036663532,2.4258622943307273e-05,9.812381904339418e-06,0.011619696393609047,0.019086554646492004,0.0,0.010059292428195477,0.0001170898467535153,0.11898570507764816,,,,
508,0.02038479782640934,0.0005130632046644116,57.31893761997344,1.8919677734375,0.00609938520938158,0.004007576499134302,9.61260957410559e-05,0.0001782314939191565,0.016685279086232185,0.018011946231126785,0.0,0.011497803032398224,0.00019732231157831848,0.11901268362998962,,,,
509,0.02072164975106716,0.0005115714807841171,57.438804874022026,1.7714143991470337,0.006641522515565157,0.003905206685885787,8.343959780177101e-05,2.6469946533325128e-05,0.017474234104156494,0.029139695689082146,0.0,0.014071437530219555,0.0005603323807008564,0.11903373897075653,,,,
510,0.018330898135900497,0.000510079889437886,57.5594803050044,0.4147823452949524,0.006488679908216,0.004208274185657501,1.9105247702100314e-05,2.1708874555770308e-05,0.007688566111028194,0.01152533758431673,0.0,0.021504821255803108,0.0002862699329853058,0.11905413866043091,,,,
511,0.018946882337331772,0.0005085884453471227,57.68188959197141,1.4383805990219116,0.006235135719180107,0.00439393799751997,2.1801846742164344e-05,6.040558946551755e-05,0.011483319103717804,0.011693716049194336,0.0,0.010847928002476692,0.0006967788795009255,0.1190817803144455,,,,
512,0.023430433124303818,0.000507097163231778,57.803490230988245,2.684215545654297,0.006286971736699343,0.006029447074979544,0.00023782355128787458,5.664358468493447e-05,0.009368501603603363,0.010414328426122665,0.0,0.007872974500060081,0.00011727872333722189,0.11910613626241684,,,,
513,0.022068116813898087,0.0005056060578102047,57.92268035700545,2.8627820014953613,0.005206307861953974,0.0038737617433071136,8.288455865113065e-05,0.0002691203262656927,0.009157824330031872,0.02345898002386093,0.0,0.019229082390666008,0.0017098726239055395,0.11912193149328232,,,,
514,0.019431259483098984,0.0005041151437990112,58.04087469697697,1.8763885498046875,0.006119020748883486,0.004131306894123554,0.00010628114978317171,5.338049231795594e-05,0.009760919027030468,0.018169289454817772,0.0,0.01793045550584793,0.00013236614177003503,0.1191449761390686,,,,
515,0.021734705194830894,0.0005026244359129166,58.15963281696895,0.625659167766571,0.006121596787124872,0.005416625179350376,1.7367812688462436e-05,7.518150141549995e-06,0.018496252596378326,0.02082744985818863,0.0,0.009786242619156837,0.0009149569668807089,0.11917263269424438,,,,
516,0.021240461617708206,0.0005011339488646064,58.278228876006324,1.3772406578063965,0.006155645940452814,0.004818913992494345,4.548107608570717e-05,6.595937884412706e-05,0.007354456931352615,0.027668878436088562,0.0,0.01830294355750084,0.0001636317028896883,0.11919040977954865,,,,
517,0.01969994232058525,0.0004996436973645857,58.39779366797302,1.8568938970565796,0.005835199728608131,0.004708407446742058,7.354638364631683e-05,3.279490920249373e-05,0.013570796698331833,0.013609617948532104,0.0,0.02303491160273552,7.405420183204114e-05,0.1192127987742424,,,,
518,0.017947830259799957,0.0004981536961210353,58.51709384500282,0.8313530683517456,0.005816732533276081,0.004211427178233862,1.9832892576232553e-05,5.2433555538300425e-05,0.010009394958615303,0.01878264918923378,0.0,0.005760976113379002,0.00019955319294240326,0.1192430928349495,,,,
519,0.020953649654984474,0.0004966639598396658,58.63602776802145,1.1828289031982422,0.006045127287507057,0.004446493927389383,1.3611046597361565e-05,3.808935798588209e-05,0.007986132986843586,0.03497576713562012,0.0,0.013166463002562523,0.0008240659954026341,0.11925692856311798,,,,
520,0.021934770047664642,0.0004951745032235731,58.754036516009364,2.44180965423584,0.006227534264326096,0.004615115467458963,0.0002649910165928304,0.00011961848940700293,0.013012649491429329,0.012783052399754524,0.0,0.010349148884415627,6.524307536892593e-05,0.11927075684070587,,,,
521,0.021024689078330994,0.0004936853409730923,58.87420394201763,1.930350422859192,0.005540268961340189,0.005280564539134502,3.520362952258438e-05,9.541759209241718e-05,0.016659259796142578,0.011821620166301727,0.0,0.02205147221684456,0.0003800996346399188,0.11928129941225052,,,,
522,0.018940985202789307,0.0004921964877856541,58.9910175249679,0.6471479535102844,0.006101130973547697,0.004293571226298809,1.5547708244412206e-05,1.7373356968164444e-05,0.011155622079968452,0.021082155406475067,0.0,0.018997443839907646,0.0001883290969999507,0.11930304020643234,,,,
523,0.019772883504629135,0.000490707958355638,59.108641604019795,1.3410403728485107,0.006417344324290752,0.004342873580753803,5.38999265700113e-05,1.1692609405145049e-05,0.013423348776996136,0.024392222985625267,0.0,0.010667216964066029,0.00025078633916564286,0.119328074157238,,,,
524,0.020742341876029968,0.0004892197673742286,59.22654689697083,1.833317518234253,0.006283557042479515,0.004807274788618088,3.2482712413184345e-05,6.771619518985972e-05,0.014302933588624,0.015820173546671867,0.0,0.016739455983042717,0.0005887647857889533,0.11934586614370346,,,,
525,0.02000398375093937,0.0004877319295292704,59.34384784597205,1.2199972867965698,0.005610054824501276,0.004486070945858955,8.673138654557988e-05,4.3562202336033806e-05,0.015687856823205948,0.025765080004930496,0.0,0.010550820268690586,0.0001110426164814271,0.11936760693788528,12.015029490884752,16.940780474732716,1.7288800637291057,0.6889283027941985
526,0.016128452494740486,0.0004862444595051218,59.49087562900968,0.4864499866962433,0.004989772569388151,0.0042685652151703835,2.2908407117938623e-05,9.619046068110038e-06,0.009742282330989838,0.009601237252354622,0.0,0.01225691195577383,9.680833318270743e-05,0.11938276886940002,,,,
527,0.019213126972317696,0.0004847573719825118,59.606809915974736,1.5779567956924438,0.0061721219681203365,0.004137353040277958,5.889437306905165e-05,9.584601502865553e-05,0.01007024571299553,0.015947982668876648,0.0,0.013884075917303562,0.00030698682530783117,0.1193939670920372,,,,
528,0.017849214375019073,0.0004832706816383937,59.72233745397534,1.5718793869018555,0.0057340338826179504,0.004160198383033276,4.290981451049447e-05,2.5094417651416734e-05,0.010400624945759773,0.014764145016670227,0.0,0.01882805861532688,5.7487108279019594e-05,0.11940451711416245,,,,
529,0.017320865765213966,0.00048178440314580105,59.83786773798056,0.8104186058044434,0.005510014481842518,0.004201305564492941,1.7134187146439217e-05,1.9164866898790933e-05,0.014111099764704704,0.014516795985400677,0.0,0.011195319704711437,0.0002088295586872846,0.1194176971912384,,,,
530,0.01625913195312023,0.0004802985511737024,59.95242666697595,0.7873684167861938,0.005431284662336111,0.00418821768835187,9.925840458890889e-06,8.129656634991989e-06,0.007706098724156618,0.006755972281098366,0.0,0.016987476497888565,0.00024115282576531172,0.1194269210100174,,,,
531,0.018033238127827644,0.0004788131403868571,60.06881509599043,1.3508942127227783,0.006492565385997295,0.0039061519782990217,7.064440433168784e-05,4.273946979083121e-05,0.00953042134642601,0.010926559567451477,0.0,0.01712067984044552,4.9880654842127115e-05,0.11944076418876648,,,,
532,0.017738696187734604,0.0004773281854456697,60.187882647966035,1.1546911001205444,0.005576104391366243,0.00395531952381134,2.6259305741405115e-05,7.953371095936745e-05,0.011400727555155754,0.015423769131302834,0.0,0.011175226420164108,0.00040338875260204077,0.11945856362581253,,,,
533,0.016827020794153214,0.00047584370100604606,60.30781405902235,0.6975512504577637,0.005251730792224407,0.004256517626345158,1.8374979845248163e-05,2.0607840269804e-05,0.011900229379534721,0.007815100252628326,0.0,0.022246835753321648,6.409074558177963e-05,0.11947372555732727,,,,
534,0.016461782157421112,0.0004743597017192483,60.425571719999425,0.4481049180030823,0.00515480013564229,0.003945875447243452,2.5470395485172048e-05,5.714187864214182e-06,0.014254909008741379,0.014983020722866058,0.0,0.009422063827514648,0.00030173014965839684,0.11950273811817169,,,,
535,0.018659964203834534,0.00047287620223175023,60.54276421997929,0.9557119607925415,0.005671469960361719,0.004272040445357561,1.532534406578634e-05,2.5655372155597433e-05,0.015332679264247417,0.01586550660431385,0.0,0.027506649494171143,0.00018656157772056758,0.11952779442071915,,,,
536,0.01669919304549694,0.00047139321718509295,60.65909441298572,0.6323970556259155,0.0051681892946362495,0.0036956656258553267,5.510757182491943e-05,8.676226570969447e-06,0.008527407422661781,0.021086782217025757,0.0,0.008083710446953773,0.0004430317785590887,0.11956868320703506,,,,
537,0.016940731555223465,0.0004699107612157401,60.777162079000846,0.4866032302379608,0.005732881370931864,0.0035076735075563192,4.2930623749271035e-05,9.719945410324726e-06,0.016698308289051056,0.005693781655281782,0.0,0.036527764052152634,0.00031571026192978024,0.11960364133119583,,,,
538,0.018137535080313683,0.0004684288489549337,60.895859241019934,1.2520986795425415,0.004917054437100887,0.0037848721258342266,2.1027426555519924e-05,8.317723404616117e-05,0.009065449237823486,0.026931313797831535,0.0,0.010179742239415646,0.0008336328901350498,0.11966829001903534,,,,
539,0.015706336125731468,0.00046694749502854924,61.01382090401603,1.243308424949646,0.005498732440173626,0.0035728178918361664,4.7279543650802225e-05,1.930111102410592e-05,0.01467679813504219,0.010562283918261528,0.0,0.006203309632837772,0.00017620525613892823,0.1197224035859108,,,,
540,0.016031483188271523,0.0004654667140569523,61.1335219250177,1.096379041671753,0.005611070431768894,0.003962559159845114,2.1711104636779055e-05,1.6764453903306276e-05,0.006558052264153957,0.01116451807320118,0.0,0.006520404480397701,0.00022039870964363217,0.11976398527622223,,,,
541,0.01799948327243328,0.000463986520654853,61.251927995996084,0.7319256663322449,0.005714138504117727,0.003537080017849803,1.548886029922869e-05,1.4938325875846203e-05,0.015781812369823456,0.02388506382703781,0.0,0.016467571258544922,0.00078614242374897,0.11979435384273529,,,,
542,0.015024902299046516,0.00046250692943116263,61.36716934299329,0.4227238595485687,0.005128017161041498,0.003045614343136549,1.7830412616604008e-05,2.021162617893424e-05,0.01946195401251316,0.014350461773574352,0.0,0.015605657361447811,0.00011698292655637488,0.11982604116201401,,,,
543,0.01845986768603325,0.00046102795498884937,61.48620258399751,0.6456338167190552,0.0053741587325930595,0.0034764092415571213,7.752061719656922e-06,2.76352911896538e-05,0.016323762014508247,0.025856835767626762,0.0,0.03224962204694748,0.0006448035128414631,0.11986037343740463,,,,
544,0.01730826310813427,0.00045954961192479384,61.60781189898262,1.6291429996490479,0.0055236006155610085,0.0033764634281396866,9.803847933653742e-05,3.4017430152744055e-05,0.014366401359438896,0.015451624989509583,0.0,0.01689610444009304,0.00048297722241841257,0.11991320550441742,,,,
545,0.01857585459947586,0.00045807191482964514,61.7251008899766,2.106306552886963,0.005649944301694632,0.0036592239048331976,2.2001429897500202e-05,0.00010521717922529206,0.009943569079041481,0.02332725003361702,0.0,0.008824304677546024,0.0009441936854273081,0.11996340751647949,,,,
546,0.017073210328817368,0.0004565948782876771,61.842951333965175,2.4024171829223633,0.005273381248116493,0.0031520321499556303,0.0001575815404066816,6.780379044357687e-05,0.024821244180202484,0.010611297562718391,0.0,0.013172287493944168,0.00016110412252601236,0.12000107020139694,,,,
547,0.01854647509753704,0.00045511851687664426,61.956782680994365,2.4637136459350586,0.005375920794904232,0.0032921950332820415,7.688322511967272e-05,0.00015235588944051415,0.010049179196357727,0.024465274065732956,0.0,0.01438964530825615,0.000505270785652101,0.1200341060757637,,,,
548,0.017736753448843956,0.00045364284516763735,62.073240754019935,1.9967118501663208,0.005359871778637171,0.003113795770332217,8.467474253848195e-05,4.6043103793635964e-05,0.01200906652957201,0.03646993264555931,0.0,0.005457521881908178,0.00020173015946056694,0.12005789577960968,,,,
549,0.014869828708469868,0.00045216787772494075,62.19520731898956,1.1642309427261353,0.005355464294552803,0.0029412005096673965,3.759757964871824e-05,3.8854424929013476e-05,0.007899105548858643,0.018273387104272842,0.0,0.008584797382354736,9.584997314959764e-05,0.12005922198295593,,,,
550,0.01580815389752388,0.0004506936291058874,62.3235740949749,0.22204864025115967,0.005874262657016516,0.0030420441180467606,2.709520595089998e-05,6.40762118564453e-06,0.018654081970453262,0.01801581308245659,0.0,0.011042331345379353,0.0001083213574020192,0.12005195021629333,16.525500664072837,23.264672727496926,2.7513726205184543,1.5194220154617308
551,0.014477990567684174,0.00044922011386071606,62.47855558601441,1.2044072151184082,0.00529502471908927,0.0032324925996363163,3.992349957115948e-05,2.037394733633846e-05,0.010976539924740791,0.010688863694667816,0.0,0.006363757885992527,5.906802471145056e-05,0.12003675103187561,,,,
552,0.014777148142457008,0.00044774734653242734,62.597934506018646,1.8715728521347046,0.004713410511612892,0.0028581079095602036,6.748011219315231e-05,0.0001097672720788978,0.00801033154129982,0.017235588282346725,0.0,0.004450262989848852,0.00010845084034372121,0.12000899761915207,,,,
553,0.015460342168807983,0.00044627534165664025,62.71118831401691,1.5160682201385498,0.005933907814323902,0.0031193566974252462,6.37206103419885e-05,2.4816163204377517e-05,0.010674390941858292,0.012929597869515419,0.0,0.0054137674160301685,0.0001850198459578678,0.11996538937091827,,,,
554,0.014144059270620346,0.0004448041137614485,62.82848799997009,0.6991678476333618,0.0047801826149225235,0.0031140136998146772,1.6725860405131243e-05,4.15336326113902e-05,0.01969568245112896,0.010554151609539986,0.0,0.007358034141361713,2.524367482692469e-05,0.11990924924612045,,,,
555,0.016129769384860992,0.00044333367736727747,62.947298041020986,0.2575909197330475,0.0049459123983979225,0.002947123721241951,2.453007436997723e-05,2.9989332688273862e-05,0.022552382200956345,0.021484199911355972,0.0,0.02109166979789734,0.00029394234297797084,0.11984915286302567,,,,
556,0.015259508043527603,0.000441864046986741,63.06471204198897,0.9936925768852234,0.005061411298811436,0.0030592193361371756,6.768447201466188e-05,1.1965263183810748e-05,0.022583724930882454,0.01037183590233326,0.0,0.00867832824587822,0.0005630749510601163,0.1198016107082367,,,,
557,0.014696161262691021,0.0004403952371244972,63.18522184697213,1.429843544960022,0.004526383709162474,0.002697307150810957,1.2827897080569528e-05,6.034530088072643e-05,0.015516417101025581,0.01584513671696186,0.0,0.010246803984045982,0.0010510061401873827,0.1197514459490776,,,,
558,0.016465511173009872,0.00043892726227710686,63.30246595200151,1.6921350955963135,0.005128129385411739,0.002661969279870391,8.345695096068084e-05,5.134181265020743e-05,0.010869143530726433,0.02441844530403614,0.0,0.01701950468122959,0.0007094768225215375,0.1197032630443573,,,,
559,0.016314461827278137,0.0004374601369328888,63.41504690499278,1.4238650798797607,0.004734723828732967,0.003143216948956251,4.527842975221574e-05,3.4948272514157e-05,0.01747097820043564,0.025766462087631226,0.0,0.009004523977637291,0.00047094980254769325,0.11966697126626968,,,,
560,0.014388122595846653,0.0004359938755717779,63.52852544497,0.9739757776260376,0.005280797835439444,0.002614089287817478,2.711730485316366e-05,3.490206290734932e-05,0.01090784277766943,0.013407612219452858,0.0,0.019694902002811432,0.00026842800434678793,0.11962606757879257,,,,
561,0.014106007292866707,0.000434528492665182,63.64233758999035,0.5010300874710083,0.005007765255868435,0.0026079814415425062,5.923966455156915e-05,1.7375758034177125e-05,0.013102828525006771,0.012362119741737843,0.0,0.014683016575872898,0.0003710253513418138,0.1195957288146019,,,,
562,0.013766965828835964,0.00043306400267583865,63.758387958980165,0.6449369788169861,0.004467777442187071,0.0026729567907750607,4.192256528767757e-05,1.184782013297081e-05,0.022803232073783875,0.013725771568715572,0.0,0.011261845007538795,0.0002201760798925534,0.11956406384706497,,,,
563,0.014607097022235394,0.0004316004200576726,63.8760421309853,1.5267198085784912,0.005113600287586451,0.00285757496021688,5.783012602478266e-05,5.043746205046773e-05,0.016679875552654266,0.008024242706596851,0.0,0.014238797128200531,0.0002277818857692182,0.11953109502792358,,,,
564,0.01568561978638172,0.0004301377592556539,63.99812472501071,2.1877360343933105,0.004981426987797022,0.002786400495097041,4.1410206904402e-05,0.00011976754467468709,0.014672501012682915,0.017174676060676575,0.0,0.009198764339089394,0.0004890800919383764,0.11950208246707916,,,,
565,0.016801990568637848,0.0004286760347056538,64.11531910899794,2.536102771759033,0.004427461884915829,0.0032482806127518415,0.0001926405675476417,5.1222472393419594e-05,0.0030418490059673786,0.024637587368488312,0.0,0.009087818674743176,0.0002496272209100425,0.11946779489517212,,,,
566,0.016072841361165047,0.0004272152608343035,64.23385395796504,2.1459782123565674,0.005220906343311071,0.0025600893422961235,2.5790053769014776e-05,0.00019542576046660542,0.013049265369772911,0.018939675763249397,0.0,0.004864439368247986,0.0006105196662247181,0.11942494660615921,,,,
567,0.013242319226264954,0.00042575545205885166,64.3500558519736,1.2432341575622559,0.0045051840133965015,0.0026498024817556143,9.537775622447953e-05,1.161677482741652e-05,0.00959809496998787,0.009848128072917461,0.0,0.012248959392309189,0.00017104636935982853,0.11937221884727478,,,,
568,0.013815227895975113,0.0004242966227870213,64.46490436501335,0.24119208753108978,0.004529926460236311,0.002782273106276989,2.304831286892295e-05,1.870470805442892e-05,0.018045399338006973,0.017644470557570457,0.0,0.009730532765388489,3.066167118959129e-05,0.11931950598955154,,,,
569,0.014571687206625938,0.0004228387874168684,64.58408155798679,1.2252699136734009,0.004939003847539425,0.0025822361931204796,1.5811034245416522e-05,4.905686364509165e-05,0.016122182831168175,0.01794392243027687,0.0,0.01332630030810833,0.0004334590630605817,0.11925692856311798,,,,
570,0.014647184871137142,0.00042138196033663955,64.70339758199407,2.1767585277557373,0.004679244942963123,0.002630989532917738,9.029061766341329e-05,6.160823249956593e-05,0.011786525137722492,0.01936953142285347,0.0,0.0062242657877504826,0.00023028129362501204,0.11919765174388885,,,,
571,0.016156839206814766,0.00041992615592462997,64.82104815897765,2.2039623260498047,0.003971835132688284,0.0027459925040602684,0.00011421343515394256,0.0001261955767404288,0.01964537426829338,0.020524147897958755,0.0,0.01884998194873333,0.0001926134282257408,0.11913181096315384,,,,
572,0.013682209886610508,0.00041847138854904115,64.9371592910029,0.9638010263442993,0.0045611122623085976,0.0026759624015539885,2.705266342672985e-05,1.49710012919968e-05,0.014207380823791027,0.016428973525762558,0.0,0.005470483563840389,0.0006030717631801963,0.11907388269901276,,,,
573,0.013373838737607002,0.0004170176725678403,65.0548603089992,0.5629673600196838,0.004358275793492794,0.002560678403824568,2.1025334717705846e-05,9.225396752299275e-06,0.015030182898044586,0.0229097418487072,0.0,0.007610194385051727,4.9696973292157054e-05,0.11900807917118073,,,,
574,0.014602398499846458,0.0004155650223286168,65.17204797896557,1.7011563777923584,0.004598212894052267,0.002827608957886696,3.70440939150285e-05,5.7563185691833496e-05,0.015590840950608253,0.019466202706098557,0.0,0.008463635109364986,0.0001346144563285634,0.1189357116818428,,,,
575,0.014599625021219254,0.00041411345216844225,65.31517213396728,2.063425302505493,0.004779749549925327,0.002462611999362707,0.00011734415602404624,5.5786233133403584e-05,0.015240606851875782,0.015792110934853554,0.0,0.012182783335447311,9.40999889280647e-05,0.11886730790138245,14.33173900167184,20.157459184325504,1.5214967919237925,2.5755964794267383
576,0.01356283389031887,0.00041266297641372803,65.46005592198344,1.8655651807785034,0.0042686546221375465,0.0022963935043662786,2.867820512619801e-05,0.00010145064152311534,0.011127203702926636,0.01463575940579176,0.0,0.006030668038874865,0.0009598316391929984,0.11880287528038025,,,,
577,0.01369248703122139,0.00041121360938008443,65.57871945999796,1.4680378437042236,0.004571396391838789,0.0025893186684697866,6.426026084227487e-05,2.618083635752555e-05,0.015031848102807999,0.01586500182747841,0.0,0.004944968968629837,0.00033396302023902535,0.11873779445886612,,,,
578,0.012520339339971542,0.0004097653653721788,65.69652839098126,0.5870776772499084,0.004352461080998182,0.002564898459240794,1.6810390661703423e-05,1.2846956451539882e-05,0.010712976567447186,0.014010576531291008,0.0,0.008767200633883476,0.0002477708621881902,0.11867076903581619,,,,
579,0.013537387363612652,0.0004083182586835948,65.81750086997636,0.7867940068244934,0.004570834804326296,0.002986527979373932,1.0578803994576447e-05,8.590036486566532e-06,0.013789727352559566,0.011742109432816505,0.0,0.009943590499460697,0.0003223274543415755,0.11860572546720505,,,,
580,0.013820607215166092,0.00040687230359669137,65.93087352998555,2.003620147705078,0.0039234221912920475,0.0025263973511755466,4.202536365482956e-05,6.305564602371305e-05,0.007716653868556023,0.02128990739583969,0.0,0.01310774963349104,0.0005048220045864582,0.11854595690965652,,,,
581,0.015918999910354614,0.00040542751438246114,66.04911757499212,3.0285685062408447,0.004245344083756208,0.002418911550194025,0.0001707665214780718,0.0001975041232071817,0.02057824097573757,0.013944253325462341,0.0,0.010289856232702732,9.68036983977072e-05,0.11849277466535568,,,,
582,0.016034983098506927,0.00040398390530039087,66.17224254400935,3.056244134902954,0.005028861109167337,0.0029559768736362457,0.0001415669685229659,0.00012039092689519748,0.013403056189417839,0.012126586399972439,0.0,0.007431738078594208,0.00010174167255172506,0.1184500977396965,,,,
583,0.015193023718893528,0.00040254149059831893,66.29002416296862,2.2502169609069824,0.005333694163709879,0.0028109517879784107,4.057873229612596e-05,9.233201126335189e-05,0.008246727287769318,0.015966404229402542,0.0,0.013729950413107872,9.443314775126055e-05,0.11841005831956863,,,,
584,0.012907048687338829,0.0004011002845122963,66.40836048696656,0.9709204435348511,0.0039214929565787315,0.0023623998276889324,5.284287180984393e-05,1.0899966582655907e-05,0.01326204277575016,0.017606619745492935,0.0,0.019233860075473785,0.00011949380859732628,0.11837659031152725,,,,
585,0.013493920676410198,0.0003996603012664452,66.52523492398905,0.47252729535102844,0.004308824427425861,0.002505118027329445,3.703966649482027e-05,9.564410902385134e-06,0.01399153657257557,0.018533136695623398,0.0,0.010122631676495075,0.0005314408917911351,0.11835756152868271,,,,
586,0.014107652939856052,0.000398221555072819,66.64048196398653,1.4471862316131592,0.0037447356153279543,0.0023699242155998945,1.84577438631095e-05,8.05818272056058e-05,0.021900832653045654,0.02125525288283825,0.0,0.013010728172957897,0.0006432302761822939,0.1183391883969307,,,,
587,0.013233834877610207,0.00039678406013126153,66.7580026939977,2.0489957332611084,0.004520941525697708,0.002414319198578596,0.00010996944911312312,3.8787628000136465e-05,0.007631827145814896,0.010411740280687809,0.0,0.014032031409442425,0.0001539913355372846,0.11832540482282639,,,,
588,0.01348001416772604,0.0003953478306292678,66.87649958499242,1.951186180114746,0.004554815124720335,0.002264842391014099,4.632477066479623e-05,0.00010040724009741098,0.02081514522433281,0.012492399662733078,0.0,0.008158639073371887,0.00011194740363862365,0.1183168813586235,,,,
589,0.012422277592122555,0.0003939128807418432,66.992571759969,1.2834523916244507,0.004475383087992668,0.002278739120811224,4.573947444441728e-05,2.40432327700546e-05,0.011256449855864048,0.013423072174191475,0.0,0.009442230686545372,0.00019604628323577344,0.11830244213342667,,,,
590,0.013081221841275692,0.00039247922463136336,67.10982976999367,0.2447933554649353,0.004411305766552687,0.002382135484367609,1.4784111044718884e-05,1.3636969015351497e-05,0.015256066806614399,0.021223723888397217,0.0,0.00354045070707798,0.0004409502726048231,0.11828538775444031,,,,
591,0.012392568401992321,0.00039104687644743593,67.23045610002009,1.689555048942566,0.003922951407730579,0.0024916580878198147,3.4359287383267656e-05,9.450882498640567e-05,0.009331121109426022,0.011401072144508362,0.0,0.008658919483423233,3.9756661863066256e-05,0.11825390160083771,,,,
592,0.014146841131150723,0.0003896158503267587,67.3508697259822,2.897737979888916,0.004500769544392824,0.0023860489018261433,0.0001783157786121592,7.6078184065409e-05,0.013773063197731972,0.009438704699277878,0.0,0.010962139815092087,3.1188355933409184e-05,0.11821521073579788,,,,
593,0.015626799315214157,0.0003881861603929821,67.47201932099415,2.934810161590576,0.0047986311838030815,0.002451116219162941,5.6412722187815234e-05,0.00021952131646685302,0.012998759746551514,0.017292167991399765,0.0,0.005527895409613848,0.000392872781958431,0.11817324161529541,,,,
594,0.013571190647780895,0.0003867578207565683,67.59281807800289,2.00368595123291,0.004723098129034042,0.002189444378018379,0.00014868432481307536,3.321137046441436e-05,0.019267940893769264,0.01149236224591732,0.0,0.005075464025139809,0.00016571588639635593,0.11812472343444824,,,,
595,0.011191650293767452,0.0003853308455146531,67.71170170500409,0.37907910346984863,0.004147371277213097,0.0021345873828977346,1.8450651623425074e-05,2.3660180886508897e-05,0.013688549399375916,0.01114600244909525,0.0,0.0036169057711958885,0.0002560580614954233,0.1180657371878624,,,,
596,0.01209163572639227,0.0003839052487509058,67.83183783601271,1.2402691841125488,0.003906513564288616,0.002245587296783924,1.313774373556953e-05,4.5831511670257896e-05,0.020264368504285812,0.011787693947553635,0.0,0.013069525361061096,0.0001407907111570239,0.11800086498260498,,,,
597,0.012625066563487053,0.00038248104453539127,67.95313323801383,2.2102129459381104,0.004591476637870073,0.0022420219611376524,8.626887574791908e-05,7.164776616264135e-05,0.009973155334591866,0.010288890451192856,0.0,0.005658801179379225,4.1949031583499163e-05,0.11794321238994598,,,,
598,0.014095467515289783,0.00038105824692442983,68.07074563700007,2.266566514968872,0.004463938996195793,0.0022843964397907257,9.638934716349468e-05,9.134232823271304e-05,0.012585301883518696,0.015498634427785873,0.0,0.015898019075393677,9.351252811029553e-05,0.11787771433591843,,,,
599,0.013032558374106884,0.0003796368699604595,68.1901514629717,1.8137162923812866,0.003873973386362195,0.00226196413859725,3.034938345081173e-05,4.6070395910646766e-05,0.010913154110312462,0.020395319908857346,0.0,0.007292179856449366,0.0008028362062759697,0.117824025452137,,,,
600,0.012587216682732105,0.00037821692767189743,68.30912331701256,1.7420499324798584,0.004359081387519836,0.00208433554507792,4.5879321987740695e-05,5.0609767640708014e-05,0.013107549399137497,0.014256952330470085,0.0,0.011327575892210007,0.00032935355557128787,0.11776838451623917,13.088559136248007,18.346030253978963,3.0523001465340194,1.6647320228463711
601,0.012929577380418777,0.00037679843407300044,68.45353146101115,1.554801106452942,0.004579294007271528,0.0021727383136749268,5.706168303731829e-05,3.7240413803374395e-05,0.014944985508918762,0.013312396593391895,0.0,0.009874522686004639,0.0003718517255038023,0.1177186369895935,,,,
602,0.010451951064169407,0.0003753814031637277,68.57591863902053,0.6027289628982544,0.0038208607584238052,0.0018652756698429585,1.0485355232958682e-05,2.0617357222363353e-05,0.024234293028712273,0.008522084914147854,0.0,0.0035217818804085255,0.00023182653239928186,0.11767218261957169,,,,
603,0.012962281703948975,0.00037396584892960226,68.69730342796538,1.0004427433013916,0.004146441351622343,0.002259713364765048,9.208639312419109e-06,2.3134160073823296e-05,0.009366913698613644,0.02091376855969429,0.0,0.007908251136541367,0.0009002372971735895,0.11761395633220673,,,,
604,0.013366580940783024,0.000372551785341573,68.81525165599305,2.784294843673706,0.004041051957756281,0.0020312671549618244,0.0001329856168013066,9.728501026984304e-05,0.0178514514118433,0.0158787090331316,0.0,0.004386685788631439,0.00014295763685368001,0.11755312979221344,,,,
605,0.015790905803442,0.00037113922635587646,68.93383283098228,3.8097431659698486,0.004023132845759392,0.0023493003100156784,0.00017759895126800984,0.00026280590100213885,0.023181026801466942,0.008700136095285416,0.0,0.006839837413281202,0.00017658015713095665,0.11748578399419785,,,,
606,0.015125998295843601,0.00036972818591389983,69.05183079402195,3.4276814460754395,0.004198114387691021,0.002248068805783987,0.0001588199520483613,0.00013533225865103304,0.010499068535864353,0.018741505220532417,0.0,0.013374941423535347,0.00030495808459818363,0.11741518974304199,,,,
607,0.012604841031134129,0.00036831867794204237,69.17101578699658,1.8686639070510864,0.00411909818649292,0.0021768631413578987,4.318362334743142e-05,8.397871715715155e-05,0.02056809328496456,0.013265429064631462,0.0,0.004480887670069933,0.00016405098722316325,0.11734984070062637,,,,
608,0.01154189184308052,0.0003669107163515789,69.29157628200483,0.628200352191925,0.003976441454142332,0.0022988319396972656,1.558219810249284e-05,1.2669816896959674e-05,0.019731339067220688,0.007874500006437302,0.0,0.012147067114710808,0.00018661440117284656,0.11728058755397797,,,,
609,0.013170207850635052,0.0003655043150385217,69.40909765497781,2.6583659648895264,0.0037248728331178427,0.0023592787329107523,0.00013211299665272236,9.498630970483646e-05,0.014113642275333405,0.013759227469563484,0.0,0.0036441616248339415,7.476309838239104e-05,0.11721005290746689,,,,
610,0.014041464775800705,0.0003640994878834841,69.5249757010024,3.5875871181488037,0.003937814850360155,0.0018503766041249037,0.0001367660443065688,0.0002510561025701463,0.014096901752054691,0.010819349437952042,0.0,0.004244927316904068,0.00040851504309102893,0.11713366955518723,,,,
611,0.014694838784635067,0.00036269624875154294,69.63904179201927,3.2478694915771484,0.004018425475805998,0.002326805843040347,0.00017369069973938167,0.00010275342356180772,0.015884164720773697,0.01473525632172823,0.0,0.016103588044643402,6.839167326688766e-05,0.1170540452003479,,,,
612,0.012756157666444778,0.0003612946114921019,69.75443457998335,1.6391488313674927,0.003993278834968805,0.0021822925191372633,2.695827788556926e-05,8.078542305156589e-05,0.024840056896209717,0.012342809699475765,0.0,0.012742388062179089,9.04713524505496e-05,0.11698227375745773,,,,
613,0.01097674760967493,0.000359894589938755,69.87691176199587,0.6856621503829956,0.004161548335105181,0.001994030550122261,1.6864234567037784e-05,1.7573191144037992e-05,0.013119709677994251,0.010925276204943657,0.0,0.010576389729976654,8.851132588461041e-05,0.11692030727863312,,,,
614,0.012895395047962666,0.0003584961979091495,69.99297108198516,2.4464972019195557,0.003890880150720477,0.001948018092662096,0.00013451477570924908,6.879007560200989e-05,0.01467901561409235,0.018558841198682785,0.0,0.004918206483125687,0.00012282660463824868,0.11685900390148163,,,,
615,0.013607705011963844,0.0003570994492048505,70.12031416100217,2.676776170730591,0.003998156171292067,0.0018047939520329237,7.643242133781314e-05,0.00017126603052020073,0.019914478063583374,0.014760374091565609,0.0,0.012131733819842339,0.000327835266944021,0.11679381132125854,,,,
616,0.012389326468110085,0.00035570435761120354,70.24186358397128,1.1838128566741943,0.004435644950717688,0.0019803172908723354,4.5793036406394094e-05,1.0727933840826154e-05,0.021149687469005585,0.01597493514418602,0.0,0.005970912054181099,0.0003575728624127805,0.11674167215824127,,,,
617,0.01129145547747612,0.0003543109368971996,70.35580417601159,0.7933030128479004,0.004270615521818399,0.0020271791145205498,3.42468119924888e-05,8.529590559192002e-06,0.019141297787427902,0.010751612484455109,0.0,0.0065933228470385075,6.014231257722713e-05,0.11668367683887482,,,,
618,0.01388310082256794,0.00035291920081533847,70.47670624800958,2.0410945415496826,0.003879842348396778,0.002155513735488057,3.205004759365693e-05,0.00011246307985857129,0.018470747396349907,0.02791512757539749,0.0,0.005319775082170963,0.0001494362368248403,0.11662440001964569,,,,
619,0.011732657440006733,0.00035152916310149347,70.60107752401382,2.065566062927246,0.003769015660509467,0.0022281715646386147,0.00010328204371035099,4.452536450116895e-05,0.014488804154098034,0.00872807390987873,0.0,0.004953349009156227,6.77458883728832e-05,0.11656317859888077,,,,
620,0.010867339558899403,0.0003501408374747756,70.72199418098899,0.9697003364562988,0.003742355853319168,0.0019661947153508663,1.5977633665897883e-05,4.395707946969196e-05,0.009793249890208244,0.012755431234836578,0.0,0.008780442178249359,0.00027251848950982094,0.11650002002716064,,,,
621,0.011191796511411667,0.00034875423763739837,70.83983668900328,0.421732097864151,0.004179349634796381,0.0018964624032378197,1.2175571100669913e-05,2.101720019709319e-05,0.017191043123602867,0.014318523928523064,0.0,0.0058058141730725765,0.00018945758347399533,0.11644208431243896,,,,
622,0.011168607510626316,0.0003473693772745425,70.96186539100017,1.266370177268982,0.0038654939271509647,0.0020230207592248917,4.9998387112282217e-05,2.1433426809380762e-05,0.020961962640285492,0.00927695631980896,0.0,0.006658734288066626,0.0001176394143840298,0.11638351529836655,,,,
623,0.01154977735131979,0.0003459862700542203,71.07586454600096,1.337469458580017,0.003976948093622923,0.0021904646418988705,2.7320404115016572e-05,2.6673180400393903e-05,0.015294352546334267,0.011521853506565094,0.0,0.009216976352036,0.00015788577729836106,0.11632626503705978,,,,
624,0.011569266207516193,0.0003446049296271422,71.19767760497052,0.7614167928695679,0.003992064855992794,0.0018452510703355074,8.242333024099935e-06,2.0674695406341925e-05,0.0249509084969759,0.017635609954595566,0.0,0.006622129585593939,0.00013904036313761026,0.11627552658319473,,,,
625,0.010792406275868416,0.00034322536962658006,71.32162818696816,0.15969952940940857,0.004167286679148674,0.002064088126644492,1.77743895619642e-05,6.941043466213159e-06,0.008723422884941101,0.013480950146913528,0.0,0.00677140848711133,1.0733563613030128e-05,0.1162189468741417,12.789452403584617,18.032139332831424,1.622854879958507,1.153523010402491
626,0.01071117166429758,0.0003418476036682344,71.46486080397153,0.8045207858085632,0.003753554541617632,0.0017874676268547773,2.7560829039430246e-05,2.2572083253180608e-05,0.013918381184339523,0.01592298597097397,0.0,0.005334533751010895,0.00021024749730713665,0.11615978926420212,,,,
627,0.010296284221112728,0.00034047164535009884,71.58126433601137,0.9239691495895386,0.0035371899139136076,0.001826284802518785,2.3444852558895946e-05,1.0549733815423679e-05,0.02084912732243538,0.011479921638965607,0.0,0.008376790210604668,4.11979308410082e-05,0.11609413474798203,,,,
628,0.010271944105625153,0.0003390975082523267,71.69339853699785,0.7185255289077759,0.0038495990447700024,0.001970193348824978,1.2123256965423934e-05,1.773600342858117e-05,0.014564020559191704,0.010614840313792229,0.0,0.005305286962538958,1.2386938578856643e-05,0.11602980643510818,,,,
629,0.009489799849689007,0.00033772520593709597,71.80731076101074,0.27325063943862915,0.0032098160590976477,0.0016564589459449053,2.3290374883799814e-05,9.496851816948038e-06,0.011178087443113327,0.015330396592617035,0.0,0.004798978101462126,0.00019133617752231658,0.11596419662237167,,,,
630,0.01248109433799982,0.00033635475194847687,71.92564322199905,0.30136269330978394,0.00424038153141737,0.0017236240673810244,2.624238550197333e-05,7.920132702565752e-06,0.024635259062051773,0.022353101521730423,0.0,0.006490163505077362,0.0005443592090159655,0.11589925736188889,,,,
631,0.009891057386994362,0.00033498615981229703,72.04351310996572,0.21048133075237274,0.003357600886374712,0.0016888610552996397,2.096658863592893e-05,1.5459743735846132e-05,0.019621126353740692,0.010764501988887787,0.0,0.007614025846123695,0.00023742523626424372,0.11583757400512695,,,,
632,0.009883430786430836,0.00033361944303600795,72.15902948001167,0.1920342892408371,0.00399745162576437,0.0018190722912549973,1.704438545857556e-05,9.646555554354563e-06,0.01913905143737793,0.005056408233940601,0.0,0.007081939373165369,4.8455403884872794e-05,0.11577851325273514,,,,
633,0.010163865983486176,0.0003322546151085528,72.27305444300873,0.3258407711982727,0.0038368746172636747,0.0017959836404770613,1.2730592061416246e-05,1.0407100489828736e-05,0.008169001899659634,0.015378063544631004,0.0,0.007852011360228062,4.906816320726648e-05,0.11572140455245972,,,,
634,0.010241284035146236,0.00033089168950023196,72.38662252301583,0.7559301853179932,0.0035212484654039145,0.0018391839694231749,1.956551568582654e-05,8.297232852783054e-06,0.029779527336359024,0.006707579363137484,0.0,0.008208931423723698,7.719384302617982e-05,0.11566561460494995,,,,
635,0.010759721510112286,0.00032953067966257104,72.50081611296628,0.9829634428024292,0.003828558372333646,0.0018927365308627486,3.367782846908085e-05,2.7378177037462592e-05,0.0162523053586483,0.014038761146366596,0.0,0.0019450210966169834,0.00010577325883787125,0.11561307311058044,,,,
636,0.010446465574204922,0.00032817159902818777,72.61508217599476,0.5721071362495422,0.003976259380578995,0.0017099272226914763,1.749511284288019e-05,7.95588675828185e-06,0.014545243233442307,0.013793613761663437,0.0,0.009974680840969086,7.493015436921269e-05,0.11555276811122894,,,,
637,0.00952194631099701,0.0003268144610106593,72.73176562000299,0.3161928057670593,0.0036076984833925962,0.0016808437649160624,1.7727155864122324e-05,7.813700904080179e-06,0.016147904098033905,0.011155204847455025,0.0,0.003390813246369362,8.91960080480203e-05,0.11549960821866989,,,,
638,0.010335768572986126,0.00032545927900438974,72.84854816301959,1.002367377281189,0.0035259288270026445,0.0020186533220112324,1.4352403013617732e-05,3.7388934288173914e-05,0.022493600845336914,0.006938890088349581,0.0,0.005857275333255529,2.8245289286132902e-05,0.11544127762317657,,,,
639,0.009962143376469612,0.00032410606638447876,72.96257091697771,1.212030053138733,0.0031924163922667503,0.0017790708225220442,5.3484338423004374e-05,1.417053681507241e-05,0.017709797248244286,0.012054627761244774,0.0,0.005492631811648607,5.406975469668396e-05,0.11538361012935638,,,,
640,0.012003918178379536,0.00032275483650658825,73.07793068699539,0.9560165405273438,0.004151571076363325,0.0018102902686223388,1.227156008098973e-05,4.042809450766072e-05,0.013014016672968864,0.019188260659575462,0.0,0.012468632310628891,0.00039648578967899084,0.11532530188560486,,,,
641,0.011093336157500744,0.00032140560270681184,73.19570223998744,0.30153411626815796,0.003828661749139428,0.0016535683535039425,2.158283859898802e-05,1.1780482964240946e-05,0.020915746688842773,0.01920970343053341,0.0,0.007678688503801823,0.00015793651982676238,0.11527608335018158,,,,
642,0.009265151806175709,0.0003200583783015424,73.30846594297327,0.9000080227851868,0.0032907407730817795,0.0015173312276601791,3.579193071345799e-05,1.0265407581755426e-05,0.020021429285407066,0.011451607570052147,0.0,0.0037503947969526052,3.019779614987783e-05,0.1152249276638031,,,,
643,0.012269912287592888,0.0003187131765873406,73.4207592169987,1.5838263034820557,0.003407198702916503,0.0020093745552003384,3.470359661150724e-05,6.41451042611152e-05,0.03273570537567139,0.01792025938630104,0.0,0.005076298490166664,5.7681423641042784e-05,0.11516925692558289,,,,
644,0.01166552770882845,0.0003173700108408048,73.54042747698259,1.5280132293701172,0.0036733599845319986,0.001966578885912895,3.096299042226747e-05,1.508811237727059e-05,0.02158588171005249,0.019273998215794563,0.0,0.002278686733916402,0.0003627602709457278,0.1151103600859642,,,,
645,0.011216246522963047,0.0003160288943184381,73.65802598698065,1.1725776195526123,0.0036854748614132404,0.0015675320755690336,2.0986284653190523e-05,4.84773117932491e-05,0.030829399824142456,0.015956711024045944,0.0,0.0046739960089325905,0.00021518563153222203,0.11504565179347992,,,,
646,0.011208102107048035,0.0003146898402565197,73.77137621596921,0.39854079484939575,0.003596407826989889,0.001707334304228425,2.2370790247805417e-05,8.688171874382533e-06,0.023414472118020058,0.022024355828762054,0.0,0.004770596511662006,0.0001597723749000579,0.11497579514980316,,,,
647,0.00934433750808239,0.00031335286187097214,73.88801876700018,0.776898980140686,0.0030525457113981247,0.0016074281884357333,4.4205906306160614e-05,9.513882105238736e-06,0.01659490168094635,0.012006722390651703,0.0,0.00537502346560359,0.00012566189980134368,0.11490724980831146,,,,
648,0.010983399115502834,0.00031201797235723265,74.00278560700826,1.2870875597000122,0.003833509748801589,0.0017265432979911566,1.4486802683677524e-05,5.3134594054427e-05,0.010699691250920296,0.013178878463804722,0.0,0.009728607721626759,0.000566451926715672,0.11483485251665115,,,,
649,0.010442238301038742,0.00031068518489012144,74.11502566200215,1.3869585990905762,0.003315957961603999,0.0020211241208016872,4.290748620405793e-05,1.2054453691234812e-05,0.011040221899747849,0.011084926314651966,0.0,0.01332363486289978,9.295737254433334e-05,0.11477086693048477,,,,
650,0.010111370123922825,0.0003093545126237132,74.23269617697224,0.80178302526474,0.003279142314568162,0.0017324995715171099,1.4225974155124277e-05,2.61752193182474e-05,0.018292412161827087,0.01661517657339573,0.0,0.0029910923913121223,0.00012281659292057157,0.11470690369606018,12.989169733640487,18.32918089212142,1.586779046565413,0.66220040958247
651,0.009270752780139446,0.0003080259686912058,74.37521002697758,0.15017089247703552,0.003445153124630451,0.0017267751973122358,1.0370279596827459e-05,8.890417120710481e-06,0.01632746495306492,0.0093769496306777,0.0,0.006005153059959412,1.0480982382432558e-05,0.11463521420955658,,,,
652,0.010145565494894981,0.0003066995662047912,74.49030233401572,0.6645342707633972,0.003823601407930255,0.0016184336272999644,1.393052934872685e-05,1.947127384482883e-05,0.01986772194504738,0.014567678794264793,0.0,0.0033773109316825867,1.7498723536846228e-05,0.1145603135228157,,,,
653,0.010259484872221947,0.0003053753182555267,74.60406005597906,0.406737357378006,0.003971294034272432,0.0016408523079007864,1.867707760538906e-05,1.4347139767778572e-05,0.01681230217218399,0.009602712467312813,0.0,0.010070678777992725,0.0002573473029769957,0.11447769403457642,,,,
654,0.00969591923058033,0.0003040532379132052,74.71780545299407,0.5638996362686157,0.004063900094479322,0.0016998050268739462,1.9686611267388798e-05,1.7773243598639965e-05,0.009426653385162354,0.0106806680560112,0.0,0.003317488357424736,3.8140919059515e-05,0.11439575254917145,,,,
655,0.011547375470399857,0.00030273333822622564,74.82965161302127,1.3883004188537598,0.0034789033234119415,0.0021057953126728535,2.9910390367149375e-05,1.75221011886606e-05,0.019574731588363647,0.020287541672587395,0.0,0.0049467068165540695,1.342364885204006e-05,0.11430738866329193,,,,
656,0.01075662486255169,0.0003014156322214651,74.945758818998,1.443686604499817,0.003560234559699893,0.0016098176129162312,2.388841676292941e-05,5.776267062174156e-05,0.011848535388708115,0.01761707104742527,0.0,0.01068163476884365,0.00015781031106598675,0.1142171248793602,,,,
657,0.009364722296595573,0.0003001001329041497,75.06411048700102,0.8204811811447144,0.0036960633005946875,0.0016120756044983864,2.6875704861595295e-05,1.393005732097663e-05,0.018575482070446014,0.007922250777482986,0.0,0.003643186530098319,1.9153720131726004e-05,0.11413849890232086,,,,
658,0.009227209724485874,0.00029878685325772684,75.18117907101987,0.3143627941608429,0.0032958798110485077,0.0015573580749332905,2.9414961318252608e-05,7.096309673215728e-06,0.012997200712561607,0.013090651482343674,0.0,0.0052327318117022514,0.00011688321683323011,0.11405667662620544,,,,
659,0.010891837999224663,0.00029747580624373655,75.29791937000118,1.275742530822754,0.0037653865292668343,0.00162446906324476,1.3819704690831713e-05,2.8747283067787066e-05,0.02409510500729084,0.015340588055551052,0.0,0.006603126414120197,0.0002688951790332794,0.11397745460271835,,,,
660,0.009784477762877941,0.00029616700480168337,75.416711347003,1.841241478919983,0.0032313282135874033,0.001614101929590106,6.0308462707325816e-05,3.249421570217237e-05,0.00650037731975317,0.016589343547821045,0.0,0.003851007204502821,0.00010651201591826975,0.11390341818332672,,,,
661,0.011144408024847507,0.000294860461848909,75.53159518999746,1.6206743717193604,0.00347041804343462,0.001821897691115737,4.730459113488905e-05,6.53089300612919e-05,0.024279305711388588,0.013089179061353207,0.0,0.004229153972119093,5.5891043302835897e-05,0.11382682621479034,,,,
662,0.01019721757620573,0.00029355619028046526,75.64934474200709,0.5823453068733215,0.00386656541377306,0.0015803243732079864,2.104473242070526e-05,6.096660854382208e-06,0.010841427370905876,0.018489906564354897,0.0,0.00482800742611289,0.0001523771497886628,0.11374897509813309,,,,
663,0.008793387562036514,0.00029225420296898584,75.77019140898483,0.5730874538421631,0.0033249440602958202,0.0013538298662751913,2.1489327991730534e-05,6.923085948074004e-06,0.017005426809191704,0.010667029768228531,0.0,0.005267872475087643,0.00018262230150867254,0.11366858333349228,,,,
664,0.009420321322977543,0.0002909545127645595,75.88610124698607,1.3032288551330566,0.0034491263795644045,0.0015221517533063889,1.723245259199757e-05,3.9767608541296795e-05,0.015739385038614273,0.008024071343243122,0.0,0.010245168581604958,0.00014166816254146397,0.1135888546705246,,,,
665,0.009107652120292187,0.0002896571324946045,76.00366535101784,1.352440357208252,0.0034356366377323866,0.0014261510223150253,5.7622266467660666e-05,1.8335602362640202e-05,0.018916871398687363,0.005841214209794998,0.0,0.006801516283303499,7.657237438252196e-05,0.11352072656154633,,,,
666,0.009062247350811958,0.00028836207496374,76.12282833497738,0.8486512303352356,0.002885910915210843,0.001555388793349266,1.0622161425999366e-05,3.0395454814424738e-05,0.01444220170378685,0.013316935859620571,0.0,0.0035858263727277517,0.00030883587896823883,0.11345197260379791,,,,
667,0.009083484299480915,0.0002870693529536611,76.24025709601119,0.1523786038160324,0.0037076431326568127,0.0015498352004215121,1.940392940014135e-05,1.6625270291115157e-05,0.01997370645403862,0.006317160092294216,0.0,0.0030102962628006935,2.1581709006568417e-05,0.11338067054748535,,,,
668,0.00851235818117857,0.0002857789792230118,76.3562463640119,0.7054223418235779,0.003119482658803463,0.0014205302577465773,2.5451823603361845e-05,1.043188512994675e-05,0.013987100683152676,0.010290494188666344,0.0,0.002227675635367632,0.00023988548491615802,0.1133042573928833,,,,
669,0.008661829866468906,0.0002844909665072604,76.48491493897745,0.8486681580543518,0.0032259048894047737,0.0014218678697943687,1.4979954357841052e-05,2.5596644263714552e-05,0.0191660076379776,0.007689254358410835,0.0,0.004681748803704977,0.00011188414646312594,0.11322658509016037,,,,
670,0.009157717227935791,0.00028320532751857186,76.6077155880048,0.6488112211227417,0.0030972284730523825,0.0016732176300138235,1.8682923837332055e-05,1.527367021481041e-05,0.01716017536818981,0.010718515142798424,0.0,0.006339339539408684,1.4509060747514013e-05,0.11315086483955383,,,,
671,0.010900895111262798,0.00028192207494568447,76.72427039599279,0.45732152462005615,0.003518444485962391,0.0017792325234040618,9.075927664525807e-06,6.24111999059096e-06,0.016558263450860977,0.024361196905374527,0.0,0.003471336793154478,0.0001201401391881518,0.11307517439126968,,,,
672,0.009563629515469074,0.00028064122145378265,76.84444266196806,0.3022419810295105,0.0030494846869260073,0.0016578310169279575,1.9355911717866547e-05,9.535936442262027e-06,0.01578356698155403,0.016253981739282608,0.0,0.006115100346505642,7.623635610798374e-05,0.11299629509449005,,,,
673,0.009551402181386948,0.00027936277968437366,76.96106500498718,0.5382266640663147,0.0032455110922455788,0.0017935553332790732,1.6209514797083102e-05,6.446621682698606e-06,0.009313618764281273,0.014824546873569489,0.0,0.007367337122559547,6.279461376834661e-05,0.11292193084955215,,,,
674,0.008029256016016006,0.0002780867622551614,77.07463815598749,0.5517640113830566,0.003043194767087698,0.0014004968106746674,1.3575303455581889e-05,2.2229132810025476e-05,0.011369671672582626,0.009407903999090195,0.0,0.00386234768666327,1.1778030057030264e-05,0.11285400390625,,,,
675,0.008240005001425743,0.00027681318175992264,77.1944429220166,0.6664267182350159,0.0030077470000833273,0.0014887436991557479,1.758828693709802e-05,1.6535084796487354e-05,0.01523887924849987,0.008240722119808197,0.0,0.0030589192174375057,6.178572948556393e-05,0.11278993636369705,17.53776986875007,24.676766560824028,3.2687701039890795,1.3126363126977063
676,0.009566272608935833,0.0002755420507683828,77.34042980201775,1.2494169473648071,0.0032056402415037155,0.0016392780235037208,6.466418562922627e-05,2.2555372197530232e-05,0.012445153668522835,0.01043383963406086,0.0,0.006513396743685007,0.00010584275878500193,0.11272653192281723,,,,
677,0.009084789082407951,0.00027427338182609186,77.46213279297808,0.5921830534934998,0.003166681621223688,0.0013310718350112438,9.928102372214198e-06,1.931669976329431e-05,0.01771608367562294,0.016639847308397293,0.0,0.004205469042062759,9.078712901100516e-05,0.11266697943210602,,,,
678,0.008908966556191444,0.00027300718745429983,77.59416784497444,0.9322793483734131,0.0030734511092305183,0.0013731130165979266,7.530411949119298e-06,4.0708371670916677e-05,0.02065148577094078,0.010953770950436592,0.0,0.0034744341392070055,0.00019261962734162807,0.11260873079299927,,,,
679,0.00962125975638628,0.0002717434801498338,77.71608077397104,2.115492343902588,0.003326940815895796,0.0016973407473415136,7.346492930082604e-05,2.2514512238558382e-05,0.018014850094914436,0.00697779655456543,0.0,0.003848447697237134,3.635287794168107e-05,0.11254537105560303,,,,
680,0.009504741057753563,0.0002704822723849751,77.83532219496556,1.8384754657745361,0.0032187290489673615,0.0014446735149249434,3.0911742214811966e-05,8.775846799835563e-05,0.013443944975733757,0.00966169685125351,0.0,0.005453120451420546,0.00018645741511136293,0.11248267441987991,,,,
681,0.009949207305908203,0.000269223576607335,77.95271427201806,0.4587889611721039,0.0034021874889731407,0.0013810291420668364,1.3717095498577692e-05,1.0133506293641403e-05,0.018763350322842598,0.02068508230149746,0.0,0.008072800934314728,2.3718399461358786e-05,0.11242318898439407,,,,
682,0.00937169324606657,0.00026796740523973243,78.07084178196965,1.1299186944961548,0.003266820451244712,0.0013289880007505417,3.4479038731660694e-05,3.192149961250834e-05,0.02015751600265503,0.013740403577685356,0.0,0.0053306566551327705,2.2071890271035954e-05,0.11236947774887085,,,,
683,0.009807471185922623,0.00026671377068007197,78.19943224097369,1.5051143169403076,0.003078845329582691,0.001522339298389852,3.362937059137039e-05,3.038691465917509e-05,0.012268422171473503,0.019870474934577942,0.0,0.004215710796415806,0.00012021655857097358,0.11231257766485214,,,,
684,0.009623553603887558,0.0002654626853012207,78.31900194799528,1.272225022315979,0.002943663392215967,0.0014516416704282165,1.0502370969334152e-05,1.2791031622327864e-05,0.013531138189136982,0.018642254173755646,0.0,0.008862649090588093,0.0004475039313547313,0.11225377768278122,,,,
685,0.008643937297165394,0.000264214161450886,78.43803655699594,0.9441004991531372,0.002848436590284109,0.0013088688720017672,2.3554965082439594e-05,3.0316961783682927e-05,0.017432987689971924,0.013990867882966995,0.0,0.004751801025122404,1.851249544415623e-05,0.11220458149909973,,,,
686,0.008031382225453854,0.00026296821145149415,78.55762432998745,0.1032075434923172,0.003174370853230357,0.0012596345040947199,1.306449394178344e-05,1.1413747415645048e-05,0.009907339699566364,0.012896628119051456,0.0,0.0032265165355056524,3.4447715734131634e-05,0.11215730756521225,,,,
687,0.009426805190742016,0.0002617248476000689,78.6775519020157,0.8732168078422546,0.003729470307007432,0.0014354478335008025,3.1123356166062877e-05,1.4887807992636226e-05,0.014683102257549763,0.013454772531986237,0.0,0.003343442687764764,7.419467692670878e-06,0.11210301518440247,,,,
688,0.008150594308972359,0.00026048408216810924,78.79651087097591,1.0547170639038086,0.0028675030916929245,0.0013952860608696938,8.677640835230704e-06,3.001554978254717e-05,0.011968527920544147,0.011293021962046623,0.0,0.002273034304380417,0.00015215727034956217,0.11204937845468521,,,,
689,0.00909128412604332,0.00025924592740146933,78.9166452519712,0.7823192477226257,0.003350223181769252,0.0014473015908151865,2.6056757633341476e-05,7.701342838117853e-06,0.015524801798164845,0.012709880247712135,0.0,0.004285853356122971,0.0001353654224658385,0.11199064552783966,,,,
690,0.008356548845767975,0.00025801039552023655,79.03730143996654,0.2753011882305145,0.0028678965754806995,0.001463474240154028,9.919589501805604e-06,1.537985917821061e-05,0.012005133554339409,0.010786968283355236,0.0,0.007458385080099106,0.00014490543981082737,0.11193066090345383,,,,
691,0.008227324113249779,0.0002567774987186121,79.15565655298997,0.26554247736930847,0.003522175597026944,0.001336591667495668,1.3573129763244651e-05,1.5669556887587532e-05,0.01092691719532013,0.009110156446695328,0.0,0.003263542428612709,7.127687240426894e-06,0.111872598528862,,,,
692,0.009430183097720146,0.00025554724916478945,79.27235842001392,0.15063807368278503,0.0028713427018374205,0.0015099429292604327,1.4758281395188533e-05,8.052461453189608e-06,0.023800209164619446,0.016106873750686646,0.0,0.004274280276149511,0.0001846224768087268,0.11181263625621796,,,,
693,0.008763385005295277,0.0002543196590008351,79.38613207597518,0.27387139201164246,0.0034318973775953054,0.0014119409024715424,1.4104003639658913e-05,7.164373528212309e-06,0.017067058011889458,0.011310873553156853,0.0,0.0027369086164981127,6.188806582940742e-05,0.11174759268760681,,,,
694,0.010197962634265423,0.000253094740342568,79.50530796399107,0.2201613038778305,0.003389829071238637,0.0014555755769833922,1.8017903130385093e-05,6.680501883238321e-06,0.02727346494793892,0.01889830268919468,0.0,0.005034887231886387,3.3073585655074567e-05,0.1116781011223793,,,,
695,0.00805798638612032,0.00025187250527944143,79.624622481002,0.433558851480484,0.00295210350304842,0.0012648575939238071,1.1855295269924682e-05,2.0382742150104605e-05,0.009599022567272186,0.013359494507312775,0.0,0.005332970526069403,5.9631438489304855e-05,0.11160609126091003,,,,
696,0.009189177304506302,0.00025065296587442176,79.7411762640113,0.6380596160888672,0.003261019941419363,0.001481116283684969,3.13376949634403e-05,7.725777322775684e-06,0.011165738105773926,0.0167238786816597,0.0,0.0041303476318717,2.6563535357126966e-05,0.1115347370505333,,,,
697,0.0085912449285388,0.0002494361341638703,79.85972949501593,0.5993087291717529,0.003576124319806695,0.0013500060886144638,9.084955308935605e-06,2.3143968064687215e-05,0.01305418461561203,0.008975347504019737,0.0,0.005262171849608421,6.800256960559636e-05,0.11146467179059982,,,,
698,0.009142403490841389,0.00024822202215742524,79.9764203109662,0.2747892737388611,0.0032729031518101692,0.0012561162002384663,2.0112351194256917e-05,8.653241820866242e-06,0.014169180765748024,0.018668556585907936,0.0,0.002888801973313093,0.00023846417025197297,0.111394003033638,,,,
699,0.009011179208755493,0.00024701064183788165,80.09230600798037,0.3104003965854645,0.003162420354783535,0.0016398131847381592,1.655746018514037e-05,6.918783583387267e-06,0.013921444304287434,0.012428105808794498,0.0,0.003918866626918316,8.821972005534917e-05,0.11132334917783737,,,,
700,0.008152090944349766,0.00024580200516107414,80.21179092599778,0.4530102610588074,0.0028342469595372677,0.0014224763726815581,1.0893354556174017e-05,1.9306018657516688e-05,0.01758992299437523,0.008892489597201347,0.0,0.002912861527875066,0.0001452557771699503,0.11125272512435913,17.860267700450745,25.21210228992279,2.068099852623134,0.6159615017002752
701,0.008316000923514366,0.00024459612405575886,80.35799093701644,0.39592114090919495,0.003531351452693343,0.0012257021153345704,1.3115185538481455e-05,8.505196092301048e-06,0.016909249126911163,0.009579412639141083,0.0,0.002943283412605524,5.5293039622483775e-05,0.11118148267269135,,,,
702,0.006865490693598986,0.00024339301042349573,80.47593761701137,0.17181222140789032,0.0025902187917381525,0.0011230011004954576,1.2768148735631257e-05,7.5608054430631455e-06,0.010744942352175713,0.009191821329295635,0.0,0.0033795053604990244,8.946505840867758e-05,0.11111026257276535,,,,
703,0.008600727654993534,0.00024219267613853038,80.5935763180023,0.3595377206802368,0.003106571501120925,0.0012624049559235573,1.8734155673882924e-05,9.234190656570718e-06,0.024176277220249176,0.011261634528636932,0.0,0.0034793594386428595,6.967679655645043e-05,0.11103970557451248,,,,
704,0.008080747909843922,0.00024099513304767762,80.71067150001181,0.41406014561653137,0.0030189829412847757,0.0013449778780341148,1.7222480892087333e-05,9.703866453492083e-06,0.014444049447774887,0.009448710829019547,0.0,0.002747754566371441,0.00018711273150984198,0.11097170412540436,,,,
705,0.008506511338055134,0.00023980039297020407,80.82735280098859,0.23933625221252441,0.0028727201279252768,0.0012270354200154543,1.0812114851432852e-05,7.868522516218945e-06,0.02975146844983101,0.012275815941393375,0.0,0.0025586073752492666,3.892486711265519e-05,0.1109049990773201,,,,
706,0.008585882373154163,0.00023860846769771215,80.9482509070076,0.08648452907800674,0.003691771300509572,0.0013681589625775814,1.0959760402329266e-05,8.839097972668242e-06,0.013112455606460571,0.010269815102219582,0.0,0.002557522151619196,3.8486297853523865e-05,0.11083831638097763,,,,
707,0.008331190794706345,0.0002374193689940233,81.06780127400998,0.4684341847896576,0.0025489164981991053,0.0014997809194028378,7.974351319717243e-06,9.485567716183141e-06,0.017794422805309296,0.013522632420063019,0.0,0.0029419634956866503,0.00010825786011992022,0.11077355593442917,,,,
708,0.00809918437153101,0.00023623310859506133,81.18780374102062,0.562478244304657,0.0028650877065956593,0.0011410822626203299,7.846446351322811e-06,1.8183152860729024e-05,0.01560779195278883,0.015485435724258423,0.0,0.002834404818713665,0.00011027368600480258,0.11071008443832397,,,,
709,0.007073521614074707,0.00023504969820873777,81.30688935500802,0.3721011281013489,0.0025731553323566914,0.001399816246703267,1.4521494449581951e-05,9.366936865262687e-06,0.01052233949303627,0.005460578016936779,0.0,0.003841984551399946,8.692811388755217e-05,0.11064726114273071,,,,
710,0.007487336173653603,0.0002338691495148352,81.4222109419643,0.432585746049881,0.0028602760285139084,0.0011180163128301501,1.9206214346922934e-05,9.405487617186736e-06,0.019880320876836777,0.00686640664935112,0.0,0.006124685984104872,7.433475730067585e-06,0.11058636009693146,,,,
711,0.00857197493314743,0.0002326914741648927,81.53835140599404,0.7073277831077576,0.0033263617660850286,0.0013805109774693847,1.219168734678533e-05,2.808296812872868e-05,0.009769952856004238,0.012398434802889824,0.0,0.002555164508521557,0.00011521619308041409,0.11052928864955902,,,,
712,0.008329411037266254,0.00023151668378209006,81.65404285100522,0.06139403581619263,0.003031439147889614,0.0012859073467552662,1.4800479220866691e-05,1.1083624485763721e-05,0.014863504096865654,0.014453350566327572,0.0,0.0031388585921376944,1.1393575732654426e-05,0.11046905070543289,,,,
713,0.007881290279328823,0.00023034478996113487,81.77213615400251,0.6998986601829529,0.0030210549011826515,0.0011183859314769506,2.8125548851676285e-05,8.828141289995983e-06,0.011307594366371632,0.013040000572800636,0.0,0.004888957366347313,2.9693374017369933e-05,0.11040503531694412,,,,
714,0.00797440018504858,0.00022917580426814563,81.89234994899016,0.49259570240974426,0.00273499870672822,0.0012777188094332814,9.044586477102712e-06,2.4625613150419667e-05,0.01982956752181053,0.009992722421884537,0.0,0.0030668398831039667,9.282746759708971e-05,0.11034166812896729,,,,
715,0.008789850398898125,0.00022800973824053903,82.00984719698317,0.5370195508003235,0.003217666409909725,0.0012298228684812784,8.737624739296734e-06,1.674039231147617e-05,0.019040901213884354,0.01378725003451109,0.0,0.006260561756789684,0.00010367808863520622,0.11028148233890533,,,,
716,0.00849179271608591,0.00022684660338691633,82.12674616801087,1.1399565935134888,0.0031046641524881124,0.0011921987170353532,4.3199019273743033e-05,1.4747842215001583e-05,0.009963994845747948,0.01465159934014082,0.0,0.004072112962603569,0.0001460718922317028,0.1102251186966896,,,,
717,0.007972389459609985,0.00022568641118694878,82.24425531300949,0.5611304044723511,0.002952770097181201,0.0012873213272541761,1.1291500413790345e-05,1.956703999894671e-05,0.019510898739099503,0.008830634877085686,0.0,0.0022216634824872017,5.6533332099206746e-05,0.11016687005758286,,,,
718,0.007834376767277718,0.0002245291730912649,82.35907509498065,0.4536136984825134,0.002995740622282028,0.0011278707534074783,9.97022470983211e-06,2.1099676814628765e-05,0.014270893298089504,0.012345721945166588,0.0,0.0035860384814441204,3.467005808488466e-05,0.11010673642158508,,,,
719,0.007869824767112732,0.00022337490052133763,82.47722498897929,1.0390584468841553,0.002842115005478263,0.001305273501202464,2.414365553704556e-05,7.782651664456353e-06,0.013860756531357765,0.010758554562926292,0.0,0.003792885225266218,2.9319169698283076e-05,0.11004345118999481,,,,
720,0.008415651507675648,0.00022222360486937138,82.59668378898641,0.8750829100608826,0.0026806786190718412,0.0015077948337420821,1.2192416761536151e-05,2.6864543542615138e-05,0.025591131299734116,0.007554275915026665,0.0,0.001821306999772787,9.278358629671857e-05,0.1099795550107956,,,,
721,0.008323249407112598,0.00022107529749818935,82.71394694596529,0.2947268486022949,0.002849373035132885,0.0013441052287817001,1.7269245290663093e-05,9.766925359144807e-06,0.019150104373693466,0.011876462027430534,0.0,0.003114685881882906,0.00010450559057062492,0.10991378128528595,,,,
722,0.0075675989501178265,0.00021992998974112158,82.8297879229649,1.137321949005127,0.0026473449543118477,0.0012185656232759356,2.6391437131678686e-05,1.9402432371862233e-05,0.016621828079223633,0.008317527361214161,0.0,0.004209877923130989,4.1994295315817e-05,0.10985182225704193,,,,
723,0.00875348411500454,0.00021878769290189322,82.9472754690214,1.3725945949554443,0.0031422169413417578,0.001334240660071373,2.5212502805516124e-05,3.292008477728814e-05,0.018619395792484283,0.010210884734988213,0.0,0.00486742751672864,5.6237593526020646e-05,0.10979240387678146,,,,
724,0.00878112018108368,0.00021764841825451292,83.06181754596764,0.4951939284801483,0.0032591901253908873,0.001348641118966043,1.590825559105724e-05,1.0247800673823804e-05,0.017449690029025078,0.012203749269247055,0.0,0.003978323191404343,0.0001615758374100551,0.1097349002957344,,,,
725,0.008000827394425869,0.00021651217704316185,83.1830495299655,0.6096817255020142,0.002863326808437705,0.0013164951233193278,1.346887438558042e-05,1.069665995601099e-05,0.014655428938567638,0.011321659199893475,0.0,0.004004578106105328,8.800936484476551e-05,0.10967867821455002,18.34618358109575,25.912484784640448,1.47411126716108,1.114929822299481
726,0.0074575371108949184,0.00021537898048208155,83.333038895973,0.6558275818824768,0.0027319511864334345,0.001082069706171751,1.7518432287033647e-05,2.0526524167507887e-05,0.02514541894197464,0.00719330832362175,0.0,0.0014676315477117896,2.1393578208517283e-05,0.10962057113647461,,,,
727,0.007175237871706486,0.00021424883975546506,83.45248214900494,0.1615634262561798,0.0027580074965953827,0.0011277191806584597,8.973817784863058e-06,1.1056795301556122e-05,0.01548139937222004,0.009427744895219803,0.0,0.002566669136285782,6.746427061443683e-06,0.10956121981143951,,,,
728,0.007556208875030279,0.0002131217660173448,83.56973069597734,0.5553159713745117,0.002563624642789364,0.0012276314664632082,1.5077059288159944e-05,1.2038308341288939e-05,0.012507209554314613,0.011777983978390694,0.0,0.006723606493324041,1.7329095499007963e-05,0.10949935764074326,,,,
729,0.008608297444880009,0.00021199777039148366,83.68550939700799,0.3835846781730652,0.0028960444033145905,0.0015000577550381422,1.2932412573718466e-05,9.920222510118037e-06,0.02148297429084778,0.010783348232507706,0.0,0.0032084332779049873,6.126311927800998e-05,0.10944382101297379,,,,
730,0.007490821182727814,0.00021087686397126435,83.80063707398949,0.18947772681713104,0.0027015949599444866,0.001342215808108449,6.076348654460162e-06,9.998040695791133e-06,0.019601739943027496,0.007407724391669035,0.0,0.0021312106400728226,7.241854291351046e-06,0.10938829928636551,,,,
731,0.007731070276349783,0.00020975905781958124,83.91922357701696,0.5214011669158936,0.0026685218326747417,0.0013874422293156385,1.4335701052914374e-05,1.2015958418487571e-05,0.016113508492708206,0.009106042794883251,0.0,0.003603905439376831,1.8338738300371915e-05,0.10933342576026917,,,,
732,0.008995040319859982,0.00020864436296872958,84.03594862099271,0.30849751830101013,0.002972190733999014,0.0014223631005734205,1.307470301981084e-05,1.4060293324291706e-05,0.02512633427977562,0.012842918746173382,0.0,0.0038790127728134394,6.293421756708995e-05,0.10927919298410416,,,,
733,0.009163660928606987,0.00020753279042029748,84.15303732798202,0.3035360872745514,0.0029148932080715895,0.0013692264910787344,1.31201841213624e-05,1.0940860192931723e-05,0.03037768229842186,0.014649644494056702,0.0,0.0026486474089324474,4.419518154463731e-05,0.10922876000404358,,,,
734,0.007694329135119915,0.00020642435114505707,84.27127054397715,0.2764104902744293,0.0026125747244805098,0.0013934867456555367,1.4253089830162935e-05,8.037149200390559e-06,0.010168957524001598,0.01235174760222435,0.0,0.0024667871184647083,9.574143041390926e-05,0.1091751828789711,,,,
735,0.007808828726410866,0.00020531905608285687,84.38963842397789,0.3210332691669464,0.003248148364946246,0.0011726876255124807,1.2524144949566107e-05,8.060820618993603e-06,0.018162759020924568,0.006795142777264118,0.0,0.0044472431764006615,9.032116213347763e-05,0.10912036150693893,,,,
736,0.008468289859592915,0.00020421691614251248,84.50745415198617,0.12568357586860657,0.003173558507114649,0.0012135050492361188,1.123676702263765e-05,7.84001258580247e-06,0.020576728507876396,0.012499834410846233,0.0,0.005162718240171671,3.0932595109334216e-05,0.10906554758548737,,,,
737,0.008694195188581944,0.00020311794220170045,84.62626339297276,0.4367372393608093,0.002719680778682232,0.0011710883118212223,1.1242837899771985e-05,1.525762490928173e-05,0.03521297872066498,0.012786567211151123,0.0,0.003802135121077299,2.890846735681407e-05,0.10901201516389847,,,,
738,0.006971233058720827,0.00020202214510684998,84.74452958296752,0.4102116525173187,0.002646959386765957,0.0011303932406008244,8.561752110836096e-06,7.42740985515411e-06,0.009497909806668758,0.011384407058358192,0.0,0.003092925762757659,2.6652960514184088e-05,0.10896038264036179,,,,
739,0.008094318211078644,0.00020092953567303585,84.86164172401186,0.16631494462490082,0.0027258829213678837,0.0013416338479146361,8.474013156956062e-06,5.4493457355420105e-06,0.024476850405335426,0.010566707700490952,0.0,0.0024929207284003496,3.186647154507227e-05,0.10890750586986542,,,,
740,0.007780730724334717,0.00019984012468387215,84.9780867890222,0.47949498891830444,0.0025186706334352493,0.0011882249964401126,1.1367042134224903e-05,1.3810367818223312e-05,0.019562819972634315,0.013253581710159779,0.0,0.0035578864626586437,4.358903242973611e-05,0.10885337740182877,,,,
741,0.008028858341276646,0.00019875392289140528,85.09276031301124,0.30143412947654724,0.00268669449724257,0.001330788480117917,1.4029968951945193e-05,7.442554306180682e-06,0.020578652620315552,0.010810405015945435,0.0,0.0045095402747392654,2.161389056709595e-05,0.10879737883806229,,,,
742,0.007268176879733801,0.00019767094101600857,85.21022922196425,0.3254910111427307,0.0028334588278084993,0.0010779465083032846,1.5444788004970178e-05,6.918880444573006e-06,0.009025376290082932,0.012163365259766579,0.0,0.003483785316348076,0.00010464704246260226,0.10874642431735992,,,,
743,0.006528682541102171,0.00019659118974627615,85.33950810501119,0.5751147270202637,0.0025578110944479704,0.0010832070838660002,1.36437938635936e-05,2.27911259571556e-05,0.00864235870540142,0.006263011135160923,0.0,0.003597481641918421,9.312061592936516e-05,0.10869485139846802,,,,
744,0.007673947140574455,0.00019551467973891689,85.45754354301607,0.24696144461631775,0.0026464946568012238,0.001128901494666934,1.4162275874696206e-05,9.159652108792216e-06,0.019312698394060135,0.012018745765089989,0.0,0.0038661989383399487,6.696700438624248e-05,0.1086432933807373,,,,
745,0.007826115936040878,0.00019444142161864988,85.57803686900297,0.5018814206123352,0.0025899133179336786,0.0012215453898534179,1.6424874047515914e-05,7.263380211952608e-06,0.01426994614303112,0.014182249084115028,0.0,0.005675008520483971,3.2162919524125755e-05,0.10859363526105881,,,,
746,0.007618690840899944,0.00019337142597809973,85.69547310698545,0.773604691028595,0.002783937379717827,0.0010891878046095371,1.0487397958058864e-05,2.3750861146254465e-05,0.013949860818684101,0.01154007576406002,0.0,0.004004232585430145,0.00015373666246887296,0.10854650288820267,,,,
747,0.008230774663388729,0.00019230470337769126,85.81043093500193,0.26399359107017517,0.0028053747955709696,0.0011730329133570194,1.2522136785264593e-05,8.395472832489759e-06,0.01552033144980669,0.015830649062991142,0.0,0.007170765660703182,4.403592902235687e-05,0.10850251466035843,,,,
748,0.007853684946894646,0.0001912412643455457,85.9421178100165,0.641891360282898,0.002644119318574667,0.0011290726251900196,1.6085625247796997e-05,6.385720098478487e-06,0.016176745295524597,0.01365739107131958,0.0,0.004207886289805174,0.00023327601957134902,0.10846105217933655,,,,
749,0.007832787930965424,0.0001901811193773775,86.06756780296564,0.5510116815567017,0.002944445936009288,0.00123365328181535,1.219487876369385e-05,1.993249316001311e-05,0.019999515265226364,0.008116618730127811,0.0,0.003411687910556793,9.1218880697852e-06,0.10841771215200424,,,,
750,0.007565009873360395,0.00018912427893638914,86.1875040900195,0.37057361006736755,0.0029043639078736305,0.001162972068414092,9.009463610709645e-06,1.5900779544608667e-05,0.01604468561708927,0.009766426868736744,0.0,0.003324186196550727,3.214244861737825e-05,0.10837061703205109,21.030563485347297,29.68571767458891,2.4922426897572434,0.6659284566998337
751,0.007414703257381916,0.0001880707534531692,86.33155561296735,1.0560076236724854,0.0028258434031158686,0.0012115311110392213,2.797429624479264e-05,8.595513463660609e-06,0.011334278620779514,0.007477408275008202,0.0,0.007470960728824139,3.7749475723103387e-06,0.10832227766513824,,,,
752,0.009595070034265518,0.00018702055332558864,86.44924383598845,0.38003283739089966,0.0028509770054370165,0.0012634802842512727,1.2184322258690372e-05,2.0076819055248052e-05,0.026209857314825058,0.021671181544661522,0.0,0.00399766955524683,0.00010874712461372837,0.10828021913766861,,,,
753,0.00787349883466959,0.0001859736889186991,86.56783435400575,1.240661859512329,0.002462162636220455,0.0011596482945606112,1.559751217428129e-05,3.519331221468747e-05,0.02429320476949215,0.009403115138411522,0.0,0.003956624306738377,0.00012308786972425878,0.1082400530576706,,,,
754,0.008312737569212914,0.00018493017056462935,86.6825538270059,1.2529340982437134,0.0025903217028826475,0.001212473027408123,4.677446486311965e-05,2.211717946920544e-05,0.022136300802230835,0.012819968163967133,0.0,0.0014105106238275766,4.1011728171724826e-05,0.10820366442203522,,,,
755,0.007470304146409035,0.00018389000856248455,86.80158729502,0.41870802640914917,0.0027499215211719275,0.001185017405077815,2.3845021132729016e-05,8.033358426473569e-06,0.013232174329459667,0.011003386229276657,0.0,0.0029976710211485624,1.1568545232876204e-05,0.10816539824008942,,,,
756,0.00808293092995882,0.0001828532131782434,86.92464673001086,1.0392043590545654,0.0028922862838953733,0.0011451495811343193,1.7514465071144514e-05,3.109668250544928e-05,0.01854938454926014,0.009567279368638992,0.0,0.006513089872896671,9.625558595871553e-05,0.10812650620937347,,,,
757,0.007919353432953358,0.00018181979464465805,87.04084700898966,0.36077889800071716,0.003027460305020213,0.001135829254053533,1.5993102351785637e-05,1.0885909432545304e-05,0.01719859056174755,0.012011842802166939,0.0,0.003095067571848631,2.7483612939249724e-05,0.1080932691693306,,,,
758,0.00728172343224287,0.00018078976316115213,87.1595656159916,0.7478231191635132,0.002579292980954051,0.0010620043613016605,1.4342715076054446e-05,8.813338354229927e-06,0.01911964640021324,0.010370156727731228,0.0,0.0034753205254673958,7.203709537861869e-05,0.10806065797805786,,,,
759,0.006961706094443798,0.0001797631288937204,87.27857454901095,0.7971531748771667,0.0026210686191916466,0.00108088250271976,1.0579950867395382e-05,2.0089009922230616e-05,0.011887891218066216,0.009555520489811897,0.0,0.003436424769461155,4.238760084263049e-05,0.10802743583917618,,,,
760,0.008161775767803192,0.00017873990197482867,87.3947895289748,0.23906226456165314,0.0028809753712266684,0.001353082712739706,1.5044244719319977e-05,9.838395271799527e-06,0.016690898686647415,0.01226993091404438,0.0,0.0028636755887418985,1.309140043304069e-05,0.10799483954906464,,,,
761,0.007890433073043823,0.0001777200925033138,87.5157388629741,0.6177398562431335,0.002714914735406637,0.0012674476020038128,2.2332103981170803e-05,1.0941545042442158e-05,0.017947470769286156,0.008599694818258286,0.0,0.007624858990311623,6.133954593678936e-05,0.10796099156141281,,,,
762,0.007237102370709181,0.00017670371054428333,87.63639103900641,0.2549644708633423,0.002630255650728941,0.0010293023660779,9.313516784459352e-06,1.3485559975379147e-05,0.021631915122270584,0.008101063780486584,0.0,0.00465361075475812,8.793614688329399e-05,0.10793279111385345,,,,
763,0.007498823571950197,0.0001756907661290167,87.75716733199079,0.3325956463813782,0.002362464088946581,0.0011253382544964552,6.427560037991498e-06,1.4797049516346306e-05,0.030613567680120468,0.008505220524966717,0.0,0.0032390779815614223,2.2378437279257923e-05,0.1079045981168747,,,,
764,0.007623008452355862,0.00017468126925486668,87.88085146498634,0.38411036133766174,0.002857508370652795,0.0010561603121459484,1.2680566214839928e-05,9.925074664351996e-06,0.01955612376332283,0.011222242377698421,0.0,0.0041633350774645805,1.1049536624341272e-05,0.10787640511989594,,,,
765,0.007144211791455746,0.00017367522988515977,88.00171726197004,0.1806231290102005,0.0028729604091495275,0.001087469863705337,1.1286853805358987e-05,8.71658994583413e-06,0.021784134209156036,0.005910614039748907,0.0,0.001897835056297481,1.3267394933791365e-05,0.1078500971198082,,,,
766,0.006667903624475002,0.0001726726579490982,88.12018253700808,0.11902915686368942,0.0023236710112541914,0.0010199432726949453,1.1640687262115534e-05,8.320881534018554e-06,0.013585818000137806,0.010906670242547989,0.0,0.0039031365886330605,3.179504710715264e-05,0.10782065242528915,,,,
767,0.006442451383918524,0.00017167356334166233,88.24751251802081,0.386654794216156,0.0023070790339261293,0.0010131911840289831,1.0315422514395323e-05,7.968423233251087e-06,0.013412459753453732,0.00884914118796587,0.0,0.005082795396447182,8.680866812937893e-06,0.10779310017824173,,,,
768,0.008456652984023094,0.00017067795592351278,88.37534831196535,0.39489343762397766,0.003220146056264639,0.0011340862838551402,1.232465001521632e-05,8.47407864057459e-06,0.011331833899021149,0.016314223408699036,0.0,0.006712436210364103,0.00011894495401065797,0.10776742547750473,,,,
769,0.008226878941059113,0.0001696858455208927,88.49279067397583,0.2750120460987091,0.002794030122458935,0.0011402677046135068,1.2152983799751382e-05,1.056666860677069e-05,0.01184406690299511,0.020707815885543823,0.0,0.0027372646145522594,1.7526643205201253e-05,0.10774300992488861,,,,
770,0.007733689621090889,0.000168697241925531,88.60703125799773,0.4426812529563904,0.0029294213745743036,0.001137104700319469,1.2400912055454683e-05,1.9798781067947857e-05,0.014643445611000061,0.012345623224973679,0.0,0.0018869891064241529,3.926022691302933e-05,0.10771734267473221,,,,
771,0.007609546650201082,0.00016771215489454647,88.73144427500665,0.28791093826293945,0.0027556712739169598,0.0011012682225555182,1.551902460050769e-05,8.514757610100787e-06,0.01778331585228443,0.011290386319160461,0.0,0.00435731140896678,6.724131526425481e-05,0.10768979787826538,,,,
772,0.008000168018043041,0.00016673059415035,88.8488315519644,0.32299038767814636,0.00283274264074862,0.0014462831895798445,1.6100377251859754e-05,8.362912922166288e-06,0.01246681623160839,0.01091400533914566,0.0,0.0038742893375456333,1.4105553418630734e-05,0.10766476392745972,,,,
773,0.00815096590667963,0.00016575256938055024,88.96819229901303,0.4683884084224701,0.002689338754862547,0.001079856650903821,8.062672350206412e-06,9.882178346742876e-06,0.02748287282884121,0.013685227371752262,0.0,0.0036319252103567123,9.056390990735963e-05,0.10763972997665405,,,,
774,0.00766502832993865,0.00016477809023785647,89.0933337250026,0.1870177537202835,0.002968746470287442,0.0012101377360522747,7.510675459343474e-06,7.640369403816294e-06,0.01609443500638008,0.00843820720911026,0.0,0.007105146534740925,1.3079802556603681e-05,0.10761595517396927,,,,
775,0.007885110564529896,0.00016380716633998467,89.21234366897261,0.25418075919151306,0.0024169490206986666,0.0013920762576162815,9.178095751849469e-06,7.977559107530396e-06,0.021382465958595276,0.010569240897893906,0.0,0.004790819250047207,3.926892895833589e-05,0.10759530961513519,20.26268340766845,28.625065865487194,1.6275752814769187,0.9314304127386369
776,0.00834498181939125,0.00016283980726956174,89.35576885100454,0.39735597372055054,0.0031820887234061956,0.0011154287494719028,5.892359240533551e-06,1.5739238733658567e-05,0.013701371848583221,0.01716766133904457,0.0,0.003969159908592701,7.850176189094782e-06,0.1075759157538414,,,,
777,0.007452773861587048,0.000161876022574031,89.47422386601102,0.22526024281978607,0.002817702479660511,0.0010105514666065574,8.666775102028623e-06,9.941319149220362e-06,0.021580137312412262,0.010169848799705505,0.0,0.004206102807074785,1.4037211258255411e-05,0.10755276679992676,,,,
778,0.008685758337378502,0.00016091582176555816,89.59212371998001,0.24336770176887512,0.002962816273793578,0.0011676376452669501,1.3266416317492258e-05,8.447307664027903e-06,0.03580448776483536,0.010513219982385635,0.0,0.0031105768866837025,6.59293873468414e-05,0.10752524435520172,,,,
779,0.007389410864561796,0.00015995921432093802,89.70798530097818,0.15022553503513336,0.0028834196273237467,0.001057370100170374,1.3549498362408485e-05,1.0758804819488432e-05,0.020871058106422424,0.008055098354816437,0.0,0.0030750336591154337,3.7857982533751056e-05,0.10749585181474686,,,,
780,0.0078080459497869015,0.00015900620968149957,89.82968611101387,0.0948571115732193,0.0021716225892305374,0.000984269194304943,1.0267019206366967e-05,9.607817446521949e-06,0.02522174082696438,0.017544792965054512,0.0,0.005385216325521469,7.684523006901145e-05,0.10746396332979202,,,,
781,0.007224340923130512,0.0001580568172530138,89.94729387899861,0.29976946115493774,0.0025559852365404367,0.001092919846996665,1.296767732128501e-05,7.255076980072772e-06,0.024944132193922997,0.007412990555167198,0.0,0.0021825062576681376,7.522168016294017e-05,0.1074352040886879,,,,
782,0.007236875128000975,0.0001571110464056009,90.06346607598243,0.14227312803268433,0.002541644498705864,0.0009361505508422852,1.3273208423925098e-05,8.518482900399249e-06,0.019986029714345932,0.013569662347435951,0.0,0.002530928933992982,1.4794571143283974e-05,0.1074039414525032,,,,
783,0.006979007739573717,0.00015616890647363721,90.18120773101691,0.4514022171497345,0.0023769866675138474,0.0011174179380759597,6.392452633008361e-06,1.2538413102447521e-05,0.013459638692438602,0.011598784476518631,0.0,0.0044493284076452255,1.5178083231148776e-05,0.10737144201993942,,,,
784,0.006912803277373314,0.00015523040675566335,90.29771526699187,0.39853495359420776,0.0025179844815284014,0.0011179459979757667,1.5642348444089293e-05,7.749614269414451e-06,0.01274058222770691,0.010918941348791122,0.0,0.0016227769665420055,7.603694939462002e-06,0.10734082013368607,,,,
785,0.0076515511609613895,0.00015429555651429278,90.41267187800258,0.23458334803581238,0.002616120269522071,0.0011713715502992272,1.315129702561535e-05,1.099288601835724e-05,0.022711485624313354,0.010225209407508373,0.0,0.002673391019925475,5.217457874095999e-05,0.1073070764541626,,,,
786,0.007304186467081308,0.0001533643649761201,90.53680419299053,0.40471315383911133,0.0025510909035801888,0.0011397264897823334,1.4671491044282448e-05,1.3379940355662256e-05,0.015557488426566124,0.009311280213296413,0.0,0.00636608712375164,5.854788832948543e-05,0.10727334022521973,,,,
787,0.006855024956166744,0.00015243684133162976,90.65643599198665,0.1747177392244339,0.0022145838011056185,0.0010355570120736957,1.557938230689615e-05,7.915418791526463e-06,0.01909497193992138,0.011508028954267502,0.0,0.001992537174373865,2.195683009631466e-05,0.10724398493766785,,,,
788,0.006874099373817444,0.00015151299473510564,90.77616826299345,0.22096723318099976,0.002660706639289856,0.0010821754112839699,1.5455574612133205e-05,7.83728410169715e-06,0.01613813266158104,0.007230968680232763,0.0,0.0028106910176575184,3.8363257772289217e-05,0.1072121262550354,,,,
789,0.0071065654046833515,0.0001505928343045405,90.89293937297771,0.3162281811237335,0.00233472790569067,0.00105364341288805,1.169399001810234e-05,7.168483534769621e-06,0.024321049451828003,0.009288795292377472,0.0,0.0032606511376798153,6.0778525948990136e-05,0.10718215256929398,,,,
790,0.007086946163326502,0.00014967636912154654,91.0127272719983,0.4203025996685028,0.0022995576728135347,0.0010931205470114946,1.3123190001351759e-05,1.5803685528226197e-05,0.017660703510046005,0.011996239423751831,0.0,0.0023885248228907585,2.640445927681867e-06,0.10715217888355255,,,,
791,0.006719581317156553,0.00014876360823126516,91.13006146397674,0.1704433262348175,0.002408746164292097,0.0009546008659526706,7.827211447875015e-06,1.3112863598507829e-05,0.01571626216173172,0.010854468680918217,0.0,0.0034841615706682205,3.964317147620022e-05,0.10712096840143204,,,,
792,0.007097211200743914,0.0001478545606422777,91.24683415499749,0.10904804617166519,0.002329098992049694,0.0011275645811110735,9.586435226083267e-06,9.04853550309781e-06,0.020818661898374557,0.01037854515016079,0.0,0.0025987650733441114,1.0813712833623867e-05,0.10709349811077118,,,,
793,0.006714493501931429,0.00014694923532651699,91.36178267298965,0.27393588423728943,0.002490745857357979,0.001024510944262147,1.3592907635029405e-05,8.159542630892247e-06,0.0216921865940094,0.005070363637059927,0.0,0.004853695165365934,1.580936623213347e-05,0.10706166923046112,,,,
794,0.006482002325356007,0.00014604764121917835,91.48245196900098,0.09976422786712646,0.002352398820221424,0.0010299404384568334,1.1688563063216861e-05,7.850518159102648e-06,0.015199781395494938,0.008371729403734207,0.0,0.0031111184507608414,1.4582572475774214e-05,0.10703109204769135,,,,
795,0.00817873328924179,0.00014514978721863166,91.59895981301088,0.35491514205932617,0.0025231163017451763,0.0011047860607504845,1.3899818441132084e-05,1.4006784113007598e-05,0.03537919744849205,0.01118718646466732,0.0,0.0033268507104367018,5.960123417025898e-06,0.10699740052223206,,,,
796,0.007638292852789164,0.0001442556821863331,91.71357282897225,0.1389750987291336,0.002620202722027898,0.0011779984924942255,1.3994824257679284e-05,8.67622293299064e-06,0.01996423490345478,0.011238886043429375,0.0,0.003586404025554657,2.6998462999472395e-05,0.10696370899677277,,,,
797,0.007521957159042358,0.00014336533494673894,91.83075020898832,0.5681008100509644,0.002316651400178671,0.0011693753767758608,1.2148317182436585e-05,8.36746403365396e-06,0.011044942773878574,0.01744207926094532,0.0,0.004943429492413998,1.084153882402461e-05,0.10692878067493439,,,,
798,0.00651145912706852,0.00014247875428721667,91.94605795200914,0.29700183868408203,0.0025369140785187483,0.0011891060275956988,8.063176210271195e-06,1.2973617231182288e-05,0.009510787203907967,0.005833140108734369,0.0,0.0034904256463050842,4.569288284983486e-05,0.10689759999513626,,,,
799,0.006876390893012285,0.00014159594895795952,92.05749922501855,0.3614726662635803,0.002142102224752307,0.0008955443045124412,1.1405898476368748e-05,1.6396268620155752e-05,0.018677663058042526,0.013852044939994812,0.0,0.0038960701785981655,4.442028875928372e-05,0.10686704516410828,,,,
800,0.006455561146140099,0.0001407169276718996,92.18953218997922,0.23753622174263,0.0021959722507745028,0.0012123268097639084,1.1889554116351064e-05,9.911170309351292e-06,0.016989346593618393,0.005530240945518017,0.0,0.0018533319234848022,1.4932602425687946e-05,0.10683774203062057,20.5987693917166,29.09292407907849,2.0033079580871433,0.6538318556766542
801,0.007387906778603792,0.0001398416991046223,92.33522070100298,0.40038877725601196,0.0020309078972786665,0.0010702982544898987,1.5422054275404662e-05,8.843451723805629e-06,0.027045071125030518,0.013199287466704845,0.0,0.0030146935023367405,4.402425474836491e-05,0.1068059429526329,,,,
802,0.00654719490557909,0.00013897027189428,92.4539567650063,0.4373285472393036,0.002404585015028715,0.001083772978745401,1.2420622624631505e-05,8.967322173702996e-06,0.013264346867799759,0.008552603423595428,0.0,0.002515268512070179,1.0170775567530654e-05,0.1067722886800766,,,,
803,0.0061914981342852116,0.00013810265464150762,92.57013688900042,0.08583109080791473,0.0022043935023248196,0.0009905374608933926,1.276520561077632e-05,8.895847713574767e-06,0.018848132342100143,0.0059319185093045235,0.0,0.002360551618039608,2.905503788497299e-05,0.10673801600933075,,,,
804,0.007060452364385128,0.00013723885590933728,92.68685787799768,0.3953874111175537,0.0024330634623765945,0.0011627385392785072,9.661842341301963e-06,6.785795903851977e-06,0.011785123497247696,0.013206971809267998,0.0,0.002158185699954629,1.2868891644757241e-05,0.1067037433385849,,,,
805,0.007222768850624561,0.0001363788842231136,92.80274905799888,0.16209354996681213,0.0025267652235925198,0.0011948273750022054,8.804767276160419e-06,9.591192792868242e-06,0.017701126635074615,0.009784583002328873,0.0,0.0025460505858063698,2.4903154553612694e-05,0.1066688522696495,,,,
806,0.0072496323846280575,0.0001355227480704099,92.9216129599954,0.13721716403961182,0.0030304573010653257,0.0009918177966028452,1.1059715689043514e-05,9.541876352159306e-06,0.015385103411972523,0.009312720969319344,0.0,0.003201003186404705,6.231199222384021e-05,0.1066339761018753,,,,
807,0.007950099185109138,0.00013467045590094437,93.03965286898892,0.19912391901016235,0.002284096321091056,0.0009113564155995846,1.1883066690643318e-05,1.0187864063482266e-05,0.01444288995116949,0.02565065585076809,0.0,0.003520408645272255,5.275145667837933e-05,0.10659847408533096,,,,
808,0.006865146104246378,0.00013382201612649664,93.15934502100572,0.10378170758485794,0.0023800195194780827,0.0009992745472118258,6.4991836552508175e-06,1.1073556379415095e-05,0.020292896777391434,0.010192380286753178,0.0,0.003038192167878151,1.8494163668947294e-05,0.10656360536813736,,,,
809,0.006711597554385662,0.00013297743712082489,93.27594409597805,0.11067812144756317,0.0025152682792395353,0.0009496398270130157,7.979313522810116e-06,8.67579728947021e-06,0.022844236344099045,0.007133676670491695,0.0,0.00278243119828403,2.926741581177339e-05,0.10653060674667358,,,,
810,0.006636362988501787,0.00013213672721958288,93.39263078797376,0.28001490235328674,0.002576727420091629,0.0009648761479184031,1.1565249224076979e-05,9.691669220046606e-06,0.012923553586006165,0.00995631143450737,0.0,0.0025326379109174013,4.2375424527563155e-05,0.10649698972702026,,,,
811,0.006628699135035276,0.0001312998947202378,93.50457920297049,0.15158611536026,0.0022959585767239332,0.0010432444978505373,1.4995795936556533e-05,1.1083553545176983e-05,0.017704272642731667,0.007934322580695152,0.0,0.0030264384113252163,4.9027214117813855e-05,0.10646338015794754,,,,
812,0.006443761754781008,0.00013046694788198873,93.62431590398774,0.11614300310611725,0.002193875377997756,0.000830017845146358,9.477244020672515e-06,1.110524135583546e-05,0.02607317641377449,0.008450180292129517,0.0,0.002148822182789445,2.1477157133631408e-05,0.1064310222864151,,,,
813,0.006477201823145151,0.00012963789492568466,93.74226329202065,0.12511256337165833,0.002276555635035038,0.0008935808436945081,7.528902187914355e-06,1.0541045412537642e-05,0.009906858205795288,0.0147718396037817,0.0,0.0021510771475732327,4.6304805437102914e-05,0.10639991611242294,,,,
814,0.00729468883946538,0.00012881274403374332,93.85845450800844,0.19667477905750275,0.0025984705425798893,0.0010989889269694686,9.625215170672163e-06,7.874888979131356e-06,0.021807318553328514,0.010229739360511303,0.0,0.001639176276512444,2.1573043341049924e-05,0.1063675656914711,,,,
815,0.006595375016331673,0.00012799150335007136,93.976421749976,0.1753338724374771,0.0028562797233462334,0.0009476504055783153,9.402367140864953e-06,8.879677807271946e-06,0.01644180715084076,0.0054793888702988625,0.0,0.003565778024494648,6.320840839180164e-06,0.10633459687232971,,,,
816,0.007078238297253847,0.00012717418097998246,94.09023790102219,0.1550878882408142,0.002431932371109724,0.0008291015401482582,1.0613187441776972e-05,9.71514600678347e-06,0.030318519100546837,0.010003111325204372,0.0,0.002201155759394169,5.2225866966182366e-05,0.10629914700984955,,,,
817,0.007511730305850506,0.0001263607849901185,94.20808749599382,0.16450858116149902,0.0027537315618246794,0.0010295672109350562,1.4759794794372283e-05,1.2441203580237925e-05,0.016607321798801422,0.012080405838787556,0.0,0.004680357873439789,4.816641740035266e-05,0.1062624603509903,,,,
818,0.005808197893202305,0.00012555132340836948,94.33153224596754,0.3140418231487274,0.00208722404204309,0.000990023254416883,1.3637194570037536e-05,1.4224684491637163e-05,0.010292721912264824,0.00723017193377018,0.0,0.0022663746494799852,5.109497578814626e-06,0.10622639954090118,,,,
819,0.008104055188596249,0.00012474580422379455,94.4475375660113,0.3261648416519165,0.0025808748323470354,0.0011145006865262985,1.1311679372738581e-05,7.077628652041312e-06,0.022351250052452087,0.016378093510866165,0.0,0.003723318222910166,6.25600223429501e-05,0.10618848353624344,,,,
820,0.0066347066313028336,0.00012394423538654263,94.56328380998457,0.07624359428882599,0.0024402167182415724,0.0011278004385530949,6.7664504967979155e-06,7.0546534516324755e-06,0.018149562180042267,0.005832036025822163,0.0,0.003334181848913431,3.713464320753701e-05,0.10615243762731552,,,,
821,0.0076338378712534904,0.0001231466248077748,94.67783671698999,0.187737837433815,0.002529648132622242,0.0011532912030816078,1.2502793651947286e-05,1.4498045857180841e-05,0.02160172536969185,0.012073559686541557,0.0,0.002480392809957266,1.0021934940596111e-05,0.10611515492200851,,,,
822,0.007693177554756403,0.00012235298035958526,94.80074769101338,0.34885650873184204,0.002371830167248845,0.001159686129540205,9.706341188575607e-06,1.9188584701623768e-05,0.024379651993513107,0.010701368562877178,0.0,0.0036894141230732203,0.0001333576801698655,0.10607849806547165,,,,
823,0.0075409263372421265,0.00012156330987492448,94.91273728798842,0.10330057889223099,0.0024655363522469997,0.0010732882656157017,1.1872545655933209e-05,1.001585042104125e-05,0.016323409974575043,0.01643688976764679,0.0,0.0017270587850362062,5.7673405535751954e-05,0.10604309290647507,,,,
824,0.006876725237816572,0.00012077762114752125,95.02618479897501,0.4403080344200134,0.002084099454805255,0.0011629874352365732,1.9034498109249398e-05,8.68027018441353e-06,0.01682274416089058,0.01071161963045597,0.0,0.002645541215315461,3.892026506946422e-05,0.10600706934928894,,,,
825,0.007525220513343811,0.00011999592193180604,95.1461138210143,0.23755787312984467,0.0025675143115222454,0.001177013386040926,7.634651410626248e-06,8.536541827197652e-06,0.017971213907003403,0.010653400793671608,0.0,0.004668285138905048,0.00013868114911019802,0.10597167909145355,21.373902662132885,30.19850156849821,1.6236663044518935,0.916282602658771
826,0.006681507918983698,0.00011921821994283457,95.29445400100667,0.35172659158706665,0.0023805454839020967,0.0010330562945455313,8.790182619122788e-06,1.296745176659897e-05,0.02048952691257,0.007632717024534941,0.0,0.0020716809667646885,2.0001898519694805e-05,0.10593876987695694,,,,
827,0.006103683263063431,0.00011844452285621166,95.41001381498063,0.09231757372617722,0.002037578960880637,0.0010283178417012095,1.5171186532825232e-05,1.1330684174026828e-05,0.014675740152597427,0.006950306706130505,0.0,0.003682110458612442,2.5619541702326387e-05,0.10590649396181107,,,,
828,0.006930703762918711,0.00011767483830801509,95.53273877198808,0.5760921835899353,0.0025380225852131844,0.0009721295791678131,1.8696488041314296e-05,9.730933925311547e-06,0.01667691022157669,0.011163775809109211,0.0,0.001998891355469823,8.104214430204593e-06,0.10587546229362488,,,,
829,0.006270770914852619,0.00011690917389472043,95.6499114150065,0.3032016456127167,0.0023577711544930935,0.0009293255279771984,7.521817224187544e-06,1.310618517891271e-05,0.01334342360496521,0.008875123225152493,0.0,0.002528177108615637,6.113297422416508e-05,0.105843186378479,,,,
830,0.006065867841243744,0.00011614753717312668,95.76583490899066,0.5569414496421814,0.00214396882802248,0.0009687230922281742,9.290889465773944e-06,2.0842146113864146e-05,0.02160562016069889,0.0034674073103815317,0.0,0.002788080368191004,1.088438330043573e-05,0.10581216216087341,,,,
831,0.007012642920017242,0.0001153899356602806,95.88344155997038,0.2647359371185303,0.002283113542944193,0.0011411630548536777,1.0093057426274754e-05,9.543689884594642e-06,0.019907159730792046,0.009407778270542622,0.0,0.003963373601436615,1.0750321962404996e-05,0.10578114539384842,,,,
832,0.007554519921541214,0.00011463637683340301,96.0012796560186,0.49890002608299255,0.00227731722407043,0.00103260378818959,9.623020559956785e-06,1.1517578968778253e-05,0.031404394656419754,0.009835590608417988,0.0,0.005571896210312843,6.246458360692486e-05,0.10575075447559357,,,,
833,0.0064485385082662106,0.00011388686812981586,96.12327314697905,0.2591816186904907,0.0019619737286120653,0.0010288533521816134,1.0426250810269266e-05,1.0465015293448232e-05,0.0157803762704134,0.011270835995674133,0.0,0.0024070716463029385,7.776511483825743e-05,0.10572469979524612,,,,
834,0.007285372354090214,0.00011314141694686715,96.23915408801986,0.6773927211761475,0.00265755457803607,0.0010933902813121676,1.4381554137798958e-05,1.2015445463475771e-05,0.023380044847726822,0.0076906317844986916,0.0,0.002370433183386922,1.4782125617784914e-05,0.10569803416728973,,,,
835,0.007203804794698954,0.00011240003064185916,96.35402992001036,0.11270029842853546,0.0024374828208237886,0.0011119578266516328,1.0423693311167881e-05,8.999867532111239e-06,0.0222634170204401,0.00981205515563488,0.0,0.0028450717218220234,5.868197604286252e-06,0.10567261278629303,,,,
836,0.0072665768675506115,0.00011166271653197525,96.46881054097321,0.536798894405365,0.0026299417950212955,0.0011376508045941591,1.150496791524347e-05,1.027187317959033e-05,0.011061380617320538,0.012543093413114548,0.0,0.00436781533062458,1.2147113011451438e-05,0.10564843565225601,,,,
837,0.006420845631510019,0.00011092948189420829,96.5873953999835,0.23655715584754944,0.0025331529323011637,0.0011189770884811878,1.0829880011442583e-05,1.0119047146872617e-05,0.013524563051760197,0.005214564967900515,0.0,0.0021269021090120077,3.0595001589972526e-05,0.10562487691640854,,,,
838,0.006430228240787983,0.00011020033396528789,96.7035277899704,0.5005150437355042,0.002401192905381322,0.0010160304373130202,9.450187462789472e-06,1.5895464457571507e-05,0.011146245524287224,0.008701547980308533,0.0,0.0031146900728344917,5.4715674195904285e-05,0.10560069978237152,,,,
839,0.007145535200834274,0.00010947527994160992,96.817887977988,0.2391754537820816,0.0025987569242715836,0.0009988576639443636,9.593275535735302e-06,8.140197678585537e-06,0.015140760689973831,0.012629003264009953,0.0,0.0035810917615890503,6.715794006595388e-05,0.10557714849710464,,,,
840,0.00720931263640523,0.00010875432697916476,96.93270093697356,0.5202972888946533,0.0027176435105502605,0.001055973581969738,1.4364442904479802e-05,9.870712347037625e-06,0.012746065855026245,0.012427070178091526,0.0,0.0024694649036973715,2.833204052876681e-05,0.10555484145879745,,,,
841,0.0061075990088284016,0.00010803748219346721,97.04514216596726,0.33893048763275146,0.002393315313383937,0.0008951180498115718,1.6126376067404635e-05,9.297584256273694e-06,0.012062670662999153,0.007805816363543272,0.0,0.0034097486641258,1.0072792974824551e-05,0.10553315281867981,,,,
842,0.007298115640878677,0.00010732475265948582,97.16086948401062,0.5255013108253479,0.002437411341816187,0.0010139120277017355,1.0210585969616659e-05,1.1720621841959655e-05,0.020486805588006973,0.012308386154472828,0.0,0.0025354146491736174,0.000126107654068619,0.10551084578037262,,,,
843,0.007563835009932518,0.00010661614541157327,97.27775469399057,0.2608200013637543,0.0023572600912302732,0.0011367559200152755,1.0324943104933482e-05,1.0985480912495404e-05,0.029858510941267014,0.008884834125638008,0.0,0.004394236020743847,1.3349705113796517e-05,0.10548916459083557,,,,
844,0.0063102818094193935,0.00010591166744339711,97.39670061296783,0.4108717441558838,0.002543536014854908,0.0009182016365230083,1.3932370166003238e-05,8.256236469605938e-06,0.01481487788259983,0.006746762432157993,0.0,0.003217343706637621,2.6702124159783125e-05,0.10546748340129852,,,,
845,0.007069872692227364,0.00010521132570787058,97.51499484298984,0.2889668941497803,0.0024951689410954714,0.0010365576017647982,9.07780668057967e-06,8.389557478949428e-06,0.027513429522514343,0.005430561024695635,0.0,0.00454528396949172,7.547956192865968e-05,0.10544394701719284,,,,
846,0.006754906382411718,0.00010451512711708378,97.63609425199684,0.1748955398797989,0.002521588932722807,0.0010161891113966703,8.768953193794005e-06,9.817619684326928e-06,0.016137195751070976,0.00863214023411274,0.0,0.003897985676303506,4.467789040063508e-05,0.10542227327823639,,,,
847,0.006349973380565643,0.00010382307854223562,97.75425993499812,0.4498318135738373,0.0021677897311747074,0.0009819215629249811,1.125824019254651e-05,1.2823962606489658e-05,0.016564464196562767,0.008474655449390411,0.0,0.0037859673611819744,7.128889592422638e-06,0.10540245473384857,,,,
848,0.007933538407087326,0.00010313518681356635,97.87669576896587,0.2653939127922058,0.002237271284684539,0.001094647217541933,8.995996722660493e-06,7.847512279113289e-06,0.023591909557580948,0.018744701519608498,0.0,0.0027783650439232588,4.0172100852942094e-05,0.10538139939308167,,,,
849,0.00539784599095583,0.00010245145872028952,97.99852050899062,0.28475210070610046,0.001953165279701352,0.0009250447037629783,1.1337808246025816e-05,7.923818884592038e-06,0.011657997965812683,0.0059226639568805695,0.0,0.0022311219945549965,9.893426977214403e-06,0.10535911470651627,,,,
850,0.007413108833134174,0.00010177190101052528,98.12234861101024,0.11613547801971436,0.0024210962001234293,0.0010985906701534986,1.355947370029753e-05,9.691431841929443e-06,0.031715963035821915,0.007049304433166981,0.0,0.0032773581333458424,2.3903439796413295e-06,0.10533496737480164,22.410944964974384,31.664714363269947,1.67896172204504,0.9352181635330188
851,0.006231991574168205,0.00010109652039123391,98.2756157789845,0.15902850031852722,0.0023541608825325966,0.0009676303598098457,1.8251201254315674e-05,1.3873917851014994e-05,0.01227271743118763,0.007975662127137184,0.0,0.00143253558780998,3.317967275506817e-05,0.10531020909547806,,,,
852,0.006273450795561075,0.00010042532352814968,98.3934798919945,0.23244094848632812,0.0023044825065881014,0.0009901023004204035,7.230800747493049e-06,1.3780329027213156e-05,0.015147961676120758,0.007838546298444271,0.0,0.0021838152315467596,2.2923517462913878e-05,0.10528545081615448,,,,
853,0.006814142689108849,9.975831704571447e-05,98.51291862101061,0.16262759268283844,0.0022017417941242456,0.0011468530865386128,1.3020417100051418e-05,1.143446843343554e-05,0.01925225369632244,0.008570770733058453,0.0,0.0028266143053770065,7.866347004892305e-06,0.10525945574045181,,,,
854,0.006229284685105085,9.909550752701293e-05,98.64108376699733,0.10015448927879333,0.002280473941937089,0.0008670482784509659,1.3256776583148167e-05,1.008383696898818e-05,0.011824308894574642,0.010792234912514687,0.0,0.0025171490851789713,7.977756467880681e-05,0.10523408651351929,,,,
855,0.007282437290996313,9.843690151370759e-05,98.7597532189684,0.1256462186574936,0.0027892468497157097,0.00101308966986835,7.026856110314839e-06,8.487440936733037e-06,0.017576387152075768,0.011819621548056602,0.0,0.0026960959658026695,1.1073604582634289e-05,0.10520872473716736,,,,
856,0.0071592251770198345,9.77825055059737e-05,98.88170808396535,0.28827959299087524,0.0025524909142404795,0.001132829929701984,8.83944085217081e-06,8.648138646094594e-06,0.012865282595157623,0.012192782014608383,0.0,0.0025197446811944246,7.248637120937929e-05,0.10518273711204529,,,,
857,0.006720089353621006,9.713232596243588e-05,99.00378977798391,0.12099618464708328,0.0025875961873680353,0.0009661318035796285,1.25915994431125e-05,9.761064575286582e-06,0.020329292863607407,0.007035570219159126,0.0,0.002122842939570546,4.5381002564681694e-05,0.1051580011844635,,,,
858,0.007924412377178669,9.648636930010361e-05,99.11925556597998,0.17057248950004578,0.002366543048992753,0.0010738614946603775,1.0767503226816189e-05,8.088511094683781e-06,0.023327596485614777,0.01803506165742874,0.0,0.002757370937615633,8.700299076735973e-06,0.10513202100992203,,,,
859,0.00655736168846488,9.584464189430842e-05,99.23659203498391,0.1069607064127922,0.0020938545931130648,0.0009702452225610614,1.0940278116322588e-05,1.18329899123637e-05,0.019835706800222397,0.0073371329344809055,0.0,0.008842341601848602,2.2559739591088146e-05,0.10510790348052979,,,,
860,0.006029726937413216,9.520715007864077e-05,99.3526469739736,0.179393470287323,0.002211424522101879,0.0010691031347960234,6.080678758735303e-06,1.1213880497962236e-05,0.011578542180359364,0.007346119731664658,0.0,0.0016424385830760002,6.401905920938589e-06,0.10508749634027481,,,,
861,0.0061387475579977036,9.457390014488737e-05,99.46965753100812,0.1372111439704895,0.002220910508185625,0.0010210599284619093,7.440740773745347e-06,1.0611520337988622e-05,0.015652667731046677,0.006441712379455566,0.0,0.0028241199906915426,2.2117992557468824e-05,0.10506585985422134,,,,
862,0.006544429808855057,9.39448983429694e-05,99.5882708299905,0.30695387721061707,0.0025063890498131514,0.0009895929833874106,1.6342366507160477e-05,6.9201341830194e-06,0.012348499149084091,0.008513178676366806,0.0,0.004292933735996485,3.7795001844642684e-05,0.10504546016454697,,,,
863,0.006348070222884417,9.33201508808809e-05,99.70388246898074,0.247084841132164,0.0025453907437622547,0.0008979706326499581,1.4765690139029175e-05,7.2951288530020975e-06,0.013672924600541592,0.007509095594286919,0.0,0.0033316074404865503,7.996698695933446e-05,0.10502629727125168,,,,
864,0.006486637983471155,9.269966392462704e-05,99.81988905899925,0.38621434569358826,0.0024009840562939644,0.0011955241207033396,6.994741397647886e-06,9.8984528449364e-06,0.009205687791109085,0.008332541212439537,0.0,0.0023694317787885666,8.656208592583425e-06,0.10500713437795639,,,,
865,0.006890397984534502,9.208344359816346e-05,99.9426644250052,0.28995659947395325,0.0028557837940752506,0.0008280668407678604,1.6329588106600568e-05,9.843940460996237e-06,0.016633223742246628,0.009168550372123718,0.0,0.003726270981132984,7.69292819313705e-05,0.10498673468828201,,,,
866,0.006203122902661562,9.147149598333617e-05,100.05468975496478,0.1758468598127365,0.00240628095343709,0.0009032321977429092,6.289771590672899e-06,9.87072053248994e-06,0.017648164182901382,0.006984526291489601,0.0,0.0021837332751601934,3.3756965422071517e-05,0.10496757924556732,,,,
867,0.006949215196073055,9.086382711982096e-05,100.17009686096571,0.3844141364097595,0.002165372483432293,0.0011297061573714018,1.2297248758841306e-05,8.85969348018989e-06,0.017043374478816986,0.011079099029302597,0.0,0.004042735323309898,4.569838711176999e-05,0.10494780540466309,,,,
868,0.006735487375408411,9.026044300506416e-05,100.28757440799382,0.07363040745258331,0.002535172738134861,0.0008830376900732517,9.302379112341441e-06,9.096942449104972e-06,0.018107382580637932,0.011426001787185669,0.0,0.0018965851049870253,2.5183931029459927e-06,0.10492988675832748,,,,
869,0.006801751907914877,8.966134959422344e-05,100.40335784200579,0.27412864565849304,0.00234807888045907,0.001132195582613349,1.1287358574918471e-05,1.053714549925644e-05,0.016586896032094955,0.008603982627391815,0.0,0.0034556882455945015,3.5984489841212053e-06,0.10491135716438293,,,,
870,0.006654516328126192,8.906655280010894e-05,100.52030626201304,0.30704325437545776,0.00207394827157259,0.0009585864609107375,1.015099223877769e-05,1.0182235200772993e-05,0.019800107926130295,0.011448953300714493,0.0,0.00415006885305047,1.2762716323777568e-05,0.10489529371261597,,,,
871,0.0070937867276370525,8.84760584931249e-05,100.64344566100044,0.48359012603759766,0.0023431885056197643,0.0009815485682338476,1.5185461052169558e-05,9.290433808928356e-06,0.020467057824134827,0.01211581565439701,0.0,0.002929900074377656,5.643377880915068e-05,0.10487799346446991,,,,
872,0.00654351431876421,8.788987250121166e-05,100.7589363969746,0.2114434689283371,0.002273282967507839,0.001130575081333518,1.3524209862225689e-05,9.066123311640695e-06,0.011579429730772972,0.009311452507972717,0.0,0.0028508086688816547,2.5660632672952488e-05,0.1048600822687149,,,,
873,0.006897768471390009,8.730800060978826e-05,100.87681428401265,0.22821761667728424,0.002289391588419676,0.0010081796208396554,8.434207302343566e-06,1.09170969153638e-05,0.025279788300395012,0.008639057166874409,0.0,0.002733096946030855,2.91121396003291e-05,0.1048421710729599,,,,
874,0.00703992648050189,8.673044856169541e-05,100.99562755797524,0.2097616195678711,0.0022554851602762938,0.0011051236651837826,1.1558675396372564e-05,1.0507933438930195e-05,0.01214362122118473,0.014515400864183903,0.0,0.0025237584486603737,6.379505794029683e-05,0.1048230305314064,,,,
875,0.0064918845891952515,8.615722205713879e-05,101.11162947001867,0.2281227558851242,0.0023199382703751326,0.0010162023827433586,1.681377580098342e-05,1.065933975041844e-05,0.014034325256943703,0.007592662237584591,0.0,0.004339954815804958,8.20270215626806e-05,0.10480265319347382,22.31911369771997,31.536681419405877,1.7466835110469416,0.6291993492062941
876,0.006318978033959866,8.558832675363237e-05,101.25706315797288,0.12568309903144836,0.002216375432908535,0.0009916778653860092,1.1879026715178043e-05,1.0116958947037347e-05,0.017768215388059616,0.00716147618368268,0.0,0.003314180765300989,2.423610567348078e-05,0.10478351265192032,,,,
877,0.006219700910151005,8.502376826594335e-05,101.37545444600983,0.3539991080760956,0.002270032186061144,0.0008540045819245279,1.4554533663613256e-05,1.0674046279746108e-05,0.0187910757958889,0.008073056116700172,0.0,0.002595251891762018,7.987594472069759e-06,0.10476437211036682,,,,
878,0.006318747531622648,8.446355216603588e-05,101.48897795600351,0.13534197211265564,0.0020495483186095953,0.0011422585230320692,9.28935332922265e-06,9.345520084025338e-06,0.017223287373781204,0.005776462610810995,0.0,0.004271576181054115,4.120052471989766e-05,0.10474400222301483,,,,
879,0.006477699149399996,8.390768398301685e-05,101.60215088300174,0.14699549973011017,0.002031607087701559,0.0010894661536440253,5.963859621260781e-06,9.926556231221184e-06,0.01437069196254015,0.010836402885615826,0.0,0.0028109699487686157,6.080867751734331e-05,0.10472363233566284,,,,
880,0.006726901978254318,8.335616920308054e-05,101.7179243619903,0.41579338908195496,0.0024845150765031576,0.0010619505774229765,6.64779827275197e-06,1.1575181815715041e-05,0.016390211880207062,0.008726649917662144,0.0,0.0025687692686915398,1.0938922969216947e-05,0.10470326244831085,,,,
881,0.006770921405404806,8.28090132694555e-05,101.85217650898267,0.34887924790382385,0.0025897985324263573,0.0009230360155925155,1.3322645827429369e-05,1.095861352951033e-05,0.01631898805499077,0.009455066174268723,0.0,0.003345496952533722,5.88254515605513e-05,0.10468166321516037,,,,
882,0.00650368258357048,8.226622158234977e-05,101.96806926600402,0.1576491892337799,0.0022444610949605703,0.0009878681739792228,1.3316181139089167e-05,7.990165613591671e-06,0.019841380417346954,0.007496000733226538,0.0,0.002958116354420781,7.618597737746313e-05,0.10466068238019943,,,,
883,0.006943766959011555,8.172779949889824e-05,102.08274962898577,0.06728941202163696,0.0021215432789176702,0.0011231149546802044,1.2251234693394508e-05,9.366824087919667e-06,0.017123188823461533,0.013016985729336739,0.0,0.0016402320470660925,1.5303376130759716e-05,0.10464031994342804,,,,
884,0.006656882353127003,8.119375233310927e-05,102.20015785697615,0.24911019206047058,0.00241627125069499,0.0009606575476936996,1.003559555101674e-05,1.0964773537125438e-05,0.01507798582315445,0.008843867108225822,0.0,0.007170362398028374,7.868580723879859e-06,0.1046193391084671,,,,
885,0.007283103186637163,8.066408535581303e-05,102.31229568197159,0.0903567373752594,0.002591318218037486,0.0011634097900241613,1.1468265256553423e-05,8.099823389784433e-06,0.014261161908507347,0.011643141508102417,0.0,0.003230498405173421,2.5789462597458623e-05,0.10459836572408676,,,,
886,0.0068471068516373634,8.013880379460866e-05,102.44915497297188,0.1042882576584816,0.0022266230080276728,0.001033335691317916,1.0736151125456672e-05,1.057911867974326e-05,0.019580364227294922,0.00956106185913086,0.0,0.002486505312845111,0.00017663196194916964,0.10457801073789597,,,,
887,0.006272851023823023,7.961791283381301e-05,102.56758715596516,0.11144011467695236,0.002102375729009509,0.0010374714620411396,1.3425973520497791e-05,8.000078196346294e-06,0.01294755283743143,0.01006814744323492,0.0,0.0022880048491060734,8.122384315356612e-06,0.10455642640590668,,,,
888,0.006217546761035919,7.910141761440981e-05,102.68708533496829,0.22499912977218628,0.0024203306529670954,0.0009660054929554462,1.5239893400575966e-05,7.676826498936862e-06,0.017608631402254105,0.005334412679076195,0.0,0.0022814965341240168,3.555949660949409e-06,0.10453484207391739,,,,
889,0.006258845794945955,7.858932323399816e-05,102.80413123196922,0.20344005525112152,0.001961007947102189,0.001123672118410468,1.0888252290897071e-05,1.1915969480469357e-05,0.01445392519235611,0.00865129567682743,0.0,0.0023924880661070347,1.0487655345059466e-05,0.10451387614011765,,,,
890,0.006342241540551186,7.808163474674296e-05,102.9198211649782,0.16383737325668335,0.0022256230004131794,0.0009443828603252769,1.257571238966193e-05,1.0457194548507687e-05,0.01924199052155018,0.008501860313117504,0.0,0.0013947468250989914,1.1008505680365488e-05,0.10449229180812836,,,,
891,0.006827260833233595,7.757835716332449e-05,103.03242604498519,0.08028829097747803,0.00228737760335207,0.0010602081893011928,8.47462797537446e-06,8.013553269847762e-06,0.016069184988737106,0.011195736937224865,0.0,0.002385653555393219,0.00010779895092127845,0.10447009652853012,,,,
892,0.006241868250072002,7.707949545088935e-05,103.1526876949938,0.305368036031723,0.0021126267965883017,0.0008863186230883002,8.327870091306977e-06,9.283398867410142e-06,0.013278841972351074,0.011934114620089531,0.0,0.002696733456104994,8.385196997551247e-05,0.10444851964712143,,,,
893,0.006843486800789833,7.65850545330014e-05,103.2695105309831,0.11867887526750565,0.0022474797442555428,0.0010806592181324959,8.50140622787876e-06,1.0041349923994858e-05,0.025445617735385895,0.006982256192713976,0.0,0.0024971170350909233,4.947288834955543e-05,0.10442633181810379,,,,
894,0.006166516337543726,7.609503928959276e-05,103.38587800000096,0.09969751536846161,0.002395952120423317,0.0008711357368156314,8.914505997381639e-06,1.0974277756758966e-05,0.013149861246347427,0.009267144836485386,0.0,0.0025898651219904423,1.129987958847778e-05,0.1044035255908966,,,,
895,0.006379064172506332,7.560945455691598e-05,103.50204931001645,0.07149481028318405,0.0022686447482556105,0.0008328951662406325,1.4364951312018093e-05,1.0339386790292338e-05,0.021206194534897804,0.00879783183336258,0.0,0.0021308036521077156,4.65719131170772e-05,0.10438072681427002,,,,
896,0.006325721275061369,7.512830512749649e-05,103.6189601579681,0.11158724129199982,0.0024198414757847786,0.0009807748720049858,1.3602955732494593e-05,6.411457434296608e-06,0.010394680313766003,0.008726945146918297,0.0,0.0031657523941248655,8.91118252184242e-05,0.10435854643583298,,,,
897,0.0061270976439118385,7.465159575008484e-05,103.73430180799915,0.07435746490955353,0.0023524051066488028,0.0009230221621692181,1.0021040907304268e-05,8.619956133770756e-06,0.01736457832157612,0.0064066145569086075,0.0,0.002288829069584608,1.4569906852557324e-05,0.10433636605739594,,,,
898,0.006829217541962862,7.417933112961001e-05,103.85047232802026,0.14016789197921753,0.0021730116568505764,0.000933226547203958,1.0981259038089775e-05,7.213987373688724e-06,0.018803056329488754,0.01346609927713871,0.0,0.0036276562605053186,3.5339820897206664e-05,0.10431480407714844,,,,
899,0.007079491391777992,7.37115159271334e-05,103.96557084401138,0.10730884224176407,0.0025353303644806147,0.0010869010584428906,1.2618005712283775e-05,7.057084076222964e-06,0.008264271542429924,0.013922012411057949,0.0,0.004701158031821251,2.8841046514571644e-05,0.10429386049509048,,,,
900,0.006257729604840279,7.324815475980207e-05,104.08391834696522,0.11697328835725784,0.002405739389359951,0.0010373250115662813,6.443468009820208e-06,9.322204277850688e-06,0.013469220139086246,0.006470171734690666,0.0,0.0037574986927211285,7.05650745658204e-06,0.10427414625883102,22.78189999101702,32.194461400034875,1.6130826941314904,0.7008162013162776
901,0.006287658121436834,7.278925220080365e-05,104.25115881598322,0.15936920046806335,0.0020940909162163734,0.0010668166214600205,9.532413969282061e-06,9.59300814429298e-06,0.01604549027979374,0.007679855450987816,0.0,0.0037011257372796535,9.111326107813511e-06,0.10425321012735367,,,,
902,0.006837625987827778,7.23348127793211e-05,104.37160553899594,0.09088519960641861,0.0024686993565410376,0.0010130410082638264,1.3762654816673603e-05,9.747726835485082e-06,0.01606760546565056,0.009720229543745518,0.0,0.003836671821773052,3.6269877455197275e-05,0.10423411428928375,,,,
903,0.00683972192928195,7.188484098048812e-05,104.48931018396979,0.27342116832733154,0.0023135950323194265,0.00088247109670192,2.007587863772642e-05,7.282913429662585e-06,0.013689565472304821,0.013284309767186642,0.0,0.0035978583618998528,0.00019057834288105369,0.10421626269817352,,,,
904,0.006799221038818359,7.143934124534461e-05,104.60610771900974,0.42455965280532837,0.0027954077813774347,0.0009574147406965494,1.1415604603826068e-05,1.2053253158228472e-05,0.018330803140997887,0.0066678826697170734,0.0,0.003017656970769167,1.5884763342910446e-05,0.10419902205467224,,,,
905,0.006790502928197384,7.099831797079321e-05,104.72883769701002,0.13898132741451263,0.0019785817712545395,0.0008838156936690211,9.899405995383859e-06,1.266189974558074e-05,0.012941136956214905,0.019369550049304962,0.0,0.0024991799145936966,5.523831987375161e-06,0.1041823998093605,,,,
906,0.00666252663359046,7.05617755095555e-05,104.87036869797157,0.07738769799470901,0.002246173797175288,0.0010104344692081213,6.341951575450366e-06,9.61681053013308e-06,0.013114254921674728,0.012328850105404854,0.0,0.0022179936058819294,0.00013223363202996552,0.10416577756404877,,,,
907,0.006775997579097748,7.012971817012945e-05,104.9907908209716,0.35210633277893066,0.0024817767553031445,0.0008696840959601104,1.5140614777919836e-05,1.0568797733867541e-05,0.021700168028473854,0.00980725884437561,0.0,0.0019929809495806694,2.8226311769685708e-05,0.10414853692054749,,,,
908,0.005794523283839226,6.970215021674649e-05,105.10868510301225,0.07479578256607056,0.0023318291641771793,0.0009546697838231921,1.0340798326069489e-05,1.0219859177595936e-05,0.005557573866099119,0.0075264573097229,0.0,0.003670745063573122,2.955631680379156e-05,0.10413007438182831,,,,
909,0.006364933215081692,6.92790758693297e-05,105.22970510896994,0.19485904276371002,0.002408477943390608,0.0009366757003590465,9.678751666797325e-06,1.4091781849856488e-05,0.01751583442091942,0.007235504686832428,0.0,0.0019929511472582817,4.229491241858341e-05,0.10411345958709717,,,,
910,0.007369414437562227,6.886049930345206e-05,105.34480599901872,0.16833172738552094,0.00241442141123116,0.0008899063686840236,1.2126663023082074e-05,1.1153693776577711e-05,0.028062131255865097,0.013043217360973358,0.0,0.0022619036026299,1.775532291503623e-05,0.10409745573997498,,,,
911,0.006817969027906656,6.844642465029537e-05,105.46095602901187,0.1670558601617813,0.002390157198533416,0.0009586520027369261,1.0698466212488711e-05,7.415668278554222e-06,0.012077861465513706,0.013830132782459259,0.0,0.004462530370801687,1.5252953744493425e-05,0.10408145934343338,,,,
912,0.007902706041932106,6.803685599660926e-05,105.59454354201443,0.22929051518440247,0.0027839504182338715,0.001115422579459846,1.9238132153986953e-05,9.821979801927228e-06,0.014748290181159973,0.01635272428393364,0.0,0.0022930505219846964,5.904390491195954e-06,0.10406545549631119,,,,
913,0.00599380349740386,6.76317973846709e-05,105.71013414300978,0.3779478371143341,0.002209561178460717,0.0008325362578034401,1.3964250683784485e-05,7.519185601267964e-06,0.018439942970871925,0.0075678033754229546,0.0,0.00219724397175014,1.16458504635375e-05,0.10405068844556808,,,,
914,0.0057202791795134544,6.72312528122454e-05,105.82734615297522,0.16326864063739777,0.0021464889869093895,0.0009590707486495376,9.829745067690965e-06,1.4079290849622339e-05,0.01216631755232811,0.006184852682054043,0.0,0.0014314161380752921,1.4151175491861068e-05,0.10403592884540558,,,,
915,0.006657252553850412,6.683522623254598e-05,105.94576717400923,0.3419747054576874,0.0022041001357138157,0.0009754879283718765,1.1337997420923784e-05,1.3675038644578308e-05,0.013861646875739098,0.010881652124226093,0.0,0.005406246520578861,9.646598482504487e-05,0.10402054339647293,,,,
916,0.006233560852706432,6.644372155419492e-05,106.05834893800784,0.1433936208486557,0.002348786685615778,0.0009574684081599116,8.098524631350301e-06,1.0735700925579295e-05,0.016993802040815353,0.006601651199162006,0.0,0.002961668185889721,1.954965409822762e-05,0.10400701314210892,,,,
917,0.0067519149743020535,6.605674264118549e-05,106.17565100698266,0.2320985198020935,0.0021207116078585386,0.0009699093643575907,1.2444957974366844e-05,9.340662472823169e-06,0.019708428531885147,0.010880472138524055,0.0,0.005105302669107914,4.0802329749567434e-05,0.10399286448955536,,,,
918,0.006608998868614435,6.567429331284338e-05,106.2940751509741,0.25673210620880127,0.0025910823605954647,0.0008984175510704517,1.1998192348983139e-05,9.406449862581212e-06,0.01059330441057682,0.012164667248725891,0.0,0.00247664051130414,3.3091651857830584e-05,0.10397933423519135,,,,
919,0.0069345044903457165,6.529637734378897e-05,106.41284291696502,0.10152141749858856,0.0023905616253614426,0.001083369366824627,1.0479302545718383e-05,8.809227438177913e-06,0.016347499564290047,0.009706204757094383,0.0,0.005542161408811808,1.5250853721227031e-05,0.10396457463502884,,,,
920,0.007386644370853901,6.492299846390025e-05,106.53052555100294,0.3310205340385437,0.0021754351910203695,0.0012414110824465752,7.126539912860608e-06,7.486555659852456e-06,0.014994737692177296,0.015515368431806564,0.0,0.0032978258095681667,1.2139847058278974e-05,0.10395104438066483,,,,
921,0.006245896220207214,6.455416035827612e-05,106.64800652500708,0.10670832544565201,0.00197032792493701,0.000961507554166019,7.342991011682898e-06,7.795986675773747e-06,0.017370793968439102,0.01081181038171053,0.0,0.0018445717869326472,5.5274751503020525e-05,0.1039387434720993,,,,
922,0.005909213796257973,6.418986666719976e-05,106.76063594396692,0.09094167500734329,0.0020512838382273912,0.0008698863675817847,9.230700015905313e-06,8.081638952717185e-06,0.015569672919809818,0.009398192167282104,0.0,0.0016184591222554445,4.188137609162368e-05,0.10392645001411438,,,,
923,0.005641089752316475,6.38301209861028e-05,106.87936426897068,0.1129218265414238,0.0019755172543227673,0.000956616539042443,1.638356116018258e-05,8.478382369503379e-06,0.008227162063121796,0.00907281506806612,0.0,0.0014382206136360765,9.255192708224058e-06,0.10391414910554886,,,,
924,0.007027430925518274,6.347492686552988e-05,107.01321709097829,0.17783546447753906,0.002573532983660698,0.000938229903113097,1.3863757885701489e-05,9.971314284484833e-06,0.010764004662632942,0.015169486403465271,0.0,0.0029770382679998875,3.1185714760795236e-05,0.10390062630176544,,,,
925,0.006092671304941177,6.312428781110366e-05,107.13581874896772,0.13840731978416443,0.002303187968209386,0.0008379127830266953,7.440459739882499e-06,9.783841051103082e-06,0.01811836287379265,0.008137491531670094,0.0,0.0022912132553756237,3.300827302155085e-06,0.10388648509979248,23.15059288591873,32.71575449365717,1.5498732852551274,0.8697772699705455
926,0.006288326345384121,6.277820728348992e-05,107.28994870599126,0.24882863461971283,0.0021950078662484884,0.0010744798928499222,1.0960056897602044e-05,1.187353609566344e-05,0.011531385593116283,0.009019248187541962,0.0,0.0025553577579557896,5.887156476092059e-06,0.10387357324361801,,,,
927,0.006424752064049244,6.243668869836385e-05,107.41176111099776,0.29027146100997925,0.0019325277535244823,0.00098674395121634,1.078244713426102e-05,9.107997357205022e-06,0.016894519329071045,0.01159453485161066,0.0,0.0037478217855095863,2.4401142582064494e-05,0.1038600504398346,,,,
928,0.006290957797318697,6.209973542637582e-05,107.53563010401558,0.12104207277297974,0.002533559687435627,0.000983945676125586,7.3637474997667596e-06,1.0639922038535587e-05,0.015615100041031837,0.004704751074314117,0.0,0.004667239263653755,2.1030655261711217e-05,0.10384714603424072,,,,
929,0.006464602891355753,6.17673507931189e-05,107.65838139597327,0.13821834325790405,0.0020983924623578787,0.000909980561118573,1.5018842532299459e-05,1.159142811957281e-05,0.020808354020118713,0.01007209625095129,0.0,0.0024086427874863148,8.251967301475815e-06,0.10383546352386475,,,,
930,0.00621823500841856,6.143953807909503e-05,107.77676202496514,0.3039952516555786,0.0023411205038428307,0.0008193728281185031,1.6545785911148414e-05,1.1947522580157965e-05,0.010592317208647728,0.011431876569986343,0.0,0.0032644355669617653,1.3586188288172707e-05,0.10382439941167831,,,,
931,0.006207629572600126,6.111630051968333e-05,107.89694584399695,0.09795840829610825,0.0023792048450559378,0.0009133107960224152,1.4547945283993613e-05,8.647112736070994e-06,0.019098414108157158,0.00617540767416358,0.0,0.0011927036102861166,3.3942313166335225e-05,0.10381272435188293,,,,
932,0.00598932197317481,6.0797641305108106e-05,108.01726765901549,0.1691681146621704,0.002209031255915761,0.0008576285908930004,1.2553604392451234e-05,1.1423886462580413e-05,0.019898228347301483,0.005284668877720833,0.0,0.002704290207475424,6.286619463935494e-05,0.10379981994628906,,,,
933,0.006832464598119259,6.048356358040719e-05,108.136268628994,0.12415566295385361,0.0021539833396673203,0.001036942470818758,8.420429367106408e-06,9.448875971429516e-06,0.015955090522766113,0.012469260953366756,0.0,0.005030173808336258,2.592647979327012e-05,0.10378752648830414,,,,
934,0.006692431401461363,6.017407044540078e-05,108.25450912199449,0.14787481725215912,0.0022934379521757364,0.0011156639084219933,9.648509148973972e-06,9.816745659918524e-06,0.01891535334289074,0.00743092829361558,0.0,0.0034228379372507334,9.23518200579565e-06,0.10377585887908936,,,,
935,0.0062265824526548386,5.9869164954661223e-05,108.37459769000998,0.11010264605283737,0.002369624562561512,0.0008938239770941436,1.1570150491024833e-05,9.427525583305396e-06,0.01676693558692932,0.007834951393306255,0.0,0.0025293328799307346,7.260221991600702e-06,0.10376418381929398,,,,
936,0.006910734809935093,5.9568850117482746e-05,108.49505460698856,0.13514558970928192,0.0024337663780897856,0.0008656997233629227,4.893966433883179e-06,1.1063426427426748e-05,0.01996687799692154,0.013199742883443832,0.0,0.0031662241090089083,5.614470865111798e-06,0.1037512794137001,,,,
937,0.005626227706670761,5.927312889785146e-05,108.61955606099218,0.08999238163232803,0.002057191915810108,0.0008825664408504963,7.6165551945450716e-06,9.256118573830463e-06,0.01702619530260563,0.005664612166583538,0.0,0.0014964211732149124,3.884661418851465e-05,0.10373776406049728,,,,
938,0.006463497877120972,5.8982004214416365e-05,108.76091376901604,0.22579941153526306,0.0018968984950333834,0.0009907128987833858,9.05431716091698e-06,8.441947102255654e-06,0.025942321866750717,0.008897440508008003,0.0,0.002279124688357115,5.670176960848039e-06,0.10372424870729446,,,,
939,0.007439578417688608,5.8695478940460573e-05,108.88375157798873,0.2230149507522583,0.0021990579552948475,0.0008961888961493969,1.0131043381989002e-05,1.0364410627516918e-05,0.029703529551625252,0.014768791384994984,0.0,0.0031348811462521553,2.0678184228017926e-05,0.1037101224064827,,,,
940,0.006224431097507477,5.841355590387286e-05,109.00441070902161,0.11746884882450104,0.00236235442571342,0.001017764094285667,1.380448793497635e-05,9.167535608867183e-06,0.008526960387825966,0.009316868148744106,0.0,0.0024041086435317993,1.489201167714782e-05,0.10369660705327988,,,,
941,0.0074831764213740826,5.8136237887119895e-05,109.12344376801047,0.2530175745487213,0.002498077927157283,0.0010193962370976806,1.2697037163889036e-05,1.0980131264659576e-05,0.02693420648574829,0.010866217315196991,0.0,0.002897250698879361,2.765681711025536e-05,0.10368248075246811,,,,
942,0.006426356732845306,5.786352762721838e-05,109.23713358200621,0.19411800801753998,0.002139071002602577,0.0011526464950293303,1.2924048860440962e-05,9.092044820135925e-06,0.019365105777978897,0.005411848891526461,0.0,0.002897253492847085,3.861290679196827e-06,0.1036677435040474,,,,
943,0.006166354287415743,5.759542781570865e-05,109.35653560701758,0.12768010795116425,0.002069888636469841,0.0010582132963463664,6.974736606935039e-06,1.0178245247516315e-05,0.016185415908694267,0.006730958819389343,0.0,0.0024483310990035534,0.00010007242963183671,0.10365361720323563,,,,
944,0.006125831510871649,5.733194109862747e-05,109.48225317901233,0.5155700445175171,0.001823863829486072,0.000802840746473521,1.0474460395926144e-05,6.564188879565336e-06,0.024516437202692032,0.008691666647791862,0.0,0.004004846327006817,0.00012702924141194671,0.10363949835300446,,,,
945,0.006691411137580872,5.707307007648242e-05,109.60093579697423,0.206562340259552,0.0021908802445977926,0.0010499521158635616,1.4693886441818904e-05,6.81897790855146e-06,0.0162263922393322,0.010745558887720108,0.0,0.003260240890085697,3.298567025922239e-05,0.10362476110458374,,,,
946,0.005767258815467358,5.6818817304225936e-05,109.71888374799164,0.20929503440856934,0.0023580905981361866,0.0008732769056223333,7.379401267826324e-06,1.1503689165692776e-05,0.011941810138523579,0.00664033368229866,0.0,0.001982207642868161,9.9388244052534e-06,0.10361063480377197,,,,
947,0.0064160809852182865,5.65691852912303e-05,109.83600671699969,0.4998164772987366,0.0024837313685566187,0.0009311368921771646,9.68508447840577e-06,1.3662369383382611e-05,0.013049086555838585,0.010211735032498837,0.0,0.0010478440672159195,6.985528671066277e-06,0.10359590500593185,,,,
948,0.007323024328798056,5.632417650126269e-05,109.94988381699659,0.07895094156265259,0.002345116576179862,0.0010916049359366298,1.0630892575136386e-05,1.0206167644355446e-05,0.020064599812030792,0.01347300224006176,0.0,0.0017401599325239658,4.520744550973177e-05,0.10358178615570068,,,,
949,0.006996346637606621,5.608379335246091e-05,110.06935738399625,0.41041815280914307,0.002507928293198347,0.0009586516534909606,1.8041866496787407e-05,7.704713425482623e-06,0.022305727005004883,0.00916236825287342,0.0,0.0015388261526823044,0.0001016177557175979,0.10356766730546951,,,,
950,0.006243694573640823,5.584803821730962e-05,110.19069597701309,0.23905342817306519,0.0023471589665859938,0.001045208889991045,1.1219282896490768e-05,8.531447747373022e-06,0.011309545487165451,0.007770006079226732,0.0,0.00309856329113245,7.650925908819772e-06,0.10355354845523834,23.66441302157252,33.44318821557786,1.564037487118001,0.8233379112140583
951,0.006909672636538744,5.56169134226168e-05,110.33905155397952,0.07674991339445114,0.0023990825284272432,0.0009767153533175588,8.888133379514329e-06,9.043058526003733e-06,0.017737090587615967,0.011814163997769356,0.0,0.0028575644828379154,6.315953942248598e-05,0.10353881865739822,,,,
952,0.00722127640619874,5.539042124949088e-05,110.45643341599498,0.4886058568954468,0.0025482242926955223,0.0011024988489225507,1.017638533085119e-05,1.3825358109897934e-05,0.021035827696323395,0.010053781792521477,0.0,0.0009786100126802921,1.841212906583678e-05,0.1035253182053566,,,,
953,0.0073529202491045,5.516856393331816e-05,110.57330880902009,0.2356143444776535,0.002182410331442952,0.0011701068142428994,1.97167755686678e-05,1.5928293578326702e-05,0.024979308247566223,0.009339943528175354,0.0,0.0026023071259260178,5.725717710447498e-05,0.10351242870092392,,,,
954,0.006226150784641504,5.495134366374081e-05,110.6884779559914,0.2782890796661377,0.0021853805519640446,0.0009681781521067023,1.0701791325118393e-05,8.023010195756797e-06,0.012069017626345158,0.010445944033563137,0.0,0.003171800170093775,7.03139176039258e-06,0.10349953919649124,,,,
955,0.0062228040769696236,5.473876258463517e-05,110.80899579601828,0.32648444175720215,0.001997582148760557,0.0008652430842630565,1.000383599603083e-05,8.57857503433479e-06,0.015427501872181892,0.010930731892585754,0.0,0.006522836163640022,1.4835062756901607e-05,0.10348665714263916,,,,
956,0.006200609728693962,5.453082279409069e-05,110.92860098200617,0.11753804981708527,0.002151710446923971,0.0009666461846791208,9.757685802469496e-06,8.332213838002644e-06,0.014294328168034554,0.00955452211201191,0.0,0.002155343536287546,5.329614941729233e-05,0.10347561538219452,,,,
957,0.006708414759486914,5.432752634438913e-05,111.0457165450207,0.08108731359243393,0.0023359041661024094,0.0008921496337279677,1.0930524695140775e-05,1.0865416697924957e-05,0.012870732694864273,0.013902312144637108,0.0,0.0041055153124034405,2.774403037619777e-05,0.10346456617116928,,,,
958,0.006902366876602173,5.412887524198437e-05,111.16544925898779,0.3918840289115906,0.002273708814755082,0.0011315008159726858,8.393987627641764e-06,1.627627352718264e-05,0.010391589254140854,0.013310205191373825,0.0,0.0029440224170684814,1.7698435840429738e-05,0.10345414280891418,,,,
959,0.00628668675199151,5.393487144748267e-05,111.28068313299445,0.183912992477417,0.002202168107032776,0.0010316419648006558,8.017884283617605e-06,1.0170257155550644e-05,0.019672291353344917,0.006156738847494125,0.0,0.0019681891426444054,3.821282007265836e-05,0.10344248265028,,,,
960,0.006564106326550245,5.374551687562306e-05,111.39400689298054,0.19934044778347015,0.0022936519235372543,0.001048409380018711,1.2291595339775085e-05,9.13355324883014e-06,0.021408434957265854,0.00619078753516078,0.0,0.0031133240554481745,1.0787172868731432e-05,0.10343021154403687,,,,
961,0.0055496240966022015,5.356081339525873e-05,111.51175837701885,0.40573832392692566,0.002018845407292247,0.0010161553509533405,8.499494470015634e-06,7.689391168241855e-06,0.007007125299423933,0.007825138047337532,0.0,0.001662165974266827,1.7183017916977406e-05,0.10341794788837433,,,,
962,0.00693227956071496,5.338076282933854e-05,111.62856940197526,0.16440676152706146,0.0023976352531462908,0.0009155568550340831,1.211700691783335e-05,1.0858535461011343e-05,0.021154530346393585,0.011896409094333649,0.0,0.002267071045935154,9.648483683122322e-06,0.1034056767821312,,,,
963,0.006196386646479368,5.3205366954888794e-05,111.74602937296731,0.2213878184556961,0.002271051285788417,0.0009482840541750193,1.016646911011776e-05,1.0175683200941421e-05,0.013233507052063942,0.008912645280361176,0.0,0.0028371508233249187,2.7155792849953286e-05,0.10339280217885971,,,,
964,0.00669666426256299,5.303462750299601e-05,111.86194104596507,0.4311535954475403,0.0020869483705610037,0.000923805870115757,1.0890059456869494e-05,1.1552793694136199e-05,0.02226414531469345,0.011207996867597103,0.0,0.0029819360934197903,5.1193037506891415e-05,0.10337930917739868,,,,
965,0.006610676646232605,5.286854615878964e-05,111.98194054001942,0.14687950909137726,0.0021638949401676655,0.0010870452970266342,8.710921974852681e-06,9.221737855114043e-06,0.019766520708799362,0.008467227220535278,0.0,0.00276666646823287,1.661557143961545e-05,0.1033664271235466,,,,
966,0.0068784430623054504,5.270712456142551e-05,112.09593681199476,0.3081575632095337,0.00205996073782444,0.0011268596863374114,1.9448652892606333e-05,8.222584256145637e-06,0.0196058489382267,0.010485399514436722,0.0,0.002469472587108612,3.239011130062863e-05,0.10335416346788406,,,,
967,0.006107083521783352,5.255036430406964e-05,112.21526413597167,0.4036332070827484,0.002131309825927019,0.0008274802821688354,1.3239902727946173e-05,8.100055310933385e-06,0.016886861994862556,0.010264678858220577,0.0,0.0018905317410826683,3.8734287954866886e-05,0.10334189981222153,,,,
968,0.0053954776376485825,5.2398266933882417e-05,112.33496425999328,0.06519309431314468,0.0021431362256407738,0.0008907769806683064,1.023339427774772e-05,9.418875379196834e-06,0.008260168135166168,0.006130043417215347,0.0,0.0024930257350206375,2.0271845642128028e-05,0.10332902520895004,,,,
969,0.005953958258032799,5.2250833952003546e-05,112.452212588978,0.17376604676246643,0.00237005646340549,0.000860939035192132,1.2097832041035872e-05,1.0398585800430737e-05,0.01362383458763361,0.006645104382187128,0.0,0.0028096993919461966,4.755643385578878e-05,0.10331615060567856,,,,
970,0.006958915386348963,5.2108066813537e-05,112.56743866601028,0.3460600674152374,0.0021160608157515526,0.0010057104518637061,1.3075967217446305e-05,1.4394781828741543e-05,0.031184911727905273,0.006726359948515892,0.0,0.003973052836954594,2.288833275088109e-05,0.10330388695001602,,,,
971,0.006002847570925951,5.1969966927536814e-05,112.68455844197888,0.16617245972156525,0.0022176166530698538,0.0008278246386907995,7.76485467213206e-06,9.559450518281665e-06,0.01636457070708275,0.009210714139044285,0.0,0.002156030386686325,5.945103112026118e-06,0.10329224169254303,,,,
972,0.006964560132473707,5.183653565699306e-05,112.79964897601167,0.12146475166082382,0.002325607230886817,0.0008527097525075078,1.3438982932711951e-05,9.416111424798146e-06,0.012410796247422695,0.01797568053007126,0.0,0.002672669943422079,4.996178540750407e-05,0.10327936708927155,,,,
973,0.006404649931937456,5.1707774318818616e-05,112.91337072796887,0.2933351993560791,0.0022855540737509727,0.0010482380166649818,1.3554377801483497e-05,8.446698302577715e-06,0.01587212271988392,0.0077867209911346436,0.0,0.00218372605741024,1.7878697690321133e-05,0.10326588153839111,,,,
974,0.006061469204723835,5.158368418383582e-05,113.03524922399083,0.29147830605506897,0.002107376931235194,0.0008546795579604805,1.6747913832659833e-05,7.90982085163705e-06,0.01673910953104496,0.009280143305659294,0.0,0.0022606980055570602,1.6898655303521082e-05,0.10325178503990173,,,,
975,0.007029285188764334,5.146426647676422e-05,113.15616930701071,0.07439315319061279,0.002355757635086775,0.0009081711759790778,9.902985766530037e-06,1.0363932233303785e-05,0.013737941160798073,0.016736509278416634,0.0,0.0022359564900398254,7.893334259279072e-05,0.1032370775938034,23.95602085635044,33.85652181950978,1.4799499109372716,0.9194291222397721
976,0.0063631655648350716,5.134952237620838e-05,113.3078792669694,0.21677647531032562,0.0019230620237067342,0.000866574642714113,9.75420971371932e-06,1.0426834705867805e-05,0.026243489235639572,0.009273669682443142,0.0,0.002392763737589121,4.274129605619237e-05,0.10322298854589462,,,,
977,0.006108087487518787,5.123945301464625e-05,113.43070377100958,0.3959217071533203,0.0019091294379904866,0.0009554980206303298,1.060224440152524e-05,1.2567548765218817e-05,0.015701398253440857,0.009081821888685226,0.0,0.0031880666501820087,0.00010040024062618613,0.10320889204740524,,,,
978,0.007398552261292934,5.113405947841802e-05,113.55092415300896,0.14228156208992004,0.0024825159925967455,0.0010690649505704641,9.260715160053223e-06,8.682858606334776e-06,0.024361779913306236,0.01054430566728115,0.0,0.0035693799145519733,4.4286513002589345e-05,0.10319541394710541,,,,
979,0.005698823370039463,5.10333428077153e-05,113.66672773502069,0.3990216851234436,0.0020670348312705755,0.0009345907019451261,1.1494892532937229e-05,9.454661267227493e-06,0.010847138240933418,0.0076995897106826305,0.0,0.0024524996988475323,1.4988272596383467e-05,0.10318254679441452,,,,
980,0.005926747806370258,5.093730399657101e-05,113.78139135998208,0.36914172768592834,0.002497454872354865,0.0008675734861753881,1.3689702427654993e-05,7.63981370255351e-06,0.014579493552446365,0.005356122739613056,0.0,0.0021868725307285786,3.7503305065911263e-06,0.10316967964172363,,,,
981,0.0056213075295090675,5.0845943992849396e-05,113.90280128299491,0.09314780682325363,0.0015918777789920568,0.0009797357488423586,6.371160452545155e-06,9.76890714809997e-06,0.0180763341486454,0.00790318287909031,0.0,0.0017215078696608543,2.5190209271386266e-05,0.10315681248903275,,,,
982,0.006519842427223921,5.0759263698236864e-05,114.02296931901947,0.3640586733818054,0.002093460178002715,0.0009574792347848415,8.840943337418139e-06,8.234474080381915e-06,0.021279364824295044,0.010335185565054417,0.0,0.0019509904086589813,4.248982440913096e-05,0.10314333438873291,,,,
983,0.006139782257378101,5.067726396823285e-05,114.14470731897745,0.3424707353115082,0.002134471433237195,0.0009336827206425369,1.1298650861135684e-05,1.030303792504128e-05,0.012759550474584103,0.009088018909096718,0.0,0.003701298963278532,8.69539289851673e-05,0.10313047468662262,,,,
984,0.006543573923408985,5.0599945612141705e-05,114.27236718096538,0.18175937235355377,0.001911101397126913,0.0010483998339623213,1.3753766324953176e-05,8.379218343179673e-06,0.020355049520730972,0.010395968332886696,0.0,0.0024876983370631933,2.949014560726937e-05,0.10311822593212128,,,,
985,0.006419453304260969,5.0527309393064295e-05,114.39795220800443,0.1747892051935196,0.0018567133229225874,0.001100300345569849,1.3014119758736342e-05,9.601732017472386e-06,0.015314592979848385,0.009271235205233097,0.0,0.005776793695986271,5.1180479204049334e-05,0.10310658812522888,,,,
986,0.006860415916889906,5.045935602789076e-05,114.51566290500341,0.2063589245080948,0.002217245986685157,0.0011259260354563594,1.1495179023768287e-05,7.529582944698632e-06,0.022175293415784836,0.008486147969961166,0.0,0.002766969380900264,2.246134954475565e-06,0.10309617221355438,,,,
987,0.007517756428569555,5.039608618729346e-05,114.63262594497064,0.482082724571228,0.0024843986611813307,0.00101440807338804,1.68413116625743e-05,7.17326429366949e-06,0.02190374955534935,0.014050640165805817,0.0,0.002512883860617876,3.541461410350166e-05,0.10308576375246048,,,,
988,0.006483352743089199,5.033750049572013e-05,114.74850977497408,0.07718160003423691,0.0020383999217301607,0.001009404193609953,7.825763532309793e-06,9.018423952511512e-06,0.02860502526164055,0.005266673397272825,0.0,0.0032721655443310738,3.410187491681427e-05,0.10307474434375763,,,,
989,0.0062263477593660355,5.028359953138787e-05,114.86509874899639,0.3693278431892395,0.0022816660348325968,0.0011469806777313352,7.838623787392862e-06,1.1826246918644756e-05,0.014450345188379288,0.0047661857679486275,0.0,0.0025334907695651054,2.5196271963068284e-05,0.10306432843208313,,,,
990,0.006743459962308407,5.023438382627749e-05,114.98072399600642,0.3198995292186737,0.0024224750231951475,0.0010420314501971006,8.303553840960376e-06,1.358846748189535e-05,0.014140130020678043,0.01034493651241064,0.0,0.0031412816606462,1.6384543414460495e-05,0.10305330902338028,,,,
991,0.0055823856964707375,5.018985386612814e-05,115.09513918700395,0.0891345962882042,0.002248658100143075,0.0009314913768321276,1.1956656635447871e-05,7.317462859646184e-06,0.011166983284056187,0.005094133783131838,0.0,0.0019857354927808046,7.912451110314578e-06,0.10304167866706848,,,,
992,0.007470088079571724,5.015001009043253e-05,115.20971453702077,0.4314740002155304,0.0025567123666405678,0.0009503771434538066,1.4799274140386842e-05,8.901668479666114e-06,0.03127659857273102,0.009905809536576271,0.0,0.0018716421909630299,2.4589042368461378e-05,0.10303004086017609,,,,
993,0.005535526666790247,5.0114852892432584e-05,115.32735033601057,0.22918304800987244,0.0019815752748399973,0.0009109395323321223,1.3953813322586939e-05,8.64539742906345e-06,0.009545420296490192,0.007567615248262882,0.0,0.002461702097207308,4.594506754074246e-05,0.10301779955625534,,,,
994,0.006064089015126228,5.008438261911574e-05,115.4440351530211,0.0791911780834198,0.0021590101532638073,0.0010017919121310115,8.348799383384176e-06,1.0261453098792117e-05,0.014436169527471066,0.006976878270506859,0.0,0.003454949939623475,2.0143623260082677e-05,0.1030055582523346,,,,
995,0.006303880363702774,5.005859957121122e-05,115.56739483302226,0.21516911685466766,0.0021119576413184404,0.0009560203179717064,8.678693120600656e-06,1.1454380000941455e-05,0.023014605045318604,0.00647830730304122,0.0,0.003083594609051943,2.2817977878730744e-05,0.1029926985502243,,,,
996,0.005877326708287001,5.003750400318735e-05,115.6886033359915,0.19066277146339417,0.0022293932270258665,0.0010005133226513863,1.01531004474964e-05,1.0402445695945062e-05,0.014005016535520554,0.0051361811347305775,0.0,0.0015717744827270508,4.5913337089587e-05,0.10298045724630356,,,,
997,0.006794413086026907,5.0021096123248834e-05,115.8102720240131,0.17455904185771942,0.0018937590066343546,0.0011097913375124335,7.076541805872694e-06,9.399211194249801e-06,0.025604786351323128,0.009995844215154648,0.0,0.002593308687210083,3.856127932522213e-06,0.10296821594238281,,,,
998,0.006580177694559097,5.000937609333487e-05,115.92857510998147,0.23165300488471985,0.002177440794184804,0.0010353003162890673,1.1735037332982756e-05,7.768509021843784e-06,0.01478588953614235,0.011297879740595818,0.0,0.0027214125730097294,2.899315586546436e-05,0.10295475274324417,,,,
999,0.005680507980287075,5.000234402911735e-05,116.04884839698207,0.26366478204727173,0.0018466345500200987,0.0009402860887348652,1.4275770809035748e-05,8.94502954906784e-06,0.008836178109049797,0.009156991727650166,0.0,0.0034948447719216347,8.590089419158176e-05,0.10294190049171448,,,,
1000,0.006228609010577202,5e-05,116.17410797200864,0.1337403953075409,0.002100730547681451,0.001066399272531271,9.123152267420664e-06,1.1260737664997578e-05,0.013867232948541641,0.008363910019397736,0.0,0.00204920070245862,5.610017979051918e-05,0.10292904824018478,23.874203119946245,33.74387959871343,1.454039156629991,0.7051580219029409
