epoch,loss,learning_rate,training_seconds,gradient_norm,simulation,top,hot,cold,pde,boundary,initial,interface,low_cooling,contact_prior,temporal,validation_score_k,validation_顶部_rmse_k,validation_热端_rmse_k,validation_冷端_rmse_k
1,2.0150790214538574,0.0009999976559708827,0.3328489849809557,10.423890113830566,0.31894680857658386,0.8111436367034912,0.004823779687285423,0.002460160292685032,2.23844781430671e-05,0.004060541745275259,0.0,0.00017750097322277725,0.0005880820099264383,0.0,1.2158044455645722e-06,146.51370643878158,206.86410986293112,8.92856537710671,14.13596545195761
2,1.5047528743743896,0.0009999906239066651,0.6848011609981768,2.573086738586426,0.2640377879142761,0.5917088389396667,0.0013724886812269688,0.0036058963742107153,3.246410415158607e-05,0.01341202948242426,0.0,0.0001957185158971697,0.006160121411085129,9.241048246622086e-07,7.579164957860485e-07,,,,
3,1.3698227405548096,0.0009999789038767511,1.0169811259838752,3.973176956176758,0.22256340086460114,0.43976935744285583,0.00998232327401638,0.0149539764970541,0.0002305928064743057,0.028126588091254234,0.0,0.0013920051278546453,0.015367593616247177,3.338805981911719e-06,9.611186396796256e-05,,,,
4,1.2670648097991943,0.0009999624959968127,1.3567365179769695,4.40993595123291,0.20913195610046387,0.39040011167526245,0.01060149073600769,0.014685234054923058,0.0006245049880817533,0.04366912320256233,0.0,0.003531650872901082,0.019688375294208527,1.6871526895556599e-06,2.424493459329824e-06,,,,
5,1.0147913694381714,0.0009999414004287887,1.6863891200046055,2.8332884311676025,0.17747867107391357,0.3422030210494995,0.0051659042946994305,0.007648187689483166,0.0007573290495201945,0.05012424290180206,0.0,0.006892330478876829,0.019369833171367645,4.2925330490106717e-07,9.27864221011987e-07,,,,
6,0.8480662107467651,0.0009999156173808841,2.0232494290103205,2.3684780597686768,0.16226133704185486,0.31308305263519287,0.0018946004565805197,0.002154397778213024,0.0013666118029505014,0.05424318462610245,0.0,0.013423105701804161,0.012983065098524094,4.20550350099802e-09,1.8882999484048923e-06,,,,
7,0.6524021029472351,0.0009998851471075673,2.351092746015638,2.6766302585601807,0.14302584528923035,0.23737625777721405,0.0006297982763499022,0.0005020785611122847,0.003352709347382188,0.08635935187339783,0.0,0.02616281248629093,0.01318852137774229,6.710988600389101e-07,4.73235468234634e-06,,,,
8,0.4958057105541229,0.0009998499899095672,2.691167564014904,2.261772632598877,0.11680822819471359,0.17307345569133759,0.0004434660077095032,0.0003674437466543168,0.004249644465744495,0.11369478702545166,0.0,0.04328181594610214,0.010988786816596985,2.509224032110069e-06,6.573262908204924e-06,,,,
9,0.41569235920906067,0.0009998101461338716,3.021372461982537,1.1799613237380981,0.09183385223150253,0.12947717308998108,0.0010746950283646584,0.0006478923605754972,0.00757690891623497,0.26682040095329285,0.0,0.09093888849020004,0.016069425269961357,5.6570897868368775e-06,1.0096840696860454e-06,,,,
10,0.4797966182231903,0.0009997656161737222,3.3621040860307403,3.498859405517578,0.08052156865596771,0.1483769714832306,0.0007741464069113135,0.0018803293351083994,0.02887062355875969,0.35709479451179504,0.0,0.14662811160087585,0.03148578852415085,9.844461601460353e-06,6.137372110970318e-06,,,,
11,0.5469306111335754,0.0009997164004686117,3.6928358480217867,4.900623321533203,0.08084162324666977,0.1520690768957138,0.001148710958659649,0.007599291857331991,0.026380570605397224,0.44101250171661377,0.0,0.20586933195590973,0.018751420080661774,1.534832699690014e-05,5.6023091019596905e-06,,,,
12,0.4652117192745209,0.0009996624995042794,4.028482039982919,4.321385860443115,0.07261491566896439,0.12671001255512238,0.0009635351598262787,0.006883358582854271,0.010467622429132462,0.3235089182853699,0.0,0.1735866516828537,0.01914641633629799,2.254677383461967e-05,7.792426004016306e-06,,,,
13,0.340148389339447,0.000999603913812706,4.363765290996525,2.3990206718444824,0.06822368502616882,0.0957510694861412,0.00041786651127040386,0.003673149272799492,0.011115658096969128,0.2506517767906189,0.0,0.11465021967887878,0.008148141205310822,3.177767212036997e-05,1.0775713235489093e-05,,,,
14,0.2784067690372467,0.0009995406439721089,4.703748756030109,0.8888769149780273,0.05959579721093178,0.07685445994138718,0.000598571146838367,0.0012383731082081795,0.011446075513958931,0.2016417384147644,0.0,0.09268894046545029,0.021346837282180786,4.306290065869689e-05,1.4839955838397145e-05,,,,
15,0.27095142006874084,0.0009994726906069353,5.0516748540103436,1.9028911590576172,0.053816456347703934,0.08518525213003159,0.0011574852978810668,0.0006799382390454412,0.005570739507675171,0.11489161849021912,0.0,0.09621280431747437,0.011798085644841194,5.6159628002205864e-05,1.3755336112808436e-05,,,,
16,0.3087146282196045,0.0009994000543878578,5.387890278012492,2.575086832046509,0.04678143188357353,0.098030224442482,0.002240136731415987,0.0009415418608114123,0.006601098924875259,0.0787971094250679,0.0,0.07618483901023865,0.020847339183092117,7.102477684384212e-05,0.0011895423522219062,,,,
17,0.3159921169281006,0.0009993227360317665,5.725238521001302,2.726611375808716,0.04786234721541405,0.08475537598133087,0.004825680050998926,0.0021080216392874718,0.009497507475316525,0.0946003645658493,0.0,0.042479291558265686,0.017109273001551628,8.734787115827203e-05,0.000113797425001394,,,,
18,0.3026061952114105,0.0009992407363017626,6.061232679989189,3.43048357963562,0.036881718784570694,0.06446065753698349,0.0072588431648910046,0.003486312460154295,0.010912515223026276,0.08103629946708679,0.0,0.06341034173965454,0.017443867400288582,0.00010465421655680984,8.785062527749687e-05,,,,
19,0.26539117097854614,0.00099915405600715,6.39847993402509,3.6713998317718506,0.032509420067071915,0.04356599599123001,0.007876239717006683,0.00336396973580122,0.0066697197034955025,0.09065700322389603,0.0,0.06852791458368301,0.020427489653229713,0.00012280397641006857,9.447716729482636e-05,,,,
20,0.20191271603107452,0.0009990626960034283,6.735801862028893,2.0065085887908936,0.032928310334682465,0.04070347547531128,0.004954922012984753,0.0016355887055397034,0.008968785405158997,0.07659867405891418,0.0,0.16432860493659973,0.005309834610670805,0.00014215402188710868,3.7630070437444374e-05,,,,
21,0.16075684130191803,0.000998966657192284,7.071766085980926,1.9553574323654175,0.03154950588941574,0.031367991119623184,0.0028479050379246473,0.0017245002090930939,0.014712942764163017,0.0869804248213768,0.0,0.11926787346601486,0.005307795479893684,0.00016416309517808259,4.224423901177943e-05,,,,
22,0.1574295610189438,0.0009988659405215812,7.402574102976359,1.7624245882034302,0.031882498413324356,0.01992706023156643,0.0018030492356047034,0.003550587221980095,0.010455469600856304,0.10249584913253784,0.0,0.21903787553310394,0.01038958877325058,0.0001885928213596344,4.252979124430567e-05,,,,
23,0.18986670672893524,0.000998760546985353,7.72718598501524,3.057267665863037,0.0363924466073513,0.026725880801677704,0.0013477513566613197,0.005477442406117916,0.014635644853115082,0.1511216014623642,0.0,0.23339244723320007,0.00422965083271265,0.0002159759751521051,2.7135703930980526e-05,,,,
24,0.22511692345142365,0.0009986504776237908,8.055909655988216,4.12457799911499,0.036813460290431976,0.03149942308664322,0.0011186252813786268,0.006800408940762281,0.010924478061497211,0.15037108957767487,0.0,0.2597919702529907,0.017523378133773804,0.00024683019728399813,1.7730881154420786e-05,,,,
25,0.17462033033370972,0.000998535733523235,8.384036813979037,3.2240066528320312,0.03420604392886162,0.019182803109288216,0.0012821871787309647,0.005247253924608231,0.010115550830960274,0.15966066718101501,0.0,0.20329412817955017,0.010110744275152683,0.0002811491140164435,6.685747848678147e-06,23.33900321417964,30.443794787379222,11.393742026287029,13.977469179084407
26,0.13646793365478516,0.0009984163158161632,8.738470742013305,1.8850531578063965,0.02840310148894787,0.016498645767569542,0.0014860702212899923,0.0031040539033710957,0.01726670376956463,0.137101948261261,0.0,0.22467441856861115,0.0033401099499315023,0.0003185175883118063,1.8624838048708625e-05,,,,
27,0.13241168856620789,0.0009982922256811804,9.067446456989273,1.903588056564331,0.027222558856010437,0.02353961393237114,0.0023038138169795275,0.0012479631695896387,0.013142673298716545,0.08994616568088531,0.0,0.165353924036026,0.004654836840927601,0.0003589754633139819,1.747701935528312e-05,,,,
28,0.1533663272857666,0.000998163464343006,9.405320778023452,1.679019570350647,0.027212275192141533,0.025069043040275574,0.003734824014827609,0.0005236888537183404,0.009836707264184952,0.11973750591278076,0.0,0.23607690632343292,0.007972931489348412,0.0004013545985799283,0.0011880742385983467,,,,
29,0.13973616063594818,0.000998030033072462,9.734720156993717,2.37996244430542,0.026166202500462532,0.019205790013074875,0.0050940257497131824,0.0007722777081653476,0.010852077975869179,0.06655066460371017,0.0,0.15345677733421326,0.001595726702362299,0.00044714572140946984,2.8669252060353756e-05,,,,
30,0.1373872607946396,0.0009978919331864618,10.066127680998761,2.5069117546081543,0.02465730905532837,0.01852605864405632,0.004956346936523914,0.000628102570772171,0.007337288931012154,0.08702629804611206,0.0,0.18031080067157745,0.0017316876910626888,0.0004942642990499735,1.6110756405396387e-05,,,,
31,0.13042384386062622,0.0009977491660479953,10.395982257032301,1.7038882970809937,0.02766539715230465,0.019242947921156883,0.0030610854737460613,0.00019343962776474655,0.01254376769065857,0.19170314073562622,0.0,0.1474638730287552,0.0034468190278857946,0.0005435203202068806,0.0011092356871813536,,,,
32,0.11116243153810501,0.0009976017330661164,10.723964216012973,0.9543898105621338,0.026395928114652634,0.02182631753385067,0.0013035193551331758,0.00017901531828101724,0.012618819251656532,0.12968246638774872,0.0,0.1885598599910736,0.0032583812717348337,0.0005947432946413755,2.359232439630432e-06,,,,
33,0.10837085545063019,0.000997449635695929,11.051945789018646,1.7662465572357178,0.029510919004678726,0.02364501915872097,0.0002988948253914714,0.0010104882530868053,0.004628798924386501,0.08157244324684143,0.0,0.18014214932918549,0.0010782659519463778,0.0006479811854660511,1.3612893781100865e-06,,,,
34,0.11730077117681503,0.000997292875438573,11.379877598024905,1.5196903944015503,0.032579533755779266,0.01992732845246792,0.00010903296060860157,0.0017105703009292483,0.0065996721386909485,0.13767942786216736,0.0,0.20303529500961304,0.0024196291342377663,0.0007038044277578592,5.300094585436455e-07,,,,
35,0.1204419881105423,0.000997131453841209,11.707119931001216,1.9787542819976807,0.027726540341973305,0.020036332309246063,6.890919030411169e-05,0.002051534131169319,0.013510281220078468,0.15255868434906006,0.0,0.260338693857193,0.0024880580604076385,0.0007622498087584972,1.2222801615280332e-06,,,,
36,0.11627549678087234,0.0009969653724970025,12.035536454990506,1.811560034751892,0.030859559774398804,0.019222641363739967,0.00017617862613406032,0.0014323152136057615,0.018603838980197906,0.14142391085624695,0.0,0.1783459186553955,0.006893557962030172,0.000824339862447232,1.4525961660183384e-06,,,,
37,0.09741456806659698,0.0009967946330451097,12.369152172992472,0.968058705329895,0.02746608667075634,0.014870604500174522,0.0003734172787517309,0.0007704998133704066,0.004402403719723225,0.12987643480300903,0.0,0.240511953830719,0.0033212564885616302,0.0008882920956239104,0.0002125991741195321,,,,
38,0.0935596153140068,0.0009966192371706599,12.699838107975665,0.33337298035621643,0.026007773354649544,0.015270888805389404,0.0005370578146539629,0.00029023969545960426,0.006608390249311924,0.12764674425125122,0.0,0.2158965766429901,0.004845219198614359,0.0009560481994412839,1.0009545121647534e-06,,,,
39,0.09945424646139145,0.0009964391866047397,13.021659305028152,1.4739038944244385,0.02561287209391594,0.021395236253738403,0.0006019191350787878,9.683582175057381e-05,0.0037240926176309586,0.109126016497612,0.0,0.2152135968208313,0.002202446572482586,0.0010258054826408625,3.8503981159010436e-07,,,,
40,0.10994642227888107,0.0009962544831243754,13.35188819700852,1.518512487411499,0.028606289997696877,0.020421769469976425,0.001060429960489273,3.518300945870578e-05,0.0050471327267587185,0.10644504427909851,0.0,0.3084174394607544,0.003214270807802677,0.0010979556245729327,7.3685059760464355e-06,,,,
41,0.09523582458496094,0.0009960651285525156,13.680411346023902,1.3928887844085693,0.0243954099714756,0.01471958588808775,0.0015350024914368987,7.685011951252818e-05,0.012317480519413948,0.08867470175027847,0.0,0.20663955807685852,0.00546546233817935,0.0011736683081835508,7.618343715876108e-07,,,,
42,0.09526822715997696,0.0009958711247580138,14.007474786019884,1.5534437894821167,0.028891509398818016,0.013041328638792038,0.0014981944113969803,5.858741860720329e-05,0.009368455968797207,0.0914686769247055,0.0,0.20119529962539673,0.005049023311585188,0.0012512303655967116,9.079897154151695e-07,,,,
43,0.09307311475276947,0.000995672473655609,14.360820003028493,1.2551597356796265,0.027702385559678078,0.013981087133288383,0.0008236294379457831,0.00010524089157115668,0.004159227013587952,0.07479740679264069,0.0,0.331567645072937,0.003851719666272402,0.0013304388849064708,7.06420621554571e-07,,,,
44,0.10116254538297653,0.0009954691772059074,14.68978394602891,0.6608667373657227,0.02854420430958271,0.012874124571681023,0.0002304461959283799,0.0005178595893085003,0.006280682515352964,0.18019112944602966,0.0,0.3505779802799225,0.0035230780486017466,0.0014141574501991272,4.925889243168058e-07,,,,
45,0.08517707884311676,0.0009952612374153629,15.020372568978928,1.3194531202316284,0.03201933205127716,0.013695950619876385,7.928536797408015e-05,0.0008900549728423357,0.004513401072472334,0.047875288873910904,0.0,0.20568865537643433,0.0007730742800049484,0.001502795610576868,2.3253264203049184e-07,,,,
46,0.09343433380126953,0.0009950486563362572,15.355589759012219,1.2866510152816772,0.02807769924402237,0.014485223218798637,6.204055534908548e-05,0.0010008180979639292,0.0035831851419061422,0.11822371929883957,0.0,0.22470518946647644,0.0025190056767314672,0.0015932901296764612,2.1551424822519039e-07,,,,
47,0.09489798545837402,0.0009948314360666798,15.691003471030854,0.7331074476242065,0.029698152095079422,0.013736261054873466,0.00015192313003353775,0.0006385208107531071,0.003653300227597356,0.11971253156661987,0.0,0.31621235609054565,0.0017543821595609188,0.0016836116556078196,0.0001022763826767914,,,,
48,0.08075234293937683,0.000994609578750507,16.033282241027337,0.9382480382919312,0.025840211659669876,0.013791598379611969,0.0004182119155302644,0.00030425406293943524,0.00643962062895298,0.12346692383289337,0.0,0.12769824266433716,0.0010475015733391047,0.0017775489250198007,1.4186838370733312e-06,,,,
49,0.08362463861703873,0.000994383086577381,16.376627227989957,0.6738069653511047,0.026962842792272568,0.013009166345000267,0.0006910832598805428,0.00011393724707886577,0.003695908235386014,0.11806007474660873,0.0,0.17343686521053314,0.0019284076988697052,0.0018698273925110698,3.2667071536707226e-07,,,,
50,0.09013421833515167,0.0009941519617826882,16.71461259201169,0.7571158409118652,0.02692161314189434,0.014205395244061947,0.0007081269286572933,6.044738256605342e-05,0.003043201519176364,0.10752186924219131,0.0,0.25223225355148315,0.003596819471567869,0.001962581416592002,1.3289849221109762e-06,21.962115838355132,30.66380343187281,6.695610234335301,1.9922977092072032
51,0.0860806331038475,0.0009939162066475368,17.076455058995634,0.9973970055580139,0.029774082824587822,0.01466081477701664,0.0006308319862000644,5.6767963542370126e-05,0.007078325375914574,0.07883822172880173,0.0,0.16171972453594208,0.003782670246437192,0.0020555914379656315,4.7000128233776195e-07,,,,
52,0.08929716795682907,0.000993675823498735,17.4083557749982,0.8796588182449341,0.027263173833489418,0.01454935409128666,0.0005034052301198244,6.027489871485159e-05,0.0017623999156057835,0.09680502116680145,0.0,0.2765898108482361,0.003696857253089547,0.0021473944652825594,1.360451165055565e-06,,,,
53,0.08852729946374893,0.0009934308147087675,17.74148793600034,0.299477756023407,0.02662348747253418,0.012663647532463074,0.00044519687071442604,0.00010275142267346382,0.007046257611364126,0.13005000352859497,0.0,0.29954013228416443,0.002760116709396243,0.002241112757474184,3.488051731892483e-07,,,,
54,0.07757862657308578,0.0009931811826957716,18.07410347298719,0.6445882320404053,0.026372049003839493,0.012989099137485027,0.00034886374487541616,0.0001777880679583177,0.007628788705915213,0.049516595900058746,0.0,0.24064908921718597,0.0025927466340363026,0.002336740493774414,1.2122404768888373e-06,,,,
55,0.0804164782166481,0.000992926929923515,18.40428471902851,0.7679100036621094,0.029635807499289513,0.012729644775390625,0.00021989672677591443,0.00038511978345923126,0.004955523181706667,0.10587462782859802,0.0,0.12856003642082214,0.00200373912230134,0.0024322960525751114,1.805350507311232e-06,,,,
56,0.06910669058561325,0.00099266805890137,18.74350201699417,0.6856380701065063,0.026057817041873932,0.012415780685842037,0.00014317574095912278,0.0005446306895464659,0.004622798413038254,0.06528864800930023,0.0,0.08233372122049332,0.00045908254105597734,0.002524684416130185,9.53848257267964e-07,,,,
57,0.07821212708950043,0.0009924045721842888,19.07876900798874,0.7430357336997986,0.027099668979644775,0.011483143083751202,0.0001110533339669928,0.00048004777636379004,0.0063188704662024975,0.05521366000175476,0.0,0.31393781304359436,0.0006978492601774633,0.002612064592540264,4.887270961262402e-07,,,,
58,0.08001095801591873,0.000992136472372779,19.40900965302717,0.7532410621643066,0.027500394731760025,0.01338112261146307,0.0001670883793849498,0.0002976698742713779,0.0036208697129040956,0.0391620397567749,0.0,0.32142403721809387,0.0009294598130509257,0.002702120691537857,1.2475996413741086e-07,,,,
59,0.0798942968249321,0.0009918637621128773,19.737517781031784,0.17902584373950958,0.026494108140468597,0.013020752929151058,0.000430337677244097,8.370667637791485e-05,0.005217467434704304,0.09296975284814835,0.0,0.2227850705385208,0.0015180311165750027,0.00279783783480525,3.064548081965768e-07,,,,
60,0.07449181377887726,0.0009915864440961245,20.075203938991763,0.7599468231201172,0.02596067078411579,0.012846847996115685,0.0007071772124618292,2.4407781893387437e-05,0.0025944688823074102,0.07365411520004272,0.0,0.14021971821784973,0.0010123872198164463,0.0028969659470021725,1.9232433601246157e-07,,,,
61,0.07140038907527924,0.0009913045210595366,20.410019837028813,1.004867434501648,0.0265971627086401,0.012145890854299068,0.000767925928812474,2.9236245609354228e-05,0.004303690046072006,0.0519082136452198,0.0,0.10291652381420135,0.0019845939241349697,0.0029922875110059977,4.058393585637532e-07,,,,
62,0.0737508088350296,0.0009910179957855808,20.748401611985173,0.5456507802009583,0.02455487847328186,0.012048184871673584,0.0005385992117226124,2.7611695259111002e-05,0.0017470646416768432,0.035916831344366074,0.0,0.2880035638809204,0.0013537997147068381,0.0030826886650174856,1.3518769037546008e-06,,,,
63,0.07512170076370239,0.0009907268711021456,21.077890362998005,0.3835988938808441,0.02570449933409691,0.013171392492949963,0.00025652500335127115,0.00011900645040441304,0.0032273782417178154,0.04030340537428856,0.0,0.2903645634651184,0.0006059125880710781,0.003176047233864665,8.564443021441548e-08,,,,
64,0.0694286972284317,0.0009904311498825141,21.406492383976,0.6363793611526489,0.0279303640127182,0.011685730889439583,0.00012259252252988517,0.00029652105877175927,0.002251261845231056,0.046226441860198975,0.0,0.17207494378089905,0.0003207186528015882,0.003273962764069438,0.000272785488050431,,,,
65,0.08428206294775009,0.0009901308350453355,21.735819617984816,0.7286784052848816,0.029495609924197197,0.01324421726167202,0.00011888318113051355,0.0003328458406031132,0.007897138595581055,0.0722678154706955,0.0,0.30612117052078247,0.0008493229397572577,0.003369820537045598,3.4594910403029644e-07,,,,
66,0.07557792216539383,0.000989825929554596,22.065197211981285,0.6370877623558044,0.02998148277401924,0.011141802184283733,0.00022666691802442074,0.0002213341067545116,0.003436500672250986,0.037485361099243164,0.0,0.27517881989479065,0.0011489298194646835,0.0034712182823568583,1.1268507478234824e-06,,,,
67,0.06532634794712067,0.0009895164364195894,22.394179610011633,0.7078313231468201,0.02482919581234455,0.01123152207583189,0.00032137500238604844,0.00011488473683129996,0.005995503161102533,0.0666075199842453,0.0,0.09502574801445007,0.0019559257198125124,0.0035733208060264587,1.9319355715197162e-07,,,,
68,0.0782870352268219,0.0009892023586948885,22.727141638984904,0.2817944288253784,0.027252305299043655,0.012179529294371605,0.00031947167008183897,8.992154471343383e-05,0.00330734858289361,0.03661181032657623,0.0,0.3666702210903168,0.0004173685156274587,0.0036711227148771286,6.378131729434244e-07,,,,
69,0.09061131626367569,0.0009888836994803132,23.06421099603176,0.7273722887039185,0.03018956631422043,0.013531982898712158,0.0002586013579275459,7.754637044854462e-05,0.004384975880384445,0.040896348655223846,0.0,0.5090252161026001,0.00023164568119682372,0.003775985911488533,7.378930604318157e-07,,,,
70,0.08297209441661835,0.0009885604619209016,23.39163827698212,1.0872471332550049,0.031271059066057205,0.013973070308566093,0.00033133465331047773,3.7735193473054096e-05,0.0025379552971571684,0.07051537185907364,0.0,0.2488459050655365,0.00043929973617196083,0.0038854163140058517,2.8271847440919373e-07,,,,
71,0.08288123458623886,0.0009882326492068776,23.723322963982355,0.8214665651321411,0.028362886980175972,0.011441769078373909,0.0005644996417686343,1.2934017831867095e-05,0.0036345047410577536,0.0603473037481308,0.0,0.37895750999450684,0.000691042048856616,0.003996168728917837,1.1129616268590325e-06,,,,
72,0.0773400217294693,0.0009879002645736207,24.05434667202644,1.1233452558517456,0.026977594941854477,0.011421776376664639,0.000485359865706414,1.9906394300051033e-05,0.004042697139084339,0.06968600302934647,0.0,0.26990047097206116,0.0017959494143724442,0.004109577741473913,3.9507946780759085e-07,,,,
73,0.08518365770578384,0.0009875633113016326,24.390333603019826,0.15077169239521027,0.027439672499895096,0.013141751289367676,0.00019603029068093747,0.00012725287524517626,0.005501457490026951,0.073753222823143,0.0,0.3709944486618042,0.002022575121372938,0.0042235818691551685,7.413142384393723e-07,,,,
74,0.08043190091848373,0.0009872217927165065,24.718176661990583,1.4842846393585205,0.03218638524413109,0.015305137261748314,7.997173088369891e-05,0.00032272195676341653,0.0032295191194862127,0.039969198405742645,0.0,0.18040454387664795,0.0004251741338521242,0.004339396953582764,1.7438082977605518e-07,,,,
75,0.078435517847538,0.0009868757121888926,25.057026594004128,0.5871328711509705,0.027289817109704018,0.012146422639489174,0.00010063880472443998,0.00024738762294873595,0.0025943368673324585,0.054549988359212875,0.0,0.34207388758659363,0.0006793958018533885,0.004453595727682114,3.2519923820473196e-07,20.378144741610935,28.58142240677794,4.317326080876615,2.9394581749411537
76,0.08094633370637894,0.0009865250731344664,25.41769919800572,0.994730532169342,0.025161027908325195,0.011903569102287292,0.0002671817201189697,8.668173541082069e-05,0.004298178944736719,0.0658990815281868,0.0,0.40637972950935364,0.001310704741626978,0.004571856930851936,4.477178094930423e-07,,,,
77,0.07577172666788101,0.0009861698790138934,25.76421134202974,0.411637544631958,0.025244835764169693,0.012629320845007896,0.00033085126779042184,4.772668762598187e-05,0.004359756596386433,0.05494571477174759,0.0,0.28867486119270325,0.0013304335298016667,0.004697940777987242,1.0314522569387918e-06,,,,
78,0.07082655280828476,0.0009858101333327964,26.102003507025074,0.3346881866455078,0.025506865233182907,0.013203590176999569,0.0002905286382883787,4.674351657740772e-05,0.007649324834346771,0.034802667796611786,0.0,0.2056286633014679,0.0011516592931002378,0.004825872369110584,0.00023913131735753268,,,,
79,0.07170194387435913,0.0009854458396417198,26.437902723031584,0.7369167804718018,0.02742685005068779,0.012820780277252197,0.00026840914506465197,5.633127148030326e-05,0.0034284780267626047,0.06090496480464935,0.0,0.15918485820293427,0.0011588233755901456,0.0049520316533744335,1.193570597024518e-06,,,,
80,0.07585188001394272,0.0009850770015360957,26.77246271597687,0.26575982570648193,0.02471275068819523,0.012543871998786926,0.0002679483441170305,6.494139961432666e-05,0.0009258706122636795,0.015615902841091156,0.0,0.40991824865341187,0.0006133979768492281,0.005074790678918362,2.2100905994193454e-07,,,,
81,0.06378839164972305,0.000984703622656207,27.10416935698595,0.5318166017532349,0.025046246126294136,0.011975564062595367,0.0003144620859529823,8.219663141062483e-05,0.01218098122626543,0.04454411566257477,0.0,0.10203123837709427,0.0006537652807310224,0.00520716980099678,4.2893611862382386e-07,,,,
82,0.07667971402406693,0.0009843257066871525,27.43521523999516,0.652218222618103,0.026189154013991356,0.01261942833662033,0.0002573376114014536,0.00013154963380657136,0.003017798066139221,0.01897469162940979,0.0,0.377257764339447,0.000445367768406868,0.0053308033384382725,8.927595445129555e-07,,,,
83,0.07383313030004501,0.0009839432573588102,27.76117818802595,0.4712836742401123,0.02837667055428028,0.011729683727025986,0.00015005336899776012,0.00023599764972459525,0.0035836088936775923,0.03266749531030655,0.0,0.27817678451538086,0.0007759248255752027,0.005460960790514946,4.3348103417883976e-07,,,,
84,0.07768306136131287,0.000983556278445801,28.09680317802122,0.8545430898666382,0.025658858940005302,0.013088441453874111,0.000137989831273444,0.0002180873416364193,0.0064759389497339725,0.030146107077598572,0.0,0.37163496017456055,0.0003585413796827197,0.0055899787694215775,2.2569920474779792e-06,,,,
85,0.06562680006027222,0.0009831647737674498,28.42469442501897,0.20219498872756958,0.02584375999867916,0.011807389557361603,0.00028651990578509867,8.236779103754088e-05,0.0036597459111362696,0.03548118472099304,0.0,0.15724414587020874,0.000879659375641495,0.005724542308598757,6.84143401485926e-07,,,,
86,0.08193010091781616,0.0009827687471877502,28.75485673197545,0.6994775533676147,0.024302473291754723,0.011782543733716011,0.0003967206575907767,4.3308245949447155e-05,0.003053646069020033,0.055877842009067535,0.0,0.46375492215156555,0.0007260716520249844,0.0058539919555187225,2.109526349158841e-06,,,,
87,0.07951050996780396,0.0009823682026153246,29.085275830992032,0.2387017160654068,0.025339635089039803,0.012022905051708221,0.0003030743100680411,6.629068229813129e-05,0.004869464784860611,0.03851831331849098,0.0,0.43579113483428955,0.0005397330387495458,0.0059947785921394825,8.187256526070996e-07,,,,
88,0.07511009275913239,0.0009819631440033862,29.414933353022207,0.41816431283950806,0.021840982139110565,0.013107992708683014,0.00019064205116592348,0.00012208489351905882,0.004151938948780298,0.055874332785606384,0.0,0.3487546145915985,0.0006868463242426515,0.0061478521674871445,1.0737528555182507e-07,,,,
89,0.06366134434938431,0.0009815535753497,29.743735129013658,0.7048578262329102,0.02467237040400505,0.01142146997153759,0.00017011293675750494,0.00015014228119980544,0.0031119228806346655,0.023197771981358528,0.0,0.19869020581245422,0.0005253281560726464,0.0063043697737157345,1.977433839783771e-06,,,,
90,0.0649767592549324,0.0009811395006965433,30.071457300975453,0.29978054761886597,0.02301832288503647,0.011575739830732346,0.00023337549646385014,0.00010657280654413626,0.005746182054281235,0.05119670182466507,0.0,0.18144406378269196,0.0007833611452952027,0.006458409130573273,0.0001384705537930131,,,,
91,0.07632323354482651,0.0009807209241306657,30.409828084986657,0.8270652294158936,0.02454211562871933,0.011830378323793411,0.00022890634136274457,0.00010510990978218615,0.005698419641703367,0.059904325753450394,0.0,0.35683220624923706,0.0006562427151948214,0.006609189324080944,3.7847087241971167e-07,,,,
92,0.07035493850708008,0.0009802978497832487,30.7332604820258,0.19815173745155334,0.02393473871052265,0.012129649519920349,0.000176850167918019,0.00012200720084365457,0.0009007797343656421,0.05929369479417801,0.0,0.2547333836555481,0.0004527924465946853,0.00676390528678894,1.6928775039559696e-06,,,,
93,0.0743870809674263,0.0009798702818298657,31.062622976023704,0.5561918616294861,0.020878003910183907,0.01240952592343092,0.00012017798144370317,0.0001352666731690988,0.0018851668573915958,0.04651067405939102,0.0,0.4105994701385498,0.0008528968319296837,0.006916762329638004,4.695542372701311e-07,,,,
94,0.06704260408878326,0.0009794382244904397,31.391484407009557,0.6002645492553711,0.01974574476480484,0.01314462162554264,0.0001765487832017243,9.080908785108477e-05,0.005778564605861902,0.0958649143576622,0.0,0.1517523229122162,0.0006720803212374449,0.007077263202518225,0.00019183747645001858,,,,
95,0.07542599737644196,0.000979001682029202,31.721543755033053,0.5113142728805542,0.02324138768017292,0.012627391144633293,0.0003256203781347722,3.6757301131729037e-05,0.004118504002690315,0.030192703008651733,0.0,0.38432902097702026,0.0008570008212700486,0.0072321416810154915,1.6360233701107063e-07,,,,
96,0.06981892883777618,0.0009785606587546505,32.05046580900671,0.5700398087501526,0.025028830394148827,0.011182749643921852,0.0003132995334453881,3.801521233981475e-05,0.0018443086883053184,0.04643302410840988,0.0,0.24950851500034332,0.0011378612834960222,0.007394599728286266,0.0005552582442760468,,,,
97,0.06819716840982437,0.0009781151590195069,32.378526902990416,0.3867266774177551,0.020660851150751114,0.012335720472037792,0.00015783979324623942,0.00012243194214534014,0.005514609627425671,0.03588686138391495,0.0,0.31435859203338623,0.00047185190487653017,0.007558696903288364,3.935211339012312e-07,,,,
98,0.06847739219665527,0.0009776651872206738,32.708279105019756,0.5855746269226074,0.023130545392632484,0.012644121423363686,0.0001145422866102308,0.00017593242228031158,0.0015120190801098943,0.06459144502878189,0.0,0.2021024525165558,0.0005047182203270495,0.007728115189820528,1.5420469026139472e-06,,,,
99,0.06675286591053009,0.0009772107477991911,33.03339514700929,0.4023680090904236,0.02244822308421135,0.011375321075320244,0.00017159611161332577,0.00012458726996555924,0.00476623373106122,0.03135821595788002,0.0,0.28704530000686646,0.0008565490134060383,0.007896190509200096,1.3230865079094656e-06,,,,
100,0.06646867096424103,0.0009767518452401926,33.36357949802186,0.6497383117675781,0.021254222840070724,0.011878129094839096,0.00023227206838782877,9.374662477057427e-05,0.001960553228855133,0.055507902055978775,0.0,0.2399122714996338,0.0005449725431390107,0.00806607399135828,5.274018235468247e-07,19.785977211701965,27.769999963701604,3.5277661544097003,3.3389589514974842
101,0.06779857724905014,0.0009762884840728611,33.71715721901273,0.30801767110824585,0.02130087837576866,0.012381844222545624,0.00016801990568637848,0.00012043611786793917,0.0007147941505536437,0.018283048644661903,0.0,0.3324006199836731,0.0003554614959284663,0.008230669423937798,1.6827880244818516e-06,,,,
102,0.061805080622434616,0.0009758206688703845,34.046101539977826,0.5735361576080322,0.020203789696097374,0.012164544314146042,0.00018290572916157544,9.905339538818225e-05,0.0016045969678089023,0.0461735799908638,0.0,0.18834133446216583,0.00032909936271607876,0.008395529352128506,4.5437366225087317e-07,,,,
103,0.06037742644548416,0.0009753484042499097,34.37453380000079,0.16969580948352814,0.02030724473297596,0.011852617375552654,0.000252394936978817,6.425746687455103e-05,0.004908922128379345,0.036425501108169556,0.0,0.17943909764289856,0.00032928044674918056,0.008560435846447945,6.253955007196055e-07,,,,
104,0.06553922593593597,0.000974871694872498,34.70665585802635,0.21668316423892975,0.020049992948770523,0.011752527207136154,0.00024527026107534766,5.592035813606344e-05,0.005470401607453823,0.04765961691737175,0.0,0.2720264792442322,0.0003224183165002614,0.008722313679754734,3.307871736524248e-07,,,,
105,0.06139365956187248,0.0009743905454430785,35.034611254988704,0.6253869533538818,0.020229335874319077,0.012449361383914948,0.00021805084543302655,8.800030627753586e-05,0.00788126140832901,0.054575566202402115,0.0,0.1398490071296692,0.0003497432335279882,0.008885887451469898,2.3877250896475744e-06,,,,
106,0.0641317069530487,0.0009739049607104018,35.36949323001318,0.5358120203018188,0.022556763142347336,0.011775354854762554,9.355935617350042e-05,0.00018587196245789528,0.004567504394799471,0.03139803931117058,0.0,0.23274986445903778,0.00021437577379401773,0.009044086560606956,8.360917718164274e-07,,,,
107,0.05913124606013298,0.0009734149454669931,35.70539620600175,0.8453335762023926,0.02066556178033352,0.012871092185378075,9.646016405895352e-05,0.0001459910999983549,0.0049303025007247925,0.04120490327477455,0.0,0.1148340031504631,0.00018064308096654713,0.009202583692967892,4.3833011886817985e-07,,,,
108,0.07002327591180801,0.0009729205045491051,36.04850912297843,0.8980198502540588,0.019573522731661797,0.011436088010668755,0.0002913911594077945,4.072133015142754e-05,0.004058472812175751,0.04678235575556755,0.0,0.37890860438346863,0.0004201109113637358,0.009357660077512264,4.037096914544236e-07,,,,
109,0.06482409685850143,0.00097242164283667,36.38478058902547,0.3629060387611389,0.02002039924263954,0.011931288987398148,0.00024295190814882517,4.876809543929994e-05,0.006186028942465782,0.045756179839372635,0.0,0.2576216459274292,0.0002460437535773963,0.009518683888018131,2.355420292587951e-06,,,,
110,0.07393722236156464,0.0009719183652532516,36.72157936100848,0.3281404674053192,0.020490529015660286,0.012493165209889412,0.00013024272629991174,0.00010461764031788334,0.0032330777030438185,0.04761934280395508,0.0,0.41805076599121094,0.0002755182795226574,0.009685773402452469,4.23099891122547e-07,,,,
111,0.06475935131311417,0.0009714106767659962,37.05464243498864,0.5748764276504517,0.020445549860596657,0.013246993534266949,0.00011154638923471794,0.00011799499043263495,0.0017713506240397692,0.04821278154850006,0.0,0.2079523652791977,0.0002059365506283939,0.009860376827418804,1.1486933999549365e-06,,,,
112,0.07005079835653305,0.0009708985823855846,37.38306955900043,0.23519101738929749,0.020895076915621758,0.012957846745848656,0.0001840392069425434,6.39593054074794e-05,0.001637578709051013,0.06399935483932495,0.0,0.28105491399765015,0.00021482002921402454,0.010029662400484085,6.30871682005818e-07,,,,
113,0.059346530586481094,0.0009703820871661813,37.71338911203202,0.563906192779541,0.019282879307866096,0.011031672358512878,0.00024572829715907574,4.562544199870899e-05,0.0068096439354121685,0.05020955204963684,0.0,0.18614700436592102,0.00040767225436866283,0.010203663259744644,1.0908270553500188e-07,,,,
114,0.062023892998695374,0.0009698611962053858,38.04176815698156,0.3982163667678833,0.01976870372891426,0.01213784795254469,0.00013653587666340172,8.450982568319887e-05,0.0030680126510560513,0.046671345829963684,0.0,0.21536290645599365,0.00016715457604732364,0.010373914614319801,2.8330086934147403e-06,,,,
115,0.0589146763086319,0.0009693359146441815,38.372275513014756,0.2433384209871292,0.017250625416636467,0.011450966820120811,0.00011852156603708863,0.00010860890324693173,0.0014130172785371542,0.0661897212266922,0.0,0.19192767143249512,0.00019179601804353297,0.01054714247584343,2.4634662167954957e-06,,,,
116,0.06051833927631378,0.0009688062476668852,38.70006399101112,0.32663074135780334,0.019342828541994095,0.011407574638724327,0.0001558869844302535,9.246390254702419e-05,0.005985559895634651,0.013301803730428219,0.0,0.28226399421691895,0.0001216566888615489,0.01072200108319521,1.813011749618454e-06,,,,
117,0.058497823774814606,0.0009682722005010961,39.06745581002906,0.2070479691028595,0.01854499615728855,0.011748336255550385,0.00014472824113909155,8.884340059012175e-05,0.0040367040783166885,0.0638442412018776,0.0,0.14769130945205688,0.00013569257862400264,0.010911443270742893,3.009283318533562e-06,,,,
118,0.058664482086896896,0.0009677337784176445,39.39462131197797,0.18877644836902618,0.019247790798544884,0.011463625356554985,0.0001188954192912206,9.94262081803754e-05,0.0023543420247733593,0.027403511106967926,0.0,0.22580157220363617,0.00014173008094076067,0.011097721755504608,5.256471922621131e-06,,,,
119,0.05897534266114235,0.0009671909867305388,39.72239906701725,0.6257323622703552,0.01806260272860527,0.012918181717395782,0.00013523013330996037,7.91410420788452e-05,0.002723530400544405,0.02655617706477642,0.0,0.19951608777046204,0.00015073223039507866,0.01129145361483097,3.0353976399055682e-06,,,,
120,0.0611753985285759,0.0009666438307969138,40.0533038629801,0.3858482837677002,0.018497681245207787,0.011103343218564987,0.00022188032744452357,3.8759793824283406e-05,0.0019042456988245249,0.039222560822963715,0.0,0.26524922251701355,0.00029866528348065913,0.011480117216706276,0.0002745506353676319,,,,
121,0.05748283490538597,0.0009660923160169777,40.384981693990994,0.5225982069969177,0.017368122935295105,0.011192642152309418,0.00020687998039647937,4.991362220607698e-05,0.0018667848780751228,0.06262211501598358,0.0,0.16972705721855164,0.0003061637980863452,0.011663957498967648,1.7571139778738143e-06,,,,
122,0.0618220679461956,0.0009655364478339585,40.716749891988,0.38127970695495605,0.017053520306944847,0.012378392741084099,7.683700096094981e-05,0.00014709400420542806,0.005006171762943268,0.034835923463106155,0.0,0.27787819504737854,0.00013087232946418226,0.011845935136079788,1.9230633370170835e-06,,,,
123,0.06283794343471527,0.0009649762317340511,41.04251085303258,0.6197891235351562,0.017644234001636505,0.012402421794831753,5.782590596936643e-05,0.00014171992370393127,0.0056058503687381744,0.04499318450689316,0.0,0.2703228294849396,8.459898526780307e-05,0.012037273496389389,1.0128878784598783e-06,,,,
124,0.053742535412311554,0.0009644116732463621,41.37408935901476,0.29267916083335876,0.017812198027968407,0.011631710454821587,0.00014609986101277173,5.211316602071747e-05,0.004174874164164066,0.0330696702003479,0.0,0.13731229305267334,0.000289864867227152,0.012244702316820621,1.3563161473939545e-06,,,,
125,0.0611855648458004,0.0009638427779428558,41.70869610202499,0.843815267086029,0.01542259193956852,0.011608196422457695,0.000245964212808758,2.915164441219531e-05,0.002963906154036522,0.07896144688129425,0.0,0.2313540279865265,0.0001669932244112715,0.012443050742149353,3.944393938581925e-06,19.722006488435746,27.757106912424423,2.3607743831548373,3.0566216213209976
126,0.06304584443569183,0.0009632695514382992,42.066963938996196,0.23039565980434418,0.01659526862204075,0.011377553455531597,8.002717368071899e-05,0.00010220380499958992,0.008808787912130356,0.07405886054039001,0.0,0.27677080035209656,0.00017319226753897965,0.012643850408494473,2.467700596753275e-06,,,,
127,0.05802021920681,0.0009626919993902064,42.39631510799518,0.8153005838394165,0.018333088606595993,0.012783346697688103,4.320060179452412e-05,0.00013432832201942801,0.004197169095277786,0.05610883980989456,0.0,0.12729071080684662,0.00014587031910195947,0.012852960266172886,1.1478550732135773e-06,,,,
128,0.05592938885092735,0.0009621101274987831,42.728786017978564,0.23212651908397675,0.017099525779485703,0.011631324887275696,0.0001328993821516633,3.904681216226891e-05,0.005247795954346657,0.03183431923389435,0.0,0.20367300510406494,0.00020475135534070432,0.013052450492978096,4.7273931613744935e-07,,,,
129,0.07335016876459122,0.0009615239415068697,43.056933849002235,0.7104272246360779,0.017816167324781418,0.012095144018530846,0.00026334007270634174,2.294697696925141e-05,0.002143306890502572,0.07474890351295471,0.0,0.415073037147522,0.0001311196101596579,0.013254355639219284,7.505342978220142e-07,,,,
130,0.05644608289003372,0.0009609334471998856,43.386958464980125,0.41047510504722595,0.014921119436621666,0.012071965262293816,0.0001407173549523577,4.196053123450838e-05,0.0018598526949062943,0.07383842766284943,0.0,0.15873754024505615,0.00012574622815009207,0.01347883976995945,1.3182747125028982e-06,,,,
131,0.05705692619085312,0.000960338650405771,43.71640906302491,1.305834174156189,0.017535680904984474,0.013352632522583008,4.364161577541381e-05,0.0001552387693664059,0.004787548445165157,0.02111237868666649,0.0,0.16338694095611572,0.0002924565633293241,0.01369203720241785,1.0697420975702698e-06,,,,
132,0.058671098202466965,0.0009597395569949304,44.041936766996514,0.24337391555309296,0.018104620277881622,0.011888919398188591,0.00011013378389179707,5.187403439776972e-05,0.002175726694986224,0.02727450802922249,0.0,0.24412651360034943,0.00010969661525450647,0.013906682841479778,2.396970103291096e-06,,,,
133,0.056129977107048035,0.0009591361728801735,44.37028509599622,1.128893256187439,0.015759538859128952,0.011999058537185192,0.00025087210815399885,1.7082054910133593e-05,0.00177262001670897,0.04124812036752701,0.0,0.1853230893611908,0.00019335339311510324,0.014127304777503014,5.703438546333928e-06,,,,
134,0.06637678295373917,0.0009585285040166583,44.69608971697744,0.3016868233680725,0.015263632871210575,0.011580146849155426,8.007774886209518e-05,8.171229274012148e-05,0.0013237004168331623,0.029039038345217705,0.0,0.46346524357795715,0.00017512540216557682,0.01433869730681181,2.1361934159358498e-06,,,,
135,0.06032466143369675,0.0009579165564018309,45.02549636201002,1.2906512022018433,0.015958350151777267,0.013611073605716228,5.3908730478724465e-05,0.00012816829257644713,0.0010024469811469316,0.033427782356739044,0.0,0.23543336987495422,0.0001372981205349788,0.01456823106855154,6.957986443012487e-06,,,,
136,0.05652230605483055,0.0009573003360753673,45.360364057007246,0.5541185736656189,0.01679273508489132,0.01165513601154089,0.00022513678413815796,1.5134759451029822e-05,0.0031299579422920942,0.06511065363883972,0.0,0.14346978068351746,0.00016004638746380806,0.014798427931964397,6.871857181067753e-07,,,,
137,0.0603967048227787,0.0009566798491191136,45.69635949097574,1.0063296556472778,0.014646713621914387,0.011199159547686577,0.00027588987722992897,1.932561644935049e-05,0.0025023315101861954,0.03335079178214073,0.0,0.33379459381103516,0.00023336826416198164,0.015016634948551655,1.2069506283296505e-06,,,,
138,0.06202566996216774,0.000956055101657025,46.03061322099529,0.7152036428451538,0.01573043130338192,0.0115671306848526,3.278064832556993e-05,0.00012110160605516285,0.002136915922164917,0.06524954736232758,0.0,0.29768913984298706,8.907531446311623e-05,0.015248685143887997,1.5705140867794398e-06,,,,
139,0.05369359999895096,0.0009554260998551071,46.37474945798749,0.7556740641593933,0.016039090231060982,0.011881417594850063,2.2399603039957583e-05,0.00014540948905050755,0.0027632478158921003,0.055648572742938995,0.0,0.12730036675930023,0.0001276079419767484,0.015478004701435566,2.458921244397061e-06,,,,
140,0.05118698254227638,0.0009547928499213538,46.709473882976454,0.9190447926521301,0.01632506214082241,0.01142083015292883,0.00016618735389783978,3.383104922249913e-05,0.004795530810952187,0.017859257757663727,0.0,0.15658576786518097,0.00014482560800388455,0.015699952840805054,4.5568808673124295e-06,,,,
141,0.054575614631175995,0.0009541553581056861,47.04515979398275,0.539327085018158,0.01588672772049904,0.01155373826622963,0.0001390420220559463,3.182151704095304e-05,0.00398365268483758,0.036270759999752045,0.0,0.19389182329177856,0.00010034252773039043,0.01591409556567669,0.00023566790332552046,,,,
142,0.058333106338977814,0.0009535136306998909,47.37372279597912,1.0707921981811523,0.016940869390964508,0.01291881874203682,3.2887517591007054e-05,0.00010192038462264463,0.006639847066253424,0.047538887709379196,0.0,0.1810610592365265,4.9900507292477414e-05,0.016125814989209175,1.5569976312690414e-06,,,,
143,0.06295204907655716,0.0009528676740375587,47.70357667497592,0.32357633113861084,0.015784360468387604,0.011814069002866745,7.342623575823382e-05,4.8868223530007526e-05,0.0021119615994393826,0.06176794320344925,0.0,0.3174370527267456,0.00014436434139497578,0.016346734017133713,1.6489439076394774e-06,,,,
144,0.056048352271318436,0.0009522174944940209,48.033450282993726,1.4512451887130737,0.015622704289853573,0.012391714379191399,0.00024277383636217564,1.655173400649801e-05,0.0025115052703768015,0.03298752009868622,0.0,0.19106778502464294,4.856954183196649e-05,0.016565965488553047,6.110413778515067e-06,,,,
145,0.06128603592514992,0.000951563098486287,48.35814826301066,0.5783703923225403,0.015462581999599934,0.011364552192389965,3.5923865652875975e-05,0.00011322973296046257,0.003151912707835436,0.045735668390989304,0.0,0.334964394569397,0.0001034975575748831,0.016788139939308167,3.143704589092522e-06,,,,
146,0.06079261377453804,0.0009509044924729818,48.68985570903169,0.8202025294303894,0.01669270358979702,0.013391515240073204,3.27630368701648e-05,0.00011805974645540118,0.0023565897718071938,0.023765943944454193,0.0,0.2601984441280365,1.3150493032298982e-05,0.01701602339744568,0.0002741393691394478,,,,
147,0.058304011821746826,0.0009502416829542803,49.02004878100706,0.4484671652317047,0.01530138123780489,0.011304772458970547,0.00016161442908924073,2.030381074291654e-05,0.003371812868863344,0.026776842772960663,0.0,0.3117451071739197,0.00012129870447097346,0.01724594458937645,1.8290181742486311e-06,,,,
148,0.061408914625644684,0.000949574676471845,49.35197471501306,0.971791684627533,0.013953514397144318,0.011036170646548271,0.00023322271590586752,2.285568007209804e-05,0.003633226966485381,0.03796210139989853,0.0,0.37484318017959595,8.243804040830582e-05,0.017498090863227844,2.312213382538175e-06,,,,
149,0.060025427490472794,0.0009489034796087608,49.680825203016866,0.9208248257637024,0.01394242886453867,0.012567311525344849,2.0404657334438525e-05,0.00010450551053509116,0.002268882468342781,0.026057656854391098,0.0,0.3372175097465515,9.800480620469898e-05,0.017767827957868576,3.4176246117567644e-06,,,,
150,0.05550004169344902,0.0009482280989894695,50.008296974003315,0.6241661906242371,0.014908657409250736,0.011680357158184052,2.1204568838584237e-05,0.00010844702774193138,0.001774293021298945,0.05077448859810829,0.0,0.2130577564239502,9.143701754510403e-05,0.018049106001853943,5.618073373625521e-06,20.267385092304416,28.543518025388977,3.429071836820222,1.358019780993174
151,0.05342046916484833,0.0009475485412797054,50.36034234199906,0.9251664876937866,0.015888910740613937,0.011741288006305695,0.00015464928583242,1.8804978026309982e-05,0.008148569613695145,0.03230665624141693,0.0,0.17033004760742188,0.00013297901023179293,0.01833517663180828,8.53482742968481e-06,,,,
152,0.053865138441324234,0.0009468648131864284,50.69352669100044,0.7691044807434082,0.015169269405305386,0.011773541569709778,0.00012091558892279863,2.5953804652090184e-05,0.0028035519644618034,0.052045974880456924,0.0,0.16515713930130005,5.054087159805931e-05,0.018613867461681366,8.303759386762977e-06,,,,
153,0.0590723380446434,0.0009461769214577592,51.03511806897586,1.4714032411575317,0.014055940322577953,0.013467642478644848,3.316900256322697e-05,0.00015376615920104086,0.00327808759175241,0.051508210599422455,0.0,0.2138649970293045,0.00017802299407776445,0.01888836733996868,6.8760600697714835e-06,,,,
154,0.05111122131347656,0.000945484872882911,51.362998286029324,0.20329751074314117,0.014471386559307575,0.011560711078345776,9.62807098403573e-05,2.2007900042808615e-05,0.0007624049903824925,0.039296288043260574,0.0,0.16546346247196198,6.988887616898865e-05,0.019172536209225655,5.537582183023915e-06,,,,
155,0.06204446032643318,0.0009447886742921243,51.69295905902982,1.5070993900299072,0.015688184648752213,0.011648776941001415,0.0003088957746513188,1.9732429791474715e-05,0.0033484711311757565,0.05560934171080589,0.0,0.2781619429588318,0.00011010240268660709,0.01945403777062893,6.428888809750788e-06,,,,
156,0.057185545563697815,0.0009440883325565978,52.02855566702783,0.7260604500770569,0.01416647806763649,0.011239936575293541,3.4433644032105803e-05,9.765385038917884e-05,0.002209258731454611,0.07369108498096466,0.0,0.2282354235649109,0.00030436774250119925,0.019739734008908272,2.86962836071325e-06,,,,
157,0.052302755415439606,0.0009433838545884216,52.361283987993374,1.179739236831665,0.014707133173942566,0.012423287145793438,2.2072166757425293e-05,0.00014518763055093586,0.0023046217393130064,0.01397268008440733,0.0,0.18203702569007874,0.00020066241268068552,0.020036419853568077,0.00024139974266290665,,,,
158,0.06575503945350647,0.0009426752473405091,52.69237088999944,1.4201314449310303,0.014884589239954948,0.011916201561689377,0.0002182993048336357,1.669228367973119e-05,0.004998909775167704,0.05424779653549194,0.0,0.37700867652893066,0.00013827451039105654,0.020315198227763176,4.378768608148675e-06,,,,
159,0.05469535291194916,0.0009419625178065278,53.018226208980195,0.17233553528785706,0.013983073644340038,0.011756669729948044,9.523639891995117e-05,2.831796882674098e-05,0.002404591767117381,0.0402422659099102,0.0,0.23116810619831085,0.0002366452245041728,0.020607126876711845,3.281639465058106e-06,,,,
160,0.054523319005966187,0.0009412456730208301,53.34776857198449,0.5745207667350769,0.01466371025890112,0.01258150115609169,2.7697582481778227e-05,9.072193643078208e-05,0.00047255511162802577,0.038033150136470795,0.0,0.18958255648612976,0.00018145398644264787,0.02090803161263466,3.973500497522764e-06,,,,
161,0.053524136543273926,0.0009405247200583851,53.6744668490137,0.3384335935115814,0.013227125629782677,0.011585566215217113,4.870851262239739e-05,5.66320595680736e-05,0.0038808523677289486,0.060585007071495056,0.0,0.1914566606283188,0.00021727709099650383,0.021203896030783653,8.613628779130522e-06,,,,
162,0.058801934123039246,0.000939799666034707,54.00525285402546,0.7938875555992126,0.014948850497603416,0.011352363042533398,0.00017945798754226416,1.6515834431629628e-05,0.002683473750948906,0.03861147165298462,0.0,0.3005549907684326,0.00013854153803549707,0.021491212770342827,5.518719262909144e-06,,,,
163,0.06851494312286377,0.0009390705181057868,54.33417552697938,0.2639673054218292,0.013750545680522919,0.012007749639451504,6.209428829606622e-05,5.147088086232543e-05,0.0020278124138712883,0.0691729336977005,0.0,0.4484795331954956,0.0001466716203140095,0.021779054775834084,2.1313317120075226e-06,,,,
164,0.05792007967829704,0.0009383372834680197,54.66175914998166,1.0372625589370728,0.013544384390115738,0.012627526186406612,2.3206372134154662e-05,0.000114758251584135,0.003921916708350182,0.03554898872971535,0.0,0.2764378488063812,0.00014336312597151846,0.02210509590804577,2.6422985683893785e-06,,,,
165,0.05929567292332649,0.0009375999693581359,54.99263751099352,0.352403849363327,0.014974778518080711,0.012238148599863052,0.00013589803711511195,1.4078319509280846e-05,0.002196785993874073,0.10759066045284271,0.0,0.14572496712207794,0.00016355313709937036,0.022439558058977127,3.6896522033202928e-06,,,,
166,0.05660685524344444,0.0009368585830531277,55.330688189016655,0.8355685472488403,0.013711676932871342,0.011130740866065025,0.00021456499234773219,1.1765677299990784e-05,0.0031570116989314556,0.09031927585601807,0.0,0.18051475286483765,0.00012997198791708797,0.022763581946492195,2.1334178654797142e-06,,,,
167,0.06414905935525894,0.000936113131870179,55.66548092098674,0.6460211873054504,0.014461741782724857,0.011981181800365448,2.4791061150608584e-05,0.00011229501978959888,0.005063237622380257,0.09448227286338806,0.0,0.2898608148097992,0.00013470953854266554,0.02309398353099823,1.8519162949814927e-06,,,,
168,0.058975961059331894,0.0009353636231665917,56.00133996299701,0.45505231618881226,0.014422190375626087,0.012095477432012558,3.0038336262805387e-05,0.00011116743553429842,0.0005117070395499468,0.048619344830513,0.0,0.2753385305404663,0.00026671806699596345,0.023429978638887405,6.1634618759853765e-06,,,,
169,0.05169053003191948,0.0009346100643397144,56.33814045297913,0.7484011054039001,0.015398668125271797,0.010769002139568329,0.00018462765729054809,1.6480345948366448e-05,0.0026810364797711372,0.030664395540952682,0.0,0.18276497721672058,0.00012875130050815642,0.023781340569257736,0.0002515103842597455,,,,
170,0.04635922983288765,0.0009338524628268683,56.67291402298724,0.15627332031726837,0.011879834346473217,0.011314264498651028,0.00010463882063049823,3.721805478562601e-05,0.002517306711524725,0.014521265402436256,0.0,0.17319175601005554,0.00016857386799529195,0.02411457896232605,2.028457856795285e-06,,,,
171,0.05478962883353233,0.0009330908261052745,57.007841522980016,0.7873852252960205,0.015265744179487228,0.012166319414973259,4.501352668739855e-05,8.975812670541927e-05,0.0012619518674910069,0.014661071822047234,0.0,0.2432558834552765,0.00012291673920117319,0.02444387413561344,4.170165084360633e-06,,,,
172,0.05118166282773018,0.0009323251616919799,57.3325720540015,0.43685173988342285,0.01359814777970314,0.011589918285608292,0.00011762672511395067,3.218721394659951e-05,0.0037928582169115543,0.04537484422326088,0.0,0.15840065479278564,0.00023122961283661425,0.02477390132844448,2.372519475102308e-06,,,,
173,0.054278045892715454,0.0009315554771437833,57.6601597010158,0.4671781063079834,0.014216548763215542,0.011621208861470222,0.0001025063029373996,3.820472920779139e-05,0.006505541503429413,0.032905928790569305,0.0,0.23316101729869843,0.00010960546205751598,0.025103118270635605,3.3385308597644325e-06,,,,
174,0.057483602315187454,0.0009307817800571602,57.99603705800837,0.45804595947265625,0.014813578687608242,0.01182175986468792,3.806911990977824e-05,9.674866305431351e-05,0.002811423735693097,0.04598134011030197,0.0,0.2554357051849365,0.0001332090760115534,0.02544333040714264,9.183449947158806e-06,,,,
175,0.046030785888433456,0.0009300040780681889,58.32834723900305,0.3227652311325073,0.01498579140752554,0.01157491933554411,5.912337655900046e-05,4.5301858335733414e-05,0.0030865338630974293,0.03442935645580292,0.0,0.061720043420791626,0.00013779348228126764,0.02578338421881199,4.064956556248944e-06,19.4188261749483,27.348175068733322,3.3845789901231016,1.030779283296232
176,0.04449025169014931,0.0009292223788524738,58.68494195700623,0.43586355447769165,0.012855254113674164,0.010793628171086311,0.00016080135537777096,1.1131457540614065e-05,0.0040597920306026936,0.026498161256313324,0.0,0.1078270822763443,5.669291567755863e-05,0.026093948632478714,1.4604754596803105e-06,,,,
177,0.05452783778309822,0.0009284366901250704,59.01697347097797,0.4477682411670685,0.013706705532968044,0.012105788104236126,0.0001004035584628582,2.2396685380954295e-05,0.0019666042644530535,0.039151959121227264,0.0,0.2243170440196991,0.00012127643276471645,0.026395216584205627,4.503789114096435e-06,,,,
178,0.05223939195275307,0.0009276470196404096,59.349426304979715,0.5277435779571533,0.012627143412828445,0.011603863909840584,1.4113293218542822e-05,0.00013110003783367574,0.0021363389678299427,0.011823912151157856,0.0,0.2713448405265808,6.239590584300458e-05,0.02669447474181652,6.847326403658371e-06,,,,
179,0.05483770743012428,0.0009268533751922201,59.680248538032174,0.45623964071273804,0.013530111871659756,0.011688446626067162,1.3420662071439438e-05,8.673917909618467e-05,0.002893935889005661,0.052971210330724716,0.0,0.22511903941631317,0.00019864841306116432,0.02700137346982956,5.681043603544822e-06,,,,
180,0.057432301342487335,0.0009260557646134523,60.01065638201544,0.640309751033783,0.014437124133110046,0.011825217865407467,0.00017058475350495428,1.602882366569247e-05,0.0023550495970994234,0.030855540186166763,0.0,0.2832055687904358,8.369063289137557e-05,0.027300255373120308,4.027604063594481e-06,,,,
181,0.057051338255405426,0.0009252541957762005,60.33901355997659,0.37454676628112793,0.013400880619883537,0.01120156329125166,0.00011082802666351199,1.0695501259760931e-05,0.0027064443565905094,0.054908640682697296,0.0,0.28636354207992554,5.182000313652679e-05,0.027612825855612755,8.299909495690372e-06,,,,
182,0.05418786033987999,0.0009244486765916255,60.67591289698612,0.5745993256568909,0.014503918588161469,0.012461109086871147,1.703086672932841e-05,6.841197318863124e-05,0.0035033607855439186,0.0278000608086586,0.0,0.21616868674755096,0.00010975934128509834,0.027925262227654457,6.006366220390191e-06,,,,
183,0.0529191829264164,0.0009236392150098764,61.010063007008284,0.21427443623542786,0.013011435978114605,0.011322463862597942,3.3659558539511636e-05,4.27643462899141e-05,0.003398055909201503,0.05269308388233185,0.0,0.21809110045433044,0.00012468588829506189,0.028226317837834358,1.9033439002669184e-06,,,,
184,0.04958834871649742,0.0009228258190200126,61.36128318699775,0.7422585487365723,0.01365559920668602,0.011192483827471733,0.00010933711018878967,1.2873773812316358e-05,0.0016427261289209127,0.0322982594370842,0.0,0.17728641629219055,0.00011814040772151202,0.028523188084363937,2.722069893934531e-06,,,,
185,0.05651087313890457,0.0009220084966499235,61.7019988130196,0.5865293145179749,0.013715693727135658,0.012386089190840721,1.9657967641251162e-05,6.580092303920537e-05,0.0006105126230977476,0.04538854956626892,0.0,0.247944638133049,0.000171209845575504,0.02882225811481476,1.7624906831770204e-06,,,,
186,0.057571377605199814,0.0009211872559662515,62.03963540500263,0.11270055174827576,0.014610341750085354,0.011495391838252544,5.905584475840442e-05,2.1614971046801656e-05,0.003563789650797844,0.01822095736861229,0.0,0.33928152918815613,0.00016587981372140348,0.02912028506398201,4.186170826869784e-06,,,,
187,0.049752525985240936,0.0009203621050743103,62.382064248027746,0.3620861768722534,0.01438277866691351,0.010600741021335125,0.00012468612112570554,1.066174081643112e-05,0.001984270056709647,0.0240922924131155,0.0,0.20213061571121216,0.00016593729378655553,0.029439149424433708,4.4358521336107515e-06,,,,
188,0.05191602557897568,0.0009195330521180062,62.71307140000863,0.22033177316188812,0.011366688646376133,0.010497397743165493,4.151656321482733e-05,4.331563104642555e-05,0.002063932130113244,0.05038227513432503,0.0,0.26429247856140137,0.00030764334951527417,0.02974395826458931,1.2780583347193897e-05,,,,
189,0.04331871494650841,0.0009187001052797571,63.06781724601751,0.21417628228664398,0.012187990359961987,0.010773571208119392,3.360996561241336e-05,5.877606963622384e-05,0.005102567840367556,0.04341140016913414,0.0,0.06815923005342484,0.0004026467213407159,0.030061911791563034,0.000222777045564726,,,,
190,0.05341272056102753,0.000917863272780412,63.397184209025,0.28585800528526306,0.013965865597128868,0.011903534643352032,7.472318975487724e-05,2.437596776871942e-05,0.002541030291467905,0.02427833154797554,0.0,0.23511630296707153,0.0003020124277099967,0.03035729005932808,5.723231879528612e-06,,,,
191,0.05012449622154236,0.00091702256287917,63.72934130899375,0.20173311233520508,0.01243012584745884,0.010506747290492058,7.322633609874174e-05,2.2539721612702124e-05,0.0012083440087735653,0.0142965791746974,0.0,0.2765079140663147,0.00011828313290607184,0.03065912239253521,0.00025880002067424357,,,,
192,0.047706685960292816,0.0009161779838734982,64.05831330397632,0.5914926528930664,0.012786412611603737,0.011791369877755642,3.1611823942512274e-05,4.400864054332487e-05,0.0034149731509387493,0.024564068764448166,0.0,0.15506546199321747,0.0001625242584850639,0.03096144087612629,7.416724656650331e-06,,,,
193,0.04803559556603432,0.0009153295440990506,64.3973549620132,0.414287269115448,0.013177139684557915,0.01159418374300003,9.752011101227254e-05,9.282359314966016e-06,0.0020886689890176058,0.029922088608145714,0.0,0.14813534915447235,6.525808566948399e-05,0.031251080334186554,2.1386085791164078e-06,,,,
194,0.046335890889167786,0.0009144772519295853,64.73033349402249,0.26653340458869934,0.013636569492518902,0.011132707819342613,3.940649548894726e-05,3.0368380976142362e-05,0.006591161247342825,0.019212547689676285,0.0,0.14781011641025543,6.132808630354702e-05,0.031526822596788406,1.9804201656370424e-06,,,,
195,0.05786639451980591,0.0009136211157768814,65.0810414319858,0.17270398139953613,0.014430664479732513,0.011188088916242123,2.694200156838633e-05,4.847419768339023e-05,0.0020740923937410116,0.019667811691761017,0.0,0.35916566848754883,5.9763147874036804e-05,0.03179187700152397,0.00018506012565921992,,,,
196,0.05010272189974785,0.0009127611440906577,65.42209728597663,0.33091267943382263,0.01454588957130909,0.01104896329343319,4.9816357204690576e-05,2.801779737637844e-05,0.004600962158292532,0.013130344450473785,0.0,0.2215736359357834,2.2069551050662994e-05,0.03208024054765701,4.648026333597954e-06,,,,
197,0.04127835854887962,0.0009118973453584873,65.76692573999753,0.2018587738275528,0.012808999978005886,0.011128563433885574,2.5857807486318052e-05,4.430297121871263e-05,0.0019882190972566605,0.02089274674654007,0.0,0.06353282928466797,0.00011117961548734456,0.03236750140786171,1.7479496818850748e-06,,,,
198,0.05272362008690834,0.0009110297281057149,66.11088559398195,0.16962745785713196,0.015033766627311707,0.011185014620423317,4.3675136112142354e-05,2.6289735615137033e-05,0.0025015815626829863,0.014104969799518585,0.0,0.2607667148113251,1.071846236300189e-05,0.03263089060783386,2.913841399276862e-06,,,,
199,0.060089971870183945,0.0009101583008953727,66.45356698398245,0.2903943359851837,0.013466970063745975,0.010885043069720268,7.270113565027714e-05,1.686874202277977e-05,0.0026086238212883472,0.016307774931192398,0.0,0.4425041675567627,3.6112352972850204e-05,0.032894305884838104,1.7912684597831685e-06,,,,
200,0.04676779732108116,0.0009092830723280953,66.79750684602186,0.14908693730831146,0.012850678525865078,0.01016540452837944,3.97571457142476e-05,3.7761703424621373e-05,0.0029921969398856163,0.011496804654598236,0.0,0.22851216793060303,4.838139648200013e-05,0.033174414187669754,4.666764198191231e-06,19.16587169427705,27.027018449361027,1.356200571377105,2.5619950608763378
201,0.04825524613261223,0.0009084040510420354,67.16330487601226,0.42975348234176636,0.013245271518826485,0.011130034923553467,2.1228252080618404e-05,6.478477735072374e-05,0.001604003133252263,0.01848471164703369,0.0,0.19672411680221558,9.004493040265515e-05,0.03346408158540726,1.3878692470825627e-06,,,,
202,0.0533633679151535,0.0009075212457127782,67.49508978502126,0.2790601849555969,0.012736142612993717,0.011284664273262024,9.055159171111882e-05,9.944355952029582e-06,0.0007271146168932319,0.024596823379397392,0.0,0.28723883628845215,0.00015986191283445805,0.03375150263309479,1.3457424756779801e-06,,,,
203,0.04553283751010895,0.0009066346650532561,67.82528607797576,0.22140873968601227,0.01383192092180252,0.010663624852895737,9.304941340815276e-05,1.0952036063827109e-05,0.003575666341930628,0.03256148844957352,0.0,0.11007165163755417,0.000352981238393113,0.03406655415892601,8.083320608420763e-06,,,,
204,0.055122435092926025,0.0009057443178136618,68.16203180898447,0.4495617151260376,0.012375930324196815,0.010788222774863243,2.516763561288826e-05,6.73392423777841e-05,0.0023152907378971577,0.026340464130043983,0.0,0.33585265278816223,0.0006662154919467866,0.034365735948085785,1.9668414097395726e-06,,,,
205,0.05215625464916229,0.0009048502127813635,68.49516890500672,0.20099574327468872,0.01386460941284895,0.010781149379909039,5.807502748211846e-05,2.0827443222515285e-05,0.0013865114888176322,0.022202428430318832,0.0,0.2679285407066345,0.00021609825489576906,0.03469819948077202,3.5350708458281588e-06,,,,
206,0.04994451254606247,0.0009039523587808167,68.8328056280152,0.1720006763935089,0.013204110786318779,0.011402233503758907,5.955778033239767e-05,1.666187927185092e-05,0.0022667134180665016,0.03336557000875473,0.0,0.18952956795692444,0.00020835737814195454,0.03504618629813194,3.963870312873041e-06,,,,
207,0.049029089510440826,0.0009030507646734779,69.15886592498282,0.07264351844787598,0.011976683512330055,0.010972674004733562,4.053665907122195e-05,3.0365094062290154e-05,0.0020940774120390415,0.01394792553037405,0.0,0.25194278359413147,0.0002618454454932362,0.035385146737098694,4.170356987742707e-06,,,,
208,0.04823516681790352,0.0009021454393577171,69.48840502998792,0.13812564313411713,0.012660573236644268,0.011308773420751095,3.7171226722421125e-05,3.297016519354656e-05,0.002920815721154213,0.022720927372574806,0.0,0.18940871953964233,0.00032733933767303824,0.03573691099882126,3.984862360084662e-06,,,,
209,0.045649778097867966,0.0009012363917687298,69.81648695800686,0.3885203003883362,0.01363934576511383,0.010884876362979412,3.241055674152449e-05,3.315726280561648e-05,0.001503025065176189,0.020429445430636406,0.0,0.14223943650722504,0.00031497672898694873,0.036100927740335464,3.856973307847511e-06,,,,
210,0.042351990938186646,0.0009003236308784483,70.14851485699182,0.6088796854019165,0.012599727138876915,0.011161076836287975,1.6294850865961052e-05,4.429196997079998e-05,0.0025326067116111517,0.02979888767004013,0.0,0.07068087160587311,0.00014332847786135972,0.03645877540111542,3.8928787944314536e-06,,,,
211,0.040515732020139694,0.0008994071656954544,70.4746409499785,0.43668463826179504,0.013234923593699932,0.010180819779634476,9.671891166362911e-05,8.814153261482716e-06,0.004013909958302975,0.026016464456915855,0.0,0.05880618095397949,8.180116856237873e-05,0.03680191934108734,2.5863573682727292e-06,,,,
212,0.04759257286787033,0.0008984870052648894,70.80153860000428,0.5455852150917053,0.013538031838834286,0.01161299180239439,4.679025005316362e-05,1.5078100659593474e-05,0.002482200041413307,0.03819264844059944,0.0,0.12193553894758224,0.0001307266065850854,0.03712388500571251,1.868947265393217e-06,,,,
213,0.049359045922756195,0.0008975631586683652,71.13742183399154,0.9476527571678162,0.013740547001361847,0.011065149679780006,3.613138687796891e-05,0.0001669785415288061,0.0020145364105701447,0.04129760339856148,0.0,0.13856834173202515,0.0002585706824902445,0.03742178529500961,2.2022550183464773e-06,,,,
214,0.05354491248726845,0.0008966356350238747,71.47030167200137,0.49337437748908997,0.013719393871724606,0.011218717321753502,0.00012382230488583446,6.160908014862798e-06,0.0035032322630286217,0.06453821808099747,0.0,0.18170416355133057,0.00033038004767149687,0.03769976645708084,5.976079592073802e-06,,,,
215,0.051590997725725174,0.000895704443485702,71.80196814797819,0.5758893489837646,0.011704904027283192,0.011269933544099331,0.00014719270984642208,8.655830242787488e-06,0.004754520021378994,0.048038411885499954,0.0,0.20724159479141235,0.0003435596008785069,0.03797208517789841,2.5648314476711676e-06,,,,
216,0.0495259165763855,0.0008947695932443316,72.13486589299282,0.3322230279445648,0.01353917270898819,0.010096294805407524,2.181810123147443e-05,5.589938518824056e-05,0.0018246511463075876,0.03693487495183945,0.0,0.22018298506736755,0.00018220515630673617,0.03824986144900322,2.6535926735959947e-06,,,,
217,0.044813722372055054,0.0008938310935263577,72.46687706600642,0.41793403029441833,0.013023494742810726,0.010709325782954693,1.2775282812071964e-05,8.743973739910871e-05,0.0038445929531008005,0.021864028647542,0.0,0.13279376924037933,0.00031046406365931034,0.038541004061698914,2.100834080920322e-06,,,,
218,0.04641275852918625,0.000892888953594394,72.80030625598738,0.49150314927101135,0.012263675220310688,0.009986791759729385,7.942320371512324e-05,2.072240567940753e-05,0.004553511273115873,0.03265977278351784,0.0,0.18275873363018036,0.0004986339481547475,0.038814835250377655,5.011831945012091e-06,,,,
219,0.05888249725103378,0.0008919431827469809,73.13523761898978,0.3576783537864685,0.013043717481195927,0.010792609304189682,4.3059666495537385e-05,3.376105087227188e-05,0.002015984384343028,0.02065473049879074,0.0,0.419374942779541,0.0003063979675062001,0.03909001126885414,4.845168859901605e-06,,,,
220,0.04865270480513573,0.0008909937903184951,73.46388564398512,0.6810389161109924,0.011731015518307686,0.012300580739974976,7.498571358155459e-05,1.4427958376472816e-05,0.0021504955366253853,0.02124965563416481,0.0,0.17942103743553162,0.00018022199219558388,0.039404015988111496,3.2276598176395055e-06,,,,
221,0.05243116617202759,0.0008900407856790567,73.79410358698806,0.7377337217330933,0.012829532846808434,0.011058899573981762,0.00013959300122223794,8.678152880747803e-06,0.002267219126224518,0.029016641899943352,0.0,0.2576545178890228,6.255826156120747e-05,0.03973029926419258,1.0807625585584901e-06,,,,
222,0.047188445925712585,0.0008890841782344365,74.12486316001741,0.8739213943481445,0.013648341409862041,0.011358249001204967,2.9418741178233176e-05,0.00018371944315731525,0.0034252344630658627,0.02055908739566803,0.0,0.12603381276130676,0.00011852815805468708,0.04006785526871681,4.7686821744719055e-06,,,,
223,0.04286268725991249,0.0008881239774259638,74.45855412899982,0.5712491273880005,0.012891544960439205,0.010053424164652824,5.034414061810821e-05,2.5390485461684875e-05,0.0018903877353295684,0.017887085676193237,0.0,0.14289826154708862,3.154880687361583e-05,0.040391117334365845,6.866728199383942e-06,,,,
224,0.0517583042383194,0.0008871601927304331,74.78932466101833,0.23363357782363892,0.012654108926653862,0.009926249273121357,9.50306057347916e-05,8.216837159125134e-06,0.001942173345014453,0.019334465265274048,0.0,0.3218940198421478,4.986811472917907e-05,0.04070567712187767,3.3943729249585886e-06,,,,
225,0.05042879283428192,0.0008861928336600101,75.12356204999378,0.8792035579681396,0.012699896469712257,0.011992864310741425,4.191658445051871e-05,2.423403930151835e-05,0.002208002842962742,0.014921865426003933,0.0,0.22722280025482178,7.496470061596483e-05,0.04103652015328407,1.934195552166784e-06,18.62886629962823,26.238273853398816,3.3222274337457067,0.4554269472273757
226,0.045036863535642624,0.0008852219097621384,75.51185771002201,0.5483033061027527,0.012483242899179459,0.010345745831727982,0.0001460310013499111,6.5098220147774555e-06,0.00354643352329731,0.03614740073680878,0.0,0.12902012467384338,4.921529034618288e-05,0.041382674127817154,3.0535957193933427e-06,,,,
227,0.04686616361141205,0.0008842474306194447,75.8525585620082,0.7330243587493896,0.011738958768546581,0.010255428031086922,3.417226980673149e-05,5.490014154929668e-05,0.0013098393101245165,0.03116247057914734,0.0,0.20680353045463562,0.0001592884073033929,0.04171859100461006,2.703883865251555e-06,,,,
228,0.04568542540073395,0.0008832694058496449,76.2048531069886,1.140847086906433,0.012962163425981998,0.010596021078526974,3.4012387914117426e-05,0.00027276756009086967,0.0021556750871241093,0.026693105697631836,0.0,0.10011599212884903,0.0006356188096106052,0.042043738067150116,2.862513156287605e-06,,,,
229,0.05876544862985611,0.0008822878451054484,76.54418295598589,1.5978292226791382,0.012041226029396057,0.010786943137645721,0.00036842800909653306,6.361114355968311e-05,0.0019182817777618766,0.01342455018311739,0.0,0.3850182890892029,9.101201430894434e-05,0.04234541952610016,7.301091500266921e-06,,,,
230,0.0610794834792614,0.0008813027580744639,76.89228019898292,2.0877625942230225,0.012658181600272655,0.014742354862391949,1.2700572369794827e-05,0.00010707770707085729,0.0016301535069942474,0.009654086083173752,0.0,0.3265918493270874,0.00031706609297543764,0.042689550668001175,2.5423867100471398e-06,,,,
231,0.04904399812221527,0.0008803141544791022,77.22556649002945,1.1685861349105835,0.013360093347728252,0.010964281857013702,0.0003117506275884807,5.587202758761123e-05,0.0032107396982610226,0.022037040442228317,0.0,0.15229304134845734,4.995823837816715e-05,0.04307464882731438,7.184601599874441e-06,,,,
232,0.052184734493494034,0.0008793220440764821,77.55672628700268,1.0280214548110962,0.013010567985475063,0.010913467034697533,1.7583031876711175e-05,6.916623533470556e-05,0.006935871206223965,0.022837437689304352,0.0,0.27077266573905945,8.458170486846939e-05,0.04344755783677101,0.0001825346116675064,,,,
233,0.06180549040436745,0.0008783264366583325,77.88352934602881,1.9229947328567505,0.009987616911530495,0.009863636456429958,0.00021351268514990807,0.0004906033864244819,0.0011423546820878983,0.03799918293952942,0.0,0.4181116819381714,0.00024004068109206855,0.043849632143974304,2.929916036009672e-06,,,,
234,0.05202164500951767,0.0008773273420508967,78.21710523898946,2.1170296669006348,0.012110669165849686,0.009490147233009338,0.0005923365242779255,0.0002288104733452201,0.006488230545073748,0.00957507360726595,0.0,0.22643420100212097,6.266530544962734e-05,0.04430975019931793,8.603757123637479e-06,,,,
235,0.05659480020403862,0.0008763247701148352,78.55165690399008,1.799180030822754,0.013618147931993008,0.013777079991996288,3.086705692112446e-05,2.9344757422222756e-05,0.003180396044626832,0.029664209112524986,0.0,0.23041674494743347,0.00012537624570541084,0.044776707887649536,3.9422448026016355e-06,,,,
236,0.04532722756266594,0.0008753187307451283,78.89461629500147,0.15183915197849274,0.011480878107249737,0.010539351962506771,4.501816147239879e-05,2.7193118512514047e-05,0.0022913224529474974,0.021498307585716248,0.0,0.1891588568687439,0.00010465571540407836,0.04526274651288986,0.00017327495152130723,,,,
237,0.06312485039234161,0.0008743092338709782,79.23884190397803,1.6857271194458008,0.014019261114299297,0.011713303625583649,8.61730586620979e-05,1.758585131028667e-05,0.00518253305926919,0.04829024150967598,0.0,0.3876849412918091,0.00011357629409758374,0.04576854780316353,9.648290870245546e-06,,,,
238,0.05939698964357376,0.0008732962894557116,79.57542881998233,1.9680876731872559,0.011112305335700512,0.011013871990144253,0.00011175401596119627,0.00041524815605953336,0.004216441884636879,0.05367287993431091,0.0,0.2999953627586365,0.0003593516303226352,0.046315327286720276,3.3769636047509266e-06,,,,
239,0.049563903361558914,0.0008722799074966811,79.93238985101925,1.761702537536621,0.012138966470956802,0.009852500632405281,0.0005715533625334501,0.00012593103747349232,0.0019921318162232637,0.03453132137656212,0.0,0.14162442088127136,5.993096056045033e-05,0.04690004512667656,4.296216047805501e-06,,,,
240,0.04746238514780998,0.0008712600980251661,80.26480718603125,0.9069899320602417,0.011899848468601704,0.010922043584287167,7.509453280363232e-05,2.3006081391940825e-05,0.004829452373087406,0.03498247265815735,0.0,0.1679535061120987,0.000536183244548738,0.04746931046247482,1.639608308323659e-05,,,,
241,0.051280368119478226,0.0008702368711062745,80.60022856801515,0.8172774314880371,0.011621402576565742,0.010074874386191368,8.745359082240611e-06,0.00017150084022432566,0.0036442833952605724,0.05883031710982323,0.0,0.21426749229431152,0.0006210415158420801,0.048044100403785706,0.0002590416988823563,,,,
242,0.04784713312983513,0.0008692102368388428,80.93523999198806,1.6863690614700317,0.011287979781627655,0.011129247024655342,0.00019257007807027549,9.619995580578689e-06,0.005740373395383358,0.04519074410200119,0.0,0.1377107799053192,0.000526712741702795,0.04863875359296799,1.177759168058401e-05,,,,
243,0.054101236164569855,0.0008681802053553369,81.26996772002894,1.2515254020690918,0.012370184063911438,0.009206357412040234,2.168264109059237e-05,0.00021967692009638995,0.0034820749424397945,0.08452366292476654,0.0,0.22894065082073212,0.0007775716949254274,0.04924341291189194,4.423577593115624e-06,,,,
244,0.045440077781677246,0.0008671467868217514,81.60509260301478,0.7543176412582397,0.012215732596814632,0.010760205797851086,0.00018093633116222918,1.571306711412035e-05,0.006625195033848286,0.03912734612822533,0.0,0.10362839698791504,0.0002585077309049666,0.049841586500406265,3.6765391087101307e-06,,,,
245,0.051082924008369446,0.0008661099914375104,81.94411956402473,1.0762437582015991,0.013659547083079815,0.009744718670845032,0.00021103082690387964,2.7269157726550475e-05,0.0041730511002242565,0.04880879074335098,0.0,0.20592805743217468,0.00011322808131808415,0.0504138208925724,1.3602027593151433e-06,,,,
246,0.051665473729372025,0.0008650698294353655,82.27204984199489,2.168304681777954,0.011812137439846992,0.011382555589079857,0.00013280671555548906,0.0003663890529423952,0.0025927159003913403,0.023630885407328606,0.0,0.1804065704345703,0.000529599143192172,0.05098027363419533,2.6333827918278985e-06,,,,
247,0.0504080131649971,0.0008640263110812959,82.60858418501448,2.2442562580108643,0.012844746001064777,0.012146449647843838,0.0003622720832936466,6.47675697109662e-05,0.004591440316289663,0.03220198303461075,0.0,0.10496971011161804,5.794681783299893e-05,0.051532138139009476,0.00019223470008000731,,,,
248,0.04166313633322716,0.0008629794466744064,82.93852440698538,1.4150283336639404,0.012469909153878689,0.010010354220867157,3.573919093469158e-05,0.00018965904018841684,0.0015967761864885688,0.01333446241915226,0.0,0.10386563092470169,0.00025846215430647135,0.05204823985695839,1.4550548712577438e-06,,,,
249,0.049843013286590576,0.0008619292465468258,83.2720503199962,0.2056252658367157,0.012691402807831764,0.010356346145272255,5.8246467233402655e-05,1.1140949027321767e-05,0.005877183750271797,0.03398355841636658,0.0,0.23518319427967072,0.00023510988103225827,0.052531495690345764,6.032865712768398e-06,,,,
250,0.04814627394080162,0.0008608757210636058,83.60478553600842,1.148459792137146,0.011869409121572971,0.010356660932302475,0.0002485968288965523,4.308589268475771e-05,0.005814133211970329,0.03008759208023548,0.0,0.18359334766864777,0.00010993339674314484,0.05304817110300064,4.6003983698028605e-06,18.16861168874861,25.480013727809062,1.66835637519266,4.375864560610616
251,0.04219551011919975,0.0008598188806226174,83.97080339299282,1.1921356916427612,0.010298609733581543,0.009745186194777489,3.052475585718639e-05,0.00020569998014252633,0.005487892311066389,0.01057328563183546,0.0,0.1673126369714737,0.0002875744248740375,0.05355501547455788,5.801438419439364e-06,,,,
252,0.045899033546447754,0.0008587587356544492,84.3019606450107,0.7421534657478333,0.011805456131696701,0.009927773848176003,5.678590969182551e-05,1.9170167433912866e-05,0.0030230931006371975,0.048403821885585785,0.0,0.1636982262134552,0.0002443235134705901,0.05406160652637482,3.6311025723989587e-06,,,,
253,0.051864463835954666,0.0008576952966223038,84.63590912701329,0.3641459047794342,0.012403671629726887,0.009930446743965149,8.838111534714699e-05,7.900856871856377e-06,0.002801312133669853,0.057064488530159,0.0,0.2507440149784088,0.00019112828886136413,0.05457548424601555,7.657912647118792e-06,,,,
254,0.04694020375609398,0.0008566285740218953,84.97228843299672,1.507134199142456,0.012294622138142586,0.012070382945239544,1.142843029811047e-05,6.74422481097281e-05,0.009815600700676441,0.014722051098942757,0.0,0.14937014877796173,0.0002217043365817517,0.05511821061372757,7.793376425979659e-06,,,,
255,0.05205641686916351,0.0008555585783813451,85.30557948199566,1.8360323905944824,0.011689737439155579,0.009535323828458786,0.0003417960833758116,5.2429189963731915e-05,0.004513698164373636,0.035276465117931366,0.0,0.269381046295166,7.452452700817958e-05,0.05564112588763237,1.2301405831749435e-06,,,,
256,0.05014653876423836,0.0008544853202610782,85.64571082900511,1.9081485271453857,0.011221174150705338,0.009693706408143044,0.0001005467347567901,0.0004000157059635967,0.0029514413326978683,0.047348298132419586,0.0,0.1802349090576172,0.0005779952043667436,0.05617012456059456,4.01685656470363e-06,,,,
257,0.04330676421523094,0.0008534088102537189,85.98621102399193,1.13420569896698,0.010632545687258244,0.010211454704403877,0.00020443671382963657,1.514203722763341e-05,0.007946751080453396,0.018475040793418884,0.0,0.1502349078655243,0.00010847544763237238,0.056673016399145126,0.00013378278526943177,,,,
258,0.040403254330158234,0.0008523290589839864,86.32960210001329,0.3209172487258911,0.011475834995508194,0.009526288136839867,6.673565076198429e-05,1.4969700714573264e-05,0.003990746568888426,0.03540169820189476,0.0,0.09977570921182632,0.0002685948566067964,0.05718179792165756,3.519113988659228e-06,,,,
259,0.043737683445215225,0.0008512460771085899,86.6634864200023,0.6918486952781677,0.011300282552838326,0.010745114646852016,6.54275845590746e-06,0.000108223786810413,0.0025661794934421778,0.008104154840111732,0.0,0.16839724779129028,0.00037439222796820104,0.0576525442302227,8.872511898516677e-06,,,,
260,0.047278907150030136,0.000850159875316123,87.00666766503127,0.8180782794952393,0.012189210392534733,0.009503968991339207,0.0001290811924263835,8.531418643542565e-06,0.011518524959683418,0.05802604928612709,0.0,0.16304472088813782,0.00011550502676982433,0.0581551156938076,1.2030452580802375e-06,,,,
261,0.037506330758333206,0.0008490704643269592,87.3375295320293,0.35191187262535095,0.009701958857476711,0.009213591925799847,1.5075202099978924e-05,5.237977165961638e-05,0.0039042786229401827,0.01602107658982277,0.0,0.13091394305229187,0.00019608190632425249,0.058688510209321976,0.00010485330130904913,,,,
262,0.044212739914655685,0.000847977854893145,87.67154819500865,1.0558258295059204,0.012447705492377281,0.010432794690132141,1.3652072084369138e-05,3.595818634494208e-05,0.0020123678259551525,0.013600995764136314,0.0,0.1730726808309555,0.00012168207467766479,0.0591997429728508,0.00010810306412167847,,,,
263,0.04966142773628235,0.0008468820577982946,88.00360664102482,2.285881280899048,0.01264904998242855,0.010141084901988506,0.00036778903449885547,0.00014116289094090462,0.00673260074108839,0.01488812081515789,0.0,0.19474762678146362,1.4305326658359263e-05,0.059719253331422806,3.8421158023993485e-06,,,,
264,0.05183578282594681,0.0008457830838574825,88.3299137930153,3.177452325820923,0.011705897748470306,0.010121536441147327,0.0004314870457164943,0.0007372649270109832,0.0063500553369522095,0.025344349443912506,0.0,0.09871706366539001,0.0003106611256953329,0.06025975942611694,4.0587961848359555e-05,,,,
265,0.0515681654214859,0.0008446809439171382,88.66206757898908,3.18479061126709,0.012258568778634071,0.010189985856413841,0.0006827253382652998,0.00029830061248503625,0.0038127684965729713,0.01614721491932869,0.0,0.14325447380542755,8.35837417980656e-05,0.060774482786655426,6.920646228536498e-06,,,,
266,0.04565105214715004,0.0008435756488549379,88.99428608902963,2.296231508255005,0.011002757586538792,0.010789564810693264,7.865768566261977e-05,0.0002466781297698617,0.0016308855265378952,0.009659325703978539,0.0,0.16812406480312347,0.00029485029517672956,0.06126684322953224,6.010247489030007e-06,,,,
267,0.040911462157964706,0.0008424672095796976,89.32481701701181,0.40158307552337646,0.011782336980104446,0.008773121982812881,8.545306627638638e-05,8.803413948044181e-06,0.0061232903972268105,0.04966549575328827,0.0,0.10371646285057068,0.00011693391570588574,0.06177398934960365,3.0734079246030888e-06,,,,
268,0.04751858115196228,0.0008413556370312655,89.65355307300342,1.6272979974746704,0.01124129630625248,0.009954506531357765,0.00023047550348564982,2.9824896046193317e-05,0.002335258759558201,0.01191919855773449,0.0,0.24689090251922607,4.1948842408601195e-05,0.06227894499897957,7.803259904903825e-06,,,,
269,0.05452342703938484,0.0008402409421804138,89.982845792023,2.6482369899749756,0.01101416815072298,0.01017713826149702,0.00021919363643974066,0.0006336009246297181,0.007822507061064243,0.03455851972103119,0.0,0.19422344863414764,0.0010042771464213729,0.0628160610795021,1.7933671188075095e-06,,,,
270,0.04632274806499481,0.0008391231360287306,90.31049040198559,2.4576308727264404,0.010482249781489372,0.009046393446624279,0.0005689782556146383,0.00019457550661172718,0.0017599679995328188,0.014560746029019356,0.0,0.16906201839447021,4.958118370268494e-05,0.06337565928697586,2.0458301150938496e-06,,,,
271,0.039918266236782074,0.0008380022296085116,90.63697930797935,1.5036786794662476,0.012729335576295853,0.010732904076576233,6.335516445687972e-06,7.759376603644341e-05,0.0012693845201283693,0.030467279255390167,0.0,0.0305543914437294,0.0001798921439331025,0.06395654380321503,2.067505192826502e-06,,,,
272,0.04236697778105736,0.0008368782339826503,90.9692782839993,0.39478257298469543,0.011495648883283138,0.009326227009296417,1.1971480489592068e-05,6.558719906024635e-05,0.0027434248477220535,0.03173883631825447,0.0,0.1585519015789032,0.00013571541057899594,0.0644892081618309,4.433150934346486e-06,,,,
273,0.040078502148389816,0.00083575116024453,91.29331551300129,1.9831006526947021,0.0123333390802145,0.010006705299019814,0.00021805911092087626,2.223312003479805e-05,0.004164492711424828,0.025096921250224113,0.0,0.050419069826602936,1.9350518414285034e-05,0.06503672897815704,5.576784587901784e-06,,,,
274,0.04304485023021698,0.0008346210195179135,91.62573835998774,2.5292766094207764,0.011525984853506088,0.00988156907260418,0.0001816692529246211,0.0005000060191377997,0.00834854319691658,0.020304931327700615,0.0,0.03499389812350273,0.0006723926635459065,0.06555189192295074,3.4186059565399773e-06,,,,
275,0.04098959639668465,0.0008334878229568333,91.97074614500161,2.0422651767730713,0.009837502613663673,0.008918696083128452,0.00040759635157883167,0.00014225735503714532,0.003172262106090784,0.019286559894680977,0.0,0.11265567690134048,2.516332642699126e-05,0.06602251529693604,4.924852419208037e-06,18.125055840050436,25.59111040115158,1.2888075678384114,1.612361232792097
276,0.04042026028037071,0.0008323515817454821,92.34227328799898,0.7276042103767395,0.010425037704408169,0.009620784781873226,2.1241501599433832e-05,2.2585547412745655e-05,0.004532314371317625,0.041004784405231476,0.0,0.11157190799713135,0.0003392683283891529,0.06651892513036728,3.906656274921261e-06,,,,
277,0.05232900008559227,0.000831212307098102,92.67064780998044,1.5795797109603882,0.011855492368340492,0.011175299063324928,1.5995698049664497e-05,9.867343760561198e-05,0.003983622416853905,0.04112512618303299,0.0,0.2446766495704651,0.0003584437072277069,0.06701966375112534,5.230506758380216e-06,,,,
278,0.05214118957519531,0.0008300700102588737,93.01180171401938,3.156383514404297,0.012850378639996052,0.010050265118479729,0.0005135925021022558,0.00017737364396452904,0.01548843365162611,0.0366673544049263,0.0,0.15519720315933228,7.2083334998751525e-06,0.06755301356315613,4.8409901864943095e-06,,,,
279,0.05085473135113716,0.000828924702501806,93.34595992398681,3.6176929473876953,0.010666820220649242,0.00983510259538889,0.00046358845429494977,0.0008998760022222996,0.0014927980955690145,0.021281182765960693,0.0,0.07429537177085876,0.0008950091432780027,0.06807952374219894,2.445988684485201e-06,,,,
280,0.04645683243870735,0.0008277763951306239,93.67072833498241,2.6382107734680176,0.01114579662680626,0.009679119102656841,0.0004776699934154749,0.00019355746917426586,0.005163606256246567,0.052579037845134735,0.0,0.07265341281890869,1.8002006981987506e-05,0.06860256940126419,5.161793069419218e-06,,,,
281,0.03963954374194145,0.0008266250994786576,94.00522947998252,0.7064745426177979,0.011052627116441727,0.009657561779022217,2.6388501282781363e-05,2.0893412511213683e-05,0.0028210929594933987,0.008206836879253387,0.0,0.14888302981853485,0.0003193685843143612,0.06910857558250427,4.609978532243986e-06,,,,
282,0.044132787734270096,0.0008254708269087304,94.33671393699478,1.4415063858032227,0.0108640743419528,0.00964768510311842,3.3198739401996136e-05,0.00015333425835706294,0.0029737637378275394,0.04838085547089577,0.0,0.12800981104373932,0.0006495635025203228,0.06962499022483826,1.5620825024598162e-06,,,,
283,0.04451356455683708,0.0008243135888130465,94.66985702503007,2.074812412261963,0.011486303992569447,0.009534417651593685,0.0003069321974180639,9.762393165146932e-05,0.004600834101438522,0.03499709069728851,0.0,0.12029585987329483,9.201926877722144e-05,0.07012514024972916,6.1749733504257165e-06,,,,
284,0.04042044281959534,0.0008231533966130789,95.00332809000975,1.274431586265564,0.010935756377875805,0.00919735711067915,3.916086279787123e-05,0.00015618425095453858,0.004543715622276068,0.023425722494721413,0.0,0.12347246706485748,0.00032036728225648403,0.07065191864967346,2.126066647178959e-06,,,,
285,0.036946769803762436,0.0008219902617594562,95.34609721699962,0.3208450973033905,0.011121130548417568,0.009138379245996475,2.025650792347733e-05,2.7683505322784185e-05,0.0034106711391359568,0.02065809816122055,0.0,0.09339356422424316,8.737598545849323e-05,0.0711781308054924,4.901023203274235e-06,,,,
286,0.033654626458883286,0.0008208241957318497,95.68098569300491,1.4927066564559937,0.010128315538167953,0.008321717381477356,0.000216587315662764,5.6993791076820344e-05,0.0057007260620594025,0.004111293703317642,0.0,0.06714780628681183,1.912781772261951e-05,0.0717032253742218,2.673721610335633e-06,,,,
287,0.036932043731212616,0.0008196552100388604,96.06341599399457,1.6835980415344238,0.010244421660900116,0.008707120083272457,6.410773494280875e-05,0.00018367115990258753,0.0034939053002744913,0.016138609498739243,0.0,0.0895770788192749,0.0004500680370256305,0.07220616191625595,5.909639639867237e-06,,,,
288,0.04177181050181389,0.000818483316217905,96.40474762901431,0.7906179428100586,0.011320296674966812,0.008509829640388489,7.75023945607245e-05,6.406121428881306e-06,0.005492344498634338,0.034643203020095825,0.0,0.17427639663219452,6.395543459802866e-05,0.07270622998476028,3.350308816152392e-06,,,,
289,0.032575950026512146,0.0008173085258351027,96.74462463101372,0.4498923420906067,0.010292605496942997,0.008778170682489872,6.190742715261877e-05,7.030066626612097e-06,0.003411664627492428,0.019713090732693672,0.0,0.0355091392993927,4.431362322065979e-05,0.07322659343481064,2.7369769668439403e-06,,,,
290,0.03852342069149017,0.0008161308504851601,97.08134820102714,1.1430555582046509,0.00956196803599596,0.009072583168745041,1.6465048247482628e-05,0.0001170585019281134,0.003318063449114561,0.03701290860772133,0.0,0.10433842241764069,0.00031647077412344515,0.07370325177907944,6.758763447578531e-06,,,,
291,0.0362173356115818,0.0008149503017912574,97.41324087500107,0.9024969339370728,0.010290474630892277,0.008420376107096672,0.0001469583949074149,2.3302452973439358e-05,0.004001547582447529,0.011246232315897942,0.0,0.11687730252742767,0.00013815119746141136,0.07415755093097687,2.6230700314044952e-06,,,,
292,0.04063629359006882,0.0008137668914049339,97.74623561301269,0.5876337289810181,0.01040479727089405,0.008540110662579536,3.785870285355486e-05,1.5451907529495656e-05,0.005028019193559885,0.033512525260448456,0.0,0.1736830770969391,0.00018302921671420336,0.07461220771074295,7.371495303232223e-05,,,,
293,0.04631681740283966,0.0008125806310059719,98.07752202299889,1.4944182634353638,0.010459155775606632,0.008977193385362625,5.555718234973028e-05,0.00021755119087174535,0.0058379326947033405,0.022294357419013977,0.0,0.24669533967971802,0.00023782295465935022,0.07507086545228958,3.1963427318260074e-06,,,,
294,0.0414709635078907,0.000811391532302283,98.41213067201898,1.4143766164779663,0.010687935166060925,0.008488666266202927,0.0002749004343058914,7.848563836887479e-05,0.009370984509587288,0.017953835427761078,0.0,0.15670007467269897,9.110286191571504e-05,0.07555032521486282,6.244630185392452e-06,,,,
295,0.03576934337615967,0.0008101996070297912,98.74427580501651,0.7589423656463623,0.01039566844701767,0.0089115547016263,2.343059895792976e-05,1.7831036529969424e-05,0.006012131460011005,0.010031437501311302,0.0,0.11341313272714615,8.388673450099304e-05,0.07603604346513748,3.6175486002321122e-06,,,,
296,0.03890211507678032,0.0008090048669523178,99.07691773102852,0.7591315507888794,0.010618981905281544,0.008474640548229218,6.38805067865178e-06,7.924474630272016e-05,0.005259253084659576,0.01922546699643135,0.0,0.1587117314338684,0.0002716575691010803,0.07653123885393143,8.236573194153607e-06,,,,
297,0.03650033846497536,0.0008078073238614648,99.41061636502855,0.23167435824871063,0.010533977299928665,0.007858519442379475,2.057282836176455e-05,3.208001726306975e-05,0.0067873201332986355,0.029840493574738503,0.0,0.12338586151599884,0.00015030629583634436,0.07703068107366562,2.7468181542644743e-06,,,,
298,0.036967091262340546,0.0008066069895764995,99.74089599202853,0.43853217363357544,0.01016195584088564,0.008548389188945293,6.794226646889001e-05,6.780351668567164e-06,0.004422513302415609,0.009860186837613583,0.0,0.152030348777771,7.254206866491586e-05,0.07755671441555023,2.369421508774394e-06,,,,
299,0.03923916444182396,0.0008054038759442362,100.07531739398837,0.7958652973175049,0.010526026599109173,0.008933949284255505,8.914571481000166e-06,4.126240310142748e-05,0.0034728250466287136,0.01928609237074852,0.0,0.16198770701885223,6.039264553692192e-05,0.07811278849840164,3.3270505355176283e-06,,,,
300,0.038402847945690155,0.000804197994838921,100.40491606900468,0.8188607096672058,0.0110144829377532,0.007800476159900427,0.0001037085457937792,1.5060075384099036e-05,0.0041230604983866215,0.03709489107131958,0.0,0.13017237186431885,9.506372589385137e-05,0.07867780327796936,1.7252004909096286e-06,16.401768859460972,23.063594853646098,1.3365833593272765,3.22905816826553
301,0.034011851996183395,0.0008029893581621136,100.76541482802713,0.8981925249099731,0.010717527940869331,0.008411196060478687,1.3828755982103758e-05,9.806142043089494e-05,0.004642197862267494,0.010753819718956947,0.0,0.06849605590105057,0.0005340464995242655,0.07922660559415817,7.460974302375689e-06,,,,
302,0.03592144325375557,0.00080177797784257,101.10057396697812,1.3437072038650513,0.010017979890108109,0.00825247447937727,9.005163883557543e-05,9.081839380087331e-06,0.004666728433221579,0.0191072728484869,0.0,0.1203526109457016,0.0001644592557568103,0.07975306361913681,1.2688897186308168e-06,,,,
303,0.040384214371442795,0.0008005638658361248,101.43495765101397,1.7537833452224731,0.009736691601574421,0.008672665804624557,4.868202086072415e-05,0.00016973327728919685,0.006779878865927458,0.014486217871308327,0.0,0.1734102964401245,0.0005742299254052341,0.08026019483804703,5.411952770373318e-06,,,,
304,0.039686862379312515,0.0007993470341255734,101.7646765219979,2.720964193344116,0.010760807432234287,0.008587299846112728,0.00044731408706866205,0.0002478109672665596,0.006072693504393101,0.011588731780648232,0.0,0.06078730523586273,1.9566308765206486e-05,0.08082640171051025,0.00019794097170233727,,,,
305,0.050756581127643585,0.0007981274947205537,102.09555258700857,4.099155902862549,0.01127002201974392,0.010503280907869339,0.00045993266394361854,0.0006611125427298248,0.005339757539331913,0.016434654593467712,0.0,0.09879885613918304,0.00033037675893865526,0.08136413246393204,7.410347279801499e-06,,,,
306,0.06543757021427155,0.000796905259657427,102.44383209198713,5.8196306228637695,0.012252465821802616,0.01148055400699377,0.001284921308979392,0.0007945372490212321,0.001861757249571383,0.01830843836069107,0.0,0.1435946226119995,0.00024088348436634988,0.08188945055007935,2.9758427899650997e-06,,,,
307,0.05267304182052612,0.0007956803409991601,102.77895591099514,4.568746566772461,0.01096082292497158,0.010541440919041634,0.0005176942213438451,0.0008837209898047149,0.007697349414229393,0.027959130704402924,0.0,0.046920932829380035,0.0010005731601268053,0.08241153508424759,5.3752646635985e-06,,,,
308,0.04241079464554787,0.0007944527508352057,103.10943344503175,3.023179531097412,0.011109979823231697,0.008307195268571377,0.0005340661155059934,0.0002395313640590757,0.00232173060066998,0.01296220626682043,0.0,0.10868646204471588,1.8435124729876406e-05,0.08291605114936829,2.4614732865302358e-06,,,,
309,0.03713120520114899,0.0007932225012813829,103.45012930000667,1.0517475605010986,0.009592942893505096,0.009327041916549206,5.409237019193824e-06,8.204540063161403e-05,0.008849812671542168,0.00709962472319603,0.0,0.13136503100395203,0.00015605732914991677,0.08341273665428162,4.9455724365543574e-05,,,,
310,0.03775506466627121,0.0007919896044797583,103.78107417997671,1.0049301385879517,0.009301618672907352,0.00806695967912674,7.301401637960225e-06,0.0001377911976305768,0.006896079517900944,0.04909726232290268,0.0,0.09737198054790497,0.0006586189265362918,0.08394075185060501,2.9100353913236177e-06,,,,
311,0.039016325026750565,0.0007907540725985256,104.14210468699457,2.1766703128814697,0.010744227096438408,0.007985708303749561,0.0003157488536089659,8.191711822291836e-05,0.010755786672234535,0.04300488904118538,0.0,0.06467647850513458,0.00016369821969419718,0.0844632238149643,3.760636900551617e-06,,,,
312,0.03592930734157562,0.0007895159178318857,104.46783992601559,2.309868812561035,0.009727207943797112,0.008560351096093655,6.852611841168255e-05,0.0002617877908051014,0.00678310776129365,0.02127382904291153,0.0,0.04978375881910324,0.0007302906597033143,0.08500678092241287,7.229558832477778e-06,,,,
313,0.04032646119594574,0.000788275152399926,104.79464414500399,1.4580177068710327,0.010649619624018669,0.0077905612997710705,0.00019775144755840302,6.0313566791592166e-05,0.005138564854860306,0.037724435329437256,0.0,0.14421716332435608,0.0001718037819955498,0.08554370701313019,1.7493144696345553e-05,,,,
314,0.0337882824242115,0.0007870317885485008,105.12929753499338,0.37679558992385864,0.009531446732580662,0.008403409272432327,2.0686518837464973e-05,1.553868605697062e-05,0.004170787055045366,0.007882662117481232,0.0,0.11507522314786911,0.00017084025603253394,0.08610191941261292,8.025405259104446e-05,,,,
315,0.043546322733163834,0.000785785838549109,105.46940985199763,2.106989622116089,0.010370234958827496,0.008102725259959698,0.00010358756117057055,0.00023721822071820498,0.010051095858216286,0.02666730433702469,0.0,0.18730904161930084,0.0009357330854982138,0.08665689080953598,5.450354365166277e-06,,,,
316,0.03964271396398544,0.0007845373146987742,105.80438944202615,3.1941001415252686,0.009875593706965446,0.007947735488414764,0.0004963097162544727,0.00032197145628742874,0.002973636845126748,0.03450293093919754,0.0,0.039489030838012695,2.642848812683951e-05,0.08721927553415298,1.7603487094675074e-06,,,,
317,0.043454211205244064,0.0007832862293199228,106.1403427880141,3.1078174114227295,0.009987668134272099,0.009882541373372078,0.00019909313414245844,0.00031243503326550126,0.005329431034624577,0.019852524623274803,0.0,0.11193220317363739,0.0006451138178817928,0.087753526866436,4.981222446076572e-06,,,,
318,0.035687610507011414,0.0007820325947602623,106.4784043179825,1.582394003868103,0.01110654603689909,0.007374018430709839,0.00016332695668097585,5.5793323554098606e-05,0.00951001513749361,0.03796638548374176,0.0,0.06382777541875839,7.799248851370066e-05,0.0883035883307457,1.199843427457381e-05,,,,
319,0.03515971451997757,0.0007807764233926599,106.81226318702102,0.804763913154602,0.010024718940258026,0.007064423989504576,4.329379225964658e-05,6.648110684182029e-06,0.008870611898601055,0.012881617993116379,0.0,0.16890843212604523,0.0002377636992605403,0.08881670236587524,3.0280214105005143e-06,,,,
320,0.04066597297787666,0.0007795177276150196,107.1433798079961,2.819493532180786,0.008968210779130459,0.007425711955875158,0.0001594677014509216,0.00033603020710870624,0.007622349075973034,0.04026133567094803,0.0,0.1160539910197258,0.0015883728628978133,0.08940201252698898,3.6283579447626835e-06,,,,
321,0.045611537992954254,0.0007782565198501609,107.47635961999185,4.139031410217285,0.010156208649277687,0.008124757558107376,0.0008508851751685143,0.0005654906271956861,0.009271098300814629,0.01334315538406372,0.0,0.05886039137840271,0.0002101362042594701,0.08998523652553558,1.0416222266940167e-06,,,,
322,0.04328395798802376,0.000776992812545695,107.8022970270249,3.712376117706299,0.010237105190753937,0.008819254115223885,0.0003523274790495634,0.0005045786965638399,0.0025775572285056114,0.025133516639471054,0.0,0.06406839191913605,0.0008993538795039058,0.09053649753332138,3.746288484762772e-06,,,,
323,0.031649041920900345,0.0007757266181739029,108.13751243398292,1.5407633781433105,0.009780539199709892,0.007582749240100384,0.00011809463467216119,3.701733658090234e-05,0.007610115688294172,0.016050470992922783,0.0,0.060471825301647186,4.978045035386458e-05,0.09108195453882217,1.8785335669235792e-06,,,,
324,0.030692096799612045,0.0007744579492316118,108.46879936702317,1.048790454864502,0.01003735139966011,0.006364637985825539,7.749204814899713e-05,1.3854700227966532e-05,0.003233275841921568,0.021486647427082062,0.0,0.09036946296691895,2.1009007468819618e-05,0.0916123017668724,7.057753100525588e-05,,,,
325,0.03461354225873947,0.000773186818240072,108.80069291900145,2.8462774753570557,0.008765756152570248,0.008038641884922981,0.00018689371063373983,0.00037257358781062067,0.006729686167091131,0.008494495414197445,0.0,0.05312392860651016,0.0002371115260757506,0.09217257052659988,4.416828232933767e-06,17.348153324336902,24.05576271056294,5.858651035691809,3.4857515584121117
326,0.039849553257226944,0.0007719132377448333,109.15894250298152,3.1907296180725098,0.010620665736496449,0.007878214120864868,0.0004791027749888599,0.00022375518165063113,0.00649127596989274,0.01907442696392536,0.0,0.08080963790416718,7.586040737805888e-05,0.09270434081554413,2.829308414220577e-06,,,,
327,0.03434597700834274,0.000770637220315621,109.49282881501131,1.831479549407959,0.010087504051625729,0.007926318794488907,3.4287750168005005e-05,0.00020138471154496074,0.0043517788872122765,0.011281237006187439,0.0,0.08286082744598389,0.0004604451241903007,0.09324987232685089,6.656007371930173e-06,,,,
328,0.031458981335163116,0.000769358778546212,109.822450451029,0.5297611355781555,0.010564669966697693,0.007408054079860449,2.5927991373464465e-05,3.7439494917634875e-05,0.010449688881635666,0.01769975759088993,0.0,0.05185412988066673,0.0004593860940076411,0.09379467368125916,6.177134309837129e-06,,,,
329,0.03659864142537117,0.0007680779250543103,110.15044885798125,2.504073143005371,0.010393546894192696,0.007828661240637302,0.00037395372055470943,8.527622412657365e-05,0.00973758939653635,0.01053934171795845,0.0,0.08318310230970383,0.00015530677046626806,0.09429770708084106,5.895743925066199e-06,,,,
330,0.04004146531224251,0.0007667946724814228,110.48279739299323,3.2571938037872314,0.009121636860072613,0.008234642446041107,0.00021780657698400319,0.0005193916731514037,0.0015084350015968084,0.028852678835392,0.0,0.053462378680706024,0.0013455884763970971,0.09479915350675583,4.36511527368566e-06,,,,
331,0.035967059433460236,0.0007655090334927343,110.81984137801919,2.1173601150512695,0.009527630172669888,0.007296289317309856,0.00030409457394853234,9.401590068591759e-05,0.009390284307301044,0.029533296823501587,0.0,0.08491674065589905,9.985874930862337e-05,0.09529132395982742,1.9148365026921965e-06,,,,
332,0.029212255030870438,0.0007642210207769827,111.16168282402214,0.22981120645999908,0.008861403912305832,0.007132293656468391,3.922487667296082e-05,6.8559093051590025e-06,0.00594426179304719,0.022424139082431793,0.0,0.04927968233823776,0.0005239492165856063,0.09580248594284058,2.0938803118042415e-06,,,,
333,0.03128273785114288,0.0007629306470463337,111.49658286198974,2.08577823638916,0.009631766937673092,0.007505470421165228,9.166030213236809e-05,0.00019620961393229663,0.002017429331317544,0.009425927884876728,0.0,0.0405891090631485,0.0005894661881029606,0.09628423303365707,2.6603538572089747e-06,,,,
334,0.03359823301434517,0.0007616379250362545,111.84012727602385,2.410759210586548,0.010120639577507973,0.0073509495705366135,0.00023869475990068167,0.00015306874411180615,0.006283189635723829,0.003897862508893013,0.0,0.07974080741405487,6.686982669634745e-05,0.09673990309238434,3.4653394322958775e-06,,,,
335,0.032631196081638336,0.00076034286750539,112.18308360100491,1.2097116708755493,0.009092677384614944,0.006350947078317404,5.14108469360508e-05,8.326119132107124e-05,0.004724979866296053,0.015535872429609299,0.0,0.14570768177509308,0.00031609745929017663,0.09722816199064255,1.3607741493615322e-06,,,,
336,0.03211075812578201,0.0007590454872354349,112.52372462803032,0.734642505645752,0.009778096340596676,0.007051343098282814,1.314164819632424e-05,2.427131767035462e-05,0.011524438858032227,0.031995728611946106,0.0,0.07641106843948364,0.00015831847849767655,0.0977403074502945,3.437213990764576e-06,,,,
337,0.034861065447330475,0.0007577457970310089,112.85425026598386,2.089463472366333,0.009640639647841454,0.006851376499980688,0.00021859465050511062,0.00014936694060452282,0.00731904711574316,0.017593879252672195,0.0,0.10980360209941864,0.00012210557179059833,0.09823766350746155,2.197200956288725e-06,,,,
338,0.03515955060720444,0.0007564438097195293,113.18425079702865,2.239394187927246,0.009548273868858814,0.007128284312784672,0.00010397406003903598,0.00021647439280059189,0.003348151221871376,0.020665917545557022,0.0,0.0968063697218895,0.0009577558375895023,0.09874047338962555,1.9409708329476416e-05,,,,
339,0.03191925585269928,0.0007551395381510855,113.51142084901221,1.6607842445373535,0.009408174082636833,0.007282838225364685,0.0001287805353058502,2.4053186280070804e-05,0.008563285693526268,0.012987308204174042,0.0,0.09047778695821762,6.558375025633723e-05,0.09926379472017288,1.4356276096805232e-06,,,,
340,0.029407206922769547,0.0007538329951983111,113.84451329702279,0.551893949508667,0.008738857693970203,0.006705367472022772,1.3943930753157474e-05,5.2296643843874335e-05,0.013284077867865562,0.04006578400731087,0.0,0.028975043445825577,0.0003632337029557675,0.09978247433900833,1.2656691978918388e-05,,,,
341,0.02958221174776554,0.0007525241937562579,114.17875706998166,0.9107895493507385,0.009102370589971542,0.007353104185312986,2.255409890494775e-05,3.8089499867055565e-05,0.009506799280643463,0.03412042558193207,0.0,0.008706367574632168,0.0007416644366458058,0.10028257220983505,2.5494396140857134e-06,,,,
342,0.03293682262301445,0.0007512131467422675,114.51133304898394,1.915968418121338,0.009173803962767124,0.007075945846736431,0.00024457054678350687,7.48158126953058e-05,0.0016066484386101365,0.027820052579045296,0.0,0.06448375433683395,0.00022427858493756503,0.10074759274721146,5.715080078516621e-06,,,,
343,0.034223344177007675,0.0007498998670958446,114.84772248897934,2.423429250717163,0.008345779031515121,0.0072770994156599045,0.00010665671288734302,0.0003076349094044417,0.014307651668787003,0.01428520679473877,0.0,0.09007501602172852,0.00042759376810863614,0.10122096538543701,3.987538548244629e-06,,,,
344,0.03327348828315735,0.0007485843677785294,115.18225516198436,2.0173747539520264,0.010110151953995228,0.007236018776893616,0.00022693478967994452,5.142688314663246e-05,0.010431642644107342,0.018634013831615448,0.0,0.06409716606140137,0.00021323183318600059,0.10170944780111313,2.9023117349424865e-06,,,,
345,0.029012877494096756,0.0007472666617737688,115.52531405200716,1.1850374937057495,0.009262620471417904,0.006957111414521933,1.475652516091941e-05,7.308514614123851e-05,0.004385929089039564,0.02563357725739479,0.0,0.028232064098119736,0.0006583057111129165,0.10219909995794296,2.8546091925818473e-06,,,,
346,0.03053620643913746,0.0007459467620867891,115.86444989498705,0.3932061493396759,0.009472628124058247,0.005933497101068497,3.484853368718177e-05,5.2656300795206334e-06,0.005518994759768248,0.03121064230799675,0.0,0.09816750884056091,0.00038418962503783405,0.10268625617027283,3.177138751198072e-06,,,,
347,0.02987329289317131,0.0007446246817444675,116.1967672649771,0.1849101483821869,0.008735409006476402,0.006720072589814663,2.289694020873867e-05,6.101799044699874e-06,0.003791202325373888,0.022417347878217697,0.0,0.09337248653173447,0.00020217261044308543,0.10318376868963242,2.4748283067310695e-06,,,,
348,0.028369324281811714,0.0007433004337952032,116.53451691899681,0.6231029629707336,0.009094520471990108,0.006781387142837048,6.4384794313809834e-06,2.6494461053516716e-05,0.007797992322593927,0.006758150178939104,0.0,0.07969673722982407,0.0002234335261164233,0.10370029509067535,5.015178430767264e-06,,,,
349,0.028431933373212814,0.0007419740313087886,116.87719391402788,1.2186706066131592,0.008737344294786453,0.006257807835936546,5.819786383653991e-05,2.1113184629939497e-05,0.008335172198712826,0.03495065122842789,0.0,0.040429119020700455,0.0003474030236247927,0.10420332849025726,9.750140179676237e-07,,,,
350,0.02847633697092533,0.0007406454873762811,117.21540287701646,1.7227187156677246,0.008640818297863007,0.00622692983597517,5.8921628806274384e-05,0.00012796322698704898,0.00805947370827198,0.036652952432632446,0.0,0.01848645880818367,0.00040898058796301484,0.10469339042901993,6.5459621509944554e-06,14.74491575391331,20.564628406673954,3.925984571417214,2.903261010628362
351,0.03292209655046463,0.0007393148151098729,117.58033724897541,2.266908645629883,0.009151360020041466,0.006207897327840328,0.0002224174386356026,0.00016107094415929168,0.009687859565019608,0.04666993021965027,0.0,0.0345873087644577,0.0005283001810312271,0.1051580011844635,5.8473465287534054e-06,,,,
352,0.0309697687625885,0.0007379820276427619,117.91528855200158,2.760716676712036,0.009235740639269352,0.006558048538863659,0.00013855108409188688,0.00019867613445967436,0.008360966108739376,0.01354830339550972,0.0,0.06104051321744919,0.00031186442356556654,0.10559946298599243,3.2915856991166947e-06,,,,
353,0.03715333715081215,0.0007366471381290221,118.24858962401049,3.6580841541290283,0.009059551171958447,0.00682405149564147,0.0003838214906863868,0.0002670760150067508,0.010429097339510918,0.04270714521408081,0.0,0.05064144730567932,0.0005051756743341684,0.10602259635925293,1.2697653346549487e-06,,,,
354,0.04890858754515648,0.0007353101597434746,118.587684602011,5.3869147300720215,0.010119423270225525,0.006851291283965111,0.0006668473361060023,0.000907427747733891,0.004980264697223902,0.02827359549701214,0.0,0.09857931733131409,0.0012269951403141022,0.10644097626209259,5.050636900705285e-06,,,,
355,0.053359780460596085,0.0007339711056815561,118.91888030897826,6.365088939666748,0.009334711357951164,0.006844149436801672,0.0010822424665093422,0.0011071311309933662,0.006545955315232277,0.015190141275525093,0.0,0.11407170444726944,0.0005828761495649815,0.10687576979398727,0.00020339111506473273,,,,
356,0.03227999806404114,0.0007326299891591895,119.25564854801632,2.673133611679077,0.008663513697683811,0.007420000620186329,9.44019338930957e-05,0.00013725894677918404,0.012119246646761894,0.010345567017793655,0.0,0.07895763218402863,0.0007592638721689582,0.10733019560575485,4.881558197666891e-06,,,,
357,0.027284938842058182,0.0007312868234126536,119.58669917599764,0.7909255623817444,0.008532649837434292,0.005759935360401869,1.3891105481889099e-05,4.692591028288007e-05,0.005383609794080257,0.02434997819364071,0.0,0.058937884867191315,0.0008398990612477064,0.1077912226319313,2.548611519159749e-05,,,,
358,0.036673277616500854,0.000729941621698452,119.9232832720154,3.8882968425750732,0.01019737496972084,0.007372946944087744,0.000436300877481699,0.00019705032173078507,0.004072124604135752,0.019758909940719604,0.0,0.05953122302889824,0.00012919129221700132,0.1082601398229599,2.9832744985469617e-06,,,,
359,0.05401479825377464,0.0007285943972931825,120.2640555719845,6.135035037994385,0.00928486231714487,0.008861720561981201,0.0007816130528226495,0.00121856271289289,0.007862706668674946,0.020209793001413345,0.0,0.07532809674739838,0.0007071218569763005,0.10871497541666031,8.38291543914238e-06,,,,
360,0.03201192244887352,0.0007272451634934059,120.60533456702251,2.579883098602295,0.009306516498327255,0.005557449534535408,0.00037026219069957733,0.00017200101865455508,0.011814231984317303,0.03164707124233246,0.0,0.041030965745449066,0.0002488834725227207,0.10916383564472198,2.863134341168916e-06,,,,
361,0.025127265602350235,0.0007258939336155157,120.94466131797526,1.6076749563217163,0.009155048988759518,0.005850496701896191,0.00017896333883982152,6.61579251755029e-05,0.005208203569054604,0.010841067880392075,0.0,0.004925671499222517,0.00011720380280166864,0.10961804538965225,2.389581368333893e-06,,,,
362,0.03793974593281746,0.0007245407209956044,121.28719110798556,4.258437156677246,0.009313180111348629,0.00598534382879734,0.00043134167208336294,0.000849759322591126,0.004602659028023481,0.012555806897580624,0.0,0.04030708968639374,0.00023089186288416386,0.11002826690673828,2.880140073102666e-06,,,,
363,0.043347276747226715,0.0007231855389893349,121.62437776901061,5.1577253341674805,0.010350905358791351,0.008421991020441055,0.0006924206390976906,0.0003858163836412132,0.008615324273705482,0.009103216230869293,0.0,0.07641123980283737,9.519736340735108e-05,0.11040946841239929,2.7643327484838665e-06,,,,
364,0.03790798783302307,0.0007218284009718065,121.97257305000676,4.064617156982422,0.00985727459192276,0.008953403681516647,0.00018529503722675145,0.0003458308055996895,0.0032218375708907843,0.013426698744297028,0.0,0.04385586827993393,0.001018165610730648,0.11080276221036911,7.127175194909796e-06,,,,
365,0.030267154797911644,0.0007204693203374231,122.3128355719964,1.5160831212997437,0.008999542333185673,0.006165158003568649,0.00014278155867941678,7.048103725537658e-05,0.001333101885393262,0.02876465953886509,0.0,0.07199956476688385,0.00014598669076804072,0.11117321252822876,4.410507699503796e-06,,,,
366,0.026319272816181183,0.0007191083104997624,122.65927352203289,1.5464788675308228,0.009262162260711193,0.0061740390956401825,8.220245217671618e-05,2.4506514819222502e-05,0.010245256125926971,0.015491828322410583,0.0,0.028429104015231133,4.589177842717618e-05,0.11153791844844818,1.6132743212438072e-06,,,,
367,0.03311524912714958,0.0007177453848914415,123.00255390198436,3.1460986137390137,0.008946471847593784,0.005899402312934399,0.00029157864628359675,0.0005014563794247806,0.009302955120801926,0.028348781168460846,0.0,0.017559610307216644,0.0001455998426536098,0.11188407987356186,4.131359219172737e-06,,,,
368,0.02967250905930996,0.0007163805569639864,123.34104550199118,1.8911807537078857,0.008940210565924644,0.00591233279556036,0.00020122950081713498,8.314283331856132e-05,0.006103089544922113,0.03411770612001419,0.0,0.04037521779537201,0.00021123004262335598,0.11220329999923706,4.789196282217745e-06,,,,
369,0.027323266491293907,0.0007150138401876973,123.67821823997656,1.0917315483093262,0.009162329137325287,0.005986405070871115,0.00011412720050429925,3.724305861396715e-05,0.00725905504077673,0.020384464412927628,0.0,0.04137376323342323,8.952886855695397e-05,0.11252425611019135,2.281125489389524e-06,,,,
370,0.0301035288721323,0.0007136452480515175,124.01817405602196,2.674321174621582,0.008751978166401386,0.006523313000798225,7.21066608093679e-05,0.0002384370018262416,0.0004432577989064157,0.020333651453256607,0.0,0.03022312931716442,0.001508362591266632,0.11282709240913391,1.1611320587689988e-05,,,,
371,0.03300090506672859,0.0007122747940628984,124.35692010301864,2.7003870010375977,0.008314673788845539,0.006861194036900997,0.00024655504967086017,6.392675277311355e-05,0.009784989058971405,0.027431536465883255,0.0,0.08340463042259216,0.0003414382808841765,0.11310788244009018,1.845626684371382e-06,,,,
372,0.027675988152623177,0.0007109024917476679,124.69712313602213,1.0208780765533447,0.008997351862490177,0.005584307014942169,1.4062358786759432e-05,7.206751615740359e-05,0.009756487794220448,0.040279679000377655,0.0,0.015602543018758297,0.0012377644889056683,0.11341150104999542,1.626865355319751e-06,,,,
373,0.028030188754200935,0.0007095283546498957,125.03876217099605,1.2181384563446045,0.009263775311410427,0.006393283139914274,1.5276475096470676e-05,2.68613948719576e-05,0.006492478307336569,0.030727723613381386,0.0,0.03155119717121124,0.0004675738455262035,0.11368851363658905,2.250410716442275e-06,,,,
374,0.030754011124372482,0.00070815239633176,125.38178186299047,2.086702585220337,0.008266600780189037,0.006009540520608425,0.00022207442088983953,0.00015495769912377,0.008672898635268211,0.03994063660502434,0.0,0.030505144968628883,0.0006299718515947461,0.11395298689603806,1.1183135484316153e-06,,,,
375,0.02809109538793564,0.0007067746303734145,125.72937368100975,1.155386209487915,0.00782593060284853,0.00571510661393404,6.563935312442482e-05,5.463522393256426e-05,0.009711655788123608,0.034801091998815536,0.0,0.06797616928815842,0.00015094007540028542,0.11422099173069,2.5435663246753393e-06,13.839686191205775,19.46199103169947,2.138984649009363,2.008534371029908
376,0.023688066750764847,0.0007053950703728524,126.11745233403053,0.8798985481262207,0.008287819102406502,0.005272029899060726,4.885109228780493e-05,3.650236249086447e-05,0.0064350301399827,0.013242166489362717,0.0,0.04123682528734207,0.00017610947543289512,0.11448930948972702,4.244291631039232e-06,,,,
377,0.030672587454319,0.0007040137299457742,126.47057979099918,1.8097821474075317,0.008501126430928707,0.005998004227876663,0.00012750475434586406,0.00012540764873847365,0.010704848915338516,0.01086808554828167,0.0,0.10569716989994049,0.0006212624721229076,0.1147637590765953,3.3914420782821253e-06,,,,
378,0.0240313857793808,0.000702630622725452,126.81996598502155,1.3342506885528564,0.008358719758689404,0.00588688999414444,3.582608042052016e-05,2.8834783734055236e-05,0.018026629462838173,0.008172446861863136,0.0,0.01883750781416893,0.0004755106056109071,0.11508059501647949,1.2307241377129685e-06,,,,
379,0.02536371536552906,0.0007012457623625962,127.1647799059865,0.10632521659135818,0.008503449149429798,0.00553880212828517,8.309274562634528e-06,7.46318573874305e-06,0.006260623224079609,0.015658192336559296,0.0,0.06632833927869797,0.000309309980366379,0.11537129431962967,4.988387445337139e-06,,,,
380,0.025415878742933273,0.0006998591625252189,127.50781515298877,1.6223618984222412,0.008462990634143353,0.0058108787052333355,3.87410655093845e-05,2.2513704607263207e-05,0.011124784126877785,0.012244077399373055,0.0,0.05519518628716469,6.026143455528654e-05,0.11566950380802155,2.2404581159207737e-06,,,,
381,0.033015552908182144,0.0006984708368985012,127.84587941598147,2.8569023609161377,0.008696013130247593,0.006726996041834354,0.00013634514471050352,0.00019822237663902342,0.008264310657978058,0.01093380805104971,0.0,0.1037708967924118,0.000703389581758529,0.1159830316901207,5.362083811633056e-06,,,,
382,0.03468114137649536,0.0006970807991846562,128.1911506659817,3.6006438732147217,0.008862531743943691,0.005982121452689171,0.00039589835796505213,0.0002295343147125095,0.007497057784348726,0.03416091203689575,0.0,0.06582438945770264,0.0003996870364062488,0.11632626503705978,1.8613599195305142e-06,,,,
383,0.0343543104827404,0.000695689063102795,128.53224013501313,3.355360746383667,0.00896819494664669,0.006707926280796528,0.00013446628872770816,0.0003332685155328363,0.00946863740682602,0.016390375792980194,0.0,0.08391670882701874,0.0008659992599859834,0.11667977273464203,1.9280178094049916e-06,,,,
384,0.026980653405189514,0.000694295642388791,128.8834154860233,1.7089120149612427,0.008828280493617058,0.005116083659231663,0.00019023245840799063,3.5074877814622596e-05,0.02448529563844204,0.013472332619130611,0.0,0.04929012060165405,0.0005098650581203401,0.11705795675516129,4.204716788080987e-06,,,,
385,0.02725198306143284,0.0006929005507951441,129.22391308500664,0.4972326457500458,0.008822346106171608,0.004975487478077412,5.44862232345622e-05,1.0969025424856227e-05,0.010077771730720997,0.02407618798315525,0.0,0.08412308990955353,0.0005861464887857437,0.11743348836898804,2.8673935048573185e-06,,,,
386,0.0286717526614666,0.0006915038020908449,129.5798632199876,2.176266670227051,0.008267344906926155,0.005175120662897825,4.822739720111713e-05,0.00024095512344501913,0.0085001140832901,0.0491800457239151,0.0,0.014760185964405537,0.0009598139440640807,0.11782140284776688,3.685976253109402e-06,,,,
387,0.028839169070124626,0.0006901054100612394,129.9207468139939,3.0086355209350586,0.008087491616606712,0.005258696153759956,0.0003072158433496952,0.0001626372104510665,0.0046133967116475105,0.032275713980197906,0.0,0.029962098225951195,0.0003930585226044059,0.11816996335983276,6.817825487814844e-05,,,,
388,0.0319710448384285,0.0006887053885078925,130.26576082099928,2.886767625808716,0.008466260507702827,0.006332408636808395,9.924350160872564e-05,0.00021005193411838263,0.01637284643948078,0.032296307384967804,0.0,0.06210348755121231,0.00046836899127811193,0.11849933862686157,6.699326149828266e-06,,,,
389,0.031114496290683746,0.0006873037512484514,130.6074926960282,2.0676403045654297,0.00923050008714199,0.005253537558019161,0.00011883457045769319,4.4689917558571324e-05,0.013484274968504906,0.05014153569936752,0.0,0.07223490625619888,0.00026293203700333834,0.11883903294801712,5.9793412219733e-05,,,,
390,0.024674803018569946,0.0006859005121165104,130.94957977399463,0.7000918388366699,0.0074574751779437065,0.004978433717042208,1.8020913557847962e-05,4.8775684263091534e-05,0.003684661816805601,0.01691255532205105,0.0,0.0877823457121849,0.00020620973373297602,0.11918909102678299,2.4909900275815744e-06,,,,
391,0.028746258467435837,0.0006844956849614727,131.29394631600007,1.3880410194396973,0.008924503810703754,0.005558382719755173,1.1722293493221514e-05,5.956201857770793e-05,0.010209296829998493,0.0292387492954731,0.0,0.0763980969786644,0.0006060756277292967,0.11955549567937851,1.2271286323084496e-05,,,,
392,0.032264139503240585,0.0006830892836484155,131.62986586103216,3.20764422416687,0.008817513473331928,0.004992553498595953,0.00041067900019697845,0.00015181890921667218,0.011896125972270966,0.0480227917432785,0.0,0.03712952882051468,0.0004592531477101147,0.1199297234416008,3.7946242628095206e-06,,,,
393,0.034127987921237946,0.000681681322057952,131.97197203198448,3.7367289066314697,0.007729142438620329,0.005554619245231152,0.00021677929908037186,0.0005022917757742107,0.005684102885425091,0.009251878596842289,0.0,0.11193245649337769,0.0011688679223880172,0.12028733640909195,3.72825843442115e-06,,,,
394,0.027555087581276894,0.0006802718140860947,132.3120687280316,2.621919870376587,0.007606775965541601,0.004561342298984528,0.00024089711951091886,0.00011878433724632487,0.009802932851016521,0.020475056022405624,0.0,0.08820535987615585,0.00015627994434908032,0.12068125605583191,3.9299766285694204e-06,,,,
395,0.02499331161379814,0.0006788607736441179,132.65241768799024,0.7627706527709961,0.008118840865790844,0.005441728048026562,1.0095108336827252e-05,2.1777455913252197e-05,0.021100498735904694,0.021313980221748352,0.0,0.03980091214179993,0.00037104322109371424,0.12110171467065811,3.6750984691025224e-06,,,,
396,0.0233614481985569,0.0006774482146584213,132.99676290899515,1.1212921142578125,0.007640103809535503,0.004923530854284763,2.1493786334758624e-05,5.7154531532432884e-05,0.013797095976769924,0.03491505980491638,0.0,0.01007450744509697,0.00027386113652028143,0.12150494009256363,7.349309271376114e-06,,,,
397,0.025826361030340195,0.0006760341510703923,133.33745749900118,2.421281099319458,0.009253906086087227,0.005386877804994583,0.00013919893535785377,9.075251728063449e-05,0.002760691102594137,0.015018404461443424,0.0,0.027313819155097008,0.0003678879584185779,0.12186223268508911,3.869347438012483e-06,,,,
398,0.027002321556210518,0.0006746185968362667,133.6783712520264,3.180537700653076,0.0073183937929570675,0.005328305996954441,0.00018771113536786288,0.00026417768094688654,0.01136033982038498,0.014125377871096134,0.0,0.03497281298041344,0.0006529505481012166,0.12219537794589996,4.089040430699242e-06,,,,
399,0.027447091415524483,0.0006732015659269941,134.02626947697718,3.423138380050659,0.008341052569448948,0.005067119374871254,0.00028957787435501814,0.0002681385667528957,0.02384595200419426,0.011980310082435608,0.0,0.013370737433433533,0.00020970575860701501,0.12251762300729752,3.5492266761139035e-06,,,,
400,0.02870349772274494,0.000671783072328097,134.3647707470227,3.0667178630828857,0.00836484506726265,0.005051822867244482,0.00015418542898260057,0.00020948494784533978,0.009285062551498413,0.03781924769282341,0.0,0.006871588062494993,0.0018792396876960993,0.12281489372253418,6.489163752121385e-06,13.15760496641734,18.419146261471994,3.1222491461200246,2.052300191423862
401,0.02808517962694168,0.0006703631300395349,134.7546267110156,2.3542749881744385,0.008312877267599106,0.004840382840484381,0.0001335162960458547,9.091052925214171e-05,0.022701680660247803,0.027706632390618324,0.0,0.06978658586740494,0.00020278395095374435,0.12307973951101303,0.00012632791185751557,,,,
402,0.028899842873215675,0.0006689417530755646,135.0956318639801,2.090301752090454,0.007634196896106005,0.005374755710363388,4.052179428981617e-05,7.707392796874046e-05,0.013628628104925156,0.04670776054263115,0.0,0.026215678080916405,0.002551225945353508,0.12335825711488724,2.599985919005121e-06,,,,
403,0.024844713509082794,0.0006675189554646032,135.4646564879804,2.268293619155884,0.007577559445053339,0.00480494974181056,0.00014726637164130807,9.592548303771764e-05,0.0029261852614581585,0.03687634691596031,0.0,0.01151218730956316,0.0006323112174868584,0.12361899018287659,5.9851598052773625e-05,,,,
404,0.024502892047166824,0.0006660947512490885,135.8174215820036,2.1879820823669434,0.007731367368251085,0.004565779119729996,0.0001099390719900839,0.00011339114280417562,0.0074836271815001965,0.019742388278245926,0.0,0.043734341859817505,0.000743871321901679,0.12385247647762299,3.8027144455554662e-06,,,,
405,0.02280542440712452,0.0006646691544853414,136.18547407799633,1.4901020526885986,0.007443645037710667,0.004546354524791241,5.773925659013912e-05,7.737190753687173e-05,0.00982458796352148,0.023706503212451935,0.0,0.030841117724776268,0.0003868357453029603,0.12408819794654846,3.099168452536105e-06,,,,
406,0.024906925857067108,0.0006632421792434262,136.550487571978,0.40219658613204956,0.008480316027998924,0.004256069660186768,1.2494732800405473e-05,1.0446457963553257e-05,0.012791001237928867,0.04005330801010132,0.0,0.04754786565899849,0.0005346317775547504,0.12431472539901733,3.8372854760382324e-06,,,,
407,0.02188720554113388,0.0006618138396070123,136.9077954320237,0.5678490400314331,0.007314351387321949,0.004665952175855637,1.7053611372830346e-05,2.3455779228243046e-05,0.008073660545051098,0.01443568430840969,0.0,0.04877437651157379,0.00037017755676060915,0.12454415112733841,5.516441160580143e-05,,,,
408,0.025983549654483795,0.0006603841496732357,137.25044367701048,1.0589710474014282,0.008505173958837986,0.00415233988314867,4.1635517845861614e-05,3.1276307709049433e-05,0.01484687440097332,0.022095467895269394,0.0,0.09617852419614792,0.0005556144169531763,0.12477581202983856,3.3701894608384464e-06,,,,
409,0.022797437384724617,0.0006589531235525585,137.59380123502342,1.2694664001464844,0.00732890609651804,0.004573087207973003,1.2841423085774295e-05,3.719342203112319e-05,0.002824435941874981,0.018823524937033653,0.0,0.06119844689965248,0.0006107316585257649,0.12505017220973969,2.7287876491755014e-06,,,,
410,0.022806379944086075,0.0006575207753686309,137.93710298498627,1.0596792697906494,0.007493556477129459,0.004486014600843191,6.780993135180324e-05,2.755360401351936e-05,0.018570877611637115,0.011621138080954552,0.0,0.057123348116874695,0.0003110986726824194,0.12534037232398987,3.894952897098847e-06,,,,
411,0.02635956183075905,0.0006560871192581513,138.28089670301415,0.9290265440940857,0.007038687821477652,0.003939307760447264,6.255082553252578e-06,5.407814751379192e-05,0.014640597626566887,0.061445578932762146,0.0,0.043017756193876266,0.0016814216505736113,0.12563225626945496,4.397488282847917e-06,,,,
412,0.021664241328835487,0.0006546521693707266,138.621167203004,0.7724677324295044,0.008076487109065056,0.004258682485669851,1.9661281839944422e-05,8.562787115806714e-06,0.016920030117034912,0.01714727282524109,0.0,0.03712312877178192,0.00024367714649997652,0.12592855095863342,1.6598713727944414e-06,,,,
413,0.023664850741624832,0.0006532159398687327,138.97863392397994,1.3787871599197388,0.007853357121348381,0.0052428781054914,1.312827407673467e-05,2.4407199816778302e-05,0.015607057139277458,0.013016371056437492,0.0,0.04837420582771301,0.00032069376902654767,0.1262068897485733,2.782388719424489e-06,,,,
414,0.020760465413331985,0.0006517784449271755,139.32268463401124,1.6882610321044922,0.008527155965566635,0.004161881282925606,0.0001059979695128277,3.965365976910107e-05,0.009748532436788082,0.010095080360770226,0.0,0.010195898823440075,0.0003137286985293031,0.12648281455039978,6.088564987294376e-06,,,,
415,0.024197794497013092,0.0006503396987335492,139.66498083202168,2.1070783138275146,0.007585110608488321,0.0038426811806857586,8.192561654141173e-05,0.00023471805616281927,0.007788519840687513,0.026388611644506454,0.0,0.043399859219789505,0.00042953286902047694,0.1267237365245819,6.348286660795566e-06,,,,
416,0.025827882811427116,0.000648899715487698,140.0084603750147,1.5810627937316895,0.0076307919807732105,0.003926065284758806,0.0001156667567556724,2.3708422304480337e-05,0.011756929568946362,0.05595758557319641,0.0,0.0454724058508873,0.00036450172774493694,0.12695877254009247,2.521767100915895e-06,,,,
417,0.026898527517914772,0.0006474585094016755,140.35633230098756,1.683205485343933,0.008107447996735573,0.0058995457366108894,9.170767953037284e-06,2.2408094082493335e-05,0.03119763545691967,0.02976371720433235,0.0,0.03794457018375397,0.00011083016579505056,0.12718315422534943,4.705600531451637e-06,,,,
418,0.02276109904050827,0.0006460160946996036,140.70053840900073,0.8493484854698181,0.007768026553094387,0.003872177330777049,8.89272487256676e-05,1.0129551810678095e-05,0.023083990439772606,0.04080730676651001,0.0,0.009919360280036926,0.00039623212069272995,0.12739409506320953,3.6239625842426904e-06,,,,
419,0.024278322234749794,0.0006445724856175332,141.04669770097826,1.1161925792694092,0.00696777505800128,0.004138719290494919,1.0793005458253901e-05,7.647053280379623e-05,0.01685388758778572,0.04710869491100311,0.0,0.03356630727648735,0.0007973505416885018,0.12756980955600739,3.6711930988531094e-06,,,,
420,0.025753382593393326,0.000643127696403303,141.39205880498048,1.4505726099014282,0.007240395061671734,0.004002062138170004,1.1347760846547317e-05,6.0278543969616294e-05,0.020166052505373955,0.03318656235933304,0.0,0.052734747529029846,0.0026940719690173864,0.12774085998535156,7.091183761076536e-06,,,,
421,0.029725784435868263,0.0006416817413163997,141.73436778201722,3.5226824283599854,0.008077530190348625,0.003635371569544077,0.00036572793032974005,0.0004260588902980089,0.013760797679424286,0.03897034376859665,0.0,0.02495194599032402,0.0004940390936098993,0.12792839109897614,5.004089416615898e-06,,,,
422,0.03418169543147087,0.0006402346346278156,142.07896899298066,4.70420503616333,0.008168359287083149,0.005788895301520824,0.0005427042488008738,0.0003279685624875128,0.004925530403852463,0.02797493152320385,0.0,0.04866340383887291,0.00011869684385601431,0.12810923159122467,5.072989551990759e-06,,,,
423,0.036473557353019714,0.00063878639061991,142.4209684759844,5.475601673126221,0.009551848284900188,0.005760678090155125,0.0002635087294038385,0.000571727636270225,0.013568785972893238,0.03544995188713074,0.0,0.02885393239557743,0.0011083122808486223,0.1282956749200821,0.00014525455480907112,,,,
424,0.03583640605211258,0.0006373370235862664,142.76027818699367,5.128604888916016,0.007964307442307472,0.00422879820689559,0.0006207475089468062,0.0005054976791143417,0.02619541808962822,0.03246047720313072,0.0,0.050394926220178604,0.0009415764361619949,0.128464475274086,6.444373866543174e-06,,,,
425,0.029829921200871468,0.0006358865478315523,143.1029454789823,4.427379608154297,0.008489008992910385,0.00433029280975461,0.00042748742271214724,0.0004963560495525599,0.01241497602313757,0.01617514342069626,0.0,0.018703129142522812,0.00013662964920513332,0.12864501774311066,3.1997019505070057e-06,12.577877710034606,17.476235949456203,2.6956031567981253,3.835115181226084
426,0.026593049988150597,0.0006344349776713777,143.47832781501347,3.2124850749969482,0.007955187000334263,0.005489961709827185,7.471693970728666e-05,0.00014813932648394257,0.002492869272828102,0.01762431114912033,0.0,0.0425008200109005,0.0012764498824253678,0.12880925834178925,1.200179940497037e-05,,,,
427,0.022608015686273575,0.0006329823274321542,143.82362113997806,1.3352468013763428,0.007050131913274527,0.0039030802436172962,0.00010014441795647144,1.2462478480301797e-05,0.023615021258592606,0.024628911167383194,0.0,0.030839156359434128,0.0013090899446979165,0.12898114323616028,1.9849339878419414e-06,,,,
428,0.02831544540822506,0.0006315286114509533,144.16800880100345,1.2077593803405762,0.006896990817040205,0.0048153577372431755,3.6130753869656473e-05,2.227826917078346e-05,0.01139358151704073,0.06828853487968445,0.0,0.01500761043280363,0.002923415508121252,0.1291579306125641,2.163064891647082e-06,,,,
429,0.021443603560328484,0.0006300738440753645,144.51149979402544,1.4835388660430908,0.007397301960736513,0.003912010695785284,1.5105077181942761e-05,6.255261541809887e-05,0.019915379583835602,0.01251283846795559,0.0,0.048665814101696014,0.0006323460838757455,0.12931907176971436,3.6932528928446118e-06,,,,
430,0.0230619627982378,0.0006286180396633549,144.8547501040157,2.0754199028015137,0.007761864922940731,0.004171292297542095,0.00012891624646726996,0.00014269955863710493,0.01424274779856205,0.0166383795440197,0.0,0.028207076713442802,0.0003234289470128715,0.12949471175670624,2.103435463141068e-06,,,,
431,0.020703941583633423,0.0006271612125831259,145.19928308401722,1.6783177852630615,0.007772162556648254,0.0041924454271793365,8.021316170925274e-05,4.546902346191928e-05,0.0029054069891572,0.014783910475671291,0.0,0.026652131229639053,0.00020171965297777206,0.12966087460517883,2.419669272057945e-06,,,,
432,0.02316618524491787,0.0006257033772129731,145.5465456310194,0.8454242944717407,0.008802500553429127,0.004279454704374075,1.4851875675958581e-05,8.819410140858963e-06,0.01242523081600666,0.020032744854688644,0.0,0.049914125353097916,0.0002437939983792603,0.12981338798999786,7.421268674079329e-05,,,,
433,0.021851053461432457,0.0006242445479411426,145.89340956800152,0.8218702673912048,0.007930319756269455,0.0040731970220804214,8.925519068725407e-06,7.249252576002618e-06,0.008861798793077469,0.01569727621972561,0.0,0.06079123914241791,0.00042534276144579053,0.12997837364673615,4.891225216852035e-06,,,,
434,0.024483975023031235,0.0006227847391656907,146.23977430298692,1.8230968713760376,0.008140280842781067,0.003914905712008476,2.5675057258922607e-05,8.705660002306104e-05,0.013833217322826385,0.03791835159063339,0.0,0.046179741621017456,0.00045954243978485465,0.13015584647655487,4.383636223792564e-06,,,,
435,0.0233503058552742,0.0006213239652943405,146.58373117400333,2.582810878753662,0.007584214676171541,0.0035820077173411846,0.0002951209607999772,0.00011227151844650507,0.01777314767241478,0.025657936930656433,0.0,0.01629396714270115,0.00012677288032136858,0.13034307956695557,1.8843574025595444e-06,,,,
436,0.024700123816728592,0.0006198622407443405,146.92400625301525,2.544938802719116,0.007124756928533316,0.004317780956625938,2.048370151896961e-05,0.00023860116198193282,0.007585540413856506,0.029017169028520584,0.0,0.03739931434392929,0.0010656665544956923,0.13050702214241028,1.8246782929054461e-06,,,,
437,0.025530612096190453,0.0006183995799423215,147.26909140998032,1.9722034931182861,0.007651700172573328,0.004012770485132933,0.0001930083817569539,1.4920147805241868e-05,0.01808559149503708,0.033101677894592285,0.0,0.05313912779092789,0.0007692818180657923,0.13067519664764404,2.722976205404848e-06,,,,
438,0.02177691087126732,0.0006169359973241556,147.606363829982,0.7765636444091797,0.0069465553387999535,0.0037366277538239956,1.3863618733012117e-05,5.6118871725630015e-05,0.012159832753241062,0.028233956545591354,0.0,0.038045816123485565,0.0011549778282642365,0.13086625933647156,3.775215009227395e-05,,,,
439,0.020085949450731277,0.0006154715073348123,147.94626520201564,0.5279725193977356,0.007215779274702072,0.003965023905038834,1.558754411234986e-05,1.325624452874763e-05,0.010735632851719856,0.028005197644233704,0.0,0.008653709664940834,0.0007482506334781647,0.13105884194374084,2.386992264291621e-06,,,,
440,0.0216938778758049,0.0006140061244282163,148.29195675702067,1.5757654905319214,0.007670320570468903,0.003452037461102009,6.705831765430048e-05,5.2375438826857135e-05,0.02652866393327713,0.025628449395298958,0.0,0.03520749881863594,0.00014069258759263903,0.13123013079166412,3.5696411941898987e-06,,,,
441,0.023883333429694176,0.0006125398630671055,148.64004830399062,2.1343579292297363,0.008348640985786915,0.003813281189650297,0.00014953737263567746,9.78837488219142e-05,0.00567014142870903,0.03165276721119881,0.0,0.03345784172415733,0.00017534288053866476,0.13141122460365295,5.490115199791035e-06,,,,
442,0.02039937861263752,0.0006110727377228873,148.9822389719775,1.805800199508667,0.007416995707899332,0.0033879957627505064,4.720428478321992e-05,0.00010987143468810245,0.01425421517342329,0.02728501707315445,0.0,0.017449311912059784,0.0001858026225818321,0.13159382343292236,4.559351509669796e-06,,,,
443,0.020430030301213264,0.0006096047628754967,149.3240676469868,1.315017819404602,0.007022450678050518,0.0037994496524333954,5.583501479122788e-05,8.675808203406632e-06,0.02437175065279007,0.023377638310194016,0.0,0.02363223396241665,0.00022754084784537554,0.13175994157791138,6.630767893511802e-05,,,,
444,0.01796349138021469,0.0006081359530132532,149.67174889100716,0.41657698154449463,0.006693645846098661,0.0035388641990721226,1.3758296518062707e-05,1.598291601112578e-05,0.013804666697978973,0.02109776996076107,0.0,0.016572482883930206,0.00013064291852060705,0.13192614912986755,3.5041880437347572e-06,,,,
445,0.02144516073167324,0.0006066663226327166,150.016761847015,1.0317504405975342,0.007460486143827438,0.0035877421032637358,1.4048646335140802e-05,5.654451342707034e-06,0.018285922706127167,0.031092774122953415,0.0,0.04001711681485176,0.00045188056537881494,0.13207998871803284,3.7673053157050163e-06,,,,
446,0.019433483481407166,0.0006051958862385455,150.38678771600826,1.9195609092712402,0.006908447947353125,0.0034193932078778744,3.9398153603542596e-05,0.00011861840903293341,0.010151274502277374,0.01532826479524374,0.0,0.026183390989899635,0.0006212963489815593,0.1322450190782547,2.981821808134555e-06,,,,
447,0.021655121818184853,0.0006037246583433539,150.73348639701726,2.492413282394409,0.006395282223820686,0.003197604324668646,0.00027758890064433217,0.0001346200588159263,0.0054839299991726875,0.016702324151992798,0.0,0.04079296439886093,0.0006069753435440361,0.13241015374660492,1.9080434867646545e-05,,,,
448,0.02123328484594822,0.0006022526534675668,151.07870988099603,2.233860731124878,0.007001910824328661,0.003189138602465391,2.5574074243195355e-05,0.000161201402079314,0.025136947631835938,0.03233437240123749,0.0,0.0064879292622208595,0.0010112737072631717,0.13258928060531616,2.6800582418218255e-05,,,,
449,0.02336636185646057,0.000600779886139278,151.42452054301975,1.9098572731018066,0.007235951256006956,0.003820830024778843,0.00012042247544741258,2.812816819641739e-05,0.01417812705039978,0.03958536311984062,0.0,0.013325197622179985,0.0014281220501288772,0.1327546238899231,0.00010866514639928937,,,,
450,0.018140511587262154,0.0005993063708941068,151.7697339989827,1.0564515590667725,0.006522190757095814,0.0031801227014511824,2.0327692254795693e-05,4.7270863433368504e-05,0.009535906836390495,0.01767607405781746,0.0,0.030421167612075806,0.0006820497801527381,0.13291242718696594,1.667390279180836e-06,10.135796652675673,14.307604564970406,1.0357643695719199,0.6705151252334185
451,0.01844378560781479,0.0005978321222750534,152.15536138700554,0.34318938851356506,0.007344850338995457,0.0032300902530550957,1.0250991181237623e-05,1.205766875500558e-05,0.0129208629950881,0.01294008083641529,0.0,0.04213652014732361,0.00015170424012467265,0.13307450711727142,8.401072409469634e-05,,,,
452,0.020093731582164764,0.0005963571548323567,152.5022448520176,0.6814112663269043,0.007040692958980799,0.003638451686128974,1.3838386621500831e-05,3.632609877968207e-05,0.01376368198543787,0.0250137597322464,0.0,0.03475625067949295,0.00020941352704539895,0.13325408101081848,4.450243977771606e-06,,,,
453,0.021146969869732857,0.0005948814831233498,152.84706768998876,1.0270819664001465,0.007030415814369917,0.0029457423370331526,5.8838191762333736e-05,1.694490492809564e-05,0.01037998404353857,0.047738999128341675,0.0,0.039186008274555206,7.674548396607861e-05,0.13343864679336548,4.85634427604964e-06,,,,
454,0.021244846284389496,0.000593405121712317,153.19374387402786,1.767946481704712,0.00836095679551363,0.003259823424741626,3.0702991352882236e-05,4.9884005420608446e-05,0.006944749969989061,0.019446630030870438,0.0,0.05589910224080086,0.0003339563263580203,0.13362334668636322,3.939190264645731e-06,,,,
455,0.021667158231139183,0.0005919280851703489,153.55788231198676,2.708826780319214,0.006791496649384499,0.00381855433806777,0.0001146868962678127,0.00013462922652252018,0.03634347394108772,0.017073944211006165,0.0,0.018827112391591072,0.00013951322762295604,0.1338305026292801,6.1249666032381356e-06,,,,
456,0.022022122517228127,0.0005904503880752003,153.9020369190257,3.4827282428741455,0.007173651829361916,0.0031264410354197025,0.00033114568213932216,0.0001949949946720153,0.0045473529025912285,0.016583651304244995,0.0,0.02464914508163929,8.071446063695475e-05,0.13402315974235535,1.2572979812830454e-06,,,,
457,0.023416079580783844,0.0005889720450111447,154.24589786899742,4.00031042098999,0.006334145087748766,0.0031580673530697823,0.0001588354934938252,0.0004499272326938808,0.004783901385962963,0.027856066823005676,0.0,0.018517060205340385,0.0005886746221221983,0.13420197367668152,4.64142704004189e-06,,,,
458,0.027785899117588997,0.0005874930705688314,154.58516128599877,4.370487689971924,0.007863081060349941,0.0037237685173749924,0.0005216631107032299,0.00020363563089631498,0.007584241684526205,0.03622918948531151,0.0,0.014526045881211758,0.0003582669887691736,0.13435573875904083,1.2353001466181013e-06,,,,
459,0.024758005514740944,0.0005860134793451411,154.92940860398812,4.1726508140563965,0.0064231958240270615,0.0037447139620780945,0.00015941062883939594,0.00044069637078791857,0.016799338161945343,0.01593894697725773,0.0,0.03464838117361069,0.0005351726431399584,0.13449768722057343,8.360024366993457e-06,,,,
460,0.021823376417160034,0.0005845332859430417,155.27452985598939,3.1155288219451904,0.007213670760393143,0.0031435354612767696,0.0002902311098296195,0.00014941452536731958,0.003324738470837474,0.020188119262456894,0.0,0.029542524367570877,0.00012674159370362759,0.13464252650737762,2.6183577119809343e-06,,,,
461,0.020320435985922813,0.0005830525049714447,155.62328276998596,1.4132859706878662,0.00606128154322505,0.0027172749396413565,2.1127059881109744e-05,6.582608330063522e-05,0.03658121079206467,0.034576743841171265,0.0,0.03565127030014992,0.0007470559794455767,0.13478673994541168,3.932465915568173e-06,,,,
462,0.01917547546327114,0.0005815711510450604,155.96623976901174,0.44216015934944153,0.0066022141836583614,0.0027406602166593075,1.1834009455924388e-05,1.071902624971699e-05,0.022432196885347366,0.03404201939702034,0.0,0.03808886557817459,0.00028856564313173294,0.13493874669075012,1.2651949873543344e-05,,,,
463,0.020865900442004204,0.000580089238784254,156.36392085801344,1.941188931465149,0.007798854727298021,0.0031173210591077805,7.488534902222455e-05,0.00010070895950775594,0.009743716567754745,0.031161872670054436,0.0,0.02323852851986885,0.00017220816516783088,0.13508731126785278,3.865367943944875e-06,,,,
464,0.02134968340396881,0.000578606782814901,156.71193916897755,2.9743077754974365,0.006863000337034464,0.0033176911529153585,0.0001794692943803966,0.00014134538650978357,0.016389280557632446,0.024807866662740707,0.0,0.016196638345718384,0.0003960432659368962,0.13522756099700928,1.8010166513704462e-06,,,,
465,0.022086601704359055,0.0005771237977682437,157.05580147902947,3.737852096557617,0.007084747310727835,0.003295504255220294,0.00020219638827256858,0.0002049950126092881,0.02036498486995697,0.014593049883842468,0.0,0.02687811106443405,0.00037777185207232833,0.13534612953662872,4.355652890808415e-06,,,,
466,0.025502650067210197,0.0005756402982807457,157.3959191319882,4.108001708984375,0.006799273658543825,0.0035859565250575542,0.0002774656459223479,0.00031771656358614564,0.007892664521932602,0.03913957625627518,0.0,0.014859629794955254,0.0003859107382595539,0.13545700907707214,6.7012442741543055e-06,,,,
467,0.02358822338283062,0.000574156298993948,157.73122987803072,3.512701988220215,0.006892446894198656,0.002974490402266383,0.0003080765891354531,0.00021027657203376293,0.023860806599259377,0.020446963608264923,0.0,0.03604624792933464,0.0003748357994481921,0.1355517953634262,1.2825839803554118e-05,,,,
468,0.017186066135764122,0.0005726718145543243,158.07458930497523,2.0164763927459717,0.006214532535523176,0.0030702108051627874,2.4936605768743902e-05,0.0001077192573575303,0.02009284682571888,0.014470835216343403,0.0,0.006643150467425585,0.0005671063554473221,0.13566207885742188,1.789973975974135e-05,,,,
469,0.015354260802268982,0.0005711868596131371,158.41391415102407,0.3915959298610687,0.006043815053999424,0.0025689606554806232,2.1869593183510005e-05,2.3795120796421543e-05,0.012383165769279003,0.014168890193104744,0.0,0.0025148207787424326,0.0014145596651360393,0.135748490691185,3.7812192204000894e-06,,,,
470,0.02151397243142128,0.0005697014488262916,158.75662256003125,2.0495693683624268,0.006123509723693132,0.003379289759323001,0.00011518000974319875,3.4141430660383776e-05,0.02316853031516075,0.034649964421987534,0.0,0.030156077817082405,0.0008684021886438131,0.13581526279449463,3.2250832191493828e-06,,,,
471,0.02300199680030346,0.000568215596854193,159.09947824297706,3.4390640258789062,0.00635480834171176,0.0038436807226389647,0.00012109246745239943,0.00017667279462330043,0.02021082490682602,0.01749446429312229,0.0,0.03896860033273697,0.0011316195596009493,0.13590385019779205,6.2323733800440095e-06,,,,
472,0.025664985179901123,0.0005667293183616004,159.44280175602762,4.084738731384277,0.007110917009413242,0.003116174601018429,0.00028916692826896906,0.0004180423857178539,0.013890188187360764,0.022321060299873352,0.0,0.038383811712265015,0.00026529657770879567,0.13601566851139069,2.5054255274881143e-06,,,,
473,0.022527161985635757,0.0005652426280174821,159.78089290502248,3.731645345687866,0.007042551878839731,0.003410815726965666,0.00029153982177376747,0.0001818383316276595,0.021717339754104614,0.02068542316555977,0.0,0.0025809132494032383,0.0005067795282229781,0.1361352801322937,2.8281410777708516e-06,,,,
474,0.025204837322235107,0.0005637555404948722,160.12618473300245,3.0739552974700928,0.007816129364073277,0.004100799560546875,4.017603350803256e-05,0.00011318143515381962,0.02044488675892353,0.032930243760347366,0.0,0.053687684237957,0.00042203522752970457,0.1362183392047882,9.562996274325997e-05,,,,
475,0.020449714735150337,0.0005622680704707236,160.46746685903054,1.8719145059585571,0.007376092951744795,0.00302530056796968,0.00011417994392104447,4.904247907688841e-05,0.016267213970422745,0.038648925721645355,0.0,0.008673056960105896,0.0001400510809617117,0.136323943734169,2.5168249067064608e-06,9.936519840497924,14.015698648081832,1.097364142097294,0.9240567701114789
476,0.017695168033242226,0.0005607802326257654,160.84244916198077,0.805086076259613,0.006953591480851173,0.0032674844842404127,1.4760502381250262e-05,2.285461778228637e-05,0.015264244750142097,0.01751973107457161,0.0,0.0209195539355278,0.0001299208524869755,0.13640213012695312,2.969161869259551e-06,,,,
477,0.017970263957977295,0.0005592920416443561,161.19166068098275,1.5804901123046875,0.006286121904850006,0.002775992965325713,9.094006236409768e-05,4.286698822397739e-05,0.006353782489895821,0.026628468185663223,0.0,0.029520228505134583,0.00019755124230869114,0.13647469878196716,3.5113594094582368e-06,,,,
478,0.02148434706032276,0.0005578035122143401,161.54149416502332,2.7022552490234375,0.00624130992218852,0.0027183915954083204,5.3869589464738965e-05,0.00028874652343802154,0.027978327125310898,0.024668529629707336,0.0,0.024434493854641914,0.0011535338126122952,0.13655151426792145,2.513081199140288e-06,,,,
479,0.020372258499264717,0.0005563146590269017,161.88884523202432,2.7453067302703857,0.005985171999782324,0.003707478754222393,0.0002370602887822315,3.5572564229369164e-05,0.012950312346220016,0.022438839077949524,0.0,0.009492369368672371,0.0007398407906293869,0.13663962483406067,3.2999487302731723e-06,,,,
480,0.01779540628194809,0.0005548254967764211,162.2328665020177,1.8502216339111328,0.005983630195260048,0.0034456513822078705,6.373390533553902e-06,6.067453068681061e-05,0.007587433326989412,0.02375730127096176,0.0,0.0018421384738758206,0.0012628126423805952,0.1367129683494568,3.260026232965174e-06,,,,
481,0.01673438958823681,0.0005533360401603284,162.5802927609766,0.8541033864021301,0.00654339324682951,0.0028397943824529648,3.347004530951381e-05,1.430203701602295e-05,0.028840092942118645,0.009834866039454937,0.0,0.028269024565815926,5.575396789936349e-05,0.13676303625106812,2.2261963295022724e-06,,,,
482,0.016794610768556595,0.0005518463038789588,162.9193625819753,1.6486330032348633,0.007051804102957249,0.003122009104117751,2.6944933779304847e-05,1.3759173270955216e-05,0.008318407461047173,0.01980176754295826,0.0,0.004390822723507881,0.0003369736368767917,0.13682159781455994,2.3148149921325967e-06,,,,
483,0.021199645474553108,0.0005503563026354084,163.2644418179989,3.314208745956421,0.006732376758009195,0.0026682678144425154,0.0002571329823695123,0.00030292983865365386,0.009416379034519196,0.020939091220498085,0.0,0.013758990913629532,0.0001334843982476741,0.1368589848279953,7.084042863425566e-06,,,,
484,0.0220369640737772,0.0005488660511353877,163.60725415003253,3.3649256229400635,0.0067175282165408134,0.002941496204584837,0.000183445168659091,0.00022923180949874222,0.012448783963918686,0.032555367797613144,0.0,0.02063531056046486,0.00026014773175120354,0.13688085973262787,2.901604148064507e-06,,,,
485,0.019344482570886612,0.0005473755640870773,163.95317724399501,2.162397623062134,0.006970379035919905,0.003984059207141399,2.9974164135637693e-05,3.219415884814225e-05,0.03512517735362053,0.014946104027330875,0.0,0.005963394418358803,9.350889013148844e-05,0.1369006186723709,4.8512715693505015e-06,,,,
486,0.01704976335167885,0.0005458848562009829,164.29882787301904,0.30068257451057434,0.006422493606805801,0.0026644000317901373,6.6786460592993535e-06,9.248999049304985e-06,0.013258871622383595,0.033638887107372284,0.0,0.01606723852455616,0.00016856282309163362,0.1368999183177948,3.5346984077477828e-06,,,,
487,0.01919475756585598,0.0005443939421897894,164.64551789098186,2.3089616298675537,0.006981611717492342,0.0033574565313756466,0.00011376498150639236,2.091019086947199e-05,0.020101357251405716,0.01259719580411911,0.0,0.03080482967197895,0.00013330313959158957,0.13690133392810822,7.62469571782276e-05,,,,
488,0.020369067788124084,0.000542902836768216,164.9867514349753,2.9821712970733643,0.006360542494803667,0.002509212587028742,8.903017442207783e-05,0.0003096721484325826,0.021541401743888855,0.02100517973303795,0.0,0.025147801265120506,0.00042626989306882024,0.13691967725753784,4.9082382247434e-06,,,,
489,0.0175784882158041,0.0005414115546528715,165.34064430498984,1.8190686702728271,0.005937141366302967,0.0024518081918358803,0.0001795885618776083,5.777295882580802e-05,0.019144389778375626,0.025076767429709435,0.0,0.002618291648104787,0.0006288164295256138,0.13695143163204193,2.5384811124240514e-06,,,,
490,0.01699439063668251,0.000539920110562108,165.69778310100082,0.8393290042877197,0.005205150227993727,0.0028048164676874876,6.611230492126197e-05,1.760698614816647e-05,0.012557672336697578,0.02861415594816208,0.0,0.01112775132060051,0.0011573930969461799,0.13696978986263275,2.3643922304472653e-06,,,,
491,0.018442070111632347,0.0005384285192158769,166.0502104369807,2.148043632507324,0.005968002136796713,0.0025385981425642967,6.433826638385653e-05,0.00011143938172608614,0.02773793786764145,0.024352362379431725,0.0,0.01615680195391178,0.0008690905524417758,0.13698391616344452,3.0467660963040544e-06,,,,
492,0.019850924611091614,0.0005369367953355825,166.40197570598684,2.586488723754883,0.006506346166133881,0.0033008537720888853,6.63589162286371e-05,9.737582877278328e-05,0.025938481092453003,0.021980583667755127,0.0,0.022637534886598587,0.00033713909215293825,0.13700437545776367,4.518137757258955e-06,,,,
493,0.018685532733798027,0.0005354449536439371,166.75202881899895,1.9497491121292114,0.006589689292013645,0.0028561276849359274,0.00011570838978514075,3.76226962544024e-05,0.007636945229023695,0.03961356356739998,0.0,0.0034436273854225874,0.000195928369066678,0.13703474402427673,1.9300418898637872e-06,,,,
494,0.01958552747964859,0.000533953008864816,167.11905287398258,0.6034912467002869,0.006393753923475742,0.0030039900448173285,8.190103471861221e-06,3.8342783227562904e-05,0.0185963474214077,0.03548944741487503,0.0,0.038945313543081284,0.00015288582653738558,0.13705098628997803,2.49946492658637e-06,,,,
495,0.016065940260887146,0.0005324609757231119,167.46926517400425,1.0596485137939453,0.006186873186379671,0.0026996431406587362,1.767327012203168e-05,4.733215246233158e-05,0.013039816170930862,0.007021287456154823,0.0,0.03936048969626427,0.0003666097763925791,0.1370912343263626,3.881646989611909e-06,,,,
496,0.015184402465820312,0.0005309688689445896,167.81670190399745,1.8330539464950562,0.005785629153251648,0.002466110046952963,8.024171984288841e-05,6.633678276557475e-05,0.01712292991578579,0.013006717897951603,0.0,0.0075122155249118805,0.0003212847514078021,0.13716398179531097,9.88960891845636e-06,,,,
497,0.01590888574719429,0.0005294767032557405,168.1646039899788,1.5567892789840698,0.005912319291383028,0.002611876465380192,5.488526585395448e-05,3.9489808841608465e-05,0.007903680205345154,0.0188786331564188,0.0,0.014805557206273079,0.0006653136224485934,0.13722756505012512,3.1957406463334337e-06,,,,
498,0.01746024377644062,0.0005279844933836377,168.51104786602082,0.5886968970298767,0.006072872318327427,0.0024329584557563066,5.998144388286164e-06,1.2991011317353696e-05,0.00574315432459116,0.037795018404722214,0.0,0.031418874859809875,0.000553349731490016,0.1372954100370407,3.314695049994043e-06,,,,
499,0.014055896550416946,0.0005264922540557899,168.85846752597718,0.46685540676116943,0.005087193101644516,0.0023105391301214695,1.0455629308125935e-05,1.2040570254612248e-05,0.008696578443050385,0.023721324279904366,0.0,0.013083523139357567,0.0004466163518372923,0.1373986005783081,7.751064549665898e-05,,,,
500,0.016019565984606743,0.000524999999999997,169.2044642919791,1.0403324365615845,0.005996840074658394,0.00241674343124032,4.854418148170225e-05,1.2271465493540745e-05,0.01648310385644436,0.03157133609056473,0.0,0.004463706631213427,0.00023455949849449098,0.1374940723180771,4.554490260488819e-06,8.682310068019081,12.06924802644431,1.5212620015464493,2.8075431508515085
501,0.016511663794517517,0.0005235077459442042,169.5884102769778,1.349931240081787,0.006237649358808994,0.0021882655564695597,1.6390913515351713e-05,7.056433241814375e-05,0.013190388679504395,0.02302454225718975,0.0,0.0342378094792366,0.0002119517303071916,0.1375662237405777,4.5482011046260595e-06,,,,
502,0.018110524863004684,0.0005220155066163564,169.93837147700833,1.0613046884536743,0.0061476342380046844,0.0023299173917621374,4.7766166971996427e-05,1.4131299394648522e-05,0.007658195216208696,0.041670721024274826,0.0,0.032509755343198776,0.0003637304180301726,0.1376645714044571,7.218141035991721e-06,,,,
503,0.01605970412492752,0.0005205232967442535,170.28746029100148,0.3383662700653076,0.005719517357647419,0.0022365334443747997,9.367278835270554e-06,1.0316887710359879e-05,0.008528975769877434,0.03125355392694473,0.0,0.03169279545545578,0.00039324519457295537,0.13778065145015717,2.8083659344702028e-06,,,,
504,0.015020106919109821,0.0005190311310554044,170.6323415809893,0.5422864556312561,0.007041511125862598,0.0020258338190615177,9.679173672338948e-06,1.2305878044571728e-05,0.027387481182813644,0.016210420057177544,0.0,0.009540029801428318,9.820233390200883e-05,0.13791094720363617,3.54717803929816e-06,,,,
505,0.013881565071642399,0.0005175390242768822,170.9775214670226,1.1691827774047852,0.005818910896778107,0.002112945541739464,3.5204051528126e-05,1.880966010503471e-05,0.018994253128767014,0.012120415456593037,0.0,0.014419717714190483,0.0002749572158791125,0.1380165070295334,9.119200399254623e-07,,,,
506,0.015200595371425152,0.000516046991135178,171.3258498539799,1.4914166927337646,0.006032275967299938,0.002387441461905837,4.064040695084259e-05,6.366668094415218e-05,0.012251421809196472,0.014660806395113468,0.0,0.02066788449883461,6.783773278584704e-05,0.1381136029958725,3.2369305699830875e-05,,,,
507,0.0177572313696146,0.000514555046356057,171.67108419700526,1.5203782320022583,0.006113546434789896,0.0023393798619508743,3.6927936889696866e-05,1.729191717458889e-05,0.03896694630384445,0.029860466718673706,0.0,0.024729443714022636,8.411689486820251e-05,0.13821499049663544,2.9526036087190732e-05,,,,
508,0.014719762839376926,0.0005130632046644116,172.02104220999172,1.2003858089447021,0.005853699985891581,0.0020349621772766113,1.4375992577697616e-05,4.9214399041375145e-05,0.020494962111115456,0.014028601348400116,0.0,0.027252597734332085,0.00022864284983370453,0.13831782341003418,3.0350936413015006e-06,,,,
509,0.014997378922998905,0.0005115714807841171,172.36510526301572,0.5640363097190857,0.00597009900957346,0.002131085377186537,3.069430749746971e-05,8.49107436806662e-06,0.03523261100053787,0.015057054348289967,0.0,0.014398057945072651,0.00024650798877701163,0.13841645419597626,1.0912556263065198e-06,,,,
510,0.01558594312518835,0.000510079889437886,172.71105699101463,0.6640654802322388,0.006079805549234152,0.0021285349503159523,3.124924478470348e-05,7.501861546188593e-06,0.012921817600727081,0.023474428802728653,0.0,0.03161206841468811,0.00014579886919818819,0.13851438462734222,3.104774805251509e-06,,,,
511,0.01514140423387289,0.0005085884453471227,173.05594320700038,1.8347209692001343,0.0055296765640378,0.0019066025270149112,2.632996256579645e-05,0.00011382667435100302,0.025491181761026382,0.023094817996025085,0.0,0.007862473838031292,0.00027698022313416004,0.13862799108028412,4.1831285670923535e-06,,,,
512,0.0178513266146183,0.000507097163231778,173.40173548599705,3.1982481479644775,0.006474597379565239,0.0023705242201685905,0.00016250761109404266,9.686999692348763e-05,0.025926414877176285,0.010259048081934452,0.0,0.030646683648228645,4.68848884338513e-05,0.13872744143009186,1.7328500234725652e-06,,,,
513,0.023196568712592125,0.0005056060578102047,173.7474701559986,4.728402137756348,0.005620383657515049,0.00314664700999856,0.0002235663414467126,0.00028719971305690706,0.014845823869109154,0.036507442593574524,0.0,0.018585745245218277,0.0007042664801701903,0.13884538412094116,9.796886843105312e-06,,,,
514,0.027760406956076622,0.0005041151437990112,174.10472749499604,6.215577602386475,0.006894686724990606,0.002549546305090189,0.000516410218551755,0.0006490671075880527,0.01936042495071888,0.020033227279782295,0.0,0.010505318641662598,0.0004743716272059828,0.13893495500087738,1.939771209436003e-06,,,,
515,0.01882215403020382,0.0005026244359129166,174.45594806800364,2.7051119804382324,0.005755303427577019,0.00218221521936357,0.00012376485392451286,0.00011939565592911094,0.03176097199320793,0.03434613347053528,0.0,0.020263144746422768,9.305855201091617e-05,0.13900107145309448,2.9362363420659676e-06,,,,
516,0.014848677441477776,0.0005011339488646064,174.80163067398826,0.9187117218971252,0.0059932139702141285,0.002018549246713519,2.1412917703855783e-05,3.1661995308240876e-05,0.010421918705105782,0.024727877229452133,0.0,0.02148730680346489,7.206936425063759e-05,0.13904090225696564,8.25576535135042e-06,,,,
517,0.017306020483374596,0.0004996436973645857,175.15350094001042,3.7011308670043945,0.00550734531134367,0.002252585254609585,0.00021824656869284809,0.00018811839981935918,0.015355570241808891,0.01573515683412552,0.0,0.013839293271303177,5.339389463188127e-05,0.13907860219478607,4.12259896620526e-06,,,,
518,0.022556183859705925,0.0004981536961210353,175.5059744649916,5.101804733276367,0.005671032704412937,0.002908572554588318,0.00025443744380027056,0.0004280797147657722,0.014088105410337448,0.022240640595555305,0.0,0.0029826059471815825,0.0010217237286269665,0.13909496366977692,4.415518560563214e-06,,,,
519,0.02050269953906536,0.0004966639598396658,175.85856886900729,4.194310188293457,0.005637790076434612,0.0020663770847022533,0.00038377029704861343,0.0002573899400886148,0.012826389633119106,0.03094385378062725,0.0,0.0032022937666624784,0.00028034119168296456,0.13908855617046356,5.3016096899227705e-06,,,,
520,0.013207840733230114,0.0004951745032235731,176.20620646199677,1.5489788055419922,0.005505608860403299,0.0019381747115403414,2.1940431906841695e-05,6.741963443346322e-05,0.020070120692253113,0.007443713024258614,0.0,0.011643944308161736,0.00046043627662584186,0.13905298709869385,2.717257984841126e-06,,,,
521,0.013824043795466423,0.0004936853409730923,176.55265902797692,1.863490343093872,0.0047490778379142284,0.002079352969303727,3.2125142752192914e-05,7.76894303271547e-05,0.01569020189344883,0.01138528622686863,0.0,0.021532874554395676,0.0006743184057995677,0.13902169466018677,5.0920871217385866e-06,,,,
522,0.021606583148241043,0.0004921964877856541,176.9035834899987,4.854818820953369,0.006197383627295494,0.00264965882524848,0.00033582665491849184,0.00029948068549856544,0.02313878759741783,0.012147808447480202,0.0,0.022431254386901855,0.00012249263818375766,0.13901387155056,2.0187658265058417e-06,,,,
523,0.028575435280799866,0.000490707958355638,177.24944582098396,6.277162551879883,0.0058651939034461975,0.0031446951907128096,0.0004855778533965349,0.0005515515804290771,0.024789180606603622,0.028450466692447662,0.0,0.0016287488397210836,0.0017417795024812222,0.1390252560377121,2.8092913453292567e-06,,,,
524,0.013924328610301018,0.0004892197673742286,177.58645033999346,0.9506610035896301,0.005683512892574072,0.0021953932009637356,2.1259349523461424e-05,4.6790351916570216e-05,0.01709466427564621,0.014558235183358192,0.0,0.007187284529209137,0.00035477723577059805,0.13901956379413605,5.814414180349559e-06,,,,
525,0.022426487877964973,0.0004877319295292704,177.92817269900115,4.9072794914245605,0.0059329136274755,0.002473169472068548,0.0002852901816368103,0.00040178681956604123,0.056928135454654694,0.012800322845578194,0.0,0.006171967834234238,9.772709745448083e-05,0.13901104032993317,4.691363756137434e-06,10.87414606771341,12.558995947844187,8.814043869992101,8.935551635449777
526,0.034097231924533844,0.0004862444595051218,178.29981047502952,7.577226638793945,0.004703763406723738,0.0029605065938085318,0.0009562810882925987,0.0009687637211754918,0.022074725478887558,0.016765717417001724,0.0,0.002279814798384905,0.001183235552161932,0.13899041712284088,5.48629122931743e-06,,,,
527,0.015847189351916313,0.0004847573719825118,178.64294561801944,3.0180323123931885,0.005943547934293747,0.0019812723621726036,0.00018583546625450253,0.00015494361286982894,0.018269427120685577,0.009634966030716896,0.0,0.002078564604744315,0.0004071003058925271,0.13896553218364716,6.344493158394471e-06,,,,
528,0.05618634819984436,0.0004832706816383937,178.984937221976,10.963717460632324,0.0072394791059195995,0.004075443372130394,0.0014750845730304718,0.0020840377546846867,0.012278019450604916,0.030068453401327133,0.0,0.0012033834354951978,0.001167315524071455,0.13892854750156403,0.00021759705850854516,,,,
529,0.03158323094248772,0.00048178440314580105,179.33645125798648,7.0182719230651855,0.006027523893862963,0.0024889586493372917,0.0008172699017450213,0.0009758640080690384,0.019843915477395058,0.011758653447031975,0.0,0.003551520872861147,0.00016011946718208492,0.13888803124427795,1.8077220147461048e-06,,,,
530,0.057262860238552094,0.0004802985511737024,179.67815850902116,10.213884353637695,0.006639549043029547,0.007901888340711594,0.001447045593522489,0.0015070656081661582,0.020050643011927605,0.015832779929041862,0.0,0.011393400840461254,0.001978929154574871,0.138838991522789,5.175123988010455e-06,,,,
531,0.06561587005853653,0.0004788131403868571,180.0211929900106,10.86291217803955,0.007954542525112629,0.0067073144018650055,0.0016222785925492644,0.0021927938796579838,0.023983683437108994,0.012650953605771065,0.0,0.021975712850689888,0.0023776565212756395,0.1387956440448761,1.6447404050268233e-05,,,,
532,0.015173451974987984,0.0004773281854456697,180.36588887800463,1.4044474363327026,0.0055080861784517765,0.002586317015811801,5.574853275902569e-05,1.4929507415217813e-05,0.01443459838628769,0.015421995893120766,0.0,0.02570769563317299,9.45724023040384e-05,0.13876651227474213,3.2994646517181536e-06,,,,
533,0.04978623986244202,0.00047584370100604606,180.71623099403223,9.35749340057373,0.007290108595043421,0.005633813329041004,0.0014182733139023185,0.0011268225498497486,0.01940576732158661,0.02286657691001892,0.0,0.03754378855228424,0.0005034327041357756,0.13875798881053925,1.2218392839713488e-06,,,,
534,0.016275597736239433,0.0004743597017192483,181.06899164401693,2.4108545780181885,0.005610121879726648,0.00227070739492774,0.00018389971228316426,7.193724013632163e-05,0.012934746220707893,0.020408619195222855,0.0,0.014291337691247463,2.3061218598741107e-05,0.13877077400684357,1.693995045570773e-06,,,,
535,0.05286742001771927,0.00047287620223175023,181.4269515100168,9.191325187683105,0.00711036566644907,0.00689547648653388,0.0011177408741787076,0.0015071973903104663,0.02382073365151882,0.021950852125883102,0.0,0.011967858299612999,0.0015887523768469691,0.13879705965518951,4.658233592635952e-06,,,,
536,0.036276642233133316,0.00047139321718509295,181.77309108199552,7.060398101806641,0.006068013608455658,0.0059450301341712475,0.000548935029655695,0.0008628125651739538,0.016601644456386566,0.008328170515596867,0.0,0.010698359459638596,0.001859098207205534,0.13882336020469666,5.354614586394746e-06,,,,
537,0.035324349999427795,0.0004699107612157401,182.1272324739839,7.035762786865234,0.0071526262909173965,0.003505490254610777,0.0009687747806310654,0.0007759968284517527,0.017000535503029823,0.018432479351758957,0.0,0.006034144666045904,0.0003689809236675501,0.13885746896266937,0.00021020547137595713,,,,
538,0.038549408316612244,0.0004684288489549337,182.47414137597661,7.489827632904053,0.007068397477269173,0.004982116632163525,0.000948575499933213,0.0007787819486111403,0.015125490725040436,0.017561355605721474,0.0,0.017747238278388977,0.0007028855616226792,0.13888803124427795,1.6631123571642092e-06,,,,
539,0.02275526151061058,0.00046694749502854924,182.81764723401284,4.102571964263916,0.005691966507583857,0.0034932619892060757,0.0002374588220845908,0.0003982136840932071,0.020750291645526886,0.010002823546528816,0.0,0.027518361806869507,0.000122384779388085,0.13892287015914917,4.5021643018117175e-05,,,,
540,0.023874005302786827,0.0004654667140569523,183.167877623986,4.6486310958862305,0.006340835243463516,0.003415429964661598,0.00030334084294736385,0.0005159002612344921,0.0041623590514063835,0.013246853835880756,0.0,0.008624786511063576,0.000402354693505913,0.1389804631471634,4.519534741120879e-06,,,,
541,0.026677092537283897,0.000463986520654853,183.50838139897678,5.225437641143799,0.006386175286024809,0.0036987464409321547,0.0005412832251749933,0.00037527253152802587,0.016563747078180313,0.013249976560473442,0.0,0.020814593881368637,0.0003924613702110946,0.1390366405248642,2.4525636490579927e-06,,,,
542,0.018291573971509933,0.00046250692943116263,183.84885235800175,2.752092123031616,0.0058029405772686005,0.0025990884751081467,0.00023572533973492682,8.722451457288116e-05,0.02004353143274784,0.01669439673423767,0.0,0.024650443345308304,1.5904906831565313e-05,0.139103502035141,1.8105965864378959e-06,,,,
543,0.03063477762043476,0.00046102795498884937,184.1994204520015,5.322829723358154,0.006557442247867584,0.00472694355994463,0.000265900744125247,0.0005708580138161778,0.011110743507742882,0.026688676327466965,0.0,0.02223575860261917,0.001778045087121427,0.13918887078762054,2.432062046864303e-06,,,,
544,0.01665751077234745,0.00045954961192479384,184.54338994802674,1.8465214967727661,0.00617856252938509,0.0029546795412898064,1.3011386727157515e-05,9.872129157884046e-05,0.022749818861484528,0.01298411563038826,0.0,0.008081221953034401,0.0004702213336713612,0.13928210735321045,2.793309704429703e-06,,,,
545,0.030823493376374245,0.00045807191482964514,184.8887750019785,5.442014217376709,0.007714005187153816,0.004194091074168682,0.0006171708228066564,0.00039937239489518106,0.010517590679228306,0.02270648442208767,0.0,0.03068794310092926,8.297749445773661e-05,0.1393710970878601,2.604437668196624e-06,,,,
546,0.014915809966623783,0.0004565948782876771,185.25504091900075,1.265831470489502,0.006064016837626696,0.002768398029729724,5.460011016111821e-05,9.511563803243916e-06,0.01337248645722866,0.01217762939631939,0.0,0.01232824195176363,2.825209594448097e-05,0.13948363065719604,3.3465894375694916e-06,,,,
547,0.02660282328724861,0.00045511851687664426,185.60123316798126,4.94683313369751,0.0064682913944125175,0.003956659696996212,0.00034883449552580714,0.0005077510140836239,0.009348219260573387,0.014048147946596146,0.0,0.014985589310526848,0.0008913932833820581,0.13959264755249023,2.867523562599672e-06,,,,
548,0.016566049307584763,0.00045364284516763735,185.95513464102987,0.7292810082435608,0.005839900113642216,0.002998943906277418,4.055026693094987e-06,7.475407528545475e-06,0.03344995155930519,0.004489549435675144,0.0,0.045917294919490814,4.926332621835172e-05,0.13971096277236938,6.6626571424421854e-06,,,,
549,0.025416430085897446,0.00045216787772494075,186.3102288970258,4.805278778076172,0.006626978050917387,0.0031552831642329693,0.0004276194958947599,0.00043234037002548575,0.007397153414785862,0.016841500997543335,0.0,0.02389945276081562,0.0004887438844889402,0.1398671418428421,1.6952305941231316e-06,,,,
550,0.01798553764820099,0.0004506936291058874,186.65596751502017,0.3837239444255829,0.006791018880903721,0.002732645720243454,5.185836926102638e-06,7.681477654841729e-06,0.016813796013593674,0.029580846428871155,0.0,0.032885268330574036,1.6280651834676974e-05,0.1400248259305954,1.2105456335120834e-06,10.409720009878194,13.755939964941568,4.843917451098743,5.615494441722975
551,0.02221902459859848,0.00044922011386071606,187.03639251098502,3.9629533290863037,0.005506600718945265,0.0031824251636862755,0.00028202589601278305,0.0003490532690193504,0.013123449869453907,0.006452661007642746,0.0,0.044257041066884995,0.0003425436152610928,0.14020617306232452,3.97372932638973e-05,,,,
552,0.014515647664666176,0.00044774734653242734,187.37800319102826,0.6161057353019714,0.005785038229078054,0.0026591792702674866,1.2116138350393157e-05,6.088029294915032e-06,0.016997653990983963,0.01636696606874466,0.0,0.011802397668361664,1.0559118891251273e-05,0.14042337238788605,2.527075594116468e-06,,,,
553,0.02060038410127163,0.00044627534165664025,187.71600125997793,3.2475123405456543,0.006659704260528088,0.0028307305183261633,0.0002725205849856138,0.00018657981127034873,0.02126413583755493,0.014663063921034336,0.0,0.019710471853613853,3.079093585256487e-05,0.14064574241638184,1.7400583374183043e-06,,,,
554,0.015505976974964142,0.0004448041137614485,188.05481496697757,0.5954083800315857,0.00553532550111413,0.002948780544102192,1.0366467904532328e-05,1.4675332749902736e-05,0.031145455315709114,0.009105855599045753,0.0,0.02358231693506241,3.316312358947471e-05,0.14086686074733734,1.6678062593200593e-06,,,,
555,0.01776217669248581,0.00044333367736727747,188.39432722103084,2.796370029449463,0.005358376540243626,0.0031418316066265106,7.965067925397307e-05,0.00022240294492803514,0.01659230887889862,0.013709120452404022,0.0,0.006882781162858009,0.00041116419015452266,0.14108887314796448,2.6800857995112892e-06,,,,
556,0.016002677381038666,0.000441864046986741,188.7398302030051,0.6010432839393616,0.0055969771929085255,0.0025733928196132183,2.635227247083094e-05,9.213581506628543e-06,0.017207760363817215,0.013402605429291725,0.0,0.04640071094036102,0.00023864438117016107,0.14129742980003357,2.6296947908122092e-06,,,,
557,0.015251528471708298,0.0004403952371244972,189.08073557401076,2.5091798305511475,0.005503298249095678,0.002395619172602892,0.00018710439326241612,6.735990609740838e-05,0.013020063750445843,0.007120481226593256,0.0,0.016500772908329964,8.108704059850425e-05,0.14154201745986938,1.6288956885546213e-06,,,,
558,0.014999276027083397,0.00043892726227710686,189.42444617801812,0.7497469186782837,0.005865875631570816,0.002349358517676592,4.2473297980905045e-06,2.0287665392970666e-05,0.02118626981973648,0.01295573078095913,0.0,0.024295780807733536,0.00047286279732361436,0.14177460968494415,5.021163360652281e-06,,,,
559,0.015971031039953232,0.0004374601369328888,189.76401489699492,2.0717484951019287,0.005037431605160236,0.0030330135487020016,3.4384254831820726e-05,8.214291301555932e-05,0.003528623841702938,0.01184331625699997,0.0,0.03709084540605545,0.00034051929833367467,0.14201673865318298,4.459569936443586e-06,,,,
560,0.015100141055881977,0.0004359938755717779,190.10867402201984,0.9053298830986023,0.005604027770459652,0.002275309292599559,3.775162622332573e-05,1.978308500838466e-05,0.028734445571899414,0.019795522093772888,0.0,0.014859899878501892,6.29839050816372e-05,0.14226770401000977,5.627101018035319e-06,,,,
561,0.015520649962127209,0.000434528492665182,190.44969723699614,1.9619935750961304,0.00576433539390564,0.0024253693409264088,6.40916041447781e-05,5.293541471473873e-05,0.014777114614844322,0.019267622381448746,0.0,0.017708519473671913,3.898158684023656e-05,0.1425008922815323,2.7800847419712227e-06,,,,
562,0.013280912302434444,0.00043306400267583865,190.7965715660248,1.4836373329162598,0.004905185662209988,0.002062675543129444,5.316740134730935e-05,5.2239054639358073e-05,0.00445761252194643,0.01860290765762329,0.0,0.017065471038222313,0.00011215855192858726,0.14273498952388763,4.972760052623926e-06,,,,
563,0.014636309817433357,0.0004316004200576726,191.14170610398287,1.437390923500061,0.005323104560375214,0.002353925257921219,3.897875649272464e-05,3.750147152459249e-05,0.03602616488933563,0.01461478229612112,0.0,0.006770474370568991,8.70384756126441e-05,0.14296279847621918,9.24170672078617e-06,,,,
564,0.015305726788938046,0.0004301377592556539,191.4852058669785,1.6378157138824463,0.005440410226583481,0.002201799536123872,6.624896195717156e-05,5.908132516196929e-05,0.023382723331451416,0.014745619148015976,0.0,0.02737477608025074,4.8991565563483164e-05,0.143170565366745,3.817013293883065e-06,,,,
565,0.011610293760895729,0.0004286760347056538,191.82053784799064,0.9178080558776855,0.004799745511263609,0.002138560637831688,3.1694507924839854e-05,1.8106917195837013e-05,0.004234395921230316,0.010246336460113525,0.0,0.010788400657474995,0.00010855249274754897,0.14338715374469757,7.698896297370084e-06,,,,
566,0.013782661408185959,0.0004272152608343035,192.1603112689918,1.6278448104858398,0.005482310429215431,0.002028220798820257,3.1776442483533174e-05,8.875180355971679e-05,0.019647207111120224,0.010791173204779625,0.0,0.010996812954545021,0.00028008653316646814,0.14359380304813385,3.6279670894145966e-06,,,,
567,0.012536562979221344,0.00042575545205885166,192.50723379198462,0.5744938850402832,0.004890012089163065,0.0021842471323907375,5.1652364163601305e-06,3.50514892488718e-05,0.012689407914876938,0.01572864130139351,0.0,0.0052285813726484776,0.00024227765970863402,0.14378467202186584,2.106278043356724e-05,,,,
568,0.013181314803659916,0.0004242966227870213,192.8505176139879,1.7081869840621948,0.004758113995194435,0.0019637567456811666,8.043373236432672e-05,3.4441658499417827e-05,0.017234692350029945,0.009558314457535744,0.0,0.027132920920848846,2.4548056899220683e-05,0.14395540952682495,4.2172337089141365e-06,,,,
569,0.013874297961592674,0.0004228387874168684,193.19903842598433,0.666033148765564,0.005066040437668562,0.0019168970175087452,1.0700207894842606e-05,1.427575080015231e-05,0.011685650795698166,0.025960752740502357,0.0,0.011561425402760506,0.0008196213166229427,0.14412841200828552,2.523555394873256e-06,,,,
570,0.013435090892016888,0.00042138196033663955,193.54679892701097,1.098633050918579,0.004836822859942913,0.0020717789884656668,6.98490975992172e-06,2.646849134180229e-05,0.017159219831228256,0.013130811974406242,0.0,0.02214248850941658,0.0006916202837601304,0.14429356157779694,6.095835487940349e-06,,,,
571,0.013196393847465515,0.00041992615592462997,193.89199553598883,1.191038727760315,0.004350362811237574,0.001934766536578536,2.275746373925358e-05,1.8199394617113285e-05,0.023065969347953796,0.01537306234240532,0.0,0.033643245697021484,4.319150320952758e-05,0.14446024596691132,6.5100261963380035e-06,,,,
572,0.011811104603111744,0.00041847138854904115,194.24098111101193,0.34895646572113037,0.004800890106707811,0.0019607513677328825,6.944160759303486e-06,7.026741513982415e-06,0.02188551425933838,0.011070533655583858,0.0,0.0066085392609238625,0.00026662086020223796,0.14464154839515686,5.984734798403224e-06,,,,
573,0.015139478258788586,0.0004170176725678403,194.58838078100234,1.070045828819275,0.0045129237696528435,0.001888324273750186,3.1727831810712814e-05,2.584511457826011e-05,0.023129772394895554,0.03115929290652275,0.0,0.03508305549621582,9.936651622410864e-05,0.14480915665626526,3.4299744129384635e-06,,,,
574,0.013741228729486465,0.0004155650223286168,194.94362679502228,0.5630138516426086,0.0051050432957708836,0.0020402157679200172,6.083457265049219e-06,1.792359762475826e-05,0.0324883833527565,0.014383237808942795,0.0,0.018860429525375366,0.00015903142048045993,0.14499938488006592,5.8881446420855355e-06,,,,
575,0.012322227470576763,0.00041411345216844225,195.28944768599467,0.7348485589027405,0.0050908420234918594,0.0019435938447713852,1.2408173461153638e-05,2.006282375077717e-05,0.01904699020087719,0.014089904725551605,0.0,0.009200594387948513,4.7818830353207886e-05,0.14519119262695312,5.108006007503718e-06,7.594943614131454,10.632776877873916,1.29791456993631,1.7135353825326523
576,0.011550174094736576,0.00041266297641372803,195.68904526002007,0.5886920690536499,0.00492818420752883,0.001696114195510745,9.228770977642853e-06,2.1119803932379e-05,0.018015358597040176,0.015359854325652122,0.0,0.0032802619971334934,0.00017698020383249968,0.1453591287136078,3.1704889806860592e-06,,,,
577,0.014534239657223225,0.00041121360938008443,196.0383561180206,0.5836918354034424,0.004810226149857044,0.0018562504556030035,4.163426638115197e-06,2.603973371151369e-05,0.027531491592526436,0.021826861426234245,0.0,0.033915478736162186,0.0003031024825759232,0.14550605416297913,5.837641765538137e-06,,,,
578,0.011230740696191788,0.0004097653653721788,196.3922774309758,0.6308174729347229,0.004597041290253401,0.0016454937867820263,3.303036646684632e-05,7.447209554811707e-06,0.012217368930578232,0.014249020256102085,0.0,0.010267231613397598,0.0002395971678197384,0.14567270874977112,3.534077222866472e-06,,,,
579,0.01218105386942625,0.0004083182586835948,196.73913661198458,0.3640708923339844,0.004791404586285353,0.001792331924661994,2.178989780077245e-05,7.532577001256868e-06,0.012137428857386112,0.01776413805782795,0.0,0.008283780887722969,0.0005491790943779051,0.14582490921020508,1.9283215806353837e-05,,,,
580,0.011093239299952984,0.00040687230359669137,197.08654748898698,0.4878849387168884,0.004039865918457508,0.0018452571239322424,9.288543878938071e-06,1.356760458293138e-05,0.019157055765390396,0.005114911124110222,0.0,0.027978776022791862,0.00011637208081083372,0.14596332609653473,3.6797482607653365e-06,,,,
581,0.011103142984211445,0.00040542751438246114,197.42983222700423,0.36668068170547485,0.004383592866361141,0.001529553672298789,1.3835549907526001e-05,1.2067782336089294e-05,0.026771321892738342,0.011866714805364609,0.0,0.013023928739130497,7.342205208260566e-05,0.14611639082431793,5.437135769170709e-06,,,,
582,0.01306228619068861,0.00040398390530039087,197.77107100602007,0.43190014362335205,0.004934087861329317,0.0018895402317866683,4.526717930275481e-06,1.4766947970201727e-05,0.017234357073903084,0.026090435683727264,0.0,0.005566863808780909,0.0002569083299022168,0.1462637037038803,3.90494233215577e-06,,,,
583,0.01214778795838356,0.00040254149059831893,198.12278121401323,0.048662733286619186,0.005554120056331158,0.0015395048540085554,7.029701919236686e-06,8.989935849967878e-06,0.008787514641880989,0.015056727454066277,0.0,0.02280290797352791,0.00011837994679808617,0.14639504253864288,4.492867446970195e-06,,,,
584,0.011294432915747166,0.0004011002845122963,198.46871709701372,0.3247515559196472,0.004115254618227482,0.0017556417733430862,7.161524081311654e-06,7.476042355847312e-06,0.02667972259223461,0.010405534878373146,0.0,0.018111100420355797,8.97144345799461e-05,0.14653737843036652,5.173025328986114e-06,,,,
585,0.01079352293163538,0.0003996603012664452,198.81316391500877,0.18255166709423065,0.00445712823420763,0.0017567584291100502,6.410453352145851e-06,7.2718457886367105e-06,0.01143177505582571,0.011250513605773449,0.0,0.009532436728477478,0.0003636865585576743,0.14667394757270813,2.4318012492585694e-06,,,,
586,0.010173507034778595,0.000398221555072819,199.15618081699358,0.12829171121120453,0.004024849738925695,0.0016446973895654082,5.737582796427887e-06,6.891321390867233e-06,0.017633486539125443,0.004392649978399277,0.0,0.018553810194134712,0.00033514222013764083,0.14680546522140503,2.3958771180332405e-06,,,,
587,0.011196326464414597,0.00039678406013126153,199.49985660600942,0.2969239354133606,0.004606223199516535,0.0016502023208886385,5.707992386305705e-06,6.491339718195377e-06,0.008171568624675274,0.015723489224910736,0.0,0.014731740579009056,0.0003002977464348078,0.1469428837299347,2.9499828997359145e-06,,,,
588,0.012237322516739368,0.0003953478306292678,199.83812798402505,0.4215840995311737,0.004701186902821064,0.0014784019440412521,6.634131750615779e-06,5.886062353965826e-06,0.0302138514816761,0.01567610166966915,0.0,0.02181243896484375,0.00013319078425411135,0.14707598090171814,4.938201527693309e-06,,,,
589,0.010764751583337784,0.0003939128807418432,200.18746988201747,0.6538292765617371,0.004402875900268555,0.0016026115044951439,1.0982945241266862e-05,8.067769158515148e-06,0.010971926152706146,0.013157469220459461,0.0,0.01654008775949478,0.00012168086686870083,0.14721426367759705,5.904094905417878e-06,,,,
590,0.008988347835838795,0.00039247922463136336,200.52708693803288,0.46710842847824097,0.004485224839299917,0.0014747842215001583,6.912655862834072e-06,8.442389116680715e-06,0.009270694106817245,0.005460383370518684,0.0,0.003255575429648161,7.925893442006782e-05,0.1473577320575714,1.0356493476137985e-06,,,,
591,0.00998456310480833,0.00039104687644743593,200.86971911101136,0.09442659467458725,0.0037920880131423473,0.0016097718616947532,6.755042250006227e-06,7.90483954915544e-06,0.008461061865091324,0.019040968269109726,0.0,0.0036324362736195326,0.00016852925182320178,0.14747931063175201,1.5526700281043304e-06,,,,
592,0.01171831414103508,0.0003896158503267587,201.21080593700754,0.605057954788208,0.004509905818849802,0.0013971425360068679,6.414606104954146e-06,2.131340079358779e-05,0.02518646977841854,0.01959475316107273,0.0,0.003693485166877508,0.0005836240015923977,0.14758260548114777,2.1626178750011604e-06,,,,
593,0.011756601743400097,0.0003881861603929821,201.55609124002513,0.896018385887146,0.004611087031662464,0.0015139130409806967,2.813091668940615e-05,7.943906894070096e-06,0.02904997393488884,0.014350863173604012,0.0,0.011195296421647072,0.00015860929852351546,0.1476624757051468,3.318935796414735e-06,,,,
594,0.010974321514368057,0.0003867578207565683,201.89994324202416,0.4294945299625397,0.004646582528948784,0.0015347003936767578,5.813969437440392e-06,9.398869224241935e-06,0.0256037637591362,0.006786086596548557,0.0,0.01408449187874794,0.0002931317430920899,0.14773724973201752,2.31823582907964e-06,,,,
595,0.010326722636818886,0.0003853308455146531,202.248899438011,0.4917522668838501,0.004313061945140362,0.0012530379462987185,8.641235581308138e-06,9.372018212161493e-06,0.0087509173899889,0.023529652506113052,0.0,0.004938888363540173,0.00013683436554856598,0.14780031144618988,5.36206516699167e-06,,,,
596,0.009195844642817974,0.0003839052487509058,202.59184115502285,0.5242241024971008,0.004200459457933903,0.0013503630179911852,1.0933609701169189e-05,9.503086403128691e-06,0.011793464422225952,0.008557477965950966,0.0,0.009036095812916756,4.135625931667164e-05,0.1478516310453415,3.858655873045791e-06,,,,
597,0.011958870105445385,0.00038248104453539127,202.9328983320156,0.24396006762981415,0.004660078790038824,0.0012590381084010005,1.090382556867553e-05,6.353325716190739e-06,0.01561831310391426,0.028362050652503967,0.0,0.014042180962860584,0.00012702924141194671,0.14789417386054993,1.398994390910957e-05,,,,
598,0.010303604416549206,0.00038105824692442983,203.27480412600562,0.38611796498298645,0.004674711264669895,0.0013346988707780838,1.2143078492954373e-05,1.0803696568473242e-05,0.007664589677006006,0.018422625958919525,0.0,0.00580210005864501,5.461326509248465e-05,0.14793892204761505,1.1878032637469005e-05,,,,
599,0.010675678960978985,0.0003796368699604595,203.61517524899682,0.16962608695030212,0.0038918519858270884,0.0013091785367578268,7.358990387729136e-06,6.1250548242242076e-06,0.032089963555336,0.012391425669193268,0.0,0.020145347341895103,3.0080189389991574e-05,0.14796827733516693,1.6727235561120324e-06,,,,
600,0.011536037549376488,0.00037821692767189743,203.9660561030032,0.2532336711883545,0.004442399833351374,0.001302091870456934,1.1421676390455104e-05,3.661525624920614e-06,0.02526717260479927,0.020670345053076744,0.0,0.01014732662588358,0.0003480667946860194,0.14800642430782318,4.78747006127378e-06,6.862967114105304,9.653532109339011,1.0335760322409038,0.9755135317678079
601,0.010671427473425865,0.00037679843407300044,204.34614592499565,0.21675322949886322,0.004388649947941303,0.0012750320602208376,1.3563458196585998e-05,4.727537998405751e-06,0.012726216576993465,0.01845366135239601,0.0,0.006197451613843441,0.0006077105645090342,0.14804165065288544,2.5012159312609583e-06,,,,
602,0.009058377705514431,0.0003753814031637277,204.69559034798294,0.5088919401168823,0.0039705694653093815,0.0012086902279406786,9.727769793244079e-06,3.743495199159952e-06,0.013026834465563297,0.013552173972129822,0.0,0.003473924472928047,0.00020494947966653854,0.14807027578353882,2.440388016111683e-06,,,,
603,0.011499393731355667,0.00037396584892960226,205.04413403500803,0.624910295009613,0.004339712206274271,0.0013723935699090362,6.89659827912692e-06,1.212738425238058e-05,0.00830544251948595,0.027094922959804535,0.0,0.010546033270657063,0.00040910346433520317,0.1480768769979477,1.540821358503308e-05,,,,
604,0.009807045571506023,0.000372551785341573,205.39864421001403,0.5234800577163696,0.004294971004128456,0.0012840060517191887,6.121757905930281e-06,1.0453694812895264e-05,0.017706627026200294,0.014811782166361809,0.0,0.003050080966204405,0.00010947042028419673,0.14808274805545807,1.740927473292686e-06,,,,
605,0.010330148041248322,0.00037113922635587646,205.74475473101484,0.16886457800865173,0.004276840947568417,0.0013321165461093187,7.114478194125695e-06,6.000333087285981e-06,0.02955080196261406,0.014076665975153446,0.0,0.0034480628091841936,4.843180067837238e-05,0.1480776071548462,3.807252824117313e-06,,,,
606,0.010466725565493107,0.00036972818591389983,206.10102583502885,0.46806153655052185,0.004196638707071543,0.001254183822311461,1.490658542024903e-05,7.293100679817144e-06,0.031935106962919235,0.010850807651877403,0.0,0.011904310435056686,0.0001124646732932888,0.14805780351161957,2.1472014850587584e-06,,,,
607,0.01174347847700119,0.00036831867794204237,206.45974308397854,0.6255221366882324,0.004422759171575308,0.0012836013920605183,8.146742402459495e-06,9.670684448792599e-06,0.027249103412032127,0.01892552338540554,0.0,0.021096447482705116,0.00011449729208834469,0.14804458618164062,2.969292609122931e-06,,,,
608,0.010997102595865726,0.0003669107163515789,206.8075739319902,0.48161831498146057,0.004071357194334269,0.0013004769571125507,7.852077942516189e-06,6.294405466178432e-06,0.04209788888692856,0.014955736696720123,0.0,0.0039002324920147657,0.00023749665706418455,0.14805780351161957,2.2924814402358606e-06,,,,
609,0.009355248883366585,0.0003655043150385217,207.16277416597586,0.24146459996700287,0.0036705692764371634,0.0014165823813527822,7.4119197961408645e-06,4.1357816371601075e-06,0.01817093975841999,0.013293026946485043,0.0,0.003768974682316184,0.00015562235785182565,0.14805632829666138,6.06212779530324e-06,,,,
610,0.009114614687860012,0.0003640994878834841,207.50980545702623,0.6652050018310547,0.003655448090285063,0.001206575077958405,1.715381040412467e-05,5.750456239184132e-06,0.025839000940322876,0.00756426015868783,0.0,0.009039142169058323,0.00016542879166081548,0.1480497270822525,3.161653694405686e-06,,,,
611,0.009960691444575787,0.00036269624875154294,207.85492234898265,0.5692228674888611,0.00378510938026011,0.001160146202892065,7.681982424401212e-06,2.0122199202887714e-05,0.03304879739880562,0.014535794034600258,0.0,0.0027351744938641787,0.00018364157585892826,0.14805559813976288,2.772373591142241e-06,,,,
612,0.009945759549736977,0.0003612946114921019,208.2043195120059,0.180339977145195,0.004181658383458853,0.0013198570813983679,6.2144499679561704e-06,8.668250302434899e-06,0.030442237854003906,0.011200406588613987,0.0,0.0020905162673443556,7.789184746798128e-05,0.14804238080978394,2.94751816909411e-06,,,,
613,0.010261203162372112,0.000359894589938755,208.5471648160019,0.3670313358306885,0.004259951412677765,0.0012882540468126535,1.3191743164497893e-05,6.298485004663235e-06,0.01153977308422327,0.013673728331923485,0.0,0.01960953325033188,0.0001556604402139783,0.14801450073719025,1.3280784969538217e-06,,,,
614,0.008636200800538063,0.0003584961979091495,208.89223165001022,0.21914738416671753,0.003753607627004385,0.0011662198230624199,4.456962415133603e-06,4.586058366840007e-06,0.007084975950419903,0.013106459751725197,0.0,0.010893137194216251,9.929687803378329e-05,0.14801156520843506,2.8634876798605546e-06,,,,
615,0.008751185610890388,0.0003570994492048505,209.2339903539978,0.22837133705615997,0.004240107722580433,0.0010306480107828975,6.550061698362697e-06,6.46260878056637e-06,0.005387158133089542,0.010422952473163605,0.0,0.015540774911642075,7.733679376542568e-05,0.14801743626594543,5.607487310044235e-06,,,,
616,0.010200073942542076,0.00035570435761120354,209.57726904400624,0.1666150838136673,0.004401336424052715,0.0011543463915586472,6.2361787058762275e-06,6.356513949867804e-06,0.020450202748179436,0.016984421759843826,0.0,0.007272474002093077,0.0001265139289898798,0.14804092049598694,4.987487045582384e-06,,,,
617,0.010436316952109337,0.0003543109368971996,209.9189442200004,0.5018860101699829,0.004338961094617844,0.0012670084834098816,1.077559863915667e-05,5.148751370143145e-06,0.02193765714764595,0.01452014222741127,0.0,0.013462070375680923,2.73466830549296e-05,0.1480541229248047,6.694706826237962e-06,,,,
618,0.011057987809181213,0.00035291920081533847,210.26608634903096,0.3758966624736786,0.004158712457865477,0.001242612604983151,6.944764663785463e-06,9.650821084505878e-06,0.02672574296593666,0.015064015984535217,0.0,0.023854289203882217,6.239992944756523e-05,0.1480754166841507,2.2170133888721466e-06,,,,
619,0.00888650119304657,0.00035152916310149347,210.60961853101617,0.3182838261127472,0.003777214325964451,0.001365117495879531,5.685867108695675e-06,9.487887837167364e-06,0.008884523063898087,0.013669371604919434,0.0,0.0045476509258151054,3.524120256770402e-05,0.14810404181480408,5.422731192084029e-06,,,,
620,0.008798216469585896,0.0003501408374747756,210.97087919700425,0.5184969902038574,0.003939894028007984,0.001210095826536417,1.5521283785346895e-05,6.8625463427451905e-06,0.013388177379965782,0.010603299364447594,0.0,0.0027291662991046906,0.00012133579730289057,0.14812017977237701,7.863922655815259e-05,,,,
621,0.009924259036779404,0.00034875423763739837,211.31550544302445,0.16645199060440063,0.0041930414736270905,0.0010285178432241082,6.166046659927815e-06,8.817037269182038e-06,0.01132039912045002,0.019483176991343498,0.0,0.013753053732216358,0.00016923886141739786,0.1481209248304367,5.001456884201616e-06,,,,
622,0.010651578195393085,0.0003473693772745425,211.70992427499732,0.70096355676651,0.0037990999408066273,0.0011712729465216398,6.492959073511884e-06,1.747342321323231e-05,0.009412435814738274,0.029225777834653854,0.0,0.004813171923160553,0.0004835179424844682,0.1481223851442337,4.769849510921631e-06,,,,
623,0.010165855288505554,0.0003459862700542203,212.0583664579899,0.87343829870224,0.0037291161715984344,0.001214848831295967,2.870387652365025e-05,1.3445687727653421e-05,0.019877197220921516,0.020631004124879837,0.0,0.004140559118241072,0.00017091960762627423,0.14811430871486664,2.5222266231139656e-06,,,,
624,0.009651071391999722,0.0003446049296271422,212.40415873902384,0.17063626646995544,0.003918993286788464,0.001053416170179844,5.0379476306261495e-06,5.10817108079209e-06,0.021266914904117584,0.017154397442936897,0.0,0.007382463198155165,0.00022576206538360566,0.1481011062860489,2.013774064835161e-06,,,,
625,0.009720884263515472,0.00034322536962658006,212.75743775098817,0.48369136452674866,0.003953251056373119,0.0011822551023215055,1.0231678970740177e-05,5.6224635045509785e-06,0.011754733510315418,0.02298353984951973,0.0,0.0030254111625254154,5.6571509048808366e-05,0.1480739414691925,2.5748399821168277e-06,6.9086198989691505,9.732129919354698,0.9696089960127663,0.7397759756733221
626,0.00837344117462635,0.0003418476036682344,213.13756162597565,0.4210405647754669,0.0038395081646740437,0.001139422063715756,7.133595318009611e-06,7.665372322662733e-06,0.014233717694878578,0.009411206468939781,0.0,0.0052295830100774765,3.914548142347485e-05,0.14802990853786469,5.637642971123569e-06,,,,
627,0.008056104183197021,0.00034047164535009884,213.48860576498555,0.21515829861164093,0.0035071340389549732,0.001009130384773016,1.084051291400101e-05,5.010295353713445e-06,0.0212640929967165,0.0103413425385952,0.0,0.0019905550871044397,2.3370294002234004e-05,0.1479785442352295,3.985234798165038e-06,,,,
628,0.011575758457183838,0.0003390975082523267,213.8309452800313,0.5615602731704712,0.003800699720159173,0.0011861469829455018,1.5368144886451773e-05,8.053557394305244e-06,0.038737308233976364,0.026604685932397842,0.0,0.008339139632880688,4.9244126785197295e-06,0.14791618287563324,1.4155979215502157e-06,,,,
629,0.008150150068104267,0.00033772520593709597,214.17446395597653,0.2685181498527527,0.0033623429480940104,0.001124765956774354,6.607489467569394e-06,8.664650522405282e-06,0.017360517755150795,0.011656761169433594,0.0,0.0010155035415664315,0.00013329490320757031,0.14786191284656525,1.9919840269722044e-05,,,,
630,0.011650590226054192,0.00033635475194847687,214.51437453500694,0.312980979681015,0.004208253230899572,0.0011647678911685944,1.0562362149357796e-05,5.949362730461871e-06,0.05285269394516945,0.01115527655929327,0.0,0.010708426125347614,0.0005017020157538354,0.14780689775943756,4.592507139022928e-06,,,,
631,0.009090999141335487,0.00033498615981229703,214.86177407298237,0.44609054923057556,0.003216031938791275,0.0010694441152736545,6.941912943148054e-06,8.656657882966101e-06,0.026044031605124474,0.014025777578353882,0.0,0.0024132635444402695,0.0006035823607817292,0.14777611196041107,3.292442443125765e-06,,,,
632,0.011759191751480103,0.00033361944303600795,215.225135279994,0.3783702254295349,0.0039133597165346146,0.0010412081610411406,6.077605121390661e-06,4.238399924361147e-06,0.04196321964263916,0.028319112956523895,0.0,0.006820381619036198,0.00023785713710822165,0.14773871004581451,3.5688715342985233e-06,,,,
633,0.008287427015602589,0.0003322546151085528,215.58076371398056,0.10811100900173187,0.0038286757189780474,0.0011412673629820347,5.889063686481677e-06,6.04457818553783e-06,0.004480443894863129,0.012742369435727596,0.0,0.005768194794654846,0.00012041292211506516,0.14771012961864471,2.0879383555438835e-06,,,,
634,0.009701504372060299,0.00033089168950023196,215.93254322599387,0.12689520418643951,0.003572521498426795,0.0008900994434952736,6.934390967217041e-06,4.35240326623898e-06,0.03906521946191788,0.00906724575906992,0.0,0.023768069222569466,3.625577301136218e-05,0.1476844698190689,3.586380216802354e-06,,,,
635,0.00810321792960167,0.00032953067966257104,216.2909332329873,0.3485961854457855,0.0038060105871409178,0.0010667360620573163,8.862672075338196e-06,5.614871042780578e-06,0.013532685115933418,0.01141861081123352,0.0,0.0002601042215246707,3.356677189003676e-05,0.14769399166107178,6.200205461937003e-06,,,,
636,0.00944544468075037,0.00032817159902818777,216.64989449898712,0.0695125162601471,0.004183104261755943,0.001002997043542564,4.678943696490023e-06,4.6899335757188965e-06,0.019232016056776047,0.017920739948749542,0.0,0.00347533798776567,8.294700091937557e-05,0.14769326150417328,4.574998001771746e-06,,,,
637,0.008807350881397724,0.0003268144610106593,217.00701715500327,0.4677056074142456,0.0037995697930455208,0.0010114398319274187,5.1650922614498995e-06,6.958327048778301e-06,0.021344512701034546,0.011215753853321075,0.0,0.00897158496081829,7.308823114726692e-05,0.1476881355047226,5.510505616257433e-06,,,,
638,0.008549350313842297,0.00032545927900438974,217.3503119740053,0.32035133242607117,0.003497075755149126,0.0011416295310482383,6.30117574473843e-06,8.952417374530341e-06,0.02798011526465416,0.007656650617718697,0.0,0.0052418094128370285,3.9932841900736094e-05,0.1476866751909256,2.0991142264392693e-06,,,,
639,0.009273018687963486,0.00032410606638447876,217.6931548449793,0.26756665110588074,0.0033034144435077906,0.0011677504517138004,4.755022473545978e-06,1.2032773156533949e-05,0.022210434079170227,0.020563475787639618,0.0,0.002196397865191102,3.8017111364752054e-05,0.1476851999759674,3.834640210698126e-06,,,,
640,0.008548477664589882,0.00032275483650658825,218.043345019978,0.35018178820610046,0.003979391884058714,0.0010857225861400366,1.2203602636873256e-05,5.85245834372472e-06,0.020865293219685555,0.007876599207520485,0.0,0.0023054680787026882,0.00012100329331588,0.14767713844776154,2.2020935830369126e-06,,,,
641,0.011083160527050495,0.00032140560270681184,218.39143223298015,0.16536635160446167,0.004139448516070843,0.0009770126780495048,1.1583607374632265e-05,6.4489772739761975e-06,0.035968929529190063,0.022386442869901657,0.0,0.011196976527571678,6.287994619924575e-05,0.14766395092010498,1.8765529148367932e-06,,,,
642,0.008947964757680893,0.0003200583783015424,218.74510149197886,0.4041711688041687,0.0034632801543921232,0.0009631863795220852,4.580849690682953e-06,1.1557104699022602e-05,0.010222705081105232,0.018166417255997658,0.0,0.01794768124818802,2.1154763089725748e-05,0.14765295386314392,2.9626121431647334e-06,,,,
643,0.010466508567333221,0.0003187131765873406,219.09006504301215,0.22023369371891022,0.003332240739837289,0.0010540671646595001,9.265932021662593e-06,5.637210051645525e-06,0.0477786585688591,0.02222486212849617,0.0,0.0019311332143843174,1.7841306544141844e-05,0.14766834676265717,3.616871936173993e-06,,,,
644,0.008105904795229435,0.0003173700108408048,219.4377153639798,0.1719442754983902,0.0036291605792939663,0.0011178023414686322,1.0926068171102088e-05,5.602314558927901e-06,0.016299422830343246,0.00976747740060091,0.0,0.0018144104396924376,4.4640080886892974e-05,0.14767640829086304,1.0997243862220785e-06,,,,
645,0.012610301375389099,0.0003160288943184381,219.7775106910267,0.26404717564582825,0.0036263277288526297,0.0009386285091750324,9.85142651188653e-06,1.314736800850369e-05,0.08165395259857178,0.02150038257241249,0.0,0.008165253326296806,8.588541822973639e-05,0.14767859876155853,2.1653809199051466e-06,,,,
646,0.009852035902440548,0.0003146898402565197,220.1213729630108,0.2826419770717621,0.0035794004797935486,0.0011545848101377487,7.861144695198163e-06,8.953595170169137e-06,0.03927598148584366,0.01272813230752945,0.0,0.006918841972947121,6.23474334133789e-05,0.1476903259754181,2.725671038206201e-06,,,,
647,0.007543085142970085,0.00031335286187097214,220.4686742980266,0.5658336877822876,0.0031558808404952288,0.0009899509605020285,1.7418858988094144e-05,6.056407073629089e-06,0.015040157362818718,0.009808586910367012,0.0,0.0049944547936320305,3.796303644776344e-05,0.14770792424678802,4.289044682082022e-06,,,,
648,0.011353997513651848,0.00031201797235723265,220.80974311497994,0.24254657328128815,0.003975953906774521,0.0010456987656652927,6.851929356344044e-06,6.560288511536783e-06,0.036645498126745224,0.018638435751199722,0.0,0.02446013130247593,2.7856709493789822e-05,0.14772038161754608,5.7821474911179394e-05,,,,
649,0.010222919285297394,0.00031068518489012144,221.15228687500348,0.41486749053001404,0.0034810719080269337,0.0011478731175884604,9.578887329553254e-06,8.597987289249431e-06,0.03752048686146736,0.018422957509756088,0.0,0.007565313018858433,1.893902117444668e-05,0.147768035531044,1.0390208444732707e-06,,,,
650,0.010379062034189701,0.0003093545126237132,221.49239973799558,0.43144097924232483,0.0035230170469731092,0.0010342628229409456,7.054425623209681e-06,9.556446457281709e-06,0.06097559630870819,0.012791939079761505,0.0,0.0022692030761390924,1.335755041509401e-05,0.14780250191688538,1.8815353541867808e-05,6.0655651348768735,8.530509913646572,0.96747278845482,0.8301320688240824
651,0.007299479097127914,0.0003080259686912058,221.8737289379933,0.18937081098556519,0.0036648381501436234,0.0009637539042159915,6.153394679131452e-06,6.452466095652198e-06,0.01356282364577055,0.006560576148331165,0.0,0.0015951204113662243,1.4065893083170522e-05,0.1478230357170105,5.2303512347862124e-06,,,,
652,0.010264895856380463,0.0003066995662047912,222.21428297099192,0.6159806847572327,0.003714604303240776,0.0010066048707813025,1.0045070666819811e-05,9.827030226006173e-06,0.03987665846943855,0.01985079050064087,0.0,0.0031302468851208687,5.220242019277066e-05,0.14782670140266418,2.9076386454107706e-06,,,,
653,0.010648415423929691,0.0003053753182555267,222.55647455801954,0.349189430475235,0.0035739790182560682,0.0010552069870755076,6.4117757574422285e-06,5.130335011926945e-06,0.02312704175710678,0.028537848964333534,0.0,0.012282264418900013,7.084119715727866e-05,0.1478208303451538,5.689697900379542e-06,,,,
654,0.008744901977479458,0.0003040532379132052,222.8958493830287,0.3425964117050171,0.0037449004594236612,0.0009959356393665075,1.2818225513910875e-05,6.693589511996834e-06,0.03599482402205467,0.005667907185852528,0.0,0.0028584464453160763,0.0001539131480967626,0.14781497418880463,1.828720087360125e-06,,,,
655,0.010910781100392342,0.00030273333822622564,223.2353001459851,0.2176632434129715,0.003451467724516988,0.0012237152550369501,5.7107690736302175e-06,6.1139762692619115e-06,0.04502503201365471,0.017561212182044983,0.0,0.012065856717526913,0.00013210217002779245,0.1477995663881302,3.066832960030297e-06,,,,
656,0.008653798140585423,0.0003014156322214651,223.5778828089824,0.440142422914505,0.0036407962907105684,0.0009615393355488777,7.663978976779617e-06,8.357579645235091e-06,0.020321080461144447,0.009486019611358643,0.0,0.007656389847397804,0.0004299881402403116,0.1477973759174347,4.446611910680076e-06,,,,
657,0.00954157579690218,0.0003001001329041497,223.9183782269829,0.8994685411453247,0.0036224392242729664,0.0010768764186650515,1.651355341891758e-05,7.4218692134309094e-06,0.024015888571739197,0.017999917268753052,0.0,0.005343521013855934,7.810799434082583e-05,0.14780031144618988,3.2159339752979577e-05,,,,
658,0.008450835011899471,0.00029878685325772684,224.26037779002218,0.4443306624889374,0.0034423768520355225,0.0008683043415658176,6.6563602558744606e-06,6.149248292786069e-06,0.029751218855381012,0.008272928185760975,0.0,0.008831576444208622,0.00023676178534515202,0.14780397713184357,2.7949736249865964e-06,,,,
659,0.007909844629466534,0.00029747580624373655,224.60057205997873,0.5749199390411377,0.003680252470076084,0.0009154141880571842,5.680729373125359e-06,4.367975634522736e-06,0.009525511413812637,0.011637326329946518,0.0,0.006910987198352814,0.0001634187501622364,0.14781276881694794,1.4873719464958413e-06,,,,
660,0.008828412741422653,0.00029616700480168337,224.94140091200825,0.8129773736000061,0.003296872600913048,0.0009231882868334651,1.2517312825366389e-05,2.3164953745435923e-05,0.018340647220611572,0.016654325649142265,0.0,0.010498203337192535,5.629756924463436e-05,0.14782597124576569,1.684226663201116e-05,,,,
661,0.011114115826785564,0.000294860461848909,225.29559648700524,0.26470667123794556,0.0035539332311600447,0.0012449303176254034,1.1615069524850696e-05,4.796318080479978e-06,0.05591042339801788,0.0175113994628191,0.0,0.0031906121876090765,4.786154386238195e-05,0.1478457748889923,4.309632913646055e-06,,,,
662,0.0073135714046657085,0.00029355619028046526,225.649375530018,0.5774238705635071,0.003840763121843338,0.0009958528680726886,1.8164968423661776e-05,1.0164523700950667e-05,0.011354176327586174,0.0036283277440816164,0.0,0.0019251883495599031,2.0638934074668214e-05,0.14786116778850555,2.5064309738809243e-06,,,,
663,0.009563416242599487,0.00029225420296898584,226.0080002360046,0.4466128945350647,0.003392342943698168,0.000890136871021241,6.417217718990287e-06,5.806921762996353e-06,0.03837941214442253,0.013955535367131233,0.0,0.015662524849176407,2.0497380319284275e-05,0.14786557853221893,2.544938524806639e-06,,,,
664,0.007944075390696526,0.0002909545127645595,226.35815601301147,0.333526611328125,0.0034293869975954294,0.0008899112581275403,7.747386007395107e-06,5.4916577028052416e-06,0.01819087564945221,0.011419686488807201,0.0,0.0072560785338282585,3.805661981459707e-05,0.14788684248924255,2.2161129891173914e-06,,,,
665,0.009280312806367874,0.0002896571324946045,226.7035499039921,0.7190774083137512,0.003443042514845729,0.000989074120298028,5.883369794901228e-06,1.0168890185013879e-05,0.03759732097387314,0.013002565130591393,0.0,0.005455904174596071,9.329577733296901e-05,0.14791031181812286,4.476197318581399e-06,,,,
666,0.00724312337115407,0.00028836207496374,227.05715511197923,0.22687071561813354,0.0029158226680010557,0.0009084213525056839,1.5331894246628508e-05,6.3287816374213435e-06,0.007014679256826639,0.015373298898339272,0.0,0.0013265371089801192,0.00018923963943962008,0.1479249894618988,2.2953377083467785e-06,,,,
667,0.010191724635660648,0.0002870693529536611,227.39877945597982,0.7505074739456177,0.0037636461202055216,0.0010174693306908011,2.609415059851017e-05,6.6362936195218936e-06,0.05234585329890251,0.008097545243799686,0.0,0.008103444240987301,7.44773424230516e-05,0.1479242593050003,1.1215886843274347e-05,,,,
668,0.007501732092350721,0.0002857789792230118,227.74126272200374,0.6721400022506714,0.003000544151291251,0.0008717331802472472,5.976721695333254e-06,2.9162431019358337e-05,0.019644511863589287,0.007102053612470627,0.0,0.006019584368914366,0.0002626817440614104,0.1479271948337555,2.311300704604946e-06,,,,
669,0.008511784486472607,0.0002844909665072604,228.08129315299448,0.3993203043937683,0.0032296788413077593,0.0007808430818840861,5.561881607718533e-06,1.0067399671243038e-05,0.025744756683707237,0.017208488658070564,0.0,0.006001101806759834,0.0001065717515302822,0.14793305099010468,1.4800516510149464e-06,,,,
670,0.009516017511487007,0.00028320532751857186,228.42290228197817,0.9097093343734741,0.0032263214234262705,0.0010882888454943895,2.2394457118934952e-05,1.9038801838178188e-05,0.04257645085453987,0.010344203561544418,0.0,0.006706372834742069,5.0876707973657176e-05,0.14794258773326874,1.4054961638976238e-06,,,,
671,0.009525755420327187,0.00028192207494568447,228.76505745801842,0.4797021746635437,0.0036520531866699457,0.0011344136437401175,4.663923391490243e-06,3.995953647972783e-06,0.03761734440922737,0.010208338499069214,0.0,0.008508625440299511,3.090430982410908e-05,0.14794699847698212,1.229343433806207e-05,,,,
672,0.00820985808968544,0.00028064122145378265,229.1078475859831,0.4308742880821228,0.0031285735312849283,0.0010167337022721767,1.017893009702675e-05,1.1900279787369072e-05,0.03724852204322815,0.006729325745254755,0.0,0.0024464945308864117,1.8087546777678654e-05,0.1479543298482895,3.3001103929564124e-06,,,,
673,0.007975651882588863,0.00027936277968437366,229.4552074780222,0.5365849733352661,0.003341982839629054,0.0010746038751676679,5.855546987731941e-06,5.942807547398843e-06,0.0240708589553833,0.008773894980549812,0.0,0.0019266288727521896,3.617767652031034e-05,0.147955060005188,5.0800235840142705e-06,,,,
674,0.007874892093241215,0.0002780867622551614,229.79434891301207,0.4513002932071686,0.003089295234531164,0.0009588653920218349,7.2093184826371726e-06,7.87820499681402e-06,0.016177285462617874,0.009247014299035072,0.0,0.01637960597872734,1.4795397873967886e-05,0.1479499340057373,1.6996200429275632e-06,,,,
675,0.007055663503706455,0.00027681318175992264,230.14004020299762,0.8580620288848877,0.003062185365706682,0.0010273270308971405,7.5642419687937945e-06,6.26447126705898e-06,0.009164328686892986,0.00812405813485384,0.0,0.006439537741243839,5.708066237275489e-05,0.14796240627765656,2.8949730221938808e-06,5.652284036703021,7.933922078169411,1.1437636932568633,0.7686513223370653
676,0.0085079250857234,0.0002755420507683828,230.52172187401447,0.6400323510169983,0.003282056422904134,0.0010707156034186482,1.9746850739466026e-05,1.0084738278237637e-05,0.0294782891869545,0.008641992695629597,0.0,0.004292718134820461,6.946235953364521e-05,0.1479748785495758,1.593428896740079e-05,,,,
677,0.007397159934043884,0.00027427338182609186,230.8646515000146,0.47425219416618347,0.003117174608632922,0.0008151978254318237,1.3376426068134606e-05,4.5738233893644065e-06,0.02232787199318409,0.010912837460637093,0.0,0.0016071479767560959,3.1456860597245395e-05,0.14798735082149506,2.6080324460053816e-06,,,,
678,0.008666569367051125,0.00027300718745429983,231.2082684339839,0.9087609052658081,0.0031229194719344378,0.0009710588492453098,7.256895514728967e-06,2.9490773158613592e-05,0.03126128017902374,0.011541342362761497,0.0,0.0038985132705420256,0.0001711187360342592,0.14799174666404724,2.822093620125088e-06,,,,
679,0.008315594866871834,0.0002717434801498338,231.55445896898163,0.5506376028060913,0.0030098408460617065,0.0009785913862287998,7.87766657595057e-06,7.624596946698148e-06,0.036909718066453934,0.005692212842404842,0.0,0.010496508330106735,8.4966559370514e-05,0.14799395203590393,2.105592648149468e-05,,,,
680,0.00799254234880209,0.0002704822723849751,231.89661783498013,0.48987656831741333,0.003472330281510949,0.0009304695995524526,1.3857683370588347e-05,5.7830488913168665e-06,0.017927056178450584,0.010404376313090324,0.0,0.0057926359586417675,8.655933197587729e-05,0.148002028465271,1.8823146774593624e-06,,,,
681,0.008245479315519333,0.000269223576607335,232.24156325001968,0.49083712697029114,0.0033698687329888344,0.0009667430422268808,5.1061178965028375e-06,6.997646323725348e-06,0.03342380002140999,0.007383439689874649,0.0,0.004080780781805515,5.6035649322438985e-05,0.14801377058029175,3.4648055589059368e-06,,,,
682,0.007884643040597439,0.00026796740523973243,232.59512804198312,0.45518627762794495,0.0031655742786824703,0.0008366180118173361,7.310887667699717e-06,5.9095928008900955e-06,0.02588234655559063,0.010272355750203133,0.0,0.0069207968190312386,7.854681462049484e-05,0.1480225771665573,1.9664981664391235e-05,,,,
683,0.008246289566159248,0.00026671377068007197,232.93806441302877,0.6642103791236877,0.0031942727509886026,0.0009127691737376153,8.758386684348807e-06,8.590941433794796e-06,0.026349928230047226,0.01479763351380825,0.0,0.0010348731884732842,5.4276533774100244e-05,0.14803504943847656,1.6710473573766649e-06,,,,
684,0.010068725794553757,0.0002654626853012207,233.28813319298206,0.3115140199661255,0.0028351135551929474,0.0009621072094887495,7.754711987217888e-06,4.813262421521358e-06,0.06478431820869446,0.01625126227736473,0.0,0.003097531385719776,1.444295048713684e-05,0.14803650975227356,2.0201441657263786e-06,,,,
685,0.006865039933472872,0.000264214161450886,233.63510778400814,0.6828442215919495,0.0029876292683184147,0.0008562320726923645,1.6014550055842847e-05,1.1893063856405206e-05,0.007349921390414238,0.01202621590346098,0.0,0.0027217967435717583,2.4158469386748038e-05,0.14803063869476318,7.473566256521735e-06,,,,
686,0.008033758029341698,0.00026296821145149415,233.97760322201066,0.2607688009738922,0.0034029942471534014,0.0007896585739217699,5.155538929102477e-06,7.294851457118057e-06,0.036225154995918274,0.0074896919541060925,0.0,0.002434889320284128,1.5006835383246653e-05,0.14802183210849762,8.194363908842206e-05,,,,
687,0.007768984884023666,0.0002617248476000689,234.32162719900953,0.6646249294281006,0.003657144960016012,0.0008745046216063201,1.139450614573434e-05,1.099760538636474e-05,0.029518771916627884,0.003465789370238781,0.0,0.0028229025192558765,2.1400903278845362e-05,0.14801302552223206,5.832208444189746e-06,,,,
688,0.006846535950899124,0.00026048408216810924,234.6668245960027,0.5804072022438049,0.0029689043294638395,0.0007948986021801829,6.0019192460458726e-06,1.0830306564457715e-05,0.014564137905836105,0.008740571327507496,0.0,0.005171272438019514,0.00010829671373357996,0.148002028465271,2.3863340175012127e-06,,,,
689,0.007038439624011517,0.00025924592740146933,235.0089887410286,0.24646972119808197,0.003233312163501978,0.0009629979613237083,6.733594545949018e-06,7.325789738388266e-06,0.01107991486787796,0.00567264948040247,0.0,0.007207339163869619,0.00010608238517306745,0.14799542725086212,2.8320027922745794e-06,,,,
690,0.007805902976542711,0.00025801039552023655,235.36203186499188,0.2663598954677582,0.0028830666560679674,0.000978012103587389,9.529445378575474e-06,4.343572982179467e-06,0.011682786047458649,0.01646272838115692,0.0,0.007936178706586361,4.729447391582653e-05,0.14799542725086212,5.570563189394306e-06,,,,
691,0.010634228587150574,0.0002567774987186121,235.71184753702255,0.41832080483436584,0.0035029782447963953,0.0008875090861693025,8.310500561492518e-06,5.17277203471167e-06,0.05336989089846611,0.01999625749886036,0.0,0.0076669552363455296,1.6920623238547705e-05,0.148003488779068,5.006523224437842e-06,,,,
692,0.008804277516901493,0.00025554724916478945,236.065359292028,0.7781541347503662,0.002865919843316078,0.0010282057337462902,6.70561712468043e-06,1.0458798897161614e-05,0.03688672557473183,0.010401073843240738,0.0,0.012059499509632587,7.061063661240041e-05,0.14801743626594543,4.255603926139884e-06,,,,
693,0.008050421252846718,0.0002543196590008351,236.41804378299275,0.30331167578697205,0.0033174750860780478,0.0009787657763808966,8.766648534219712e-06,4.482544682105072e-06,0.01726139523088932,0.015049885958433151,0.0,0.002384025836363435,3.955007287004264e-06,0.14804019033908844,3.6681317396869417e-06,,,,
694,0.008572300896048546,0.000253094740342568,236.76862434798386,0.42900386452674866,0.003362592775374651,0.0009500989690423012,1.3184806448407471e-05,4.455731868802104e-06,0.02629207819700241,0.01565365679562092,0.0,0.0015488161006942391,1.586133657838218e-05,0.148048996925354,1.1784049092966598e-05,,,,
695,0.007883976213634014,0.00025187250527944143,237.1220929850242,0.3675774335861206,0.0031903283670544624,0.0008789455750957131,5.651395895256428e-06,1.433546822227072e-05,0.024685127660632133,0.011685539036989212,0.0,0.0022504886146634817,5.8485493354965e-05,0.14804312586784363,1.4025084965396672e-05,,,,
696,0.007592656183987856,0.00025065296587442176,237.45843951002462,0.482626736164093,0.0031659461092203856,0.0008974908851087093,5.012494966649683e-06,1.4549611478287261e-05,0.017613284289836884,0.008937436155974865,0.0,0.007197219878435135,0.0001496553886681795,0.1480269730091095,4.1552202674211e-06,,,,
697,0.008403655141592026,0.0002494361341638703,237.79687383503187,0.5729739665985107,0.0035825148224830627,0.0008645158959552646,1.7787726392270997e-05,6.339947049127659e-06,0.03558696433901787,0.007613657508045435,0.0,0.002185321180149913,4.3241387174930423e-05,0.14801816642284393,9.592870810593013e-06,,,,
698,0.007927501574158669,0.00024822202215742524,238.14517671999056,0.24954862892627716,0.003311634063720703,0.0008815255714580417,1.1239884770475328e-05,5.593441528617404e-06,0.011788458563387394,0.014700029045343399,0.0,0.0071761151775717735,0.00010691157513065264,0.148002028465271,1.1337810065015219e-05,,,,
699,0.010364853776991367,0.00024701064183788165,238.48805570497643,0.6979756951332092,0.003252599621191621,0.0009490453521721065,5.863084879820235e-06,9.91953129414469e-06,0.06527238339185715,0.012216078117489815,0.0,0.005251443479210138,0.0001584967103553936,0.14799174666404724,2.0500770006037783e-06,,,,
700,0.009402875788509846,0.00024580200516107414,238.83472250099294,0.18245817720890045,0.003013864392414689,0.001066288212314248,6.704841780447168e-06,8.10310484666843e-06,0.04408489540219307,0.012689720839262009,0.0,0.008304556831717491,6.936499266885221e-05,0.14799249172210693,2.5530778202664806e-06,6.041313080323696,8.497582391491775,0.9948127042062248,0.7631445610947292
701,0.00801889318972826,0.00024459612405575886,239.2165082889842,0.5996282696723938,0.003518579062074423,0.0007574581541121006,1.0716814358602278e-05,8.565434654883575e-06,0.0260330643504858,0.009949536994099617,0.0,0.005868474952876568,5.0874783482868224e-05,0.1479998230934143,3.6699136671813903e-06,,,,
702,0.007455603219568729,0.00024339301042349573,239.56881862599403,0.48479849100112915,0.002682108897715807,0.000825543305836618,8.865166819305159e-06,6.9215925577736925e-06,0.02425326034426689,0.008054837584495544,0.0,0.014289583079516888,7.954215834615752e-05,0.14801377058029175,4.359260401542997e-06,,,,
703,0.007843532599508762,0.00024219267613853038,239.91346091899322,0.2306017279624939,0.0030291767325252295,0.0008695386350154877,9.545467037241906e-06,4.840717338083778e-06,0.02971004880964756,0.010290095582604408,0.0,0.0043734535574913025,4.820179310627282e-05,0.14804019033908844,1.990366854442982e-06,,,,
704,0.00659077987074852,0.00024099513304767762,240.26355832302943,0.38579806685447693,0.0030726443510502577,0.000811886740848422,6.952220246603247e-06,8.602428351878189e-06,0.020329084247350693,0.004871100187301636,0.0,0.0014640877489000559,1.0988529538735747e-05,0.14806219935417175,2.9958907816762803e-06,,,,
705,0.008575783111155033,0.00023980039297020407,240.60709687398048,0.21208210289478302,0.002883003791794181,0.0007392218103632331,5.171160864847479e-06,4.797323526872788e-06,0.04397616535425186,0.01430590357631445,0.0,0.006238424684852362,2.3184638848761097e-05,0.14807981252670288,2.06628828891553e-06,,,,
706,0.008873227052390575,0.00023860846769771215,240.95144670503214,0.5412155389785767,0.0035479373764246702,0.0009310183813795447,1.1241199899814092e-05,9.010854228108656e-06,0.02439829893410206,0.01273362711071968,0.0,0.011554194614291191,3.891545202350244e-05,0.1481011062860489,2.7291971491649747e-06,,,,
707,0.006333754397928715,0.0002374193689940233,241.3004137420212,0.1607995480298996,0.002645894419401884,0.0009287744760513306,5.999057520966744e-06,6.691501766908914e-06,0.01152376364916563,0.00790577381849289,0.0,0.0025811265222728252,5.602111923508346e-05,0.14813633263111115,3.4263916859345045e-06,,,,
708,0.007922301068902016,0.00023623310859506133,241.6502780049923,0.31761056184768677,0.0029623962473124266,0.0008277033339254558,1.0059002306661569e-05,8.217308277380653e-06,0.0300908163189888,0.013315754011273384,0.0,0.0017141257412731647,4.631344563676976e-05,0.1481686383485794,5.43058558832854e-06,,,,
709,0.007481236942112446,0.00023504969820873777,241.99568924098276,0.1162705272436142,0.002547086449339986,0.0008833763422444463,6.797835339966696e-06,6.057061455067014e-06,0.03939516842365265,0.008240323513746262,0.0,0.001053519663400948,3.877338895108551e-05,0.14818845689296722,5.420644811238162e-06,,,,
710,0.007947312667965889,0.0002338691495148352,242.34761168598197,0.22847174108028412,0.0029022679664194584,0.0007256334065459669,7.589737833768595e-06,1.0408674825157505e-05,0.055107083171606064,0.004100382328033447,0.0,0.0015597182791680098,1.8536356947151944e-05,0.1481965333223343,3.682319174913573e-06,,,,
711,0.008633103221654892,0.0002326914741648927,242.69251107802847,0.10872704535722733,0.0033257247414439917,0.0009393739746883512,6.428127562685404e-06,6.288943950494286e-06,0.033653855323791504,0.012930220924317837,0.0,0.0026880581863224506,4.049361450597644e-05,0.14819727838039398,2.6507366328587523e-06,,,,
712,0.007352102547883987,0.00023151668378209006,243.0379417280201,0.24600501358509064,0.00313442200422287,0.0008268255623988807,1.0008394383476116e-05,5.964815500192344e-06,0.017317689955234528,0.006874456536024809,0.0,0.011914493516087532,3.177365579176694e-05,0.1481958031654358,7.527324487455189e-05,,,,
713,0.007776860613375902,0.00023034478996113487,243.3808787750313,0.20254990458488464,0.003006430109962821,0.0008397292112931609,6.068237780709751e-06,5.195875473873457e-06,0.01089628878980875,0.021121066063642502,0.0,0.002681624609977007,3.6812230973737314e-05,0.14820902049541473,2.30771183851175e-06,,,,
714,0.008125551044940948,0.00022917580426814563,243.72499689698452,0.1434500813484192,0.0027970275841653347,0.0008230148814618587,6.734693215548759e-06,6.51496429782128e-06,0.022511687129735947,0.0196683406829834,0.0,0.004125245846807957,4.7515837650280446e-05,0.1482163667678833,5.5584136134712026e-05,,,,
715,0.010110804811120033,0.00022800973824053903,244.0719729110133,0.10252924263477325,0.0029500650707632303,0.0009212242439389229,7.389823622361291e-06,5.055490419181297e-06,0.07595033943653107,0.008499391376972198,0.0,0.006593179423362017,6.544077041326091e-05,0.14822958409786224,3.0534033612639178e-06,,,,
716,0.008272088132798672,0.00022684660338691633,244.4322480559931,0.16874849796295166,0.002986299805343151,0.0009165231022052467,8.782584700384177e-06,4.897423423244618e-06,0.03949172794818878,0.008774541318416595,0.0,0.004704217426478863,7.685273885726929e-05,0.14824794232845306,3.590006599551998e-06,,,,
717,0.007167129311710596,0.00022568641118694878,244.78624492598465,0.18451963365077972,0.0029581361450254917,0.0008872762555256486,7.409705631289398e-06,4.993470156477997e-06,0.02248167246580124,0.00915633887052536,0.0,0.0014585554599761963,4.406644438859075e-05,0.14826850593090057,5.428864824352786e-06,,,,
718,0.007375247310847044,0.0002245291730912649,245.1374247460044,0.2693210542201996,0.00289620878174901,0.0007379392627626657,6.2019571487326175e-06,6.79688855598215e-06,0.027946071699261665,0.011326389387249947,0.0,0.0031878561712801456,2.402475365670398e-05,0.14828245341777802,1.1528768482094165e-05,,,,
719,0.007247589528560638,0.00022337490052133763,245.48696924000978,0.14813977479934692,0.002972249872982502,0.0007830451941117644,5.586647603195161e-06,5.439570941234706e-06,0.021798687055706978,0.01043665874749422,0.0,0.0060072727501392365,1.3702803698834032e-05,0.14829273521900177,3.027251750609139e-06,,,,
720,0.006736133713275194,0.00022222360486937138,245.8399443399976,0.17656104266643524,0.0027733545284718275,0.0009664030512794852,5.0642665883060545e-06,5.846340627613245e-06,0.010026378557085991,0.011068090796470642,0.0,0.0029279144946485758,1.479238835599972e-05,0.1483074277639389,3.2443617783428635e-06,,,,
721,0.00787240918725729,0.00022107529749818935,246.18609656998888,0.1533263772726059,0.0028572792652994394,0.0008315792074427009,5.46402725376538e-06,6.038088031345978e-06,0.025605658069252968,0.01600991003215313,0.0,0.0034553073346614838,3.136568557238206e-05,0.14831918478012085,3.226051831006771e-06,,,,
722,0.006973669398576021,0.00021992998974112158,246.5388799260254,0.09818064421415329,0.0027250773273408413,0.0008451460162177682,6.3101379055297e-06,4.213213287584949e-06,0.02329988218843937,0.009557097218930721,0.0,0.0031634862534701824,2.4036644390434958e-05,0.1483294665813446,1.8222567632619757e-06,,,,
723,0.00751580111682415,0.00021878769290189322,246.88355186401168,0.06097441539168358,0.0029326542280614376,0.0008564244490116835,6.744403435732238e-06,4.61624449599185e-06,0.02126634307205677,0.012728219851851463,0.0,0.0047643110156059265,2.7853659048560075e-05,0.14834342896938324,6.140030563983601e-06,,,,
724,0.010286279954016209,0.00021764841825451292,247.22127951402217,0.214115709066391,0.003195972414687276,0.000926838256418705,8.411434464505874e-06,6.218767794052837e-06,0.06123670935630798,0.015246533788740635,0.0,0.006128866225481033,4.638984682969749e-05,0.14835739135742188,2.6498487386561465e-06,,,,
725,0.00749708479270339,0.00021651217704316185,247.562595787982,0.22231480479240417,0.002808989956974983,0.0008142154547385871,6.0789075178036e-06,7.493757038901094e-06,0.02541879005730152,0.01297515258193016,0.0,0.0020466591231524944,0.0001002455028356053,0.1483728140592575,4.530978003458586e-06,5.820438629469193,8.169398027312184,0.9392961825676075,1.0722023045015345
726,0.007774655241519213,0.00021537898048208155,247.93878973601386,0.09752579033374786,0.002825839212164283,0.0007968958234414458,6.034321813785937e-06,5.771407359134173e-06,0.038300883024930954,0.008593723177909851,0.0,0.004712986759841442,7.451324199791998e-05,0.14838016033172607,4.007922143500764e-06,,,,
727,0.006121035665273666,0.00021424883975546506,248.2827974309912,0.2549765706062317,0.0028080798219889402,0.0007465381058864295,7.201664175227052e-06,7.246782388392603e-06,0.014033627696335316,0.007488612085580826,0.0,0.001118869287893176,1.6289008271996863e-05,0.1483941227197647,4.226199052936863e-06,,,,
728,0.006703474558889866,0.0002131217660173448,248.6236029919819,0.3680489659309387,0.002654590178281069,0.000809025950729847,4.202848685963545e-06,5.281686753733084e-06,0.02319207228720188,0.006585539318621159,0.0,0.006409534253180027,4.511234874371439e-05,0.14840146899223328,3.839011242234847e-06,,,,
729,0.007164602633565664,0.00021199777039148366,248.96444348501973,0.11895569413900375,0.0027712213341146708,0.000905577267985791,7.383624506474007e-06,5.329780833562836e-06,0.01602742448449135,0.011579947546124458,0.0,0.00619041221216321,3.2768904929980636e-05,0.14841029047966003,5.026764029025799e-06,,,,
730,0.006998833734542131,0.00021087686397126435,249.30593659798615,0.28640562295913696,0.002870139665901661,0.0008709501707926393,4.720732704299735e-06,4.465920937946066e-06,0.02613188698887825,0.007584671024233103,0.0,0.0012719918740913272,1.647681165195536e-05,0.14842425286769867,1.3649898846779251e-06,,,,
731,0.0062755704857409,0.00020975905781958124,249.65135635097977,0.22696496546268463,0.0026535307988524437,0.00091933598741889,4.528928002400789e-06,5.726914878323441e-06,0.010781816206872463,0.008098549209535122,0.0,0.003453825367614627,6.122470949776471e-06,0.14842864871025085,4.620670097210677e-06,,,,
732,0.007739780005067587,0.00020864436296872958,249.99446672201157,0.36218199133872986,0.0028855258133262396,0.0009705067495815456,7.636519512743689e-06,7.9462170106126e-06,0.017964091151952744,0.013710837811231613,0.0,0.006394362077116966,1.614055327081587e-05,0.14843305945396423,3.832746642729035e-06,,,,
733,0.00852948147803545,0.00020753279042029748,250.34875012998236,0.1787753701210022,0.0030211068224161863,0.000922899809665978,4.951249138684943e-06,3.869045940518845e-06,0.04495600610971451,0.010613597929477692,0.0,0.0017831623554229736,2.5035922590177506e-05,0.1484404057264328,2.577845179985161e-06,,,,
734,0.008632661774754524,0.00020642435114505707,250.69635233201552,0.49775269627571106,0.0025901556946337223,0.0009619141928851604,1.2233641427883413e-05,6.499347364297137e-06,0.0527278408408165,0.008800487034022808,0.0,0.005142906680703163,8.258676643890794e-06,0.1484426110982895,1.060099748428911e-06,,,,
735,0.0077739194966852665,0.00020531905608285687,251.04087130300468,0.2332151234149933,0.00332163879647851,0.0008213749970309436,5.794617663923418e-06,5.027988208894385e-06,0.028485149145126343,0.008826088160276413,0.0,0.0035953752230852842,6.150875560706481e-05,0.1484426110982895,4.718645413959166e-06,,,,
736,0.007967050187289715,0.00020421691614251248,251.38392020598985,0.40290507674217224,0.0031042061746120453,0.0007848191889934242,5.078857157059247e-06,1.1337498108332511e-05,0.04780996963381767,0.00437836954370141,0.0,0.0013784418115392327,8.146764594130218e-05,0.1484389454126358,1.877738895927905e-06,,,,
737,0.0063233389519155025,0.00020311794220170045,251.7233276499901,0.403969943523407,0.0026965190190821886,0.0008265705546364188,1.2396450983942486e-05,3.3191997772519244e-06,0.016921697184443474,0.005429388955235481,0.0,0.004205797798931599,6.250852311495692e-05,0.14843085408210754,6.2695266933587845e-06,,,,
738,0.00630404707044363,0.00020202214510684998,252.0668306670268,0.28186172246932983,0.0026938256341964006,0.0007591235917061567,1.0285912139806896e-05,5.20822459293413e-06,0.01377387810498476,0.007676008157432079,0.0,0.005192809738218784,6.817323446739465e-05,0.14842645823955536,4.497872396314051e-06,,,,
739,0.007218506652861834,0.00020092953567303585,252.41452942998149,0.4821434020996094,0.002812668215483427,0.0010172759648412466,4.8452875489601865e-06,7.05604088580003e-06,0.01658731698989868,0.011640874668955803,0.0,0.0009147438686341047,6.215844041435048e-05,0.14843012392520905,2.4940695766417775e-06,,,,
740,0.007632667198777199,0.00019984012468387215,252.75855258398224,0.1970202922821045,0.0024403217248618603,0.0008389613940380514,6.34608795735403e-06,5.937693458690774e-06,0.03326649218797684,0.00917582493275404,0.0,0.012508776970207691,3.5604447475634515e-05,0.14842571318149567,1.2084778973076027e-06,,,,
741,0.006786351557821035,0.00019875392289140528,253.1040497039794,0.383460134267807,0.002622579922899604,0.0009758253581821918,7.63347816246096e-06,5.55491897102911e-06,0.006094344891607761,0.015500854700803757,0.0,0.001049810671247542,2.042071173491422e-05,0.14843232929706573,4.09033191317576e-06,,,,
742,0.007513892836868763,0.00019767094101600857,253.4457206170191,0.22416271269321442,0.0029616784304380417,0.0007513337186537683,7.75669286667835e-06,3.900616775354138e-06,0.025459513068199158,0.012455355376005173,0.0,0.004549598321318626,3.6824851122219115e-05,0.14843232929706573,1.725324864310096e-06,,,,
743,0.007948028855025768,0.00019659118974627615,253.78994064201834,0.6095501780509949,0.002650144975632429,0.0008003222174011171,7.73119245423004e-06,1.1167411685164552e-05,0.027383599430322647,0.017130011692643166,0.0,0.004296299535781145,5.0240512791788206e-05,0.14843232929706573,1.2584221622091718e-05,,,,
744,0.0075403680093586445,0.00019551467973891689,254.13588519598125,0.05005524307489395,0.002733119996264577,0.0008071763440966606,8.333410733030178e-06,4.857404292124556e-06,0.03187556937336922,0.012019841000437737,0.0,0.0014476964715868235,4.10870743507985e-05,0.1484374701976776,3.3156391054944834e-06,,,,
745,0.006662522908300161,0.00019444142161864988,254.47718771500513,0.547397792339325,0.002781439572572708,0.000760334893129766,1.1338756848999765e-05,7.360414656432113e-06,0.018205299973487854,0.00836973451077938,0.0,0.00516411941498518,1.230216548719909e-05,0.1484367400407791,7.237847512442386e-06,,,,
746,0.005995018407702446,0.00019337142597809973,254.82606998301344,0.05681221932172775,0.0027769887819886208,0.0007090760627761483,4.805692697118502e-06,7.013407412159722e-06,0.015675462782382965,0.006386270746588707,0.0,0.001420715358108282,3.595632006181404e-05,0.14843380451202393,3.860922333842609e-06,,,,
747,0.007734372280538082,0.00019230470337769126,255.1756128949928,0.5578775405883789,0.0027448213659226894,0.0008858858491294086,6.74282955515082e-06,8.692019946465734e-06,0.030268358066678047,0.011057168245315552,0.0,0.0038055512122809887,2.5959765480365604e-05,0.14843085408210754,7.962770177982748e-05,,,,
748,0.006467636674642563,0.0001912412643455457,255.53548313200008,0.22466711699962616,0.002634434960782528,0.0007820915197953582,5.527189841814106e-06,3.2457642191729974e-06,0.007500633597373962,0.015067614614963531,0.0,0.001784122665412724,5.938639515079558e-05,0.14842791855335236,2.474803523000446e-06,,,,
749,0.007552183233201504,0.0001901811193773775,255.88824438798474,0.5191382169723511,0.002949230605736375,0.0008438279619440436,9.557559678796679e-06,6.0127176766400225e-06,0.02362942323088646,0.008403523825109005,0.0,0.011168153956532478,2.5671348339528777e-05,0.14842277765274048,5.268479981168639e-06,,,,
750,0.007854015566408634,0.00018912427893638914,256.25293955602683,0.3048070967197418,0.002842145739123225,0.0007713044760748744,4.835792424273677e-06,6.205216777743772e-06,0.04219498112797737,0.009708130732178688,0.0,0.0017944542923942208,3.578168252715841e-05,0.14842939376831055,4.354883003543364e-06,5.59703439344625,7.848293459330133,0.9914947734497934,1.0642808240189083
751,0.006058005150407553,0.0001880707534531692,256.65219201298896,0.2808487117290497,0.0027829091995954514,0.000879832892678678,5.629072802548762e-06,4.896486643701792e-06,0.0032630874775350094,0.006379825063049793,0.0,0.008152817375957966,4.972253373125568e-05,0.14842718839645386,3.2474970339535503e-06,,,,
752,0.006737773772329092,0.00018702055332558864,257.00817775097676,0.21754172444343567,0.002707560546696186,0.0009114195127040148,6.754109108442208e-06,4.2233978092554025e-06,0.006990829482674599,0.010441906750202179,0.0,0.00875497329980135,3.216144978068769e-05,0.1484374701976776,8.551970677217469e-05,,,,
753,0.00814913772046566,0.0001859736889186991,257.3518170309835,0.26999184489250183,0.0026257901918143034,0.0007904290105216205,5.643834811053239e-06,3.899698640452698e-06,0.049225807189941406,0.011382962577044964,0.0,0.0015429388731718063,1.9527089534676634e-05,0.14845363795757294,2.3405937099596485e-06,,,,
754,0.007344664074480534,0.00018493017056462935,257.6976217679912,0.22253428399562836,0.002751339692622423,0.0007701971917413175,6.43924704490928e-06,7.4227182267350145e-06,0.037723422050476074,0.0066227177157998085,0.0,0.003583790734410286,3.398425906198099e-05,0.14846760034561157,4.225106295052683e-06,,,,
755,0.007310562301427126,0.00018389000856248455,258.04014657100197,0.2759680151939392,0.0026978906244039536,0.0007733746315352619,6.332852535706479e-06,5.0634771469049156e-06,0.017264174297451973,0.016017192974686623,0.0,0.006404857151210308,1.363132287224289e-05,0.14847935736179352,4.677716788137332e-06,,,,
756,0.008536020293831825,0.0001828532131782434,258.39455673802877,0.32185202836990356,0.002681421348825097,0.0008942062268033624,7.224710316222627e-06,5.139525455888361e-06,0.032239750027656555,0.019818564876914024,0.0,0.0037697504740208387,9.878322089207359e-06,0.14849627017974854,1.8370835732639534e-06,,,,
757,0.007901325821876526,0.00018181979464465805,258.74733006901806,0.18285641074180603,0.002932996954768896,0.0007725151954218745,8.062010238063522e-06,4.2506098907324485e-06,0.035403311252593994,0.011356178671121597,0.0,0.00454466138035059,1.6801215679151937e-05,0.14851391315460205,1.841205971686577e-06,,,,
758,0.0077189975418150425,0.00018078976316115213,259.08717864000937,0.36753469705581665,0.002637979807332158,0.0008167282212525606,6.263005161599722e-06,7.272226866916753e-06,0.017109761014580727,0.014375505037605762,0.0,0.016046730801463127,6.261927774176002e-05,0.14853301644325256,5.681030870618997e-06,,,,
759,0.0076255458407104015,0.0001797631288937204,259.42605902202195,0.09251685440540314,0.0026672373060137033,0.0007743295282125473,5.151046480023069e-06,5.994520961394301e-06,0.029017550870776176,0.013728298246860504,0.0,0.0054971142672002316,4.0942803025245667e-05,0.1485683023929596,1.011986387311481e-05,,,,
760,0.00819122139364481,0.00017873990197482867,259.76372518000426,0.4303402602672577,0.0028768470510840416,0.0009480646695010364,8.584121133026201e-06,5.445457645691931e-06,0.046423666179180145,0.006213860120624304,0.0,0.0031321165151894093,2.6224940938845975e-06,0.1486072689294815,2.7544014301383868e-05,,,,
761,0.0070096333511173725,0.0001777200925033138,260.10684103600215,0.13209567964076996,0.002701783087104559,0.0008172282832674682,6.678034878859762e-06,5.272783710097428e-06,0.030610185116529465,0.0046533760614693165,0.0,0.007830921560525894,1.3784401744487695e-05,0.14863888919353485,4.068333964823978e-06,,,,
762,0.00700187124311924,0.00017670371054428333,260.44779340701643,0.33767592906951904,0.002686627907678485,0.0007506174733862281,5.083646101411432e-06,6.764128102076938e-06,0.01631336286664009,0.013750974088907242,0.0,0.00687049375846982,9.336883522337303e-06,0.1486712545156479,3.2319380807166453e-06,,,,
763,0.008165963925421238,0.0001756907661290167,260.7889008090133,0.11817875504493713,0.00233714678324759,0.0008424902334809303,4.3296367948642e-06,4.917420483252499e-06,0.047027330845594406,0.014779554679989815,0.0,0.0012911352096125484,6.773644599888939e-06,0.14871537685394287,1.99861210603558e-06,,,,
764,0.007442915346473455,0.00017468126925486668,261.13576153002214,0.42068618535995483,0.0029779060278087854,0.0007291142828762531,7.63583739171736e-06,5.21053834745544e-06,0.02234206721186638,0.014156772755086422,0.0,0.003454290796071291,1.0854638276214246e-05,0.1487506926059723,1.3216797015047632e-05,,,,
765,0.007335702423006296,0.00017367522988515977,261.4761899660225,0.36748528480529785,0.0028508342802524567,0.0008852818864397705,4.16880402553943e-06,6.538552952406462e-06,0.027174536138772964,0.005889616906642914,0.0,0.009898505173623562,1.0539706636336632e-05,0.14878526329994202,5.2920049711246975e-06,,,,
766,0.007918634451925755,0.0001726726579490982,261.81554184900597,0.1926545947790146,0.002378146629780531,0.0006700225058011711,5.624440291285282e-06,6.539463356602937e-06,0.04836129769682884,0.013575228862464428,0.0,0.0024731226731091738,2.585164475021884e-05,0.1488286703824997,4.879627340415027e-06,,,,
767,0.009479383006691933,0.00017167356334166233,262.1552683659829,0.12695984542369843,0.002233479404821992,0.000674762181006372,9.196081009577028e-06,5.512881671165815e-06,0.0748533383011818,0.01300913654267788,0.0,0.010643618181347847,1.9173741748090833e-05,0.1488647311925888,5.490463081514463e-06,,,,
768,0.008639456704258919,0.00017067795592351278,262.5026592449867,0.25657525658607483,0.003044433891773224,0.000732678803615272,1.007050468615489e-05,4.613831151800696e-06,0.037360869348049164,0.01646379381418228,0.0,0.0057027945294976234,2.9795468435622752e-05,0.1489044725894928,4.560171419143444e-06,,,,
769,0.009032538160681725,0.0001696858455208927,262.8385791690089,0.21657118201255798,0.002809674246236682,0.0008597543928772211,7.3920691647799686e-06,6.510220373456832e-06,0.05045594647526741,0.013695654459297657,0.0,0.005178240593522787,6.259929796215147e-05,0.14894716441631317,1.511257096353802e-06,,,,
770,0.007884910330176353,0.000168697241925531,263.180737777031,0.18616212904453278,0.0029252932872623205,0.0008407770656049252,7.0630885602440685e-06,7.4545323514030315e-06,0.04424874484539032,0.005713735707104206,0.0,0.0026880453806370497,6.329476309474558e-05,0.14899280667304993,2.3860670808062423e-06,,,,
771,0.008154250681400299,0.00016771215489454647,263.5225872740266,0.43884339928627014,0.0027438488323241472,0.0007828738889656961,9.049178515851963e-06,4.6497425501002e-06,0.03715045750141144,0.014570660889148712,0.0,0.002739301649853587,1.9566974515328184e-05,0.1490340381860733,8.751028508413583e-05,,,,
772,0.008250704035162926,0.00016673059415035,263.8693275009864,0.17903047800064087,0.002881052205339074,0.0010199255775660276,5.524309017346241e-06,6.68345592202968e-06,0.038685865700244904,0.006925822235643864,0.0,0.008386113680899143,9.049099389812909e-06,0.14906570315361023,3.427478532103123e-06,,,,
773,0.006702893413603306,0.00016575256938055024,264.211736163008,0.2742409110069275,0.0026476888451725245,0.0007327345083467662,5.902585598960286e-06,5.668454377882881e-06,0.03587808459997177,0.003293238114565611,0.0,0.0038796192966401577,2.5365820874867495e-06,0.14910326898097992,5.176576451049186e-06,,,,
774,0.008578600361943245,0.00016477809023785647,264.55546179797966,0.158914253115654,0.0029123115818947554,0.0008449448505416512,4.185478246654384e-06,4.39594577983371e-06,0.05711296945810318,0.007781887426972389,0.0,0.0018095483537763357,9.485087502980605e-06,0.14913788437843323,7.647549864486791e-06,,,,
775,0.0072726099751889706,0.00016380716633998467,264.89734321902506,0.19909687340259552,0.002700273646041751,0.0009978385642170906,5.6036346904875245e-06,3.917805770470295e-06,0.0244765542447567,0.010332442820072174,0.0,0.0010373557452112436,6.181920525705209e-06,0.14916513860225677,1.715781763778068e-05,5.712177166992643,8.018404874033196,1.000072533449227,0.9623374815781525
776,0.007593175861984491,0.00016283980726956174,265.29489815898705,0.10667942464351654,0.003026657970622182,0.0008354041492566466,4.690220521297306e-06,4.691052254202077e-06,0.029455790296196938,0.010121126659214497,0.0,0.0031650392338633537,7.518374331993982e-06,0.14918503165245056,2.038286311289994e-06,,,,
777,0.008477537892758846,0.000161876022574031,265.64220458699856,0.21334244310855865,0.0028906725347042084,0.0007060060743242502,4.713942871603649e-06,4.919085313304095e-06,0.052633728832006454,0.008905014954507351,0.0,0.007699734065681696,1.7943986676982604e-05,0.1491960734128952,4.2082619984284975e-06,,,,
778,0.007434537634253502,0.00016091582176555816,265.99273009900935,0.17629539966583252,0.002851399825885892,0.0007586208521388471,5.97272355662426e-06,5.05613843415631e-06,0.039504606276750565,0.0043853153474628925,0.0,0.00756837660446763,8.450113455182873e-06,0.14920860528945923,5.768475602963008e-06,,,,
779,0.0067855180241167545,0.00015995921432093802,266.3492290219874,0.05462729558348656,0.0030268793925642967,0.0007683687726967037,5.2566101658158004e-06,6.916808160895016e-06,0.024803388863801956,0.00568342674523592,0.0,0.0024307696148753166,1.5471205188077874e-05,0.1492307037115097,5.4140828069648705e-06,,,,
780,0.006841414142400026,0.00015900620968149957,266.69633684202563,0.08500757068395615,0.0022148138377815485,0.0007348425569944084,6.986668722674949e-06,5.777812475571409e-06,0.037026260048151016,0.00821008626371622,0.0,0.003702937625348568,1.8997223378391936e-05,0.1492483913898468,3.5560751712182537e-06,,,,
781,0.00701293908059597,0.0001580568172530138,267.04962621303275,0.24032655358314514,0.0025011980906128883,0.0007584432023577392,8.261820767074823e-06,4.881898803432705e-06,0.02707163617014885,0.011846237815916538,0.0,0.0017332732677459717,8.484831778332591e-05,0.14926312863826752,4.436665676621487e-06,,,,
782,0.0069693005643785,0.0001571110464056009,267.3895371949766,0.14145776629447937,0.0025017436128109694,0.0007385113276541233,9.144099749391899e-06,5.576733201451134e-06,0.025710664689540863,0.01216375082731247,0.0,0.002678615041077137,5.514307122211903e-05,0.14927344024181366,3.070204456889769e-06,,,,
783,0.006546843331307173,0.00015616890647363721,267.7374334530323,0.16566620767116547,0.002394459443166852,0.0008652230608277023,6.002916052239016e-06,5.385710210248362e-06,0.022977901622653008,0.009462262503802776,0.0,0.0006679089274257421,2.6098761736648157e-05,0.14928081631660461,4.1551393223926425e-06,,,,
784,0.008466201834380627,0.00015523040675566335,268.07650231802836,0.19694744050502777,0.0024619291070848703,0.0007516555488109589,6.158804808364948e-06,5.828908797411714e-06,0.0464186854660511,0.016825690865516663,0.0,0.0036791302263736725,3.946429933421314e-05,0.14928081631660461,4.8796773626236245e-06,,,,
785,0.007639976218342781,0.00015429555651429278,268.4383729120018,0.21107226610183716,0.0025163344107568264,0.0008307986427098513,7.683173862460535e-06,7.858267053961754e-06,0.04544365406036377,0.007051967084407806,0.0,0.0015234777238219976,8.810920553514734e-05,0.1492844969034195,1.5682951925555244e-05,,,,
786,0.005704512353986502,0.0001533643649761201,268.7795003870269,0.08262281864881516,0.0025192901957780123,0.0007831193506717682,4.774494300363585e-06,4.154759153607301e-06,0.005330059677362442,0.008057980798184872,0.0,0.005410361103713512,3.238228237023577e-05,0.1492830216884613,5.20714229423902e-06,,,,
787,0.006863562390208244,0.00015243684133162976,269.12470967002446,0.11413082480430603,0.002421478508040309,0.0007745177717879415,5.898804374737665e-06,4.365106633485993e-06,0.0333343930542469,0.00778644485399127,0.0,0.0034182947129011154,2.0371981008793227e-05,0.1492844969034195,4.473893568501808e-06,,,,
788,0.007044968660920858,0.00015151299473510564,269.4624732140219,0.28325867652893066,0.0026417719200253487,0.0006965871434658766,4.46251669927733e-06,5.186455382499844e-06,0.04770616069436073,0.003307259175926447,0.0,0.000708857667632401,1.2008408702968154e-05,0.1492822915315628,7.651560167687421e-07,,,,
789,0.006080984137952328,0.0001505928343045405,269.7970538230147,0.13940519094467163,0.0024776621721684933,0.00076546601485461,5.218373189563863e-06,4.742186320072506e-06,0.020629752427339554,0.007148236967623234,0.0,0.0009147220989689231,2.7168072847416624e-05,0.14927566051483154,4.2929068513331e-06,,,,
790,0.007255664560943842,0.00014967636912154654,270.1381934109959,0.1259623020887375,0.0024002918507903814,0.0006909325602464378,4.682934104494052e-06,4.843971510126721e-06,0.04260542243719101,0.008571155369281769,0.0,0.004398323595523834,1.701233304629568e-05,0.1492660790681839,4.6573459258070216e-06,,,,
791,0.006596032064408064,0.00014876360823126516,270.48852371098474,0.1552739143371582,0.0025336705148220062,0.0007042586803436279,6.054276127542835e-06,4.974136572855059e-06,0.03215492516756058,0.006367173045873642,0.0,0.0017805327661335468,5.4952495702309534e-05,0.14925870299339294,5.857845280843321e-06,,,,
792,0.007480556610971689,0.0001478545606422777,270.84772250201786,0.17396102845668793,0.002407865831628442,0.0007825749344192445,5.36552306584781e-06,4.673989224102115e-06,0.04347936064004898,0.006104485597461462,0.0,0.008676099590957165,3.462736640358344e-05,0.1492505967617035,5.046234946348704e-06,,,,
793,0.006197023671120405,0.00014694923532651699,271.21239965199493,0.18162629008293152,0.0024460263084620237,0.0007731417426839471,4.139971679251175e-06,4.004289621661883e-06,0.012124475091695786,0.01241287961602211,0.0,0.0016353296814486384,1.3703624063055031e-05,0.14925281703472137,3.1036597647471353e-05,,,,
794,0.007278922013938427,0.00014604764121917835,271.5545826869784,0.096809521317482,0.002383613493293524,0.0006467066705226898,5.126857104187366e-06,4.628529950423399e-06,0.03938516974449158,0.011907308362424374,0.0,0.0029231910593807697,4.616748992702924e-05,0.14925281703472137,2.772293100861134e-06,,,,
795,0.007432503160089254,0.00014514978721863166,271.89460744702956,0.19420240819454193,0.0025934891309589148,0.0007766412454657257,5.071053237770684e-06,4.180094038019888e-06,0.04016360267996788,0.008063681423664093,0.0,0.0037933443672955036,3.716200444614515e-05,0.14925134181976318,2.5914484922395786e-06,,,,
796,0.00699513079598546,0.0001442556821863331,272.24446810700465,0.29098695516586304,0.002671566791832447,0.000907985377125442,6.1244422795425635e-06,5.075738044979516e-06,0.02167031355202198,0.008506422862410545,0.0,0.0038756043650209904,0.00011629569053184241,0.14925649762153625,2.1012006072851364e-06,,,,
797,0.006445691920816898,0.00014336533494673894,272.58905837498605,0.36598122119903564,0.0022131423465907574,0.0008235900895670056,8.69271025294438e-06,4.817657099920325e-06,0.01642037369310856,0.012736015021800995,0.0,0.0021058598067611456,9.686594421509653e-05,0.1492682844400406,4.218996764393523e-06,,,,
798,0.00608826382085681,0.00014247875428721667,272.94559671601746,0.25373923778533936,0.002529224380850792,0.0009371281485073268,7.204330358945299e-06,5.607157618214842e-06,0.016567394137382507,0.004978152923285961,0.0,0.0007544797845184803,4.129811350139789e-05,0.14927859604358673,2.1826788270118413e-06,,,,
799,0.00586229283362627,0.00014159594895795952,273.28807116200915,0.347782701253891,0.00223384122364223,0.0006580787594430149,3.9688638935331255e-06,7.532415111199953e-06,0.024723786860704422,0.006070163566619158,0.0,0.003001383738592267,5.232342300587334e-05,0.14928597211837769,2.3973484530870337e-06,,,,
800,0.006385756190866232,0.0001407169276718996,273.6286377509823,0.18537214398384094,0.0023124483413994312,0.0008917475934140384,4.861049092141911e-06,6.672983545286115e-06,0.011474288068711758,0.013927356339991093,0.0,0.0009515865240246058,9.237540325557347e-06,0.14929260313510895,1.9134704416501336e-06,5.553995118685919,7.804217282516318,0.9428715536665433,0.8287493960068735
801,0.00822882354259491,0.0001398416991046223,274.01811870600795,0.2422587126493454,0.0022513922303915024,0.0008517032256349921,5.953224444965599e-06,5.472505108627956e-06,0.05192677676677704,0.010937330313026905,0.0,0.006157476920634508,8.310305929626338e-06,0.14929407835006714,4.217326932121068e-06,,,,
802,0.006942644249647856,0.00013897027189428,274.35864852002123,0.2545042335987091,0.002505616983398795,0.0007970950100570917,4.763613105751574e-06,3.907516656909138e-06,0.04154534265398979,0.004687096457928419,0.0,0.0010965506080538034,1.7640129499341128e-06,0.1492985039949417,4.25963935413165e-06,,,,
803,0.006707604508846998,0.00013810265464150762,274.70210284000495,0.09281167387962341,0.002322738990187645,0.0007290858193300664,6.018462954671122e-06,4.293091933504911e-06,0.019603507593274117,0.014070581644773483,0.0,0.005512597039341927,9.059343028638978e-06,0.1492999792098999,2.3554825929750223e-06,,,,
804,0.005723039153963327,0.00013723885590933728,275.04382692300715,0.26094356179237366,0.0025354987010359764,0.000785181182436645,5.706341653421987e-06,4.8531619540881366e-06,0.017423922196030617,0.00430649658665061,0.0,0.001007032347843051,7.396453838737216e-06,0.14930438995361328,2.6845314096135553e-06,,,,
805,0.009401746094226837,0.0001363788842231136,275.3916649540188,0.17584070563316345,0.0026360000483691692,0.0007521656225435436,4.561570676742122e-06,4.98246299684979e-06,0.05699092149734497,0.019528832286596298,0.0,0.0039537581615149975,1.2157923265476711e-05,0.14930438995361328,4.396209078549873e-06,,,,
806,0.008331573568284512,0.0001355227480704099,275.73604216298554,0.10810299962759018,0.003100039204582572,0.0008012002217583358,6.877819942019414e-06,4.755525878863409e-06,0.04269060119986534,0.007620037067681551,0.0,0.008613722398877144,3.184060187777504e-05,0.14930734038352966,4.4322950998321176e-06,,,,
807,0.007620302028954029,0.00013467045590094437,276.08471124002244,0.19152355194091797,0.0022262847051024437,0.0006620936910621822,6.437142928916728e-06,6.544337338709738e-06,0.045629940927028656,0.011850154027342796,0.0,0.0058333068154752254,2.8803280656575225e-05,0.1493198722600937,3.7138538573344704e-06,,,,
808,0.0057734414003789425,0.00013382201612649664,276.43292418302735,0.13013383746147156,0.002432443667203188,0.0007200847612693906,5.517711088032229e-06,6.9164016167633235e-06,0.010678324848413467,0.00908307172358036,0.0,0.002684263279661536,4.695478128269315e-05,0.1493338793516159,3.761655534617603e-06,,,,
809,0.007100317161530256,0.00013297743712082489,276.7788571519777,0.3277953565120697,0.002598221180960536,0.0008177959243766963,5.5723894547554664e-06,5.332215550879482e-06,0.030030451714992523,0.008609797805547714,0.0,0.00393133657053113,4.404913488542661e-05,0.14934714138507843,4.992869889974827e-06,,,,
810,0.007743858266621828,0.00013213672721958288,277.12205378100043,0.14732643961906433,0.002582858083769679,0.0007082889787852764,8.970182534540072e-06,6.568236130988225e-06,0.043450724333524704,0.00993729941546917,0.0,0.00470077246427536,3.3703916415106505e-05,0.14935746788978577,4.6712284529348835e-06,,,,
811,0.007585075218230486,0.0001312998947202378,277.45859246200416,0.16226093471050262,0.002330145100131631,0.0007966519333422184,1.2058261745551135e-05,5.995770607114537e-06,0.03376789763569832,0.013984965160489082,0.0,0.003664350602775812,6.0304788348730654e-05,0.14937147498130798,1.3006790595682105e-06,,,,
812,0.006232723593711853,0.00013046694788198873,277.7980346159893,0.23628219962120056,0.0021934162359684706,0.0006564596551470459,6.674139513052069e-06,6.445382950914791e-06,0.03534863144159317,0.0038086306303739548,0.0,0.00543834175914526,2.4886548999347724e-05,0.1493847370147705,7.105183499334089e-07,,,,
813,0.007428295910358429,0.00012963789492568466,278.14925302402116,0.2592375576496124,0.002316734753549099,0.0007073151646181941,4.345869001554092e-06,7.717868356849067e-06,0.037495750933885574,0.014750730246305466,0.0,0.0009739830275066197,2.401760866632685e-05,0.1494031697511673,4.312781129556242e-06,,,,
814,0.00653096055611968,0.00012881274403374332,278.4926454410306,0.12865287065505981,0.0024480726569890976,0.0008020214736461639,3.934523192583583e-06,6.469505933637265e-06,0.017835518345236778,0.011999032460153103,0.0,0.0024425715673714876,8.613651516498066e-06,0.1494186520576477,2.964561190310633e-06,,,,
815,0.007873344235122204,0.00012799150335007136,278.8296013859799,0.19249650835990906,0.002859559841454029,0.0007349771913141012,4.616164915205445e-06,3.347933215991361e-06,0.02325969748198986,0.018358653411269188,0.0,0.006141975987702608,7.523550721089123e-06,0.14943340420722961,1.2834307199227624e-06,,,,
816,0.007029040716588497,0.00012717418097998246,279.1748301109765,0.11646062135696411,0.0024326194543391466,0.0006306052673608065,3.7838406115042744e-06,5.176314516575076e-06,0.04161041975021362,0.008955398574471474,0.0,0.001872517284937203,2.3827476979931816e-05,0.14944666624069214,2.6488366984267486e-06,,,,
817,0.008322766982018948,0.0001263607849901185,279.5134739499772,0.24702000617980957,0.0026572782080620527,0.0007858790340833366,5.53442987438757e-06,5.638315087708179e-06,0.045686159282922745,0.013598228804767132,0.0,0.003501935163512826,7.632879714947194e-06,0.14945846796035767,5.6842218327801675e-06,,,,
818,0.006652361247688532,0.00012555132340836948,279.85817396303173,0.1210772842168808,0.002145713660866022,0.000759852584451437,5.804948159493506e-06,5.655975655827206e-06,0.023783786222338676,0.013535644859075546,0.0,0.003419166896492243,7.818172889528796e-06,0.14946657419204712,1.33659068524139e-06,,,,
819,0.006944768596440554,0.00012474580422379455,280.1994404839934,0.09412963688373566,0.0025322719011455774,0.0008210226660594344,6.0232223404455e-06,3.536861186148599e-06,0.01168382354080677,0.01394425705075264,0.0,0.01025159191340208,2.95396130240988e-05,0.14947764575481415,4.636080120690167e-06,,,,
820,0.0073347934521734715,0.00012394423538654263,280.5464038680075,0.13338792324066162,0.0025495823938399553,0.0008236663416028023,5.078852154838387e-06,4.885083853878314e-06,0.028457192704081535,0.012912694364786148,0.0,0.0029642849694937468,2.255601793876849e-05,0.14949828386306763,3.841252237180015e-06,,,,
821,0.006841811817139387,0.0001231466248077748,280.89182588399854,0.21018071472644806,0.0024941570591181517,0.0008689885726198554,6.0699580899381544e-06,8.68235292728059e-06,0.03068174421787262,0.005210347473621368,0.0,0.004279184155166149,4.093698225915432e-05,0.14951598644256592,2.620623945404077e-06,,,,
822,0.006304726004600525,0.00012235298035958526,281.24203938402934,0.2351227104663849,0.0023277834989130497,0.0009335637441836298,3.727679313669796e-06,7.046516657283064e-06,0.023516550660133362,0.004394335672259331,0.0,0.0024169236421585083,0.0001144627167377621,0.1495351642370224,1.9677913769555744e-06,,,,
823,0.006999143399298191,0.00012156330987492448,281.58392987400293,0.25693291425704956,0.00254176021553576,0.0007965881377458572,8.194478141376749e-06,4.070661816513166e-06,0.03930741921067238,0.005326604470610619,0.0,0.001350102131254971,1.9810147932730615e-05,0.1495521366596222,6.656702225882327e-06,,,,
824,0.006683975923806429,0.00012077762114752125,281.92274403298507,0.2047986537218094,0.002121077384799719,0.0008630267111584544,6.7159553509554826e-06,4.096238171769073e-06,0.033282577991485596,0.004977960605174303,0.0,0.007867779582738876,2.0023469915031455e-05,0.1495668888092041,3.818981440417701e-06,,,,
825,0.006564499344676733,0.00011999592193180604,282.26253265998093,0.372345507144928,0.002553848084062338,0.0010436784941703081,5.3131007007323205e-06,3.4991905977221904e-06,0.01502833142876625,0.0055365534499287605,0.0,0.0064733270555734634,5.3665506129618734e-05,0.1495838463306427,3.1831923479330726e-06,5.493713146720152,7.709321615422369,0.9899237781705619,0.9361132021068501
826,0.007392676081508398,0.00011921821994283457,282.65222273097606,0.07069151848554611,0.0022740389686077833,0.0007748547941446304,2.9267321224324405e-06,4.261070898792241e-06,0.0339486338198185,0.01216116826981306,0.0,0.00849012192338705,5.8664354583015665e-06,0.14960302412509918,3.525410420479602e-06,,,,
827,0.0063990643247962,0.00011844452285621166,282.99145632598083,0.0989338681101799,0.0020797576289623976,0.0006941425963304937,6.313615358521929e-06,4.605115464073606e-06,0.03367237374186516,0.006572624668478966,0.0,0.006526605691760778,3.802168066613376e-06,0.14962811768054962,1.192471700051101e-06,,,,
828,0.007980492897331715,0.00011767483830801509,283.3247498419951,0.19248148798942566,0.002478035632520914,0.0007398419547826052,5.718043212254997e-06,4.905616606265539e-06,0.05124850198626518,0.009540360420942307,0.0,0.004555230028927326,1.2310345482546836e-05,0.14965614676475525,1.034780143527314e-05,,,,
829,0.006088484078645706,0.00011690917389472043,283.66112298500957,0.22896860539913177,0.0023237077984958887,0.0006751453038305044,6.023876267136075e-06,5.340488314686809e-06,0.007479332387447357,0.014413836412131786,0.0,0.006250860169529915,8.416980563197285e-06,0.14968641102313995,1.4845358236925676e-05,,,,
830,0.0063541787676513195,0.00011614753717312668,284.00663185399026,0.2545281648635864,0.0021079257130622864,0.0006855205865576863,4.613486453308724e-06,7.079935585352359e-06,0.0328599289059639,0.0064396969974040985,0.0,0.006258097942918539,7.657044079678599e-06,0.14972035586833954,1.0296639629814308e-06,,,,
831,0.006901322398334742,0.0001153899356602806,284.3466455800226,0.130181223154068,0.0022706135641783476,0.0008856591302901506,4.842168891627807e-06,4.94856431032531e-06,0.023210182785987854,0.012501591816544533,0.0,0.0035364320501685143,2.093613875331357e-05,0.14975504577159882,3.3013216125254985e-06,,,,
832,0.0073289284482598305,0.00011463637683340301,284.68911932001356,0.25530746579170227,0.002340040635317564,0.0008454361814074218,9.850255082710646e-06,5.042452357884031e-06,0.03547276183962822,0.010348067618906498,0.0,0.0032143546268343925,2.6504621928324923e-05,0.14978531002998352,3.63504545930482e-06,,,,
833,0.005615015979856253,0.00011388686812981586,285.0302163719898,0.2214798927307129,0.002017058664932847,0.0006961782346479595,7.868226020946167e-06,6.208386821526801e-06,0.02000219002366066,0.006796579342335463,0.0,0.0021634260192513466,5.8592802815837786e-05,0.14981777966022491,6.848564953543246e-05,,,,
834,0.006540327332913876,0.00011314141694686715,285.3798098450061,0.09508306533098221,0.002693665912374854,0.00070150475949049,5.680158210452646e-06,6.263484465307556e-06,0.02105933241546154,0.010325206443667412,0.0,0.001117766834795475,2.8409787773853168e-05,0.14984436333179474,4.585925125866197e-06,,,,
835,0.007840204052627087,0.00011240003064185916,285.73081836500205,0.2081499993801117,0.002495597815141082,0.0008375772158615291,5.10244626639178e-06,7.225254194054287e-06,0.05047424137592316,0.006176497787237167,0.0,0.004709939938038588,1.6773272363934666e-05,0.1498650461435318,2.6771674583869753e-06,,,,
836,0.0061018033884465694,0.00011166271653197525,286.0863250750117,0.12796126306056976,0.0024887127801775932,0.0007897826144471765,5.168190000404138e-06,7.913071385701187e-06,0.012459956109523773,0.00759417749941349,0.0,0.006696195341646671,2.8801212465623394e-05,0.14988423883914948,6.8020017351955175e-06,,,,
837,0.006457890849560499,0.00011092948189420829,286.4365781020024,0.15075914561748505,0.0025344628375023603,0.0008108377223834395,4.8975330173561815e-06,4.84121119370684e-06,0.0217273086309433,0.005410028155893087,0.0,0.008259996771812439,1.099044948205119e-05,0.14990712702274323,3.0993610380392056e-06,,,,
838,0.00783073902130127,0.00011020033396528789,286.83848764101276,0.14214275777339935,0.002351080998778343,0.0007497891783714294,5.7555203056836035e-06,4.496735982684186e-06,0.05403508245944977,0.008975481614470482,0.0,0.002102871425449848,1.972780955838971e-05,0.14993593096733093,3.448109964665491e-06,,,,
839,0.008452463895082474,0.00010947527994160992,287.1835101530305,0.05716657638549805,0.002523976843804121,0.0007175087230280042,5.402019269240554e-06,3.9427295632776804e-06,0.05488646775484085,0.011261855252087116,0.0,0.006971590220928192,2.8037027732352726e-05,0.14996325969696045,2.9326663479878334e-06,,,,
840,0.008300747722387314,0.00010875432697916476,287.5229513440281,0.21098242700099945,0.002775729401037097,0.0007797121070325375,5.486821464728564e-06,5.291979960020399e-06,0.051979273557662964,0.009707892313599586,0.0,0.002191700041294098,2.7111003873869777e-05,0.14999280869960785,1.3631272395286942e-06,,,,
841,0.007514991331845522,0.00010803748219346721,287.86246644100174,0.0566372312605381,0.002373664639890194,0.0006485452177003026,5.97697135162889e-06,5.180803327675676e-06,0.05134729668498039,0.008549157530069351,0.0,0.00260647339746356,2.5255174477933906e-05,0.15002013742923737,4.778622496814933e-06,,,,
842,0.00688151502981782,0.00010732475265948582,288.20628357701935,0.1430279016494751,0.002274199388921261,0.0007518275524489582,5.7809061217994895e-06,4.836898369831033e-06,0.0380869098007679,0.007829091511666775,0.0,0.0023503913544118404,4.1185790905728936e-05,0.1500430405139923,1.4793874925089767e-06,,,,
843,0.006721555721014738,0.00010661614541157327,288.5450537910219,0.1208176538348198,0.002402761485427618,0.0007629463798366487,6.267158823902719e-06,5.589455213339534e-06,0.03250443562865257,0.006618432700634003,0.0,0.004456950351595879,1.0531673069635872e-05,0.15006521344184875,3.8253333514148835e-06,,,,
844,0.007815159857273102,0.00010591166744339711,288.88446109800134,0.12999600172042847,0.0024017752148211002,0.0006990345427766442,5.252614755590912e-06,5.033952220401261e-06,0.051676444709300995,0.01116105541586876,0.0,0.0008617333369329572,1.5269401046680287e-05,0.1500888466835022,4.077659468748607e-06,,,,
845,0.006984342355281115,0.00010521132570787058,289.2245911639766,0.18897481262683868,0.0024008143227547407,0.000782464980147779,6.340289473882876e-06,5.253929884929676e-06,0.040444500744342804,0.004845844116061926,0.0,0.004459542687982321,1.9902552594430745e-05,0.15010659396648407,2.8603403734450694e-06,,,,
846,0.00750582292675972,0.00010451512711708378,289.56474594399333,0.1309484988451004,0.002519337460398674,0.0007715739193372428,4.361709216027521e-06,3.7828172025911044e-06,0.0559823140501976,0.0034975495655089617,0.0,0.0009266883134841919,1.366624746879097e-05,0.15012580156326294,2.8953515993634937e-06,,,,
847,0.0069896988570690155,0.00010382307854223562,289.9119388940162,0.08908718824386597,0.0021827120799571276,0.0006802019197493792,4.9802947614807636e-06,5.454966412798967e-06,0.03858495131134987,0.009457113221287727,0.0,0.006239220499992371,1.854165930126328e-06,0.15014058351516724,3.3154774428112432e-06,,,,
848,0.008274741470813751,0.00010313518681356635,290.26515295897843,0.12677480280399323,0.0021669482812285423,0.0008367886766791344,3.7752486150566256e-06,4.879538664681604e-06,0.048502713441848755,0.015700779855251312,0.0,0.0036947913467884064,1.4729945178260095e-05,0.15015536546707153,2.829637651302619e-06,,,,
849,0.00697261793538928,0.00010245145872028952,290.61238133499864,0.2529243230819702,0.0019660224206745625,0.0007448107935488224,4.88233763462631e-06,4.06419530918356e-06,0.011985944584012032,0.025579195469617844,0.0,0.0019183775875717402,1.8192680727224797e-05,0.15016867220401764,6.0115562519058585e-06,,,,
850,0.0064680008217692375,0.00010177190101052528,290.95708837598795,0.24599601328372955,0.002212892286479473,0.0008307542884722352,5.47984291188186e-06,5.446732302516466e-06,0.016441525891423225,0.014260881580412388,0.0,0.0015008468180894852,9.866393156698905e-06,0.15017901360988617,1.0823085858646664e-06,5.43708934255314,7.6199766474867685,0.9696615592627462,1.0860158008152987
851,0.007587446831166744,0.00010109652039123391,291.3578032979858,0.17670167982578278,0.002350691007450223,0.0006624511443078518,6.56134398013819e-06,5.98413271291065e-06,0.044200800359249115,0.009386654011905193,0.0,0.008793390356004238,4.411348345456645e-05,0.15018418431282043,3.725805754584144e-06,,,,
852,0.008391419425606728,0.00010042532352814968,291.69890164700337,0.11153648048639297,0.002240600762888789,0.0006942678010091186,6.481604032160249e-06,5.299668373481836e-06,0.04994930699467659,0.018535422161221504,0.0,0.0017328745452687144,5.325767779140733e-05,0.15019527077674866,3.366234523127787e-06,,,,
853,0.005432590842247009,9.975831704571447e-05,292.0444771120092,0.1819230169057846,0.0022117034532129765,0.0008834828622639179,9.114653039432596e-06,6.155041319289012e-06,0.0034838218707591295,0.004972674883902073,0.0,0.0054837665520608425,0.0001979838707484305,0.15020562708377838,7.387666755676037e-06,,,,
854,0.007326900027692318,9.909550752701293e-05,292.38596950500505,0.20773032307624817,0.002311309799551964,0.0006792483618482947,9.626559403841384e-06,5.20004232384963e-06,0.035008445382118225,0.011899732053279877,0.0,0.005208036862313747,0.0001519829238532111,0.1502152383327484,5.831451744597871e-06,,,,
855,0.007093905936926603,9.843690151370759e-05,292.72880363400327,0.2895040214061737,0.002586438786238432,0.0007882133941166103,7.310519322345499e-06,4.384913154353853e-06,0.03340680152177811,0.0074607692658901215,0.0,0.00412423862144351,3.533059498295188e-05,0.15022780001163483,5.898456947761588e-06,,,,
856,0.007010886445641518,9.77825055059737e-05,293.07702210900607,0.09328576922416687,0.002606287831440568,0.0008088462054729462,5.412211066868622e-06,4.545951014733873e-06,0.037064358592033386,0.0053439028561115265,0.0,0.00241855438798666,2.5912602723110467e-05,0.15024037659168243,2.6358789000369143e-06,,,,
857,0.007827683351933956,9.713232596243588e-05,293.4198483179789,0.2063569724559784,0.0026576563250273466,0.0006905524060130119,4.923952928947983e-06,5.326744030753616e-06,0.04627910628914833,0.010507604107260704,0.0,0.0028983433730900288,2.597198727016803e-05,0.15025071799755096,5.596938308372046e-07,,,,
858,0.006226907949894667,9.648636930010361e-05,293.76432123599807,0.19021305441856384,0.002320150611922145,0.0008745803497731686,5.729771146434359e-06,3.323631744933664e-06,0.0184025801718235,0.0068239145912230015,0.0,0.005968125071376562,1.2952104043506552e-05,0.1502610743045807,2.923061401816085e-06,,,,
859,0.006846196949481964,9.584464189430842e-05,294.1150228509796,0.16924235224723816,0.0021781972609460354,0.0007976859342306852,4.776108653459232e-06,4.852727215620689e-06,0.03396391496062279,0.008766023442149162,0.0,0.004734701011329889,1.0237214155495167e-05,0.15027585625648499,4.293347501516109e-06,,,,
860,0.008568601682782173,9.520715007864077e-05,294.46688383299625,0.1390952169895172,0.0023700606543570757,0.0008079625549726188,4.572878879116615e-06,4.031172466056887e-06,0.0565253421664238,0.013203389011323452,0.0,0.0035909325815737247,1.4135743185761385e-05,0.1502876877784729,5.999244876875309e-06,,,,
861,0.007048111408948898,9.457390014488737e-05,294.80883101403015,0.07466181367635727,0.0024232736323028803,0.0007848964887671173,6.382585524988826e-06,3.856122930301353e-06,0.03671279177069664,0.008713066577911377,0.0,0.001226773951202631,1.1422591342125088e-05,0.150300994515419,2.264900649606716e-05,,,,
862,0.006610365118831396,9.39448983429694e-05,295.16385558299953,0.12819886207580566,0.002449681516736746,0.0007757325656712055,6.572946404048707e-06,4.254492523614317e-06,0.017281724140048027,0.011590293608605862,0.0,0.0063361735083162785,7.197142167569837e-06,0.15031282603740692,3.5099126307613915e-06,,,,
863,0.007453397382050753,9.33201508808809e-05,295.5090977270156,0.16509731113910675,0.002451872220262885,0.0006401955033652484,5.678175512002781e-06,4.209675353195053e-06,0.021054867655038834,0.021515989676117897,0.0,0.005038891453295946,1.0646768714650534e-05,0.1503276228904724,4.994534265279071e-06,,,,
864,0.006196450442075729,9.269966392462704e-05,295.8541118580033,0.05467158928513527,0.00238328380510211,0.0009152679704129696,3.704749133248697e-06,4.771272870129906e-06,0.016283206641674042,0.006301002576947212,0.0,0.0059219603426754475,5.6383605624432676e-06,0.1503431499004364,1.530566578367143e-06,,,,
865,0.0076065645553171635,9.208344359816346e-05,296.20383914298145,0.07158519327640533,0.0029313138220459223,0.0006017056293785572,6.104911790316692e-06,3.7876532132941065e-06,0.04012095928192139,0.010467849671840668,0.0,0.0025155546609312296,3.7414465623442084e-05,0.15036164224147797,6.527081495733e-06,,,,
866,0.00637693190947175,9.147149598333617e-05,296.5551160569885,0.06392116099596024,0.002286426955834031,0.000646731466986239,4.8918295760813635e-06,6.039373602106934e-06,0.010414850898087025,0.01905978098511696,0.0,0.0018517498392611742,1.5021626495581586e-05,0.15037494897842407,3.024904799531214e-06,,,,
867,0.00806667935103178,9.086382711982096e-05,296.90737116598757,0.13547956943511963,0.0020829534623771906,0.0007821492617949843,7.857704986236058e-06,4.4934604375157505e-06,0.057013917714357376,0.009002833627164364,0.0,0.0067885322496294975,4.967458517057821e-05,0.1503860503435135,5.447808689496014e-06,,,,
868,0.00579948490485549,9.026044300506416e-05,297.2550833179848,0.1776457279920578,0.002553517697378993,0.0007324662292376161,8.687838089826982e-06,6.001222118356964e-06,0.011873327195644379,0.00789365079253912,0.0,0.0009836856042966247,4.5708326069870964e-05,0.1504001021385193,5.819785201310879e-06,,,,
869,0.005767654161900282,8.966134959422344e-05,297.60117986699333,0.11440686881542206,0.002265543444082141,0.0007583989063277841,6.971155926294159e-06,5.852100912306923e-06,0.020185165107250214,0.005098973400890827,0.0,0.0025122109800577164,5.875996430404484e-05,0.15040898323059082,3.145256414427422e-06,,,,
870,0.006703128106892109,8.906655280010894e-05,297.94457365199924,0.08429664373397827,0.0021130037494003773,0.0007681145216338336,8.915334547054954e-06,5.595654783974169e-06,0.0349169485270977,0.007963188923895359,0.0,0.003200506092980504,5.3471154387807474e-05,0.15041711926460266,2.7054236397816567e-06,,,,
871,0.006968627218157053,8.84760584931249e-05,298.28965024801437,0.260093629360199,0.0022934272419661283,0.0007762756431475282,9.487249371886719e-06,5.849871740792878e-06,0.016616543754935265,0.017388159409165382,0.0,0.00452619232237339,2.0296123693697155e-05,0.15042303502559662,2.605331701488467e-06,,,,
872,0.0069823251105844975,8.788987250121166e-05,298.633494816022,0.03885335847735405,0.002317890292033553,0.0008086524321697652,5.069554845249513e-06,5.724097263737349e-06,0.022554080933332443,0.015986144542694092,0.0,0.000987624516710639,1.1423087926232256e-05,0.15043042600154877,1.6401149878220167e-06,,,,
873,0.005980187561362982,8.730800060978826e-05,298.9785810370231,0.11116185039281845,0.0021895458921790123,0.0006832482758909464,6.218287580850301e-06,6.8265908339526504e-06,0.03495620936155319,0.0021794072818011045,0.0,0.0030637625604867935,1.9728131519514136e-05,0.15043413639068604,4.594624442688655e-06,,,,
874,0.007719631772488356,8.673044856169541e-05,299.3222927650204,0.12617355585098267,0.002210544189438224,0.0007901060162112117,6.044033852958819e-06,6.126212156232214e-06,0.03480351343750954,0.01686670258641243,0.0,0.004038225393742323,2.2103900846559554e-05,0.1504385769367218,5.873193913430441e-06,,,,
875,0.006561529356986284,8.615722205713879e-05,299.6651371580083,0.06789276748895645,0.0024310732260346413,0.0007634406792931259,4.690040896093706e-06,4.484165856410982e-06,0.021154116839170456,0.011205745860934258,0.0,0.003157359315082431,2.263411988678854e-05,0.15044374763965607,2.606206862765248e-06,5.520479995085624,7.749957979613591,0.9735097636839563,0.9117997987615046
876,0.0064336322247982025,8.558832675363237e-05,300.0479145779973,0.0948411226272583,0.0023536912631243467,0.0007184779969975352,6.025143193255644e-06,5.704880095436238e-06,0.021100275218486786,0.011779827997088432,0.0,0.002581631299108267,1.0410977665742394e-05,0.15044966340065002,2.7461042009235825e-06,,,,
877,0.005033413879573345,8.502376826594335e-05,300.3927659059991,0.13459299504756927,0.002333093201741576,0.0006892841192893684,5.1374677241255995e-06,5.210197741689626e-06,0.010216197930276394,0.002920860890299082,0.0,0.005209706258028746,2.609805505926488e-06,0.15045484900474548,1.8300177089258796e-06,,,,
878,0.00749179208651185,8.446355216603588e-05,300.7378833430121,0.1833045929670334,0.002070176647976041,0.0008050998440012336,3.6133160392637365e-06,5.519390015251702e-06,0.054492510855197906,0.007419587578624487,0.0,0.0018725678091868758,7.564404768345412e-06,0.15046001970767975,1.8523448943597032e-06,,,,
879,0.006111639551818371,8.390768398301685e-05,301.0842486480251,0.1583409160375595,0.0020364413503557444,0.0007965074619278312,3.982548150816001e-06,4.464897756406572e-06,0.026134192943572998,0.00463457778096199,0.0,0.009054736234247684,1.951205740624573e-05,0.15046298503875732,4.829143563256366e-06,,,,
880,0.008033335208892822,8.335616920308054e-05,301.4265445659985,0.07305993884801865,0.0024574603885412216,0.0008492639171890914,4.746750164486002e-06,4.291768163966481e-06,0.052217721939086914,0.006366157904267311,0.0,0.007677691522985697,3.818944151134929e-06,0.15047186613082886,1.2830023479182273e-06,,,,
881,0.0058747828006744385,8.28090132694555e-05,301.76667000201996,0.2745443880558014,0.0024161722976714373,0.0007720654830336571,4.629892828234006e-06,4.964808795193676e-06,0.01525063905864954,0.008533025160431862,0.0,0.0006791055202484131,1.385445284540765e-05,0.15048296749591827,4.406292191561079e-06,,,,
882,0.007707880809903145,8.226622158234977e-05,302.10830654599704,0.15430374443531036,0.002221669303253293,0.0007358879083767533,5.5792020248190966e-06,4.051922587677836e-06,0.033229436725378036,0.020512327551841736,0.0,0.0010084285167977214,3.0685214369441383e-06,0.15048961341381073,1.4396881624634261e-06,,,,
883,0.00717289000749588,8.172779949889824e-05,302.45292045600945,0.2232639193534851,0.002157457871362567,0.0008002148824743927,5.823834726470523e-06,5.27522115589818e-06,0.04826957732439041,0.00635087164118886,0.0,0.0015864097513258457,2.1303163521224633e-05,0.150493323802948,4.329197508923244e-06,,,,
884,0.00690140575170517,8.119375233310927e-05,302.7993533249828,0.1041710302233696,0.0022426308132708073,0.0008043550769798458,4.846103820455028e-06,4.792219442606438e-06,0.03430001810193062,0.009360146708786488,0.0,0.002635133918374777,1.7917887817020528e-05,0.15049627423286438,2.4953421871032333e-06,,,,
885,0.005855577066540718,8.066408535581303e-05,303.14575943601085,0.13334861397743225,0.0025390582159161568,0.0007941238582134247,6.763156761735445e-06,4.590360276779393e-06,0.012427332811057568,0.00735504599288106,0.0,0.0017476739594712853,1.6281528587569483e-05,0.15049701929092407,3.702522690218757e-06,,,,
886,0.006113175768405199,8.013880379460866e-05,303.48961903800955,0.06722330302000046,0.002223969204351306,0.000749448430724442,5.924760444031563e-06,4.43547696704627e-06,0.019703514873981476,0.008633512072265148,0.0,0.004080734681338072,8.059776155278087e-05,0.15049849450588226,3.047070094908122e-06,,,,
887,0.006536469794809818,7.961791283381301e-05,303.8346848160145,0.23684462904930115,0.0021303927060216665,0.0007951495936140418,8.326315764861647e-06,3.7957615859340876e-06,0.022626662626862526,0.01307380199432373,0.0,0.0017133705550804734,1.6355272236978635e-05,0.15049923956394196,3.3201276892214082e-06,,,,
888,0.006922174245119095,7.910141761440981e-05,304.17546738602687,0.1578361988067627,0.002390799345448613,0.0006699878140352666,6.223913260328118e-06,3.851306246360764e-06,0.04531323164701462,0.005288851447403431,0.0,0.002211181214079261,3.104056668234989e-05,0.15050071477890015,3.99988175558974e-06,,,,
889,0.006236917804926634,7.858932323399816e-05,304.52162510098424,0.16368292272090912,0.0020313954446464777,0.0008033732883632183,6.694027433695737e-06,7.260044185386505e-06,0.028557805344462395,0.005378950387239456,0.0,0.005847236607223749,4.639343751478009e-05,0.15050368010997772,4.190809249848826e-06,,,,
890,0.005718006752431393,7.808163474674296e-05,304.8656009359984,0.12512898445129395,0.0022168250288814306,0.0007637272356078029,5.259137651592027e-06,5.5101545513025485e-06,0.019327927380800247,0.005744507536292076,0.0,0.0031290974002331495,1.5637302567483857e-05,0.15051034092903137,2.5842650757113006e-06,,,,
891,0.006846725475043058,7.757835716332449e-05,305.23516042198753,0.12194208055734634,0.0022504720836877823,0.0007920588250271976,3.7247273212415166e-06,5.75286640014383e-06,0.03182027116417885,0.010852177627384663,0.0,0.0010178489610552788,3.776897938223556e-05,0.15051700174808502,1.9495562355587026e-06,,,,
892,0.006249400321394205,7.707949545088935e-05,305.5796549139777,0.062489431351423264,0.0020806349348276854,0.0006970155518501997,6.734572707500774e-06,4.921738764096517e-06,0.0372769720852375,0.004724922589957714,0.0,0.0020936408545821905,6.310370372375473e-05,0.1505214422941208,3.5234602364653256e-06,,,,
893,0.00629196735098958,7.65850545330014e-05,305.934566757991,0.18819822371006012,0.00225562765263021,0.00083102349890396,5.515937573363772e-06,4.672853265219601e-06,0.02881571277976036,0.005995273590087891,0.0,0.0015611755661666393,2.1682787973986706e-06,0.15052661299705505,1.3383044006332057e-06,,,,
894,0.00698983995243907,7.609503928959276e-05,306.28483990603127,0.13007226586341858,0.0023719940800219774,0.0006594948354177177,4.705049832409713e-06,4.133676611672854e-06,0.040084321051836014,0.007119608111679554,0.0,0.006733998656272888,5.0107591960113496e-06,0.15053032338619232,2.051244337053504e-06,,,,
895,0.007270169444382191,7.560945455691598e-05,306.6288624210283,0.07488836348056793,0.00226875813677907,0.0006219290080480278,4.6917957661207765e-06,5.047762897447683e-06,0.057924021035432816,0.0037791570648550987,0.0,0.004356299061328173,1.6193731426028535e-05,0.15053698420524597,1.4949962405808037e-06,,,,
896,0.006574590690433979,7.512830512749649e-05,306.9798085310031,0.1801111102104187,0.0025350446812808514,0.0007298145210370421,6.094152922742069e-06,4.719764092442347e-06,0.028337202966213226,0.007543465588241816,0.0,0.002374383620917797,1.4018688489159103e-05,0.1505473405122757,1.728596180328168e-05,,,,
897,0.005682545248419046,7.465159575008484e-05,307.3350872520241,0.10234606266021729,0.0023228165227919817,0.0007294141687452793,4.807711775356438e-06,5.208738002693281e-06,0.015252934768795967,0.008440667763352394,0.0,0.0007945052348077297,1.8816664351106738e-06,0.15055547654628754,1.859869826148497e-06,,,,
898,0.00605675857514143,7.417933112961001e-05,307.6791462270194,0.0717029944062233,0.0021972537506371737,0.0007959922077134252,6.927549748070305e-06,3.611306510720169e-06,0.025060947984457016,0.005630357190966606,0.0,0.002401186153292656,1.1218236068089027e-05,0.1505614072084427,6.421000580303371e-05,,,,
899,0.0072778379544615746,7.37115159271334e-05,308.02260602801107,0.06608149409294128,0.002477168571203947,0.0007980157970450819,7.415907020913437e-06,3.7659799545508577e-06,0.02333715185523033,0.015352645888924599,0.0,0.004140636883676052,3.121739064226858e-05,0.15056435763835907,1.8821160665538628e-06,,,,
900,0.007909270003437996,7.324815475980207e-05,308.3711024670047,0.08496193587779999,0.002375622745603323,0.0008386797271668911,3.4033055271720514e-06,5.939150923950365e-06,0.04211028665304184,0.013263219967484474,0.0,0.003173353150486946,1.9348455680301413e-05,0.15057028830051422,2.440624029986793e-06,5.5622192617661765,7.802591547035989,0.9558275545324209,1.0385838676256804
901,0.007990337908267975,7.278925220080365e-05,308.7479072919814,0.10093715786933899,0.0020551402121782303,0.000759463757276535,3.7942334074614337e-06,5.696522748621646e-06,0.06439240276813507,0.008136646822094917,0.0,0.0018848755862563848,3.829487832263112e-05,0.15057694911956787,4.9623790800978895e-06,,,,
902,0.008709808811545372,7.23348127793211e-05,309.0914144940325,0.0710936039686203,0.0025302136782556772,0.0007179693784564734,6.125280833657598e-06,5.121989488543477e-06,0.06180742010474205,0.01285073347389698,0.0,0.0009642175864428282,4.1292532841907814e-05,0.15058360993862152,1.5651950889150612e-05,,,,
903,0.0064026000909507275,7.188484098048812e-05,309.4363284559804,0.1354990154504776,0.0023819429334253073,0.0006790425395593047,8.57456325320527e-06,3.8241478250711225e-06,0.020833304151892662,0.011065691709518433,0.0,0.001303904689848423,0.00010957241465803236,0.1505880504846573,6.499521259684116e-05,,,,
904,0.005873785354197025,7.143934124534461e-05,309.78050233097747,0.1090344488620758,0.0027028960175812244,0.0006824551965110004,5.300312750478042e-06,5.137156222190242e-06,0.0065393466502428055,0.010649116709828377,0.0,0.0024863961152732372,1.456907921237871e-05,0.15059174597263336,2.0244686311343685e-05,,,,
905,0.008176104165613651,7.099831797079321e-05,310.12131768802647,0.29573357105255127,0.0018826855812221766,0.0006837047985754907,6.758166819054168e-06,4.8338843043893576e-06,0.06224827840924263,0.012872363440692425,0.0,0.004682667553424835,1.9131472072331235e-05,0.15059618651866913,6.577484782610554e-06,,,,
906,0.008550831116735935,7.05617755095555e-05,310.4629427100299,0.10595528781414032,0.002204781398177147,0.0008163138991221786,4.828453711525071e-06,5.597984909400111e-06,0.06841433793306351,0.0061951447278261185,0.0,0.007679701317101717,3.355454100528732e-05,0.1506013721227646,7.83863185915834e-07,,,,
907,0.006480848882347345,7.012971817012945e-05,310.8036303949775,0.1387028992176056,0.002412294503301382,0.0006900005973875523,4.326139787735883e-06,5.850153684150428e-06,0.029907751828432083,0.007884661667048931,0.0,0.0023575942032039165,3.1239866075338796e-05,0.15060950815677643,3.2074874525278574e-06,,,,
908,0.007346041966229677,6.970215021674649e-05,311.16298729903065,0.1490938514471054,0.0023203284945338964,0.0006919171428307891,4.170983629592229e-06,6.105037755332887e-06,0.020499011501669884,0.02196619287133217,0.0,0.0028720656409859657,2.2747504772269167e-05,0.1506146937608719,5.834860985487467e-07,,,,
909,0.008064000867307186,6.92790758693297e-05,311.51040303800255,0.16227221488952637,0.0024284995160996914,0.0007195244543254375,5.035642971051857e-06,5.870282620890066e-06,0.05346338450908661,0.010867795906960964,0.0,0.0018764142878353596,1.6268042600131594e-05,0.15061913430690765,6.673599273199216e-05,,,,
910,0.007300755009055138,6.886049930345206e-05,311.8520910560037,0.07570706307888031,0.002419760450720787,0.0006843460141681135,5.731467354053166e-06,4.395682026370196e-06,0.03379819914698601,0.012371780350804329,0.0,0.00632396899163723,1.6244446669588797e-05,0.15062357485294342,8.758032663536142e-07,,,,
911,0.007101624272763729,6.844642465029537e-05,312.19710386998486,0.11713051050901413,0.00225326931104064,0.0007150784367695451,5.196407983021345e-06,3.7450026866281405e-06,0.041488662362098694,0.010075245052576065,0.0,0.001528672524727881,1.524849358247593e-05,0.15063171088695526,4.51263076683972e-06,,,,
912,0.00674779899418354,6.803685599660926e-05,312.5527105840156,0.12575256824493408,0.002809834899380803,0.0008893867488950491,3.7761453768325737e-06,4.274394086678512e-06,0.029005970805883408,0.004348321817815304,0.0,0.0006342462729662657,4.577475010592025e-06,0.15063689649105072,6.627669790759683e-06,,,,
913,0.006303852889686823,6.76317973846709e-05,312.89134560199454,0.054380305111408234,0.0021483548916876316,0.0006701922975480556,6.83752750774147e-06,4.346487912698649e-06,0.03038708120584488,0.009585981257259846,0.0,0.0010352114913985133,2.03502168005798e-05,0.1506391167640686,2.5707795430207625e-06,,,,
914,0.006514664273709059,6.72312528122454e-05,313.2378252299968,0.07640279084444046,0.0021459730342030525,0.0008036218350753188,6.1707955865131225e-06,5.304069418343715e-06,0.01936996728181839,0.014921952039003372,0.0,0.00022561468358617276,2.0843239326495677e-05,0.1506398618221283,3.2410462154075503e-06,,,,
915,0.006151081528514624,6.683522623254598e-05,313.57546687702416,0.08128255605697632,0.002164878649637103,0.0007727583288215101,5.7380289035791066e-06,4.200589501124341e-06,0.010741036385297775,0.014798900112509727,0.0,0.0025863475166261196,4.23823730670847e-05,0.1506383866071701,2.0203615349601023e-06,,,,
916,0.006864021997898817,6.644372155419492e-05,313.9247756259865,0.13399770855903625,0.002318254904821515,0.0007751620723865926,7.515455763495993e-06,4.351787083578529e-06,0.03946109116077423,0.005218845792114735,0.0,0.0021393788047134876,4.095678013982251e-05,0.15063689649105072,8.326878014486283e-05,,,,
917,0.0053196498192846775,6.605674264118549e-05,314.267599977029,0.10757508873939514,0.0021518494468182325,0.0007185737485997379,5.1312354116817005e-06,6.083196694817161e-06,0.016091682016849518,0.005757387727499008,0.0,0.0014132560463622212,1.4642013411503285e-05,0.15063542127609253,2.2456797523773275e-06,,,,
918,0.008015705272555351,6.567429331284338e-05,314.6171432529809,0.09894471615552902,0.0027412783820182085,0.0006852857186459005,3.946342985727824e-06,6.155827122711344e-06,0.048416998237371445,0.01132149063050747,0.0,0.0017989641055464745,6.168185791466385e-06,0.15063320100307465,3.0856272132950835e-06,,,,
919,0.008906804956495762,6.529637734378897e-05,314.956579605001,0.08250471204519272,0.002462546108290553,0.0008597084670327604,5.959630470897537e-06,4.528019417193718e-06,0.06345953792333603,0.01104541402310133,0.0,0.0036147041246294975,7.61294313633698e-06,0.15062949061393738,3.470387582638068e-06,,,,
920,0.006737023126333952,6.492299846390025e-05,315.300462816027,0.1311948150396347,0.0021172515116631985,0.0009064048063009977,4.9866512199514546e-06,3.528853540046839e-06,0.042426545172929764,0.0036206161603331566,0.0,0.0009232300217263401,3.788085450651124e-05,0.150626540184021,3.7485920074686874e-06,,,,
921,0.00645780935883522,6.455416035827612e-05,315.65674985101214,0.1738653928041458,0.0021358418744057417,0.0006667053094133735,6.115505584602943e-06,4.157432158535812e-06,0.03153962641954422,0.007833613082766533,0.0,0.007243738975375891,1.0895388186327182e-05,0.15062209963798523,1.7797450482248678e-06,,,,
922,0.006396259181201458,6.418986666719976e-05,316.00403147301404,0.09863021224737167,0.00198734481818974,0.0006912442622706294,4.868135874858126e-06,4.579320375341922e-06,0.04100503772497177,0.00693643419072032,0.0,0.00029789734981022775,1.7457779904361814e-05,0.15062135457992554,5.082184088678332e-06,,,,
923,0.006816573906689882,6.38301209861028e-05,316.358687303029,0.11625978350639343,0.0019227522425353527,0.0007473399164155126,6.960957762203179e-06,4.653305950341746e-06,0.0269430223852396,0.013921085745096207,0.0,0.00766761414706707,8.123332918330561e-06,0.15061765909194946,1.6170990875252755e-06,,,,
924,0.006356172263622284,6.347492686552988e-05,316.7087203770061,0.14225554466247559,0.0023447757121175528,0.0006908196955919266,5.040152245783247e-06,4.4333119149087e-06,0.03449500352144241,0.005759908352047205,0.0,0.001379996770992875,1.3120908988639712e-05,0.15061765909194946,1.5431455722136889e-06,,,,
925,0.005836809519678354,6.312428781110366e-05,317.0576281939866,0.06028073653578758,0.002224090276286006,0.0006404598825611174,4.97678411193192e-06,4.673444891523104e-06,0.011399326846003532,0.013434598222374916,0.0,0.0029055257327854633,7.363556051132036e-06,0.15061691403388977,1.861476994236e-05,5.639813741877447,7.91702420214992,0.9605235043382396,0.974087437059607
926,0.006291603669524193,6.277820728348992e-05,317.43835571798263,0.08491019159555435,0.0022354931570589542,0.0008009617449715734,5.736475486628478e-06,4.500166596699273e-06,0.024912387132644653,0.00639146426692605,0.0,0.005789720453321934,7.673063919355627e-06,0.15061616897583008,1.9279254047432914e-05,,,,
927,0.006252143532037735,6.243668869836385e-05,317.7900485660066,0.15712247788906097,0.0020389591809362173,0.00080013123806566,4.712044301413698e-06,5.190971478441497e-06,0.01565481908619404,0.012236134149134159,0.0,0.006580703891813755,2.2334315872285515e-05,0.15061765909194946,5.549969046114711e-06,,,,
928,0.006250261794775724,6.209973542637582e-05,318.13890152802924,0.24922750890254974,0.002577617298811674,0.000705805083271116,4.118564902455546e-06,5.299738404573873e-06,0.024503737688064575,0.006998447701334953,0.0,0.001651169266551733,4.9302007028018124e-06,0.15062282979488373,3.70759516954422e-06,,,,
929,0.006348054856061935,6.17673507931189e-05,318.486617194023,0.19528843462467194,0.002126577775925398,0.0007299719727598131,6.113161362009123e-06,6.193917215568945e-06,0.024970872327685356,0.010783861391246319,0.0,0.0029664381872862577,8.777221410127822e-06,0.1506272703409195,3.8060111364757176e-06,,,,
930,0.006961099337786436,6.143953807909503e-05,318.8295329370303,0.2936301827430725,0.0024776356294751167,0.0007269314373843372,3.717704203154426e-06,6.470394055213546e-06,0.03779357671737671,0.004745740443468094,0.0,0.007970409467816353,1.2100608728360385e-05,0.15063098073005676,2.214120286225807e-06,,,,
931,0.007401057984679937,6.111630051968333e-05,319.187134073989,0.10116894543170929,0.0022561121731996536,0.0007250001654028893,4.891578100796323e-06,4.817744411411695e-06,0.03550092130899429,0.012199322693049908,0.0,0.008792124688625336,9.546435649099294e-06,0.1506376415491104,3.0833732580504147e-06,,,,
932,0.008250591345131397,6.0797641305108106e-05,319.52815381402615,0.07471242547035217,0.0022203163243830204,0.0006960672326385975,6.054952791600954e-06,5.718630745832343e-06,0.05939776450395584,0.012953154742717743,0.0,0.001836378127336502,1.1760818779293913e-05,0.15064726769924164,9.741013400343945e-07,,,,
933,0.006537277717143297,6.048356358040719e-05,319.87160382198635,0.139297753572464,0.002149135572835803,0.0007139326771721244,6.137528089311672e-06,4.7589010137016885e-06,0.01891099475324154,0.014984061941504478,0.0,0.004490661434829235,1.3899360965297092e-05,0.15065540373325348,1.826815423555672e-05,,,,
934,0.006954893935471773,6.017407044540078e-05,320.21871647099033,0.23681774735450745,0.002435574308037758,0.00086253322660923,4.694257768278476e-06,4.378268840810051e-06,0.026206575334072113,0.009316422045230865,0.0,0.005907915532588959,1.3009581380174495e-05,0.150664284825325,2.4871776531654177e-06,,,,
935,0.006687162443995476,5.9869164954661223e-05,320.5684597030049,0.1581195741891861,0.0023842910304665565,0.0006928322836756706,5.730674729420571e-06,4.040609837829834e-06,0.03984672203660011,0.005538917146623135,0.0,0.0023123633582144976,5.6058415793813765e-06,0.15067613124847412,1.3664365496879327e-06,,,,
936,0.00806509144604206,5.9568850117482746e-05,320.9093935160199,0.16062338650226593,0.002418052637949586,0.000637327553704381,4.675621312344447e-06,5.004506419936661e-06,0.04320109263062477,0.015143055468797684,0.0,0.008640442974865437,1.534134025860112e-05,0.15068502724170685,3.174183348164661e-06,,,,
937,0.006868506316095591,5.927312889785146e-05,321.2622943739989,0.07189486175775528,0.00202762708067894,0.0007391034159809351,5.6970429795910604e-06,5.6848466556402855e-06,0.03690680116415024,0.01177242398262024,0.0,0.0010856554144993424,1.5167059245868586e-05,0.15069687366485596,6.124315405031666e-06,,,,
938,0.008243672549724579,5.8982004214416365e-05,321.61591645202134,0.19940577447414398,0.0019910777918994427,0.0006748940795660019,3.5328700960235437e-06,7.726384865236469e-06,0.06894771009683609,0.009008588269352913,0.0,0.00515370350331068,2.9773524147458375e-05,0.1507057547569275,3.8056946323195007e-06,,,,
939,0.0068033975549042225,5.8695478940460573e-05,321.96004317101324,0.23169557750225067,0.0023992727510631084,0.0007231188355945051,5.24236929777544e-06,8.112263458315283e-06,0.03897208347916603,0.004066268913447857,0.0,0.0050923884846270084,6.130585097707808e-05,0.15071538090705872,2.4685077733010985e-06,,,,
940,0.005189151968806982,5.841355590387286e-05,322.3006309950142,0.07530271261930466,0.0024448002222925425,0.0007982690585777164,5.504341515916167e-06,5.219998456595931e-06,0.0038548423908650875,0.004167931620031595,0.0,0.005093761719763279,1.0300265785190277e-05,0.15072722733020782,1.5319041267503053e-05,,,,
941,0.005528275854885578,5.8136237887119895e-05,322.64518131600926,0.12264342606067657,0.0025246606674045324,0.0007595088100060821,5.970102847641101e-06,4.79583195556188e-06,0.01429739035665989,0.0036284546367824078,0.0,0.002330027986317873,2.8896200092276558e-05,0.15074129402637482,3.084074705839157e-06,,,,
942,0.007089074235409498,5.786352762721838e-05,323.00089049199596,0.21629448235034943,0.0021553407423198223,0.000900334445759654,6.694304374832427e-06,3.826375177595764e-06,0.03870145231485367,0.005921459756791592,0.0,0.006832617335021496,5.513588348549092e-06,0.15075314044952393,2.7415653676143847e-06,,,,
943,0.007535793352872133,5.759542781570865e-05,323.34521101700375,0.09890878945589066,0.0020696124993264675,0.0008222468895837665,5.602614237432135e-06,4.9633722483122256e-06,0.05475424975156784,0.006365583278238773,0.0,0.003562350757420063,1.0088901035487652e-05,0.15076647698879242,2.7829410100821406e-06,,,,
944,0.0056995307095348835,5.733194109862747e-05,323.69159856799524,0.10661186277866364,0.0018764545675367117,0.0006631770520471036,6.452479283325374e-06,3.766574764085817e-06,0.02775629423558712,0.004155272617936134,0.0,0.007675323635339737,4.8785965191200376e-05,0.1507805436849594,7.856562660890631e-06,,,,
945,0.006766687147319317,5.707307007648242e-05,324.051360360987,0.2507397532463074,0.0022866239305585623,0.0007681974675506353,4.473482476896606e-06,5.110367055749521e-06,0.03062848001718521,0.01040815468877554,0.0,0.0023455340415239334,5.394776962930337e-06,0.15079684555530548,2.122049409081228e-06,,,,
946,0.00564856082201004,5.6818817304225936e-05,324.3968462020275,0.09705803543329239,0.002418407704681158,0.0007829320384189487,4.300399268686306e-06,4.892428933089832e-06,0.010886204428970814,0.006276808679103851,0.0,0.004735766910016537,9.082083124667406e-06,0.15081091225147247,3.6890369301545434e-06,,,,
947,0.006419990211725235,5.65691852912303e-05,324.7366863579955,0.06867291778326035,0.0023809592239558697,0.000753286003600806,5.98554834141396e-06,3.4876215977419633e-06,0.01772964932024479,0.010279079899191856,0.0,0.007189497351646423,1.0504761121410411e-05,0.15082499384880066,2.5316142000519903e-06,,,,
948,0.00719406409189105,5.632417650126269e-05,325.1068488950259,0.07547291368246078,0.002272205427289009,0.000851218297611922,4.567439646052662e-06,5.740245796914678e-06,0.041429001837968826,0.008009553886950016,0.0,0.001487161498516798,1.4754519725102e-05,0.15084128081798553,3.9856504372437485e-06,,,,
949,0.0073749297298491,5.608379335246091e-05,325.45920770202065,0.08219953626394272,0.002469570143148303,0.0007182444678619504,4.979825462214649e-06,4.307137714931741e-06,0.04942646995186806,0.005341474898159504,0.0,0.003200290724635124,5.684944335371256e-05,0.15085536241531372,2.8109552658861503e-06,,,,
950,0.008344033733010292,5.584803821730962e-05,325.81702792597935,0.23606166243553162,0.00241314759477973,0.0008561151917092502,6.054551704437472e-06,5.272932867228519e-06,0.043401069939136505,0.0166684128344059,0.0,0.002078660298138857,1.0939473213511519e-05,0.1508701741695404,2.743707682384411e-06,5.539524555178932,7.772490534933544,0.9637656988717014,0.9966276316341333
951,0.006347763352096081,5.56169134226168e-05,326.21377562597627,0.042216066271066666,0.0023126464802771807,0.0008032239857129753,3.5209282032155897e-06,4.776529294758802e-06,0.028895985335111618,0.00606923084706068,0.0,0.001656044041737914,3.4298831451451406e-05,0.1508827656507492,2.5988938432419673e-05,,,,
952,0.00668167881667614,5.539042124949088e-05,326.57398569601355,0.09549202769994736,0.0024665307719260454,0.0008002554532140493,4.5571450755232945e-06,4.27529585067532e-06,0.0283324234187603,0.009181251749396324,0.0,0.0004720446886494756,1.5343808627221733e-05,0.15089388191699982,1.7261816083191661e-06,,,,
953,0.006308053620159626,5.516856393331816e-05,326.92792465299135,0.10132879763841629,0.002219420624896884,0.0008971376228146255,5.3432968343258835e-06,6.314006895991042e-06,0.020003683865070343,0.008945165202021599,0.0,0.002450169762596488,8.540299859305378e-06,0.15090203285217285,1.1333636393828783e-06,,,,
954,0.005825578700751066,5.495134366374081e-05,327.28679893998196,0.05690651386976242,0.002199338050559163,0.000771441264078021,5.0415801524650306e-06,4.07018706027884e-06,0.015384304337203503,0.007501560263335705,0.0,0.005953934509307146,8.322166650032159e-06,0.1509087085723877,1.594154855411034e-05,,,,
955,0.004990170709788799,5.473876258463517e-05,327.6370035990258,0.07235448807477951,0.0021507206838577986,0.0006752637564204633,5.58373858439154e-06,4.995583822164917e-06,0.010247109457850456,0.0054967207834124565,0.0,0.0031546810641884804,9.338948075310327e-06,0.15091758966445923,3.1109652809391264e-06,,,,
956,0.004709288943558931,5.453082279409069e-05,327.9851695540128,0.073402039706707,0.002085795160382986,0.0008054025238379836,4.490061655815225e-06,3.915360593964579e-06,0.005367400590330362,0.0025025124195963144,0.0,0.005076044704765081,3.436593260630616e-06,0.15092648565769196,1.8481786128177191e-06,,,,
957,0.005147818475961685,5.432752634438913e-05,328.3244375460199,0.09404121339321136,0.0023006736300885677,0.0007172149489633739,3.6998760606365977e-06,4.448956133273896e-06,0.007764690555632114,0.006784145720303059,0.0,0.0015772267943248153,2.9243779863463715e-05,0.15093538165092468,5.537401648325613e-06,,,,
958,0.007662332151085138,5.412887524198437e-05,328.66750833397964,0.1253538876771927,0.0023646517656743526,0.0009310788009315729,4.937691301165614e-06,5.399253041105112e-06,0.031654953956604004,0.014112081378698349,0.0,0.0011421688832342625,4.543756222119555e-05,0.15094353258609772,8.470812463201582e-05,,,,
959,0.00806344859302044,5.393487144748267e-05,329.0076576260035,0.14262889325618744,0.0023372641298919916,0.0007057934999465942,4.506176537688589e-06,5.199812221690081e-06,0.050016265362501144,0.013212000951170921,0.0,0.00439817737787962,2.154886351490859e-05,0.15094871819019318,3.118403355983901e-06,,,,
960,0.007081608287990093,5.374551687562306e-05,329.34982285503065,0.05215928331017494,0.002292727818712592,0.0007762879831716418,6.3126281020231545e-06,5.512556526809931e-06,0.037652600556612015,0.0072077191434800625,0.0,0.006555999629199505,3.376729000592604e-05,0.15095612406730652,2.1269111130095553e-06,,,,
961,0.006618858315050602,5.356081339525873e-05,329.6873104129918,0.08639694005250931,0.002033046679571271,0.0007731349905952811,5.260777470539324e-06,4.320144398661796e-06,0.030955184251070023,0.010380609892308712,0.0,0.0027820738032460213,4.9851434596348554e-05,0.15096502006053925,1.7991582353715785e-05,,,,
962,0.00645884033292532,5.338076282933854e-05,330.032485497999,0.07755240052938461,0.0023407002445310354,0.0007664901204407215,7.532508789154235e-06,5.074448381492402e-06,0.022099703550338745,0.009874476119875908,0.0,0.0034749507904052734,3.900071169482544e-05,0.1509724259376526,2.936230430350406e-06,,,,
963,0.006603950168937445,5.3205366954888794e-05,330.37290608201874,0.0649237185716629,0.0022559533827006817,0.000863298075273633,4.42731516159256e-06,4.093007191841025e-06,0.023349948227405548,0.009585882537066936,0.0,0.004598398692905903,2.7993701223749667e-05,0.15097984671592712,1.2175055417174008e-06,,,,
964,0.005804056767374277,5.303462750299601e-05,330.7222666339949,0.06607957929372787,0.0021233628503978252,0.0007244477747008204,5.834562216477934e-06,3.9546152947878e-06,0.02428806573152542,0.006356129888445139,0.0,0.0017497844528406858,4.211990017211065e-05,0.15098799765110016,3.292597966719768e-06,,,,
965,0.006356988567858934,5.286854615878964e-05,331.0830885079922,0.16088952124118805,0.0021062337327748537,0.0008211620151996613,7.597079275001306e-06,4.117817297810689e-06,0.020857518538832664,0.012182828970253468,0.0,0.0012761426623910666,8.673519914736971e-06,0.150994673371315,6.647507689194754e-06,,,,
966,0.005812343675643206,5.270712456142551e-05,331.4318878999911,0.13672375679016113,0.0020953293424099684,0.0008579343557357788,5.420642537501408e-06,4.547613116301363e-06,0.013765012845396996,0.007764594629406929,0.0,0.005298104137182236,1.642353890929371e-05,0.15100058913230896,4.423906830197666e-06,,,,
967,0.007381967734545469,5.255036430406964e-05,331.77621514798375,0.07032814621925354,0.0021637764293700457,0.0006682141683995724,4.5023525672149844e-06,5.124825293023605e-06,0.05976545810699463,0.004181715659797192,0.0,0.004347229842096567,8.490269465255551e-06,0.15101023018360138,2.1844296043127542e-06,,,,
968,0.006987311411648989,5.2398266933882417e-05,332.12339795700973,0.07439456880092621,0.001979064429178834,0.0006867816555313766,4.332891876401845e-06,5.450934168038657e-06,0.0331711508333683,0.012833744287490845,0.0,0.008549180813133717,1.2874791536887642e-05,0.1510198712348938,3.560191544238478e-06,,,,
969,0.006983447819948196,5.2250833952003546e-05,332.4736598149757,0.09288333356380463,0.002352339681237936,0.0006953406846150756,5.514271379070124e-06,4.3139980334672146e-06,0.037528641521930695,0.009465275332331657,0.0,0.00276383338496089,2.574442623881623e-05,0.1510317325592041,4.217208697809838e-06,,,,
970,0.008289659395813942,5.2108066813537e-05,332.8139758660109,0.13421951234340668,0.002130929147824645,0.0007846867083571851,6.721448698954191e-06,4.631256615539314e-06,0.05698942393064499,0.013024182990193367,0.0,0.0033628977835178375,1.4087587487665587e-06,0.1510428488254547,3.343596972626983e-06,,,,
971,0.005970441270619631,5.1969966927536814e-05,333.1597868219833,0.09637205302715302,0.0020996304228901863,0.000698450836353004,5.297594725561794e-06,3.19652372127166e-06,0.035831354558467865,0.002515979576855898,0.0,0.003810381982475519,2.839483613570337e-06,0.15105396509170532,1.3895768233851413e-06,,,,
972,0.007265483494848013,5.183653565699306e-05,333.4988998710178,0.053988777101039886,0.002183105330914259,0.0007398220477625728,6.0154011407576036e-06,4.750339485326549e-06,0.03738468512892723,0.013033677823841572,0.0,0.0018195449374616146,2.3494079869124107e-05,0.15106508135795593,5.693772618542425e-05,,,,
973,0.005725480616092682,5.1707774318818616e-05,333.844781939988,0.21617472171783447,0.0023125058505684137,0.0008022835827432573,5.468596100399736e-06,4.590565822581993e-06,0.008128074929118156,0.008884372189640999,0.0,0.0045179445296525955,3.4360564313828945e-05,0.15107324719429016,1.644467374717351e-06,,,,
974,0.004801176954060793,5.158368418383582e-05,334.1873863969813,0.07903946936130524,0.0019839636515825987,0.0007245381711982191,4.811161034012912e-06,4.82801715406822e-06,0.009909586980938911,0.00524583924561739,0.0,0.001809125067666173,8.764173799136188e-06,0.1510821431875229,1.3797916835756041e-06,,,,
975,0.007371528074145317,5.146426647676422e-05,334.5335231900099,0.1080336645245552,0.0022877296432852745,0.0007360212039202452,4.551324309431948e-06,4.524158157437341e-06,0.05093413591384888,0.00627142796292901,0.0,0.003752028103917837,6.067078629712341e-06,0.15108880400657654,2.39373503063689e-06,5.543758124946111,7.781446234396679,0.9700973218126311,0.9434600045701582
976,0.005066089332103729,5.134952237620838e-05,334.9159946980071,0.09539932757616043,0.0019751270301640034,0.0006686621345579624,6.093954652897082e-06,4.384206476970576e-06,0.01121431216597557,0.008428545668721199,0.0,0.0008932809578254819,4.4518892536871135e-05,0.15109547972679138,5.008410880691372e-06,,,,
977,0.006619113031774759,5.123945301464625e-05,335.2688199899858,0.0925704762339592,0.0019128890708088875,0.000726934231352061,5.543681254494004e-06,4.621111656888388e-06,0.045725636184215546,0.006426082458347082,0.0,0.001131347962655127,7.822659426892642e-06,0.15110066533088684,6.326648417598335e-06,,,,
978,0.006202084943652153,5.113405947841802e-05,335.6221091240295,0.158063143491745,0.002434343798086047,0.0008388471323996782,5.627561677101767e-06,5.370367944124155e-06,0.01931389980018139,0.005828511901199818,0.0,0.004485976416617632,1.043523479893338e-05,0.15110290050506592,4.568517761072144e-05,,,,
979,0.005919700488448143,5.10333428077153e-05,335.98322553402977,0.07020468264818192,0.002166742691770196,0.0007129802252165973,5.634584340441506e-06,4.668885139835766e-06,0.018940512090921402,0.010154684074223042,0.0,0.0007698899134993553,9.739889719639905e-06,0.151106595993042,6.212819425854832e-05,,,,
980,0.0073446170426905155,5.093730399657101e-05,336.3422120489995,0.06726574152708054,0.002532446524128318,0.0006976273725740612,4.562250524031697e-06,4.422767233336344e-06,0.03464379906654358,0.013678645715117455,0.0,0.0010693762451410294,8.738052201806568e-06,0.15110883116722107,1.3694875633518677e-05,,,,
981,0.005946468561887741,5.0845943992849396e-05,336.70830886799376,0.08608745038509369,0.0017108197789639235,0.0007507511181756854,5.180893822398502e-06,5.636170499201398e-06,0.03256235271692276,0.005614390596747398,0.0,0.005014399997889996,2.1992489564581774e-05,0.15110883116722107,1.2597683053172659e-05,,,,
982,0.0061856661923229694,5.0759263698236864e-05,337.06854849797674,0.11004623770713806,0.00211595231667161,0.0007569102453999221,4.1214025259250775e-06,3.8913572097953875e-06,0.02502354234457016,0.006211362779140472,0.0,0.007964875549077988,5.004187551094219e-05,0.15111030638217926,4.055953468196094e-06,,,,
983,0.006935517303645611,5.067726396823285e-05,337.4127343620057,0.04224260151386261,0.0021342933177948,0.0007305992185138166,4.497248482948635e-06,4.0359327613259666e-06,0.032871004194021225,0.013317947275936604,0.0,0.001254696398973465,6.157660391181707e-05,0.1511162370443344,3.920607468899107e-06,,,,
984,0.005181652959436178,5.0599945612141705e-05,337.76100670697633,0.1389618068933487,0.001919878413900733,0.0007312201778404415,6.33213994660764e-06,3.716852688739891e-06,0.017451830208301544,0.004602434579282999,0.0,0.0036522983573377132,3.0808670999249443e-05,0.15111994743347168,1.4657216524938121e-06,,,,
985,0.006941895931959152,5.0527309393064295e-05,338.11914019001415,0.11360777914524078,0.0019092403817921877,0.0008396569173783064,4.562575668387581e-06,4.579023425321793e-06,0.05061117932200432,0.0053366124629974365,0.0,0.000743045995477587,5.910030267841648e-06,0.15112662315368652,3.516301603667671e-06,,,,
986,0.00627173762768507,5.045935602789076e-05,338.4696249400149,0.07543771713972092,0.002227668883278966,0.0007759746513329446,5.00774285683292e-06,4.392690243548714e-06,0.021101297810673714,0.009507780894637108,0.0,0.004583255387842655,8.728984539629892e-06,0.1511310636997223,3.249260544180288e-06,,,,
987,0.007698334753513336,5.039608618729346e-05,338.8141370409867,0.07037860155105591,0.0024147904478013515,0.0008052624762058258,6.185126039781608e-06,4.615992565959459e-06,0.037809837609529495,0.012209112755954266,0.0,0.005112600512802601,4.4009851990267634e-05,0.15113700926303864,2.828271590260556e-06,,,,
988,0.005731794983148575,5.033750049572013e-05,339.1560851180111,0.048161521553993225,0.001996544422581792,0.0008409186266362667,4.811020971828839e-06,4.41540350948344e-06,0.02205197885632515,0.006096007768064737,0.0,0.0015783143462613225,1.5838035324122757e-05,0.15114516019821167,3.05019329971401e-06,,,,
989,0.007401989307254553,5.028359953138787e-05,339.5053058930207,0.19736118614673615,0.002245514187961817,0.0009431933867745101,4.226597866363591e-06,4.467130565899424e-06,0.0260921698063612,0.015667956322431564,0.0,0.002601146697998047,2.790590406220872e-05,0.1511525809764862,2.6311354304198176e-06,,,,
990,0.008096403442323208,5.023438382627749e-05,339.85125373199116,0.09099674969911575,0.00240096403285861,0.0008207882638089359,5.078542017145082e-06,4.892202923656441e-06,0.040095195174217224,0.015773022547364235,0.0,0.0042418367229402065,5.207672074902803e-06,0.15115998685359955,3.6329154227132676e-06,,,,
991,0.00614988012239337,5.018985386612814e-05,340.1951378840022,0.042971380054950714,0.002279150765389204,0.0008058823877945542,5.764194611401763e-06,4.0501599869458005e-06,0.030719146132469177,0.003440035041421652,0.0,0.002438967116177082,5.346434591047e-06,0.15116888284683228,2.3962309114722302e-06,,,,
992,0.007571053691208363,5.015001009043253e-05,340.5382065590238,0.19884240627288818,0.0023487526923418045,0.0006764276186004281,4.421640369400848e-06,5.1098390940751415e-06,0.03325948119163513,0.01585262641310692,0.0,0.007161895278841257,1.1899369383172598e-05,0.1511770486831665,4.7228613766492344e-06,,,,
993,0.006206439342349768,5.0114852892432584e-05,340.88712451502215,0.16711698472499847,0.00196770834736526,0.0007172540063038468,4.9658119678497314e-06,5.144927854416892e-06,0.02451326884329319,0.009784862399101257,0.0,0.006117747165262699,2.4812154151732102e-05,0.15118816494941711,1.707799128780607e-05,,,,
994,0.00630640285089612,5.008438261911574e-05,341.2260029700119,0.09937310218811035,0.002142175566405058,0.0006634827004745603,4.746563263324788e-06,5.644747488986468e-06,0.03618773818016052,0.006909376475960016,0.0,0.001030709594488144,2.9188628104748204e-05,0.1512007862329483,1.0993828709615627e-06,,,,
995,0.0069923000410199165,5.005859957121122e-05,341.56914298800984,0.1377226859331131,0.0020557937677949667,0.0008078044629655778,5.501876785274362e-06,6.584711627510842e-06,0.049200549721717834,0.004509732127189636,0.0,0.001924636191688478,3.570368789951317e-05,0.15121115744113922,5.884121037524892e-06,,,,
996,0.005145546980202198,5.003750400318735e-05,341.9105708710267,0.0660698264837265,0.002074172720313072,0.000768671918194741,5.243286977929529e-06,5.516956662177108e-06,0.009669004008173943,0.007448432967066765,0.0,0.0004193612840026617,2.481613410054706e-05,0.15122006833553314,1.1303027349640615e-06,,,,
997,0.008305750787258148,5.0021096123248834e-05,342.2534128149855,0.10221429914236069,0.002010802971199155,0.0009432369843125343,6.295263119682204e-06,5.211869847698836e-06,0.05429600179195404,0.011617699638009071,0.0,0.00496286666020751,1.2550527571875136e-05,0.15122674405574799,4.911838914267719e-06,,,,
998,0.006279733497649431,5.000937609333487e-05,342.5941006169887,0.0702974870800972,0.0019802229944616556,0.0008168240892700851,5.601201337412931e-06,4.047353286296129e-06,0.02890079841017723,0.006196492351591587,0.0,0.00661511579528451,1.8393642676528543e-05,0.15123489499092102,4.303014975448605e-06,,,,
999,0.006404967047274113,5.000234402911735e-05,342.93451187602477,0.11918140947818756,0.001819703495129943,0.0007353539112955332,5.8256132433598395e-06,4.584966518450528e-06,0.03220571577548981,0.008625858463346958,0.0,0.0069272397086024284,3.6957921111024916e-05,0.15124380588531494,3.0140890885377303e-06,,,,
1000,0.00737122492864728,5e-05,343.2762123600114,0.10647962242364883,0.002001851098611951,0.0008282260969281197,6.546683835040312e-06,7.035101589281112e-06,0.03572091460227966,0.012597909197211266,0.0,0.007133803330361843,1.9978746422566473e-05,0.15125492215156555,3.343162461533211e-06,5.565805098858986,7.810944289795248,0.9644947391364319,0.9802010485338704
