epoch,loss,learning_rate,training_seconds,gradient_norm,simulation,top,hot,cold,top_center,top_tail,top_tail_slope,top_tail_endpoint,pde,boundary,initial,interface,low_cooling,contact_prior,temporal,validation_score_k,validation_顶部_rmse_k,validation_热端_rmse_k,validation_冷端_rmse_k
1,10.966750144958496,0.0009999976559708827,0.5520818179938942,52.60251235961914,0.3187725245952606,0.8113517761230469,0.0032792347483336926,0.001302426098845899,1.0548206567764282,0.908374547958374,2.2120148059912026e-05,0.9089985489845276,2.3378825062536635e-05,0.003960364032536745,0.0,0.0005566400359384716,0.0005952076171524823,0.0,2.8490335353126284e-06,26.443303589409386,206.17766598446946,11.670588661982842,16.877420723687887
2,8.301873207092285,0.0009999906239066651,0.9184454900096171,14.05394458770752,0.26521411538124084,0.5876837968826294,0.002283260691910982,0.005029105581343174,0.7975429892539978,0.6830163598060608,1.8142678527510725e-05,0.6838333010673523,3.071927494602278e-05,0.01606118306517601,0.0,0.000255345570622012,0.005977701395750046,1.1397423804737628e-07,1.4167899280437268e-06,,,,
3,7.414679050445557,0.0009999789038767511,1.226233796973247,20.490495681762695,0.22556379437446594,0.4324653148651123,0.012273738160729408,0.017155248671770096,0.6087123155593872,0.5111265182495117,1.3005179425817914e-05,0.5117151141166687,0.000287321163341403,0.032662250101566315,0.0,0.0013041069032624364,0.01429511234164238,1.161333784693852e-06,1.050724313245155e-05,,,,
4,6.635369300842285,0.0009999624959968127,1.5329971080063842,23.581809997558594,0.21343261003494263,0.3743840157985687,0.012754850089550018,0.01738646626472473,0.5252364873886108,0.4228050410747528,9.147996024694294e-06,0.4226938486099243,0.0007507294067181647,0.05308526009321213,0.0,0.0034578065387904644,0.018284622579813004,3.6927531255059876e-06,4.848714070249116e-06,,,,
5,5.288837909698486,0.0009999414004287887,1.8563930339878425,17.20223617553711,0.1821996420621872,0.31515243649482727,0.0071275923401117325,0.009961122646927834,0.48330092430114746,0.3700539469718933,1.4883174117130693e-05,0.3692246973514557,0.0010117052588611841,0.06703945994377136,0.0,0.0078049227595329285,0.017926717177033424,2.675028554222081e-06,1.8484643078409135e-06,,,,
6,4.13340950012207,0.0009999156173808841,2.1770086620235816,14.126161575317383,0.16730719804763794,0.2745864987373352,0.0027619916945695877,0.003118957160040736,0.415163516998291,0.3126588463783264,3.4138931368943304e-05,0.3113580644130707,0.0018798972014337778,0.08146671950817108,0.0,0.016336895525455475,0.01188870519399643,1.0944941095658578e-06,4.7818512030062266e-06,,,,
7,2.8647797107696533,0.0009998851471075673,2.4996340749785304,13.677055358886719,0.1475350558757782,0.1904110163450241,0.0009469657088629901,0.0008268127567134798,0.3109666109085083,0.2276766449213028,7.035512680886313e-05,0.22675679624080658,0.005045143887400627,0.1427363008260727,0.0,0.03516635298728943,0.012458588927984238,1.4917986845830455e-07,1.750441879266873e-05,,,,
8,2.0088918209075928,0.0009998499899095672,2.8256729249842465,7.433155536651611,0.1206628680229187,0.13369712233543396,0.0006293202168308198,0.000704264035448432,0.20630884170532227,0.1522640883922577,0.00013019675679970533,0.15325243771076202,0.006486427038908005,0.20026351511478424,0.0,0.06135263293981552,0.010141884908080101,9.725135896587744e-08,1.7916840079124086e-05,,,,
9,2.2286126613616943,0.0009998101461338716,3.1533744009793736,20.077524185180664,0.09661957621574402,0.1546211838722229,0.0015689292922616005,0.0013122985837981105,0.15497449040412903,0.17911091446876526,0.00023774926376063377,0.18428605794906616,0.01266096904873848,0.5088909268379211,0.0,0.13910654187202454,0.018658848479390144,9.611394489184022e-07,4.205747245578095e-06,,,,
10,3.077291965484619,0.0009997656161737222,3.475510903983377,31.16962242126465,0.08548738807439804,0.20626497268676758,0.0015177404275164008,0.005805023014545441,0.1841091513633728,0.24645599722862244,0.00034615842741914093,0.25481748580932617,0.04244000464677811,0.5893702507019043,0.0,0.19118726253509521,0.0347285121679306,3.0591363611165434e-06,1.581572723807767e-05,,,,
11,3.527243137359619,0.0009997164004686117,3.80175101198256,41.18109893798828,0.08482545614242554,0.20493334531784058,0.0038715163245797157,0.01281557884067297,0.17578187584877014,0.2471819370985031,0.00045635030255652964,0.2570965588092804,0.03896024823188782,0.7209900617599487,0.0,0.25705423951148987,0.024923434481024742,6.694216608593706e-06,1.815222276491113e-05,,,,
12,2.9649078845977783,0.0009996624995042794,4.126803972991183,39.052181243896484,0.07660044729709625,0.15859228372573853,0.004264397546648979,0.012755893170833588,0.1353837549686432,0.1944265365600586,0.0005956678651273251,0.20453676581382751,0.013927029445767403,0.5726011991500854,0.0,0.2146790623664856,0.028917264193296432,1.2070312550349627e-05,2.4978047804324888e-05,,,,
13,1.9317779541015625,0.000999603913812706,4.456609892018605,27.31108283996582,0.07210354506969452,0.09781714528799057,0.0025786771439015865,0.0090295085683465,0.0880068987607956,0.12026143074035645,0.0007841871120035648,0.12876290082931519,0.015606866218149662,0.48972904682159424,0.0,0.1455678939819336,0.01305469498038292,1.9320286810398102e-05,3.514165655360557e-05,,,,
14,1.1192395687103271,0.0009995406439721089,4.782387308019679,14.342270851135254,0.06384669989347458,0.05102161318063736,0.001591718290001154,0.0038691964000463486,0.07614872604608536,0.06498933583498001,0.0010341266170144081,0.06953975558280945,0.01794608309864998,0.4186122715473175,0.0,0.11098235100507736,0.03691631928086281,2.8603302780538797e-05,5.556846008403227e-05,,,,
15,1.0147169828414917,0.0009994726906069353,5.10817883402342,13.320934295654297,0.0583539642393589,0.04920073598623276,0.0019311782671138644,0.0019478261237964034,0.10083924233913422,0.05395334213972092,0.0013365893391892314,0.05357777699828148,0.00858963094651699,0.2511695623397827,0.0,0.10883146524429321,0.025858456268906593,4.012341742054559e-05,7.774845289532095e-05,,,,
16,1.2634599208831787,0.0009994000543878578,5.43222107400652,14.186405181884766,0.05051443725824356,0.0465041846036911,0.005365842487663031,0.003915256820619106,0.09658390283584595,0.04686076566576958,0.0015300305094569921,0.04550172761082649,0.012322959490120411,0.23303036391735077,0.0,0.09402798116207123,0.05916252359747887,5.399399378802627e-05,0.0004835166037082672,,,,
17,1.4365030527114868,0.0009993227360317665,5.759290928021073,21.303274154663086,0.053691282868385315,0.038102708756923676,0.00894935056567192,0.0061432113870978355,0.08111292868852615,0.04029269516468048,0.0015371892368420959,0.038717348128557205,0.01868976280093193,0.2766689956188202,0.0,0.051495909690856934,0.04756905511021614,7.007954991422594e-05,0.0003062229952774942,,,,
18,1.3759063482284546,0.0009992407363017626,6.085098670970183,17.866779327392578,0.04710521921515465,0.04250016063451767,0.0075678108260035515,0.005614671390503645,0.08697883784770966,0.04200516641139984,0.0014079660177230835,0.03932717442512512,0.017553474754095078,0.22336572408676147,0.0,0.06403260678052902,0.044898465275764465,8.756191527936608e-05,0.0002552405057940632,,,,
19,1.1353203058242798,0.00099915405600715,6.407881977967918,15.43993091583252,0.04531911760568619,0.03488817438483238,0.005977423395961523,0.003927344456315041,0.07757118344306946,0.039994318038225174,0.0011517215752974153,0.03758056461811066,0.009803570806980133,0.23938895761966705,0.0,0.06702061742544174,0.05264965817332268,0.00010633900092216209,0.0002068019675789401,,,,
20,0.7671574950218201,0.0009990626960034283,6.733983439975418,10.244643211364746,0.046269387006759644,0.026081493124365807,0.0037193968892097473,0.0018392675556242466,0.05614247918128967,0.030229192227125168,0.0008435235940851271,0.02971493825316429,0.013185184448957443,0.2391703575849533,0.0,0.15032726526260376,0.028254864737391472,0.00012691723532043397,3.912447937182151e-05,,,,
21,0.5437914729118347,0.000998966657192284,7.056581833981909,3.0312271118164062,0.045695412904024124,0.02538815699517727,0.001415543956682086,0.0011214070254936814,0.03368004038929939,0.025887776166200638,0.0005808615242131054,0.027759792283177376,0.021473269909620285,0.26124483346939087,0.0,0.14747151732444763,0.011334667913615704,0.00015041186998132616,6.728406879119575e-05,,,,
22,0.6948526501655579,0.0009988659405215812,7.385292853985447,15.775684356689453,0.04522743448615074,0.026151347905397415,0.0010233495850116014,0.004362763836979866,0.026510899886488914,0.02720789425075054,0.00043976688175462186,0.02951873280107975,0.0141594298183918,0.2821075916290283,0.0,0.18505917489528656,0.022282924503087997,0.00017433561151847243,2.603754364827182e-05,,,,
23,0.9339179992675781,0.000998760546985353,7.711164335021749,23.87382698059082,0.04627828672528267,0.029139362275600433,0.0018114002887159586,0.007619818672537804,0.02001344785094261,0.028013331815600395,0.00037494872231036425,0.030361352488398552,0.0226188525557518,0.4081360995769501,0.0,0.1964898258447647,0.03203258290886879,0.00020034800400026143,1.0502909390197601e-05,,,,
24,0.9409902691841125,0.0009986504776237908,8.038479883980472,25.831632614135742,0.04227179288864136,0.03097410500049591,0.0017753866268321872,0.008262458257377148,0.015209775418043137,0.02610822767019272,0.0003451478260103613,0.028163574635982513,0.01236514188349247,0.3509420156478882,0.0,0.18980219960212708,0.018442276865243912,0.00022819731384515762,6.685015250695869e-06,,,,
25,0.679551899433136,0.000998535733523235,8.365621883014683,19.79310417175293,0.041324496269226074,0.02292809449136257,0.0011793121229857206,0.005339413415640593,0.013197972439229488,0.020006539300084114,0.00033124108449555933,0.02138335630297661,0.014323827810585499,0.41752707958221436,0.0,0.16552555561065674,0.009668483398854733,0.00025752154760994017,4.186599198874319e-06,16.62638378535378,34.200645458057494,5.791335872775014,11.869804316367683
26,0.46351516246795654,0.0009984163158161632,8.718012303987052,8.956063270568848,0.03573305159807205,0.018802089616656303,0.00045298459008336067,0.0021158831659704447,0.018005264922976494,0.015397915616631508,0.00031864314223639667,0.0157176461070776,0.026954788714647293,0.41004130244255066,0.0,0.18011407554149628,0.029794558882713318,0.0002888446324504912,6.201243195391726e-06,,,,
27,0.41036540269851685,0.0009982922256811804,9.046611886005849,5.81930685043335,0.033599305897951126,0.01739254966378212,0.0013105834368616343,0.00023692645481787622,0.028081409633159637,0.016951782628893852,0.00031394523102790117,0.01649591512978077,0.024237830191850662,0.29227980971336365,0.0,0.1377146691083908,0.032674286514520645,0.0003241590457037091,1.1568652553251013e-05,,,,
28,0.5465651750564575,0.000998163464343006,9.367408588994294,16.220346450805664,0.037287432700395584,0.017667096108198166,0.003394180443137884,0.0006024757749401033,0.013911026529967785,0.015926674008369446,0.0003232297603972256,0.016266873106360435,0.019746530801057816,0.4357287585735321,0.0,0.2420068234205246,0.05066189542412758,0.0003634705499280244,0.00012326729483902454,,,,
29,0.4944915771484375,0.000998030033072462,9.691501410969067,17.198524475097656,0.03473476693034172,0.01612773910164833,0.003616422414779663,0.0009992424165830016,0.014091422781348228,0.015168157406151295,0.0003034883411601186,0.015494177117943764,0.019893383607268333,0.22400236129760742,0.0,0.14454779028892517,0.009860479272902012,0.00040587622788734734,1.6314777894876897e-05,,,,
30,0.44140586256980896,0.0009978919331864618,10.015697812021244,11.201385498046875,0.033325206488370895,0.016234170645475388,0.002299556042999029,0.0005027985316701233,0.030289841815829277,0.015772977843880653,0.000265079754171893,0.015410732477903366,0.01087401807308197,0.2757590413093567,0.0,0.14311568439006805,0.010514689609408379,0.0004490433493629098,5.499831786437426e-06,,,,
31,0.41192132234573364,0.0009977491660479953,10.349790551001206,8.354995727539062,0.03747258335351944,0.016739122569561005,0.0009252922027371824,0.00012093225814169273,0.033738136291503906,0.016075827181339264,0.00024099575239233673,0.015756504610180855,0.02281872369349003,0.579084038734436,0.0,0.13430708646774292,0.022637343034148216,0.0004944339161738753,3.1421979656443e-05,,,,
32,0.3510128855705261,0.0009976017330661164,10.675543136021588,3.28653883934021,0.03346995636820793,0.01540702860802412,0.0002587874187156558,0.0005117660039104521,0.016232648864388466,0.01575756072998047,0.0002414837945252657,0.016571344807744026,0.025664040818810463,0.48268061876296997,0.0,0.1871040016412735,0.03157415986061096,0.0005434313789010048,7.408981446133112e-07,,,,
33,0.36813414096832275,0.000997449635695929,11.000779160996899,8.55031681060791,0.034575436264276505,0.014652306213974953,0.0001335959241259843,0.0018842779099941254,0.01694728247821331,0.016491178423166275,0.00023553601931780577,0.017427515238523483,0.006694047711789608,0.300822913646698,0.0,0.20063498616218567,0.006712344940751791,0.0005977706168778241,5.478722187035601e-07,,,,
34,0.3946346640586853,0.000997292875438573,11.321472509007435,8.644662857055664,0.03807483986020088,0.014262977056205273,0.00016001123003661633,0.001909389509819448,0.017876509577035904,0.015466985292732716,0.00023482218966819346,0.016236310824751854,0.009222839027643204,0.4307858347892761,0.0,0.1784386932849884,0.018597453832626343,0.000656603486277163,2.657994855326251e-07,,,,
35,0.3336030840873718,0.000997131453841209,11.645193575008307,5.367225170135498,0.0324428416788578,0.013806549832224846,5.909229366807267e-05,0.0010303199524059892,0.020561374723911285,0.014228555373847485,0.00022740662097930908,0.014684243127703667,0.01984146423637867,0.42134788632392883,0.0,0.21121397614479065,0.01205804105848074,0.0007189641473814845,5.689449835699634e-07,,,,
36,0.33098167181015015,0.0009969653724970025,11.975542275991756,3.932100772857666,0.03383387252688408,0.013230456970632076,0.0005747092654928565,0.0001346243661828339,0.017004787921905518,0.015005848370492458,0.00020570759079419076,0.015514138154685497,0.0346105620265007,0.387445330619812,0.0,0.1304127275943756,0.04389912262558937,0.0007867726963013411,9.265231710742228e-07,,,,
37,0.3638240396976471,0.0009967946330451097,12.302402262983378,7.345454216003418,0.03266265615820885,0.01367407850921154,0.001144470414146781,0.00014486537838820368,0.019486822187900543,0.014149949885904789,0.00013718906848225743,0.014303349889814854,0.005613279528915882,0.3803900182247162,0.0,0.19030192494392395,0.041756484657526016,0.0008580274879932404,8.50566357257776e-06,,,,
38,0.35350745916366577,0.0009966192371706599,12.62997466296656,6.507801532745361,0.03178032487630844,0.014027422294020653,0.0009873950621113181,0.00010865545482374728,0.022209152579307556,0.013841437175869942,7.353835826506838e-05,0.013826096430420876,0.010472426190972328,0.3563232421875,0.0,0.18379539251327515,0.03712541610002518,0.000933477480430156,2.6054061663671746e-07,,,,
39,0.2941146492958069,0.0009964391866047397,12.951951275987085,2.563168525695801,0.032732583582401276,0.014152656309306622,0.0004265402676537633,8.468085434287786e-05,0.01771176978945732,0.013632803224027157,4.5923039579065517e-05,0.013705679215490818,0.006645008455961943,0.3410188555717468,0.0,0.19276589155197144,0.015672242268919945,0.0010124099208042026,1.9568949483073084e-07,,,,
40,0.2878451347351074,0.0009962544831243754,13.276337568007875,3.198381185531616,0.03653502091765404,0.013049662113189697,7.263885345309973e-05,0.0005917607340961695,0.014319688081741333,0.013890968635678291,6.140289042377844e-05,0.013943723402917385,0.011019882746040821,0.3266812860965729,0.0,0.31769460439682007,0.007990762591362,0.0010966920526698232,2.6571876787784277e-07,,,,
41,0.29950809478759766,0.0009960651285525156,13.596909581974614,5.552923202514648,0.035172272473573685,0.013543752953410149,3.3513715607114136e-05,0.0009800323750823736,0.014150183647871017,0.01369917206466198,0.00011395033652661368,0.013774740509688854,0.024510160088539124,0.24211248755455017,0.0,0.19157016277313232,0.014289780519902706,0.0011872333707287908,9.028862280047179e-08,,,,
42,0.2782929837703705,0.0009958711247580138,13.925743676023558,3.535565137863159,0.03962104395031929,0.013146040961146355,5.8801666455110535e-05,0.0005555214593186975,0.014243470504879951,0.01363056804984808,0.0001818318705772981,0.01376512460410595,0.015593202784657478,0.23552757501602173,0.0,0.1714431494474411,0.013634939678013325,0.0012818434042856097,3.633027176874748e-07,,,,
43,0.28021809458732605,0.000995672473655609,14.251642298011575,5.327526092529297,0.03577585890889168,0.016608942300081253,0.00038841855712234974,9.571008558850735e-05,0.00981189776211977,0.014099294319748878,0.0002445662394165993,0.013918385840952396,0.005877867341041565,0.17967329919338226,0.0,0.27770450711250305,0.007085462566465139,0.001379938330501318,3.7008894082646293e-07,,,,
44,0.3285937011241913,0.0009954691772059074,14.575303012970835,10.411687850952148,0.03727450594305992,0.01460183784365654,0.0004754276596941054,3.47053210134618e-05,0.027374548837542534,0.01824343204498291,0.00028919981559738517,0.01925305463373661,0.010113431140780449,0.3841480016708374,0.0,0.26819443702697754,0.003841456025838852,0.0014839265495538712,6.88477143739874e-07,,,,
45,0.2887023389339447,0.0009952612374153629,14.899630462983623,5.3723907470703125,0.03758218511939049,0.01393156312406063,0.0008689104579389095,5.8710349549073726e-05,0.018760133534669876,0.014997467398643494,0.0002744878001976758,0.015416929498314857,0.00676931906491518,0.11023148894309998,0.0,0.16634145379066467,0.0051215533167123795,0.0015890294453129172,1.1214863206987502e-06,,,,
46,0.3331342339515686,0.0009950486563362572,15.2210932970047,12.846070289611816,0.030437670648097992,0.019507870078086853,0.0007812308613210917,3.500888851704076e-05,0.004559367895126343,0.017279699444770813,0.00022620406525675207,0.016562337055802345,0.005470842123031616,0.3675950765609741,0.0,0.20705409348011017,0.015020180493593216,0.0016975711332634091,8.135909865814028e-07,,,,
47,0.2856396436691284,0.0009948314360666798,15.545688205980696,6.161899089813232,0.03578563779592514,0.01582196168601513,0.00022928415273781866,0.0001968815049622208,0.0076897358521819115,0.015063113532960415,0.0001939174544531852,0.014714144170284271,0.005726187489926815,0.3139913082122803,0.0,0.2791474163532257,0.010774095542728901,0.0018032940570265055,6.737784133292735e-06,,,,
48,0.3456629812717438,0.000994609578750507,15.871842206979636,15.615636825561523,0.038190748542547226,0.015307746827602386,9.531676187179983e-05,0.0007540498627349734,0.035379406064748764,0.019237644970417023,0.0001723415480228141,0.020219946280121803,0.00885452888906002,0.2541213631629944,0.0,0.09527887403964996,0.0013589925365522504,0.0019141292432323098,1.1282227205811068e-06,,,,
49,0.41051366925239563,0.000994383086577381,16.195205070020165,19.405855178833008,0.042952656745910645,0.018066564574837685,0.00020278645388316363,0.0010072216391563416,0.0421072319149971,0.02183147892355919,0.00014378280320670456,0.022892335429787636,0.005677105393260717,0.22967343032360077,0.0,0.13098324835300446,0.0034995311871170998,0.002019688952714205,3.184502190833882e-07,,,,
50,0.31472912430763245,0.0009941519617826882,16.517391829984263,9.768000602722168,0.03588598594069481,0.013252438977360725,0.00010612983896862715,0.0008626470225863159,0.0233880877494812,0.014537805691361427,0.00011501948756631464,0.014961312524974346,0.004516188986599445,0.28005802631378174,0.0,0.21605630218982697,0.00884273648262024,0.0021206969395279884,1.884624225567677e-07,6.868097839721665,39.4698169528466,2.5546371229365747,4.903229615990072
51,0.3436566889286041,0.0009939162066475368,16.867553393996786,14.227940559387207,0.03577839210629463,0.023035822436213493,0.00011129743506899104,0.00029338590684346855,0.005229920148849487,0.024152498692274094,9.326730651082471e-05,0.023811325430870056,0.015462095849215984,0.25312861800193787,0.0,0.18701371550559998,0.009307852946221828,0.0022202134132385254,6.624870252380788e-07,,,,
52,0.37124815583229065,0.000993675823498735,17.188490196014754,17.557462692260742,0.03201906755566597,0.02447018027305603,0.0003648240817710757,4.487267869990319e-05,0.004997475538402796,0.02764854207634926,8.374363096663728e-05,0.027338437736034393,0.004025704227387905,0.30380892753601074,0.0,0.2984713613986969,0.012323777191340923,0.002316775731742382,1.509692538093077e-06,,,,
53,0.2744184136390686,0.0009934308147087675,17.51549233699916,4.79017972946167,0.03307591378688812,0.013559765182435513,0.00034254739875905216,1.5857527614571154e-05,0.012159427627921104,0.015565180219709873,7.933174492791295e-05,0.015618640929460526,0.013010629452764988,0.3406980335712433,0.0,0.2544797658920288,0.011835113167762756,0.0024115515407174826,9.22611604892154e-07,,,,
54,0.3871648907661438,0.0009931811826957716,17.841899493010715,18.638607025146484,0.03863130882382393,0.021176990121603012,8.228770457208157e-05,7.03961486578919e-05,0.05093548819422722,0.02250031754374504,7.563531107734889e-05,0.02305074781179428,0.008804699406027794,0.09578919410705566,0.0,0.164296954870224,0.0056726085022091866,0.002512049861252308,1.043137217493495e-06,,,,
55,0.50015789270401,0.000992926929923515,18.166904103010893,24.03634262084961,0.040976040065288544,0.028564348816871643,5.9417259762994945e-05,9.785603469936177e-05,0.0655868649482727,0.0298636294901371,7.151861791498959e-05,0.030416307970881462,0.005499618593603373,0.20322589576244354,0.0,0.08826858550310135,0.006192310713231564,0.002607679693028331,7.266054922183685e-07,,,,
56,0.3368871212005615,0.00099266805890137,18.489446132967714,16.039039611816406,0.03452321141958237,0.018145795911550522,0.00010109206050401554,5.559512646868825e-05,0.04384838789701462,0.019258184358477592,6.847846088930964e-05,0.01952328346669674,0.008032348938286304,0.1464465856552124,0.0,0.06919410824775696,0.00423807930201292,0.002697066403925419,1.2506172879511723e-06,,,,
57,0.2527659833431244,0.0009924045721842888,18.81893691298319,7.446487903594971,0.02993372082710266,0.014759644865989685,0.0003700027009472251,1.015949237626046e-05,0.009194524958729744,0.016646631062030792,7.016836752882227e-05,0.016617529094219208,0.011424708180129528,0.16031354665756226,0.0,0.28602850437164307,0.0030460513662546873,0.0027804113924503326,6.011501341163239e-07,,,,
58,0.28985366225242615,0.000992136472372779,19.143057132023387,12.504959106445312,0.031238950788974762,0.019480139017105103,0.0002918485552072525,3.641495277406648e-05,0.004768209997564554,0.02257944643497467,7.199624815257266e-05,0.022501163184642792,0.007303379476070404,0.13849875330924988,0.0,0.3116414546966553,0.0017989163752645254,0.002867679577320814,5.140218490851112e-07,,,,
59,0.2681306004524231,0.0009918637621128773,19.46767889300827,4.742349147796631,0.03325916826725006,0.015592111274600029,5.817608325742185e-05,0.0001960598601726815,0.01155456155538559,0.015584515407681465,7.28723025531508e-05,0.01557114440947771,0.00914216972887516,0.25764816999435425,0.0,0.22918227314949036,0.005327767692506313,0.002958785742521286,4.344433364167344e-07,,,,
60,0.33529606461524963,0.0009915864440961245,19.79709152202122,15.928738594055176,0.0357113778591156,0.017202181741595268,3.487302456051111e-05,0.0003289889427833259,0.0400889590382576,0.018659459426999092,7.927506521809846e-05,0.01912003755569458,0.003154270350933075,0.17772021889686584,0.0,0.12035210430622101,0.0017075168434530497,0.0030629171524196863,2.2377196273737354e-07,,,,
61,0.3812730312347412,0.0009913045210595366,20.120226703002118,18.344921112060547,0.03665205463767052,0.019347725436091423,3.868279964081012e-05,0.0003167102695442736,0.050606869161129,0.023341188207268715,8.911546319723129e-05,0.02406381070613861,0.0055480292066931725,0.12949292361736298,0.0,0.06981432437896729,0.006551785860210657,0.0031606946140527725,2.301856909525668e-07,,,,
62,0.26696011424064636,0.0009910179957855808,20.44972091499949,9.470730781555176,0.032753825187683105,0.01299338974058628,3.506002758513205e-05,0.00016179456724785268,0.031093303114175797,0.016197340562939644,9.720990783534944e-05,0.016700251027941704,0.0028699319809675217,0.0985175222158432,0.0,0.2369404137134552,0.0032917121425271034,0.003251519287005067,6.051982950339152e-07,,,,
63,0.29687368869781494,0.0009907268711021456,20.780297215969767,12.313135147094727,0.029841821640729904,0.019989917054772377,0.0003492071700748056,3.2238374842563644e-05,0.006796475034207106,0.019137272611260414,0.0001011730928439647,0.01886720396578312,0.0070830644108355045,0.16353493928909302,0.0,0.2797662615776062,0.00554050225764513,0.0033431893680244684,7.268848776220693e-07,,,,
64,0.3809904158115387,0.0009904311498825141,21.105700305022765,19.97587013244629,0.033495355397462845,0.027986234053969383,0.0005665974458679557,5.1814986363751814e-05,0.0045731160789728165,0.025569655001163483,0.00010761446901597083,0.025008397176861763,0.004498827271163464,0.1786687970161438,0.0,0.201761394739151,0.004554798826575279,0.0034379230346530676,6.900547305122018e-06,,,,
65,0.2911193370819092,0.0009901308350453355,21.429448642011266,10.578662872314453,0.03562794253230095,0.018418602645397186,0.00034028588561341166,3.6512203223537654e-05,0.006615393795073032,0.01794327236711979,0.00011643608013400808,0.017642781138420105,0.013910019770264626,0.22079680860042572,0.0,0.296100914478302,0.0026687798090279102,0.00352887948974967,4.111664964057127e-07,,,,
66,0.2563548982143402,0.000989825929554596,21.762667260016315,8.234434127807617,0.037533100694417953,0.012275519780814648,3.596604074118659e-05,0.00012052454985678196,0.027448629960417747,0.01585085690021515,0.0001275327376788482,0.01642344892024994,0.004551638849079609,0.09698578715324402,0.0,0.22163328528404236,0.004354268312454224,0.003625845769420266,7.543341098426026e-07,,,,
67,0.2873050272464752,0.0009895164364195894,22.089257020968944,11.923498153686523,0.031615983694791794,0.014189068228006363,2.0768664398929104e-05,0.0001790305832400918,0.03325021639466286,0.018205950036644936,0.00013204844435676932,0.018961960449814796,0.007281298749148846,0.1622219830751419,0.0,0.09098176658153534,0.007114788517355919,0.0037236607167869806,2.2228806528801215e-07,,,,
68,0.23744212090969086,0.0009892023586948885,22.417250602971762,3.1292216777801514,0.03407972678542137,0.012459134683012962,3.797699173446745e-05,0.0001343012263532728,0.01863623410463333,0.013775724917650223,0.00012826843885704875,0.014029178768396378,0.005437470972537994,0.11453153938055038,0.0,0.31379765272140503,0.0023223927710205317,0.0038166476879268885,3.911803503342526e-07,,,,
69,0.3002792000770569,0.0009888836994803132,22.745370119984727,12.891640663146973,0.03796131908893585,0.020231230184435844,0.0002303229266544804,3.0143250114633702e-05,0.003495887853205204,0.019625214859843254,0.00011671396350720897,0.019081449136137962,0.01128458697348833,0.13866987824440002,0.0,0.5270489454269409,0.0007248361362144351,0.003927019890397787,4.3709451347240247e-07,,,,
70,0.2999745309352875,0.0009885604619209016,23.073181576968636,13.57485580444336,0.03963049501180649,0.019284456968307495,0.0002977288677357137,2.122666410286911e-05,0.003191710915416479,0.021295299753546715,0.00010951846343232319,0.020679596811532974,0.0046477001160383224,0.25729280710220337,0.0,0.2958829998970032,0.0007829769747331738,0.004037632141262293,4.44551346845401e-07,,,,
71,0.24025671184062958,0.0009882326492068776,23.401249337999616,2.7966060638427734,0.035518281161785126,0.013397721573710442,0.00011421035742387176,3.526733416947536e-05,0.010950105264782906,0.01411820761859417,0.00010894439765252173,0.013991665095090866,0.005289459601044655,0.18149442970752716,0.0,0.37087878584861755,0.0028924294747412205,0.0041487980633974075,3.896157068083994e-07,,,,
72,0.3029749095439911,0.0009879002645736207,23.72857599001145,12.990079879760742,0.03490256145596504,0.014272867701947689,2.266894261993002e-05,0.00015233692829497159,0.03629350662231445,0.018957307562232018,0.00010791951353894547,0.01958584599196911,0.005349643528461456,0.1752610206604004,0.0,0.20804835855960846,0.005592686124145985,0.004271065816283226,2.1342808054214402e-07,,,,
73,0.3591506779193878,0.0009875633113016326,24.053693146968726,15.048261642456055,0.03616071864962578,0.018003813922405243,2.9426071705529466e-05,0.00017468089936301112,0.04156976193189621,0.02105281688272953,0.00010150112211704254,0.02177429385483265,0.008215751498937607,0.19828012585639954,0.0,0.29122868180274963,0.007779422216117382,0.004388662986457348,3.823390102297708e-07,,,,
74,0.24990902841091156,0.0009872217927165065,24.37881974800257,7.268796920776367,0.040214769542217255,0.013319551944732666,2.206937460869085e-05,9.267764835385606e-05,0.023563658818602562,0.014454558491706848,8.869658631738275e-05,0.014745895750820637,0.005758482962846756,0.10837733000516891,0.0,0.15925082564353943,0.001802464248612523,0.004501712508499622,1.4495103073386417e-07,,,,
75,0.31221750378608704,0.0009868757121888926,24.701660732971504,14.48997688293457,0.035557106137275696,0.021169569343328476,0.0002654504496604204,1.7070458852685988e-05,0.003959102090448141,0.02271583303809166,7.289091445272788e-05,0.022313769906759262,0.00477044191211462,0.19472885131835938,0.0,0.3404060900211334,0.003347681602463126,0.004614515230059624,1.7696990539661783e-07,5.889217966104429,45.91806052597437,5.126811599945373,1.1349092682351987
76,0.4243767559528351,0.0009865250731344664,25.04964210797334,21.94452667236328,0.03450895473361015,0.030134281143546104,0.00041157164378091693,3.694701081258245e-05,0.002918279729783535,0.032076284289360046,6.550479884026572e-05,0.03157592564821243,0.007823288440704346,0.26096001267433167,0.0,0.43924015760421753,0.008293472230434418,0.004726483952254057,4.188654543213488e-07,,,,
77,0.3040759265422821,0.0009861698790138934,25.37328704301035,13.252019882202148,0.03452983498573303,0.020318064838647842,0.00020477482757996768,2.1792104234918952e-05,0.004491749685257673,0.023307638242840767,6.296991341514513e-05,0.023011626675724983,0.007308979984372854,0.19058042764663696,0.0,0.28158536553382874,0.0067365579307079315,0.0048379371874034405,4.014993635337305e-07,,,,
78,0.23499411344528198,0.0009858101333327964,25.698163752967957,4.011142730712891,0.03404192626476288,0.012865794822573662,1.6183832485694438e-05,0.00012695248005911708,0.019552193582057953,0.013922350481152534,6.456147093558684e-05,0.014106706716120243,0.012547599151730537,0.11209242790937424,0.0,0.1854722797870636,0.0024877050891518593,0.004948945250362158,3.5436821690382203e-06,,,,
79,0.2729610204696655,0.0009854458396417198,26.02465039101662,10.171625137329102,0.03707130253314972,0.013495316728949547,1.9060940758208744e-05,0.0001302570744883269,0.029763316735625267,0.016030557453632355,6.715739436913282e-05,0.016418498009443283,0.0041797407902777195,0.174055814743042,0.0,0.13977789878845215,0.0037423945032060146,0.005066098179668188,3.6967298910894897e-07,,,,
80,0.233598992228508,0.0009850770015360957,26.3487510610139,5.884016036987305,0.03362505882978439,0.012414949014782906,4.14818714489229e-05,4.4107109715696424e-05,0.022488102316856384,0.013998305425047874,6.767644663341343e-05,0.014211035333573818,0.0017809615237638354,0.039624638855457306,0.0,0.36925703287124634,0.0005341812502592802,0.005178992636501789,3.0028323294573056e-07,,,,
81,0.2707720100879669,0.000984703622656207,26.673210863023996,11.74715805053711,0.03311840444803238,0.017725756391882896,0.00036199833266437054,4.1511841118335724e-05,0.004863491281867027,0.01979176513850689,6.835022941231728e-05,0.019456639885902405,0.015423854812979698,0.16490337252616882,0.0,0.1187601089477539,0.0033547559287399054,0.005310213193297386,3.485195634311822e-07,,,,
82,0.3231399655342102,0.0009843257066871525,26.99739520897856,15.632808685302734,0.03465740755200386,0.022654302418231964,0.00042647423106245697,4.548224023892544e-05,0.003199727740138769,0.023927224799990654,7.371146057266742e-05,0.02339710108935833,0.0061207483522593975,0.08086727559566498,0.0,0.3961668014526367,0.001572118722833693,0.0054326667450368404,4.3952218220510986e-07,,,,
83,0.23834140598773956,0.0009839432573588102,27.3218832439743,6.450695514678955,0.03636744245886803,0.014750083908438683,0.00014512146299239248,2.0924029740854166e-05,0.006807776167988777,0.0163341723382473,8.507601160090417e-05,0.016020290553569794,0.0081223389133811,0.10832711309194565,0.0,0.2970053255558014,0.0034360699355602264,0.005554810632020235,1.0823831075867929e-07,,,,
84,0.2946435809135437,0.000983556278445801,27.648211620980874,12.802935600280762,0.03590495511889458,0.015453646890819073,4.374695708975196e-05,0.00025197345530614257,0.030772507190704346,0.017198506742715836,0.00010618884698487818,0.017727071419358253,0.007933557033538818,0.06657788157463074,0.0,0.3189660608768463,0.0006314915372058749,0.005680899601429701,5.418869477580301e-07,,,,
85,0.35944223403930664,0.0009831647737674498,27.97382902400568,17.647504806518555,0.03751324117183685,0.01835184171795845,0.00011433267354732379,0.0003789865877479315,0.043674103915691376,0.022369423881173134,0.00012096967111574486,0.023266935721039772,0.0034444902557879686,0.08475600183010101,0.0,0.13547289371490479,0.0017942236736416817,0.00580622348934412,3.064299676225346e-07,,,,
86,0.3081747591495514,0.0009827687471877502,28.29925242898753,12.860350608825684,0.03570851683616638,0.015018831007182598,4.728507701656781e-05,0.0002858687948901206,0.032428257167339325,0.017331833019852638,0.00012784943100996315,0.01797935925424099,0.004682132042944431,0.13361269235610962,0.0,0.3912816643714905,0.0020683943293988705,0.005923368968069553,7.276175892911851e-07,,,,
87,0.2357928305864334,0.0009823682026153246,28.626375172985718,3.3349950313568115,0.03533698990941048,0.013844318687915802,6.458950520027429e-05,6.187513645272702e-05,0.009716622531414032,0.014379272237420082,0.000125912090879865,0.014172802679240704,0.00794033519923687,0.10615068674087524,0.0,0.4486011862754822,0.001692295423708856,0.0060436115600168705,4.13289939160677e-07,,,,
88,0.27719661593437195,0.0009819631440033862,28.956708456971683,11.22323989868164,0.029963158071041107,0.018351303413510323,0.0002827704302035272,2.473549648129847e-05,0.0045396508648991585,0.018322374671697617,0.00012621852511074394,0.01776561141014099,0.00725554209202528,0.17760156095027924,0.0,0.36956462264060974,0.0030204462818801403,0.00619445089250803,1.8964833259360603e-07,,,,
89,0.2155017852783203,0.0009815535753497,29.278242330008652,6.043973445892334,0.03239831328392029,0.012828650884330273,0.000252638419624418,2.3491351385018788e-05,0.00872904621064663,0.01496730837970972,0.00013208486780058593,0.014704304747283459,0.005181829445064068,0.07052706182003021,0.0,0.23043593764305115,0.000433518027421087,0.006344870198518038,4.3862195298061124e-07,,,,
90,0.25253990292549133,0.0009811395006965433,29.602961129974574,8.256999969482422,0.033283937722444534,0.012760564684867859,1.8041784642264247e-05,8.828288991935551e-05,0.02715146169066429,0.015493812039494514,0.00014122463471721858,0.01607123576104641,0.007236152421683073,0.12269628793001175,0.0,0.19701793789863586,0.0032145767472684383,0.006498477887362242,1.4201552858139621e-06,,,,
91,0.2720411717891693,0.0009807209241306657,29.92943732702406,9.727148056030273,0.03613540157675743,0.01320368330925703,1.0727118933573365e-05,0.00015668362902943045,0.02814849093556404,0.016250010579824448,0.00014026681310497224,0.01690726727247238,0.007538959383964539,0.12500743567943573,0.0,0.34477126598358154,0.0020478805527091026,0.0066492557525634766,2.1070241018605884e-07,,,,
92,0.22531956434249878,0.0009802978497832487,30.25359684799332,1.1681947708129883,0.034065891057252884,0.01257574837654829,3.28290079778526e-05,7.362777250818908e-05,0.014050537720322609,0.013478935696184635,0.00013114578905515373,0.013559974730014801,0.0013797994470223784,0.13562017679214478,0.0,0.26958003640174866,0.0028049831744283438,0.006800190079957247,7.969327953105676e-07,,,,
93,0.259040892124176,0.0009798702818298657,30.580082201980986,10.133012771606445,0.029077865183353424,0.016760867089033127,0.0001939674257300794,1.7348611436318606e-05,0.004790374543517828,0.018011894077062607,0.00011775398161262274,0.017506685107946396,0.0031800647266209126,0.1358666718006134,0.0,0.45589500665664673,0.003427578369155526,0.006955999415367842,4.977857201993174e-07,,,,
94,0.2539750933647156,0.0009794382244904397,30.911339464015327,8.285632133483887,0.028279604390263557,0.016150716692209244,0.00018061981245409697,1.537987554911524e-05,0.005695586558431387,0.016855282709002495,0.00011266508954577148,0.016432562842965126,0.010766470804810524,0.27509555220603943,0.0,0.1878565549850464,0.004334972705692053,0.007115182466804981,2.596682634248282e-06,,,,
95,0.23792456090450287,0.000979001682029202,31.23618211899884,4.246387958526611,0.03365536034107208,0.01278046052902937,2.5581784939276986e-05,7.632792403455824e-05,0.020454328507184982,0.013662885874509811,0.00011400470248190686,0.013874614611268044,0.006050952710211277,0.06874692440032959,0.0,0.3978772461414337,0.001177388010546565,0.007269822061061859,9.649743049067183e-08,,,,
96,0.2339710295200348,0.0009785606587546505,31.56164141796762,5.91161584854126,0.037152476608753204,0.011760520748794079,2.041313382505905e-05,7.504340464947745e-05,0.021981514990329742,0.014113222248852253,0.00010832856787601486,0.014403196983039379,0.002199188806116581,0.10210061073303223,0.0,0.2639372944831848,0.0017360381316393614,0.007441583089530468,5.084580607217504e-06,,,,
97,0.21271827816963196,0.0009781151590195069,31.888065060018562,2.2190473079681396,0.030148327350616455,0.01248408854007721,0.0001029004852171056,1.934334432007745e-05,0.010136296972632408,0.014246413484215736,9.815146040637046e-05,0.014095873571932316,0.00928372424095869,0.07561349868774414,0.0,0.39014965295791626,0.00023300465545617044,0.007619344629347324,2.0543113521398482e-07,,,,
98,0.2285037785768509,0.0009776651872206738,32.21549794997554,5.745591640472412,0.03369602560997009,0.01412872038781643,0.00012896527186967432,1.4478080629487522e-05,0.006985686719417572,0.016073642298579216,9.186613897327334e-05,0.015771353617310524,0.0020395289175212383,0.15575015544891357,0.0,0.249468594789505,0.0004466972313821316,0.007812853902578354,7.819880920578726e-07,,,,
99,0.2124398648738861,0.0009772107477991911,32.5385912170168,1.9850738048553467,0.03354893997311592,0.011613508686423302,2.3868013158789836e-05,7.492329314118251e-05,0.014216173440217972,0.013413429260253906,9.547627996653318e-05,0.013454423286020756,0.006450593937188387,0.07776868343353271,0.0,0.29706820845603943,0.002590743824839592,0.008010497316718102,5.415889745563618e-07,,,,
100,0.22433733940124512,0.0009767518452401926,32.866952100011986,4.078906536102295,0.03307638317346573,0.011858953163027763,1.7224007024196908e-05,8.963652362581342e-05,0.01923726499080658,0.013504735194146633,9.855783719103783e-05,0.01369564514607191,0.0024399044923484325,0.10627353191375732,0.0,0.26976269483566284,0.000928323483094573,0.00821372028440237,2.7100244892608316e-07,3.8541947335952544,30.051043801522688,2.3549791690291335,1.468522449607395
101,0.21723945438861847,0.0009762884840728611,33.219553373986855,1.5180158615112305,0.031260259449481964,0.013164366595447063,8.542192517779768e-05,1.874682493507862e-05,0.011753900907933712,0.013844638131558895,9.794245852390304e-05,0.013771512545645237,0.001250150497071445,0.04891127347946167,0.0,0.3649742305278778,0.0009243153035640717,0.008412664756178856,8.989559319161344e-07,,,,
102,0.22051669657230377,0.0009758206688703845,33.54556356399553,4.753241062164307,0.029266616329550743,0.013808103278279305,0.00015338746015913785,1.047652585839387e-05,0.009400512091815472,0.01460430957376957,9.923053585225716e-05,0.01442522183060646,0.0025452005211263895,0.10705716907978058,0.0,0.24912044405937195,0.0012653189478442073,0.008613635785877705,1.36227669145228e-07,,,,
103,0.21830913424491882,0.0009753484042499097,33.87001445196802,3.2254791259765625,0.031574465334415436,0.012252168729901314,2.4611395929241553e-05,6.079311060602777e-05,0.018742188811302185,0.01349415723234415,0.00010905157250817865,0.013705357909202576,0.006031484343111515,0.0682801604270935,0.0,0.2333310842514038,0.0007398580200970173,0.008822890929877758,2.6733306413007085e-07,,,,
104,0.2214195877313614,0.000974871694872498,34.19481845700648,4.626893043518066,0.031993988901376724,0.011675580404698849,1.9154787878505886e-05,6.736231443937868e-05,0.01947415992617607,0.01349981315433979,0.00011220780288567767,0.013719594106078148,0.007505498360842466,0.09603066742420197,0.0,0.28801125288009644,0.0009148373501375318,0.009032481350004673,2.059775141560749e-07,,,,
105,0.2421547770500183,0.0009743905454430785,34.559709866007324,7.376684188842773,0.03050411120057106,0.016800183802843094,0.0001226323947776109,1.0430873771838378e-05,0.006813937332481146,0.015652017667889595,0.000105577266367618,0.015350108966231346,0.01037556491792202,0.1252480298280716,0.0,0.21355751156806946,0.00202408479526639,0.009245266206562519,1.2422600548234186e-07,,,,
106,0.22056148946285248,0.0009739049607104018,34.88641805801308,4.419819355010986,0.033882975578308105,0.013965018093585968,8.815435285214335e-05,1.4715528777742293e-05,0.009166985750198364,0.014634658582508564,0.00010572792234597728,0.014424622058868408,0.006967504508793354,0.06510264426469803,0.0,0.30046021938323975,0.0003186555695720017,0.00945143960416317,4.2087091856046754e-07,,,,
107,0.23360906541347504,0.0009734149454669931,35.21323246997781,8.189654350280762,0.0331496000289917,0.012741774320602417,1.652052378631197e-05,9.15799755603075e-05,0.023932665586471558,0.01438289787620306,0.00010902537906076759,0.014753836207091808,0.005193636752665043,0.07447730004787445,0.0,0.16019552946090698,0.00017312605632469058,0.009663261473178864,1.7082940928503376e-07,,,,
108,0.23689387738704681,0.0009729205045491051,35.538442067976575,6.60798978805542,0.030711831524968147,0.01197146438062191,1.8451992218615487e-05,7.024285150691867e-05,0.023412492126226425,0.014192976988852024,0.00010402004409115762,0.014527208171784878,0.003977708052843809,0.09660764038562775,0.0,0.3654968738555908,0.002077816752716899,0.009867006912827492,1.9089007707862038e-07,,,,
109,0.22079549729824066,0.00097242164283667,35.86342110001715,4.030080795288086,0.032502301037311554,0.013523351401090622,0.00011799466301454231,9.085100828087889e-06,0.008926628157496452,0.014752829447388649,9.026350744534284e-05,0.014556803740561008,0.007852612063288689,0.0986362099647522,0.0,0.300442099571228,0.001119414228014648,0.010069050826132298,1.134922172241204e-06,,,,
110,0.2412201166152954,0.0009719183652532516,36.187749698990956,5.876932144165039,0.03308259695768356,0.01471011620014906,0.00011203760368516669,1.2031334335915744e-05,0.007269180845469236,0.01570812053978443,8.382283704122528e-05,0.015452203340828419,0.004792777821421623,0.10756050795316696,0.0,0.502560555934906,0.00225256010890007,0.010282809846103191,2.462851398377097e-07,,,,
111,0.22520384192466736,0.0009714106767659962,36.51167464902392,4.08450984954834,0.03302925080060959,0.012775654904544353,1.4218594515114091e-05,0.00010708374611567706,0.017761489376425743,0.013279921375215054,8.447214349871501e-05,0.013421808369457722,0.002358668949455023,0.0907353013753891,0.0,0.2308216243982315,0.0007669547339901328,0.01050546020269394,5.970957772660768e-07,,,,
112,0.23383957147598267,0.0009708985823855846,36.837667756015435,4.283758163452148,0.03438105061650276,0.012909188866615295,1.6186790162464604e-05,8.035634527914226e-05,0.018939675763249397,0.013302011415362358,8.304239599965513e-05,0.013464158400893211,0.0021782678086310625,0.1067291647195816,0.0,0.3024372458457947,0.0006315421778708696,0.010721606202423573,2.92838876703172e-07,,,,
113,0.21880671381950378,0.0009703820871661813,37.162897787988186,5.43783712387085,0.030429210513830185,0.013235628604888916,0.00017489858146291226,9.41325652092928e-06,0.008581682108342648,0.015087229199707508,7.50786202843301e-05,0.014909052290022373,0.008524014614522457,0.10790373384952545,0.0,0.22807592153549194,0.0033356957137584686,0.010943744331598282,3.8544339275858874e-08,,,,
114,0.20808467268943787,0.0009698611962053858,37.488164915994275,2.199289560317993,0.03187989443540573,0.011853876523673534,0.00011565276508918032,1.1789550626417622e-05,0.01084964256733656,0.014043984934687614,7.233975338749588e-05,0.01396264974027872,0.004237715154886246,0.09102502465248108,0.0,0.27318692207336426,0.0021646847017109394,0.01116191130131483,1.4785676967221661e-06,,,,
115,0.20825034379959106,0.0009693359146441815,37.81311229697894,4.505314350128174,0.028064846992492676,0.010898210108280182,1.2670845535467379e-05,0.0001048621124937199,0.017580663785338402,0.013170554302632809,7.31268446543254e-05,0.013296334072947502,0.001957699190825224,0.11738300323486328,0.0,0.22993583977222443,0.002003367291763425,0.011386506259441376,9.57672796175757e-07,,,,
116,0.20518454909324646,0.0009688062476668852,38.142015367979184,1.1003488302230835,0.03143346309661865,0.01181076467037201,2.6173647711402737e-05,8.435138443019241e-05,0.012367870658636093,0.013523144647479057,7.035322778392583e-05,0.013485725969076157,0.007782388478517532,0.024049008265137672,0.0,0.3595409393310547,0.0010700140846893191,0.011612515896558762,7.099533831933513e-07,,,,
117,0.22091567516326904,0.0009682722005010961,38.46706906601321,4.322644233703613,0.02990267612040043,0.013768753036856651,0.00010480784112587571,2.038382808677852e-05,0.008973566815257072,0.014709366485476494,6.962320912862197e-05,0.014549149200320244,0.004828684963285923,0.12521234154701233,0.0,0.24885575473308563,0.002039098646491766,0.011858602054417133,2.0502197912719566e-06,,,,
118,0.2076699286699295,0.0009677337784176445,38.79580701701343,2.324418306350708,0.03190784156322479,0.011588139459490776,4.926738256472163e-05,4.107341374037787e-05,0.016505718231201172,0.013137690722942352,7.657092646695673e-05,0.01321848388761282,0.0025265992153435946,0.042932163923978806,0.0,0.2757475972175598,0.000798218185082078,0.012106009759008884,1.9266208255430683e-06,,,,
119,0.21097902953624725,0.0009671909867305388,39.12134990200866,4.313754558563232,0.028765378519892693,0.012225804850459099,5.2089795644860715e-05,3.8296075217658654e-05,0.01839972287416458,0.01314625609666109,8.105769666144624e-05,0.013268688693642616,0.003968075383454561,0.04040101170539856,0.0,0.2432078868150711,9.902822785079479e-05,0.012360000051558018,1.137734670919599e-06,,,,
120,0.21137437224388123,0.0009666438307969138,39.451964720967226,5.1910319328308105,0.030847610905766487,0.013011383824050426,0.000139323397888802,1.4011841813044157e-05,0.007516311481595039,0.015380834229290485,8.373606397071853e-05,0.015137902460992336,0.0025692982599139214,0.06584250926971436,0.0,0.3160465955734253,0.0005168122006580234,0.012607202865183353,5.633693945128471e-06,,,,
121,0.2036779820919037,0.0009660923160169777,39.780178209999576,2.2578372955322266,0.03063190169632435,0.012176956050097942,3.728064984898083e-05,6.818144902354106e-05,0.00943763181567192,0.014059563167393208,9.598587348591536e-05,0.013915401883423328,0.0020596561953425407,0.10567793995141983,0.0,0.2124946415424347,0.002006093505769968,0.012847770936787128,6.599227617698489e-07,,,,
122,0.22318434715270996,0.0009655364478339585,40.103826453967486,5.265162944793701,0.0306773129850626,0.012261400930583477,1.1002568498952314e-05,0.00015214673476293683,0.018308572471141815,0.01323818787932396,0.00011357739276718348,0.013462857343256474,0.006205415353178978,0.04930371791124344,0.0,0.3396245539188385,0.0004773043328896165,0.013086684979498386,7.597543572046561e-07,,,,
123,0.20959679782390594,0.0009649762317340511,40.43192787998123,1.410641074180603,0.0299054067581892,0.012084799818694592,6.14405726082623e-05,2.4548700821469538e-05,0.013678725808858871,0.013131914660334587,0.00012173849245300516,0.013167619705200195,0.007064172066748142,0.06245112791657448,0.0,0.3523043692111969,0.0005859387456439435,0.013334186747670174,2.7629238275039825e-07,,,,
124,0.20912916958332062,0.0009644116732463621,40.75869606499327,5.88229513168335,0.030352795496582985,0.01353644859045744,0.00020699846209026873,1.478449848946184e-05,0.00665257265791297,0.015237903222441673,0.00012130405229981989,0.014909090474247932,0.005552391987293959,0.058729711920022964,0.0,0.1625334471464157,0.0014096508966758847,0.013600683771073818,3.7542235986620653e-07,,,,
125,0.20501422882080078,0.0009638427779428558,41.09372537897434,0.7320289611816406,0.02457762323319912,0.012144703418016434,6.476693670265377e-05,2.8876418582512997e-05,0.010304790921509266,0.013583923690021038,0.00012640254863072187,0.013466154225170612,0.003481496823951602,0.11563078314065933,0.0,0.339656263589859,0.0019481191411614418,0.013853874988853931,2.404501174169127e-06,5.484161182367007,28.437780117458683,1.3776593289177284,3.9152181806039588
126,0.22018764913082123,0.0009632695514382992,41.445939633995295,5.061295032501221,0.030319510027766228,0.011301372200250626,1.9491591956466436e-05,0.00017303042113780975,0.017356691882014275,0.013167067430913448,0.00013023636711295694,0.013345076702535152,0.01030094362795353,0.10155656933784485,0.0,0.3446575403213501,0.0004256396787241101,0.014115291647613049,1.7139999499704572e-06,,,,
127,0.20535434782505035,0.0009626919993902064,41.771170363004785,1.1544338464736938,0.03234070912003517,0.012458170764148235,4.516560511547141e-05,3.676901542348787e-05,0.011668256483972073,0.013346211053431034,0.00012472624075599015,0.013282718136906624,0.006054823286831379,0.08671627938747406,0.0,0.17703598737716675,0.0011957224924117327,0.014384184032678604,3.7539751929216436e-07,,,,
128,0.20569825172424316,0.0009621101274987831,42.09588585799793,3.326352119445801,0.030292902141809464,0.012704136781394482,0.00014307482342701405,7.74711588746868e-06,0.010254420340061188,0.013608420267701149,0.00012356264051049948,0.013490651734173298,0.007090508006513119,0.047921523451805115,0.0,0.2561712861061096,0.0004057823389302939,0.014641993679106236,4.432350522165507e-07,,,,
129,0.22377611696720123,0.0009615239415068697,42.42375706700841,3.192382335662842,0.03193133324384689,0.01173543743789196,5.578627315117046e-05,1.9135099137201905e-05,0.016844529658555984,0.013058291748166084,0.00012076897110091522,0.013218306005001068,0.0032613042276352644,0.097039595246315,0.0,0.47414645552635193,0.0004186389269307256,0.014901859685778618,1.3825794553667947e-07,,,,
130,0.20358137786388397,0.0009609334471998856,42.750963523983955,0.6796780228614807,0.026772331446409225,0.012409612536430359,3.632702282629907e-05,4.287420233595185e-05,0.013047130778431892,0.013179057277739048,0.00011325835657771677,0.013178355991840363,0.002358468249440193,0.1064913272857666,0.0,0.19438844919204712,0.0003918249858543277,0.015183747746050358,4.0024519876169506e-07,,,,
131,0.19491969048976898,0.000960338650405771,43.0814671079861,0.7062461376190186,0.029644640162587166,0.012105933390557766,3.0484114176942967e-05,4.877484025200829e-05,0.01107633113861084,0.013501230627298355,0.0001100068329833448,0.01342030055820942,0.006288353353738785,0.03332628309726715,0.0,0.22125467658042908,0.00044493339373730123,0.015451202169060707,2.524939759496192e-07,,,,
132,0.20336146652698517,0.0009597395569949304,43.40841861598892,1.437872290611267,0.03172772750258446,0.01226942427456379,4.095719486940652e-05,2.9524420824600384e-05,0.010724718682467937,0.013625627383589745,0.00010750530054792762,0.013514270074665546,0.0025704752188175917,0.043719545006752014,0.0,0.3197409212589264,0.0006455740658566356,0.01572170853614807,1.1088761766586686e-06,,,,
133,0.19675661623477936,0.0009591361728801735,43.73524677101523,1.2752972841262817,0.02674572542309761,0.011803744360804558,4.553370672510937e-05,3.0269002309069037e-05,0.013855071738362312,0.013046070002019405,0.0001114763508667238,0.01307406835258007,0.0021164361387491226,0.05124112591147423,0.0,0.24251314997673035,0.0003628164413385093,0.015999870374798775,3.1538061193714384e-06,,,,
134,0.21158309280872345,0.0009585285040166583,44.064273287018295,0.7308184504508972,0.028326312080025673,0.011532535776495934,6.298563675954938e-05,1.6522721125511453e-05,0.014272707514464855,0.013110287487506866,0.00011031306348741055,0.013115974143147469,0.0021632234565913677,0.04606261104345322,0.0,0.5446363091468811,6.576573650818318e-05,0.016267575323581696,5.066643780082813e-07,,,,
135,0.1999416947364807,0.0009579165564018309,44.39265877800062,0.6602592468261719,0.02900405041873455,0.011854107491672039,5.949864134890959e-05,1.7340509657515213e-05,0.012071475386619568,0.013380803167819977,0.0001086517731891945,0.013304317370057106,0.002150359097868204,0.056048113852739334,0.0,0.2939387857913971,0.0007880392367951572,0.01655443012714386,3.5903540265280753e-06,,,,
136,0.20603184401988983,0.0009573003360753673,44.719442255969625,1.26600182056427,0.03133776783943176,0.012718334794044495,3.722829933394678e-05,3.4656201023608446e-05,0.010953975841403008,0.01342077273875475,0.00011140674178022891,0.013326669111847878,0.003741628024727106,0.08981496095657349,0.0,0.2022394835948944,0.0011773583246394992,0.016841067001223564,2.0676603185165732e-07,,,,
137,0.2029239684343338,0.0009566798491191136,45.04879906401038,2.2115635871887207,0.029609262943267822,0.011269989423453808,1.6415393474744633e-05,7.058025221340358e-05,0.013650516048073769,0.012929202988743782,0.00011475237988634035,0.0129916463047266,0.003244459629058838,0.04209303483366966,0.0,0.4170924723148346,0.0001099320434150286,0.017113694921135902,4.1167567133015837e-07,,,,
138,0.1955670565366745,0.000956055101657025,45.38131829799386,0.6699228286743164,0.026516279205679893,0.011122619733214378,5.694366336683743e-05,1.76515295606805e-05,0.011511126533150673,0.013143321499228477,0.00011737435852410272,0.013114836998283863,0.00289514078758657,0.08340923488140106,0.0,0.3554125428199768,0.0005508781177923083,0.01740209572017193,3.104160271050205e-07,,,,
139,0.19515156745910645,0.0009554260998551071,45.70967229898088,2.1102144718170166,0.029002657160162926,0.011440335772931576,9.099597809836268e-05,1.0254476364934817e-05,0.011165052652359009,0.01340776402503252,0.00011696032743202522,0.013324372470378876,0.003824894782155752,0.0743463933467865,0.0,0.24163243174552917,0.0005413219914771616,0.017685802653431892,1.0348733212595107e-06,,,,
140,0.18866805732250214,0.0009547928499213538,46.0343344489811,1.026672124862671,0.030460886657238007,0.011168219149112701,2.4169246898964047e-05,5.349324055714533e-05,0.012959562242031097,0.01294040773063898,0.00011679980525514111,0.012972411699593067,0.005498604848980904,0.019735103473067284,0.0,0.20824602246284485,0.00023230069200508296,0.01796438917517662,1.7393567759427242e-06,,,,
141,0.19650673866271973,0.0009541553581056861,46.360595066973474,1.2632553577423096,0.029606686905026436,0.011566953733563423,1.9366678316146135e-05,5.9196649090154096e-05,0.013311134651303291,0.012917870655655861,0.00011332207941450179,0.012936869636178017,0.004712585359811783,0.045493610203266144,0.0,0.25667810440063477,9.091905667446554e-05,0.01823381707072258,4.542544957075734e-06,,,,
142,0.2006300687789917,0.0009535136306998909,46.68654167401837,1.5019385814666748,0.028556086122989655,0.012449595145881176,6.853750528534874e-05,1.4870401173538994e-05,0.010235670022666454,0.01337260752916336,0.00010923515219474211,0.013264854438602924,0.00892831850796938,0.061032868921756744,0.0,0.2770630121231079,0.0005571348592638969,0.018500063568353653,1.058609541360056e-06,,,,
143,0.19778935611248016,0.0009528676740375587,47.0102999159717,0.920975923538208,0.028055742383003235,0.010983584448695183,5.790988143417053e-05,1.713629171717912e-05,0.011755034327507019,0.013109231367707253,0.00010474227019585669,0.01306095626205206,0.00283682718873024,0.08067895472049713,0.0,0.3819519579410553,0.000896268873475492,0.018777908757328987,4.849645165450056e-07,,,,
144,0.1957542598247528,0.0009522174944940209,47.335940656019375,1.0141162872314453,0.026855643838644028,0.01243102177977562,3.810983616858721e-05,3.54042203980498e-05,0.011298838071525097,0.01325907465070486,9.865689935395494e-05,0.013173078186810017,0.0034141037613153458,0.03774821013212204,0.0,0.2477727085351944,0.00019089720444753766,0.01905255764722824,3.48518324244651e-06,,,,
145,0.1981481909751892,0.000951563098486287,47.6642130339751,2.0333216190338135,0.028532883152365685,0.010721556842327118,1.755136690917425e-05,6.232202576939017e-05,0.013005527667701244,0.012876030057668686,9.810711344471201e-05,0.012882272712886333,0.004052653908729553,0.0590813048183918,0.0,0.42328351736068726,0.0005879210657440126,0.019327081739902496,1.4180380958350725e-06,,,,
146,0.208348348736763,0.0009509044924729818,47.98894033697434,2.3154399394989014,0.029858089983463287,0.01307406835258007,7.568731962237507e-05,1.423094636265887e-05,0.010700223967432976,0.013406322337687016,9.367711027152836e-05,0.013304298743605614,0.003458467312157154,0.031290203332901,0.0,0.354098916053772,7.287008338607848e-05,0.019608374685049057,4.0020922824623995e-06,,,,
147,0.19939368963241577,0.0009502416829542803,48.31716365000466,1.0816501379013062,0.028314651921391487,0.011003158986568451,4.380115933599882e-05,2.4504606699338183e-05,0.014416657388210297,0.012795796617865562,9.4998387794476e-05,0.012837355025112629,0.004251100588589907,0.03244888782501221,0.0,0.42325204610824585,0.0003403879818506539,0.019892238080501556,1.6960564153123414e-06,,,,
148,0.19855943322181702,0.000949574676471845,48.64809548197081,0.44409841299057007,0.02459515817463398,0.011152124032378197,3.7529611290665343e-05,3.117759479209781e-05,0.014219662174582481,0.012792518362402916,9.403219155501574e-05,0.012832156382501125,0.004465457051992416,0.042724475264549255,0.0,0.4474620819091797,0.00016953208250924945,0.02019711211323738,1.310252969233261e-06,,,,
149,0.19825729727745056,0.0009489034796087608,48.975061126984656,0.3256259560585022,0.025295507162809372,0.01143285259604454,3.694726183312014e-05,2.9736034775851294e-05,0.012947268784046173,0.012946553528308868,9.213484008796513e-05,0.012935644015669823,0.0026329862885177135,0.03375519812107086,0.0,0.4483650326728821,0.00025584441027604043,0.02051796391606331,2.0359643713163678e-06,,,,
150,0.19557753205299377,0.0009482280989894695,49.298811852990184,1.119184136390686,0.028043540194630623,0.01138224732130766,4.421312769409269e-05,2.5772893422981724e-05,0.011183391325175762,0.013108045794069767,9.083402983378619e-05,0.013054034672677517,0.0027038194239139557,0.06529010832309723,0.0,0.3236636519432068,0.001395918894559145,0.02085208334028721,2.0177228634565836e-06,3.653486156693562,28.486124887789504,1.3957606001046508,2.253884002963158
151,0.191603884100914,0.0009475485412797054,49.65356497099856,1.7171357870101929,0.029508298262953758,0.01117422990500927,2.02328956220299e-05,4.389890091260895e-05,0.01382039487361908,0.01274651288986206,9.558912279317155e-05,0.012776431627571583,0.009070883505046368,0.03267879784107208,0.0,0.24397793412208557,0.00019344194151926786,0.021193066611886024,5.274446266412269e-06,,,,
152,0.19791990518569946,0.0009468648131864284,49.97975121001946,1.9260356426239014,0.0275593101978302,0.012612110003829002,7.528485002694651e-05,1.220573813043302e-05,0.01066569797694683,0.013140246272087097,9.870120993582532e-05,0.013057510368525982,0.0036444691941142082,0.05690529942512512,0.0,0.21346557140350342,0.0007909761043265462,0.02152561955153942,4.068812359037111e-06,,,,
153,0.19434389472007751,0.0009461769214577592,50.30729786399752,2.3999876976013184,0.025248894467949867,0.011028769426047802,2.759600101853721e-05,4.0021892345976084e-05,0.014469950459897518,0.01275099627673626,0.00010363959881942719,0.012795443646609783,0.004610295407474041,0.05999723821878433,0.0,0.32943496108055115,6.14960299571976e-05,0.02185061015188694,4.9855621000460815e-06,,,,
154,0.18570178747177124,0.000945484872882911,50.633980659011286,1.7588417530059814,0.026097606867551804,0.011720767244696617,5.864314880454913e-05,1.6450812836410478e-05,0.009512956254184246,0.013268545269966125,0.00011060436372645199,0.01314426027238369,0.0013669938780367374,0.04457186907529831,0.0,0.22980067133903503,0.00038101349491626024,0.022187409922480583,4.653912128560478e-06,,,,
155,0.2015760838985443,0.0009447886742921243,50.96338529197965,1.0646522045135498,0.028637893497943878,0.011927134357392788,3.071541868848726e-05,3.8264988688752055e-05,0.011044844053685665,0.012942278757691383,0.00011842786625493318,0.012878485023975372,0.0041410112753510475,0.06164853647351265,0.0,0.3668834865093231,0.0011823992244899273,0.02251991629600525,3.7829645407327916e-06,,,,
156,0.19406290352344513,0.0009440883325565978,51.30182568501914,3.287360429763794,0.024858875200152397,0.010604582726955414,1.3656868759426288e-05,6.09716480539646e-05,0.015583561733365059,0.012638810090720654,0.0001239827979588881,0.01278870552778244,0.002966586733236909,0.07557503134012222,0.0,0.3178446590900421,0.00016908386896830052,0.02285720407962799,3.320729774713982e-06,,,,
157,0.1844775676727295,0.0009433838545884216,51.63165377196856,2.626431941986084,0.024505088105797768,0.011538537219166756,0.00011934182839468122,6.7258606577524915e-06,0.01027161069214344,0.013154461048543453,0.00011838883074233308,0.013047177344560623,0.0029595354571938515,0.018370486795902252,0.0,0.2351134717464447,0.0006064121844246984,0.0232042595744133,8.85170629771892e-06,,,,
158,0.20561443269252777,0.0009426752473405091,51.96041048201732,2.111135244369507,0.02624485082924366,0.012121248990297318,4.128101863898337e-05,3.300217940704897e-05,0.010101797059178352,0.013137788511812687,0.00010910192941082641,0.013033525086939335,0.0057187387719750404,0.05755024030804634,0.0,0.5043632984161377,0.0008050238830037415,0.0235325675457716,4.668478140956722e-06,,,,
159,0.20522506535053253,0.0009419625178065278,52.28602346300613,5.940772533416748,0.027741389349102974,0.011174676939845085,1.1385129255359061e-05,0.0001434725127182901,0.01721358299255371,0.012621358036994934,0.00010393566481070593,0.012795187532901764,0.003366410732269287,0.03950679302215576,0.0,0.3222670257091522,3.4879238228313625e-05,0.02387644164264202,6.633375733144931e-07,,,,
160,0.20322048664093018,0.0009412456730208301,52.607404673006386,3.948239326477051,0.025017015635967255,0.013272560201585293,0.00012523293844424188,7.011675734247547e-06,0.008990377187728882,0.013494860380887985,9.206403774442151e-05,0.013351095840334892,0.0009394136141054332,0.04795223847031593,0.0,0.28552502393722534,0.0012550909304991364,0.02422221563756466,2.1464750261657173e-06,,,,
161,0.18788045644760132,0.0009405247200583851,52.93185554002412,1.1405695676803589,0.024140989407896996,0.010918843559920788,4.302881279727444e-05,2.892190605052747e-05,0.013442660681903362,0.012624923139810562,9.019401477416977e-05,0.012632648460566998,0.0050812819972634315,0.06484450399875641,0.0,0.26285797357559204,0.0005539781996048987,0.02456599287688732,7.922873010102194e-06,,,,
162,0.19411033391952515,0.000939799666034707,53.253665564989205,1.8933371305465698,0.025476399809122086,0.011004160158336163,2.289583790116012e-05,6.97238720022142e-05,0.013697030954062939,0.012553275562822819,9.08112560864538e-05,0.012574843131005764,0.003391578793525696,0.038748208433389664,0.0,0.3797357976436615,0.00020510863396339118,0.02490195631980896,4.680963684222661e-06,,,,
163,0.21530932188034058,0.0009390705181057868,53.584283258009236,3.3152501583099365,0.022886985912919044,0.012778590433299541,8.68907809490338e-05,1.7589125491213053e-05,0.008988099172711372,0.013482267037034035,9.01145176612772e-05,0.013335865922272205,0.003203487955033779,0.0736444890499115,0.0,0.6449718475341797,0.00019469523977022618,0.025238988921046257,1.9030146631848766e-06,,,,
164,0.19380103051662445,0.0009383372834680197,53.9101601850125,2.8286471366882324,0.024319510906934738,0.010793713852763176,2.328070331714116e-05,6.557587039424106e-05,0.01516655832529068,0.012420259416103363,9.299560042563826e-05,0.012505130842328072,0.0053195045329630375,0.03937187418341637,0.0,0.37756025791168213,0.00013617165677715093,0.02562040276825428,1.526928258499538e-06,,,,
165,0.19706623256206512,0.0009375999693581359,54.236789333983324,1.0039747953414917,0.025108935311436653,0.011897711083292961,7.549140718765557e-05,1.8373631974100135e-05,0.011759182438254356,0.012720250524580479,8.978580444818363e-05,0.012684966437518597,0.0034432923421263695,0.117221899330616,0.0,0.21284520626068115,0.000414270005421713,0.026010211557149887,2.2884332793182693e-06,,,,
166,0.1872805505990982,0.0009368585830531277,54.587939472985454,1.0382721424102783,0.022067062556743622,0.011210422031581402,5.596842311206274e-05,3.1903306080494076e-05,0.011023258790373802,0.0129129309207201,8.890507888281718e-05,0.012835231609642506,0.0037899897433817387,0.09538984298706055,0.0,0.2564367353916168,0.000585720525123179,0.026387469843029976,1.6094558077384136e-06,,,,
167,0.20239651203155518,0.000936113131870179,54.912399467022624,1.9951845407485962,0.02555014379322529,0.011280965059995651,1.2242098819115199e-05,8.910788164939731e-05,0.012870609760284424,0.012471805326640606,9.299881639890373e-05,0.012480399571359158,0.0069276271387934685,0.1008685901761055,0.0,0.401619553565979,0.00010971121082548052,0.026768382638692856,1.0355997801525518e-06,,,,
168,0.19829684495925903,0.0009353636231665917,55.23256481601857,2.0254175662994385,0.02246483601629734,0.01226448081433773,9.425414464203641e-05,1.4301622286438942e-05,0.010747542604804039,0.012774152681231499,9.376533853355795e-05,0.012702004052698612,0.001268408028408885,0.052180059254169464,0.0,0.3944939970970154,9.18584773899056e-05,0.027156423777341843,4.4642574721365236e-06,,,,
169,0.18689918518066406,0.0009346100643397144,55.555920412007254,1.1696512699127197,0.026146987453103065,0.01082349568605423,5.067359234089963e-05,3.508764348225668e-05,0.01428161095827818,0.01232426892966032,0.00010020782792707905,0.012398182414472103,0.0034160607028752565,0.03350377082824707,0.0,0.2551749348640442,7.358826405834407e-05,0.027561504393815994,8.996074029710144e-06,,,,
170,0.18010716140270233,0.0009338524628268683,55.88617442798568,1.436287522315979,0.019741320982575417,0.010930851101875305,3.0259488994488493e-05,5.2777304517803714e-05,0.014206353574991226,0.012303666211664677,0.0001007207392831333,0.012367707677185535,0.0034468427766114473,0.019975978881120682,0.0,0.26278766989707947,0.00014289030514191836,0.027949491515755653,1.47502873915073e-06,,,,
171,0.1940235197544098,0.0009330908261052745,56.212758100999054,3.082935094833374,0.025427790358662605,0.012233996763825417,8.363269444089383e-05,1.481491381127853e-05,0.00923912413418293,0.013054419308900833,9.213705197907984e-05,0.01293126493692398,0.002285388996824622,0.019413217902183533,0.0,0.3794217109680176,9.550832328386605e-05,0.028334733098745346,2.6727034310169984e-06,,,,
172,0.18920551240444183,0.0009323251616919799,56.53763530298602,2.4673027992248535,0.02217484451830387,0.011611985974013805,1.1588839697651565e-05,8.205589256249368e-05,0.014305254444479942,0.012285228818655014,8.923530549509451e-05,0.01236030925065279,0.004978672135621309,0.052051931619644165,0.0,0.20871324837207794,9.860016143647954e-05,0.0287255197763443,9.05649073956738e-07,,,,
173,0.18830899894237518,0.0009315554771437833,56.864877710992005,0.993055522441864,0.021130068227648735,0.011424030177295208,6.94847185513936e-05,9.81347602646565e-06,0.013553395867347717,0.012348220683634281,8.219453593483195e-05,0.012376408092677593,0.008988496847450733,0.04007189720869064,0.0,0.30019381642341614,0.00032844068482518196,0.029112473130226135,2.110942205035826e-06,,,,
174,0.19824792444705963,0.0009307817800571602,57.19191765796859,2.111175537109375,0.023417044430971146,0.01237383671104908,7.84366056905128e-05,7.00191503710812e-06,0.011289745569229126,0.012666733004152775,7.661614654352888e-05,0.012614421546459198,0.0038235094398260117,0.06054951623082161,0.0,0.34074482321739197,0.00023199935094453394,0.02950889803469181,9.487421266385354e-06,,,,
175,0.18415075540542603,0.0009300040780681889,57.51201567600947,3.769768238067627,0.023853763937950134,0.011012699455022812,1.5014735254226252e-05,0.00013231571938376874,0.0148348119109869,0.012232812121510506,7.206923328340054e-05,0.012311900965869427,0.0047705573961138725,0.04438633471727371,0.0,0.11270159482955933,0.0001237441028933972,0.029905693605542183,4.496978363022208e-06,3.700238656272118,28.850652761905323,2.9282111646585864,0.620166429422545
176,0.1727273017168045,0.0009292223788524738,57.86620633502025,2.7590792179107666,0.020656609907746315,0.010688587091863155,0.00012525010970421135,5.477502782014199e-06,0.010840212926268578,0.012842082418501377,6.786503217881545e-05,0.012773944064974785,0.005613195244222879,0.0391005240380764,0.0,0.1616540104150772,0.00028864547493867576,0.03027127869427204,1.09003860870871e-06,,,,
177,0.1879006177186966,0.0009284366901250704,58.194465223990846,0.3092680275440216,0.022704944014549255,0.011850512586534023,3.567089152056724e-05,2.4236846002168022e-05,0.011252118274569511,0.012568403035402298,6.609145930269733e-05,0.012535152025520802,0.0027061491273343563,0.04834064096212387,0.0,0.2924443483352661,3.069126614718698e-05,0.03062673658132553,3.3064434319385327e-06,,,,
178,0.18702317774295807,0.0009276470196404096,58.52175185497617,2.2650601863861084,0.020677821710705757,0.011481162160634995,6.727954314555973e-06,9.445498290006071e-05,0.012914493680000305,0.012266268022358418,6.819749251008034e-05,0.012281482107937336,0.0031669880263507366,0.016726449131965637,0.0,0.3385325074195862,0.00012994714779779315,0.030979230999946594,5.231779141467996e-06,,,,
179,0.18736456334590912,0.0009268533751922201,58.85047438100446,2.1648645401000977,0.02126692235469818,0.011517783626914024,9.116932051256299e-05,6.644303994107759e-06,0.011133070103824139,0.012598227709531784,6.857495463918895e-05,0.012542543932795525,0.0051771909929811954,0.07076317071914673,0.0,0.2797471284866333,0.0001626991288503632,0.031339820474386215,4.042076398036443e-06,,,,
180,0.19069994986057281,0.0009260557646134523,59.18062228598865,0.9176609516143799,0.020290007814764977,0.011711600236594677,3.004936661454849e-05,2.914345168392174e-05,0.013327173888683319,0.01218416541814804,7.31778927729465e-05,0.012204697355628014,0.0036152068059891462,0.038786571472883224,0.0,0.368059366941452,6.804581062169746e-05,0.03169196844100952,5.817960300191771e-06,,,,
181,0.18644797801971436,0.0009252541957762005,59.50935346697224,1.2300541400909424,0.019880717620253563,0.010778062045574188,1.3605552339868154e-05,5.2517527365125716e-05,0.012984104454517365,0.012180516496300697,7.687472680117935e-05,0.0121878357604146,0.00460581760853529,0.07548762112855911,0.0,0.37259000539779663,9.683002281235531e-05,0.0320570133626461,8.840760528983083e-06,,,,
182,0.19136394560337067,0.0009244486765916255,59.838922990020365,3.170502185821533,0.020942827686667442,0.012858504429459572,7.797851139912382e-05,1.0714138625189662e-05,0.009721178561449051,0.012710584327578545,7.693155203014612e-05,0.012615654617547989,0.006119058467447758,0.04307989031076431,0.0,0.2682498097419739,0.000132265267893672,0.03242586553096771,4.865664323006058e-06,,,,
183,0.18864580988883972,0.0009236392150098764,60.16670248901937,4.626254558563232,0.02008557692170143,0.010563927702605724,5.57666453460115e-06,9.220209904015064e-05,0.016804911196231842,0.012096826918423176,8.175204857252538e-05,0.012242337688803673,0.005339174531400204,0.06726191937923431,0.0,0.27944064140319824,4.675130912801251e-05,0.03278542682528496,2.6783100111060776e-06,,,,
184,0.18785609304904938,0.0009228258190200126,60.49173989397241,5.488999843597412,0.01998402550816536,0.011998279951512814,0.00020133056386839598,1.5214427548926324e-05,0.008721305988729,0.013042561709880829,7.677370012970641e-05,0.012902642600238323,0.0028933254070580006,0.04678425192832947,0.0,0.2504752576351166,0.00013383128680288792,0.03314037621021271,3.3902065297297668e-06,,,,
185,0.189466193318367,0.0009220084966499235,60.82060565898428,5.090825080871582,0.0194606464356184,0.01077953726053238,1.4013156032888219e-05,0.0001578412193339318,0.01461086980998516,0.011961591430008411,7.943237869767472e-05,0.012021101079881191,0.0015922298189252615,0.0631634071469307,0.0,0.30544933676719666,0.00010819871386047453,0.033493395894765854,3.1170063721219776e-06,,,,
186,0.19407112896442413,0.0009211872559662515,61.148931044968776,5.548160552978516,0.019456127658486366,0.012551735155284405,0.00013713435328099877,4.7183311835397035e-06,0.006718366406857967,0.01382289920002222,7.665425073355436e-05,0.01359960064291954,0.00613945908844471,0.034446634352207184,0.0,0.43993741273880005,0.0003096872242167592,0.03384688124060631,3.897268470609561e-06,,,,
187,0.17444142699241638,0.0009203621050743103,61.480978178966325,3.3417632579803467,0.02030804753303528,0.01017586700618267,1.4818502677371725e-05,7.170562457758933e-05,0.013960447162389755,0.011990610510110855,8.517463720636442e-05,0.01204786729067564,0.0028334851376712322,0.04200703278183937,0.0,0.23671436309814453,5.283234713715501e-05,0.0342230387032032,5.348697413865011e-06,,,,
188,0.17680957913398743,0.0009195330521180062,61.81040065799607,1.036691665649414,0.017864082008600235,0.01005326583981514,5.2105744543951005e-05,1.5441704817931168e-05,0.012210357002913952,0.012063873000442982,8.8935557869263e-05,0.01204673107713461,0.0035865288227796555,0.08409708738327026,0.0,0.35441362857818604,6.376133387675509e-05,0.034583888947963715,2.4747005227254704e-05,,,,
189,0.17079707980155945,0.0009187001052797571,62.15410912001971,4.094361782073975,0.017650645226240158,0.011474527418613434,9.246760600944981e-05,6.600326742045581e-06,0.008203798905014992,0.013127169571816921,9.0374393039383e-05,0.012937738560140133,0.007864298298954964,0.07391215860843658,0.0,0.11575120687484741,0.0001330060767941177,0.0349598303437233,3.6090859794057906e-06,,,,
190,0.1983887106180191,0.000917863272780412,62.47906011302257,6.776391983032227,0.020785491913557053,0.011041365563869476,4.13443885918241e-05,0.00024187620147131383,0.0158684179186821,0.01190856471657753,0.00010118729551322758,0.01205889880657196,0.004304992500692606,0.04472740739583969,0.0,0.2877255082130432,9.288110595662147e-05,0.035311274230480194,2.115728875651257e-06,,,,
191,0.1732081025838852,0.00091702256287917,62.80387097498169,2.6317107677459717,0.018187208101153374,0.010532848536968231,0.00011494586215121672,6.5767667365435045e-06,0.01028044056147337,0.012155735865235329,0.00010447713430039585,0.01208988856524229,0.0021239323541522026,0.02376098930835724,0.0,0.339718222618103,0.00014824679237790406,0.03565727174282074,1.4382309018401429e-05,,,,
192,0.1740950047969818,0.0009161779838734982,63.13099550799234,1.0378644466400146,0.018464598804712296,0.011229047551751137,5.502114072442055e-05,1.1733949577319436e-05,0.011380585841834545,0.011979090049862862,0.00011337890464346856,0.011952335946261883,0.006138885859400034,0.04249408841133118,0.0,0.2168583869934082,9.762540139490739e-05,0.03600676357746124,8.01151054474758e-06,,,,
193,0.18567708134651184,0.0009153295440990506,63.455942246015184,3.370022773742676,0.019119443371891975,0.011722318828105927,1.1774849554058164e-05,0.0001280187425436452,0.014014475047588348,0.011818052269518375,0.00012095926649635658,0.01190069131553173,0.0032384281512349844,0.05190692096948624,0.0,0.16545744240283966,0.00013518769992515445,0.036344144493341446,2.8069007385056466e-06,,,,
194,0.17856691777706146,0.0009144772519295853,63.78311090299394,3.971860885620117,0.01946929842233658,0.011600579135119915,0.000166251789778471,1.2257990420039278e-05,0.009773916564881802,0.012177174910902977,0.00011557721882127225,0.01208021491765976,0.011300789192318916,0.03464454412460327,0.0,0.18374605476856232,7.552015449618921e-05,0.03666556626558304,2.148437033611117e-06,,,,
195,0.18999695777893066,0.0009136211157768814,64.11084743996616,4.352682113647461,0.01933489739894867,0.01067945547401905,6.914819095982239e-06,0.00010837014997377992,0.015469017438590527,0.011815091595053673,0.00011654820991680026,0.01196720264852047,0.003583210986107588,0.03131438046693802,0.0,0.4187315106391907,0.00021268741693347692,0.03697482869029045,1.1927697414648719e-05,,,,
196,0.18341058492660522,0.0009127611440906577,64.44010836497182,4.814367771148682,0.019863884896039963,0.012344444170594215,0.00012452498776838183,6.373238193191355e-06,0.008317939937114716,0.012715654447674751,0.00010383237531641498,0.012549093924462795,0.006854248233139515,0.02691931650042534,0.0,0.258368581533432,0.00013949492131359875,0.037313755601644516,8.074175639194436e-06,,,,
197,0.172452911734581,0.0009118973453584873,64.7703545630211,4.810823440551758,0.018808700144290924,0.010303795337677002,1.8223530787508935e-05,0.00014250061940401793,0.015299762599170208,0.011775321327149868,9.766242874320596e-05,0.011913606896996498,0.0033002831041812897,0.04222739115357399,0.0,0.08317065238952637,0.00010754134564194828,0.03765274956822395,2.400266566837672e-06,,,,
198,0.18128062784671783,0.0009110297281057149,65.09760296600871,4.125521183013916,0.020082412287592888,0.010873563587665558,0.00016569234139751643,1.8803488273988478e-05,0.010338375344872475,0.012318610213696957,8.35393148008734e-05,0.01222753245383501,0.004618717823177576,0.02502722293138504,0.0,0.32676929235458374,0.00048242099001072347,0.03796539455652237,2.4263126761070453e-06,,,,
199,0.1816345453262329,0.0009101583008953727,65.42353332496714,2.6498990058898926,0.01757098361849785,0.010091401636600494,7.980595910339616e-06,7.834106509108096e-05,0.012497199699282646,0.011779536493122578,8.199264266295359e-05,0.011779109947383404,0.003989823628216982,0.03049040585756302,0.0,0.5392543077468872,4.723174060927704e-05,0.03828306868672371,2.4622866021672962e-06,,,,
200,0.16720835864543915,0.0009092830723280953,65.75450862600701,2.4922597408294678,0.017898447811603546,0.01077565923333168,4.266360338078812e-05,1.5595096556353383e-05,0.009150257334113121,0.012412039563059807,8.418962534051389e-05,0.012277704663574696,0.004622871987521648,0.021190058439970016,0.0,0.29077452421188354,9.325284918304533e-05,0.03862755000591278,1.2302100003580563e-05,3.4664409696678247,27.027739025970018,1.3545604901781179,1.9089688591710783
201,0.17048975825309753,0.0009084040510420354,66.11593005701434,2.6981940269470215,0.01814029924571514,0.01039186306297779,1.7979582480620593e-05,3.192964868503623e-05,0.014139804057776928,0.0117552625015378,9.232680895365775e-05,0.01181948184967041,0.0034120825584977865,0.03289841115474701,0.0,0.2222745567560196,6.545835640281439e-05,0.038982611149549484,1.471241375838872e-06,,,,
202,0.18195028603076935,0.0009075212457127782,66.44632710999576,2.216975688934326,0.016653724014759064,0.01154986210167408,8.524022996425629e-05,6.1572100094053894e-06,0.010466016829013824,0.011969066224992275,9.581061749486253e-05,0.011893338523805141,0.0018209968693554401,0.0489228330552578,0.0,0.36411547660827637,0.00011076331429649144,0.03933286666870117,2.552389105403563e-06,,,,
203,0.16865408420562744,0.0009066346650532561,66.77915360999759,2.405740976333618,0.019231732934713364,0.01068758126348257,5.307274022925412e-06,0.00010134691547136754,0.011323034763336182,0.011718988418579102,0.00010184536222368479,0.011692171916365623,0.006285870913416147,0.054412633180618286,0.0,0.12887142598628998,7.821166946087033e-05,0.03971053287386894,1.10087166831363e-05,,,,
204,0.17834413051605225,0.0009057443178136618,67.10410491697257,2.5952959060668945,0.016603464260697365,0.011132759973406792,7.042880315566435e-05,1.254213202628307e-05,0.00950026698410511,0.011918212287127972,0.000104090417153202,0.011831087060272694,0.003144105663523078,0.04047434404492378,0.0,0.4212868809700012,0.00026096589863300323,0.04006938263773918,1.9923040781577583e-06,,,,
205,0.1787743717432022,0.0009048502127813635,67.4271134469891,3.1742029190063477,0.018082451075315475,0.010296035557985306,9.069320185517427e-06,5.874806811334565e-05,0.015337154269218445,0.011576560325920582,0.00010813836706802249,0.011740368790924549,0.0027792255859822035,0.03713812679052353,0.0,0.33451175689697266,0.00010090224532177672,0.04046321660280228,5.527107987290947e-06,,,,
206,0.17485953867435455,0.0009039523587808167,67.76151136198314,3.024109125137329,0.01782643422484398,0.011253646574914455,0.00011309490946587175,7.440411536663305e-06,0.009476779028773308,0.01186014898121357,9.994695574278012e-05,0.01179245114326477,0.004480799660086632,0.04926980286836624,0.0,0.25669461488723755,0.00013830172247253358,0.04086746275424957,6.204521014296915e-06,,,,
207,0.1720350682735443,0.0009030507646734779,68.09055395901669,3.6245739459991455,0.016164639964699745,0.010415753349661827,1.2084274203516543e-05,0.00016772173694334924,0.0109428521245718,0.011555155739188194,9.498364670434967e-05,0.011558158323168755,0.003719936590641737,0.020263565704226494,0.0,0.3216508626937866,1.950277692230884e-05,0.04126635193824768,9.477989806327969e-06,,,,
208,0.17418603599071503,0.0009021454393577171,68.41623702901416,4.7463250160217285,0.01695079915225506,0.010933641344308853,0.000192034465726465,1.3868346286471933e-05,0.00870621856302023,0.012121870182454586,8.766391692915931e-05,0.012002067640423775,0.005263174884021282,0.033684324473142624,0.0,0.2791455090045929,0.0001251469657290727,0.041678473353385925,3.5741493320529116e-06,,,,
209,0.17639122903347015,0.0009012363917687298,68.74315746402135,5.737029552459717,0.01795552298426628,0.010136367753148079,2.588293864391744e-05,0.00015155199798755348,0.016030557453632355,0.011670480482280254,9.369829786010087e-05,0.011861495673656464,0.002902926178649068,0.028968272730708122,0.0,0.1884528547525406,0.00018162146443501115,0.04210203140974045,4.1901380427589174e-06,,,,
210,0.16207559406757355,0.0009003236308784483,69.06947638600832,2.16270112991333,0.015742944553494453,0.010745234787464142,0.00010501566430320963,2.6534539756539743e-06,0.01058437954634428,0.011598330922424793,9.128321835305542e-05,0.011555521748960018,0.004056433215737343,0.041705694049596786,0.0,0.1196027398109436,8.189079380827025e-05,0.042513180524110794,4.20145079260692e-06,,,,
211,0.1525251418352127,0.0008994071656954544,69.39037883700803,1.353629231452942,0.01706364005804062,0.01031035277992487,3.6193370760884136e-05,2.2124533643363975e-05,0.00836133025586605,0.01186051033437252,9.233093442162499e-05,0.01175118051469326,0.005974094849079847,0.0381365641951561,0.0,0.10544122755527496,0.00011192886449862272,0.042907360941171646,4.550231096800417e-06,,,,
212,0.1754581481218338,0.0008984870052648894,69.720671337971,3.5823423862457275,0.016690414398908615,0.011146903038024902,1.6311554645653814e-05,0.00013285393652040511,0.012648436240851879,0.011337308213114738,9.792818309506401e-05,0.011374498717486858,0.003906101919710636,0.05229523777961731,0.0,0.16635671257972717,0.00014156602264847606,0.043279945850372314,2.1977971300657373e-06,,,,
213,0.17996884882450104,0.0008975631586683652,70.04849588201614,6.017433166503906,0.01673194207251072,0.011302484199404716,0.00027595553547143936,5.31102778040804e-05,0.009586939588189125,0.011605050414800644,9.291322203353047e-05,0.011540367268025875,0.003940060269087553,0.05282376706600189,0.0,0.16519972681999207,7.239232945721596e-05,0.043627843260765076,3.2347440992452903e-06,,,,
214,0.18427829444408417,0.0008966356350238747,70.37702777097002,5.46732759475708,0.018111472949385643,0.01056811586022377,4.621684638550505e-06,0.00010221439879387617,0.016804788261651993,0.011518996208906174,9.138916357187554e-05,0.011723107658326626,0.005511671304702759,0.08215226978063583,0.0,0.2099592089653015,0.00020189826318528503,0.04395433887839317,1.0989897418767214e-05,,,,
215,0.1702820509672165,0.000895704443485702,70.70479219598928,2.9884610176086426,0.015008164569735527,0.011197003535926342,5.563565355259925e-05,1.690233330009505e-05,0.007288903929293156,0.012294845655560493,7.470796117559075e-05,0.012149926275014877,0.007916238158941269,0.0773579478263855,0.0,0.29170045256614685,0.00013286566536407918,0.04427201673388481,5.2184550440870225e-06,,,,
216,0.1706770360469818,0.0008947695932443316,71.03144710097695,2.5159175395965576,0.017668312415480614,0.01096288487315178,1.2881754628324416e-05,5.215920100454241e-05,0.008357394486665726,0.012043660506606102,6.370483606588095e-05,0.011933148838579655,0.004422284662723541,0.055547118186950684,0.0,0.30456674098968506,0.0001811039401218295,0.04460292309522629,4.735266429634066e-06,,,,
217,0.17245909571647644,0.0008938310935263577,71.35999021597672,5.411429405212402,0.016569245606660843,0.010215298272669315,8.324313967023045e-06,5.284677536110394e-05,0.018024984747171402,0.011496655642986298,5.9696274547604844e-05,0.0116520244628191,0.007006261497735977,0.027511194348335266,0.0,0.1676359474658966,0.0002591033698990941,0.044950827956199646,3.569175987649942e-06,,,,
218,0.17662107944488525,0.000892888953594394,71.69510823499877,6.504212856292725,0.014988607726991177,0.010427810251712799,0.00031354586826637387,6.758482777513564e-05,0.009479224681854248,0.01176496222615242,4.919911953038536e-05,0.011713636107742786,0.007732210215181112,0.054637618362903595,0.0,0.2130177617073059,6.648042472079396e-05,0.045279793441295624,4.996043116989313e-06,,,,
219,0.18810714781284332,0.0008919431827469809,72.03407142701326,4.142742156982422,0.016632741317152977,0.01052625011652708,2.8416287022992037e-05,0.0001832983980420977,0.011300643905997276,0.011312215588986874,4.758067007060163e-05,0.011314441449940205,0.004733868408948183,0.04112444445490837,0.0,0.5334840416908264,0.00027898160624317825,0.045600585639476776,7.675644155824557e-06,,,,
220,0.1692424863576889,0.0008909937903184951,72.36553760699462,1.6208827495574951,0.015031024813652039,0.010909875854849815,6.407498585758731e-05,5.763752596976701e-06,0.010944671928882599,0.011414285749197006,4.4771026296075433e-05,0.011416350491344929,0.00426423829048872,0.04235835373401642,0.0,0.2813928723335266,6.36229378869757e-05,0.04597484692931175,2.707783551159082e-06,,,,
221,0.1740724891424179,0.0008900407856790567,72.6959116840153,1.9106228351593018,0.015533090569078922,0.01040369737893343,6.616245809709653e-05,5.069095550425118e-06,0.013535043224692345,0.011080189608037472,4.150401946390048e-05,0.011126497760415077,0.0029576094821095467,0.057692691683769226,0.0,0.3262879252433777,0.00010921574721578509,0.04636377841234207,1.3233286608738126e-06,,,,
222,0.16329243779182434,0.0008890841782344365,73.02042477799114,1.9723316431045532,0.01718643121421337,0.010848539881408215,1.0095085599459708e-05,7.627350714756176e-05,0.010341282933950424,0.011415463872253895,3.919691516784951e-05,0.0114143006503582,0.005713052581995726,0.034431103616952896,0.0,0.14918392896652222,0.00017006148118525743,0.04676507040858269,3.736664893949637e-06,,,,
223,0.15957558155059814,0.0008881239774259638,73.34882616502,3.442021369934082,0.015882929787039757,0.01069793850183487,7.289294444490224e-05,5.511255494639045e-06,0.00855296105146408,0.012039126828312874,3.91850080632139e-05,0.011985543183982372,0.004249933175742626,0.0348467193543911,0.0,0.18236342072486877,0.00011326879757689312,0.047149866819381714,4.2501214920775965e-06,,,,
224,0.17289608716964722,0.0008871601927304331,73.67682792601408,5.944396495819092,0.01572844758629799,0.009062199853360653,1.3002385458094068e-05,9.865760512184352e-05,0.01763002574443817,0.011144774034619331,4.4402109779184684e-05,0.011254345998167992,0.004723000340163708,0.03717833012342453,0.0,0.3441088795661926,0.00012885246542282403,0.047524593770504,3.2449697755509987e-06,,,,
225,0.181497260928154,0.0008861928336600101,74.00667420699028,5.2408127784729,0.01529605034738779,0.011593571864068508,0.00019972407608292997,2.9086424547131173e-05,0.010131558403372765,0.011332704685628414,4.636306402971968e-05,0.01129370927810669,0.004849371500313282,0.03279046341776848,0.0,0.3074536919593811,8.540519775124267e-05,0.04790874198079109,2.3322056676988723e-06,6.681161488055214,25.770183175586386,2.139706931994508,4.769773180571379
226,0.17492875456809998,0.0008852219097621384,74.40180968301138,7.454486846923828,0.01520998403429985,0.009361352771520615,5.3675197705160826e-05,0.000285439717117697,0.014986895024776459,0.010840381495654583,5.567297921516001e-05,0.010933916084468365,0.005559339188039303,0.06630244851112366,0.0,0.17549176514148712,0.000273857731372118,0.048309940844774246,7.799175364198163e-06,,,,
227,0.16515572369098663,0.0008842474306194447,74.72971346101258,4.17125940322876,0.013806159608066082,0.011237628757953644,7.234473014250398e-05,1.073592920874944e-05,0.007747601252049208,0.011898096650838852,5.5768556194379926e-05,0.01179409772157669,0.0033418138045817614,0.05759600177407265,0.0,0.23799479007720947,0.00011843745596706867,0.04869261011481285,2.0267939362383913e-06,,,,
228,0.15816067159175873,0.0008832694058496449,75.05913853499806,2.0287396907806396,0.015715083107352257,0.00979438703507185,1.9969031200162135e-05,4.0362989238929003e-05,0.014098895713686943,0.010770061984658241,6.209064304130152e-05,0.010857412591576576,0.004334814380854368,0.048963822424411774,0.0,0.11788994073867798,6.354616925818846e-05,0.04906538128852844,4.188486855127849e-06,,,,
229,0.17660364508628845,0.0008822878451054484,75.38715454301564,0.8579676747322083,0.014739705249667168,0.010669967159628868,4.9089572712546214e-05,1.158919076260645e-05,0.012832204811275005,0.010736231692135334,6.34378448012285e-05,0.01078667864203453,0.004500942770391703,0.028896953910589218,0.0,0.4553539752960205,0.00021720367658417672,0.049412861466407776,7.016552899585804e-06,,,,
230,0.1647602617740631,0.0008813027580744639,75.7174316070159,1.0023123025894165,0.013875095173716545,0.0096083153039217,2.1070996808703057e-05,3.87639956898056e-05,0.01149463839828968,0.01076449453830719,5.9313908423064277e-05,0.010779508389532566,0.0036110668443143368,0.019887734204530716,0.0,0.48025399446487427,0.00013943678641226143,0.049809232354164124,3.7091908779984806e-06,,,,
231,0.15921886265277863,0.0008803141544791022,76.04580336099025,2.573915481567383,0.01565103977918625,0.010808221995830536,4.615091529558413e-05,1.1938401257793885e-05,0.00772993266582489,0.011456571519374847,5.775132012786344e-05,0.011360648088157177,0.006114472635090351,0.04633525013923645,0.0,0.2143649011850357,8.789767161943018e-05,0.05025634542107582,9.349261745228432e-06,,,,
232,0.16568416357040405,0.0008793220440764821,76.37319663597737,3.3372747898101807,0.01512877643108368,0.009504823014140129,1.5286237612599507e-05,8.965055167209357e-05,0.013005580753087997,0.010648377239704132,5.92334836255759e-05,0.010701076127588749,0.010827618651092052,0.03344601392745972,0.0,0.3556811809539795,5.924380457145162e-05,0.05069471895694733,1.090158457373036e-05,,,,
233,0.1807192713022232,0.0008783264366583325,76.70124495000346,5.389266014099121,0.011769621632993221,0.009704237803816795,0.00025983774685300887,4.747990897158161e-05,0.009975329041481018,0.010866418480873108,5.6993376347236335e-05,0.010834814980626106,0.003111467231065035,0.05210886150598526,0.0,0.573218822479248,0.00010343890608055517,0.05115785822272301,1.9832828002108727e-06,,,,
234,0.17541547119617462,0.0008773273420508967,77.03177072101971,8.80483627319336,0.012993568554520607,0.008877068758010864,0.00010182546975556761,0.0003013746754731983,0.01555311307311058,0.010739186778664589,6.535949796671048e-05,0.010877070017158985,0.009539192542433739,0.01649002730846405,0.0,0.32130712270736694,0.00013683819270227104,0.0516742542386055,1.2310159945627674e-05,,,,
235,0.16355834901332855,0.0008763247701148352,77.3603867929778,2.1331682205200195,0.014954202808439732,0.0100959911942482,1.5568246453767642e-05,4.559977605822496e-05,0.008488460443913937,0.011219094507396221,6.359914550557733e-05,0.01112221647053957,0.006723860278725624,0.05424986407160759,0.0,0.38952377438545227,3.930495586246252e-05,0.05217581242322922,3.5342015962669393e-06,,,,
236,0.17814072966575623,0.0008753187307451283,77.6904020709917,7.544679164886475,0.01342293806374073,0.010987268760800362,0.0003014582325704396,7.314857793971896e-05,0.008076202124357224,0.011196298524737358,6.692047463729978e-05,0.011097225360572338,0.005987824872136116,0.03076668456196785,0.0,0.32090824842453003,2.925910121120978e-05,0.05271132290363312,6.090197985031409e-06,,,,
237,0.20157602429389954,0.0008743092338709782,78.02118313097162,8.456293106079102,0.016308292746543884,0.009835992008447647,3.369675687281415e-05,0.00016658280219417065,0.020580824464559555,0.011546976864337921,8.069965406320989e-05,0.011852797120809555,0.007924798876047134,0.05471660569310188,0.0,0.5130820274353027,0.000251246354309842,0.053246039897203445,1.64920165843796e-05,,,,
238,0.1703914999961853,0.0008732962894557116,78.35111422097543,3.482820510864258,0.014012393541634083,0.009096870198845863,4.226705641485751e-06,5.2144911023788154e-05,0.013769930228590965,0.0104829091578722,7.900194032117724e-05,0.010596678592264652,0.005404696799814701,0.06335371732711792,0.0,0.5023432374000549,0.0002284129586769268,0.05378478765487671,3.147255483781919e-06,,,,
239,0.24625186622142792,0.0008722799074966811,78.6801197080058,18.052640914916992,0.014756591059267521,0.015941431745886803,0.0006818421534262598,0.0002565878676250577,0.002498860936611891,0.016867758706212044,6.67296553729102e-05,0.016436630859971046,0.004634972661733627,0.04986094683408737,0.0,0.2647753357887268,8.880491077434272e-05,0.054370708763599396,6.9540997174044605e-06,,,,
240,0.21439479291439056,0.0008712600980251661,79.01079129101709,14.468152046203613,0.015142660588026047,0.014875675551593304,0.0003137089079245925,6.98817748343572e-05,0.0022252812050282955,0.01683683879673481,6.707501597702503e-05,0.016400840133428574,0.009686839766800404,0.05091781169176102,0.0,0.3495466709136963,0.00012566286022774875,0.054915547370910645,1.0775266673590522e-05,,,,
241,0.2025473713874817,0.0008702368711062745,79.33902004500851,10.710700988769531,0.014519931748509407,0.009098408743739128,0.0002624313347041607,0.0005754168378189206,0.013442857190966606,0.010340936481952667,7.937868213048205e-05,0.010430239140987396,0.00646674120798707,0.06281738728284836,0.0,0.3701763451099396,0.0003572825517039746,0.055438850075006485,5.4905685828998685e-06,,,,
242,0.18578855693340302,0.0008692102368388428,79.66799163201358,10.198104858398438,0.012756056152284145,0.009783410467207432,4.992871981812641e-05,0.00021508608188014477,0.020435981452465057,0.011518417857587337,8.33387384773232e-05,0.011825832538306713,0.006371850613504648,0.0401947945356369,0.0,0.24751068651676178,0.00035758467856794596,0.05595244839787483,4.4438306758820545e-06,,,,
243,0.20443108677864075,0.0008681802053553369,79.99724212801084,11.118447303771973,0.015217273496091366,0.008395187556743622,0.000741803552955389,0.0003641584189608693,0.009328282438218594,0.01069338247179985,7.406155054923147e-05,0.010623691603541374,0.005522076040506363,0.09874828159809113,0.0,0.32583099603652954,0.00012992760457564145,0.05645119771361351,3.601418484322494e-06,,,,
244,0.1757667511701584,0.0008671467868217514,80.32894817797933,8.796716690063477,0.014087880030274391,0.010318828746676445,0.0004127045103814453,0.00013311357179190964,0.007058267947286367,0.011382417753338814,7.279578858288005e-05,0.011216197162866592,0.010755529627203941,0.04585661739110947,0.0,0.19542059302330017,2.2332387743517756e-05,0.05693167448043823,2.847537416528212e-06,,,,
245,0.23497091233730316,0.0008661099914375104,80.65776539198123,13.751653671264648,0.015619464218616486,0.00903226062655449,0.0005239474703557789,0.0009424401796422899,0.013902196660637856,0.010287446901202202,8.08064141892828e-05,0.010377456434071064,0.006170129869133234,0.05941478908061981,0.0,0.35296592116355896,0.0011850206647068262,0.057390425354242325,2.384570962021826e-06,,,,
246,0.23318877816200256,0.0008650698294353655,80.98652166500688,14.309185981750488,0.013900309801101685,0.009351341053843498,0.0005694456631317735,0.0009958420414477587,0.013007688336074352,0.01024943869560957,7.965155964484438e-05,0.010317487642168999,0.0047708600759506226,0.030001681298017502,0.0,0.3059370219707489,0.000875836587511003,0.05783083289861679,2.5331353299407056e-06,,,,
247,0.17171184718608856,0.0008640263110812959,81.31662816897733,6.986820220947266,0.014598675072193146,0.012384253554046154,0.0001678002008702606,2.442532786517404e-05,0.006464848294854164,0.011673582717776299,7.081517833285034e-05,0.011482657864689827,0.006830434314906597,0.040307238698005676,0.0,0.1506817638874054,0.00022956532484386116,0.058248985558748245,6.156054496386787e-06,,,,
248,0.16104546189308167,0.0008629794466744064,81.64687230798882,5.759791851043701,0.015104451216757298,0.008622526191174984,0.0003025273035746068,8.854903717292473e-05,0.013286340981721878,0.01031810324639082,7.488256233045831e-05,0.010392640717327595,0.00402270071208477,0.01579245924949646,0.0,0.16008147597312927,0.00012969107774551958,0.05864416062831879,1.0242747521260753e-06,,,,
249,0.20822025835514069,0.0008619292465468258,81.98220963898348,11.690123558044434,0.0161173976957798,0.009522359818220139,0.00019340594008099288,0.00041942947427742183,0.018394863232970238,0.010967733338475227,8.083907596301287e-05,0.011225010268390179,0.008820527233183384,0.04419724643230438,0.0,0.4049835205078125,0.0009653156157582998,0.059023063629865646,3.7927743505861145e-06,,,,
250,0.17679977416992188,0.0008608757210636058,82.31571330002043,7.60815954208374,0.014325479976832867,0.009560633450746536,0.00013982702512294054,0.00035339314490556717,0.009983096271753311,0.01046808436512947,7.395248394459486e-05,0.010432551614940166,0.008391952142119408,0.05003899708390236,0.0,0.2738052010536194,0.001132737728767097,0.05940643697977066,7.5743591878563166e-06,7.581577055123997,35.65753012754306,7.016731678060671,4.444213916880162
251,0.2482941448688507,0.0008598188806226174,82.6724917779793,18.80573081970215,0.012839928269386292,0.0159706212580204,0.0006903607281856239,0.00034468327066861093,0.0017561521381139755,0.01810874603688717,6.08659720455762e-05,0.017682362347841263,0.009740622714161873,0.02085920423269272,0.0,0.274384468793869,0.00015563750639557838,0.059786856174468994,4.299581178202061e-06,,,,
252,0.28705286979675293,0.0008587587356544492,83.00241367099807,21.160329818725586,0.014118092134594917,0.01511323731392622,0.0011553630465641618,0.0006863864837214351,0.002420580480247736,0.016550835222005844,5.889054591534659e-05,0.01618468202650547,0.00711487140506506,0.08073695003986359,0.0,0.2721061706542969,0.00014902530529070646,0.06014743819832802,3.0454684747383e-06,,,,
253,0.17615002393722534,0.0008576952966223038,83.32944342697738,3.653502941131592,0.014433563686907291,0.009745811112225056,0.00014891038881614804,2.9166509193601087e-05,0.012466490268707275,0.010322358459234238,6.737377407262102e-05,0.010353474877774715,0.004729822278022766,0.0940360501408577,0.0,0.38428163528442383,0.00018526978965383023,0.060489870607852936,2.619121005409397e-06,,,,
254,0.3252750635147095,0.0008566285740218953,83.66017393098446,21.967609405517578,0.016239458695054054,0.012048393487930298,0.0009215750615112484,0.0013421470066532493,0.027787785977125168,0.013924000784754753,7.921724318293855e-05,0.014417702332139015,0.012393378652632236,0.02713853493332863,0.0,0.2160608023405075,0.0011874425690621138,0.06089397519826889,1.7371837657265132e-06,,,,
255,0.4040522873401642,0.0008555585783813451,83.99042377900332,25.175046920776367,0.01589909940958023,0.010483337566256523,0.001672003185376525,0.002204015851020813,0.02749672345817089,0.013662601821124554,8.133438677759841e-05,0.014155800454318523,0.005818182602524757,0.059935152530670166,0.0,0.3560183048248291,0.003361084498465061,0.06126825883984566,3.29326849168865e-06,,,,
256,0.21366705000400543,0.0008544853202610782,84.32381522498326,12.333016395568848,0.01373372320085764,0.008957060053944588,0.0004030470736324787,0.0007333088433369994,0.014265239238739014,0.010277154855430126,7.457243918906897e-05,0.010408781468868256,0.0060357749462127686,0.08182257413864136,0.0,0.2349102944135666,0.0017993557266891003,0.06161954253911972,2.9537513910327107e-06,,,,
257,0.26746755838394165,0.0008534088102537189,84.65448713902151,19.396873474121094,0.01306455209851265,0.015809109434485435,0.0009598819888196886,0.000499156943988055,0.0022154883481562138,0.016454363241791725,6.276185740716755e-05,0.016092300415039062,0.013607047498226166,0.04284025356173515,0.0,0.2549768090248108,9.822669380810112e-05,0.061950940638780594,1.61248578933737e-06,,,,
258,0.405051589012146,0.0008523290589839864,84.98433895397466,28.776090621948242,0.015239742584526539,0.015437060967087746,0.002460284624248743,0.0016878393944352865,0.0018183438805863261,0.018478479236364365,6.131513509899378e-05,0.018069613724946976,0.010706808418035507,0.1104080080986023,0.0,0.12138514220714569,0.0008920582477003336,0.06226799637079239,2.0132961253693793e-06,,,,
259,0.29494088888168335,0.0008512460771085899,85.31359705800423,19.160327911376953,0.013417254202067852,0.012734577059745789,0.0015529606025665998,0.0009810707997530699,0.006090325769037008,0.012030002661049366,6.663713429588825e-05,0.011863471008837223,0.006526162847876549,0.025930237025022507,0.0,0.2732750177383423,8.764196536503732e-05,0.06255723536014557,4.801607246918138e-06,,,,
260,0.19752830266952515,0.000850159875316123,85.64289630798157,8.89236831665039,0.016099434345960617,0.01034531183540821,9.18400110094808e-06,3.396900137886405e-05,0.023101765662431717,0.012380917556583881,7.88713077781722e-05,0.012769450433552265,0.01552360039204359,0.1062646359205246,0.0,0.2539282441139221,0.0008344903471879661,0.06284188479185104,6.85124348365207e-07,,,,
261,0.2305348515510559,0.0008490704643269592,85.97350436000852,14.519827842712402,0.012867541052401066,0.00909733958542347,0.00043657919741235673,0.0007758833235129714,0.02176774851977825,0.011780452914536,8.010727469809353e-05,0.012127059511840343,0.006857944652438164,0.0529552586376667,0.0,0.17063194513320923,0.002417696639895439,0.06314394623041153,1.1370635547791608e-05,,,,
262,0.19124184548854828,0.000847977854893145,86.30427111301105,8.9695405960083,0.015342780388891697,0.009342789649963379,0.00025425752392038703,0.0005579340504482388,0.009260114282369614,0.010617394000291824,7.219572580652311e-05,0.010571870021522045,0.00353412632830441,0.04557191580533981,0.0,0.2963322699069977,0.001071079634130001,0.06342848390340805,8.265905307780486e-06,,,,
263,0.2404232919216156,0.0008468820577982946,86.63376774900826,16.477947235107422,0.015235153026878834,0.01704161986708641,0.0003883826720993966,0.00014126268797554076,0.0017101799603551626,0.01830359362065792,6.280077650444582e-05,0.01789254881441593,0.012815556488931179,0.057321563363075256,0.0,0.31968674063682556,0.0002071558265015483,0.06372907012701035,2.6512395834288327e-06,,,,
264,0.27191582322120667,0.0008457830838574825,86.96184967801673,19.648977279663086,0.014186190441250801,0.014842629432678223,0.001082554692402482,0.0006250247824937105,0.002603213768452406,0.016084076836705208,6.35908218100667e-05,0.015733620151877403,0.017138296738266945,0.07207195460796356,0.0,0.1576087474822998,0.00044836485176347196,0.06402843445539474,1.3937614085079986e-06,,,,
265,0.17930883169174194,0.0008446809439171382,87.28975151997292,6.886200428009033,0.013755830936133862,0.009526620618999004,0.0004189846513327211,0.00018030780483968556,0.012603982351720333,0.01045424584299326,7.161168468883261e-05,0.010494108311831951,0.008485021069645882,0.045941561460494995,0.0,0.1522279530763626,0.000380335928639397,0.06430818140506744,1.4009885944687994e-06,,,,
266,0.2503863275051117,0.0008435756488549379,87.62112516199704,16.050657272338867,0.014606124721467495,0.011373492889106274,0.00025888881646096706,0.0005107655888423324,0.028873004019260406,0.014602790586650372,8.104477456072345e-05,0.015102711506187916,0.004300223663449287,0.023283464834094048,0.0,0.2703510522842407,0.0025670621544122696,0.06458224356174469,3.364098574820673e-06,,,,
267,0.32516950368881226,0.0008424672095796976,87.94900248898193,20.391393661499023,0.016754811629652977,0.010673883371055126,0.0009891147492453456,0.001353254891000688,0.0275421105325222,0.013809895142912865,8.081871055765077e-05,0.014274140819907188,0.005688258912414312,0.09780845046043396,0.0,0.18729041516780853,0.0030773526523262262,0.0648525133728981,3.260889570810832e-06,,,,
268,0.22894778847694397,0.0008413556370312655,88.27893257199321,12.535869598388672,0.014069168828427792,0.009488973766565323,0.0004953104071319103,0.0008563471492379904,0.013151722960174084,0.0103487279266119,7.313299283850938e-05,0.010430142283439636,0.0047251335345208645,0.04810258746147156,0.0,0.35646915435791016,0.0012141317129135132,0.06511019915342331,6.16282250121003e-06,,,,
269,0.22919124364852905,0.0008402409421804138,88.61062939401018,13.684006690979004,0.014603374525904655,0.01727605238556862,0.00018257071496918797,4.070321301696822e-05,0.002163081895560026,0.017082955688238144,6.157698226161301e-05,0.016737477853894234,0.015125955455005169,0.0948001816868782,0.0,0.32203638553619385,0.000541854475159198,0.06538157165050507,6.314118650152523e-07,,,,
270,0.2758628726005554,0.0008391231360287306,88.93984692002414,19.561805725097656,0.013207372277975082,0.015738077461719513,0.0009777414379641414,0.0006013157544657588,0.002311045303940773,0.016634158790111542,6.0172355006216094e-05,0.016318628564476967,0.0044062091037631035,0.04744769632816315,0.0,0.29737383127212524,0.00020242782193236053,0.06566327810287476,9.755046903592302e-07,,,,
271,0.20091412961483002,0.0008380022296085116,89.27171305700904,9.355219841003418,0.014619794674217701,0.010426297783851624,0.0006232151063159108,0.00032909808214753866,0.010470482520759106,0.010718918405473232,6.591522105736658e-05,0.010714653879404068,0.005854982882738113,0.08268483728170395,0.0,0.07162636518478394,0.0005501019186340272,0.0659436360001564,3.3359854114678456e-06,,,,
272,0.23381389677524567,0.0008368782339826503,89.60357117297826,12.889573097229004,0.01550864428281784,0.012479606084525585,2.1781415853183717e-05,9.578503522789106e-05,0.030477670952677727,0.014636474661529064,7.365761848632246e-05,0.015117939561605453,0.004919711500406265,0.06672333925962448,0.0,0.25870782136917114,0.0018067394848912954,0.06620348244905472,6.344665962387808e-06,,,,
273,0.25145211815834045,0.00083575116024453,89.93506370298564,16.1031494140625,0.018232548609375954,0.01116458885371685,0.0003638200869318098,0.0005744487280026078,0.02809111587703228,0.014043325558304787,7.106537668732926e-05,0.014489855617284775,0.008243851363658905,0.0541427917778492,0.0,0.07936485856771469,0.0022670417092740536,0.0664663016796112,3.6555161386786494e-06,,,,
274,0.1845952868461609,0.0008346210195179135,90.26794131600764,8.274896621704102,0.015754492953419685,0.009632867760956287,0.00021254384773783386,0.0004460549389477819,0.012757706455886364,0.010498717427253723,6.197084439918399e-05,0.010566053912043571,0.011550616472959518,0.06808151304721832,0.0,0.06149355694651604,0.0016152485040947795,0.06670993566513062,1.4756619748368394e-06,,,,
275,0.2398545742034912,0.0008334878229568333,90.59583811101038,15.8373441696167,0.012882199138402939,0.018685050308704376,0.00021206331439316273,6.286347343120724e-05,0.0018062416929751635,0.01913849450647831,5.258257078821771e-05,0.018854884430766106,0.010307113640010357,0.07636777311563492,0.0,0.26419222354888916,0.000603400229010731,0.06693574786186218,2.508666511857882e-06,7.9785878402345505,36.734416102277464,7.384164223052643,5.140229382103265
276,0.3090217411518097,0.0008323515817454821,90.95670531998621,20.94009780883789,0.015410511754453182,0.020139502361416817,0.0008063353598117828,0.0004435877490323037,0.0015996030997484922,0.019815640524029732,5.1028942834818736e-05,0.019533703103661537,0.01421121321618557,0.14124023914337158,0.0,0.23090286552906036,0.0009007618064060807,0.06717183440923691,7.82404072197096e-07,,,,
277,0.2066773623228073,0.000831212307098102,91.28610899997875,9.142139434814453,0.014684436842799187,0.010950874537229538,0.00047251544310711324,0.00024725307594053447,0.007421551272273064,0.011585126630961895,5.45668626728002e-05,0.011521480977535248,0.008773408830165863,0.10799983888864517,0.0,0.37278157472610474,0.00039287301478907466,0.0674033835530281,6.229244036148884e-07,,,,
278,0.22189725935459137,0.0008300700102588737,91.61633972200798,12.380850791931152,0.015054864808917046,0.012144728563725948,1.881157368188724e-05,0.00010344181646360084,0.028354119509458542,0.014113578014075756,6.3593230152037e-05,0.014509517699480057,0.01883922889828682,0.06894317269325256,0.0,0.1961587369441986,0.0003984247741755098,0.06766708195209503,3.0640637760370737e-06,,,,
279,0.2741660475730896,0.000828924702501806,91.94871609599795,17.56587791442871,0.016303250566124916,0.0132132051512599,0.0002639041340444237,0.0005785219836980104,0.03215489163994789,0.015350461937487125,6.575766019523144e-05,0.015816524624824524,0.0033783733379095793,0.06179697811603546,0.0,0.14144577085971832,0.0009367437451146543,0.06792284548282623,1.955752395588206e-06,,,,
280,0.20477047562599182,0.0008277763951306239,92.281934403989,10.453367233276367,0.013755830936133862,0.009928864426910877,0.00017752579879015684,0.0004896091413684189,0.017362117767333984,0.010705224238336086,6.074777047615498e-05,0.010869262740015984,0.008657814003527164,0.12878350913524628,0.0,0.11990980803966522,0.00242827576585114,0.06816863268613815,3.590503183659166e-06,,,,
281,0.20302128791809082,0.0008266250994786576,92.61274477600818,11.50522518157959,0.01455447543412447,0.015583897940814495,0.00010848284000530839,5.741258974012453e-06,0.002278772182762623,0.017341841012239456,5.1846771384589374e-05,0.01710047386586666,0.006604798138141632,0.03795018419623375,0.0,0.2885618805885315,0.00035693819518201053,0.06840887665748596,2.16896341953543e-06,,,,
282,0.27131834626197815,0.0008254708269087304,92.94317863701144,17.823871612548828,0.016261965036392212,0.01890452206134796,0.00047977323993109167,0.00015641339996363968,0.001873935922048986,0.019960645586252213,5.057632370153442e-05,0.019676044583320618,0.00820142775774002,0.15394890308380127,0.0,0.23501746356487274,0.0009001294383779168,0.06866253167390823,5.537519882636843e-07,,,,
283,0.1819494515657425,0.0008243135888130465,93.27125343400985,7.57222843170166,0.015240263193845749,0.011017223820090294,0.0003050490631721914,6.847767508588731e-05,0.006740309298038483,0.012099617160856724,5.530588168767281e-05,0.011991018429398537,0.006677949335426092,0.09407997131347656,0.0,0.2418978214263916,0.00030518005951307714,0.06890664994716644,2.331510358999367e-06,,,,
284,0.2204550802707672,0.0008231533966130789,93.60273205902195,12.45730972290039,0.015430009923875332,0.011759920977056026,3.3124913898063824e-05,0.00020109585602767766,0.027386710047721863,0.01380680501461029,6.76898198435083e-05,0.01420765183866024,0.0052762157283723354,0.06298643350601196,0.0,0.1656779795885086,0.0013944213278591633,0.06918580830097198,1.4521245930154691e-06,,,,
285,0.27852678298950195,0.0008219902617594562,93.93400607799413,16.926673889160156,0.017427124083042145,0.014166472479701042,0.00019284819427412003,0.00046376659884117544,0.033672742545604706,0.01640406623482704,7.32361149857752e-05,0.016953598707914352,0.004066125024110079,0.04486372694373131,0.0,0.17022287845611572,0.0008147618500515819,0.06945749372243881,2.403644430160057e-06,,,,
286,0.17853933572769165,0.0008208241957318497,94.26290809700731,10.030096054077148,0.01284924428910017,0.009387100115418434,7.543228275608271e-05,0.00030421646079048514,0.019842389971017838,0.011494186706840992,7.072554581100121e-05,0.011765177361667156,0.008153071627020836,0.015063819475471973,0.0,0.10639907419681549,0.0012192565482109785,0.06971711665391922,2.283044068462914e-06,,,,
287,0.1852668821811676,0.0008196552100388604,94.5941491209669,9.99560832977295,0.014261198230087757,0.01312352530658245,0.00016373206744901836,1.3252003554953262e-05,0.0033074566163122654,0.015044533647596836,6.215182656887919e-05,0.01477013248950243,0.01108675915747881,0.08894132077693939,0.0,0.1928042471408844,0.0014541049022227526,0.0699666291475296,1.6420210613432573e-06,,,,
288,0.25105172395706177,0.000818483316217905,94.92528451100225,16.059343338012695,0.015916911885142326,0.017128033563494682,0.0004286466573830694,0.00010934253077721223,0.00176671938970685,0.018658626824617386,6.147451495053247e-05,0.01827418804168701,0.012652074918150902,0.1353951096534729,0.0,0.31177717447280884,0.0007889089174568653,0.0702226534485817,1.8254294218422729e-06,,,,
289,0.1637115776538849,0.0008173085258351027,95.25627316097962,6.505553245544434,0.014086619019508362,0.011241396889090538,0.00016865918587427586,1.9068478650297038e-05,0.005456424318253994,0.012316814623773098,6.69065848342143e-05,0.01214369386434555,0.0046952515840530396,0.0947745144367218,0.0,0.07119613885879517,0.0014551173662766814,0.07048117369413376,2.5918459414242534e-06,,,,
290,0.21868199110031128,0.0008161308504851601,95.58369006798603,12.40550422668457,0.012971698306500912,0.0112671023234725,7.411894330289215e-05,0.00028468406526371837,0.026857983320951462,0.013514401391148567,7.96941458247602e-05,0.013953497633337975,0.008741223253309727,0.07864663749933243,0.0,0.1320723593235016,0.0013112049782648683,0.07072342187166214,2.818300117723993e-06,,,,
291,0.2814848721027374,0.0008149503017912574,95.91472200996941,17.633277893066406,0.01632154919207096,0.014601397328078747,0.00018365192227065563,0.0004402179620228708,0.03396820276975632,0.016958385705947876,8.373786113224924e-05,0.017587222158908844,0.00591225316748023,0.04576772823929787,0.0,0.1611168086528778,0.0015086473431438208,0.07095186412334442,1.3505976994565572e-06,,,,
292,0.20432156324386597,0.0008137668914049339,96.24632486898918,10.226008415222168,0.015089238062500954,0.01026151329278946,5.0561367970658466e-05,0.00022288007312454283,0.022383254021406174,0.012217470444738865,7.918242772575468e-05,0.012560398317873478,0.009174421429634094,0.0933147445321083,0.0,0.23741546273231506,0.0020306447986513376,0.07116948068141937,2.6226603040413465e-06,,,,
293,0.21063292026519775,0.0008125806310059719,96.57838575000642,9.870683670043945,0.014035587199032307,0.015039804391562939,0.0001833754067774862,3.254833791288547e-05,0.004152293317019939,0.013538233935832977,6.641942309215665e-05,0.013289111666381359,0.008543485775589943,0.1046869233250618,0.0,0.3578668236732483,0.0013561856467276812,0.07139048725366592,1.1579071497180848e-06,,,,
294,0.2271493375301361,0.000811391532302283,96.91122619598173,14.461200714111328,0.014607521705329418,0.01561086904257536,0.000392853282392025,0.00013885568478144705,0.002163953147828579,0.016760779544711113,6.155813753139228e-05,0.01642228476703167,0.0151926688849926,0.08304862678050995,0.0,0.28113046288490295,0.0002393780741840601,0.07162816822528839,3.3040405469364487e-06,,,,
295,0.1592448353767395,0.0008101996070297912,97.24098755401792,4.873096466064453,0.014067456126213074,0.010559234768152237,9.199876512866467e-05,1.2633146070584189e-05,0.006385684013366699,0.011900781653821468,6.307606236077845e-05,0.011769000440835953,0.010026440024375916,0.056532807648181915,0.0,0.24776333570480347,0.0002876873768400401,0.0718662440776825,2.291892087669112e-06,,,,
296,0.21671071648597717,0.0008090048669523178,97.57002462499077,11.786874771118164,0.015603551641106606,0.01018240861594677,0.0001480508071836084,0.000340395316015929,0.025351036339998245,0.013214942999184132,6.99692900525406e-05,0.013597164303064346,0.00826024916023016,0.06336728483438492,0.0,0.2098596692085266,0.00025444821221753955,0.07215491682291031,2.139024672942469e-06,,,,
297,0.2850329875946045,0.0008078073238614648,97.90297398698749,17.168792724609375,0.01561576034873724,0.013821872882544994,0.00025945453671738505,0.0005036506336182356,0.03312776982784271,0.016479039564728737,7.060940697556362e-05,0.01701720803976059,0.008048929274082184,0.08236481249332428,0.0,0.22420760989189148,0.0008698249002918601,0.07243800908327103,2.4149567252607085e-06,,,,
298,0.20306985080242157,0.0008066069895764995,98.23421624698676,10.050150871276855,0.014981464482843876,0.010293847881257534,5.6518183555454016e-05,0.00019611626339610666,0.023127567023038864,0.01233439240604639,6.517228030133992e-05,0.012650028802454472,0.004795711487531662,0.060954317450523376,0.0,0.283978134393692,0.0011280471226200461,0.0727139413356781,1.1192014426342212e-06,,,,
299,0.18794864416122437,0.0008054038759442362,98.56049383798381,8.801743507385254,0.014621433801949024,0.012587234377861023,0.00024306033446919173,6.0482601838884875e-05,0.005321004893630743,0.012689338997006416,5.5135802540462464e-05,0.012551775202155113,0.006506186909973621,0.06767534464597702,0.0,0.27539950609207153,0.0005211362149566412,0.07300689071416855,1.8407899915473536e-06,,,,
300,0.21854953467845917,0.000804197994838921,98.89217933599139,13.654435157775879,0.01479424349963665,0.014274967834353447,0.0004108601133339107,0.00014750249101780355,0.002811235375702381,0.01607637293636799,5.25264949828852e-05,0.015842914581298828,0.006538656540215015,0.11354909837245941,0.0,0.23712415993213654,0.0003785550070460886,0.07331178337335587,6.807968020439148e-07,3.684185049938298,28.72548326206015,2.375402583538619,0.5911617818207336
301,0.15768715739250183,0.0008029893581621136,99.25141953502316,4.916326522827148,0.014816961251199245,0.011175143532454967,9.275278716813773e-05,5.650716047966853e-06,0.005892074666917324,0.012047392316162586,5.5158590839710087e-05,0.01194122713059187,0.0072030783630907536,0.04297114908695221,0.0,0.1537754237651825,0.0002439656382193789,0.07360489666461945,2.157849849027116e-06,,,,
302,0.2182924896478653,0.00080177797784257,99.58254978398327,12.694870948791504,0.01505229715257883,0.010301796719431877,0.00018292071763426065,0.00044144244748167694,0.02425292506814003,0.012627832591533661,6.65564148221165e-05,0.012971406802535057,0.006586157251149416,0.06155931577086449,0.0,0.1579204797744751,0.0009131591068580747,0.07390999794006348,1.1495003491290845e-06,,,,
303,0.2893122136592865,0.0008005638658361248,99.91724966699257,16.881975173950195,0.01571018248796463,0.013348279520869255,0.000303704000543803,0.0006193912704475224,0.031652506440877914,0.015779457986354828,7.298026321223006e-05,0.016307136043906212,0.006841919384896755,0.04946485534310341,0.0,0.3768842816352844,0.0009101927280426025,0.07419651001691818,6.272705832088832e-06,,,,
304,0.1974545121192932,0.0007993470341255734,100.2518008609768,10.018031120300293,0.014705497771501541,0.010539034381508827,5.6613265769556165e-05,0.0002616530400700867,0.02310500107705593,0.012265236116945744,7.218764221761376e-05,0.012604155577719212,0.006799603346735239,0.03888433054089546,0.0,0.13593877851963043,0.0001948508870555088,0.07449138164520264,4.957573310093721e-06,,,,
305,0.17523686587810516,0.0007981274947205537,100.58545862697065,7.664068222045898,0.014684955589473248,0.011232919059693813,0.0002732077264226973,5.7551089412299916e-05,0.006262005772441626,0.011919025331735611,6.397804827429354e-05,0.011777078732848167,0.010641055181622505,0.05054457485675812,0.0,0.23899340629577637,0.00018867118342313915,0.07477328181266785,2.916716312029166e-06,,,,
306,0.22454574704170227,0.000796905259657427,100.91918585199164,13.825784683227539,0.014732198789715767,0.015502557158470154,0.00046556751476600766,0.00013977623893879354,0.0026361725758761168,0.015168064273893833,6.091489194659516e-05,0.014889894053339958,0.004947591107338667,0.05453876778483391,0.0,0.28303465247154236,0.00014123566506896168,0.07506407052278519,4.493842425290495e-06,,,,
307,0.15619894862174988,0.0007956803409991601,101.25274270999944,4.624575614929199,0.015026104636490345,0.010554024949669838,9.507001959718764e-05,6.545581982209114e-06,0.006053511053323746,0.011816350743174553,6.32066439720802e-05,0.011672181077301502,0.008523947559297085,0.06883978098630905,0.0,0.1633610725402832,0.00038287980714812875,0.07535281032323837,1.409395281370962e-06,,,,
308,0.2071438729763031,0.0007944527508352057,101.58259294502204,11.243486404418945,0.017080433666706085,0.009837149642407894,0.00015216361498460174,0.00042893661884590983,0.021640535444021225,0.011876638978719711,6.950771057745442e-05,0.012166253291070461,0.005736440885812044,0.03496626764535904,0.0,0.21692027151584625,0.00013939692871645093,0.07566361129283905,3.724011321537546e-06,,,,
309,0.26624995470046997,0.0007932225012813829,101.91474472300615,15.557185173034668,0.01564517617225647,0.013017739169299603,0.00023324349604081362,0.0005793822929263115,0.028756655752658844,0.014133000746369362,7.021041528787464e-05,0.014555437490344048,0.012199226766824722,0.020684152841567993,0.0,0.31782811880111694,0.0008400239166803658,0.07596611231565475,3.6069627640245017e-06,,,,
310,0.1831991970539093,0.0007919896044797583,102.24581534799654,7.697014808654785,0.014264464378356934,0.009873037226498127,2.124052662111353e-05,0.00015469211211893708,0.019097141921520233,0.011176260188221931,6.54864197713323e-05,0.01139917317777872,0.010059298947453499,0.08130514621734619,0.0,0.20148417353630066,0.0014677632134407759,0.07626763731241226,1.3852368283551186e-06,,,,
311,0.2033020257949829,0.0007907540725985256,102.58542326901807,10.860617637634277,0.01572353206574917,0.012222351506352425,0.0004119217046536505,0.00013117938942741603,0.004130593501031399,0.0133188646286726,5.750842683482915e-05,0.01312298234552145,0.013196729123592377,0.11235519498586655,0.0,0.3089149594306946,0.0004060014325659722,0.07657662034034729,2.8936874514329247e-06,,,,
312,0.2492544949054718,0.0007895159178318857,102.91735844296636,16.93631362915039,0.01589990220963955,0.015680989250540733,0.0007041203207336366,0.00029252804233692586,0.0020884505938738585,0.017289595678448677,5.562646038015373e-05,0.01698709838092327,0.013973296619951725,0.06513548642396927,0.0,0.24064311385154724,0.0001857524912338704,0.07690474390983582,2.3811435312381946e-06,,,,
313,0.18410393595695496,0.000788275152399926,103.24855620600283,8.566221237182617,0.014155509881675243,0.011780496686697006,0.00022572986199520528,3.9792212191969156e-05,0.004355365410447121,0.013243040069937706,5.916259760851972e-05,0.013051132671535015,0.005879147909581661,0.07799295336008072,0.0,0.3781350553035736,0.0002229813690064475,0.07722349464893341,4.906734830001369e-06,,,,
314,0.18839263916015625,0.0007870317885485008,103.57658246997744,8.376690864562988,0.013601267710328102,0.010054141283035278,9.742568363435566e-05,0.0002998227719217539,0.017887210473418236,0.010803508572280407,6.907092756591737e-05,0.011025626212358475,0.006752836052328348,0.020232124254107475,0.0,0.26896825432777405,0.0008605256443843246,0.07757371664047241,6.754796231689397e-06,,,,
315,0.2281886339187622,0.000785785838549109,103.91098060499644,12.379446983337402,0.016625400632619858,0.010609736666083336,0.0001949351280927658,0.0004224005388095975,0.024120425805449486,0.012651968747377396,7.3690214776434e-05,0.013042004778981209,0.011796124279499054,0.06110675632953644,0.0,0.2861197888851166,0.0006481120362877846,0.07793005555868149,3.8222415241762064e-06,,,,
316,0.16552992165088654,0.0007845373146987742,104.24242745799711,5.9754743576049805,0.014414581470191479,0.009005862288177013,7.587053460156312e-06,9.827967005548999e-05,0.018203789368271828,0.010776311159133911,7.19430172466673e-05,0.010999171063303947,0.004247583914548159,0.07418496906757355,0.0,0.13894382119178772,0.0007900389027781785,0.07827706634998322,1.75276159097848e-06,,,,
317,0.2100321501493454,0.0007832862293199228,104.57247424899833,12.207099914550781,0.013518106192350388,0.013107414357364178,0.00047450949205085635,0.0001827073865570128,0.0038171415217220783,0.013589276000857353,6.546577787958086e-05,0.013335729017853737,0.01278888713568449,0.04722577705979347,0.0,0.36939379572868347,0.00018969358643516898,0.07862003892660141,3.62866899195069e-06,,,,
318,0.253038227558136,0.0007820325947602623,104.90575663500931,17.48556137084961,0.01600816287100315,0.01618020422756672,0.000746632635127753,0.00034923566272482276,0.0017319137696176767,0.017227549105882645,6.484099139925092e-05,0.016831694170832634,0.008967742323875427,0.07485423237085342,0.0,0.1361103057861328,0.0003230607835575938,0.07897501438856125,8.881713142727676e-07,,,,
319,0.1911129504442215,0.0007807764233926599,105.23665203398559,9.565389633178711,0.014421066269278526,0.011812361888587475,0.00026892629102803767,5.876646901015192e-05,0.00406102929264307,0.013109574094414711,7.017806638032198e-05,0.012845695950090885,0.009947139769792557,0.042747918516397476,0.0,0.5326846837997437,0.00010374822886660695,0.07930231839418411,1.2308112218306633e-06,,,,
320,0.17874114215373993,0.0007795177276150196,105.56629677297315,8.375826835632324,0.013558585196733475,0.008323081769049168,7.529702997999266e-05,0.00027391768526285887,0.016854479908943176,0.010726500302553177,8.051259646890685e-05,0.010947714559733868,0.01071074977517128,0.0929526537656784,0.0,0.29699596762657166,0.0008299584151245654,0.07968898117542267,2.7184314603800885e-06,,,,
321,0.21492895483970642,0.0007782565198501609,105.89868669002317,12.670801162719727,0.016262976452708244,0.010477256029844284,0.00019308265473227948,0.00043388083577156067,0.023842481896281242,0.012431000359356403,8.479324606014416e-05,0.012828509323298931,0.010526161640882492,0.02591673471033573,0.0,0.12141214311122894,0.0011152835795655847,0.08008252084255219,1.748831323311606e-06,,,,
322,0.16556648910045624,0.000776992812545695,106.229415668,5.908928394317627,0.014224929735064507,0.008826782926917076,1.4676606042485218e-05,0.00013024422514718026,0.016859613358974457,0.010608891025185585,8.2592130638659e-05,0.01081086602061987,0.007816244848072529,0.04590963199734688,0.0,0.2542334794998169,0.00040091678965836763,0.08044889569282532,2.27380564865598e-06,,,,
323,0.20226983726024628,0.0007757266181739029,106.55925572197884,11.865093231201172,0.013231916353106499,0.013446344062685966,0.0004367773071862757,0.00016376962594222277,0.0037564123049378395,0.01329260878264904,7.062457734718919e-05,0.013006720691919327,0.006576481740921736,0.06909462064504623,0.0,0.19485022127628326,0.0004231735074426979,0.08084212988615036,1.5957903087837622e-06,,,,
324,0.23889678716659546,0.0007744579492316118,106.88820893899538,16.323789596557617,0.014849863015115261,0.01346836518496275,0.0007421909831464291,0.00034426359343342483,0.002273792400956154,0.01608463004231453,6.64907056489028e-05,0.01570352539420128,0.006854074075818062,0.06649107486009598,0.0,0.36308810114860535,0.00027514417888596654,0.08122165501117706,5.967008291918319e-06,,,,
325,0.1628212332725525,0.000773186818240072,107.21586381498491,8.088618278503418,0.012526027858257294,0.010889096185564995,0.00025698618264868855,6.234997272258624e-05,0.005188359413295984,0.012297648005187511,6.789497274439782e-05,0.012088824063539505,0.006849762983620167,0.026307661086320877,0.0,0.18406891822814941,5.6240220146719366e-05,0.08160260319709778,2.0991080873500323e-06,7.498210130557271,24.80643249490851,3.077898091811991,5.353075456559766
326,0.1868676394224167,0.0007719132377448333,107.57393804896856,9.133259773254395,0.015015662647783756,0.009116004221141338,0.00010602478141663596,0.00031783536542207,0.017863785848021507,0.010744125582277775,7.487290713470429e-05,0.010976209305226803,0.008217448368668556,0.05265907943248749,0.0,0.2739480435848236,0.0006718675140291452,0.08197297900915146,5.2797363423451316e-06,,,,
327,0.22733992338180542,0.000770637220315621,107.90734701399924,13.2481107711792,0.015146736986935139,0.010111821815371513,0.0002855541242752224,0.000614203279837966,0.02300134301185608,0.012082496657967567,7.456375169567764e-05,0.012440669350326061,0.006386857479810715,0.025361105799674988,0.0,0.24451950192451477,0.00046740390826016665,0.08235514163970947,4.574550985125825e-06,,,,
328,0.16850335896015167,0.000769358778546212,108.23581774899503,7.014336585998535,0.016453079879283905,0.009284806437790394,4.647263267543167e-05,0.00018986078794114292,0.016418075188994408,0.010493646375834942,6.817503890488297e-05,0.010679508559405804,0.010529786348342896,0.049717582762241364,0.0,0.1115717813372612,0.00064535450655967,0.08272502571344376,4.57028545497451e-06,,,,
329,0.19046635925769806,0.0007680779250543103,108.56488533096854,10.047898292541504,0.014691238291561604,0.012403051368892193,0.0003585989761631936,0.0001267932530026883,0.004988024011254311,0.012623989954590797,5.739156767958775e-05,0.012440447695553303,0.009922291152179241,0.03785227611660957,0.0,0.2534686028957367,8.314207661896944e-05,0.08307210355997086,4.820985395781463e-06,,,,
330,0.23091845214366913,0.0007667946724814228,108.93689698999515,14.308805465698242,0.013831572607159615,0.01411394216120243,0.0006187687395140529,0.0003049155930057168,0.0033323734533041716,0.01477363333106041,5.2759842219529673e-05,0.014528462663292885,0.0034292866475880146,0.09974006563425064,0.0,0.2283254861831665,0.0002725503291003406,0.08341990411281586,1.0364192348788492e-06,,,,
331,0.1690821349620819,0.0007655090334927343,109.26523197098868,6.521781921386719,0.012952018529176712,0.010337034240365028,0.00023198389681056142,6.0680293245241046e-05,0.006870417855679989,0.011525820009410381,5.269241228234023e-05,0.011412848718464375,0.009509345516562462,0.06160680949687958,0.0,0.30435341596603394,7.692100189160556e-05,0.08375959098339081,1.2574903394124703e-06,,,,
332,0.1825854331254959,0.0007642210207769827,109.59044516697759,9.471900939941406,0.011799263767898083,0.009305670857429504,0.000126146333059296,0.00033632837585173547,0.01877199113368988,0.01081939972937107,5.973184306640178e-05,0.011026806198060513,0.00429786229506135,0.048472680151462555,0.0,0.16116930544376373,0.000498511828482151,0.08414091169834137,4.128180989937391e-06,,,,
333,0.22305181622505188,0.0007629306470463337,109.92247274599504,13.345630645751953,0.014793707057833672,0.010074579156935215,0.00032353398273698986,0.0006422167643904686,0.023081675171852112,0.011855163611471653,6.184636004036292e-05,0.012152595445513725,0.0029414575546979904,0.010260190814733505,0.0,0.13542664051055908,0.0010477094911038876,0.08450203388929367,2.4770695290499134e-06,,,,
334,0.17882180213928223,0.0007616379250362545,110.24855713697616,7.906859874725342,0.014688864350318909,0.009131587110459805,9.164914081338793e-05,0.00028700599796138704,0.01646888442337513,0.01028859056532383,5.898230301681906e-05,0.010434160009026527,0.006839090958237648,0.011032050475478172,0.0,0.33159855008125305,0.00025550604914315045,0.08483947068452835,3.562551228242228e-06,,,,
335,0.17962045967578888,0.00076034286750539,110.57583175000036,8.677742004394531,0.012568107806146145,0.011706060729920864,0.0002420016098767519,6.115379073889926e-05,0.004949389956891537,0.012372838333249092,5.322951983544044e-05,0.012206731364130974,0.004593078047037125,0.04126371443271637,0.0,0.38184621930122375,0.0001260496792383492,0.08521322160959244,1.7041900264302967e-06,,,,
336,0.21381166577339172,0.0007590454872354349,110.90624870697502,13.059550285339355,0.014269678853452206,0.012666605412960052,0.0006200047209858894,0.000271185883320868,0.0044612642377614975,0.013298613019287586,5.2185750973876566e-05,0.013103400357067585,0.01468314602971077,0.06696079671382904,0.0,0.21119870245456696,0.0001436540624126792,0.08560620248317719,1.2745831554639153e-06,,,,
337,0.16193124651908875,0.0007577457970310089,111.23714080697391,5.380616188049316,0.012599528767168522,0.00910172238945961,0.00026130612241104245,5.899993630009703e-05,0.008283422328531742,0.010558687150478363,5.5774875363567844e-05,0.010522956028580666,0.010427458211779594,0.057728491723537445,0.0,0.3210015296936035,0.0003103533526882529,0.08598274737596512,1.9867843548126984e-06,,,,
338,0.1960568130016327,0.0007564438097195293,111.56536234001396,9.90290355682373,0.016082793474197388,0.009187254123389721,0.0001268054620595649,0.0003629260172601789,0.01823570393025875,0.010764644481241703,6.505903729703277e-05,0.01100347749888897,0.011297883465886116,0.04202495887875557,0.0,0.35358232259750366,0.0010791878448799253,0.08639656007289886,7.695096428506076e-06,,,,
339,0.22969725728034973,0.0007551395381510855,111.89448924100725,13.739137649536133,0.014519799500703812,0.009699977934360504,0.00039980196743272245,0.0008083278662525117,0.019166644662618637,0.010854472406208515,6.81486853864044e-05,0.011108220554888248,0.011421382427215576,0.020471427589654922,0.0,0.2633652091026306,0.0008642043685540557,0.0868220403790474,1.3518642845156137e-06,,,,
340,0.17366133630275726,0.0007538329951983111,112.22360207897145,7.034518241882324,0.012823780998587608,0.008903240785002708,0.00012408279872033745,0.0003544028731994331,0.01158156618475914,0.00996891688555479,6.511172250611708e-05,0.010007807053625584,0.01294642686843872,0.0956302359700203,0.0,0.20722909271717072,0.001754560973495245,0.0872310996055603,3.6514054500003112e-06,,,,
341,0.18609589338302612,0.0007525241937562579,112.55492289800895,9.789398193359375,0.013561463914811611,0.012844031676650047,0.0003152332501485944,9.515660349279642e-05,0.004003279376775026,0.012950027361512184,5.7637778809294105e-05,0.012716698460280895,0.017465831711888313,0.07483278214931488,0.0,0.13734841346740723,0.00016181333921849728,0.08764846622943878,6.620089152420405e-07,,,,
342,0.230199933052063,0.0007512131467422675,112.89448164502392,14.001245498657227,0.012779617682099342,0.012593667954206467,0.0007852853159420192,0.0004617998783942312,0.004346538335084915,0.012736229225993156,5.561733269132674e-05,0.012516564689576626,0.00312119722366333,0.06212234869599342,0.0,0.27177566289901733,0.00020680844318121672,0.08805041760206223,7.666064448130783e-06,,,,
343,0.18240447342395782,0.0007498998670958446,113.22502710000845,7.467148780822754,0.01272351574152708,0.009575171396136284,0.00045996997505426407,0.00019602109387051314,0.009691049344837666,0.010258425027132034,5.8602236094884574e-05,0.010231629014015198,0.01703805662691593,0.02692994475364685,0.0,0.3309054374694824,0.00010989827569574118,0.08844534307718277,2.1838768589077517e-06,,,,
344,0.18699488043785095,0.0007485843677785294,113.55315698299091,8.513391494750977,0.015713244676589966,0.010175543837249279,3.092425686190836e-05,0.00014504925638902932,0.02028527297079563,0.011296257376670837,6.639381899731234e-05,0.01154820341616869,0.006840245798230171,0.04945853725075722,0.0,0.22600999474525452,0.0008486276492476463,0.08886389434337616,4.940871349390363e-06,,,,
345,0.2156437486410141,0.0007472666617737688,113.88700795901241,11.551920890808105,0.014512521214783192,0.009554672986268997,0.0003145525115542114,0.000614695658441633,0.017705515027046204,0.010578695684671402,6.686670531053096e-05,0.010777710005640984,0.008858244866132736,0.06302598863840103,0.0,0.2596381902694702,0.00151121336966753,0.08928228914737701,2.349087480979506e-06,,,,
346,0.18402305245399475,0.0007459467620867891,114.21678953297669,7.255720138549805,0.013549109920859337,0.009419919922947884,0.00016389237134717405,0.0004470917338039726,0.009095962159335613,0.010226833634078503,6.206506077433005e-05,0.010185008868575096,0.005834194831550121,0.07652431726455688,0.0,0.3264983296394348,0.0014765263767912984,0.089699387550354,2.201274128310615e-06,,,,
347,0.1833278238773346,0.0007446246817444675,114.5459448749898,8.197891235351562,0.012681306339800358,0.012686839327216148,0.00016129747382365167,2.9322878617676906e-05,0.004282499197870493,0.012736473232507706,5.515127122635022e-05,0.012542802840471268,0.005520070903003216,0.07814142107963562,0.0,0.34757018089294434,0.00010585514974081889,0.09013291448354721,1.5788153859830345e-06,,,,
348,0.19259251654148102,0.0007433004337952032,114.87678374297684,9.883508682250977,0.013245380483567715,0.0102290790528059,0.0005918382667005062,0.0002733713190536946,0.00742830615490675,0.010942823253571987,5.445993519970216e-05,0.010869265533983707,0.005639092531055212,0.04950422793626785,0.0,0.24126720428466797,8.85949848452583e-05,0.09059274941682816,1.4954557627788745e-06,,,,
349,0.16991478204727173,0.0007419740313087886,115.20623044599779,5.2682785987854,0.01261579617857933,0.00874156691133976,0.0002661897742655128,7.381167233688757e-05,0.015457059256732464,0.010223567485809326,5.77489918214269e-05,0.010372953489422798,0.006856773979961872,0.07383169233798981,0.0,0.2159842550754547,0.00012333014456089586,0.09103590995073318,6.446429097195505e-07,,,,
350,0.16825419664382935,0.0007406454873762811,115.53338010597508,7.092683792114258,0.012562357820570469,0.009073840454220772,5.1074424845864996e-05,0.00022590614389628172,0.015975335612893105,0.010213656350970268,6.139947799965739e-05,0.01037775631994009,0.00794127769768238,0.076326385140419,0.0,0.15840540826320648,0.0005430351011455059,0.09149745851755142,2.7128558031108696e-06,8.967639648650849,26.37565397634887,3.9491747396071655,6.402121422395691
351,0.17823706567287445,0.0007393148151098729,115.89533500600373,7.508204936981201,0.012866824865341187,0.0090674739331007,0.00020207073248457164,0.0004676006210502237,0.008682116866111755,0.010356455110013485,6.011475488776341e-05,0.01030445471405983,0.015739332884550095,0.1139814704656601,0.0,0.15682968497276306,0.0010769134387373924,0.09194918721914291,6.051740456314292e-06,,,,
352,0.1601138561964035,0.0007379820276427619,116.22477904596599,5.853222846984863,0.013520311564207077,0.011995898559689522,5.057276212028228e-06,6.936633144505322e-05,0.0038626210298389196,0.013051002286374569,5.757176404586062e-05,0.012820486910641193,0.022774290293455124,0.039287835359573364,0.0,0.14885152876377106,0.0005892649060115218,0.0923881083726883,1.5848379462113371e-06,,,,
353,0.1658165454864502,0.0007366471381290221,116.55633344402304,5.556156635284424,0.012233863584697247,0.009606648236513138,0.0002620046434458345,6.549759564222768e-05,0.00864261481910944,0.01043697353452444,5.75140948058106e-05,0.010370755568146706,0.008467085659503937,0.10345175117254257,0.0,0.2145177721977234,0.0005576811963692307,0.09281587600708008,1.4885577002132777e-06,,,,
354,0.17763519287109375,0.0007353101597434746,116.88900489697699,5.824482440948486,0.0158865787088871,0.009167122654616833,0.00011946359154535457,1.2846994650317356e-05,0.01970762573182583,0.010965654626488686,6.318710802588612e-05,0.011187674477696419,0.0065018367022275925,0.05545002222061157,0.0,0.2776249051094055,0.00025202747201547027,0.09325919300317764,4.485814770305296e-06,,,,
355,0.167039155960083,0.0007339711056815561,117.22311111399904,5.151708602905273,0.012826258316636086,0.008947663940489292,4.8561864787188824e-06,5.458819214254618e-05,0.016631800681352615,0.010242828167974949,6.368236790876836e-05,0.010403372347354889,0.009348064661026001,0.047536637634038925,0.0,0.39404600858688354,0.0005997354746796191,0.09372633695602417,5.3729363571619615e-06,,,,
356,0.16600845754146576,0.0007326299891591895,117.5520028930041,5.397386074066162,0.013252527453005314,0.0117304353043437,4.107530003238935e-06,7.837115845177323e-05,0.0047720447182655334,0.01216741930693388,5.909190440434031e-05,0.011982960626482964,0.00744045851752162,0.01864902675151825,0.0,0.36793187260627747,0.0002455160429235548,0.09424851089715958,2.5989427285821876e-06,,,,
357,0.1654932051897049,0.0007312868234126536,117.88613211998018,5.432604789733887,0.014458940364420414,0.011864583007991314,1.2795519069186412e-05,3.412445948924869e-05,0.005072497297078371,0.011938502080738544,5.886626968276687e-05,0.01177633460611105,0.008516384288668633,0.05276653170585632,0.0,0.27295422554016113,0.0003466896014288068,0.09480619430541992,2.3874763428466395e-06,,,,
358,0.15487398207187653,0.000729941621698452,118.21876278700074,4.155231952667236,0.01387062855064869,0.008888565935194492,2.767454498098232e-05,1.4515902876155451e-05,0.016455527395009995,0.010186691768467426,6.0969665355514735e-05,0.010368295945227146,0.0041652522049844265,0.04279724135994911,0.0,0.18875154852867126,0.00017509926692582667,0.09538673609495163,1.2876280379714444e-06,,,,
359,0.16973407566547394,0.0007285943972931825,118.5518442550092,5.420055866241455,0.013870200142264366,0.00931244995445013,5.93946133449208e-05,4.304759841033956e-06,0.018116017803549767,0.010428432375192642,5.971783321001567e-05,0.010640706866979599,0.007362173404544592,0.054804183542728424,0.0,0.28816601634025574,0.00040311450720764697,0.09595722705125809,2.7811281597678317e-06,,,,
360,0.15660250186920166,0.0007272451634934059,118.8889444230008,4.0580902099609375,0.013517002575099468,0.009696071967482567,9.611393033992499e-05,3.740197826118674e-06,0.006942623294889927,0.0108140604570508,5.433894693851471e-05,0.010730071924626827,0.009489903226494789,0.06240364909172058,0.0,0.36164385080337524,9.100975876208395e-05,0.0965406745672226,1.5538247453150689e-06,,,,
361,0.14541539549827576,0.0007258939336155157,119.22829163999995,3.6687090396881104,0.014148639515042305,0.010051578283309937,7.973466381372418e-06,8.022141264518723e-05,0.0052999164909124374,0.01168785709887743,5.419936132966541e-05,0.011534888297319412,0.00592119200155139,0.06410802155733109,0.0,0.10289910435676575,0.0005628499202430248,0.09718534350395203,1.5454055528607569e-06,,,,
362,0.14225876331329346,0.0007245407209956044,119.56118993996643,3.3959121704101562,0.014045088551938534,0.009020611643791199,1.5170002370723523e-05,0.00014276296133175492,0.010042081587016582,0.009794329293072224,5.851871901541017e-05,0.009780493564903736,0.008869043551385403,0.02321442775428295,0.0,0.10575065016746521,0.00022301958233583719,0.09779816120862961,2.8587689939740812e-06,,,,
363,0.1527380347251892,0.0007231855389893349,119.89612282300368,2.3714559078216553,0.014213398098945618,0.00879536010324955,6.448685599025339e-05,5.021248398406897e-06,0.013795743696391582,0.009759906679391861,6.325125286821276e-05,0.009844096377491951,0.011580128222703934,0.016804110258817673,0.0,0.2969982624053955,0.00015360000543296337,0.09837042540311813,3.0625549243268324e-06,,,,
364,0.14745689928531647,0.0007218284009718065,120.23034432897111,3.45773983001709,0.013044323772192001,0.008457960560917854,0.00016761620645411313,2.1090756490593776e-05,0.011968877166509628,0.009701110422611237,6.557197048095986e-05,0.009735340252518654,0.0034465123899281025,0.05376242846250534,0.0,0.15235795080661774,0.0005391440936364233,0.09897615760564804,3.607484131862293e-06,,,,
365,0.15446041524410248,0.0007204693203374231,120.56087125599151,1.9241185188293457,0.013455935753881931,0.01007806695997715,2.6852456358028576e-05,1.7638220015214756e-05,0.007907195016741753,0.01009133830666542,6.601383211091161e-05,0.009997254237532616,0.006734832189977169,0.05891367420554161,0.0,0.3068920969963074,0.00044530208106152713,0.09955786913633347,2.846543793566525e-06,,,,
366,0.14818567037582397,0.0007191083104997624,120.89425214997027,3.91104793548584,0.012925746850669384,0.009209271520376205,2.723385659919586e-05,0.00018427331815473735,0.008502773940563202,0.009782172739505768,7.007828389760107e-05,0.009726048447191715,0.011764594353735447,0.028486337512731552,0.0,0.21071362495422363,0.0002823575050570071,0.10014429688453674,1.4132076557871187e-06,,,,
367,0.13776884973049164,0.0007177453848914415,121.22673247399507,0.6092138290405273,0.012179408222436905,0.009021522477269173,1.4753185496374499e-05,3.567322710296139e-05,0.00917512271553278,0.009600944817066193,7.241722050821409e-05,0.009592007845640182,0.0094200000166893,0.03794926404953003,0.0,0.16464853286743164,0.0006053055985830724,0.1007276102900505,3.5331772778590675e-06,,,,
368,0.15561065077781677,0.0007163805569639864,121.55944612197345,3.17763614654541,0.012727044522762299,0.008656162768602371,0.0001438883482478559,1.7663936887402087e-05,0.011161735281348228,0.009488645941019058,7.515963079640642e-05,0.00954525452107191,0.012885905802249908,0.0714341327548027,0.0,0.3179478943347931,0.0002585528127383441,0.10129865258932114,4.049664312333334e-06,,,,
369,0.1358829140663147,0.0007150138401876973,121.89319492597133,1.5947747230529785,0.013563510030508041,0.008379467763006687,5.5894211982376873e-05,5.741742825193796e-06,0.010993853211402893,0.009436187334358692,7.877202006056905e-05,0.009491133503615856,0.008016170933842659,0.03916768729686737,0.0,0.1260250061750412,0.0004073609597980976,0.10190480202436447,1.1938003581235535e-06,,,,
370,0.1372719556093216,0.0007136452480515175,122.22832485800609,2.5613038539886475,0.012607716023921967,0.008771214634180069,6.723563274135813e-06,0.00010017738532042131,0.008601633831858635,0.009547336027026176,8.118648111121729e-05,0.009511765092611313,0.0060218158178031445,0.03960072621703148,0.0,0.15690477192401886,0.0005130648496560752,0.1024736687541008,2.799580670398427e-06,,,,
371,0.1477971374988556,0.0007122747940628984,122.55914184800349,2.0513126850128174,0.012740622274577618,0.009380415081977844,3.784590944633237e-06,4.771778912981972e-05,0.007195785641670227,0.009896617382764816,7.784860645188019e-05,0.009784064255654812,0.011655395850539207,0.052735138684511185,0.0,0.33352845907211304,0.0005710914265364408,0.10302208364009857,3.292964265710907e-06,,,,
372,0.13302285969257355,0.0007109024917476679,122.90155801700894,1.6178374290466309,0.013018129393458366,0.00842764787375927,5.8400179113959894e-05,3.992717211076524e-06,0.00881669670343399,0.009449717588722706,7.35796129447408e-05,0.009420053102076054,0.00696597620844841,0.0640229806303978,0.0,0.11549476534128189,0.00018271719454787672,0.10360511392354965,1.9238952972955303e-06,,,,
373,0.140420064330101,0.0007095283546498957,123.24401138396934,2.438591480255127,0.013854995369911194,0.00848553329706192,5.401117232395336e-05,4.636996891349554e-06,0.011589983478188515,0.009340069256722927,7.078885391820222e-05,0.009392951615154743,0.008152342401444912,0.05399956926703453,0.0,0.14781059324741364,0.00039016047958284616,0.10415592789649963,1.394295395584777e-06,,,,
374,0.14190734922885895,0.00070815239633176,123.57853631902253,1.102347493171692,0.01218491978943348,0.00882140826433897,9.05949309526477e-06,3.392750659259036e-05,0.009558308869600296,0.009365638718008995,6.828567711636424e-05,0.009329715743660927,0.009467664174735546,0.06044505909085274,0.0,0.24667921662330627,9.587728709448129e-05,0.10468536615371704,8.808759730527527e-07,,,,
375,0.14273546636104584,0.0007067746303734145,123.91468510602135,2.5551674365997314,0.012314274907112122,0.009725892916321754,7.5724651651398744e-06,4.288195486878976e-05,0.006135243922472,0.010077694430947304,6.475087866419926e-05,0.009928859770298004,0.01214883103966713,0.06965270638465881,0.0,0.1911565363407135,0.0004476551548577845,0.10523161292076111,1.3546708714784472e-06,3.199074957101494,24.94309403265012,1.1796453586374682,1.742796998023785
376,0.13158848881721497,0.0007053950703728524,124.28647440997884,0.45172592997550964,0.011413405649363995,0.008112593553960323,1.7784099327400327e-05,2.285597838636022e-05,0.008369732648134232,0.009317313320934772,6.236332410480827e-05,0.009267461486160755,0.011645815335214138,0.019067827612161636,0.0,0.3013559579849243,0.00012791719927918166,0.105768121778965,2.7956066332990304e-06,,,,
377,0.14690294861793518,0.0007040137299457742,124.62221909401705,2.512315511703491,0.013101978227496147,0.008546706289052963,4.302667366573587e-05,8.385437467950396e-06,0.011969313025474548,0.009016091004014015,6.345361907733604e-05,0.009087765589356422,0.008426804095506668,0.018412398174405098,0.0,0.36536508798599243,4.7341050958493724e-05,0.10632091015577316,2.8210258733452065e-06,,,,
378,0.12444417178630829,0.000702630622725452,124.95724031300051,1.0438733100891113,0.012667857110500336,0.008149733766913414,4.3205185647821054e-05,9.44872408581432e-06,0.009107870981097221,0.009089179337024689,6.246819975785911e-05,0.009081587195396423,0.011382835917174816,0.02029257081449032,0.0,0.09217089414596558,0.00011901236575795338,0.10690820217132568,1.4450464504989213e-06,,,,
379,0.12995129823684692,0.0007012457623625962,125.28878646501107,1.5651543140411377,0.012192359194159508,0.008702542632818222,6.273487088037655e-06,4.47602869826369e-05,0.006780518218874931,0.009507422335445881,6.328412564471364e-05,0.009420221671462059,0.014307016506791115,0.012014394626021385,0.0,0.21669819951057434,0.00010689898044802248,0.10745583474636078,5.610150310531026e-06,,,,
380,0.1364903450012207,0.0006998591625252189,125.62263506097952,1.903530240058899,0.012148956768214703,0.008795450441539288,7.226957677630708e-06,4.601448745233938e-05,0.007331487722694874,0.009256189689040184,6.3898361986503e-05,0.00918502639979124,0.01386342290788889,0.021359894424676895,0.0,0.30071547627449036,0.00010962317901430652,0.10800674557685852,1.1610550245677587e-06,,,,
381,0.13816682994365692,0.0006984708368985012,125.96105650399113,3.392855644226074,0.012661976739764214,0.007969288155436516,2.6097366571775638e-05,1.57421800395241e-05,0.011884605512022972,0.008798922412097454,6.332891643978655e-05,0.00887398049235344,0.016231728717684746,0.012072056531906128,0.0,0.3170310854911804,0.00010871639096876606,0.1085810661315918,2.1608300357911503e-06,,,,
382,0.14578837156295776,0.0006970807991846562,126.29422502202215,3.5519449710845947,0.011739641427993774,0.009173477999866009,0.00010670242772903293,7.353781256824732e-06,0.00835691299289465,0.009052528999745846,5.857733412995003e-05,0.008992576971650124,0.009235705249011517,0.042013395577669144,0.0,0.3038676381111145,0.00011454291234258562,0.10917896032333374,1.7765721622708952e-06,,,,
383,0.14157719910144806,0.000695689063102795,126.62949149496853,2.8049192428588867,0.012270443141460419,0.007770398166030645,5.236449851508951e-06,8.178454299923033e-05,0.00952197052538395,0.008739013224840164,5.949302430963144e-05,0.008727204985916615,0.013417398557066917,0.026201292872428894,0.0,0.4515085518360138,0.00018636471941135824,0.10979809612035751,7.857755690565682e-07,,,,
384,0.13842110335826874,0.000694295642388791,126.9650306099793,1.062390685081482,0.013308156281709671,0.008481139317154884,6.8781350819335785e-06,4.097853525308892e-05,0.008489854633808136,0.008869982324540615,5.817511919303797e-05,0.008816784247756004,0.015182016417384148,0.028682691976428032,0.0,0.32344377040863037,0.00017204260802827775,0.1104741245508194,6.09173730481416e-06,,,,
385,0.1304195374250412,0.0006929005507951441,127.2988479519845,2.0751798152923584,0.013201811350882053,0.0076645053923130035,6.449192733271047e-05,5.816468728880864e-06,0.008434329181909561,0.008815598674118519,5.552659058594145e-05,0.00877329520881176,0.005451641045510769,0.035263583064079285,0.0,0.27449116110801697,0.00018153904238715768,0.11117321252822876,1.4381173514266266e-06,,,,
386,0.12635229527950287,0.0006915038020908449,127.63313557597576,0.46300891041755676,0.012670177035033703,0.008058103732764721,1.707129558781162e-05,2.006261274800636e-05,0.009174315258860588,0.008603348396718502,5.5806835007388145e-05,0.00859216321259737,0.006518671289086342,0.04991710186004639,0.0,0.11876702308654785,0.0003320233663544059,0.11187323182821274,4.935581728204852e-06,,,,
387,0.12593072652816772,0.0006901054100612394,127.97089796001092,1.4512988328933716,0.0115779684856534,0.007933367043733597,4.669611371355131e-06,4.3075677240267396e-05,0.00881967507302761,0.008550552651286125,5.5357337259920314e-05,0.008537678979337215,0.007860488258302212,0.03856988623738289,0.0,0.18300731480121613,0.00014556801761500537,0.11252553761005402,1.793534806893149e-06,,,,
388,0.13215240836143494,0.0006887053885078925,128.302917916968,1.03876793384552,0.012397241778671741,0.007689238525927067,2.8158092391095124e-05,9.036189112521242e-06,0.007233671844005585,0.008790004067122936,5.30365614395123e-05,0.008732364512979984,0.007983749732375145,0.03504212573170662,0.0,0.4025479555130005,0.00013623475388158113,0.11315535753965378,5.554873496294022e-06,,,,
389,0.13563884794712067,0.0006873037512484514,128.63549285801128,1.7867509126663208,0.012895895168185234,0.007985475473105907,2.724971272982657e-05,9.959800081560388e-06,0.007442090660333633,0.008635669015347958,5.4015432397136465e-05,0.008586565963923931,0.014352573081851006,0.053483154624700546,0.0,0.36392587423324585,0.00040644960245117545,0.11382875591516495,1.7181100702146068e-06,,,,
390,0.13151998817920685,0.0006859005121165104,128.96939844399458,3.07947039604187,0.010629347525537014,0.0074589988216757774,6.230505277926568e-06,4.9590809794608504e-05,0.011706988327205181,0.008265393786132336,5.78799590584822e-05,0.00835141260176897,0.006396197713911533,0.025663666427135468,0.0,0.3007192015647888,0.0002384558174526319,0.11453062295913696,5.927769507252378e-06,,,,
391,0.1336541324853897,0.0006844956849614727,129.3006619780208,1.4346014261245728,0.014621137641370296,0.007571275345981121,4.4793901906814426e-05,4.802209332410712e-06,0.009286558255553246,0.008196201175451279,5.717833846574649e-05,0.00821733195334673,0.0074801333248615265,0.038534633815288544,0.0,0.32261472940444946,0.00040437610005028546,0.11524629592895508,4.152097062615212e-06,,,,
392,0.12929177284240723,0.0006830892836484155,129.62982744001783,3.2375502586364746,0.012209624983370304,0.008191529661417007,5.347897968022153e-05,4.8739780140749644e-06,0.0053590405732393265,0.00892484188079834,5.517830140888691e-05,0.008817428722977638,0.01069912314414978,0.06926634907722473,0.0,0.2442428469657898,0.00026938196970149875,0.11597394198179245,2.4648261387483217e-06,,,,
393,0.13802048563957214,0.000681681322057952,129.96076436102157,4.006251335144043,0.011451059021055698,0.007857735268771648,2.3419575882144272e-05,0.00013864458014722914,0.007888659834861755,0.008144970051944256,5.689907629857771e-05,0.008119454607367516,0.010627925395965576,0.011876210570335388,0.0,0.4271206855773926,0.0002538792905397713,0.11669214814901352,3.1563577067572623e-06,,,,
394,0.13294102251529694,0.0006802718140860947,130.2913870799821,1.5780869722366333,0.011597140692174435,0.00683383084833622,5.216748104430735e-05,4.739149972010637e-06,0.008850404061377048,0.008027522824704647,5.656352004734799e-05,0.008030283264815807,0.007082686759531498,0.024191731587052345,0.0,0.5396609306335449,7.407402154058218e-05,0.11744852364063263,8.282475391752087e-06,,,,
395,0.13157013058662415,0.0006788607736441179,130.62366564798867,2.619666337966919,0.012622792273759842,0.007576196454465389,7.997310603968799e-05,1.1060805263696238e-05,0.009445657953619957,0.007926342077553272,5.531120768864639e-05,0.007955662906169891,0.018883604556322098,0.03349142521619797,0.0,0.287275493144989,0.00012459955178201199,0.11826898902654648,2.1442524484882597e-06,,,,
396,0.12037449330091476,0.0006774482146584213,130.96062794700265,3.2024269104003906,0.01237698458135128,0.007439900189638138,7.707180884608533e-06,9.805525041883811e-05,0.008291538804769516,0.00785905122756958,5.5759901442797855e-05,0.00785897672176361,0.019287385046482086,0.057238757610321045,0.0,0.07437587529420853,0.0002474733628332615,0.11908572912216187,3.967154952988494e-06,,,,
397,0.12691134214401245,0.0006760341510703923,131.29758329200558,3.1706836223602295,0.013021721504628658,0.008645715191960335,2.5065177396754734e-05,1.1100984920631163e-05,0.005387050099670887,0.00861845538020134,5.337939001037739e-05,0.008510497398674488,0.006434952840209007,0.011687926948070526,0.0,0.2649494409561157,4.569164593704045e-05,0.11983132362365723,2.239929926872719e-06,,,,
398,0.12088949233293533,0.0006746185968362667,131.63659686397295,1.129876971244812,0.011934773996472359,0.007126443088054657,1.7052840121323243e-05,2.2183912733453326e-05,0.008618943393230438,0.007696986198425293,5.537462129723281e-05,0.007707470096647739,0.01954849436879158,0.031408604234457016,0.0,0.2570711374282837,0.00013062366633675992,0.1205686405301094,5.2107807277934626e-06,,,,
399,0.11870461702346802,0.0006732015659269941,131.9744415159803,1.7834141254425049,0.010769146494567394,0.0072847288101911545,3.174885205226019e-05,1.2318056178628467e-05,0.009736146777868271,0.007602936588227749,5.5146185331977904e-05,0.007639293558895588,0.012455606833100319,0.017714209854602814,0.0,0.2005455195903778,8.263146446552128e-05,0.12130357325077057,4.070873274031328e-06,,,,
400,0.11779338866472244,0.000671783072328097,132.30866371601587,1.8450125455856323,0.013678887858986855,0.007582445628941059,3.071716855629347e-05,1.152357435785234e-05,0.006410767324268818,0.007898448966443539,5.394848631112836e-05,0.007828614674508572,0.015875298529863358,0.05380594730377197,0.0,0.12233568727970123,0.0002703013306017965,0.12201475352048874,2.9537702630477725e-06,4.116853544306639,22.70335795763753,0.9774264470534139,2.9390784310603317
401,0.12348665297031403,0.0006703631300395349,132.67130994901527,2.8018598556518555,0.012189444154500961,0.0074037304148077965,6.468653737101704e-06,9.007221524370834e-05,0.007759973406791687,0.00757518969476223,5.536917524295859e-05,0.00753884157165885,0.014135604724287987,0.0393868125975132,0.0,0.2317684143781662,0.00013519707135856152,0.12268391996622086,3.858513082377613e-06,,,,
402,0.12180334329605103,0.0006689417530755646,133.0052850730135,2.962048292160034,0.012648306787014008,0.007184646092355251,9.755862265592441e-05,1.0153929906664416e-05,0.007553256116807461,0.00755714438855648,5.210791277932003e-05,0.007522165309637785,0.023581665009260178,0.05737585201859474,0.0,0.17224003374576569,0.0003481819003354758,0.12335357069969177,1.9890380826836918e-06,,,,
403,0.11272760480642319,0.0006675189554646032,133.3497437729966,0.9234808683395386,0.012932052835822105,0.0069761513732373714,1.0804484190884978e-05,3.072901745326817e-05,0.007399546913802624,0.007423994597047567,5.4331958381226286e-05,0.00739328796043992,0.007839933037757874,0.06006348505616188,0.0,0.10360610485076904,0.00047896456089802086,0.12399616092443466,3.0074829737714026e-06,,,,
404,0.11523733288049698,0.0006660947512490885,133.68225131300278,2.0430190563201904,0.012484734877943993,0.006965721026062965,6.340576419461286e-06,5.747442628489807e-05,0.006720217876136303,0.007405124604701996,5.5163258366519585e-05,0.007361978758126497,0.011639529839158058,0.024926751852035522,0.0,0.2394847869873047,0.00034259422682225704,0.12459531426429749,2.1281962290231604e-06,,,,
405,0.11354630440473557,0.0006646691544853414,134.01666517398553,4.076394081115723,0.011681880801916122,0.0067624179646372795,0.00010783146717585623,1.9724913727259263e-05,0.006317905616015196,0.007501126267015934,5.24730930919759e-05,0.00744414608925581,0.013590658083558083,0.019934065639972687,0.0,0.2150271236896515,0.00014872085012029856,0.12520062923431396,3.0157775654515717e-06,,,,
406,0.12331198900938034,0.0006632421792434262,134.34898046997841,5.214150428771973,0.013327526859939098,0.0062609948217868805,2.8688416932709515e-05,0.00012291729217395186,0.00900990515947342,0.007035242859274149,5.639670416712761e-05,0.007073576562106609,0.01673492230474949,0.05512117221951485,0.0,0.2557736933231354,0.0008093151263892651,0.125802680850029,2.1417936295620166e-06,,,,
407,0.11747787147760391,0.0006618138396070123,134.68149794999044,5.137723445892334,0.010844946838915348,0.007686255034059286,9.564182255417109e-05,2.7712949304259382e-05,0.005475941114127636,0.007618800271302462,5.096510358271189e-05,0.007533717900514603,0.017599433660507202,0.020149026066064835,0.0,0.1924014687538147,0.00012065777264069766,0.12641362845897675,6.794482942495961e-06,,,,
408,0.12487586587667465,0.0006603841496732357,135.01535848301137,4.250377178192139,0.012953083030879498,0.006274598650634289,1.4760995327378623e-05,9.032867819769308e-05,0.00918608158826828,0.006877225823700428,5.614499605144374e-05,0.006914952769875526,0.013077640905976295,0.04281067103147507,0.0,0.35490721464157104,0.0013857303420081735,0.12701383233070374,1.8264042864757357e-06,,,,
409,0.11848223954439163,0.0006589531235525585,135.35064241901273,3.4063074588775635,0.011143332347273827,0.006675112526863813,6.592361023649573e-05,1.8946411728393286e-05,0.007602567784488201,0.00699802627786994,5.2834107918897644e-05,0.0069722062908113,0.005390197038650513,0.025915633887052536,0.0,0.34319189190864563,0.00026312260888516903,0.12765496969223022,2.0134573333052685e-06,,,,
410,0.10993871092796326,0.0006575207753686309,135.68638817197643,3.047555923461914,0.011908435262739658,0.006316806189715862,5.7968354667536914e-06,4.707630432676524e-05,0.008861387148499489,0.006727490108460188,5.4308155085891485e-05,0.006759935058653355,0.02016133815050125,0.005072672385722399,0.0,0.23424312472343445,0.00017525997827760875,0.12832506000995636,2.2950771381147206e-06,,,,
411,0.12232273072004318,0.0006560871192581513,136.02009551902302,4.223748207092285,0.012263770215213299,0.006980012636631727,5.681241600541398e-05,5.024977781431517e-06,0.005279523320496082,0.007300632074475288,5.0556191126815975e-05,0.007210294250398874,0.01347343623638153,0.07311692088842392,0.0,0.3466813564300537,0.0005060022813268006,0.12899689376354218,1.4786235169594875e-06,,,,
412,0.1207103580236435,0.0006546521693707266,136.3560340749682,6.94838285446167,0.010674539022147655,0.006105387583374977,3.6840188840869814e-05,0.00016960006905719638,0.010360799729824066,0.006596963852643967,5.556403993978165e-05,0.0066818674094974995,0.012983284890651703,0.018722549080848694,0.0,0.2698805034160614,0.0006122292252257466,0.12970207631587982,1.7719343077260419e-06,,,,
413,0.11603081226348877,0.0006532159398687327,136.68983580201166,4.572030544281006,0.01199494767934084,0.006232365034520626,0.00012630280980374664,3.332362393848598e-05,0.007681043352931738,0.006594317965209484,5.17917906108778e-05,0.006589426193386316,0.014417581260204315,0.012716799974441528,0.0,0.305972158908844,0.0001234721567016095,0.1303885281085968,1.195793402075651e-06,,,,
414,0.0964217558503151,0.0006517784449271755,137.02515829500044,3.688809394836426,0.013149349950253963,0.005762204527854919,1.369279925711453e-05,9.19665617402643e-05,0.006267748773097992,0.006524331867694855,5.6655084335943684e-05,0.00649324432015419,0.016426296904683113,0.01419542171061039,0.0,0.07316598296165466,0.00019209401216357946,0.13110579550266266,3.054862418139237e-06,,,,
415,0.11613026261329651,0.0006503396987335492,137.3601303360192,7.303528785705566,0.011059808544814587,0.008170600049197674,7.062012446112931e-05,7.403455583698815e-06,0.002942195162177086,0.007924581877887249,5.832207534695044e-05,0.007731813937425613,0.013481957837939262,0.028122693300247192,0.0,0.209254652261734,6.050581214367412e-05,0.13176824152469635,5.673549367202213e-06,,,,
416,0.11454455554485321,0.000648899715487698,137.69631836900953,5.122217178344727,0.012073513120412827,0.005639970302581787,1.0683172149583697e-05,0.00010936420585494488,0.00919081550091505,0.0062981341034173965,7.221471605589613e-05,0.006397524382919073,0.011953788809478283,0.0745653286576271,0.0,0.22692100703716278,0.000592241995036602,0.13241015374660492,2.2613817236560863e-06,,,,
417,0.1251412183046341,0.0006474585094016755,138.03246249398217,6.936281204223633,0.01206995826214552,0.006038541905581951,0.0002338799531571567,0.00010432412091176957,0.00813344120979309,0.006230214145034552,7.110996375558898e-05,0.006278425455093384,0.018453087657690048,0.036201976239681244,0.0,0.283725768327713,6.943308835616335e-05,0.13306684792041779,3.3410392461519223e-06,,,,
418,0.10334092378616333,0.0006460160946996036,138.36723974900087,3.0237112045288086,0.012037314474582672,0.005599373485893011,3.720898121173377e-06,5.825332482345402e-05,0.007249627262353897,0.0060740988701581955,7.609622844029218e-05,0.006108625791966915,0.023037396371364594,0.06655366718769073,0.0,0.1664939820766449,0.00030600259196944535,0.1337209790945053,4.076914592587855e-06,,,,
419,0.10879410803318024,0.0006445724856175332,138.6997512350208,4.317422389984131,0.011117327958345413,0.00706182885915041,8.57111626828555e-06,1.8663957234821282e-05,0.003233680035918951,0.007178741041570902,7.125450065359473e-05,0.006980919744819403,0.01657043769955635,0.07149306684732437,0.0,0.2163238227367401,0.0001196760349557735,0.13435782492160797,2.806671091093449e-06,,,,
420,0.10588300228118896,0.000643127696403303,139.03719376400113,4.895216941833496,0.010609159246087074,0.0055138966999948025,8.39938729768619e-06,7.582492253277451e-05,0.008245152421295643,0.005977869499474764,7.043623190838844e-05,0.006056044716387987,0.0143791688606143,0.05272629112005234,0.0,0.221735879778862,0.001066611846908927,0.13499408960342407,6.369862148858374e-06,,,,
421,0.12940919399261475,0.0006416817413163997,139.37181453598896,11.76156234741211,0.012543842196464539,0.00541224330663681,0.0004181413387414068,0.00030004733707755804,0.005530194379389286,0.006223893258720636,5.5409098422387615e-05,0.006163780111819506,0.022592447698116302,0.039764419198036194,0.0,0.1745188981294632,0.0001301645243074745,0.13564521074295044,1.269460994990368e-06,,,,
422,0.10649973154067993,0.0006402346346278156,139.7059228309663,4.489572048187256,0.011867140419781208,0.0055707646533846855,9.943151235347614e-05,3.5685894545167685e-05,0.006727028638124466,0.0058941007591784,5.145539762452245e-05,0.005891780834645033,0.013852645643055439,0.04570158198475838,0.0,0.25000491738319397,6.762859266018495e-05,0.1362549513578415,8.318138497998007e-07,,,,
423,0.24454189836978912,0.00063878639061991,140.0411074149888,25.25621223449707,0.010504798963665962,0.005407009273767471,0.0010227537713944912,0.0016145133413374424,0.010337837040424347,0.005921537056565285,5.819551006425172e-05,0.00605360371991992,0.01648387685418129,0.07817882299423218,0.0,0.29540520906448364,0.002598701510578394,0.13688650727272034,2.545348252169788e-06,,,,
424,0.2647643983364105,0.0006373370235862664,140.3759097160073,26.893531799316406,0.01190152857452631,0.0049673281610012054,0.0013708060141652822,0.0019032915588468313,0.00843515433371067,0.005492950789630413,5.384100222727284e-05,0.005538782570511103,0.02436910755932331,0.04511580616235733,0.0,0.27408427000045776,0.0018337017390877008,0.13747426867485046,4.225566044624429e-06,,,,
425,0.11648917198181152,0.0006358865478315523,140.7083540589665,6.408128261566162,0.011819868348538876,0.007390111219137907,8.921283733798191e-05,0.0001499826757935807,0.0032359089236706495,0.007186579052358866,4.3117557652294636e-05,0.007046847604215145,0.02344830520451069,0.024355178698897362,0.0,0.1762431412935257,0.0002362452942179516,0.13802430033683777,2.799686171783833e-06,15.356336521510432,22.87843011794008,11.865554346132987,10.96310008717513
426,0.28496265411376953,0.0006344349776713777,141.07350455399137,29.087181091308594,0.013636019080877304,0.00627660658210516,0.001955288928002119,0.0017389387357980013,0.0034163272939622402,0.007182082161307335,3.680523150251247e-05,0.007076326757669449,0.009309209883213043,0.026074863970279694,0.0,0.23036208748817444,0.0005026782164350152,0.13856053352355957,5.444586349767633e-06,,,,
427,0.4338342547416687,0.0006329823274321542,141.40771590697113,35.088951110839844,0.013790846802294254,0.0052665844559669495,0.0034889783710241318,0.0031052492558956146,0.009015021845698357,0.005813891533762217,3.8658959965687245e-05,0.005846143700182438,0.026564322412014008,0.014598223380744457,0.0,0.29095718264579773,0.0009565202053636312,0.13905654847621918,4.821644097319222e-07,,,,
428,0.28347206115722656,0.0006315286114509533,141.74486705998424,19.18429946899414,0.014143033884465694,0.008528074249625206,0.0014457965735346079,0.0010845822980627418,0.02170310728251934,0.009632442146539688,4.781293318956159e-05,0.00995483249425888,0.021451249718666077,0.0722246766090393,0.0,0.05501899495720863,0.0003100053872913122,0.13951639831066132,8.743007811062853e-07,,,,
429,0.24461063742637634,0.0006300738440753645,142.0843718199758,20.910791397094727,0.014271496795117855,0.012595348060131073,6.501091411337256e-05,0.00026925181737169623,0.03212608024477959,0.015269949100911617,6.254721665754914e-05,0.015895191580057144,0.018794136121869087,0.025079218670725822,0.0,0.2266603410243988,0.0023981730919331312,0.1399334818124771,2.0448676423256984e-06,,,,
430,0.26312968134880066,0.0006286180396633549,142.42054440599168,27.580448150634766,0.011066005565226078,0.007548361085355282,0.0009522902546450496,0.0014833617024123669,0.019041571766138077,0.008785713464021683,6.460665463237092e-05,0.009174702689051628,0.020671159029006958,0.030135225504636765,0.0,0.16556061804294586,0.0012548414524644613,0.14032618701457977,1.155119434770313e-06,,,,
431,0.16909600794315338,0.0006271612125831259,142.75429285300197,16.782949447631836,0.011171611025929451,0.006207467522472143,0.0006142206257209182,0.0009254751494154334,0.0034806798212230206,0.00625002384185791,5.57361236133147e-05,0.006126700434833765,0.012329166755080223,0.011802357621490955,0.0,0.1846703588962555,0.0006569006363861263,0.14069153368473053,2.4908347313612467e-06,,,,
432,0.241240456700325,0.0006257033772129731,143.0866347780102,23.581802368164062,0.015246832743287086,0.017776504158973694,0.0002075976226478815,0.00016955318278633058,0.0014641736634075642,0.020316025242209435,4.380995960673317e-05,0.019905269145965576,0.021366389468312263,0.06036882847547531,0.0,0.28528445959091187,0.0001685482420725748,0.1410423070192337,7.774501682433765e-06,,,,
433,0.3285633325576782,0.0006242445479411426,143.427821831021,32.55119323730469,0.01588534191250801,0.01884576492011547,0.0008231012034229934,0.0008881168323569,0.0016779446741566062,0.02176920883357525,4.190402614767663e-05,0.021368175745010376,0.020097222179174423,0.014659259468317032,0.0,0.5269912481307983,0.0008094721124507487,0.14138203859329224,2.7197042982152198e-06,,,,
434,0.16684718430042267,0.0006227847391656907,143.76982068899088,17.66893196105957,0.011908965185284615,0.008777135983109474,0.00038277730345726013,0.00034486851654946804,0.0013116993941366673,0.009985540062189102,4.6655168262077495e-05,0.009735745377838612,0.02735733985900879,0.10063450038433075,0.0,0.2825981676578522,0.00019515192252583802,0.1417236179113388,2.7456321731733624e-06,,,,
435,0.14973831176757812,0.0006213239652943405,144.1056770120049,14.91037654876709,0.011170653626322746,0.005883244331926107,0.00017982631106860936,0.00037525256630033255,0.015944670885801315,0.007501531392335892,6.267895514611155e-05,0.007790773641318083,0.01934514194726944,0.047723762691020966,0.0,0.19664086401462555,0.0007235996890813112,0.1420627385377884,3.393298356968444e-06,,,,
436,0.2310626059770584,0.0006198622407443405,144.43839465401834,22.07555389404297,0.01323174312710762,0.009778935462236404,0.00031627705902792513,0.0006011846708133817,0.026393692940473557,0.012511431239545345,6.755242065992206e-05,0.013069026172161102,0.02115737460553646,0.06281854212284088,0.0,0.11715652048587799,0.0018823760328814387,0.14239002764225006,1.0297510470991256e-06,,,,
437,0.14946196973323822,0.0006183995799423215,144.7695064250147,11.187283515930176,0.012395592406392097,0.00735896173864603,4.476150479604257e-06,4.7417881432920694e-05,0.01971310004591942,0.009219828061759472,6.0016627685399726e-05,0.009591343812644482,0.020625412464141846,0.03503427654504776,0.0,0.24276039004325867,0.0004253304214216769,0.1426953673362732,1.8513760551286396e-06,,,,
438,0.17303314805030823,0.0006169359973241556,145.10280025197426,17.989620208740234,0.012135506607592106,0.0062635219655931,0.0007509369170293212,0.0006825225427746773,0.003446590853855014,0.007041224744170904,4.568467920762487e-05,0.006932312157005072,0.0220629945397377,0.05407479777932167,0.0,0.22602441906929016,0.00019553612219169736,0.14301544427871704,7.98311702965293e-06,,,,
439,0.22009705007076263,0.0006154715073348123,145.43845204799436,23.738224029541016,0.013774983584880829,0.01142845582216978,0.0006987079977989197,0.0006471695378422737,0.0006559969624504447,0.01308546680957079,4.1773113480303437e-05,0.012826853431761265,0.03460828587412834,0.05946502089500427,0.0,0.243564173579216,0.00029260158771649003,0.14333082735538483,1.62430114869494e-06,,,,
440,0.13324864208698273,0.0006140061244282163,145.77742857596604,9.836625099182129,0.011679098941385746,0.009467986412346363,1.1719088433892466e-05,7.153065780585166e-06,0.0009699109941720963,0.011358039453625679,4.474685920285992e-05,0.011108539067208767,0.024380028247833252,0.04529450088739395,0.0,0.28872475028038025,5.645551937050186e-05,0.14363209903240204,1.3616991054732352e-06,,,,
441,0.20543110370635986,0.0006125398630671055,146.11591872398276,20.241859436035156,0.011049489490687847,0.005487028043717146,0.0007591674802824855,0.001210547867231071,0.009199223481118679,0.005669355392456055,5.5491495004389435e-05,0.005754538346081972,0.01413087546825409,0.06056500971317291,0.0,0.2770698070526123,0.0013001133920624852,0.14395612478256226,5.699415396520635e-06,,,,
442,0.22241514921188354,0.0006110727377228873,146.4466800870141,23.279081344604492,0.011143611744046211,0.006331827491521835,0.0007318137213587761,0.001177850877866149,0.017785221338272095,0.00830846931785345,5.832496754010208e-05,0.008627261035144329,0.016388053074479103,0.04998922348022461,0.0,0.091962531208992,0.0019474495202302933,0.1442754566669464,2.696272076718742e-06,,,,
443,0.13731679320335388,0.0006096047628754967,146.78011853800854,10.550426483154297,0.01161965262144804,0.006573287304490805,1.3295610187924467e-05,7.855624426156282e-05,0.01759454235434532,0.007977893576025963,5.2585128287319094e-05,0.008242097683250904,0.020082417875528336,0.03831561654806137,0.0,0.22660905122756958,0.0006864935858175159,0.1445690095424652,6.799604307161644e-06,,,,
444,0.19094258546829224,0.0006081359530132532,147.12069009698462,18.693988800048828,0.01189775113016367,0.0061322106048464775,0.001009389292448759,0.0009223198285326362,0.005413925275206566,0.006500046234577894,4.093519237358123e-05,0.006454109214246273,0.006685230880975723,0.03643491119146347,0.0,0.1052873283624649,0.00014990831550676376,0.14487230777740479,9.094675874621316e-07,,,,
445,0.27576616406440735,0.0006066663226327166,147.4537899119896,27.61079216003418,0.013155139051377773,0.008518298156559467,0.0016523234080523252,0.0014643537579104304,0.0020544107537716627,0.009363126009702682,3.748057861230336e-05,0.009229261428117752,0.0224497951567173,0.04490510746836662,0.0,0.19198822975158691,0.0004959848010912538,0.14515557885169983,1.038673190123518e-06,,,,
446,0.1585966944694519,0.0006051958862385455,147.78956503997324,15.711803436279297,0.012336913496255875,0.00806108582764864,0.00047510856529697776,0.00038450746797025204,0.0026049381121993065,0.008444694802165031,3.917681169696152e-05,0.008320536464452744,0.03198831528425217,0.039547398686409,0.0,0.21909065544605255,8.121883729472756e-05,0.14542457461357117,1.4972688404668588e-06,,,,
447,0.13260257244110107,0.0006037246583433539,148.1243654859718,12.07953929901123,0.010440446436405182,0.005017335992306471,0.00022993347374722362,0.0004657071258407086,0.008770915679633617,0.005786996800452471,4.677127435570583e-05,0.005829458124935627,0.01679117977619171,0.03939265012741089,0.0,0.23443856835365295,0.0013400637544691563,0.1456952840089798,3.0705023164045997e-06,,,,
448,0.20077519118785858,0.0006022526534675668,148.45909956801916,19.200210571289062,0.011707483790814877,0.005162843037396669,0.0006202381919138134,0.00111481174826622,0.010713212192058563,0.005965184420347214,4.9346606829203665e-05,0.006064976565539837,0.02286309003829956,0.1231120377779007,0.0,0.21540676057338715,0.0030764280818402767,0.1459793597459793,1.0060389286081772e-05,,,,
449,0.11595737934112549,0.000600779886139278,148.79353262099903,8.345563888549805,0.011559692211449146,0.005403773859143257,0.00011388048005755991,0.00026784700457938015,0.007510088384151459,0.0058772680349648,4.5911056076874956e-05,0.005891491658985615,0.03188815712928772,0.037021271884441376,0.0,0.1682494580745697,0.0013402928598225117,0.14625495672225952,4.807387995242607e-06,,,,
450,0.1762496531009674,0.0005993063708941068,149.13771511497907,18.256969451904297,0.011622125282883644,0.007782695349305868,0.0007328962674364448,0.000599243154283613,0.0024575325660407543,0.008622330613434315,3.9933329389896244e-05,0.00849565863609314,0.013036413118243217,0.022523974999785423,0.0,0.2091699242591858,0.00013627481530420482,0.14653445780277252,5.565397600548749e-07,12.742366854516037,25.161004600385002,9.991212481885372,9.096951149636693
451,0.2590409517288208,0.0005978321222750534,149.50366338598542,25.24933433532715,0.013108223676681519,0.00867016613483429,0.0014689754461869597,0.0012775725917890668,0.0026309285312891006,0.008762001991271973,4.054080636706203e-05,0.008630993776023388,0.02408197894692421,0.015428191050887108,0.0,0.26219987869262695,0.0004900532076135278,0.14681203663349152,1.4308845493360423e-05,,,,
452,0.15922491252422333,0.0005963571548323567,149.8390517149819,13.458344459533691,0.011145239695906639,0.006198501214385033,0.0006492611719295382,0.00046166774700395763,0.006417624652385712,0.006368368398398161,4.619820538209751e-05,0.006346420384943485,0.030758991837501526,0.06338324397802353,0.0,0.18443703651428223,5.67520473850891e-05,0.14708183705806732,8.115171112876851e-07,,,,
453,0.13695576786994934,0.0005948814831233498,150.17425854300382,11.361628532409668,0.010111772455275059,0.0059636663645505905,7.769086369080469e-05,0.0002197805733885616,0.015516060404479504,0.007619794923812151,5.8644491218728945e-05,0.007873883470892906,0.012735899537801743,0.086345374584198,0.0,0.15299077332019806,0.0005472275661304593,0.14735335111618042,2.5453978196310345e-06,,,,
454,0.1892036348581314,0.000593405121712317,150.50832793698646,17.717363357543945,0.011837269179522991,0.006216691806912422,0.00045799356303177774,0.00080229522427544,0.015332045964896679,0.007387896999716759,6.350522016873583e-05,0.007651031948626041,0.01672612689435482,0.020445886999368668,0.0,0.28740039467811584,0.0013865584041923285,0.14762437343597412,3.269625267421361e-06,,,,
455,0.12106937170028687,0.0005919280851703489,150.8444691110053,9.137164115905762,0.010920085944235325,0.005710560362786055,0.0001590994215803221,0.0003534221032168716,0.007544124033302069,0.005987818352878094,6.015922917868011e-05,0.006024347152560949,0.043407417833805084,0.013063697144389153,0.0,0.15523414313793182,0.00022872915724292397,0.1479015201330185,2.9240177354949992e-06,,,,
456,0.153426393866539,0.0005904503880752003,151.1799459909671,15.005119323730469,0.012753015384078026,0.009361285716295242,0.0003365797456353903,0.00020157961989752948,0.001451028510928154,0.010232964530587196,5.13570339535363e-05,0.010001643560826778,0.01792582869529724,0.053776782006025314,0.0,0.18091881275177002,0.00016645074356347322,0.14817892014980316,1.1905656265298603e-06,,,,
457,0.20476771891117096,0.0005889720450111447,151.55523302801885,20.694379806518555,0.01243620179593563,0.010308920405805111,0.0007324097095988691,0.0006034737452864647,0.0011859104270115495,0.011043726466596127,5.059012255514972e-05,0.010795202106237411,0.01818075403571129,0.07073842734098434,0.0,0.2106650173664093,8.770180284045637e-05,0.14845584332942963,1.7597152464077226e-06,,,,
458,0.13236238062381744,0.0005874930705688314,151.89244367397623,9.966375350952148,0.01212735939770937,0.007140549831092358,0.0002827077987603843,0.0001546308776596561,0.00415071751922369,0.0070984819903969765,5.538659752346575e-05,0.006998763419687748,0.018486415967345238,0.07312365621328354,0.0,0.20278698205947876,0.0002086286258418113,0.1487264186143875,8.396804673793667e-07,,,,
459,0.15076591074466705,0.0005860134793451411,152.22875522298273,13.236252784729004,0.010896997526288033,0.006379365921020508,0.0001383341004839167,0.0003932724939659238,0.016019225120544434,0.007575067691504955,6.61401281831786e-05,0.00785211380571127,0.016405899077653885,0.013383359648287296,0.0,0.2280312180519104,0.0009461484733037651,0.14900679886341095,3.9647645166951406e-07,,,,
460,0.20884326100349426,0.0005845332859430417,152.56540932698408,19.190044403076172,0.010890104807913303,0.007956888526678085,0.0003896350390277803,0.0008035359787754714,0.019051307812333107,0.00904121808707714,6.761695840395987e-05,0.009417393244802952,0.009172138758003712,0.03402049466967583,0.0,0.260476678609848,0.0009074797853827477,0.14929260313510895,1.7614478338146e-06,,,,
461,0.14085687696933746,0.0005830525049714447,152.9082701599691,11.39880657196045,0.010698743164539337,0.00573562178760767,0.00010050440323539078,0.0003587022074498236,0.012530019506812096,0.006743741221725941,6.110990943852812e-05,0.00693012960255146,0.019543910399079323,0.0897163525223732,0.0,0.20521053671836853,0.002095391508191824,0.14957869052886963,2.386545020272024e-06,,,,
462,0.13424286246299744,0.0005815711510450604,153.24405147501966,10.774039268493652,0.011635658331215382,0.007363560609519482,0.00028360282885842025,0.00014646482304669917,0.003067372366786003,0.0079030841588974,4.908119808533229e-05,0.00777157349511981,0.02385444939136505,0.10227448493242264,0.0,0.16906440258026123,0.0002611797535791993,0.14987242221832275,3.344031938468106e-06,,,,
463,0.1641927808523178,0.000580089238784254,153.5835808729753,16.52279281616211,0.01254483126103878,0.009133613668382168,0.0005208946531638503,0.00035867298720404506,0.0015355413779616356,0.010080262087285519,4.537215500022285e-05,0.009893245995044708,0.020105279982089996,0.05003637447953224,0.0,0.09998931735754013,0.00030258073820732534,0.1501738429069519,4.212316525809001e-06,,,,
464,0.11124928295612335,0.000578606782814901,153.93768675200408,6.839061737060547,0.011435276828706264,0.007294822484254837,0.00011549170449143276,3.092267070314847e-05,0.003572918241843581,0.007584741804748774,4.703347440226935e-05,0.007474684156477451,0.0146001186221838,0.03664351999759674,0.0,0.1438826024532318,9.487856732448563e-05,0.15045632421970367,1.5516081930400105e-06,,,,
465,0.1582055687904358,0.0005771237977682437,154.27360258199042,14.884878158569336,0.011095156893134117,0.005826830398291349,0.000294746394501999,0.0005960589041933417,0.01382850855588913,0.006874389946460724,5.5446886108256876e-05,0.007055947091430426,0.014876646921038628,0.05131159722805023,0.0,0.11741575598716736,0.0023583988659083843,0.1507546305656433,2.316050540684955e-06,,,,
466,0.2182481586933136,0.0005756402982807457,154.60700082196854,20.342239379882812,0.012322934344410896,0.00735839456319809,0.0005292166606523097,0.0009773203637450933,0.018309880048036575,0.008601679466664791,5.7510726037435234e-05,0.008902674540877342,0.00946035049855709,0.0557333305478096,0.0,0.16858938336372375,0.0028630904853343964,0.15103913843631744,2.1324058252503164e-06,,,,
467,0.15179423987865448,0.000574156298993948,154.94306538096862,12.47412109375,0.013823740184307098,0.006266461219638586,0.00014554182416759431,0.00034462474286556244,0.014326957985758781,0.007087122183293104,5.2792049245908856e-05,0.007273831404745579,0.021189335733652115,0.043155837804079056,0.0,0.2525641620159149,0.002052097348496318,0.15131130814552307,3.3579578939679777e-06,,,,
468,0.11538953334093094,0.0005726718145543243,155.28100027999608,7.910187721252441,0.010911230929195881,0.0061388639733195305,0.00022125366376712918,0.00011777982581406832,0.004776058718562126,0.00695839524269104,4.373404226498678e-05,0.006895557977259159,0.021328210830688477,0.024601560086011887,0.0,0.22267606854438782,0.0001054652821039781,0.1515948623418808,4.745852493215352e-06,,,,
469,0.13812783360481262,0.0005711868596131371,155.61550647899276,13.982675552368164,0.010911064222455025,0.007630691863596439,0.0004390158865135163,0.0002959450939670205,0.0023322035558521748,0.008951449766755104,4.0947357774712145e-05,0.00882114190608263,0.006909691728651524,0.04326770082116127,0.0,0.035942234098911285,0.000277880288194865,0.15190023183822632,5.1355614232306834e-06,,,,
470,0.12045209854841232,0.0005697014488262916,155.95246267697075,5.652650356292725,0.0106644993647933,0.007503650616854429,6.579988985322416e-05,1.2113602679164615e-05,0.00393342413008213,0.0074385167099535465,4.3207772250752896e-05,0.00734703941270709,0.02083437517285347,0.07764989882707596,0.0,0.27458804845809937,0.0004305595066398382,0.1521769016981125,5.0514936447143555e-06,,,,
471,0.16606074571609497,0.000568215596854193,156.29009480198147,14.925871849060059,0.01110457256436348,0.006256395485252142,0.0003121650661341846,0.0006106101791374385,0.01379568874835968,0.0069022891111671925,5.3467825637198985e-05,0.00708312913775444,0.023267712444067,0.026317067444324493,0.0,0.204685777425766,0.0028987533878535032,0.15252456068992615,1.8507428194425302e-06,,,,
472,0.21626132726669312,0.0005667293183616004,156.62805589399068,19.440441131591797,0.011653595604002476,0.008054430596530437,0.0005030055763199925,0.0008519700495526195,0.01827160455286503,0.008789380080997944,5.874908310943283e-05,0.009111333638429642,0.01871040277183056,0.03063291683793068,0.0,0.23548080027103424,0.001933601452037692,0.1528666764497757,2.781475586743909e-06,,,,
473,0.1454051434993744,0.0005652426280174821,156.96435357799055,12.119172096252441,0.012583905830979347,0.0066884970292449,0.00010184026905335486,0.0002577679988462478,0.01487082988023758,0.007342795375734568,5.726135350414552e-05,0.007569967769086361,0.015513493679463863,0.0639139786362648,0.0,0.15845158696174622,0.0013204130809754133,0.1532009392976761,6.557814913321636e-07,,,,
474,0.12700271606445312,0.0005637555404948722,157.29997390898643,9.025003433227539,0.011117461137473583,0.0061975205317139626,0.0002679400204215199,0.00014487738371826708,0.00482881348580122,0.006825522985309362,5.082963980385102e-05,0.006755555048584938,0.015052009373903275,0.0579746849834919,0.0,0.3080379366874695,0.0002068343892460689,0.15352213382720947,1.1547126632649451e-05,,,,
475,0.16217002272605896,0.0005622680704707236,157.63414314499823,14.938292503356934,0.012779667973518372,0.009132295846939087,0.00043420318979769945,0.0003090272657573223,0.00229670200496912,0.008793474175035954,5.091841740068048e-05,0.008610337041318417,0.024037577211856842,0.05345432460308075,0.0,0.20555230975151062,8.92357638804242e-05,0.1538870483636856,3.3535250167915365e-06,2.9832491811026083,23.260306758954147,2.2551653755454955,0.8051974689980685
476,0.11324790120124817,0.0005607802326257654,158.01411434600595,6.574576377868652,0.011812295764684677,0.007204906549304724,9.001423313748091e-05,2.0829804270761088e-05,0.0034891474060714245,0.007273373659700155,5.655461791320704e-05,0.007145085372030735,0.027920277789235115,0.0467238575220108,0.0,0.20792752504348755,0.00012315204367041588,0.1542411595582962,2.12046006708988e-06,,,,
477,0.15539653599262238,0.0005592920416443561,158.35172580799554,13.479894638061523,0.011491933837532997,0.00611983984708786,0.0002560364664532244,0.0005150862270966172,0.0123645244166255,0.006746772211045027,7.006389205344021e-05,0.006960664410144091,0.008800760842859745,0.027659401297569275,0.0,0.2536095678806305,0.0017701545730233192,0.15462343394756317,1.8967873529618373e-06,,,,
478,0.20185586810112,0.0005578035122143401,158.68975802900968,18.29353904724121,0.011481866240501404,0.006770540028810501,0.000435277761425823,0.0008151831571012735,0.017061768099665642,0.00826291274279356,7.592847396153957e-05,0.008624539710581303,0.021663621068000793,0.055399030447006226,0.0,0.257182776927948,0.0028850259259343147,0.15500691533088684,1.5232465102599235e-06,,,,
479,0.13358710706233978,0.0005563146590269017,159.02700450801058,10.412108421325684,0.010145453736186028,0.00598138477653265,8.804822573438287e-05,0.000263653026195243,0.013063572347164154,0.006954982411116362,7.35354406060651e-05,0.007194116245955229,0.01902688667178154,0.061297476291656494,0.0,0.17863701283931732,0.0014123746659606695,0.15537960827350616,1.4983055507400422e-06,,,,
480,0.119149349629879,0.0005548254967764211,159.36250551597914,9.440566062927246,0.010516981594264507,0.006454441696405411,0.00028642232064157724,0.00016931138816289604,0.004378277342766523,0.006755240727216005,6.367303285514936e-05,0.006651680916547775,0.010548882186412811,0.04147860407829285,0.0,0.1374260038137436,0.00021097298304084688,0.1557452231645584,6.015475264575798e-06,,,,
481,0.15318241715431213,0.0005533360401603284,159.6968426919775,14.895747184753418,0.011641801334917545,0.007433629594743252,0.0005267756059765816,0.0003729159361682832,0.002322841202840209,0.00842176005244255,6.056220445316285e-05,0.00820312462747097,0.02789814956486225,0.0057489690370857716,0.0,0.2705763578414917,3.9721511711832136e-05,0.15609996020793915,8.463983931505936e-07,,,,
482,0.1092446967959404,0.0005518463038789588,160.03348801797256,7.4890971183776855,0.011370011605322361,0.007153901271522045,0.00014421054220292717,5.092409992357716e-05,0.0033575480338186026,0.0072080278769135475,6.306460272753611e-05,0.007056035101413727,0.013820690102875233,0.051094479858875275,0.0,0.07008911669254303,0.0003184736124239862,0.1564558446407318,1.5858498727538972e-06,,,,
483,0.13917748630046844,0.0005503563026354084,160.37317189900205,11.544952392578125,0.011469084769487381,0.005505866836756468,0.00020786024106200784,0.00043886725325137377,0.01111813634634018,0.006294552236795425,7.33830311219208e-05,0.0064523834735155106,0.02324417419731617,0.05203738063573837,0.0,0.1640445441007614,0.0014682773035019636,0.15678949654102325,1.8909138361777877e-06,,,,
484,0.17622382938861847,0.0005488660511353877,160.70920081797522,16.251239776611328,0.010688615031540394,0.006338634993880987,0.00038781791226938367,0.0007596892537549138,0.014478239230811596,0.007233402691781521,7.560866652056575e-05,0.007511775009334087,0.013951846398413181,0.04287394508719444,0.0,0.1574774980545044,0.0005792668671347201,0.1571144163608551,2.6451734811416827e-06,,,,
485,0.11669117212295532,0.0005473755640870773,161.0444665059913,8.750279426574707,0.011623790487647057,0.005172583274543285,7.117858331184834e-05,0.00022402421745937318,0.010881910100579262,0.0063774473965168,7.020947668934241e-05,0.006539437919855118,0.036307208240032196,0.02196892723441124,0.0,0.19499433040618896,0.000184159871423617,0.15742377936840057,1.8768881773212343e-06,,,,
486,0.1333799958229065,0.0005458848562009829,161.37909667100757,10.515925407409668,0.011771734803915024,0.0069007836282253265,0.00029384257504716516,0.0002141620934708044,0.00397250521928072,0.007061091251671314,5.947906174696982e-05,0.006932978983968496,0.022602688521146774,0.054638467729091644,0.0,0.24295347929000854,4.3289346649544314e-05,0.157739520072937,1.0211456356046256e-06,,,,
487,0.17768551409244537,0.0005443939421897894,161.71479260199703,16.6193790435791,0.012593814171850681,0.007814778946340084,0.0006496880087070167,0.0005019369418732822,0.00255207228474319,0.008238453418016434,5.6098680943250656e-05,0.00804578885436058,0.017279718071222305,0.07326669991016388,0.0,0.2998374402523041,0.00014118578110355884,0.1580677032470703,9.868163942883257e-06,,,,
488,0.1192372739315033,0.000542902836768216,162.05545520497253,8.049864768981934,0.012731949798762798,0.006663800682872534,0.00019810674712061882,0.00011058675590902567,0.004235012456774712,0.006783462595194578,5.911906191613525e-05,0.006679055746644735,0.031451478600502014,0.04579491913318634,0.0,0.18691527843475342,4.438277392182499e-05,0.15840229392051697,8.843517207424156e-06,,,,
489,0.12554045021533966,0.0005414115546528715,162.39381902501918,11.203309059143066,0.01021875161677599,0.00538974441587925,0.00014944426948204637,0.0003388883196748793,0.011210335418581963,0.006320109590888023,6.836278771515936e-05,0.006489214953035116,0.01775728166103363,0.07857703417539597,0.0,0.05269531160593033,0.0008778823539614677,0.15875092148780823,3.416854951865389e-06,,,,
490,0.16789419949054718,0.000539920110562108,162.72701628296636,16.163297653198242,0.010875839740037918,0.005826602689921856,0.00038810152909718454,0.0007515480974689126,0.012984242290258408,0.0066589852795004845,7.109401485649869e-05,0.00688613997772336,0.01606808416545391,0.059517402201890945,0.0,0.11804035305976868,0.0009486238122917712,0.15907026827335358,2.3905126909085084e-06,,,,
491,0.12149803340435028,0.0005384285192158769,163.0623377339798,8.493468284606934,0.011278529651463032,0.0056686317548155785,0.00010536480112932622,0.00029952876502647996,0.008869083598256111,0.005885872524231672,6.639544881181791e-05,0.005964095704257488,0.021802546456456184,0.030545257031917572,0.0,0.20020824670791626,0.000589332717936486,0.15937012434005737,1.085648932530603e-06,,,,
492,0.12670622766017914,0.0005369367953355825,163.3977716770023,10.264326095581055,0.011274250224232674,0.007226666435599327,0.0002795227919705212,0.00012857660476583987,0.003083967138081789,0.007490107789635658,5.652044274029322e-05,0.007330246269702911,0.027668189257383347,0.038760483264923096,0.0,0.21002568304538727,0.00019070811686106026,0.15968170762062073,1.2271168543520616e-06,,,,
493,0.16613104939460754,0.0005354449536439371,163.73597977100872,15.138864517211914,0.012279236689209938,0.007547722663730383,0.0005822791717946529,0.0003955070278607309,0.002719644457101822,0.007944440469145775,5.498463360709138e-05,0.007762981578707695,0.019577067345380783,0.11726507544517517,0.0,0.20784693956375122,6.466003833338618e-05,0.1599966436624527,1.6669122260282165e-06,,,,
494,0.12650519609451294,0.000533953008864816,164.0807148219901,7.251058101654053,0.011473586782813072,0.006450071930885315,0.00024118900182656944,9.124090865952894e-05,0.005769109353423119,0.006225524935871363,5.891647742828354e-05,0.006171873304992914,0.009984707459807396,0.09983420372009277,0.0,0.23889127373695374,0.00016642772243358195,0.160308837890625,2.130841039615916e-06,,,,
495,0.13692449033260345,0.0005324609757231119,164.41540060698753,11.32295036315918,0.011695852503180504,0.005931972526013851,0.00012159498874098063,0.00036132318200543523,0.012584048323333263,0.0065645333379507065,6.929582741577178e-05,0.006778060924261808,0.011301033198833466,0.013622479513287544,0.0,0.23167869448661804,0.001302978489547968,0.16065725684165955,2.7889943794434657e-06,,,,
496,0.16768109798431396,0.0005309688689445896,164.7525532770087,16.220590591430664,0.010774722322821617,0.006088906433433294,0.000369165645679459,0.0007641795091331005,0.013291891664266586,0.006800720933824778,7.175748760346323e-05,0.00705103762447834,0.013384702615439892,0.015883857384324074,0.0,0.15164782106876373,0.0009414014057256281,0.1610121876001358,6.3711659095133655e-06,,,,
497,0.12079869210720062,0.0005294767032557405,165.08622017299058,9.520830154418945,0.011071402579545975,0.00531382579356432,0.00011967388854827732,0.00033678041654638946,0.008817876689136028,0.005791986361145973,6.685617699986324e-05,0.005869204644113779,0.020379044115543365,0.030220920220017433,0.0,0.18302598595619202,0.0016073822043836117,0.1613483428955078,2.2399240151571576e-06,,,,
498,0.1366218477487564,0.0005279844933836377,165.42431309097447,9.90206241607666,0.012185150757431984,0.007680407725274563,0.0002049768518190831,7.958585047163069e-05,0.0025281619746237993,0.007815929129719734,5.682527262251824e-05,0.007619929499924183,0.00590521702542901,0.11805561929941177,0.0,0.31410664319992065,0.00019059612532146275,0.16168639063835144,1.0342213272451772e-06,,,,
499,0.14977015554904938,0.0005264922540557899,165.75851233297726,15.128448486328125,0.010425032116472721,0.008185490034520626,0.0005072048516012728,0.0003163012152072042,0.002144374419003725,0.008334298618137836,5.4973359510768205e-05,0.008117953315377235,0.014059117063879967,0.06249270588159561,0.0,0.09196508675813675,0.00011110558261862025,0.1620578169822693,1.1306870874250308e-05,,,,
500,0.11061786115169525,0.000524999999999997,166.09287941100774,6.92640495300293,0.011174232698976994,0.005908146500587463,0.00019013002747669816,8.348243864020333e-05,0.005037782713770866,0.006227147299796343,5.9393831179477274e-05,0.006155199371278286,0.02341073378920555,0.0782649889588356,0.0,0.1327085942029953,0.00012437858094926924,0.16240274906158447,1.8867725657401024e-06,7.201459548605115,19.210836285501586,2.9458278177571486,5.1412211300860085
501,0.13365517556667328,0.0005235077459442042,166.46196049900027,11.263628959655762,0.012682892382144928,0.005605876445770264,9.58215314312838e-05,0.00030185229843482375,0.012777826748788357,0.006718102376908064,7.006723171798512e-05,0.006948512047529221,0.02999844402074814,0.01597495563328266,0.0,0.23963239789009094,0.001631565042771399,0.16274267435073853,5.838791366841178e-06,,,,
502,0.17322270572185516,0.0005220155066163564,166.79235460300697,15.85038948059082,0.011882293038070202,0.006464001722633839,0.00029281742172315717,0.0005884766578674316,0.014650000259280205,0.007220012601464987,7.276422547874972e-05,0.0075078727677464485,0.008969620801508427,0.07578019797801971,0.0,0.21527516841888428,0.0024320154916495085,0.16309526562690735,4.898974111711141e-06,,,,
503,0.12433993816375732,0.0005205232967442535,167.1260638940148,8.789917945861816,0.011648599989712238,0.005185835063457489,8.381519000977278e-05,0.00025976894539780915,0.009404217824339867,0.005868878681212664,6.790991756133735e-05,0.005972410086542368,0.01003432460129261,0.08983100205659866,0.0,0.24574679136276245,0.0013031905982643366,0.16343900561332703,1.1300110145384679e-06,,,,
504,0.12587594985961914,0.0005190311310554044,167.46064497099724,10.329211235046387,0.012917912565171719,0.007811947725713253,0.00019344605971127748,0.00010701469727791846,0.0024675738532096148,0.007670287974178791,5.619449439109303e-05,0.007475207094103098,0.027336839586496353,0.03349008411169052,0.0,0.20703427493572235,1.3970786312711425e-05,0.16380855441093445,1.049339743985911e-06,,,,
505,0.14176936447620392,0.0005175390242768822,167.79724547098158,14.673725128173828,0.011437790468335152,0.007812915369868279,0.0004294890386518091,0.0003261696547269821,0.0017143869772553444,0.008663245476782322,5.21867950737942e-05,0.008435983210802078,0.034103069454431534,0.031807802617549896,0.0,0.08481969684362411,0.000120999087812379,0.16417700052261353,8.355577847396489e-07,,,,
506,0.10365940630435944,0.000516046991135178,168.13150907400995,6.945749282836914,0.012023418210446835,0.005889462307095528,0.0001584173587616533,8.421676466241479e-05,0.004142273683100939,0.006540242582559586,5.438275547930971e-05,0.006434089038521051,0.014168917201459408,0.01571664772927761,0.0,0.17116643488407135,9.790307558432687e-06,0.16451722383499146,8.204883670259733e-06,,,,
507,0.12886202335357666,0.000514555046356057,168.46592125098687,10.882991790771484,0.011976536363363266,0.005334275774657726,0.00011872198956552893,0.00028880700119771063,0.01143142580986023,0.006163249257951975,6.216125620994717e-05,0.006322523579001427,0.03129858523607254,0.048025473952293396,0.0,0.2214098572731018,0.0007563884137198329,0.16486786305904388,2.6632783374225255e-06,,,,
508,0.15412084758281708,0.0005130632046644116,168.79896559298504,14.566688537597656,0.011051046662032604,0.005706933327019215,0.0002818302600644529,0.0005491745541803539,0.013063132762908936,0.0065901936031877995,6.351040065055713e-05,0.006806911434978247,0.026179416105151176,0.015835117548704147,0.0,0.21599853038787842,0.002354562748223543,0.16522352397441864,1.5093759202500223e-06,,,,
509,0.10455108433961868,0.0005115714807841171,169.13443597097648,8.112972259521484,0.01134524866938591,0.005172958597540855,8.364742097910494e-05,0.00019163227989338338,0.008672639727592468,0.005724153481423855,5.8293073379900306e-05,0.00580074917525053,0.038087692111730576,0.014113761484622955,0.0,0.09098395705223083,0.0010404385393485427,0.16557492315769196,4.460973173081584e-07,,,,
510,0.11930401623249054,0.000510079889437886,169.47108815796673,10.44879150390625,0.011437352746725082,0.007430837955325842,0.0002228102384833619,0.00012923101894557476,0.002657778561115265,0.007664536125957966,4.994081609765999e-05,0.007491617929190397,0.015390523709356785,0.014727863483130932,0.0,0.15501746535301208,8.568184421164915e-05,0.1659127026796341,1.5199619838313083e-06,,,,
511,0.14345966279506683,0.0005085884453471227,169.80462254799204,14.843428611755371,0.011714542284607887,0.007568215485662222,0.00041345664067193866,0.0003533976851031184,0.0019662664271891117,0.00873884093016386,4.856110172113404e-05,0.00852416455745697,0.016503045335412025,0.04869164526462555,0.0,0.10922505706548691,0.00024061121803242713,0.16625161468982697,1.5816216318853549e-06,,,,
512,0.11459220200777054,0.000507097163231778,170.14104798500193,8.108887672424316,0.011982114054262638,0.006579753942787647,0.00017445115372538567,7.830531103536487e-05,0.003702909452840686,0.006628829054534435,5.241132021183148e-05,0.006511847488582134,0.02801288105547428,0.02060452289879322,0.0,0.26087260246276855,1.0936522812698968e-05,0.16656984388828278,6.962754355299694e-07,,,,
513,0.12387170642614365,0.0005056060578102047,170.47489383502398,9.943822860717773,0.01024257019162178,0.005287042818963528,9.474647231400013e-05,0.00025011232355609536,0.011510582640767097,0.0061443462036550045,6.25002576271072e-05,0.006319702602922916,0.025261905044317245,0.034345291554927826,0.0,0.2504824995994568,0.0010881263297051191,0.16691642999649048,2.8451718208089005e-06,,,,
514,0.15356266498565674,0.0005041151437990112,170.8100714359898,14.760573387145996,0.010388285852968693,0.006112746894359589,0.00022003421327099204,0.0005269030807539821,0.014451350085437298,0.006987098138779402,6.572400889126584e-05,0.007257933262735605,0.027155902236700058,0.04088267311453819,0.0,0.1447802633047104,0.0007925849640741944,0.16728287935256958,1.423092044205987e-06,,,,
515,0.11836829781532288,0.0005026244359129166,171.14712434698595,7.859337329864502,0.010769305750727654,0.0053266799077391624,4.4738400902133435e-05,0.00016636236978229135,0.010444428771734238,0.005861815996468067,6.176746683195233e-05,0.006001537665724754,0.01617814414203167,0.06967721879482269,0.0,0.24952080845832825,0.0011333830188959837,0.1676294356584549,1.070511871148483e-06,,,,
516,0.11680146306753159,0.0005011339488646064,171.48336964001646,9.936893463134766,0.011887111701071262,0.006712625734508038,0.00023501471150666475,0.00012255136971361935,0.0030256889294832945,0.00692737614735961,5.2654115279437974e-05,0.006781593896448612,0.015072217211127281,0.047434352338314056,0.0,0.15434545278549194,8.359847561223432e-05,0.16800370812416077,3.4737774967652513e-06,,,,
517,0.14744310081005096,0.0004996436973645857,171.81802328000776,14.664956092834473,0.010594487190246582,0.008277881890535355,0.0004237860848661512,0.00027116932324133813,0.0017913002520799637,0.008369550108909607,5.0198796088807285e-05,0.008154797367751598,0.01090581901371479,0.021972069516777992,0.0,0.2534602880477905,8.433061884716153e-05,0.16837134957313538,2.228096263934276e-06,,,,
518,0.10320831835269928,0.0004981536961210353,172.1543197829742,7.6006879806518555,0.011382363736629486,0.006917807273566723,0.00013709606719203293,4.4768297811970115e-05,0.0034399847500026226,0.006596707738935947,5.287869134917855e-05,0.0064666359685361385,0.023808106780052185,0.0373915359377861,0.0,0.04439471289515495,2.206527096859645e-05,0.16873624920845032,1.1020961210306268e-06,,,,
519,0.12510502338409424,0.0004966639598396658,172.4885816879687,10.19765567779541,0.011195212602615356,0.0051222206093370914,0.00010271710198139772,0.00029153755167499185,0.01106119155883789,0.005921493284404278,6.212080188561231e-05,0.0060816737823188305,0.02011483907699585,0.06575990468263626,0.0,0.19830410182476044,0.0012995172291994095,0.1690686196088791,4.011634700873401e-06,,,,
520,0.153450608253479,0.0004951745032235731,172.82349332701415,14.330540657043457,0.011939090676605701,0.005700900685042143,0.00021745727281086147,0.0005006032879464328,0.014288636855781078,0.0069262441247701645,6.468834180850536e-05,0.007193755824118853,0.008570083416998386,0.01758980005979538,0.0,0.2890385091304779,0.00036383926635608077,0.16940130293369293,1.99923283616954e-06,,,,
521,0.10978034883737564,0.0004936853409730923,173.15952981298324,8.954312324523926,0.011118767783045769,0.005472057964652777,3.7366065953392535e-05,0.00017718148592393845,0.011053616181015968,0.00590344937518239,6.069101800676435e-05,0.006060510873794556,0.020268570631742477,0.02656422182917595,0.0,0.11885049939155579,0.00018023699522018433,0.16973747313022614,2.8111414849263383e-06,,,,
522,0.11420561373233795,0.0004921964877856541,173.49422823102213,9.48254680633545,0.011955474503338337,0.006314339116215706,0.00024703782401047647,0.00010251469211652875,0.0033139276783913374,0.00653002830222249,5.0842219934565946e-05,0.0064032296650111675,0.022807534784078598,0.015543133020401001,0.0,0.2334250807762146,5.78723665967118e-05,0.17006610333919525,1.1245969062656513e-06,,,,
523,0.13836020231246948,0.000490707958355638,173.8288866999792,14.158595085144043,0.012898028828203678,0.008052835240960121,0.0003861954901367426,0.00021006683527957648,0.0017096444498747587,0.008155887946486473,4.835201252717525e-05,0.00795053131878376,0.02866845764219761,0.026308054104447365,0.0,0.1464046835899353,4.838121458305977e-05,0.1704147309064865,7.116173037502449e-07,,,,
524,0.1029491052031517,0.0004892197673742286,174.17056046897778,6.01029634475708,0.012597436085343361,0.006349264644086361,8.474870992358774e-05,1.5474066458409652e-05,0.0030558384023606777,0.006546406075358391,5.186255293665454e-05,0.006410166621208191,0.02700040489435196,0.030218414962291718,0.0,0.21549813449382782,5.498255995917134e-05,0.17074085772037506,1.9440303731244057e-06,,,,
525,0.12975753843784332,0.0004877319295292704,174.51516011497006,11.962735176086426,0.010241905227303505,0.005207190290093422,0.0001504857646068558,0.0003922788891941309,0.010622404515743256,0.00572936562821269,6.178233888931572e-05,0.005879340227693319,0.03899579495191574,0.03102380782365799,0.0,0.22792790830135345,0.0011182851158082485,0.1711035966873169,4.846801402891288e-06,9.960353002996618,18.883851067012635,4.676492510693813,7.110833154931854
526,0.1535228192806244,0.0004862444595051218,174.8832121960004,15.430425643920898,0.009672286920249462,0.006073072087019682,0.0002511692000553012,0.0005903858691453934,0.01422170177102089,0.006847072392702103,6.489271618193015e-05,0.00711419340223074,0.03651776164770126,0.019937878474593163,0.0,0.10880368947982788,0.0012209450360387564,0.1714596003293991,1.5095808976184344e-06,,,,
527,0.11232782155275345,0.0004847573719825118,175.22234740300337,9.311504364013672,0.01211617048829794,0.0052895089611411095,4.905531386611983e-05,0.00020517017401289195,0.011791332624852657,0.0059330943040549755,6.141929043224081e-05,0.006101257633417845,0.009977512061595917,0.012194442562758923,0.0,0.14045777916908264,0.0005293502472341061,0.17178672552108765,2.110265540977707e-06,,,,
528,0.09902824461460114,0.0004832706816383937,175.55943346797721,7.8741230964660645,0.010949712246656418,0.005609121173620224,0.00019281147979199886,0.00010924239177256823,0.0039474843069911,0.00599336065351963,5.245964348432608e-05,0.0058921524323523045,0.01203890796750784,0.056416526436805725,0.0,0.035122696310281754,3.5334815038368106e-05,0.1721007227897644,1.0295118954672944e-05,,,,
529,0.12804843485355377,0.00048178440314580105,175.89555665000807,13.439894676208496,0.01133901346474886,0.007830191403627396,0.0003504452179186046,0.00021850783377885818,0.0020538237877190113,0.0076010990887880325,4.970526060787961e-05,0.007400431204587221,0.015189672820270061,0.016530297696590424,0.0,0.0758914202451706,3.088147786911577e-05,0.17238330841064453,1.3163871699362062e-06,,,,
530,0.09618446230888367,0.0004802985511737024,176.23044851899613,5.683096408843994,0.010930974967777729,0.006079238839447498,6.387861503753811e-05,2.0100860638194717e-05,0.0030955462716519833,0.006498205009847879,5.258685632725246e-05,0.006346776615828276,0.023023059591650963,0.04421648383140564,0.0,0.148575097322464,0.00010382594336988404,0.17264553904533386,1.3233596973805106e-06,,,,
531,0.12915858626365662,0.0004788131403868571,176.56378620601026,11.420111656188965,0.01264562550932169,0.004992253612726927,0.00016841714386828244,0.0003739468229468912,0.009612010791897774,0.00544388685375452,6.099172242102213e-05,0.005553215742111206,0.01701171137392521,0.039041727781295776,0.0,0.2614295780658722,0.0011020044330507517,0.1729317605495453,1.2457413504307624e-05,,,,
532,0.1548311561346054,0.0004773281854456697,176.90012847800972,15.800911903381348,0.011964783072471619,0.0058868564665317535,0.0003140329790767282,0.0005953188519924879,0.012357398867607117,0.006191677879542112,6.272040627663955e-05,0.00640001380816102,0.014644990675151348,0.030616773292422295,0.0,0.1489800065755844,0.001451223506592214,0.17324043810367584,4.598349732987117e-06,,,,
533,0.10962028056383133,0.00047584370100604606,177.23680317099206,8.966078758239746,0.010066203773021698,0.00502777798101306,7.151952013373375e-05,0.00019086763495579362,0.009716418571770191,0.005514143500477076,5.821166996611282e-05,0.005628947168588638,0.03402429819107056,0.049760717898607254,0.0,0.1587599515914917,0.0007294779643416405,0.173537477850914,1.846589270826371e-06,,,,
534,0.10534977912902832,0.0004743597017192483,177.57371062797029,8.646995544433594,0.010813795030117035,0.005623448174446821,0.0002027197479037568,0.000124846410471946,0.003772784722968936,0.006102056708186865,4.92170438519679e-05,0.0059842453338205814,0.02618267573416233,0.04989013075828552,0.0,0.13851000368595123,4.156354771112092e-05,0.17384351789951324,7.197509148682002e-07,,,,
535,0.13383090496063232,0.00047287620223175023,177.91090115497354,13.960323333740234,0.01162797398865223,0.006937513127923012,0.00039644757634960115,0.0002843576658051461,0.0021115639247000217,0.007243777625262737,4.72344399895519e-05,0.007062389049679041,0.02400384470820427,0.054052211344242096,0.0,0.1443309187889099,4.1675433749333024e-05,0.1741490215063095,1.0166691026824992e-06,,,,
536,0.09444733709096909,0.00047139321718509295,178.2495248549967,6.16549825668335,0.010128609836101532,0.005306941922754049,0.00010345433111069724,4.455835005501285e-05,0.0035151445772498846,0.006009799428284168,5.031301770941354e-05,0.005893650930374861,0.018413076177239418,0.01048528216779232,0.0,0.26178815960884094,0.00019287411123514175,0.17444206774234772,2.2854283088236116e-06,,,,
537,0.11828500032424927,0.0004699107612157401,178.58273068402195,11.233386993408203,0.01097480021417141,0.004883486777544022,0.00014768395340070128,0.00033773129689507186,0.00938770454376936,0.005319385789334774,5.817446071887389e-05,0.005431869998574257,0.015804387629032135,0.049040794372558594,0.0,0.14937783777713776,0.0009844675660133362,0.174782395362854,6.091476734582102e-06,,,,
538,0.1472257673740387,0.0004684288489549337,178.92097942600958,14.94566535949707,0.009719173423945904,0.005419179797172546,0.00031818370916880667,0.0005924863507971168,0.011416357010602951,0.0057699838653206825,6.0049878811696544e-05,0.005953372921794653,0.01440294086933136,0.04498504847288132,0.0,0.12569080293178558,0.002263049827888608,0.17511187493801117,2.1209507394814864e-06,,,,
539,0.10369334369897842,0.00046694749502854924,179.2562745519681,8.973817825317383,0.009673486463725567,0.005081263370811939,7.820347673259676e-05,0.0002026147849392146,0.008754339069128036,0.005196611862629652,5.59910768060945e-05,0.0052886055782437325,0.015246688388288021,0.014061134308576584,0.0,0.17005163431167603,0.00036569710937328637,0.1754232943058014,1.0810947060235776e-05,,,,
540,0.10526306927204132,0.0004654667140569523,179.59123854601057,8.576799392700195,0.012196468189358711,0.005882224999368191,0.00018702397937886417,9.33423507376574e-05,0.003124777926132083,0.006216275505721569,4.749427898786962e-05,0.006090036127716303,0.021869013085961342,0.0383426770567894,0.0,0.16339752078056335,6.549167301272973e-05,0.17573659121990204,8.106355835479917e-07,,,,
541,0.12975235283374786,0.000463986520654853,179.92514490301255,13.470680236816406,0.011677955277264118,0.006907273083925247,0.00035931318416260183,0.00026661233277991414,0.002053059171885252,0.0071280295960605145,4.588381852954626e-05,0.006956072989851236,0.020372619852423668,0.06676953285932541,0.0,0.10629802942276001,4.6555906010326e-05,0.17605096101760864,4.854134203924332e-06,,,,
542,0.0975681021809578,0.00046250692943116263,180.2590605079895,6.478968620300293,0.010708985850214958,0.005534767638891935,0.0001139329033321701,4.1815772419795394e-05,0.0038352429401129484,0.005683694500476122,4.95904496347066e-05,0.0055883293971419334,0.02152182161808014,0.057744406163692474,0.0,0.16998711228370667,0.00022346236801240593,0.17634959518909454,2.15402496905881e-06,,,,
543,0.11926168948411942,0.00046102795498884937,180.5899523840053,11.095307350158691,0.01107986643910408,0.004745587706565857,0.00011512639321153983,0.0002905320725403726,0.01078764908015728,0.0054641603492200375,5.8815665397560224e-05,0.005620727781206369,0.0246723722666502,0.0842573344707489,0.0,0.10889102518558502,0.0018749400041997433,0.17666693031787872,8.819438335194718e-07,,,,
544,0.14890801906585693,0.00045954961192479384,180.92428490601014,15.566156387329102,0.011645239777863026,0.005430791527032852,0.0002651353715918958,0.0005623422912321985,0.012906539253890514,0.006149296183139086,6.18625563220121e-05,0.006386235356330872,0.04695615544915199,0.048929087817668915,0.0,0.09413273632526398,0.0018446302274242043,0.17696769535541534,1.2695666100626113e-06,,,,
545,0.1148092970252037,0.00045807191482964514,181.26032813597703,9.403212547302246,0.011851673945784569,0.004871849901974201,6.832541839685291e-05,0.00023422107915394008,0.009086068719625473,0.005206241272389889,5.828594294143841e-05,0.005330656189471483,0.022556286305189133,0.06908980756998062,0.0,0.20986512303352356,0.0013182181864976883,0.1772478222846985,4.364016149338568e-06,,,,
546,0.09752185642719269,0.0004565948782876771,181.59531661396613,8.555684089660645,0.01096239686012268,0.005951108410954475,0.00018062765593640506,8.613574755145237e-05,0.0034288326278328896,0.00584111362695694,4.869547774433158e-05,0.0057297819294035435,0.012144823558628559,0.015946311876177788,0.0,0.09286445379257202,6.155222945380956e-05,0.17753943800926208,2.276382019772427e-06,,,,
547,0.12445566058158875,0.00045511851687664426,181.9335304700071,13.0354585647583,0.011568793095648289,0.0068797096610069275,0.0003316595102660358,0.00021724030375480652,0.002325788140296936,0.00686767790466547,4.603314300766215e-05,0.006703185848891735,0.01825488917529583,0.022666551172733307,0.0,0.173662468791008,4.696469477494247e-05,0.1778184175491333,2.4079718059510924e-06,,,,
548,0.09578981250524521,0.00045364284516763735,182.26731651398586,5.732996463775635,0.010612037032842636,0.005686414893716574,8.231907850131392e-05,2.960601523227524e-05,0.0037521813064813614,0.005584618076682091,4.86063290736638e-05,0.005490391980856657,0.03361786901950836,0.0156770758330822,0.0,0.2349129617214203,0.00023808798869140446,0.1780960112810135,3.173897766828304e-06,,,,
549,0.11826465278863907,0.00045216787772494075,182.60285948502133,11.554913520812988,0.010927196592092514,0.004629222676157951,0.00014904883573763072,0.0003181141510140151,0.010499256663024426,0.0053147366270422935,5.66642229387071e-05,0.005459473934024572,0.02493126131594181,0.07449290156364441,0.0,0.09707758575677872,0.001329893246293068,0.1784302145242691,1.4103515013630386e-06,,,,
550,0.15711434185504913,0.0004506936291058874,182.9372551990091,15.8964204788208,0.012854455970227718,0.005476905964314938,0.00030583603074774146,0.000511693418957293,0.013378809206187725,0.006109041161835194,5.877309013158083e-05,0.006337778642773628,0.023597123101353645,0.0650525763630867,0.0,0.2121640294790268,0.001772686606273055,0.17874537408351898,1.4650199773313943e-06,6.0761774759040135,17.38430187506097,2.7583282535188096,4.337866764150776
551,0.11183290183544159,0.00044922011386071606,183.30662236898206,9.444941520690918,0.010616319254040718,0.004795254208147526,8.201833406928927e-05,0.00019401099416427314,0.00994344986975193,0.005214306525886059,5.507474270416424e-05,0.005343417637050152,0.021775811910629272,0.019794566556811333,0.0,0.29003167152404785,0.0007467674440704286,0.179056778550148,2.6509537747188006e-06,,,,
552,0.10650043189525604,0.00044774734653242734,183.64141287398525,7.702188968658447,0.010756243020296097,0.005839699413627386,0.0001294065295951441,8.37432307889685e-05,0.0038821841590106487,0.005561204627156258,4.710895518655889e-05,0.0054679070599377155,0.01659330166876316,0.053600385785102844,0.0,0.2620992362499237,6.092068815632956e-06,0.17939673364162445,1.2600606851265184e-06,,,,
553,0.11580728739500046,0.00044627534165664025,183.97466983797494,11.474395751953125,0.012472385540604591,0.006155933253467083,0.0002725432568695396,0.00019675918156281114,0.002514385152608156,0.006377901881933212,4.633524804376066e-05,0.006232804153114557,0.024523017928004265,0.015368354506790638,0.0,0.19846633076667786,2.2276337404036894e-05,0.17976611852645874,1.811689344322076e-06,,,,
554,0.08852441608905792,0.0004448041137614485,184.3072470399784,4.277889728546143,0.01082359254360199,0.005221167113631964,6.28209745627828e-05,2.079220394080039e-05,0.0039263018406927586,0.005293264985084534,5.0510894652688876e-05,0.005212386604398489,0.030407460406422615,0.03495055437088013,0.0,0.16136938333511353,2.575039070507046e-05,0.18012858927249908,1.7698171177471522e-06,,,,
555,0.11283169686794281,0.00044333367736727747,184.65209782897728,10.866301536560059,0.010736796073615551,0.004698759876191616,0.00013901249621994793,0.0003562492784112692,0.008664972148835659,0.004895455203950405,6.0424110415624455e-05,0.005006690043956041,0.018509885296225548,0.03441474586725235,0.0,0.14614982903003693,0.0005312829744070768,0.18051575124263763,2.5274543986597564e-06,,,,
556,0.13804474472999573,0.000441864046986741,184.99305374897085,13.90161418914795,0.01112847775220871,0.0046073077246546745,0.00024746821145527065,0.0005321353673934937,0.009658822789788246,0.005170669872313738,6.44037572783418e-05,0.005338024348020554,0.04054609313607216,0.04358956590294838,0.0,0.2634074091911316,0.0013824541820213199,0.18088708817958832,2.5090575945796445e-06,,,,
557,0.08302702009677887,0.0004403952371244972,185.32667350501288,6.481617450714111,0.009782841429114342,0.00414468115195632,2.8656626454903744e-05,0.0001476779580116272,0.007222277577966452,0.004694621078670025,6.136632873676717e-05,0.004764691926538944,0.014063313603401184,0.01921158656477928,0.0,0.0787501111626625,0.0004989650333300233,0.18126368522644043,1.3415453850029735e-06,,,,
558,0.11820293217897415,0.00043892726227710686,185.66290443000617,11.729267120361328,0.011771894060075283,0.0055771078914403915,0.00031357305124402046,0.00018778366211336106,0.0027552135288715363,0.005822055973112583,5.247239823802374e-05,0.0056789652444422245,0.02263057418167591,0.04645807668566704,0.0,0.2725033462047577,4.2922518332488835e-05,0.1816219836473465,2.900591880461434e-06,,,,
559,0.15282860398292542,0.0004374601369328888,185.99878300196724,18.200075149536133,0.011168979108333588,0.00720233004540205,0.0006722008110955358,0.000480396905913949,0.0017479963134974241,0.006709608715027571,4.941645238432102e-05,0.006524916738271713,0.015805203467607498,0.021891292184591293,0.0,0.1270236074924469,6.66285413899459e-05,0.18199202418327332,2.5620311134844087e-06,,,,
560,0.10557625442743301,0.0004359938755717779,186.3329082429991,10.879672050476074,0.010884777642786503,0.005457442253828049,0.00032731209648773074,0.00016281723219435662,0.003155078273266554,0.00547246728092432,5.13966369908303e-05,0.005356448702514172,0.025416525080800056,0.04818947985768318,0.0,0.05940539389848709,3.895674672094174e-05,0.18234044313430786,2.2759661533200415e-06,,,,
561,0.09594622254371643,0.000434528492665182,186.66593237401685,5.159521579742432,0.011406593024730682,0.004352923482656479,1.208342109748628e-05,0.00010518301860429347,0.0074892593547701836,0.004636213183403015,5.862112084287219e-05,0.004713431000709534,0.01486445963382721,0.0255720354616642,0.0,0.3115765452384949,0.00034341870923526585,0.1826639324426651,2.16756029658427e-06,,,,
562,0.10337325930595398,0.00043306400267583865,186.99918690900085,9.14112377166748,0.009467602707445621,0.004098520614206791,7.655315130250528e-05,0.0002534208178985864,0.008192717097699642,0.004739746917039156,5.996811523800716e-05,0.0048534260131418705,0.00809128861874342,0.06383726745843887,0.0,0.21915560960769653,0.0005890303873457015,0.18307337164878845,2.0693430542451097e-06,,,,
563,0.0858992338180542,0.0004316004200576726,187.33389357000124,2.164947748184204,0.010284076444804668,0.004542292095720768,5.944414624536876e-06,4.505897959461436e-05,0.0056962789967656136,0.0045264484360814095,5.530985436053015e-05,0.004529376048594713,0.032104916870594025,0.06062762439250946,0.0,0.1566755175590515,0.0004794596752617508,0.1834898293018341,2.9042548703728244e-06,,,,
564,0.102907694876194,0.0004301377592556539,187.66609938896727,9.346577644348145,0.011203904636204243,0.005623010452836752,0.00020468895672820508,9.66728403000161e-05,0.002865298418328166,0.005449588876217604,4.9846079491544515e-05,0.005335524678230286,0.030313938856124878,0.04594222083687782,0.0,0.17402145266532898,3.874724643537775e-05,0.18391983211040497,2.5711519811011385e-06,,,,
565,0.09610766917467117,0.0004286760347056538,188.00038344599307,8.363938331604004,0.010079002939164639,0.0051590511575341225,0.00018488906789571047,8.337199687957764e-05,0.0033794953487813473,0.00518265925347805,4.958492354489863e-05,0.005088932812213898,0.017066383734345436,0.018397057428956032,0.0,0.22535640001296997,6.586970266653225e-05,0.18434788286685944,2.381994363531703e-06,,,,
566,0.07589300721883774,0.0004272152608343035,188.33699024200905,3.424225330352783,0.01169932633638382,0.0043122051283717155,6.975456926738843e-06,4.860951594309881e-05,0.006573413964360952,0.004438420757651329,5.429403609014116e-05,0.004477169830352068,0.01682329550385475,0.004872080869972706,0.0,0.06038767099380493,0.00021187117090448737,0.18477725982666016,1.3803877436657785e-06,,,,
567,0.09426233917474747,0.00042575545205885166,188.6713505400112,6.747097015380859,0.010084707289934158,0.0043436093255877495,3.630739593063481e-05,0.00014355953317135572,0.0072050392627716064,0.0044205570593476295,5.56357299501542e-05,0.004478931427001953,0.01577693782746792,0.06735241413116455,0.0,0.17417773604393005,0.0005937017849646509,0.18518497049808502,2.714128640946001e-06,,,,
568,0.07238537073135376,0.0004242966227870213,189.0105500909849,1.6092203855514526,0.010082335211336613,0.00423368439078331,2.04055686481297e-05,5.681015863956418e-06,0.004404217004776001,0.004597978666424751,5.237840741756372e-05,0.004543502349406481,0.010455607436597347,0.007356667425483465,0.0,0.15092281997203827,8.264699135906994e-05,0.18559065461158752,1.7280876818404067e-06,,,,
569,0.08455325663089752,0.0004228387874168684,189.34510627697455,5.383361339569092,0.010916651226580143,0.004768062848597765,7.316796109080315e-05,2.8083071811124682e-05,0.0034055435098707676,0.0049174996092915535,5.189827425056137e-05,0.00481671467423439,0.014907893724739552,0.04495462030172348,0.0,0.16319191455841064,0.00019181246170774102,0.18601325154304504,2.1859193566342583e-06,,,,
570,0.07539208978414536,0.00042138196033663955,189.68175232299836,2.5284907817840576,0.010793780907988548,0.004084880463778973,4.805275693797739e-06,2.5920064217643812e-05,0.005826081149280071,0.004288931377232075,5.636454079649411e-05,0.004287636373192072,0.029023194685578346,0.03149454668164253,0.0,0.09242650121450424,0.0006304736598394811,0.18644455075263977,2.678757027751999e-06,,,,
571,0.07887907326221466,0.00041992615592462997,190.01532364997547,3.4635629653930664,0.009542353451251984,0.004226102028042078,9.131279512075707e-06,4.986193380318582e-05,0.005716498009860516,0.0042301383800804615,5.862588659510948e-05,0.004238375462591648,0.039264630526304245,0.041453272104263306,0.0,0.1167156770825386,0.00042486871825531125,0.18687224388122559,3.39406847160717e-06,,,,
572,0.08241149038076401,0.00041847138854904115,190.35207812598674,2.8150582313537598,0.009999774396419525,0.004322217311710119,3.740273677976802e-05,8.543992407794576e-06,0.0038525741547346115,0.004462617915123701,5.705254079657607e-05,0.004381581209599972,0.0319601409137249,0.03944820538163185,0.0,0.24549202620983124,0.0008668916416354477,0.1873127967119217,1.5473304983970593e-06,,,,
573,0.08523624390363693,0.0004170176725678403,190.68615414301166,2.387937545776367,0.009371454827487469,0.004399667959660292,3.2734082196839154e-05,7.376545454462757e-06,0.00392365176230669,0.0043678549118340015,5.835601041326299e-05,0.004291661083698273,0.05341753363609314,0.07275500148534775,0.0,0.2275962382555008,0.0005233886768110096,0.1877877563238144,1.0198479003520333e-06,,,,
574,0.08112429827451706,0.0004155650223286168,191.02161713299574,3.564035177230835,0.009801293723285198,0.004040303640067577,9.25557833397761e-06,5.006903302273713e-05,0.005848030559718609,0.004050819668918848,6.256316555663943e-05,0.004068018868565559,0.048936016857624054,0.040661223232746124,0.0,0.17660413682460785,0.0005604079342447221,0.18831710517406464,2.4695818865438923e-06,,,,
575,0.07231403142213821,0.00041411345216844225,191.35698927601334,1.4068225622177124,0.010545847937464714,0.003754216246306896,7.800781531841494e-06,1.7599135389900766e-05,0.005176710430532694,0.004010688979178667,6.236420449567959e-05,0.004009556025266647,0.039056580513715744,0.035890016704797745,0.0,0.11814269423484802,0.00032685260521247983,0.18887290358543396,1.3732103525398998e-06,2.342635333723826,18.265459295841143,1.9167111345561538,0.9381567538817839
576,0.07836823165416718,0.00041266297641372803,191.73597931698896,4.586390018463135,0.010763811878859997,0.0042999810539186,5.920133844483644e-05,1.943255847436376e-05,0.0034591155126690865,0.004284197464585304,6.048511932021938e-05,0.004197660367935896,0.03274192661046982,0.04414580762386322,0.0,0.14465804398059845,0.0002768039412330836,0.1894145905971527,1.018233660943224e-06,,,,
577,0.0813252255320549,0.00041121360938008443,192.07320043601794,1.59901762008667,0.010333425365388393,0.003996506333351135,4.070340310136089e-06,2.7217523893341422e-05,0.004971803165972233,0.0038968557491898537,6.447335181292146e-05,0.0038832006976008415,0.04817045107483864,0.04229374974966049,0.0,0.24521693587303162,0.0005117201944813132,0.18994124233722687,2.3481870812247507e-06,,,,
578,0.07712920755147934,0.0004097653653721788,192.4083471460035,3.619595527648926,0.010225863195955753,0.003475405275821686,7.97533994045807e-06,4.680685742641799e-05,0.00596086448058486,0.0038213857915252447,6.523154297610745e-05,0.003862727666273713,0.025726869702339172,0.03620678931474686,0.0,0.2239406853914261,0.000328719470417127,0.19051191210746765,1.4050428944756277e-06,,,,
579,0.07077589631080627,0.0004083182586835948,192.74236700800247,3.302769184112549,0.011121891438961029,0.004059053026139736,4.692424408858642e-05,1.5018875274108723e-05,0.004010659642517567,0.0039059834089130163,6.162712088553235e-05,0.0038601323030889034,0.01137093361467123,0.05757052078843117,0.0,0.02793019264936447,0.00025946018286049366,0.1911001205444336,1.071114184014732e-06,,,,
580,0.0743856206536293,0.00040687230359669137,193.07845120097045,1.7290161848068237,0.00976231787353754,0.00398954888805747,1.8037286281469278e-05,5.89803221373586e-06,0.0039929552003741264,0.003866822924464941,6.21793296886608e-05,0.003808351466432214,0.025818217545747757,0.004760804586112499,0.0,0.2739522457122803,6.664756801910698e-05,0.19163663685321808,1.8268514168084948e-06,,,,
581,0.06898761540651321,0.00040542751438246114,193.41276633698726,3.9466612339019775,0.010162563063204288,0.0033676372841000557,1.5182993593043648e-05,7.25611753296107e-05,0.004674461204558611,0.003600154770538211,6.653063610428944e-05,0.0035995824728161097,0.03937019035220146,0.014807629399001598,0.0,0.14121265709400177,0.00011104988516308367,0.19221486151218414,1.844670691752981e-06,,,,
582,0.07137782126665115,0.00040398390530039087,193.7470420189784,0.2384854555130005,0.011309684254229069,0.0038648766931146383,9.730379133543465e-06,8.76149169926066e-06,0.004166692029684782,0.0035988246090710163,6.594201840925962e-05,0.0035655880346894264,0.04538820683956146,0.04185134172439575,0.0,0.1136895939707756,0.000261798471910879,0.19279229640960693,1.2338596206973307e-06,,,,
583,0.07988089323043823,0.00040254149059831893,194.0816502990201,4.094796657562256,0.012683924287557602,0.0035943277180194855,7.363218173850328e-05,1.5267511116690002e-05,0.003618302522227168,0.0036042327992618084,6.585391383850947e-05,0.0035474863834679127,0.012905696406960487,0.062151528894901276,0.0,0.2464068979024887,0.00010018289322033525,0.19334711134433746,3.01800059787638e-06,,,,
584,0.06833776086568832,0.0004011002845122963,194.4171503399848,2.990886926651001,0.009473626501858234,0.0034178574569523335,5.7013762670976575e-06,4.392818664200604e-05,0.004714746959507465,0.0033799658995121717,7.133675535442308e-05,0.0033991022501140833,0.02721340022981167,0.020836152136325836,0.0,0.17586156725883484,0.00025465452927164733,0.19393211603164673,2.6093609903909964e-06,,,,
585,0.06997481733560562,0.0003996603012664452,194.75473309500376,2.1159555912017822,0.009249082766473293,0.003589986590668559,5.595689344772836e-06,4.483794327825308e-05,0.0040354300290346146,0.003338999580591917,7.25900536053814e-05,0.0033095262479037046,0.016118571162223816,0.028510553762316704,0.0,0.19854237139225006,0.0008400337537750602,0.1945188343524933,9.493778065916558e-07,,,,
586,0.07079607993364334,0.000398221555072819,195.13110849098302,4.239425182342529,0.008938370272517204,0.003760914783924818,6.354024662869051e-05,1.4103220564720687e-05,0.0031177359633147717,0.003491991199553013,7.029548578429967e-05,0.00340511673130095,0.034409698098897934,0.009244066663086414,0.0,0.22381247580051422,0.0005838391371071339,0.19511741399765015,5.702736416424159e-07,,,,
587,0.06843402236700058,0.00039678406013126153,195.4656852320186,1.7171523571014404,0.010625850409269333,0.0033543119207024574,6.696959644614253e-06,2.235786450910382e-05,0.00464816577732563,0.0032046372070908546,7.416361040668562e-05,0.0032070365268737078,0.021996356546878815,0.05943532660603523,0.0,0.11677628755569458,0.0005850224988535047,0.19574980437755585,1.6764427073212573e-06,,,,
588,0.07003249228000641,0.0003953478306292678,195.80189026898006,2.0859122276306152,0.009848208166658878,0.0030328123830258846,6.733141617587535e-06,2.425045386189595e-05,0.004388249944895506,0.0031494793947786093,7.404373172903433e-05,0.0031529481057077646,0.0473945178091526,0.02597903087735176,0.0,0.2744870185852051,0.00025562435621395707,0.19637055695056915,1.620656348677585e-06,,,,
589,0.06449837237596512,0.0003939128807418432,196.14043863501865,2.9649853706359863,0.009827999398112297,0.0031620613299310207,3.2122665288625285e-05,1.1519589861563873e-05,0.0032155595254153013,0.0032620795536786318,7.064297824399546e-05,0.0031936676241457462,0.009254471398890018,0.0350043810904026,0.0,0.19715283811092377,0.0001423054636688903,0.19702360033988953,3.483730324660428e-06,,,,
590,0.05470975115895271,0.00039247922463136336,196.47356479498558,0.955927848815918,0.00948790181428194,0.0031728497706353664,8.528006219421513e-06,1.462294312659651e-05,0.003486412111669779,0.0031269334722310305,7.161517714848742e-05,0.003073981963098049,0.017875786870718002,0.00837123766541481,0.0,0.0677950531244278,4.5152624807087705e-05,0.1977023333311081,1.0110934454132803e-06,,,,
591,0.06605717539787292,0.00039104687644743593,196.80733249802142,2.768876552581787,0.009588749147951603,0.002919660648331046,9.48453089222312e-06,2.9210224965936504e-05,0.003903169184923172,0.0029578350950032473,7.223894499475136e-05,0.0029491183813661337,0.035906657576560974,0.06126830726861954,0.0,0.17806410789489746,0.0002939717669505626,0.19833464920520782,9.502097668701026e-07,,,,
592,0.06954775750637054,0.0003896158503267587,197.14320612698793,3.333069086074829,0.010695249773561954,0.002946701366454363,4.2672076233429834e-05,1.5326337234000675e-05,0.0032313386909663677,0.0030263373628258705,6.918002327438444e-05,0.002967361593618989,0.04639682173728943,0.08674696832895279,0.0,0.15913695096969604,0.0006316472426988184,0.1989654302597046,2.2448475647252053e-06,,,,
593,0.059686414897441864,0.0003881861603929821,197.47839555499377,0.5072991847991943,0.010992337949573994,0.0028948336839675903,1.1677082511596382e-05,8.570093996240757e-06,0.0038075640331953764,0.0028380046132951975,6.976658914936706e-05,0.0028219923842698336,0.033492475748062134,0.055883005261421204,0.0,0.06794499605894089,0.000246549112489447,0.1995878368616104,2.0837287593167275e-06,,,,
594,0.05883505567908287,0.0003867578207565683,197.81478741101455,3.519737958908081,0.01059944648295641,0.0029579652473330498,1.0799554729601368e-05,5.023415360483341e-05,0.003971420228481293,0.002744594356045127,7.047097460599616e-05,0.0027387181762605906,0.021545326337218285,0.022315431386232376,0.0,0.07660266011953354,0.0006128853419795632,0.20017622411251068,1.1135762179037556e-06,,,,
595,0.061228323727846146,0.0003853308455146531,198.15327731799334,5.093972206115723,0.009874274954199791,0.0033723576925694942,4.8225989303318784e-05,1.5807538147782907e-05,0.0024488286580890417,0.002995899412781,6.554132414748892e-05,0.0029072719626128674,0.020381197333335876,0.04118160158395767,0.0,0.09105424582958221,0.0003492264077067375,0.2007313072681427,1.7153037106254487e-06,,,,
596,0.0623682364821434,0.0003839052487509058,198.4848129739985,4.044780731201172,0.009542022831737995,0.0025785756297409534,8.823483767628204e-06,3.3036449167411774e-05,0.004897714592516422,0.002681840443983674,6.900177686475217e-05,0.0027435438241809607,0.020322248339653015,0.04289733245968819,0.0,0.1777327060699463,0.0003499842423480004,0.2012649029493332,2.0599861727532698e-06,,,,
597,0.06693274527788162,0.00038248104453539127,198.82058877899544,1.184643030166626,0.010798891074955463,0.0024571013636887074,1.797024015104398e-05,7.312068191822618e-06,0.003920670598745346,0.0025850306265056133,6.629344716202468e-05,0.0025937745813280344,0.020612236112356186,0.11317720264196396,0.0,0.17115069925785065,0.0009512276155874133,0.20181719958782196,1.2793641417374602e-06,,,,
598,0.06390338391065598,0.00038105824692442983,199.1581284009735,3.4684877395629883,0.01052859053015709,0.002955562435090542,2.4500910512870178e-05,8.751151653996203e-06,0.0025808841455727816,0.00282461429014802,6.386754830600694e-05,0.0027469766791909933,0.023587079718708992,0.07589047402143478,0.0,0.1607561707496643,0.0001975408085854724,0.20238998532295227,4.5957665406604065e-07,,,,
599,0.06955617666244507,0.0003796368699604595,199.49367339297896,5.021871566772461,0.00957278162240982,0.0025997504126280546,2.8631326131289825e-05,7.704659947194159e-05,0.003475603647530079,0.002450933214277029,6.812009814893827e-05,0.0024554699193686247,0.04136011376976967,0.06495106965303421,0.0,0.25879359245300293,0.00019917430472560227,0.20297130942344666,2.703356358324527e-06,,,,
600,0.05843658000230789,0.00037821692767189743,199.829569857975,2.848371744155884,0.010138069279491901,0.00236064987257123,4.20332326029893e-05,1.3239677173260134e-05,0.003527713706716895,0.0024214498698711395,6.578110333066434e-05,0.0024312431924045086,0.06467342376708984,0.06614311784505844,0.0,0.07629702240228653,0.0007398842717520893,0.20360080897808075,3.666219527076464e-06,1.761035308799071,13.730740883292997,1.2764188762157318,0.8870687544675319
601,0.0587032213807106,0.00037679843407300044,200.20679333701264,1.9248961210250854,0.010272879153490067,0.002367368433624506,2.392680835328065e-05,9.509994924883358e-06,0.003148553892970085,0.002381223253905773,6.727637810399756e-05,0.002372749149799347,0.026578623801469803,0.06843414157629013,0.0,0.13904882967472076,0.0013036136515438557,0.2042011171579361,1.3194421626394615e-06,,,,
602,0.06634166836738586,0.0003753814031637277,200.5404753970215,4.452589511871338,0.009347562678158283,0.0024189346004277468,2.476579902577214e-05,5.974936357233673e-05,0.0028916269075125456,0.002315453952178359,7.074015593389049e-05,0.0022998512722551823,0.013321977108716965,0.10066549479961395,0.0,0.22833436727523804,0.0005207926733419299,0.20479194819927216,1.8676928448257968e-06,,,,
603,0.06288783997297287,0.00037396584892960226,200.87779650097946,3.8633430004119873,0.010903961956501007,0.002633897587656975,3.817188189714216e-05,1.7833057427196763e-05,0.0025706980377435684,0.002410955261439085,6.825698801549152e-05,0.0023568407632410526,0.05621198192238808,0.08788786083459854,0.0,0.10988853126764297,0.0007662513526156545,0.205386221408844,1.2977980077266693e-06,,,,
604,0.05409307777881622,0.000372551785341573,201.2191849820083,1.66265869140625,0.010026040486991405,0.0023064324632287025,6.051689979358343e-06,1.1651471140794456e-05,0.003615662455558777,0.002228035358712077,7.183599518612027e-05,0.0022606470156461,0.03342606872320175,0.06158377602696419,0.0,0.09078725427389145,0.0002876051003113389,0.20597097277641296,4.117259322811151e-06,,,,
605,0.05251626297831535,0.00037113922635587646,201.55915840598755,2.1884937286376953,0.010417906567454338,0.00220201606862247,7.414585525111761e-06,1.5134237401071005e-05,0.0035013998858630657,0.0021646968089044094,7.355579873546958e-05,0.0021908911876380444,0.03583090752363205,0.0432758554816246,0.0,0.10627478361129761,0.00020858801144640893,0.20652969181537628,1.3020323876844486e-06,,,,
606,0.05652494356036186,0.00036972818591389983,201.89470190898282,4.7293806076049805,0.009875917807221413,0.0025582436937838793,2.5934143195627257e-05,1.9156548660248518e-05,0.0017453491454944015,0.0024410495534539223,7.2152579377871e-05,0.0023448446299880743,0.05097907781600952,0.06033477187156677,0.0,0.12347051501274109,0.0005437337094917893,0.20706485211849213,8.900215107132681e-07,,,,
607,0.060854677110910416,0.00036831867794204237,202.2359703659895,5.328216552734375,0.00987725704908371,0.0021324732806533575,2.1721174562117085e-05,7.096178887877613e-05,0.003112435108050704,0.0020404988899827003,7.82718780101277e-05,0.0020733142737299204,0.032505206763744354,0.062196653336286545,0.0,0.20688781142234802,0.0003904755867552012,0.20759636163711548,8.701719593773305e-07,,,,
608,0.05548166111111641,0.0003669107163515789,202.57570621802006,2.973421335220337,0.010051709599792957,0.0021645526867359877,3.673005267046392e-05,1.3823816516378429e-05,0.0030614319257438183,0.0020146032329648733,7.460344204446301e-05,0.002012163633480668,0.045986391603946686,0.04583410173654556,0.0,0.14951053261756897,0.0007197647355496883,0.20817120373249054,8.102505830720474e-07,,,,
609,0.04843023419380188,0.0003655043150385217,202.90881894598715,0.6332553625106812,0.00928060058504343,0.002249977318570018,1.3698980183107778e-05,7.5339298746257555e-06,0.0026543184649199247,0.0019602677784860134,7.3928342317231e-05,0.0019608293659985065,0.02038446255028248,0.02903750166296959,0.0,0.12304419279098511,0.000424450816353783,0.20873288810253143,2.2126796466181986e-06,,,,
610,0.05376243218779564,0.0003640994878834841,203.24293164897244,2.8306801319122314,0.00878237746655941,0.0020461948588490486,1.0770908374979626e-05,3.455978003330529e-05,0.002434175694361329,0.001945430412888527,7.333359826589003e-05,0.0019203720148652792,0.06462403386831284,0.026144959032535553,0.0,0.2138563096523285,0.0007137601496651769,0.20929357409477234,1.5728298876638291e-06,,,,
611,0.052540384232997894,0.00036269624875154294,203.58561113500036,4.450351238250732,0.009930051863193512,0.0021977811120450497,3.859508069581352e-05,1.4044606359675527e-05,0.001752773066982627,0.0020982834976166487,6.862593727419153e-05,0.002028473187237978,0.034848541021347046,0.0463004969060421,0.0,0.1560148000717163,0.00024247652618214488,0.20988473296165466,9.652351309341611e-07,,,,
612,0.060338884592056274,0.0003612946114921019,203.92167410399998,5.883608818054199,0.01045938953757286,0.002032965887337923,1.9145754777127877e-05,5.727013194700703e-05,0.003647282486781478,0.0019038940081372857,7.360475865425542e-05,0.001975956605747342,0.038065582513809204,0.07477907836437225,0.0,0.17082154750823975,0.00033720399369485676,0.2104714810848236,3.4035929274978116e-06,,,,
613,0.053691569715738297,0.000359894589938755,204.25527494499693,3.6411001682281494,0.010198778472840786,0.0022049001418054104,3.91025205317419e-05,1.729653013171628e-05,0.0025835582055151463,0.0018368681194260716,6.97679424774833e-05,0.0018225926905870438,0.017186174169182777,0.049556780606508255,0.0,0.15457889437675476,0.0003089644596911967,0.21104764938354492,3.5815126011584653e-06,,,,
614,0.05025593191385269,0.0003584961979091495,204.59513087000232,1.707509994506836,0.009739721193909645,0.0020071137696504593,1.0434567229822278e-05,1.6378829968743958e-05,0.0022563349921256304,0.0017923337873071432,7.296399417100474e-05,0.001771426061168313,0.03807464987039566,0.05892595648765564,0.0,0.13073769211769104,0.00034913414856418967,0.21165268123149872,2.267050149384886e-06,,,,
615,0.045460935682058334,0.0003570994492048505,204.93337903101929,0.7489131093025208,0.010456097312271595,0.0018779989331960678,6.831990503997076e-06,9.681526535132434e-06,0.0023095118813216686,0.0017452874453738332,7.437107706209645e-05,0.0017277777660638094,0.014451363123953342,0.026380717754364014,0.0,0.1385989636182785,0.0004070284776389599,0.21226561069488525,4.452044777281117e-06,,,,
616,0.05726829916238785,0.00035570435761120354,205.27105713699711,1.1230566501617432,0.011080748401582241,0.001721853157505393,1.394638093188405e-05,9.045312253874727e-06,0.0028463040944188833,0.0016905630473047495,7.610461761942133e-05,0.0017271207179874182,0.034296754747629166,0.09902200102806091,0.0,0.18452590703964233,0.0009417659603059292,0.21289263665676117,2.6530958621151512e-06,,,,
617,0.04898172244429588,0.0003543109368971996,205.60424189298647,1.3343443870544434,0.010188993066549301,0.0019393180264160037,1.69781778822653e-05,9.87175644695526e-06,0.0026419050991535187,0.001643420197069645,7.520598592236638e-05,0.0016579998191446066,0.05106748268008232,0.07752995193004608,0.0,0.04799458011984825,0.0002773698070086539,0.21352939307689667,3.0507644623867236e-06,,,,
618,0.047299910336732864,0.00035291920081533847,205.93947755999397,2.4687092304229736,0.010226541198790073,0.0018567182123661041,1.0116125849890523e-05,2.7358473744243383e-05,0.0017988868057727814,0.0016862601041793823,7.36400397727266e-05,0.0016442079795524478,0.03126472979784012,0.03379416465759277,0.0,0.1569610834121704,0.0002643200568854809,0.21412737667560577,1.216785449287272e-06,,,,
619,0.045237865298986435,0.00035152916310149347,206.27151759900153,3.358786106109619,0.009952827356755733,0.0022052391432225704,1.7380827557644807e-05,1.0438609024276957e-05,0.0015410277992486954,0.001797296921722591,6.933529220987111e-05,0.0017247244250029325,0.03223274275660515,0.054368387907743454,0.0,0.04161396995186806,0.000160550931468606,0.2147350311279297,4.94248570248601e-06,,,,
620,0.04851153865456581,0.0003501408374747756,206.60459398198873,5.489530086517334,0.009781349450349808,0.001729150302708149,1.182929099741159e-05,4.4555155909620225e-05,0.0035932986065745354,0.0016303373267874122,7.277578697539866e-05,0.001710680895484984,0.0235733725130558,0.04029782861471176,0.0,0.10031814128160477,0.0009596316958777606,0.2152966558933258,5.316995157045312e-06,,,,
621,0.057392269372940063,0.00034875423763739837,206.93891666800482,7.429339408874512,0.009639160707592964,0.0016150581650435925,9.979662718251348e-05,5.39177272003144e-05,0.0018213966395705938,0.0015754534397274256,6.526775541715324e-05,0.001541214413009584,0.012791752815246582,0.10753144323825836,0.0,0.1644982248544693,0.00042196750291623175,0.21583418548107147,1.4841991742287064e-06,,,,
622,0.05326848477125168,0.0003473693772745425,207.27509089797968,1.853106141090393,0.009426438249647617,0.001700646593235433,8.309367331094109e-06,2.01836992346216e-05,0.002174459397792816,0.001470734365284443,6.701994425384328e-05,0.001461284700781107,0.04137497395277023,0.12462824583053589,0.0,0.10276320576667786,0.0015087600331753492,0.21636618673801422,2.3813236111891456e-06,,,,
623,0.04630056396126747,0.0003459862700542203,207.60948073200416,2.3696987628936768,0.008959252387285233,0.0017753684660419822,1.2546679499791935e-05,1.7520513210911304e-05,0.0017868317663669586,0.0015133757842704654,6.530316022690386e-05,0.0014765941305086017,0.038651566952466965,0.0926208347082138,0.0,0.05348861217498779,0.0008538943366147578,0.2168828397989273,8.896924441614829e-07,,,,
624,0.05141355097293854,0.0003446049296271422,207.95037263596896,6.282538414001465,0.010704929940402508,0.001738381921313703,3.9600676245754585e-05,5.413719918578863e-05,0.0015423616860061884,0.0016218991950154305,6.107733497628942e-05,0.0015616107266396284,0.01613319292664528,0.10114780068397522,0.0,0.08003540337085724,0.0005826747510582209,0.21737344563007355,1.0203942792941234e-06,,,,
625,0.06103614345192909,0.00034322536962658006,208.28701151401037,6.9733076095581055,0.009684694930911064,0.0017006968846544623,3.80836681870278e-05,3.2120937248691916e-05,0.0035811173729598522,0.0015713546890765429,6.582206697203219e-05,0.0016515617026016116,0.03106764517724514,0.11950605362653732,0.0,0.19159895181655884,0.0004146639839746058,0.21784500777721405,2.404613042017445e-06,1.5016984406801928,11.708698894791713,0.8490845099976868,0.8807697549925135
626,0.04108664020895958,0.0003418476036682344,208.66428802796872,1.5801827907562256,0.010099026374518871,0.0016877073794603348,1.0270125130773522e-05,1.223069557454437e-05,0.002157155890017748,0.0014275973662734032,6.155177106847987e-05,0.0014106655726209283,0.017283054068684578,0.025172412395477295,0.0,0.09828006476163864,0.000569998926948756,0.21832779049873352,1.5077924899742357e-06,,,,
627,0.04058543220162392,0.00034047164535009884,209.00020921998657,3.00724720954895,0.00972641073167324,0.001785331405699253,1.070105099643115e-05,1.1752128557418473e-05,0.0013470267876982689,0.0015816644299775362,6.075681812944822e-05,0.0015137112932279706,0.02748856693506241,0.021650824695825577,0.0,0.11240602284669876,0.00016250417684204876,0.2188146710395813,1.635532839827647e-06,,,,
628,0.05813273414969444,0.0003390975082523267,209.33452240697807,8.584359169006348,0.009938232600688934,0.0015184516087174416,5.565333412960172e-05,9.958994633052498e-05,0.002817964181303978,0.0013595487689599395,6.575971201527864e-05,0.001410741708241403,0.0583655908703804,0.1104658842086792,0.0,0.10945803672075272,8.862550021149218e-05,0.21928511559963226,1.3085702903481433e-06,,,,
629,0.04126279801130295,0.00033772520593709597,209.67408757196972,2.7159855365753174,0.00925128348171711,0.0015421470161527395,2.568829950178042e-05,1.1381765943951905e-05,0.0020733503624796867,0.0012939415173605084,6.132740236353129e-05,0.001293822773732245,0.050074949860572815,0.044038549065589905,0.0,0.0623411126434803,0.0007168726297095418,0.21974176168441772,2.4427038169960724e-06,,,,
630,0.04757959768176079,0.00033635475194847687,210.0063352289726,1.770764708518982,0.010660802945494652,0.0015418784460052848,2.3663600586587563e-05,9.629377018427476e-06,0.0020634555257856846,0.0012694475008174777,6.028352800058201e-05,0.0012581994524225593,0.07118208706378937,0.034049298614263535,0.0,0.14627760648727417,0.0016400583554059267,0.2201818823814392,5.838871402374934e-06,,,,
631,0.04742973670363426,0.00033498615981229703,210.34363439999288,6.490087032318115,0.008077362552285194,0.001442154636606574,1.9014260033145547e-05,8.977547258837149e-05,0.002090511843562126,0.0012214360758662224,6.0574082453968003e-05,0.0012319049565121531,0.023621222004294395,0.08645501732826233,0.0,0.08059632778167725,0.0015421997522935271,0.220672607421875,8.870785563885875e-07,,,,
632,0.05627026408910751,0.00033361944303600795,210.67968157998985,8.935483932495117,0.00912895891815424,0.0018844285514205694,6.941004539839923e-05,5.946955207036808e-05,0.0010480848141014576,0.0016684774309396744,5.114149462315254e-05,0.0015838952967897058,0.0635920912027359,0.12676842510700226,0.0,0.0793522372841835,0.00012404874723870307,0.2211405634880066,1.8187550949733122e-06,,,,
633,0.03517920523881912,0.0003322546151085528,211.0148251070059,0.7666259407997131,0.009231289848685265,0.0014297915622591972,1.2808553947252221e-05,4.805285243492108e-06,0.0019424319034442306,0.0012410505441948771,5.1063354476355016e-05,0.0012309893500059843,0.006248600780963898,0.054849062114953995,0.0,0.018318504095077515,0.00023186868929769844,0.22158926725387573,3.1414570003107656e-06,,,,
634,0.04661065712571144,0.00033089168950023196,211.3489390629693,7.4469122886657715,0.009224383160471916,0.001153131015598774,5.0692440709099174e-05,6.614604353671893e-05,0.002673378214240074,0.0012460851576179266,5.277850141283125e-05,0.001281021861359477,0.07288989424705505,0.07550348341464996,0.0,0.05565127730369568,0.00013945592218078673,0.22200067341327667,1.0166193078475771e-06,,,,
635,0.04416344687342644,0.00032953067966257104,211.6826811740175,7.004931926727295,0.010428356006741524,0.0015074699185788631,6.3098814280238e-05,4.525981057668105e-05,0.0014633007813245058,0.0013600110542029142,4.794003689312376e-05,0.0013123411918058991,0.020296383649110794,0.07269355654716492,0.0,0.03880460560321808,0.00011382075899746269,0.2224016636610031,1.937765773618594e-06,,,,
636,0.04177151247859001,0.00032817159902818777,212.01870471896837,3.173393487930298,0.010371135547757149,0.0012518528383225203,1.624052310944535e-05,1.6483110812259838e-05,0.002193060237914324,0.001163186738267541,5.332910586730577e-05,0.001165056717582047,0.039543524384498596,0.0643635094165802,0.0,0.072663314640522,0.0006566530209966004,0.22277240455150604,2.2345657271216623e-06,,,,
637,0.036746732890605927,0.0003268144610106593,212.35623838199535,1.9867160320281982,0.009487546980381012,0.0013903880026191473,1.2148604582762346e-05,8.446359061053954e-06,0.001528553431853652,0.0012117915321141481,5.447800867841579e-05,0.0011818442726507783,0.03625763580203056,0.04120383784174919,0.0,0.062361955642700195,0.00026967591838911176,0.22313354909420013,2.4596042749180924e-06,,,,
638,0.03272586688399315,0.00032545927900438974,212.69130570499692,1.7740880250930786,0.009034925140440464,0.0013471762649714947,7.269833986356389e-06,1.1510756849020254e-05,0.0021556494757533073,0.0011155559914186597,5.992092701490037e-05,0.0011293620336800814,0.03762989863753319,0.014749523252248764,0.0,0.029912631958723068,0.00022151769371703267,0.22348958253860474,1.3535159268940333e-06,,,,
639,0.03681916743516922,0.00032410606638447876,213.02793927502353,1.8980932235717773,0.008259361609816551,0.0014955231454223394,1.5705170881119557e-05,1.3172425497032236e-05,0.001530392444692552,0.001121807610616088,6.207518163137138e-05,0.0011052432237192988,0.029680870473384857,0.053242750465869904,0.0,0.04846920445561409,0.0002813479513861239,0.22382423281669617,2.8001329610560788e-06,,,,
640,0.03868918865919113,0.00032275483650658825,213.36166423099348,2.404780149459839,0.009834648109972477,0.0013159498339518905,4.445983904588502e-06,2.8758999178535305e-05,0.0018571976106613874,0.0010645762085914612,6.541240873048082e-05,0.0010818159207701683,0.029832012951374054,0.05327297002077103,0.0,0.04252294823527336,0.0015048051718622446,0.22414469718933105,1.0892066484302632e-06,,,,
641,0.0432746484875679,0.00032140560270681184,213.69938945397735,4.418396949768066,0.010143854655325413,0.001379115041345358,3.218694109818898e-05,2.2068559701438062e-05,0.0013124196557328105,0.0011262322077527642,6.114598363637924e-05,0.0010959748178720474,0.0608743280172348,0.0549401231110096,0.0,0.10464389622211456,0.0004198144015390426,0.22445453703403473,1.5638582908650278e-06,,,,
642,0.052715595811605453,0.0003200583783015424,214.0354159079725,9.038556098937988,0.00841454416513443,0.0011315548326820135,5.8008656196761876e-05,8.752731082495302e-05,0.002515726489946246,0.0011287247762084007,6.326564471237361e-05,0.0011897269869223237,0.03606849163770676,0.11943794041872025,0.0,0.12282611429691315,0.0003784893488045782,0.22478267550468445,3.5841576391248964e-06,,,,
643,0.04432753100991249,0.0003187131765873406,214.37141948501812,1.8708336353302002,0.008282911032438278,0.0013362886384129524,7.5895236477663275e-06,1.2125345165259205e-05,0.0017896343488246202,0.0010697331745177507,5.6044216762529686e-05,0.0010583638213574886,0.0631326362490654,0.11143115162849426,0.0,0.07791519165039062,0.0001263038720935583,0.2251192033290863,2.183976448577596e-06,,,,
644,0.03758816048502922,0.0003173700108408048,214.71038431301713,2.957871198654175,0.008943220600485802,0.0013272485230118036,1.4066560652281623e-05,1.3406910511548631e-05,0.0014522274723276496,0.001088602002710104,5.304821388563141e-05,0.0010620792163535953,0.04536397010087967,0.0437735989689827,0.0,0.08306445181369781,0.00046748589375056326,0.2254577875137329,3.193815416580037e-07,,,,
645,0.053108081221580505,0.0003160288943184381,215.04502991301706,9.741634368896484,0.008855694904923439,0.0011447949800640345,5.787328336737119e-05,0.0001203759093186818,0.0023045134730637074,0.0010610187891870737,5.655240602209233e-05,0.0011081135598942637,0.0936816930770874,0.06853047013282776,0.0,0.12489765137434006,0.0012815158115699887,0.22579753398895264,9.794470088309026e-07,,,,
646,0.037052128463983536,0.0003146898402565197,215.38734947197372,0.8233632445335388,0.008608344942331314,0.00126868044026196,1.2952863471582532e-05,5.420800789579516e-06,0.0016284764278680086,0.0010068424744531512,5.1139337301719934e-05,0.0009949320228770375,0.03412609547376633,0.06442748755216599,0.0,0.06586214900016785,0.00034537955070845783,0.22613753378391266,9.778267440196942e-07,,,,
647,0.041604846715927124,0.00031335286187097214,215.7231463890057,8.157020568847656,0.008219956420361996,0.0014341273345053196,7.655888475710526e-05,4.533563333097845e-05,0.0009185946546494961,0.0012398744001984596,4.801814066013321e-05,0.0011814209865406156,0.023955510929226875,0.042304590344429016,0.0,0.10588765144348145,0.0005113310180604458,0.22647598385810852,2.2047324819141068e-06,,,,
648,0.04940018430352211,0.00031201797235723265,216.06294146098662,8.390175819396973,0.008678579702973366,0.0010850433027371764,3.978931636083871e-05,8.618158608442172e-05,0.002245943993330002,0.0009718331275507808,5.310365668265149e-05,0.000997535651549697,0.0399702712893486,0.13035181164741516,0.0,0.039211779832839966,0.0019486278761178255,0.22681014239788055,5.5253385653486475e-06,,,,
649,0.047396980226039886,0.00031068518489012144,216.39739942201413,0.6768707633018494,0.008458639495074749,0.0013281963765621185,1.5123821867746301e-05,5.759555278928019e-06,0.0015133700799196959,0.0009886139305308461,5.0891107093775645e-05,0.0009711599559523165,0.04648369923233986,0.12469840794801712,0.0,0.12206905335187912,0.0010551378363743424,0.22713544964790344,5.52845506263111e-07,,,,
650,0.04099265858530998,0.0003093545126237132,216.7284635899705,6.605710506439209,0.00811472162604332,0.0012532072141766548,4.3475854909047484e-05,5.900578617001884e-05,0.0014229798689484596,0.0010257327230647206,5.0516624469310045e-05,0.001000081654638052,0.05212319642305374,0.053081244230270386,0.0,0.08447092771530151,0.00038847385440021753,0.22749647498130798,1.5899602203717222e-06,3.931073141594074,8.927102246967506,2.751258326406912,2.8064472435163106
651,0.03992488607764244,0.0003080259686912058,217.0975201500114,9.226755142211914,0.008978388272225857,0.0011104927398264408,8.055279613472521e-05,6.644883978879079e-05,0.0026930030435323715,0.0011088266037404537,5.811360097141005e-05,0.0011820293730124831,0.009762289933860302,0.02010047249495983,0.0,0.07592086493968964,0.00039442727575078607,0.22785687446594238,2.891831172746606e-06,,,,
652,0.038092777132987976,0.0003066995662047912,217.43434793601045,2.4358885288238525,0.009111452847719193,0.0011363958474248648,1.89612946996931e-05,8.781717951933388e-06,0.0015973642002791166,0.0009569504181854427,5.682620030711405e-05,0.0009672262240201235,0.038407716900110245,0.07640276849269867,0.0,0.0654570534825325,0.00020703767950180918,0.22819751501083374,1.7002038248392637e-06,,,,
653,0.07006961107254028,0.0003053753182555267,217.76718762499513,15.311317443847656,0.009311908856034279,0.0018232017755508423,0.0001354053820250556,0.0002163416938856244,0.0007374276174232364,0.0014522566925734282,5.183659231988713e-05,0.001362387789413333,0.0420975536108017,0.18476681411266327,0.0,0.05641244351863861,0.0005581572186201811,0.22854022681713104,2.6781858650792856e-06,,,,
654,0.045534100383520126,0.0003040532379132052,218.10258528601844,7.319980144500732,0.009724157862365246,0.0013327260967344046,3.875749098369852e-05,6.376185774570331e-05,0.0010025675874203444,0.0010515977628529072,5.613269968307577e-05,0.0010102050146088004,0.048329003155231476,0.06296276301145554,0.0,0.12600281834602356,0.0005992157384753227,0.2288585752248764,2.022801709244959e-06,,,,
655,0.08381930738687515,0.00030273333822622564,218.43674873799318,20.70882225036621,0.008816778659820557,0.001506063505075872,0.0002707862004172057,0.0003968877426814288,0.0037253431510180235,0.0016738121630623937,6.923695764271542e-05,0.0018592048436403275,0.05081101506948471,0.11134618520736694,0.0,0.07624012976884842,0.00073003995930776,0.22919447720050812,1.7352838312945096e-06,,,,
656,0.08950349688529968,0.0003014156322214651,218.77232169301715,24.988910675048828,0.00890512764453888,0.0016456627054139972,0.0003243392857257277,0.0006163078360259533,0.0040365662425756454,0.0019473249558359385,7.141261448850855e-05,0.002168189035728574,0.024900002405047417,0.021091602742671967,0.0,0.0268406942486763,0.003142497967928648,0.22950595617294312,1.0349788226449164e-06,,,,
657,0.04516471549868584,0.0003001001329041497,219.11062543001026,5.672384738922119,0.009120435453951359,0.0011180625297129154,1.391876139678061e-05,6.319863314274698e-05,0.0018156205769628286,0.0009325423161499202,6.144481449155137e-05,0.0009787995368242264,0.030894195660948753,0.14397072792053223,0.0,0.02188919484615326,0.0003097542212344706,0.22978930175304413,2.6486318347451743e-06,,,,
658,0.14340786635875702,0.00029878685325772684,219.44719276897376,34.552547454833984,0.010837920941412449,0.0031233811751008034,0.0008475651848129928,0.0009218209306709468,0.0006058300496079028,0.0028598702047020197,4.4742166210198775e-05,0.0027066529728472233,0.05423981696367264,0.04235532879829407,0.0,0.09819676727056503,0.0001568874140502885,0.23005454242229462,1.5877062651270535e-06,,,,
659,0.23835864663124084,0.00029747580624373655,219.78444991802098,47.84968566894531,0.011732918210327625,0.004417772404849529,0.0015441863797605038,0.0018780359532684088,0.0009322318946942687,0.004517430439591408,3.946819924749434e-05,0.004351325798779726,0.017699792981147766,0.06065334752202034,0.0,0.027212969958782196,0.0008170936489477754,0.2303006947040558,1.886102154458058e-06,,,,
660,0.15940439701080322,0.00029616700480168337,220.1220728260232,37.41416549682617,0.010433940216898918,0.0030056536197662354,0.0009969586972147226,0.001169055700302124,0.0005904677673242986,0.0029610723722726107,3.9502629078924656e-05,0.0028288373723626137,0.026717837899923325,0.03733685240149498,0.0,0.06828494369983673,0.00085833651246503,0.23052316904067993,1.990615146496566e-06,,,,
661,0.038405224680900574,0.000294860461848909,220.4611638910137,5.604337215423584,0.00856715440750122,0.0012761764228343964,5.422104004537687e-05,3.00512692774646e-05,0.0014016216155141592,0.0009202837245538831,4.52490639872849e-05,0.0009060348966158926,0.10167301446199417,0.030124202370643616,0.0,0.04055663198232651,0.0003386017633602023,0.23072926700115204,1.745602617120312e-06,,,,
662,0.18723341822624207,0.00029355619028046526,220.79499485500855,40.58834457397461,0.009102673269808292,0.0023539674002677202,0.0010772086679935455,0.0016260689590126276,0.0055542937479913235,0.0028928248211741447,5.90155650570523e-05,0.0031452621333301067,0.01891275681555271,0.014754352159798145,0.0,0.03633252531290054,0.0024002227000892162,0.23093269765377045,1.5444433074662811e-06,,,,
663,0.3947351574897766,0.00029225420296898584,221.13140107499203,60.68428039550781,0.009170161560177803,0.0036266720853745937,0.002572106197476387,0.00368420104496181,0.0083285141736269,0.0048601520247757435,6.505233614007011e-05,0.005246405489742756,0.034734439104795456,0.07727747410535812,0.0,0.044569555670022964,0.004917222075164318,0.23111788928508759,1.271652763534803e-06,,,,
664,0.3911570906639099,0.0002909545127645595,221.4649386999663,61.18638229370117,0.00882653146982193,0.0027380825486034155,0.00261499360203743,0.003743799403309822,0.007195125333964825,0.003912236541509628,6.103127816459164e-05,0.004230398219078779,0.026001639664173126,0.12139362841844559,0.0,0.04377751424908638,0.003969527781009674,0.2312857210636139,2.134790065611014e-06,,,,
665,0.1745617687702179,0.0002896571324946045,221.799164749973,37.922325134277344,0.008433299139142036,0.0013810796663165092,0.0011481360998004675,0.001483894302509725,0.003461410291492939,0.001530710724182427,4.9643556849332526e-05,0.0016483941581100225,0.03334164246916771,0.06638018786907196,0.0,0.06805869191884995,0.0013330946676433086,0.2314380258321762,4.522930794337299e-06,,,,
666,0.036394521594047546,0.00028836207496374,222.13568806200055,3.13995361328125,0.007847114466130733,0.001473412849009037,1.1114008884760551e-05,3.818016921286471e-06,0.0008171243825927377,0.001418295199982822,3.639651549747214e-05,0.0013473762664943933,0.018262367695569992,0.06299547851085663,0.0,0.07701649516820908,0.00024462270084768534,0.23157934844493866,1.0996996024914552e-06,,,,
667,0.12044277042150497,0.0002870693529536611,222.4721219529747,29.13730812072754,0.01037303451448679,0.0017110470216721296,0.0006954527925699949,0.0009174360311590135,0.000790614983998239,0.0016868901439011097,3.220135477022268e-05,0.00161323556676507,0.055263906717300415,0.0457921177148819,0.0,0.05289372429251671,0.0005695402505807579,0.23173633217811584,2.786958020806196e-06,,,,
668,0.1633925586938858,0.0002857789792230118,222.8077349169762,34.72395706176758,0.009469868615269661,0.0013032810529693961,0.0011935268994420767,0.0014082517009228468,0.001597780967131257,0.0010958516504615545,3.2387619285145774e-05,0.001061389222741127,0.01966741867363453,0.044270697981119156,0.0,0.038702402263879776,0.0004108610446564853,0.23188234865665436,1.622556510483264e-06,,,,
669,0.1058545708656311,0.0002844909665072604,223.14213582698721,20.79344367980957,0.009203728288412094,0.001382764894515276,0.0005704513168893754,0.0006230381550267339,0.004303365480154753,0.001555558294057846,3.716609353432432e-05,0.0016266537131741643,0.025969866663217545,0.07964959740638733,0.0,0.08670702576637268,0.00021863047732040286,0.232016459107399,1.5145354836931801e-06,,,,
670,0.06964469701051712,0.00028320532751857186,223.4785962770111,13.279705047607422,0.008172444999217987,0.003074442967772484,1.193714706460014e-05,4.0021666791290045e-05,0.007754465099424124,0.0038066257257014513,4.6976514568086714e-05,0.004047699738293886,0.03827058896422386,0.04700383543968201,0.0,0.07014204561710358,0.0004672367067541927,0.23214878141880035,1.1660656582535012e-06,,,,
671,0.09262878447771072,0.00028192207494568447,223.82739995897282,22.57773208618164,0.008585354313254356,0.0019168152939528227,0.00028464110800996423,0.0004656104138121009,0.004538033157587051,0.00193405628670007,4.727595660369843e-05,0.002073788782581687,0.06540912389755249,0.07477143406867981,0.0,0.08935219794511795,0.00256855646148324,0.23227928578853607,1.8234799199490226e-06,,,,
672,0.06084809452295303,0.00028064122145378265,224.1632138050045,14.04336166381836,0.008227520622313023,0.001479625003412366,0.00020826177205890417,0.0003071573155466467,0.0010211935732513666,0.0012055406114086509,4.058850390720181e-05,0.0011390390573069453,0.049630455672740936,0.03198534995317459,0.0,0.0758856013417244,0.0008355825557373464,0.2324070930480957,2.1497844500117935e-06,,,,
673,0.07300861179828644,0.00027936277968437366,224.50037078000605,14.792654037475586,0.00954184215515852,0.004679745063185692,2.6955047360388562e-05,3.072282925131731e-05,0.0009961429750546813,0.005126581992954016,3.324958015582524e-05,0.004961175378412008,0.03972896188497543,0.03787371516227722,0.0,0.09772854298353195,0.00010290469799656421,0.23253491520881653,2.6885670649789972e-06,,,,
674,0.08398830890655518,0.0002780867622551614,224.83944774599513,20.593692779541016,0.009651901200413704,0.004427852109074593,0.0001726717164274305,0.000179908616701141,0.0007215756922960281,0.004456624388694763,3.2082112738862634e-05,0.0043072025291621685,0.05480189993977547,0.045456286519765854,0.0,0.06803863495588303,9.236361074727029e-05,0.2326655387878418,7.521547331634792e-07,,,,
675,0.03679460287094116,0.00027681318175992264,225.1778111680178,6.943047046661377,0.008084618486464024,0.001494837342761457,3.947662844439037e-05,4.2385767301311716e-05,0.0010147499851882458,0.0012602907372638583,3.608421320677735e-05,0.0012006638571619987,0.020163720473647118,0.04762975871562958,0.0,0.038454607129096985,0.00016758253332227468,0.2327934354543686,1.2732423328998266e-06,7.654935208469949,12.21398701381659,3.947083184109855,5.46496364766057
676,0.09186166524887085,0.0002755420507683828,225.56085466197692,21.280405044555664,0.008465122431516647,0.0027354820631444454,0.00018760317470878363,0.0003172044816892594,0.007390548940747976,0.0034562984947115183,4.871570854447782e-05,0.0036975035909563303,0.0452452152967453,0.05319841206073761,0.0,0.09016862511634827,0.0019140057265758514,0.2329232096672058,2.5046247174032032e-06,,,,
677,0.13559937477111816,0.00027427338182609186,225.9026635409682,28.53183937072754,0.00876645091921091,0.0047241440042853355,0.00031475163996219635,0.0005343051161617041,0.01141780149191618,0.006544447969645262,5.376678382162936e-05,0.006946685258299112,0.02475140616297722,0.05620691925287247,0.0,0.04037900269031525,0.0010413221316412091,0.23304934799671173,1.0788502322611748e-06,,,,
678,0.09654157608747482,0.00027300718745429983,226.2356363129802,19.921085357666016,0.009133333340287209,0.004099871031939983,7.714978710282594e-05,0.000183048119652085,0.00964047946035862,0.004984309896826744,4.89405429107137e-05,0.00529732508584857,0.02534942328929901,0.062482476234436035,0.0,0.05962887406349182,0.0012075447011739016,0.23316629230976105,1.02964554571372e-06,,,,
679,0.04449688643217087,0.0002717434801498338,226.57156346499687,8.251612663269043,0.008121843449771404,0.0012707856949418783,0.00011721561895683408,9.800853149499744e-05,0.0032165811862796545,0.0012344742426648736,3.697947249747813e-05,0.0012811312917619944,0.03353846073150635,0.014663605019450188,0.0,0.05675513669848442,0.00020598035189323127,0.23327867686748505,4.523912139120512e-06,,,,
680,0.06306744366884232,0.0002704822723849751,226.90804994601058,16.860795974731445,0.009686928242444992,0.0027474749367684126,0.0001762342290021479,0.00018576890579424798,0.0006044487236067653,0.0025721737183630466,3.112032572971657e-05,0.0024648092221468687,0.028937630355358124,0.04062929004430771,0.0,0.021801158785820007,0.00015832492499612272,0.23339107632637024,8.536998734598455e-07,,,,
681,0.06636040657758713,0.000269223576607335,227.24407617200632,10.930787086486816,0.008902598172426224,0.004130444955080748,1.042446274368558e-05,3.4236400097142905e-06,0.0006597680039703846,0.0042568896897137165,3.1343002774519846e-05,0.00410996051505208,0.05455111339688301,0.042351819574832916,0.0,0.13295581936836243,0.00012712263560388237,0.23349522054195404,1.6282065189443529e-06,,,,
682,0.0684058740735054,0.00026796740523973243,227.5825339939911,14.292496681213379,0.008138181641697884,0.0016039852052927017,0.0002210749953519553,0.00035521824611350894,0.0007100336952134967,0.0015350320609286427,3.649468635558151e-05,0.0014526870800182223,0.021166376769542694,0.07620127499103546,0.0,0.08661217242479324,0.0008957938989624381,0.23361781239509583,1.9047035948460689e-06,,,,
683,0.06538707762956619,0.00026671377068007197,227.91427758696955,15.951847076416016,0.00811635423451662,0.0011548408074304461,0.00021113728871569037,0.0003260128141846508,0.0023741102777421474,0.0010364847257733345,3.950843893107958e-05,0.0010574739426374435,0.03830058127641678,0.07241753488779068,0.0,0.06479616463184357,0.0016218284144997597,0.23374135792255402,1.1430495305830846e-06,,,,
684,0.04156947880983353,0.0002654626853012207,228.2486235689721,3.897861957550049,0.007652821019291878,0.0014514633221551776,5.451761353469919e-06,5.116105057823006e-06,0.003266433021053672,0.00126724096480757,3.757276135729626e-05,0.0013186768628656864,0.05956035852432251,0.0837080255150795,0.0,0.015592667274177074,0.00021890708012506366,0.23386217653751373,1.4068309610593133e-06,,,,
685,0.0701994001865387,0.000264214161450886,228.58244322199607,18.418800354003906,0.008000269532203674,0.001495611621066928,0.00034019630402326584,0.000382728612748906,0.0011139374691992998,0.0012730347225442529,3.184208617312834e-05,0.0012271078303456306,0.008608458563685417,0.04765346273779869,0.0,0.07631081342697144,4.95117565151304e-05,0.2339710295200348,1.5008263289928436e-06,,,,
686,0.08315736055374146,0.00026296821145149415,228.91587290598545,21.101499557495117,0.009618666023015976,0.0016564115649089217,0.00043429326615296304,0.0004483619413804263,0.001061930786818266,0.0015736045315861702,3.098054003203288e-05,0.001505788997747004,0.05315548926591873,0.02445918880403042,0.0,0.10730452835559845,0.0001699990825727582,0.2340780645608902,1.6422198314103298e-05,,,,
687,0.03444817289710045,0.0002617248476000689,229.25265163899167,7.14387321472168,0.009413924999535084,0.0014060954563319683,5.939231414231472e-05,4.834033825318329e-05,0.0013167879078537226,0.0011715039145201445,3.417220068513416e-05,0.0011313549475744367,0.02467365190386772,0.012095974758267403,0.0,0.012968257069587708,6.59360593999736e-05,0.23418880999088287,2.2554213501280174e-06,,,,
688,0.08279874920845032,0.00026048408216810924,229.58741242298856,21.612224578857422,0.008006925694644451,0.0012532612308859825,0.0003369800979271531,0.0005085942102596164,0.00360831618309021,0.0013801994500681758,4.307556082494557e-05,0.0014604891184717417,0.01295575313270092,0.058745115995407104,0.0,0.06343048065900803,0.0024144055787473917,0.23429128527641296,1.0121862032974605e-06,,,,
689,0.13184212148189545,0.00025924592740146933,229.92392382200342,29.37569236755371,0.008202560245990753,0.0015515151899307966,0.0006878012791275978,0.0010265519376844168,0.004100698046386242,0.0016576701309531927,4.6262146497610956e-05,0.0017753351712599397,0.014570051804184914,0.04209333658218384,0.0,0.08791781216859818,0.004211852792650461,0.2343910038471222,2.8756571737176273e-06,,,,
690,0.11054728925228119,0.00025801039552023655,230.25993317802204,23.689565658569336,0.007778851315379143,0.0012219272321090102,0.0004455299349501729,0.0006547741941176355,0.002814384875819087,0.0011691628023982048,4.3709285819204524e-05,0.0012228097766637802,0.030499836429953575,0.17250294983386993,0.0,0.12434814125299454,0.00464057270437479,0.23448704183101654,1.9024373614229262e-06,,,,
691,0.039253782480955124,0.0002567774987186121,230.59258241398493,2.476994037628174,0.008905341848731041,0.001522415317595005,1.0479723641765304e-05,1.4265303434513044e-05,0.001118462416343391,0.0012877210974693298,3.6937657569069415e-05,0.001226556720212102,0.05069606751203537,0.06029665842652321,0.0,0.06295830011367798,0.00015778691158629954,0.23458680510520935,2.0286688595660962e-06,,,,
692,0.08394749462604523,0.00025554724916478945,230.92848302499624,20.34222984313965,0.00838187150657177,0.0018920933362096548,0.00037550018168985844,0.00043676624773070216,0.0007941012154333293,0.0016786552732810378,3.347160600242205e-05,0.001597230788320303,0.08048653602600098,0.04454584792256355,0.0,0.11781161278486252,0.00027856783708557487,0.23471800982952118,1.7521406334708445e-06,,,,
693,0.11059451103210449,0.0002543196590008351,231.26244164298987,25.045650482177734,0.009499488398432732,0.0015361427795141935,0.0006571412086486816,0.0007685908931307495,0.0014378236373886466,0.0012632481520995498,3.4317570680286735e-05,0.0012166803935542703,0.05394958704710007,0.07030290365219116,0.0,0.02782427705824375,0.000738843809813261,0.23485293984413147,2.382677166679059e-06,,,,
694,0.06719401478767395,0.000253094740342568,231.60055637499318,14.556864738464355,0.0093652019277215,0.001312718028202653,0.0003093373088631779,0.0003022984601557255,0.0030811745673418045,0.0012636494357138872,3.916708374163136e-05,0.0013073902809992433,0.019945284351706505,0.027952905744314194,0.0,0.07066094130277634,0.0003704076516442001,0.2349749654531479,2.5707358872750774e-06,,,,
695,0.06096847727894783,0.00025187250527944143,231.93656104599359,11.211528778076172,0.008379239588975906,0.002113550901412964,2.035025681834668e-05,5.6861270422814414e-05,0.0059333015233278275,0.00247139111161232,4.801325485459529e-05,0.0026499920058995485,0.03985732048749924,0.04544728621840477,0.0,0.13344314694404602,0.0012900612782686949,0.23509424924850464,1.3313505178302876e-06,,,,
696,0.06726107746362686,0.00025065296587442176,232.27415262901923,17.135408401489258,0.008325934410095215,0.0015149596147239208,0.00018926883058156818,0.0003090048849117011,0.0038431237917393446,0.0015696908812969923,4.8577789129922166e-05,0.001680688001215458,0.02188095822930336,0.04462818428874016,0.0,0.06643806397914886,0.0017526287119835615,0.23522281646728516,1.3803132787870709e-06,,,,
697,0.046928323805332184,0.0002494361341638703,232.60710093099624,10.093239784240723,0.008755519054830074,0.0014564029406756163,0.00010854368156287819,0.0001739908184390515,0.0011235327692702413,0.001159205916337669,4.287061165086925e-05,0.0011066639563068748,0.0373336598277092,0.016624609008431435,0.0,0.06498974561691284,0.000779879919718951,0.235348641872406,2.3198315375339007e-06,,,,
698,0.06779373437166214,0.00024822202215742524,232.94277222501114,13.621158599853516,0.008712458424270153,0.0037272970657795668,5.4343905503628775e-05,5.6187069276347756e-05,0.00044978491496294737,0.0034609923604875803,3.5449600545689464e-05,0.0033024786971509457,0.010010680183768272,0.10455946624279022,0.0,0.08720690757036209,0.0004488076374400407,0.23547542095184326,1.3001636034459807e-06,,,,
699,0.0752047449350357,0.00024701064183788165,233.27527083799941,17.890949249267578,0.009416286833584309,0.003350095823407173,0.0001848823594627902,0.00018511139205656946,0.0004732834058813751,0.0031792898662388325,3.441345688770525e-05,0.0030353518668562174,0.07502762973308563,0.0522514283657074,0.0,0.07807771861553192,0.0001411589328199625,0.23560501635074615,7.961752999108285e-07,,,,
700,0.0434950515627861,0.00024580200516107414,233.6117113439832,6.647836208343506,0.008573535829782486,0.001603222917765379,4.982179234502837e-05,4.166745929978788e-05,0.0011866005370393395,0.0012677493505179882,3.8395508454414085e-05,0.0012100484455004334,0.04513702169060707,0.06953370571136475,0.0,0.0543900802731514,0.00042620557360351086,0.23573558032512665,1.809522473195102e-06,6.323146126803076,10.216573806318221,3.1998139847592353,4.514181084588365
701,0.06198190525174141,0.00024459612405575886,233.98378546896856,15.664885520935059,0.009242313914000988,0.0017575572710484266,0.00011560527491383255,0.0001913066953420639,0.005081474781036377,0.00220216135494411,4.8326422984246165e-05,0.0023647549096494913,0.01456533558666706,0.0397486686706543,0.0,0.05466587841510773,0.000834378064610064,0.23587357997894287,3.345372761032195e-07,,,,
702,0.09708298742771149,0.00024339301042349573,234.3195201769704,22.484174728393555,0.007349427789449692,0.0028743005823343992,0.0002222660114057362,0.0003896436537615955,0.007500653620809317,0.0035545751452445984,5.1996270485688e-05,0.003813551040366292,0.025623196735978127,0.07149150222539902,0.0,0.05552570894360542,0.0022246367298066616,0.2360079288482666,3.0136977784422925e-06,,,,
703,0.060492515563964844,0.00024219267613853038,234.69874056096887,14.588770866394043,0.008328518830239773,0.0021023605950176716,7.065458339639008e-05,0.00014244939666241407,0.005692522507160902,0.0024662723299115896,4.800742681254633e-05,0.002645160537213087,0.03316253796219826,0.02929869294166565,0.0,0.0465083047747612,0.0009438842535018921,0.2361358106136322,3.987054242315935e-06,,,,
704,0.04338647797703743,0.00024099513304767762,235.03776584600564,7.330408573150635,0.00870778039097786,0.0012392464559525251,8.305196388391778e-05,6.371642666636035e-05,0.001788342371582985,0.0010726882610470057,3.861389996018261e-05,0.001055675558745861,0.03737734630703926,0.03854513540863991,0.0,0.11062406748533249,0.00015079202421475202,0.23625724017620087,2.400421863058e-06,,,,
705,0.051047418266534805,0.00023980039297020407,235.37234311399516,13.015823364257812,0.008732462301850319,0.002128901891410351,0.00011687306687235832,0.00010896889580180869,0.0006960257305763662,0.0020549683831632137,3.528332308633253e-05,0.0019488626858219504,0.04442054033279419,0.030732598155736923,0.0,0.056925952434539795,0.00014732839190401137,0.23639817535877228,8.843467185215559e-07,,,,
706,0.041648782789707184,0.00023860846769771215,235.71936828497564,5.337069511413574,0.009449096396565437,0.0021377161610871553,8.870193596521858e-06,4.441584223968675e-06,0.0006615640595555305,0.0020193075761198997,3.683787872432731e-05,0.0019090095302090049,0.024309614673256874,0.03321041911840439,0.0,0.08372703194618225,0.00014485191786661744,0.2365354597568512,2.9866585009585833e-06,,,,
707,0.05918930843472481,0.0002374193689940233,236.06430222600466,14.837176322937012,0.006959789432585239,0.0013257469981908798,0.00016370024241041392,0.0002785894903354347,0.002706628991290927,0.0011140622664242983,4.532943421509117e-05,0.0011578281410038471,0.04241565242409706,0.04673471301794052,0.0,0.062088750302791595,0.001595477806404233,0.2366894632577896,2.39435576077085e-06,,,,
708,0.0794181227684021,0.00023623310859506133,236.3997379479697,18.013856887817383,0.008076480589807034,0.0017626825720071793,0.00016439663886558264,0.0002905747969634831,0.004855037666857243,0.0019412561086937785,4.9044101615436375e-05,0.0020874827168881893,0.025478467345237732,0.1299283355474472,0.0,0.0671672597527504,0.0027902114670723677,0.2368379533290863,2.532911821617745e-06,,,,
709,0.04603251814842224,0.00023504969820873777,236.73138029000256,7.813202381134033,0.007079464383423328,0.0016226738225668669,7.945967809064314e-06,2.4396329536102712e-05,0.004345200024545193,0.0016696032835170627,4.612024349626154e-05,0.0017816540785133839,0.04155968129634857,0.06551986932754517,0.0,0.046297404915094376,0.0009364045690745115,0.23697814345359802,2.42355008595041e-06,,,,
710,0.0590585321187973,0.0002338691495148352,237.07421438599704,16.465192794799805,0.008565248921513557,0.0015065521001815796,0.0002762515505310148,0.0002770502178464085,0.0014013698091730475,0.0012972519034519792,3.764219582080841e-05,0.001238369382917881,0.042771708220243454,0.012326642870903015,0.0,0.03307580575346947,9.853552910499275e-05,0.2371109426021576,1.4478340517598554e-06,,,,
711,0.09310519695281982,0.0002326914741648927,237.4071032399661,22.250776290893555,0.009789157658815384,0.0026441924273967743,0.00035471469163894653,0.0004757266433443874,0.0006591589190065861,0.002356218872591853,3.553720671334304e-05,0.0022360607981681824,0.030978061258792877,0.08149927109479904,0.0,0.08401002734899521,0.0005206649657338858,0.23723354935646057,1.5313798940042034e-06,,,,
712,0.063099704682827,0.00023151668378209006,237.7457948969677,14.7189302444458,0.00939774326980114,0.0024372742045670748,0.0001304604229517281,0.00016570757725276053,0.0006191771244630218,0.0021874273661524057,3.758455568458885e-05,0.002066497690975666,0.030809719115495682,0.059666406363248825,0.0,0.11931131780147552,0.00010988231224473566,0.23735155165195465,7.9957717389334e-06,,,,
713,0.04416332393884659,0.00023034478996113487,238.08393735298887,6.631308555603027,0.008310936391353607,0.0012626335956156254,5.3950170695316046e-05,6.567277887370437e-05,0.0014191032387316227,0.0010664390865713358,4.490034916670993e-05,0.0010329741053283215,0.011463438160717487,0.07232245802879333,0.0,0.11750669777393341,0.00082350306911394,0.23747886717319489,1.020226591208484e-06,,,,
714,0.05327780917286873,0.00022917580426814563,238.41860873397673,11.995771408081055,0.007548884488642216,0.001220214064233005,0.00011434969201218337,0.00016858844901435077,0.0025666067376732826,0.0010977962519973516,4.870442717219703e-05,0.0011424976401031017,0.03195103630423546,0.09474930912256241,0.0,0.05258435010910034,0.0004071050207130611,0.2376294732093811,2.9543105029006256e-06,,,,
715,0.03878030553460121,0.00022800973824053903,238.7531837829738,3.938833713531494,0.008211362175643444,0.0013208151794970036,7.366962563537527e-06,1.4757919416297227e-05,0.0025205984711647034,0.0010906595271080732,4.7049288696143776e-05,0.0011278752936050296,0.06459563970565796,0.03786744177341461,0.0,0.06698157638311386,0.0009376807138323784,0.23777639865875244,1.2819841685995925e-06,,,,
716,0.05350492522120476,0.00022684660338691633,239.09131560701644,13.111749649047852,0.008117945864796638,0.0014440976083278656,0.00017222009773831815,0.00019657748634926975,0.0011881280224770308,0.0012611058773472905,4.096373595530167e-05,0.0011999651324003935,0.047655701637268066,0.024716675281524658,0.0,0.10544254630804062,0.00010854852735064924,0.23794011771678925,1.996687387872953e-06,,,,
717,0.05797870084643364,0.00022568641118694878,239.42889948998345,16.2335262298584,0.008471346460282803,0.001726707210764289,0.00023216787667479366,0.00026383341173641384,0.0008570189820602536,0.0014822834637016058,3.974958599428646e-05,0.0013993331231176853,0.036440376192331314,0.01647283509373665,0.0,0.04633888229727745,0.00019137449271511286,0.23810668289661407,2.7517787657416193e-06,,,,
718,0.03300587832927704,0.0002245291730912649,239.76437322900165,5.281442165374756,0.008214962668716908,0.0012498493306338787,3.8083406252553686e-05,2.424630474706646e-05,0.0015445295721292496,0.0011074639623984694,4.277442712918855e-05,0.001064791576936841,0.04480358585715294,0.017983272671699524,0.0,0.0381627231836319,0.00014147833280730993,0.2382621467113495,2.3896807306300616e-06,,,,
719,0.0667138397693634,0.00022337490052133763,240.10312908299966,17.576711654663086,0.008477366529405117,0.0012352698249742389,0.00022130829165689647,0.00036274961894378066,0.0031533478759229183,0.0012401900021359324,5.083556243334897e-05,0.001323046861216426,0.014303859323263168,0.05377572029829025,0.0,0.06617556512355804,0.0005376488552428782,0.23842138051986694,2.196754167016479e-06,,,,
720,0.10137137025594711,0.00022222360486937138,240.44180236698594,25.582181930541992,0.0073316944763064384,0.0013941368088126183,0.00047930219443514943,0.0007503866218030453,0.003573970403522253,0.001508530811406672,5.363767922972329e-05,0.0016336156986653805,0.010423297062516212,0.07124290615320206,0.0,0.026466459035873413,0.0017956893425434828,0.23857320845127106,1.7466707049607066e-06,,,,
721,0.07739607244729996,0.00022107529749818935,240.77897116099484,19.908966064453125,0.007694834377616644,0.0011805034009739757,0.0002612411917652935,0.000477001623949036,0.002757360925897956,0.0011566237080842257,5.065295772510581e-05,0.0012273113243281841,0.028735212981700897,0.10379981994628906,0.0,0.028519678860902786,0.0018613608554005623,0.23871204257011414,2.3029310796118807e-06,,,,
722,0.0354175940155983,0.00021992998974112158,241.11744907702086,1.4242029190063477,0.008226008154451847,0.0013625434366986156,6.3056750150281005e-06,1.160780266218353e-05,0.0013988836435601115,0.0010755868861451745,4.2985626350855455e-05,0.0010313628008589149,0.03233066946268082,0.03236345946788788,0.0,0.10359956324100494,0.00013182601833250374,0.23883971571922302,1.3526778275263496e-06,,,,
723,0.06403196603059769,0.00021878769290189322,241.45301159098744,16.20878791809082,0.008937414735555649,0.0016476211603730917,0.00026355526642873883,0.00024062825832515955,0.0008490778272971511,0.0014733439311385155,3.827816908597015e-05,0.0013898995239287615,0.057944539934396744,0.055742159485816956,0.0,0.06545504927635193,8.27028852654621e-05,0.23900380730628967,5.512932830242789e-07,,,,
724,0.08123660087585449,0.00021764841825451292,241.80271740898024,19.156522750854492,0.008600308559834957,0.0014258049195632339,0.00041464128298684955,0.00037337193498387933,0.00105605972930789,0.0012540192110463977,3.834416202153079e-05,0.0011920890538021922,0.06520149856805801,0.03991072252392769,0.0,0.18916577100753784,0.00024313718313351274,0.2391623556613922,2.5328126866952516e-06,,,,
725,0.04709453508257866,0.00021651217704316185,242.13791158096865,8.5150728225708,0.0082749268040061,0.001246925792656839,0.00012005535973003134,9.665520337875932e-05,0.0020133759826421738,0.0010163953993469477,4.2492272768868133e-05,0.0010256075765937567,0.02930770441889763,0.06711511313915253,0.0,0.056336671113967896,0.0006203977391123772,0.23932188749313354,1.4864963304717094e-06,5.377148253797267,8.989859211591927,2.619985694968693,3.8388201774156054
726,0.04856583848595619,0.00021537898048208155,242.51240678597242,12.058759689331055,0.00786550622433424,0.001229693996720016,7.14502384653315e-05,0.0001384734350722283,0.003859221935272217,0.001480310340411961,4.990188972442411e-05,0.0015899412101134658,0.03748415783047676,0.03941827639937401,0.0,0.05366663262248039,0.0007373059634119272,0.23948054015636444,1.9459428131085588e-06,,,,
727,0.06551090627908707,0.00021424883975546506,242.85329230100615,18.262727737426758,0.007467788644134998,0.0011576986871659756,0.00024139785091392696,0.0003872005036100745,0.0032938893418759108,0.0012853652006015182,5.143903035786934e-05,0.0013768773060292006,0.016806000843644142,0.02530917525291443,0.0,0.07836354523897171,0.00046791930799372494,0.23963457345962524,1.769326786416059e-06,,,,
728,0.04787169769406319,0.0002131217660173448,243.1914852419868,12.0739164352417,0.007143417838960886,0.0012036262778565288,0.0001320835144724697,0.0002107023901771754,0.0016853128327056766,0.0009513214463368058,4.757171336677857e-05,0.0009430805803276598,0.022589052096009254,0.0358373187482357,0.0,0.061045799404382706,0.0005913350032642484,0.23978210985660553,3.2133921195054427e-06,,,,
729,0.044511523097753525,0.00021199777039148366,243.5329294319963,7.277543067932129,0.008176724426448345,0.0019463857170194387,2.3179969502962194e-05,1.939827052410692e-05,0.0006726655410602689,0.001811350230127573,4.081367660546675e-05,0.0016957150073722005,0.031387366354465485,0.062479741871356964,0.0,0.10733111202716827,0.00027594342827796936,0.2399241030216217,1.0133410341950366e-06,,,,
730,0.045514967292547226,0.00021087686397126435,243.87113982898882,11.801759719848633,0.009485946968197823,0.0018613877473399043,9.512458927929401e-05,0.0001147485090768896,0.0007454072474502027,0.0015680205542594194,4.040735439048149e-05,0.001471236813813448,0.022647781297564507,0.015366225503385067,0.0,0.05968080461025238,0.00013895356096327305,0.24009042978286743,1.2856226021540351e-06,,,,
731,0.03372204303741455,0.00020975905781958124,244.20715481898515,4.118105411529541,0.008166986517608166,0.0011681042378768325,3.076044959016144e-05,2.519187910365872e-05,0.0018973227124661207,0.0009876848198473454,4.4654101657215506e-05,0.0009870369685813785,0.01041480340063572,0.034218259155750275,0.0,0.06306962668895721,0.0002153582317987457,0.24024653434753418,2.2810697828390403e-06,,,,
732,0.05573316663503647,0.00020864436296872958,244.5416798099759,12.477126121520996,0.00784369558095932,0.0015915101394057274,8.007357246242464e-05,0.00012470773071981966,0.003958070185035467,0.0015687985578551888,5.172907549422234e-05,0.0016938778571784496,0.036635156720876694,0.09141267836093903,0.0,0.03501354902982712,0.000667220854666084,0.2404157817363739,4.707450898422394e-06,,,,
733,0.056030526757240295,0.00020753279042029748,244.87953498697607,15.073925971984863,0.008526111021637917,0.0015344436978921294,0.00013428957026917487,0.0001971917226910591,0.0038617290556430817,0.0015592066338285804,5.287152816890739e-05,0.0016875279834493995,0.0313069149851799,0.023531930521130562,0.0,0.06119953468441963,0.00035757472505792975,0.24057385325431824,2.2066878955229186e-06,,,,
734,0.036948882043361664,0.00020642435114505707,245.2158990780008,4.995781421661377,0.007470708806067705,0.0012265692930668592,1.9562035959097557e-05,3.3761345548555255e-05,0.0020444118417799473,0.0009710747981444001,4.8445908760186285e-05,0.0009902360616251826,0.05852079018950462,0.03573453426361084,0.0,0.07188282907009125,0.0005174453835934401,0.24072356522083282,6.171316044856212e-07,,,,
735,0.05971715599298477,0.00020531905608285687,245.55141628097044,15.51220989227295,0.00953289307653904,0.002104243030771613,0.00016831359243951738,0.00019047511159442365,0.0006475246045738459,0.001954777166247368,4.126382918911986e-05,0.0018284919206053019,0.03890006244182587,0.05289387330412865,0.0,0.05206116661429405,0.00016914907610043883,0.2408882975578308,2.5490796815574868e-06,,,,
736,0.08526074886322021,0.00020421691614251248,245.89531272900058,22.57073402404785,0.009671279229223728,0.003083182265982032,0.0003290236636530608,0.0003779648686759174,0.0006378578837029636,0.0028810384683310986,3.959728201152757e-05,0.002716249553486705,0.03580021113157272,0.022915273904800415,0.0,0.08278240263462067,0.00015982607146725059,0.24104371666908264,8.62988315475377e-07,,,,
737,0.057067226618528366,0.00020311794220170045,246.2371540669701,16.74167823791504,0.008697394281625748,0.002268042881041765,0.0001930290600284934,0.00018511692178435624,0.00043061267933808267,0.002143659396097064,4.208070822642185e-05,0.0020024569239467382,0.02041773684322834,0.011594359762966633,0.0,0.07370632141828537,0.00011371438449714333,0.24118982255458832,6.146474333945662e-06,,,,
738,0.03533857688307762,0.00020202214510684998,246.56917605898343,1.6982178688049316,0.007550559006631374,0.001220259233377874,3.8102211874502245e-06,1.982089816010557e-05,0.0014334700535982847,0.0009604800725355744,4.937313497066498e-05,0.0009301949176006019,0.023937230929732323,0.02668388932943344,0.0,0.1478624939918518,0.00048679119208827615,0.2413312792778015,1.5291386716853594e-06,,,,
739,0.05293764919042587,0.00020092953567303585,246.90332907100674,13.722705841064453,0.007893404923379421,0.0014239412266761065,9.39582969294861e-05,0.0001956048363354057,0.0034569804556667805,0.0013930888380855322,5.555715688387863e-05,0.0015122470213100314,0.016275443136692047,0.06534837186336517,0.0,0.02698536589741707,0.00030274459277279675,0.24152903258800507,2.0004749785584863e-06,,,,
740,0.051417890936136246,0.00019984012468387215,247.23912134201964,13.295173645019531,0.00743924779817462,0.0015481568407267332,6.404874875443056e-05,0.00016135677287820727,0.0041528488509356976,0.0017007876886054873,5.5828124459367245e-05,0.0018542037578299642,0.026964299380779266,0.03571572154760361,0.0,0.0454782098531723,0.0009145383955910802,0.24170903861522675,8.179123369700392e-07,,,,
741,0.03315740078687668,0.00019875392289140528,247.57366721198196,2.765582799911499,0.007410569582134485,0.0012507822830229998,8.559550224163104e-06,6.1419013945851475e-06,0.0025118154007941484,0.0010610189056023955,4.980356607120484e-05,0.0011161759030073881,0.026917897164821625,0.04856602102518082,0.0,0.02127160131931305,0.000194467487744987,0.24187879264354706,2.6447885375091573e-06,,,,
742,0.05419115349650383,0.00019767094101600857,247.90837557101622,13.7861967086792,0.008917087689042091,0.0017838617786765099,0.00016358795983251184,0.0001360245223622769,0.0007738251006230712,0.0014700309839099646,4.2117339035030454e-05,0.001373346778564155,0.03278820961713791,0.05463164299726486,0.0,0.07802507281303406,0.0002999319403897971,0.24203453958034515,1.4902032035024604e-06,,,,
743,0.061667703092098236,0.00019659118974627615,248.24678593798308,14.590288162231445,0.008073096163570881,0.0023818197660148144,0.0001333303371211514,0.00011382230877643451,0.0005740168853662908,0.0022784799803048372,4.0334442019229755e-05,0.0021369303576648235,0.02893792651593685,0.1108420342206955,0.0,0.07192523777484894,0.00016775453696027398,0.24218563735485077,1.005089529826364e-06,,,,
744,0.0378749817609787,0.00019551467973891689,248.58029241801705,4.64914083480835,0.008453566581010818,0.0018331983592361212,8.048084055189975e-06,4.578785137709929e-06,0.000558859552256763,0.0016188697190955281,4.316627746447921e-05,0.0015074540860950947,0.03148180991411209,0.05518300086259842,0.0,0.04273446649312973,0.0003209170245099813,0.2423320859670639,1.7458387446822599e-06,,,,
745,0.04725675284862518,0.00019444142161864988,248.91482861200348,13.958807945251465,0.0077096582390367985,0.0011396766640245914,0.00013970941654406488,0.00021459026902448386,0.0026602100115269423,0.0010930171702057123,5.159994907444343e-05,0.0011651862878352404,0.025149060413241386,0.013398751616477966,0.0,0.03730868920683861,0.00032462881063111126,0.24247859418392181,3.0024971238162834e-06,,,,
746,0.06491664797067642,0.00019337142597809973,249.25016630400205,17.545488357543945,0.008274327032268047,0.0016632473561912775,0.00016527027764823288,0.000258133455645293,0.004690650850534439,0.00214409246109426,5.546176544157788e-05,0.0023370636627078056,0.010527128353714943,0.030543319880962372,0.0,0.05508244037628174,0.0016130973817780614,0.2426157295703888,2.248293640150223e-06,,,,
747,0.052644938230514526,0.00019230470337769126,249.58425285399426,11.649312973022461,0.008673231117427349,0.0018433867953717709,3.315135109005496e-05,6.636168109253049e-05,0.00477124098688364,0.0020984921138733625,5.3372419642983004e-05,0.0022801223676651716,0.025417042896151543,0.061033375561237335,0.0,0.04270142316818237,0.0004612760676536709,0.24274352192878723,7.83426730777137e-06,,,,
748,0.04829440638422966,0.0001912412643455457,249.92107600398595,7.402841091156006,0.007789297960698605,0.0010539876529946923,8.49828211357817e-05,8.979298581834882e-05,0.0023124702274799347,0.0009969734819605947,4.5725511881755665e-05,0.001032586907967925,0.00900609977543354,0.0887787789106369,0.0,0.12426518648862839,0.0008031019242480397,0.2428656965494156,1.0561632279859623e-06,,,,
749,0.051655471324920654,0.0001901811193773775,250.25350201496622,13.207334518432617,0.009199459105730057,0.0013980389339849353,0.00014478129742201418,0.00018409294716548175,0.0008539026603102684,0.0011651692911982536,4.151271787122823e-05,0.001100140972994268,0.03939131647348404,0.05192839726805687,0.0,0.06297285109758377,0.0002156222180929035,0.24300388991832733,2.1731793822254986e-06,,,,
750,0.039551153779029846,0.00018912427893638914,250.58784899301827,7.128758430480957,0.008040810003876686,0.001535163028165698,2.7182421035831794e-05,3.493715121294372e-05,0.0006698606302961707,0.0014404525281861424,4.189448009128682e-05,0.0013464035000652075,0.05709392577409744,0.057215478271245956,0.0,0.05532281845808029,0.00032478911452926695,0.24314025044441223,2.3825218704587314e-06,5.124549177248898,10.234922795033624,3.0565417022573502,3.6584862185805203
751,0.044622719287872314,0.0001880707534531692,250.9578486760147,9.876679420471191,0.007184150628745556,0.0011673497501760721,9.877647244138643e-05,0.00013513538578990847,0.0011367257684469223,0.0009347821469418705,4.684186933445744e-05,0.0008993863011710346,0.0157939363270998,0.05008294805884361,0.0,0.10805660486221313,0.0007569924928247929,0.2432747632265091,1.7793230426832451e-06,,,,
752,0.05246538296341896,0.00018702055332558864,251.2934576519765,13.04373550415039,0.007152579724788666,0.0011894071940332651,0.0001652565988479182,0.00021982092584948987,0.0016829281812533736,0.0008668494410812855,4.833637649426237e-05,0.0008668875088915229,0.013150078244507313,0.0737622082233429,0.0,0.04107227176427841,0.001010653330013156,0.24341683089733124,5.997382231726078e-06,,,,
753,0.03580837696790695,0.0001859736889186991,251.63118699699407,6.307765960693359,0.008155415765941143,0.0011045315768569708,3.9324349927483127e-05,5.324727317201905e-05,0.0015463775489479303,0.0008810555445961654,4.649022230296396e-05,0.0008723220671527088,0.04748338460922241,0.03926631063222885,0.0,0.03224370256066322,0.0010907520772889256,0.24355047941207886,1.7240770375792636e-06,,,,
754,0.04633967950940132,0.00018493017056462935,251.9636153629981,11.376972198486328,0.008603609167039394,0.0012660505017265677,0.00012532004620879889,0.00013582201790995896,0.001149273943156004,0.0010459283366799355,4.1542574763298035e-05,0.0009955603163689375,0.06263408809900284,0.05915194749832153,0.0,0.008181070908904076,0.0004263540613465011,0.24367757141590118,1.4522486253554234e-06,,,,
755,0.061706580221652985,0.00018389000856248455,252.29793811001582,16.14933204650879,0.008711334317922592,0.001173726748675108,0.00024460296845063567,0.00030794405029155314,0.0012370054610073566,0.0009900403674691916,4.0974140574689955e-05,0.0009517131256870925,0.02999940514564514,0.07156293094158173,0.0,0.048970162868499756,0.0001286893675569445,0.24379056692123413,3.118049562544911e-06,,,,
756,0.05001440644264221,0.0001828532131782434,252.6305032169912,9.473471641540527,0.008245333097875118,0.001197562669403851,0.00011256204743403941,0.00012064397742506117,0.002084736479446292,0.0009199780761264265,4.387105946079828e-05,0.0009343273122794926,0.02831236459314823,0.10659008473157883,0.0,0.03869960084557533,0.0001624815777176991,0.243897944688797,7.653050033695763e-07,,,,
757,0.03852031007409096,0.00018181979464465805,252.96804563200567,7.61854362487793,0.007615828886628151,0.0011775563471019268,1.586381404194981e-05,4.03701706090942e-05,0.0031034022103995085,0.0013031571870669723,4.9788286560215056e-05,0.0014035723870620131,0.0351707823574543,0.05415493994951248,0.0,0.033030278980731964,0.0005887041334062815,0.244001567363739,9.643038083595457e-07,,,,
758,0.04491807520389557,0.00018078976316115213,253.3008511160151,11.547823905944824,0.007418233435600996,0.00106474116910249,8.051101758610457e-05,0.00014281894254963845,0.002405937761068344,0.0010094274766743183,4.9631100409897044e-05,0.001069003832526505,0.022214574739336967,0.0711427703499794,0.0,0.03169726952910423,0.0007694935193285346,0.24410615861415863,2.375760459472076e-06,,,,
759,0.03870045766234398,0.0001797631288937204,253.6348089320236,5.171144962310791,0.007075534202158451,0.001141451532021165,2.8376729460433125e-05,4.946478293277323e-05,0.0010387708898633718,0.0009576599695719779,4.5252072595758364e-05,0.0009123209165409207,0.031735215336084366,0.09891019016504288,0.0,0.04635874927043915,0.0005217758007347584,0.2442079484462738,1.5044831798149971e-06,,,,
760,0.04425419121980667,0.00017873990197482867,253.97003102401504,11.427671432495117,0.007867885753512383,0.002060208935290575,7.308168278541416e-05,7.65794757171534e-05,0.0006315920036286116,0.0018111412646248937,4.012339195469394e-05,0.001694737933576107,0.048655398190021515,0.022679636254906654,0.0,0.05079365894198418,8.465176506433636e-05,0.24431823194026947,2.8759363885910716e-06,,,,
761,0.05587470158934593,0.0001777200925033138,254.30555768101476,15.304780006408691,0.008219133131206036,0.001980201341211796,0.00016319111455231905,0.0001820726611185819,0.0006128547247499228,0.0017076598014682531,3.955835200031288e-05,0.0015988590894266963,0.020451312884688377,0.059393662959337234,0.0,0.052698273211717606,9.441194561077282e-05,0.24442383646965027,3.74554360860202e-06,,,,
762,0.04158546030521393,0.00017670371054428333,254.64363652997417,7.689503192901611,0.00830379780381918,0.0012036885600537062,5.629596853395924e-05,5.801796214655042e-05,0.0011033134069293737,0.000989799271337688,4.271824946044944e-05,0.0009435460669919848,0.015072313137352467,0.05775219574570656,0.0,0.13650016486644745,0.00011071436165366322,0.244524747133255,1.9702813460753532e-06,,,,
763,0.04062414541840553,0.0001756907661290167,254.98166276002303,9.330852508544922,0.007014251314103603,0.001209393609315157,4.309287396608852e-05,6.232377199921757e-05,0.002960859565064311,0.001212386996485293,4.9949718231800944e-05,0.0013036404270678759,0.04695311188697815,0.049648649990558624,0.0,0.04283282160758972,0.00042552256491035223,0.24465115368366241,1.934593001351459e-06,,,,
764,0.0567520409822464,0.00017468126925486668,255.3179818490171,14.410688400268555,0.008240190334618092,0.0013893719296902418,0.00010895651939790696,0.000170148370671086,0.003572912886738777,0.0015111924149096012,5.2599472837755457e-05,0.0016435574507340789,0.030568907037377357,0.08200868964195251,0.0,0.04970163851976395,0.0005743927322328091,0.24477192759513855,2.2987896954873577e-06,,,,
765,0.04068170487880707,0.00017367522988515977,255.65444447501795,8.818338394165039,0.008232494816184044,0.0012290911981835961,3.5396958992350847e-05,6.745448627043515e-05,0.0028175460174679756,0.0010689781047403812,4.9828740884549916e-05,0.0011396504705771804,0.0571344718337059,0.03337426856160164,0.0,0.058293309062719345,0.00017411948647350073,0.244886115193367,2.706417035369668e-06,,,,
766,0.041535038501024246,0.0001726726579490982,255.99105526000494,7.523315906524658,0.007680921349674463,0.0013494361191987991,4.233522486174479e-05,4.624169378075749e-05,0.0010130307637155056,0.0010557578643783927,4.328943032305688e-05,0.00099606451112777,0.040007539093494415,0.08160273730754852,0.0,0.07815887778997421,0.00014971973723731935,0.24500411748886108,1.9998103653051658e-06,,,,
767,0.04265143722295761,0.00017167356334166233,256.3323875479982,10.692694664001465,0.0074096862226724625,0.0015523050678893924,8.186619379557669e-05,8.749289554543793e-05,0.0007384248892776668,0.0013618151424452662,4.1612362110754475e-05,0.001271406072191894,0.0595569834113121,0.05329301208257675,0.0,0.02930419147014618,0.00014024882693774998,0.24512214958667755,4.3357913455110975e-06,,,,
768,0.03696466237306595,0.00017067795592351278,256.6682726779836,3.777998924255371,0.008790855295956135,0.0012194568989798427,1.3258990293252282e-05,9.749298442329746e-06,0.0009154308936558664,0.0010319083230569959,4.401643309392966e-05,0.0009731941972859204,0.02769809402525425,0.04655081033706665,0.0,0.13790634274482727,0.00016016430163290352,0.24523358047008514,3.041035370188183e-06,,,,
769,0.04227722808718681,0.0001696858455208927,257.00383231497835,10.39013385772705,0.008073999546468258,0.0010873735882341862,6.217561167431995e-05,0.00012336393410805613,0.0022991118021309376,0.0009189400007016957,4.971881571691483e-05,0.0009629239793866873,0.04539477825164795,0.049827754497528076,0.0,0.02524825744330883,0.0008856113418005407,0.24538850784301758,1.8119378637493355e-06,,,,
770,0.050992172211408615,0.000168697241925531,257.34092809201684,13.272379875183105,0.008384305983781815,0.0012209087144583464,8.483046985929832e-05,0.00017510347242932767,0.0027063710149377584,0.0010691620409488678,5.0873208238044754e-05,0.001144948648288846,0.04218623414635658,0.05218677595257759,0.0,0.06980103254318237,0.0010483566438779235,0.2455359250307083,3.363707719472586e-06,,,,
771,0.03477650508284569,0.00016771215489454647,257.67610951000825,4.2698588371276855,0.008169152773916721,0.0009624201338738203,7.63013304094784e-06,2.503396535757929e-05,0.002068750560283661,0.0008735001902095973,4.7235851525329053e-05,0.0008982138824649155,0.02967151813209057,0.05337183177471161,0.0,0.06739631295204163,0.0008264884818345308,0.24567487835884094,8.35793798614759e-06,,,,
772,0.04764018580317497,0.00016673059415035,258.0094449460157,11.37575626373291,0.00847005657851696,0.0015750173479318619,0.00010496702452655882,0.00012086467177141458,0.0008660167222842574,0.0011755195446312428,4.0934060962172225e-05,0.0011021909303963184,0.03704232722520828,0.04182114079594612,0.0,0.09227220714092255,0.0002917797537520528,0.2458176612854004,1.3565894505518372e-06,,,,
773,0.05129627510905266,0.00016575256938055024,258.3484065149678,15.685782432556152,0.00812084972858429,0.0016846255166456103,0.0001859309122664854,0.00021303578978404403,0.000620175851508975,0.0015255060279741883,3.906855272362009e-05,0.0014276888687163591,0.04932939261198044,0.01763095147907734,0.0,0.015443786978721619,0.0002287659008288756,0.24595953524112701,1.9271117253083503e-06,,,,
774,0.04171102121472359,0.00016477809023785647,258.68381706799846,9.763154029846191,0.008446999825537205,0.0014015183551236987,7.141611422412097e-05,7.530201401095837e-05,0.0006802646676078439,0.0012007374316453934,4.0337457903660834e-05,0.0011259443126618862,0.03855600953102112,0.0609513483941555,0.0,0.0501091293990612,0.00017045732238329947,0.2460881918668747,3.14575299853459e-06,,,,
775,0.033750224858522415,0.00016380716633998467,259.0211012689979,5.817641735076904,0.00813206098973751,0.001121776644140482,2.4853467039065436e-05,4.37362577940803e-05,0.0017595011740922928,0.0008367515983991325,4.5048862375551835e-05,0.0008456929353997111,0.025146178901195526,0.049422673881053925,0.0,0.026691094040870667,0.00014127582835499197,0.2462121546268463,1.300362328038318e-06,4.501241442364938,8.35446769949996,2.4750918808670894,3.213498244197998
776,0.04173249378800392,0.00016283980726956174,259.39330940897344,9.83390998840332,0.008206155151128769,0.001076747546903789,6.347386806737632e-05,0.00010205822036368772,0.002160232048481703,0.000915383396204561,4.662711944547482e-05,0.0009575128206051886,0.04807136952877045,0.03264055401086807,0.0,0.08186492323875427,0.00034085341030731797,0.24633236229419708,1.0868907338590361e-06,,,,
777,0.03380400314927101,0.000161876022574031,259.7298774420051,3.8796486854553223,0.007858260534703732,0.0009618685580790043,1.1364960300852545e-05,1.9782932213274762e-05,0.0019072308205068111,0.0008328024414367974,4.4676256948150694e-05,0.0008412998868152499,0.045998550951480865,0.060694046318531036,0.0,0.043241772800683975,0.00033569082734175026,0.24645166099071503,1.927421863001655e-06,,,,
778,0.03836445137858391,0.00016091582176555816,260.0642518560053,9.360698699951172,0.008218392729759216,0.0012633830774575472,7.747287600068375e-05,7.552949682576582e-05,0.000941019447054714,0.0010541359661146998,4.0873805119190365e-05,0.0009943385375663638,0.0340985506772995,0.02588348090648651,0.0,0.0727144181728363,0.0001988050644285977,0.2465738207101822,2.2442391127697192e-06,,,,
779,0.046452056616544724,0.00015995921432093802,260.3960784099763,10.551716804504395,0.009268777444958687,0.0013356625568121672,9.480363223701715e-05,0.0001019770497805439,0.0007973160827532411,0.0011257571168243885,4.101835293113254e-05,0.001057145418599248,0.035920705646276474,0.06416774541139603,0.0,0.08191521465778351,0.00024229932751040906,0.24670074880123138,1.8010539406532189e-06,,,,
780,0.03473121300339699,0.00015900620968149957,260.7294052870129,3.434175968170166,0.006809357088059187,0.001070063910447061,1.9991945009678602e-05,1.0744288374553435e-05,0.0013870091643184423,0.0008546624449081719,4.450051346793771e-05,0.0008284785435535014,0.04063577950000763,0.07568317651748657,0.0,0.05771836265921593,0.0005440062377601862,0.24682866036891937,1.5085624909261242e-06,,,,
781,0.04298761114478111,0.0001580568172530138,261.06719504401553,10.229236602783203,0.007426389958709478,0.0009683356620371342,5.778308695880696e-05,0.00010895456944126636,0.002182109747081995,0.0009712196770124137,5.066116864327341e-05,0.0010367953218519688,0.037979938089847565,0.07193002104759216,0.0,0.057279206812381744,0.0007974182371981442,0.24695660173892975,3.761655534617603e-06,,,,
782,0.04326295480132103,0.0001571110464056009,261.4010079840082,12.749152183532715,0.007184183690696955,0.001000967575237155,0.00010343275789637119,0.00016247417079284787,0.00267494423314929,0.001058025169186294,5.238191079115495e-05,0.0011424979893490672,0.021129779517650604,0.04935726523399353,0.0,0.013545295223593712,0.00020164409943390638,0.24707984924316406,2.307829845449305e-06,,,,
783,0.032463088631629944,0.00015616890647363721,261.73415848001605,6.189359664916992,0.0076836831867694855,0.001046437886543572,2.322862928849645e-05,3.888227365678176e-05,0.0019586854614317417,0.0008434471674263477,4.9916729039978236e-05,0.0008756231400184333,0.03203863278031349,0.04642552137374878,0.0,0.01027141883969307,0.0005590739892795682,0.24719172716140747,1.7615034266782459e-06,,,,
784,0.04614950716495514,0.00015523040675566335,262.0664620489697,10.144079208374023,0.00829812791198492,0.0014208760112524033,7.181296678027138e-05,9.168378892354667e-05,0.0007827357621863484,0.0011139637790620327,4.410304973134771e-05,0.0010418265592306852,0.04144687578082085,0.0826924741268158,0.0,0.07273737341165543,0.00027162517653778195,0.24729131162166595,2.6809175324160606e-06,,,,
785,0.058766160160303116,0.00015429555651429278,262.40356787701603,15.141575813293457,0.00852437224239111,0.0017072651535272598,0.00015031953807920218,0.00019629657617770135,0.0004985476261936128,0.0014165150932967663,4.283163434593007e-05,0.0013174390187487006,0.04066989943385124,0.0896332710981369,0.0,0.07918811589479446,0.0002318552869837731,0.24739281833171844,6.710490083605691e-07,,,,
786,0.040366970002651215,0.0001533643649761201,262.7362617760082,9.746996879577637,0.008168232627213001,0.0014001894742250443,6.175305315991864e-05,8.614902617409825e-05,0.0009436244145035744,0.001107055344618857,4.5032036723569036e-05,0.0010339528089389205,0.009928727522492409,0.03105013258755207,0.0,0.10782883316278458,0.000240709850913845,0.2474895864725113,2.706181476241909e-06,,,,
787,0.030942916870117188,0.00015243684133162976,263.0719583359896,3.952732801437378,0.006568760611116886,0.0010220836848020554,1.3178248991607688e-05,1.9557053747121245e-05,0.0016765951877459884,0.000810745230410248,5.085154771222733e-05,0.0008279134635813534,0.03453131020069122,0.043875761330127716,0.0,0.05813591182231903,0.00019707529281731695,0.2475949227809906,1.5604558711856953e-06,,,,
788,0.035401903092861176,0.00015151299473510564,263.4058689799858,9.338387489318848,0.007557424250990152,0.0009706444106996059,5.446748036774807e-05,8.161074947565794e-05,0.0022730426862835884,0.0009114773129113019,5.369346035877243e-05,0.000970885157585144,0.047431301325559616,0.022271063178777695,0.0,0.02345127984881401,0.0007200362742878497,0.24770787358283997,5.948606371930509e-07,,,,
789,0.03388485312461853,0.0001505928343045405,263.74340672401013,4.501847267150879,0.007807355839759111,0.0009602009085938334,1.392416288581444e-05,2.3278669686987996e-05,0.001658151624724269,0.0008145112078636885,5.214306293055415e-05,0.0008395897457376122,0.01991879940032959,0.06957114487886429,0.0,0.05223977938294411,0.0006464682519435883,0.24781136214733124,1.7404058780812193e-06,,,,
790,0.03652690723538399,0.00014967636912154654,264.0807928160066,7.6814494132995605,0.007438551634550095,0.0012261040974408388,4.6947243390604854e-05,4.9075501010520384e-05,0.0008342345245182514,0.0009695901535451412,4.721342338598333e-05,0.0009112076368182898,0.06846239417791367,0.03374260663986206,0.0,0.0726088285446167,0.00015807314775884151,0.24791771173477173,8.838127314447775e-07,,,,
791,0.03447321057319641,0.00014876360823126516,264.414376347966,10.532489776611328,0.00815505813807249,0.0013077681651338935,9.106675861403346e-05,8.095319208223373e-05,0.0007782333414070308,0.0010408262023702264,4.6177588956197724e-05,0.0009719041408970952,0.024912899360060692,0.01523634884506464,0.0,0.006430391222238541,0.00025114353047683835,0.24802693724632263,3.486642071948154e-06,,,,
792,0.031767845153808594,0.0001478545606422777,264.7473032400012,2.4028167724609375,0.007381998002529144,0.0011090654879808426,1.1696412911987863e-05,7.78717003413476e-06,0.001169056398794055,0.0008172564557753503,4.871447163168341e-05,0.000792942475527525,0.06155921518802643,0.0434541255235672,0.0,0.051845960319042206,0.0002277023741044104,0.24812479317188263,1.9075223463005386e-06,,,,
793,0.041498832404613495,0.00014694923532651699,265.08134318102384,8.628822326660156,0.0068205902352929115,0.0010108998976647854,3.860587821691297e-05,8.431195601588115e-05,0.0019736462272703648,0.0008691574330441654,5.2482002502074465e-05,0.0009178909240290523,0.011767849326133728,0.10779734700918198,0.0,0.05254976823925972,0.0003591013664845377,0.24823786318302155,2.8880685931653716e-06,,,,
794,0.03778254613280296,0.00014604764121917835,265.41324477101443,8.687702178955078,0.0066140624694526196,0.0009270668961107731,4.275186802260578e-05,8.522959979018196e-05,0.0019609471783041954,0.0008939908002503216,5.215129931457341e-05,0.0009489952935837209,0.06330829113721848,0.05773700773715973,0.0,0.03700044006109238,0.0004437543684616685,0.24834811687469482,2.454625018799561e-06,,,,
795,0.030735516920685768,0.00014514978721863166,265.74636211100733,0.5134291052818298,0.00744650000706315,0.0009806078160181642,4.113240720471367e-06,5.352279458747944e-06,0.0012875401880592108,0.0007808232912793756,4.830214675166644e-05,0.0007807250367477536,0.04520507901906967,0.034727856516838074,0.0,0.09185580164194107,0.00016185913409572095,0.24845363199710846,1.501149199611973e-06,,,,
796,0.04060329496860504,0.0001442556821863331,266.0819140030071,7.44355583190918,0.008212042041122913,0.001226621214300394,5.405548290582374e-05,4.689794150181115e-05,0.0008668451919220388,0.0009104562341235578,4.470738713280298e-05,0.0008616840932518244,0.02795380726456642,0.07146463543176651,0.0,0.09910506010055542,0.00018629193073138595,0.24858009815216064,1.086530573957134e-06,,,,
797,0.031690094619989395,0.00014336533494673894,266.4233310149866,6.447782039642334,0.0071328612975776196,0.0011302321217954159,4.403850471135229e-05,3.176839527441189e-05,0.0009139333851635456,0.0008693251293152571,4.465408346732147e-05,0.0008285876829177141,0.027934210374951363,0.049856629222631454,0.0,0.027188993990421295,0.00011750232806662098,0.24871894717216492,1.8982526626132312e-06,,,,
798,0.030586136505007744,0.00014247875428721667,266.7610996660078,4.237071990966797,0.007273136172443628,0.0011271120747551322,8.97184327186551e-06,2.6115396394743584e-05,0.0018314154585823417,0.0007799786399118602,4.813461418962106e-05,0.000797571090515703,0.01623113453388214,0.03411220759153366,0.0,0.04597221314907074,0.0004322765162214637,0.2488502413034439,2.578571638878202e-06,,,,
799,0.028749285265803337,0.00014159594895795952,267.09412813099334,5.878056049346924,0.00734323263168335,0.0008611070807091892,2.0894045519526117e-05,4.455840098671615e-05,0.0015831226482987404,0.0007812491385266185,4.8555073590250686e-05,0.0008036500657908618,0.0302409790456295,0.01324867457151413,0.0,0.060154110193252563,0.000302101339912042,0.2489825189113617,6.154427865112666e-07,,,,
800,0.031231891363859177,0.0001407169276718996,267.4290432020207,1.336456060409546,0.007216173689812422,0.0010844432981684804,7.561589427496074e-06,4.0641143641551025e-06,0.0011096694506704807,0.0008021399262361228,4.566859934129752e-05,0.0007776422426104546,0.021466944366693497,0.07538200914859772,0.0,0.03720700368285179,0.00014695237041451037,0.24911387264728546,4.6191115643523517e-07,1.5463190285792965,10.244453930298128,1.4311146128742867,0.9659082949796051
801,0.04224139079451561,0.0001398416991046223,267.804232614988,5.649044990539551,0.007353967987000942,0.0012834755470976233,3.407861731830053e-05,2.3307202354772016e-05,0.0008399713551625609,0.0008882209658622742,4.47768579761032e-05,0.0008438460063189268,0.06215060502290726,0.10704842209815979,0.0,0.074254110455513,0.0004734006361104548,0.2492424100637436,1.0378348633821588e-06,,,,
802,0.02982005849480629,0.00013897027189428,268.1412013020017,0.9552611708641052,0.007654618937522173,0.0009449779754504561,6.881245553813642e-06,4.369659563963069e-06,0.0014459535013884306,0.0007700182031840086,4.656841338146478e-05,0.0007601887919008732,0.06626511365175247,0.03187365457415581,0.0,0.05338641256093979,0.00010547700367169455,0.24937954545021057,3.0202354537323117e-06,,,,
803,0.030732937157154083,0.00013810265464150762,268.4820731509826,4.624566555023193,0.0073410519398748875,0.0009237537160515785,1.797022923710756e-05,2.2328078557620756e-05,0.0016339573776349425,0.0007711623329669237,4.865524897468276e-05,0.0007929137791506946,0.022481881082057953,0.05481738597154617,0.0,0.03593253344297409,0.0004040026688016951,0.24952052533626556,1.658536575632752e-06,,,,
804,0.025915851816534996,0.00013723885590933728,268.8151505520218,1.615533709526062,0.007844719104468822,0.0009525649948045611,7.011894012975972e-06,7.865437510190532e-06,0.0014049338642507792,0.0007568972650915384,4.7838831960689276e-05,0.0007569758454337716,0.042761385440826416,0.020560983568429947,0.0,0.010982419364154339,0.00029254922992549837,0.24965965747833252,1.8323088397664833e-06,,,,
805,0.037317316979169846,0.0001363788842231136,269.14980725501664,3.9001402854919434,0.007875358685851097,0.0010253170039504766,1.3940475582785439e-05,1.4953696336306166e-05,0.0010809906525537372,0.0008170194923877716,4.6325294533744454e-05,0.0007860191399231553,0.047447822988033295,0.10678976774215698,0.0,0.04825594276189804,0.00022004013590048999,0.24978546798229218,3.0505843824357726e-06,,,,
806,0.02746129035949707,0.0001355227480704099,269.48488515999634,1.7239817380905151,0.008688542060554028,0.0010489984415471554,6.659014616161585e-06,8.161323421518318e-06,0.0013253805227577686,0.0007626911974512041,4.7833993448875844e-05,0.0007498126360587776,0.039031021296978,0.007208432536572218,0.0,0.04657049477100372,0.0001276116818189621,0.24991227686405182,2.3638147013116395e-06,,,,
807,0.03172435238957405,0.00013467045590094437,269.81887332198676,3.0420072078704834,0.007077036891132593,0.0008191943634301424,7.220137831609463e-06,1.5257077393471263e-05,0.0015752961626276374,0.0007502286462113261,5.0205788284074515e-05,0.0007689779158681631,0.0372450016438961,0.08165417611598969,0.0,0.025203490629792213,0.0006602065404877067,0.2500457763671875,1.597416940057883e-06,,,,
808,0.02713290974497795,0.00013382201612649664,270.15564536798047,2.283757209777832,0.007024160586297512,0.0009090164676308632,4.78202218801016e-06,1.2721799066639505e-05,0.0013937450712546706,0.0007398210582323372,5.0227015890413895e-05,0.0007534031756222248,0.013624140992760658,0.053224705159664154,0.0,0.02241477556526661,0.00020428583957254887,0.2501735985279083,1.3840137853549095e-06,,,,
809,0.03059549070894718,0.00013297743712082489,270.4905778670218,2.284470796585083,0.006914044730365276,0.0009931206004694104,1.1848383110191207e-05,7.358251878031297e-06,0.0010988344438374043,0.0007499972125515342,4.8627927753841504e-05,0.0007343848119489849,0.04788262024521828,0.05709701403975487,0.0,0.04781809076666832,0.00024835995282046497,0.2502947747707367,3.45197213391657e-06,,,,
810,0.029883915558457375,0.00013213672721958288,270.82501169102034,2.9809317588806152,0.007569889537990093,0.0009824418229982257,1.591817090229597e-05,8.875725143298041e-06,0.001033889944665134,0.0007592645706608891,4.838602399104275e-05,0.0007374057895503938,0.043885238468647,0.04146223142743111,0.0,0.04897487908601761,0.0005110829370096326,0.25041407346725464,2.847953510354273e-06,,,,
811,0.033736810088157654,0.0001312998947202378,271.1601799199707,2.110069751739502,0.007100480142980814,0.0009503666078671813,4.278943379176781e-06,1.0671176823962014e-05,0.0012409326154738665,0.0007235335651785135,4.981649180990644e-05,0.0007285887259058654,0.03123648464679718,0.09586562216281891,0.0,0.034416694194078445,0.0011303364299237728,0.2505353093147278,2.1792700408695964e-06,,,,
812,0.026447420939803123,0.00013046694788198873,271.49885806196835,2.162681818008423,0.006868188735097647,0.0008489976171404123,5.464091373141855e-06,1.056389282894088e-05,0.0012910461518913507,0.0007227422902360559,4.9274342018179595e-05,0.000722637923900038,0.03913829103112221,0.0337020680308342,0.0,0.027810722589492798,0.0008908203453756869,0.2506508231163025,7.046946279842814e-07,,,,
813,0.0373573936522007,0.00012963789492568466,271.8365256980178,0.8933597803115845,0.0074753048829734325,0.000952838163357228,4.209820872347336e-06,3.851086148642935e-06,0.0010890088742598891,0.0007516795303672552,4.7553767217323184e-05,0.0007313591195270419,0.03661719337105751,0.13217729330062866,0.0,0.03059110790491104,0.0012698521604761481,0.25076353549957275,1.4141512565402081e-06,,,,
814,0.030731871724128723,0.00012881274403374332,272.1717880489887,3.099242687225342,0.007529521360993385,0.001029046019539237,8.785544196143746e-06,1.3742157534579746e-05,0.0010799162555485964,0.000767810270190239,4.6102471969788894e-05,0.0007435359293594956,0.03535401448607445,0.06343193352222443,0.0,0.02999940887093544,0.00021503995230887085,0.2508733868598938,3.434370000832132e-06,,,,
815,0.037258222699165344,0.00012799150335007136,272.5049033269752,0.6628681421279907,0.008230452425777912,0.0008047698065638542,5.418337877927115e-06,3.763078666452202e-06,0.0013490170240402222,0.0007308230269700289,4.674497540690936e-05,0.0007359334849752486,0.019668234512209892,0.13682322204113007,0.0,0.05212124064564705,0.0003485076013021171,0.2509784698486328,9.779198535397882e-07,,,,
816,0.02657010778784752,0.00012717418097998246,272.8398578860215,2.718214511871338,0.007162056863307953,0.0007887968677096069,1.2314422747294884e-05,5.161131412023678e-06,0.0016699784900993109,0.0007500165957026184,4.7338886361103505e-05,0.0007733628153800964,0.04516904056072235,0.026252368465065956,0.0,0.03236392140388489,0.0005108869518153369,0.25109124183654785,2.021764885284938e-06,,,,
817,0.03152194246649742,0.0001263607849901185,273.1764532600064,0.8477519750595093,0.008198694325983524,0.0009171052370220423,5.903342298552161e-06,4.519700269156601e-06,0.0014878453221172094,0.0007280814461410046,4.6396082325372845e-05,0.0007357274880632758,0.047362588346004486,0.0669286847114563,0.0,0.02744893543422222,0.0002448828599881381,0.2512021064758301,3.4260683605680242e-06,,,,
818,0.0400276780128479,0.00012555132340836948,273.55159691901645,1.7395298480987549,0.00708520645275712,0.0008713865536265075,6.02729551246739e-06,9.717696229927242e-06,0.0011955616064369678,0.0007474463782273233,4.5810586016159505e-05,0.000731083273421973,0.0386555939912796,0.13627028465270996,0.0,0.09723709523677826,0.0005491366609930992,0.25131112337112427,7.444309630955104e-07,,,,
819,0.0308346226811409,0.00012474580422379455,273.88797053997405,1.9542664289474487,0.007538381963968277,0.001007746672257781,5.7634670156403445e-06,6.908317118359264e-06,0.0010399461025372148,0.0007575458730570972,4.621482366928831e-05,0.0007365547935478389,0.023774445056915283,0.0543658472597599,0.0,0.07844965904951096,0.00013248974573798478,0.25143733620643616,2.538444050514954e-06,,,,
820,0.030629446730017662,0.00012394423538654263,274.2260677079903,1.862390160560608,0.007603532634675503,0.0009758427040651441,6.2821795836498495e-06,7.299968274310231e-06,0.0011900353711098433,0.0007120902300812304,4.8120713472599164e-05,0.0007104341639205813,0.03215924650430679,0.061283938586711884,0.0,0.04759741201996803,0.00027137401048094034,0.2515731751918793,2.0540569494187366e-06,,,,
821,0.029327096417546272,0.0001231466248077748,274.56455960898893,1.983969807624817,0.007276949938386679,0.0009721121750771999,5.494547622220125e-06,1.2058677384629846e-05,0.0011032391339540482,0.0007023189100436866,4.8943402362056077e-05,0.0007064188248477876,0.03075670450925827,0.03500765934586525,0.0,0.07936681061983109,0.000422539422288537,0.2517090439796448,1.2933587640873156e-06,,,,
822,0.028565499931573868,0.00012235298035958526,274.899719448993,0.747590959072113,0.007318455260246992,0.0010513199958950281,6.7238902374811005e-06,5.039013558416627e-06,0.0010674234945327044,0.0007062791846692562,4.857245949096978e-05,0.0007019172771833837,0.03561065346002579,0.02902807667851448,0.0,0.058665502816438675,0.0007372655672952533,0.2518506944179535,2.421246335870819e-06,,,,
823,0.033872805535793304,0.00012156330987492448,275.23738871200476,2.729071855545044,0.007374442182481289,0.0009412382496520877,1.8403046851744875e-05,7.098520200088387e-06,0.000995422131381929,0.0007121437811292708,4.8254671128233895e-05,0.00070183165371418,0.03771140053868294,0.09978633373975754,0.0,0.023035433143377304,0.0009217269835062325,0.2519914209842682,2.363578914810205e-06,,,,
824,0.02768769860267639,0.00012077762114752125,275.5698576410068,0.36198070645332336,0.006395785138010979,0.0008687227964401245,5.844187398906797e-06,4.484369128476828e-06,0.0012200088240206242,0.0006935764104127884,4.917691330774687e-05,0.0007010101689957082,0.0398847758769989,0.05919777229428291,0.0,0.03040642850100994,0.00020485551794990897,0.2521226108074188,1.4332744058265234e-06,,,,
825,0.026285137981176376,0.00011999592193180604,275.9035985529772,2.837754487991333,0.007437209598720074,0.000998103292658925,4.885691851086449e-06,1.3938210031483322e-05,0.001468299888074398,0.0006969187525101006,5.000723831471987e-05,0.0007143800030462444,0.01800624653697014,0.025686170905828476,0.0,0.031112104654312134,0.00019572736346162856,0.2522471249103546,1.4836837181064766e-06,1.5338565387108514,9.012577061095016,0.8762558894731935,1.0950413029631296
826,0.02867049351334572,0.00011921821994283457,276.2786543520051,0.47035539150238037,0.006947127170860767,0.0008963110158219934,3.845104856736725e-06,5.655456334352493e-06,0.0011327085085213184,0.0007018167525529861,4.8989750212058425e-05,0.0006927493959665298,0.04440094158053398,0.05993850901722908,0.0,0.03200503811240196,0.0002518711844459176,0.2523687779903412,1.4985289453761652e-06,,,,
827,0.027608957141637802,0.00011844452285621166,276.613889373024,2.1984477043151855,0.0068863024935126305,0.0008195854024961591,8.937595339375548e-06,5.808297828480136e-06,0.00089221604866907,0.0007425581570714712,4.799522866960615e-05,0.0007156350184231997,0.048942163586616516,0.04627356678247452,0.0,0.049908701330423355,0.0002667414373718202,0.2524876296520233,9.335391268905369e-07,,,,
828,0.027897603809833527,0.00011767483830801509,276.9588222510065,1.0314247608184814,0.0077399564906954765,0.0008720825426280499,5.169894393475261e-06,4.268514658178901e-06,0.000951784779317677,0.0007138149230740964,4.841506597585976e-05,0.0006966118235141039,0.05447252094745636,0.04029778391122818,0.0,0.04363315925002098,0.00010870736150536686,0.25260838866233826,1.861658120105858e-06,,,,
829,0.035444989800453186,0.00011690917389472043,277.29218898998806,1.959288477897644,0.0075892237946391106,0.0008045225404202938,5.205696652410552e-06,8.660223102197051e-06,0.0013205813011154532,0.0006897516432218254,4.964758409187198e-05,0.0006957000005058944,0.02451086789369583,0.11883395910263062,0.0,0.055387407541275024,0.0004689493798650801,0.2527311146259308,3.8745503161408124e-07,,,,
830,0.026521453633904457,0.00011614753717312668,277.6244183880044,1.7701029777526855,0.007132832892239094,0.0008379940409213305,4.747540060634492e-06,7.90645572124049e-06,0.0013325084000825882,0.0006938973092474043,4.9658818170428276e-05,0.0007069851271808147,0.030664419755339622,0.038117166608572006,0.0,0.043285973370075226,0.00012287154095247388,0.2528548240661621,1.787859901014599e-06,,,,
831,0.02592480555176735,0.0001153899356602806,277.95869868597947,1.7828233242034912,0.007698160130530596,0.0009542056359350681,7.034425834717695e-06,7.200200343504548e-06,0.0010294908424839377,0.0006929959054104984,4.836731750401668e-05,0.0006873700767755508,0.02549305185675621,0.02272508293390274,0.0,0.045379288494586945,0.00027498643612489104,0.252976655960083,1.0980915021718829e-06,,,,
832,0.03260007128119469,0.00011463637683340301,278.2937026389991,2.0949478149414062,0.007063758093863726,0.0009817410027608275,9.526952453597914e-06,6.352096079353942e-06,0.0009485910995863378,0.0006950405659154058,4.837182495975867e-05,0.0006850713398307562,0.04760244861245155,0.050039514899253845,0.0,0.11252091079950333,0.00024800747632980347,0.2530984878540039,3.1668382689531427e-06,,,,
833,0.023418042808771133,0.00011388686812981586,278.6257285589818,1.2594873905181885,0.006676110439002514,0.000792228034697473,4.8802803576109e-06,6.406544343917631e-06,0.0012440509162843227,0.0006820820854045451,4.934019307256676e-05,0.0006881175213493407,0.022546742111444473,0.03865402191877365,0.0,0.011094680055975914,7.776178972562775e-05,0.25323668122291565,4.3147310861968435e-06,,,,
834,0.02633032016456127,0.00011314141694686715,278.95968491298845,2.18593430519104,0.007977594621479511,0.0008057960658334196,7.28326995158568e-06,8.293033715744969e-06,0.0012146777007728815,0.0006785633158870041,4.952375093125738e-05,0.0006874761893413961,0.021229056641459465,0.0513698011636734,0.0,0.0130117516964674,0.00012888859782833606,0.2533624470233917,1.8249452296004165e-06,,,,
835,0.025577183812856674,0.00011240003064185916,279.29906860901974,0.15229418873786926,0.007772608194500208,0.0009092813124880195,5.238064659351949e-06,4.767685368278762e-06,0.0012203864753246307,0.0006775395013391972,4.882473513134755e-05,0.0006757927476428449,0.04122469574213028,0.028020627796649933,0.0,0.01628134399652481,0.00020604865858331323,0.25347575545310974,1.3955558415545966e-06,,,,
836,0.02898462861776352,0.00011166271653197525,279.633117460995,2.101250171661377,0.007390825543552637,0.0009549112874083221,1.0643684618116822e-05,5.7281718000012916e-06,0.0010075930040329695,0.0006840932182967663,4.840434849029407e-05,0.0006752933259122074,0.04715771973133087,0.04293759912252426,0.0,0.048105962574481964,0.0003517836448736489,0.25358137488365173,2.230828386018402e-06,,,,
837,0.029575498774647713,0.00011092948189420829,279.96552414196776,0.6263532042503357,0.007520103827118874,0.0008751987479627132,5.9116277952853125e-06,3.7519428133236943e-06,0.0011262083426117897,0.0006691938615404069,4.9099202442448586e-05,0.0006709729786962271,0.029478907585144043,0.05916605517268181,0.0,0.053593505173921585,0.0005530190537683666,0.2536918520927429,2.908297119574854e-06,,,,
838,0.03192582726478577,0.00011020033396528789,280.30224373197416,1.758813500404358,0.006931536830961704,0.0007867194944992661,3.7305333080439596e-06,9.613446309231222e-06,0.0014170160284265876,0.0006652139127254486,4.98525369039271e-05,0.0006797481910325587,0.05843055248260498,0.07040919363498688,0.0,0.060455698519945145,0.0005131999496370554,0.2538061738014221,2.3965476430021226e-06,,,,
839,0.02856461890041828,0.00010947527994160992,280.6385617419728,0.6832557320594788,0.007006656378507614,0.0008007952710613608,4.385145530250156e-06,5.3708786253992e-06,0.0011463392293080688,0.0006630431744270027,4.9285863497061655e-05,0.0006687523564323783,0.05524514615535736,0.05873812362551689,0.0,0.02260589972138405,0.000918737961910665,0.2539243996143341,1.7241885643670685e-06,,,,
840,0.0319703184068203,0.00010875432697916476,280.9735389869893,1.2677308320999146,0.007890988141298294,0.0008296665037050843,5.672985025739763e-06,3.9048150028975215e-06,0.0009777245577424765,0.0006807211320847273,4.837919550482184e-05,0.0006715658237226307,0.043829891830682755,0.08180493116378784,0.0,0.04986637085676193,0.0004381539183668792,0.2540358901023865,1.1161093880218687e-06,,,,
841,0.025275439023971558,0.00010803748219346721,281.30746873799944,1.1180671453475952,0.006563838571310043,0.0007632153574377298,4.939033715345431e-06,4.359417289379053e-06,0.000956124858930707,0.000677390256896615,4.8132809752132744e-05,0.0006697883363813162,0.03442614898085594,0.05568792670965195,0.0,0.01835360936820507,0.0003213405725546181,0.25414741039276123,1.994452304643346e-06,,,,
842,0.031450942158699036,0.00010732475265948582,281.64412531699054,1.0984880924224854,0.006749114952981472,0.0008100494160316885,4.5129263526177965e-06,4.791751052835025e-06,0.0011012885952368379,0.0006607704563066363,4.859592445427552e-05,0.0006691147573292255,0.03955167904496193,0.07586023211479187,0.0,0.06417928636074066,0.0010978218633681536,0.25425127148628235,1.8996682911165408e-06,,,,
843,0.026754457503557205,0.00010661614541157327,281.9795371600194,0.7308945059776306,0.007350644562393427,0.000825741677545011,4.722772700915812e-06,3.5373529954085825e-06,0.001175491837784648,0.0006615051534026861,4.803917545359582e-05,0.0006687477580271661,0.047311246395111084,0.019524874165654182,0.0,0.0745747908949852,0.0003037576097995043,0.25435900688171387,2.648240752023412e-06,,,,
844,0.03161664307117462,0.00010591166744339711,282.3136053449707,0.16174621880054474,0.006952100899070501,0.0008165877079591155,3.84139821107965e-06,4.214903583488194e-06,0.0009989868849515915,0.0006684440886601806,4.738537973025814e-05,0.0006657286430709064,0.04344046115875244,0.09588848054409027,0.0,0.029578255489468575,0.0008042856934480369,0.2544744610786438,3.565754923329223e-06,,,,
845,0.02929549850523472,0.00010521132570787058,282.6655705239973,1.277612566947937,0.007029904518276453,0.0008659602608531713,4.807632649317384e-06,6.304205271590035e-06,0.0008544196607545018,0.0006862504524178803,4.6773227950325236e-05,0.0006734167691320181,0.04073938727378845,0.04384666308760643,0.0,0.08633933961391449,0.000623985193669796,0.2545851171016693,3.095188503721147e-06,,,,
846,0.027473250404000282,0.00010451512711708378,283.00162608898245,0.2223324328660965,0.0075126648880541325,0.0008333084988407791,4.8558295020484366e-06,4.345045454101637e-06,0.0009954610140994191,0.000671053072437644,4.703711601905525e-05,0.0006651741568930447,0.0679025948047638,0.0369427353143692,0.0,0.034678831696510315,0.00033211783738806844,0.25470542907714844,2.6822835934581235e-06,,,,
847,0.026063214987516403,0.00010382307854223562,283.33595007797703,0.8291357755661011,0.006714906543493271,0.0008109262562356889,5.22783648193581e-06,4.016143975604791e-06,0.001068759709596634,0.0006611781427636743,4.736250775749795e-05,0.0006626715767197311,0.05338805913925171,0.04159991443157196,0.0,0.03196737542748451,0.0001581778924446553,0.25481998920440674,1.843453674155171e-06,,,,
848,0.029414761811494827,0.00010313518681356635,283.67087309696944,0.7947036027908325,0.006962211336940527,0.0008248520898632705,4.822272785531823e-06,4.0812851693772245e-06,0.0011252377880737185,0.0006574956350959837,4.762651224154979e-05,0.0006629433482885361,0.027343375608325005,0.07258531451225281,0.0,0.05136486887931824,0.00029132291092537344,0.2549307346343994,2.192202828155132e-06,,,,
849,0.03407755866646767,0.00010245145872028952,284.0057011229801,0.581782341003418,0.006332629360258579,0.0007791696116328239,4.767137852468295e-06,5.05410207551904e-06,0.0009642296354286373,0.0006562198395840824,4.765191988553852e-05,0.0006583516951650381,0.014203841798007488,0.14409911632537842,0.0,0.032776787877082825,0.0006652576266787946,0.2550434172153473,2.927823970821919e-06,,,,
850,0.022042883560061455,0.00010177190101052528,284.3389758230187,1.032942295074463,0.006871179211884737,0.0008211308158934116,6.512291292892769e-06,5.153300207894063e-06,0.0010448391549289227,0.0006525104399770498,4.797813744517043e-05,0.0006579411565326154,0.013836893253028393,0.02185719460248947,0.0,0.024240970611572266,0.00017755525186657906,0.25515228509902954,9.729526482260553e-07,1.3271481428648586,8.42802375095837,0.8567744049542464,0.9474693329594314
851,0.02611619047820568,0.00010109652039123391,284.7282921890146,0.22458282113075256,0.0071412636898458,0.0007354644476436079,5.647630132443737e-06,4.50640300186933e-06,0.0009785008151084185,0.0006486544734798372,4.863190770265646e-05,0.0006558343302458525,0.04640043154358864,0.04590948671102524,0.0,0.028322167694568634,0.0006406132597476244,0.255252480506897,1.8111990129909827e-06,,,,
852,0.034835875034332275,0.00010042532352814968,285.06484627199825,1.1873059272766113,0.00668013421818614,0.0007659394759684801,3.6917408579029143e-06,6.662087798758876e-06,0.0012103058397769928,0.0006458176067098975,4.918145350529812e-05,0.0006520363967865705,0.05047696456313133,0.11857054382562637,0.0,0.0533277727663517,0.00038865828537382185,0.2553479075431824,2.40867348111351e-06,,,,
853,0.02565632201731205,9.975831704571447e-05,285.3978740890161,0.33196112513542175,0.007046911399811506,0.00098408292979002,5.4415313570643775e-06,6.74703096592566e-06,0.0010262238793075085,0.0006521460600197315,4.895710662822239e-05,0.0006488095386885107,0.02855936624109745,0.02659873105585575,0.0,0.033626604825258255,0.0006495386478491127,0.2554452419281006,1.8464588720235042e-06,,,,
854,0.03106183186173439,9.909550752701293e-05,285.73355803097365,1.0199040174484253,0.0066140396520495415,0.0008124597370624542,6.2264216467156075e-06,4.306833488953998e-06,0.0008756926981732249,0.0006664911052212119,4.859665932599455e-05,0.0006550563266500831,0.02487250417470932,0.08322788774967194,0.0,0.06560901552438736,0.001146413735114038,0.25553780794143677,2.5066174202947877e-06,,,,
855,0.024273743852972984,9.843690151370759e-05,286.0682987169712,0.9883068799972534,0.0070994202978909016,0.0008324178634211421,3.874175490636844e-06,3.833608843706315e-06,0.000876237521879375,0.0006551502738147974,4.847209493163973e-05,0.0006497435970231891,0.02880704402923584,0.04177357256412506,0.0,0.015604201704263687,0.0003184270462952554,0.25563421845436096,3.2966897833830444e-06,,,,
856,0.024146923795342445,9.77825055059737e-05,286.40351992700016,0.7186128497123718,0.006707127206027508,0.0008284018840640783,3.3627311495365575e-06,3.6596918562281644e-06,0.0012048273347318172,0.000643334467895329,4.8984522436512634e-05,0.0006554950377903879,0.03153647109866142,0.01603429764509201,0.0,0.051370132714509964,0.0006482221069745719,0.25572487711906433,2.2986778276390396e-06,,,,
857,0.028232449665665627,9.713232596243588e-05,286.7359202699736,0.9670938849449158,0.007418403867632151,0.0007366918725892901,4.437627467268612e-06,4.122358404856641e-06,0.001072899904102087,0.0006452382076531649,4.889101910521276e-05,0.0006612730794586241,0.0426999069750309,0.04736202210187912,0.0,0.06636416912078857,0.0004966977285221219,0.2558145821094513,5.007473191653844e-07,,,,
858,0.028939496725797653,9.648636930010361e-05,287.0842087069759,0.46450865268707275,0.00697895186021924,0.0008719529723748565,5.030117790738586e-06,3.4653337479539914e-06,0.0010049559641629457,0.0006436323164962232,4.8138437705347314e-05,0.0006504351040348411,0.015806755051016808,0.07039255648851395,0.0,0.05222631245851517,0.0004615124489646405,0.25591009855270386,1.5607478189849644e-06,,,,
859,0.025980228558182716,9.584464189430842e-05,287.42452960502123,1.1658086776733398,0.00652826763689518,0.0008652973920106888,4.885467205895111e-06,5.928872269578278e-06,0.0009142881026491523,0.0006590840639546514,4.7350844397442415e-05,0.0006505869096145034,0.04460735246539116,0.0328255333006382,0.0,0.052400704473257065,0.0003649155260063708,0.2560065984725952,2.036057367149624e-06,,,,
860,0.027469925582408905,9.520715007864077e-05,287.75908241898287,0.7679096460342407,0.00699533661827445,0.0008422144455835223,3.7534532566496637e-06,4.23150686401641e-06,0.0009820323903113604,0.0006613561999984086,4.748156061396003e-05,0.0006507617072202265,0.055376581847667694,0.03236337751150131,0.0,0.06958822906017303,0.00022079460904933512,0.25610408186912537,5.000339115213137e-06,,,,
861,0.02751803770661354,9.457390014488737e-05,288.0983583839843,0.9677835702896118,0.0071188644506037235,0.000851327262353152,5.744506324845133e-06,4.523447842075257e-06,0.0008726449450477958,0.0006458017160184681,4.8170684749493375e-05,0.0006441088626161218,0.044791460037231445,0.052058178931474686,0.0,0.032888978719711304,0.0005927004385739565,0.2562073767185211,4.866818471782608e-06,,,,
862,0.02342338114976883,9.39448983429694e-05,288.4335891230148,0.6877970099449158,0.006814402062445879,0.0008380850194953382,4.806009201274719e-06,4.23362553192419e-06,0.0009464602335356176,0.000642038881778717,4.84082120237872e-05,0.0006435451796278358,0.011754816398024559,0.029317907989025116,0.0,0.03447085618972778,0.000676245428621769,0.25630587339401245,1.3681874406756833e-06,,,,
863,0.02652071788907051,9.33201508808809e-05,288.765725751,0.48376429080963135,0.006865726318210363,0.000744142453186214,4.904198249278124e-06,4.058790182170924e-06,0.0011153705418109894,0.0006420016288757324,4.839101165998727e-05,0.0006417655968107283,0.013892864808440208,0.06798195838928223,0.0,0.02601400390267372,0.0005899390089325607,0.2564024329185486,2.5332346922368743e-06,,,,
864,0.026880010962486267,9.269966392462704e-05,289.1023143000202,0.7625459432601929,0.007041081320494413,0.0009065360645763576,4.593618996295845e-06,4.443041234480916e-06,0.0009601728525012732,0.000639238627627492,4.866388189839199e-05,0.0006409166962839663,0.0520990751683712,0.026730841025710106,0.0,0.06007901206612587,0.0002976324176415801,0.2564932405948639,8.63932086758723e-07,,,,
865,0.027133051306009293,9.208344359816346e-05,289.4372907499783,0.20565669238567352,0.007823193445801735,0.0007384455529972911,4.405321305966936e-06,4.034748599224258e-06,0.001075433799996972,0.0006357182865031064,4.9261358071817085e-05,0.0006432870868593454,0.033215247094631195,0.055663347244262695,0.0,0.03083638660609722,0.00042243694770149887,0.2565908133983612,3.950744940084405e-06,,,,
866,0.02824622206389904,9.147149598333617e-05,289.77369528397685,1.2504147291183472,0.006490310188382864,0.0006940936436876655,3.643727495727944e-06,6.22005154582439e-06,0.001082537230104208,0.0006349077448248863,4.971315138391219e-05,0.0006472686654888093,0.030291564762592316,0.08360221982002258,0.0,0.03478238359093666,0.00029122171690687537,0.2566806674003601,1.4774813053008984e-06,,,,
867,0.028106369078159332,9.086382711982096e-05,290.10809278301895,0.37178969383239746,0.00628594309091568,0.0008310069679282606,4.805569460586412e-06,3.776342055061832e-06,0.0009813745273277164,0.0006320553366094828,4.9460213631391525e-05,0.0006371611962094903,0.055227313190698624,0.05057522654533386,0.0,0.055660467594861984,0.0005494148354046047,0.256766676902771,4.293782239983557e-06,,,,
868,0.02655150182545185,9.026044300506416e-05,290.4424672519672,0.6407240629196167,0.0070585631765425205,0.000786889810115099,6.148500233393861e-06,4.033010100101819e-06,0.0011604734463617206,0.0006314163911156356,4.919736602460034e-05,0.0006340493564493954,0.032279983162879944,0.06295552104711533,0.0,0.010655953548848629,0.00030219682957977057,0.2568546235561371,2.5353892851853743e-06,,,,
869,0.023226192221045494,8.966134959422344e-05,290.7756252840045,0.1914108693599701,0.006379718892276287,0.0007898467592895031,5.025230166211259e-06,5.183936991670635e-06,0.0008999769343063235,0.0006315400241874158,4.8893907660385594e-05,0.0006322713452391326,0.014843991957604885,0.038210730999708176,0.0,0.03372398018836975,0.00034745543962344527,0.25693389773368835,1.828800918701745e-06,,,,
870,0.025950398296117783,8.906655280010894e-05,291.1135408639675,0.3678044080734253,0.006292372476309538,0.0008008530712686479,4.869731128565036e-06,4.754893780045677e-06,0.0009227368864230812,0.0006333676865324378,4.8370042350143194e-05,0.0006314591155387461,0.028950994834303856,0.05244312435388565,0.0,0.041342951357364655,0.0005435252678580582,0.257010281085968,3.386139724170789e-06,,,,
871,0.02584920823574066,8.84760584931249e-05,291.4477319599828,0.602094292640686,0.00706962076947093,0.0008391030132770538,4.793960215465631e-06,3.421615019760793e-06,0.0009318717638961971,0.0006357241072691977,4.771179737872444e-05,0.000631880946457386,0.011494171805679798,0.0392228327691555,0.0,0.0697636529803276,0.0001855221635196358,0.25708863139152527,1.425898403795145e-06,,,,
872,0.022531216964125633,8.788987250121166e-05,291.7862618910149,0.425033837556839,0.007111739367246628,0.0007740807486698031,3.7908491776761366e-06,4.178328708803747e-06,0.000991468084976077,0.0006284450646489859,4.7573805204592645e-05,0.0006328278686851263,0.020506082102656364,0.029237110167741776,0.0,0.024410609155893326,6.12988878856413e-05,0.25717082619667053,1.0009359812102048e-06,,,,
873,0.02193773351609707,8.730800060978826e-05,292.12496860697865,0.41924723982810974,0.006598554085940123,0.0007192050106823444,4.9952268454944715e-06,3.811954229604453e-06,0.0009622875368222594,0.0006272473256103694,4.738476127386093e-05,0.0006341965054161847,0.04013698920607567,0.010612676851451397,0.0,0.04682343453168869,0.00019492633873596787,0.2572472393512726,2.9287798497534823e-06,,,,
874,0.02938026376068592,8.673044856169541e-05,292.4617627839907,0.2929673194885254,0.006608250085264444,0.0008037413354031742,5.250175490800757e-06,3.2913337690843036e-06,0.0009807953611016273,0.000628233072347939,4.714364331448451e-05,0.0006312282057479024,0.04290400445461273,0.07864502817392349,0.0,0.03625791147351265,0.0005141505389474332,0.25732657313346863,5.591523859038716e-06,,,,
875,0.029123453423380852,8.615722205713879e-05,292.79646141798,0.33462047576904297,0.007203631103038788,0.0008018963853828609,4.535425432550255e-06,3.997845851699822e-06,0.0010370300151407719,0.0006307213334366679,4.709652057499625e-05,0.0006301833200268447,0.025020189583301544,0.07974772155284882,0.0,0.027755195274949074,0.0007766220951452851,0.25740495324134827,1.2587879609782249e-06,1.124504574749693,8.703193640804884,0.8996342868611014,0.8027992994421964
876,0.027760257944464684,8.558832675363237e-05,293.1860530489939,0.381875604391098,0.007033133413642645,0.0008134358795359731,4.834711035073269e-06,4.227834324410651e-06,0.0010743255261331797,0.0006358364480547607,4.686460306402296e-05,0.0006312276236712933,0.022086039185523987,0.06996949017047882,0.0,0.03179171681404114,0.00030720100039616227,0.2574794888496399,1.5507451962548657e-06,,,,
877,0.02153855934739113,8.502376826594335e-05,293.5238734909799,0.4975194036960602,0.006869168486446142,0.0008173605310730636,4.353475105745019e-06,4.560250090435147e-06,0.0009327493607997894,0.0006324537098407745,4.686897955252789e-05,0.000629871734417975,0.011203063651919365,0.02287943661212921,0.0,0.024261977523565292,0.00014276962610892951,0.25755399465560913,1.7392696918250294e-06,,,,
878,0.027753382921218872,8.446355216603588e-05,293.8772638369701,0.6676914095878601,0.005963785573840141,0.0008063678396865726,3.969124009017833e-06,3.448277084316942e-06,0.0009416515822522342,0.000624879845418036,4.7012177674332634e-05,0.0006315733771771193,0.05985910817980766,0.06259419769048691,0.0,0.036088164895772934,0.000417616858612746,0.25762563943862915,1.977793999685673e-06,,,,
879,0.023878425359725952,8.390768398301685e-05,294.21377214300446,0.40723782777786255,0.00660335598513484,0.0008106429013423622,4.3591180656221695e-06,4.318073479225859e-06,0.0009785479633137584,0.0006248601712286472,4.678867117036134e-05,0.0006311453180387616,0.034053489565849304,0.025837086141109467,0.0,0.045476850122213364,0.00022990498109720647,0.25769728422164917,1.5616727750966675e-06,,,,
880,0.02650720626115799,8.335616920308054e-05,294.5514225939987,0.3262632489204407,0.006912146229296923,0.0008402741514146328,4.634078322851565e-06,3.916209152521333e-06,0.0011042994447052479,0.0006249267025850713,4.684104715124704e-05,0.000628810259513557,0.04194950684905052,0.03910289704799652,0.0,0.045015327632427216,0.00037181598600000143,0.2577728033065796,1.2143452750024153e-06,,,,
881,0.025170352309942245,8.28090132694555e-05,294.88993943098467,0.551211953163147,0.006863884162157774,0.0008218534057959914,3.944823220081162e-06,4.758581326314015e-06,0.0010475425515323877,0.0006295564817264676,4.679135236074217e-05,0.0006267672870308161,0.04373179376125336,0.04241865873336792,0.0,0.01762738637626171,0.0002782503142952919,0.2578483521938324,5.5566683840879705e-06,,,,
882,0.029383933171629906,8.226622158234977e-05,295.22530257998733,0.16410653293132782,0.007059912197291851,0.0007660499541088939,4.121633537579328e-06,3.922290488844737e-06,0.0010092237498611212,0.0006258928333409131,4.7179310058709234e-05,0.0006248910212889314,0.04158293083310127,0.0853942409157753,0.0,0.019533107057213783,0.000575411890167743,0.2579190731048584,1.278606646337721e-06,,,,
883,0.02475239709019661,8.172779949889824e-05,295.560393117019,0.8182712197303772,0.006084292661398649,0.0007715077372267842,3.4434228837199043e-06,4.555480245471699e-06,0.0010939205531030893,0.0006232794257812202,4.750348307425156e-05,0.0006232669111341238,0.06787461042404175,0.0271783284842968,0.0,0.038716066628694534,0.00026024121325463057,0.2579849362373352,1.111881260840164e-06,,,,
884,0.02615731582045555,8.119375233310927e-05,295.904055350984,0.43986380100250244,0.006478376220911741,0.0008185836486518383,3.873762580042239e-06,4.356204044597689e-06,0.0008909399621188641,0.0006270480807870626,4.734135291073471e-05,0.000622596824541688,0.03354474529623985,0.05340299755334854,0.0,0.041978221386671066,0.00021652356372214854,0.2580488622188568,1.5438970422110287e-06,,,,
885,0.02389686182141304,8.066408535581303e-05,296.24047683598474,0.5483668446540833,0.006882483139634132,0.0007769814692437649,5.1922806960646994e-06,3.608996394177666e-06,0.0007997105713002384,0.0006227215053513646,4.739595533465035e-05,0.0006207030965015292,0.025786977261304855,0.03155537322163582,0.0,0.05240422487258911,9.534264972899109e-05,0.258114755153656,2.2718247691955185e-06,,,,
886,0.02314705401659012,8.013880379460866e-05,296.5764349200181,0.3085326850414276,0.006267685908824205,0.0007897713221609592,3.523074610711774e-06,5.200224677537335e-06,0.0008282656781375408,0.0006175913731567562,4.785968121723272e-05,0.0006200580974109471,0.008924301713705063,0.03012990765273571,0.0,0.04641203582286835,0.0010955879697576165,0.2581826150417328,1.5530795280938037e-06,,,,
887,0.025353720411658287,7.961791283381301e-05,296.9143425190123,0.14833958446979523,0.006220361217856407,0.0007649354520253837,4.543494014797034e-06,4.454003828868736e-06,0.0008678942685946822,0.000616525998339057,4.7902041842462495e-05,0.0006194182205945253,0.012708673253655434,0.058282751590013504,0.0,0.05162220075726509,0.00019211709150113165,0.258251428604126,1.2747136679536197e-06,,,,
888,0.02256925404071808,7.910141761440981e-05,297.25984861998586,0.4375534653663635,0.006991687696427107,0.0007493383018299937,4.734705271403072e-06,4.014261776319472e-06,0.0008566288161091506,0.0006161881610751152,4.787926081917249e-05,0.00061847671167925,0.03713380917906761,0.014697523787617683,0.0,0.04703547805547714,0.00016288325423374772,0.25832411646842957,2.308152488694759e-06,,,,
889,0.023833252489566803,7.858932323399816e-05,297.5985519440146,0.4598560333251953,0.006162627134472132,0.0007765077752992511,4.265973529982148e-06,4.7252042350010015e-06,0.0009486787021160126,0.0006146073574200273,4.790614184457809e-05,0.0006196785252541304,0.053116366267204285,0.03439154475927353,0.0,0.022652117535471916,0.0002935825614258647,0.25839778780937195,1.989665179280564e-06,,,,
890,0.024196624755859375,7.808163474674296e-05,297.9351657279767,0.09392619132995605,0.0064430516213178635,0.0008061665575951338,4.5370466068561655e-06,5.0289877435716335e-06,0.0009916292037814856,0.000616062490735203,4.762088065035641e-05,0.0006169861298985779,0.016018986701965332,0.030516745522618294,0.0,0.06446581333875656,0.00017850119911599904,0.2584685981273651,1.5075692090249504e-06,,,,
891,0.022982031106948853,7.757835716332449e-05,298.27163411997026,0.33814993500709534,0.006607445888221264,0.0008493887144140899,4.514594365900848e-06,3.9908168218971696e-06,0.000932921830099076,0.0006186781101860106,4.734927279059775e-05,0.0006158971227705479,0.038322366774082184,0.018579863011837006,0.0,0.02582439035177231,0.0006344126304611564,0.2585422992706299,8.097042609733762e-07,,,,
892,0.02465161867439747,7.707949545088935e-05,298.6090793000185,0.18200832605361938,0.006208905018866062,0.0007103703683242202,4.506059667619411e-06,4.539279871096369e-06,0.0009450276265852153,0.0006169872940517962,4.7280220314860344e-05,0.0006154957809485495,0.050371285527944565,0.03955869749188423,0.0,0.038955919444561005,0.00040581938810646534,0.25861307978630066,3.7197210076556075e-06,,,,
893,0.024662550538778305,7.65850545330014e-05,298.9481621310115,0.4624967575073242,0.006417740602046251,0.0008505632868036628,3.6688832096842816e-06,5.473864803207107e-06,0.0008945010486058891,0.0006152977584861219,4.724910104414448e-05,0.0006152476416900754,0.02347070351243019,0.045635879039764404,0.0,0.030453454703092575,0.00034935621079057455,0.258685827255249,1.2808541214326397e-06,,,,
894,0.0234055295586586,7.609503928959276e-05,299.28268489200855,0.4053037464618683,0.006672360934317112,0.0007427429663948715,4.836745119973784e-06,3.6386663850862533e-06,0.0010563184041529894,0.0006144537474028766,4.6899531298549846e-05,0.0006155914161354303,0.022959690541028976,0.024527110159397125,0.0,0.05978989973664284,8.043416164582595e-05,0.2587566673755646,1.5943560356390662e-06,,,,
895,0.027186516672372818,7.560945455691598e-05,299.62057871196885,0.17057932913303375,0.006761849857866764,0.0006804358563385904,4.873889338341542e-06,4.256456122675445e-06,0.001022042939439416,0.0006132950074970722,4.67305799247697e-05,0.000616518605966121,0.05178540572524071,0.053865402936935425,0.0,0.04871021956205368,0.0004855977022089064,0.25883039832115173,1.5534709518760792e-06,,,,
896,0.028434855863451958,7.512830512749649e-05,299.95855467399815,0.24610298871994019,0.0072565884329378605,0.000766281969845295,3.4796339605236426e-06,3.1812721772439545e-06,0.0009540982428006828,0.0006125504733063281,4.6585031668655574e-05,0.0006179274059832096,0.026754438877105713,0.06375055015087128,0.0,0.04821525886654854,0.001097729429602623,0.2589070796966553,2.946170525319758e-06,,,,
897,0.026497909799218178,7.465159575008484e-05,300.29588097997475,0.361542284488678,0.00703942496329546,0.0007732546655461192,4.9593631956668105e-06,3.8133207453938667e-06,0.0009737496147863567,0.0006123765488155186,4.626184090739116e-05,0.0006180219352245331,0.019131667912006378,0.06979409605264664,0.0,0.01920720376074314,0.0004067645641043782,0.2589847147464752,1.291148464588332e-06,,,,
898,0.023070231080055237,7.417933112961001e-05,300.63554614200257,0.4498403072357178,0.0065394979901611805,0.0008045862196013331,5.729227268602699e-06,3.3999854167632293e-06,0.0008980979910120368,0.0006129035609774292,4.598594023264013e-05,0.0006155083538033068,0.03544005751609802,0.03346361592411995,0.0,0.01575613021850586,0.0003504620399326086,0.25905653834342957,5.311475888447603e-06,,,,
899,0.0324251651763916,7.37115159271334e-05,300.9717855430208,0.17909304797649384,0.006897853221744299,0.0008089881739579141,5.027810402680188e-06,3.280491910118144e-06,0.0009409274789504707,0.0006161854253150523,4.584610360325314e-05,0.0006138064782135189,0.020435063168406487,0.11330714076757431,0.0,0.044128648936748505,0.0006177314789965749,0.2591225802898407,6.967908348087803e-07,,,,
900,0.031966425478458405,7.324815475980207e-05,301.30662713199854,0.5709271430969238,0.006863895338028669,0.0008542654104530811,4.79904338135384e-06,3.1204160677589243e-06,0.0010378019651398063,0.0006200607167556882,4.5757496991427615e-05,0.0006143596256151795,0.04910869896411896,0.0706237405538559,0.0,0.08644264191389084,0.0003706073039211333,0.25919151306152344,1.1533188626344781e-06,1.106695297850765,8.628870923610428,0.9792233465949709,0.786934993393831
901,0.02509780414402485,7.278925220080365e-05,301.6997922739829,0.4085626006126404,0.006297995802015066,0.0008049984462559223,4.105862444703234e-06,3.7679026263504056e-06,0.0007886546663939953,0.0006188828265294433,4.588783122017048e-05,0.0006136806914582849,0.05727585032582283,0.03898065537214279,0.0,0.03678128868341446,0.00020174408564344049,0.25927114486694336,2.5461986297159456e-06,,,,
902,0.02470209077000618,7.23348127793211e-05,302.03428301098756,0.3016941547393799,0.006898124236613512,0.0007145698182284832,4.984571660315851e-06,4.080930921190884e-06,0.0011245880741626024,0.0006129132234491408,4.629416798707098e-05,0.0006122661870904267,0.06792327016592026,0.024557821452617645,0.0,0.03172212094068527,0.0003677757049445063,0.2593488395214081,2.0153820514678955e-06,,,,
903,0.024492785334587097,7.188484098048812e-05,302.36950943100965,0.2836848795413971,0.006967269815504551,0.000719281961210072,4.656060809793416e-06,3.905832727468805e-06,0.001059714937582612,0.0006084396154619753,4.694585732067935e-05,0.0006132234120741487,0.02536061406135559,0.04153979942202568,0.0,0.03055114857852459,0.000693656736984849,0.2594236433506012,5.529783720703563e-06,,,,
904,0.025106854736804962,7.143934124534461e-05,302.70478306000587,0.8355749845504761,0.007332960143685341,0.0006746184080839157,3.4456986668374157e-06,4.07156176152057e-06,0.0009231872390955687,0.0006066515925340354,4.751464439323172e-05,0.0006154352449811995,0.018560204654932022,0.0492524728178978,0.0,0.04273352399468422,0.0005857450887560844,0.2594945728778839,2.4199671315727755e-06,,,,
905,0.029800917953252792,7.099831797079321e-05,303.0404363130219,0.5167970657348633,0.005510261747986078,0.0007714542443864048,4.119337063457351e-06,4.514634838415077e-06,0.0009224648820236325,0.0006073801196180284,4.756525595439598e-05,0.0006100384052842855,0.06507845222949982,0.09169121086597443,0.0,0.03267279639840126,0.00021050564828328788,0.259569376707077,3.085732714680489e-06,,,,
906,0.024586420506238937,7.05617755095555e-05,303.37888213497354,0.21774567663669586,0.006729528773576021,0.0008024675771594048,3.865187863993924e-06,4.120525773032568e-06,0.0009227315313182771,0.0006074326229281723,4.770646773977205e-05,0.0006087496294640005,0.05217069014906883,0.025435693562030792,0.0,0.032907016575336456,0.0008231719839386642,0.25964033603668213,5.434329182207875e-07,,,,
907,0.024250688031315804,7.012971817012945e-05,303.7170669470215,0.4311791658401489,0.006930167321115732,0.0007735250983387232,4.551498932414688e-06,4.07787138101412e-06,0.0008094771183095872,0.0006112925475463271,4.754741894430481e-05,0.0006082119070924819,0.051226139068603516,0.03785306587815285,0.0,0.01958286017179489,0.00018064641335513443,0.25971031188964844,1.1840897968795616e-06,,,,
908,0.02726319245994091,6.970215021674649e-05,304.05435199901694,0.5204228162765503,0.006445859093219042,0.0007646213052794337,3.139545242447639e-06,4.668693691201042e-06,0.0008598931599408388,0.0006120102480053902,4.751563392346725e-05,0.0006079000304453075,0.04015786573290825,0.07965870201587677,0.0,0.011514982208609581,0.000464870419818908,0.25977447628974915,1.0662214435797068e-06,,,,
909,0.02551419660449028,6.92790758693297e-05,304.3915795009816,0.5443629026412964,0.0072076222859323025,0.0007834846037440002,3.367604904269683e-06,5.047551894676872e-06,0.0008226374047808349,0.0006098957965150476,4.7257326514227316e-05,0.0006071981624700129,0.045485034584999084,0.04985043779015541,0.0,0.013844922184944153,0.0004435736045707017,0.25983181595802307,6.110146841820097e-06,,,,
910,0.02616269141435623,6.886049930345206e-05,304.7230026239995,0.25021207332611084,0.006598904263228178,0.0007532780873589218,4.784748398378724e-06,3.4386428069410613e-06,0.0008651033858768642,0.0006037844577804208,4.715141767519526e-05,0.0006087208166718483,0.03840482234954834,0.06323088705539703,0.0,0.024932898581027985,0.00033810705645009875,0.259885311126709,1.4114875739323907e-06,,,,
911,0.025959456339478493,6.844642465029537e-05,305.05899619997945,0.4379623830318451,0.006357823498547077,0.0007223538123071194,4.4411913222575095e-06,3.4494987630750984e-06,0.0010581837268546224,0.0006036736303940415,4.712279041996226e-05,0.0006155885057523847,0.03329448401927948,0.06791999191045761,0.0,0.02103780210018158,0.00022652601182926446,0.2599358558654785,3.316533138786326e-06,,,,
912,0.023566318675875664,6.803685599660926e-05,305.39561153401155,0.5105642080307007,0.006976256612688303,0.0008259313181042671,3.8938442230573855e-06,4.563424681691686e-06,0.0009130241232924163,0.0006038355058990419,4.676677053794265e-05,0.0006163559155538678,0.048331063240766525,0.029634902253746986,0.0,0.012826715596020222,0.00013637516531161964,0.25998350977897644,2.2351619008986745e-06,,,,
913,0.02538909576833248,6.76317973846709e-05,305.73211572901346,0.4267071485519409,0.006455015391111374,0.0007480101194232702,4.622581400326453e-06,3.449609266681364e-06,0.0009881664300337434,0.0006027626222930849,4.6240929805208e-05,0.0006092524854466319,0.03718294948339462,0.06159902736544609,0.0,0.015294188633561134,0.00022011829423718154,0.26002728939056396,1.6552893384869094e-06,,,,
914,0.02397109940648079,6.72312528122454e-05,306.0669771669782,0.4207415282726288,0.00677602831274271,0.0008489657193422318,4.8135616452782415e-06,3.6019262097397586e-06,0.0008445023559033871,0.0006072803516872227,4.575848288368434e-05,0.0006061321473680437,0.02053719572722912,0.05022435262799263,0.0,0.004616008140146732,0.0004462266224436462,0.2600681483745575,2.2444132810051087e-06,,,,
915,0.02416687086224556,6.683522623254598e-05,306.40298801497556,0.32928746938705444,0.0062845624051988125,0.0007638830575160682,5.1000297389691696e-06,3.232860308344243e-06,0.0008942717686295509,0.0006105151260271668,4.552563405013643e-05,0.0006066721980459988,0.021471645683050156,0.05879867449402809,0.0,0.013220124877989292,0.0003816247917711735,0.26010411977767944,1.631968871151912e-06,,,,
916,0.026645487174391747,6.644372155419492e-05,306.73591542901704,0.4538719654083252,0.006773906294256449,0.0008789264829829335,4.97290602652356e-06,3.878548795910319e-06,0.000962671241723001,0.0006105398642830551,4.545981209957972e-05,0.0006066029891371727,0.049638234078884125,0.039897531270980835,0.0,0.042698778212070465,0.00028920776094309986,0.2601372003555298,8.24213020678144e-06,,,,
917,0.02424299716949463,6.605674264118549e-05,307.07153076899704,0.7710871696472168,0.006307889707386494,0.0007521435618400574,4.4075582081859466e-06,3.808254177783965e-06,0.0009359900141134858,0.0006060314481146634,4.546377749647945e-05,0.0006057721329852939,0.009477405808866024,0.053726598620414734,0.0,0.0285011138767004,0.0007990056183189154,0.2601741552352905,1.6919461813813541e-06,,,,
918,0.03122546337544918,6.567429331284338e-05,307.4107233840041,0.6277936100959778,0.007210889831185341,0.0006966536166146398,4.435161827132106e-06,4.038657607452478e-06,0.0011361711658537388,0.0006033165846019983,4.5319331547943875e-05,0.0006066400674171746,0.09591147303581238,0.07442228496074677,0.0,0.027728037908673286,0.0005577347474172711,0.26021015644073486,2.5663211999926716e-06,,,,
919,0.025206128135323524,6.529637734378897e-05,307.7480013919994,0.8792788982391357,0.00689322454854846,0.0008283108472824097,4.765728135680547e-06,4.694265953730792e-06,0.0009451499208807945,0.0006034555262885988,4.494386666920036e-05,0.0006065894849598408,0.0627763569355011,0.028731072321534157,0.0,0.02964668534696102,0.0002659898018464446,0.2602461576461792,2.690522478587809e-06,,,,
920,0.021826105192303658,6.492299846390025e-05,308.08073260600213,0.9734928607940674,0.006546129006892443,0.0008722781203687191,4.5937099457660224e-06,4.688334229285829e-06,0.0009616067400202155,0.0006018822896294296,4.514806278166361e-05,0.0006078507285565138,0.03301592171192169,0.015529065392911434,0.0,0.020458126440644264,0.00012535176938399673,0.26028314232826233,2.1667592591256835e-06,,,,
921,0.02156398631632328,6.455416035827612e-05,308.4483407950029,0.4092751145362854,0.006056495942175388,0.0007221302948892117,3.900887350027915e-06,3.3694918784021866e-06,0.0008835679618641734,0.000600870989728719,4.555316991172731e-05,0.0006080188322812319,0.02942507714033127,0.041780613362789154,0.0,0.004642438609153032,0.00015608190733473748,0.26031914353370667,1.9575843452912522e-06,,,,
922,0.023185791447758675,6.418986666719976e-05,308.78474064497277,1.2909568548202515,0.006281472742557526,0.0006950772367417812,4.7361545512103476e-06,5.697770575352479e-06,0.0010117781348526478,0.0005996232503093779,4.613811688614078e-05,0.0006083433981984854,0.04667831212282181,0.03912661224603653,0.0,0.0022471328265964985,0.0008763013174757361,0.2603502869606018,2.620294708322035e-06,,,,
923,0.025461742654442787,6.38301209861028e-05,309.1186300549889,1.0461026430130005,0.0059783682227134705,0.0007560266531072557,4.410499968798831e-06,4.535238986136392e-06,0.0009579602628946304,0.0006001561414450407,4.611467375070788e-05,0.0006044958718121052,0.02222108282148838,0.07000632584095001,0.0,0.01881292648613453,0.00046069841482676566,0.26037752628326416,1.658871838117193e-06,,,,
924,0.022223733365535736,6.347492686552988e-05,309.45114646997536,0.7207450866699219,0.006856610532850027,0.0007801068713888526,4.516214175964706e-06,4.235738742863759e-06,0.0007514178287237883,0.0006070133531466126,4.583533882396296e-05,0.0006039103609509766,0.030308425426483154,0.026893075555562973,0.0,0.022914471104741096,0.0002685378713067621,0.2604047954082489,3.844853381451685e-06,,,,
925,0.025960175320506096,6.312428781110366e-05,309.78170714800945,0.7170908451080322,0.006165269296616316,0.0007245922461152077,4.721281584352255e-06,3.9192664189613424e-06,0.0009823127184063196,0.0006070067756809294,4.59579641756136e-05,0.0006036462727934122,0.013726985082030296,0.06736941635608673,0.0,0.04206568002700806,0.0005092720966786146,0.26043203473091125,2.6665939003578387e-06,1.0863592016886976,8.47031097561626,0.8814585360238107,0.7519393449551304
926,0.025671331211924553,6.277820728348992e-05,310.16565552697284,0.4413469135761261,0.005947384983301163,0.0007798777660354972,3.875036782119423e-06,4.599326530296821e-06,0.0009168228134512901,0.000603324908297509,4.6111188567010686e-05,0.0006024825852364302,0.03960195928812027,0.06698468327522278,0.0,0.01222833152860403,0.00037721064290963113,0.2604612410068512,1.8768076870401273e-06,,,,
927,0.02395820990204811,6.243668869836385e-05,310.4988307110034,0.5277174115180969,0.005925019737333059,0.0008040502434596419,4.187647391518112e-06,4.15905742556788e-06,0.0009168671676889062,0.0006063955370336771,4.59626862721052e-05,0.0006030971417203546,0.010985254310071468,0.036972951143980026,0.0,0.065223328769207,0.0002761887153610587,0.26048946380615234,3.9000683500489686e-06,,,,
928,0.022910838946700096,6.209973542637582e-05,310.8371402649791,0.37091681361198425,0.007258254569023848,0.0007267202599905431,3.67086772712355e-06,3.956858108722372e-06,0.0008591836085543036,0.0006040337611921132,4.6120519982650876e-05,0.0006020632572472095,0.03051997348666191,0.035689376294612885,0.0,0.013559225015342236,0.0004053886514157057,0.2605245113372803,1.921070179378148e-06,,,,
929,0.021677803248167038,6.17673507931189e-05,311.16954065900063,0.39160600304603577,0.006150758359581232,0.0007843038765713573,4.756210728373844e-06,3.6722049117088318e-06,0.0008460517856292427,0.0005993684171698987,4.62881762359757e-05,0.0006013285601511598,0.022275853902101517,0.04004504531621933,0.0,0.0054299733601510525,0.00019355263793841004,0.260557621717453,1.909143065859098e-06,,,,
930,0.028512941673398018,6.143953807909503e-05,311.50799142196774,1.206544280052185,0.006700851954519749,0.0007189562311396003,4.156318937020842e-06,4.0061295294435695e-06,0.0010917948093265295,0.0005960254929959774,4.647659443435259e-05,0.0006048949435353279,0.059083763509988785,0.054494600743055344,0.0,0.06265375763177872,0.0003751638578251004,0.26058682799339294,2.7657983991957735e-06,,,,
931,0.024328909814357758,6.111630051968333e-05,311.846289817011,0.474094957113266,0.006269169971346855,0.0007726997137069702,3.835428742604563e-06,4.090548372914782e-06,0.0008455169154331088,0.0005966513999737799,4.614401041180827e-05,0.0006018190761096776,0.03987725451588631,0.05375674366950989,0.0,0.012171221897006035,0.00026009860448539257,0.26062285900115967,1.2296749218876357e-06,,,,
932,0.022098306566476822,6.0797641305108106e-05,312.1827839059988,0.7595478296279907,0.0064672790467739105,0.0007364102639257908,4.602406534104375e-06,4.526516022451688e-06,0.0010903151705861092,0.0005966148455627263,4.595860809786245e-05,0.000601129315327853,0.04336082935333252,0.027771487832069397,0.0,0.00767446868121624,0.00022311729844659567,0.2606559693813324,3.222127986646228e-07,,,,
933,0.025187920778989792,6.048356358040719e-05,312.5195829839795,0.24603372812271118,0.006086867768317461,0.0007197931408882141,3.7586173675663304e-06,4.520257789408788e-06,0.0009607932297512889,0.0005953699583187699,4.6013483370188624e-05,0.0006027581403031945,0.024720091372728348,0.0679059773683548,0.0,0.02334832400083542,0.0002602190070319921,0.26068615913391113,2.099586026815814e-06,,,,
934,0.023871712386608124,6.017407044540078e-05,312.8559631179669,0.581413984298706,0.007122060749679804,0.0007639193790964782,3.6859307783743134e-06,4.108592293050606e-06,0.000789004610851407,0.0005950479535385966,4.593263292917982e-05,0.0006044956389814615,0.022578004747629166,0.031862154603004456,0.0,0.04748472198843956,0.0004271385259926319,0.26071733236312866,1.9437075025052764e-06,,,,
935,0.026560893282294273,5.9869164954661223e-05,313.19138967397157,0.46100327372550964,0.006563521921634674,0.0007397436420433223,3.2863306387298508e-06,4.472850378078874e-06,0.0010548853315412998,0.0005951346829533577,4.5548498746939003e-05,0.000600523198954761,0.04826328530907631,0.053935252130031586,0.0,0.039013974368572235,0.0002744157682172954,0.2607523798942566,2.3816091925255023e-06,,,,
936,0.02625221014022827,5.9568850117482746e-05,313.5272663079668,0.4159037470817566,0.006377406418323517,0.0007147386204451323,3.7532417991315015e-06,3.3038320452760672e-06,0.0010159045923501253,0.0005979607230983675,4.493478991207667e-05,0.0005983748123981059,0.043782297521829605,0.05701432004570961,0.0,0.044887151569128036,8.87283677002415e-05,0.2607884109020233,1.6060160987763084e-06,,,,
937,0.02127780206501484,5.927312889785146e-05,313.8630866719759,0.2572990357875824,0.006474699359387159,0.0007804441265761852,4.222309598844731e-06,3.3556943890289403e-06,0.0008051934419199824,0.000598112354055047,4.453451401786879e-05,0.0005980542628094554,0.04094869643449783,0.021652664989233017,0.0,0.005562473088502884,0.0005310485139489174,0.2608283460140228,2.324711658729939e-06,,,,
938,0.027756724506616592,5.8982004214416365e-05,314.1972210929962,0.19695453345775604,0.006256416905671358,0.0007244367152452469,4.2079491322510876e-06,3.145521532132989e-06,0.0008247140794992447,0.0005985113675706089,4.413723945617676e-05,0.0005978220142424107,0.051204826682806015,0.07494383305311203,0.0,0.03298372030258179,0.00043651240412145853,0.26086243987083435,1.9187978068657685e-06,,,,
939,0.024207530543208122,5.8695478940460573e-05,314.53314418700757,0.31006792187690735,0.006802710238844156,0.0007824576459825039,5.194976893108105e-06,3.5121770451951306e-06,0.0010444617364555597,0.0005994541570544243,4.376342985779047e-05,0.0005977830151095986,0.04123782739043236,0.023589836433529854,0.0,0.04696255177259445,0.0003040119481738657,0.26089751720428467,2.2039316718291957e-06,,,,
940,0.02177039347589016,5.841355590387286e-05,314.8693094460177,0.14303754270076752,0.006710454355925322,0.0008253873093053699,4.274568709661253e-06,3.2290188300976297e-06,0.0007495351601392031,0.000598493090365082,4.362483014119789e-05,0.000597436330281198,0.004438567440956831,0.023601418361067772,0.0,0.03945650905370712,0.0004819974419660866,0.2609364986419678,1.5812245237611933e-06,,,,
941,0.023497596383094788,5.8136237887119895e-05,315.2053010259988,0.7882755994796753,0.006745197810232639,0.0007475113961845636,3.7168456401559524e-06,4.472290129342582e-06,0.0009258569916710258,0.0005966422031633556,4.355499550001696e-05,0.0005971917416900396,0.025123074650764465,0.03282880410552025,0.0,0.03995251655578613,0.0004310955118853599,0.2609793543815613,1.458308361179661e-06,,,,
942,0.024042494595050812,5.786352762721838e-05,315.54026251100004,0.23082686960697174,0.006417292635887861,0.0008118876721709967,3.848557753372006e-06,3.201359504600987e-06,0.0008189312065951526,0.0005971541395410895,4.327560600358993e-05,0.0005969166522845626,0.07463247328996658,0.022752195596694946,0.0,0.03040684387087822,6.824037700425833e-05,0.26102322340011597,2.670710273378063e-06,,,,
943,0.025821568444371223,5.759542781570865e-05,315.87777327297954,0.18264545500278473,0.006301474757492542,0.0007806345820426941,4.772336069436278e-06,3.507271458147443e-06,0.000975274364463985,0.0005954215885140002,4.322471795603633e-05,0.0005967163015156984,0.059851646423339844,0.03715830296278,0.0,0.038500189781188965,0.000734697503503412,0.26106610894203186,2.7146998036187142e-06,,,,
944,0.023057768121361732,5.733194109862747e-05,316.2099477169686,0.7502461075782776,0.006059981416910887,0.0006944536580704153,5.939314178249333e-06,3.276217739767162e-06,0.0009033169480971992,0.0005946730962023139,4.3154672312084585e-05,0.0005964484298601747,0.026435676962137222,0.030228525400161743,0.0,0.05703267455101013,0.0004368717782199383,0.26111093163490295,3.062033556489041e-06,,,,
945,0.02206728234887123,5.707307007648242e-05,316.5444030530052,0.3030029535293579,0.006622309796512127,0.0007256839890033007,3.961042239097878e-06,3.485818297122023e-06,0.0009541838662698865,0.000592971860896796,4.337313657742925e-05,0.0005966669996269047,0.04389116168022156,0.021531835198402405,0.0,0.02445036545395851,0.00024807738373056054,0.26116064190864563,2.9055652248644037e-06,,,,
946,0.023896528407931328,5.6818817304225936e-05,316.88398426701315,0.381382554769516,0.006695589050650597,0.0008244514465332031,3.764298526220955e-06,4.43571298092138e-06,0.0009022796293720603,0.0005924790166318417,4.367219298728742e-05,0.000595850229728967,0.011362353339791298,0.047086115926504135,0.0,0.027539754286408424,0.00019875819270964712,0.2612064480781555,1.4091468756305403e-06,,,,
947,0.02567495033144951,5.65691852912303e-05,317.21921844402095,0.39059746265411377,0.006460497621446848,0.0008002546383067966,4.194540451862849e-06,3.8532862163265236e-06,0.0009315728093497455,0.0005925035220570862,4.3813208321807906e-05,0.0005949921905994415,0.0058366344310343266,0.07765562832355499,0.0,0.013125576078891754,0.0002940074191428721,0.2612532377243042,2.822317355821724e-06,,,,
948,0.02669258788228035,5.632417650126269e-05,317.5571002259967,0.4078729450702667,0.006823019590228796,0.0008411314338445663,3.513188858050853e-06,3.3883097785292193e-06,0.0009143570205196738,0.0005940477713011205,4.378931043902412e-05,0.0005941838026046753,0.047248274087905884,0.05403921753168106,0.0,0.01948222517967224,0.0006870863726362586,0.2612961530685425,2.088323299176409e-06,,,,
949,0.023873599246144295,5.608379335246091e-05,317.89861454296624,0.4195029139518738,0.00647305604070425,0.0006894655525684357,3.1773422506375937e-06,3.1536296773992945e-06,0.0009095800924114883,0.0005976045504212379,4.3596715840976685e-05,0.0005944874719716609,0.04813643917441368,0.036319490522146225,0.0,0.038934964686632156,0.0002212148974649608,0.2613371014595032,1.7530285276734503e-06,,,,
950,0.02617178112268448,5.584803821730962e-05,318.2375346220215,0.6017434597015381,0.00694326963275671,0.0008657548460178077,3.9234755604411475e-06,3.946211563743418e-06,0.0008277445449493825,0.0005967986071482301,4.362779873190448e-05,0.0005940084811300039,0.03316771239042282,0.04627757519483566,0.0,0.04207879677414894,0.00032105407444760203,0.26137903332710266,2.9213913421699544e-06,1.0644078658100662,8.299157050714456,0.902132750559098,0.7578971991671893
951,0.022433113306760788,5.56169134226168e-05,318.63211183901876,0.42487233877182007,0.006384703796356916,0.0007815193384885788,3.490568587949383e-06,3.239185389247723e-06,0.0009351538028568029,0.0005918071838095784,4.377087680040859e-05,0.0005934552173130214,0.04188757389783859,0.02624955214560032,0.0,0.024328097701072693,0.00011682051263051108,0.26142191886901855,2.674305278560496e-06,,,,
952,0.026258276775479317,5.539042124949088e-05,318.970454009017,0.6375847458839417,0.006776356138288975,0.0007905339589342475,3.1711638257547747e-06,4.277708285371773e-06,0.0010624711867421865,0.0005891038454137743,4.399869067128748e-05,0.0005964469746686518,0.027223581448197365,0.06711365282535553,0.0,0.013054603710770607,0.0003979500033892691,0.26146289706230164,2.0257507458154578e-06,,,,
953,0.025109371170401573,5.516856393331816e-05,319.30443603202,0.5758893489837646,0.00691567687317729,0.0008384419488720596,3.550817154973629e-06,4.405414074426517e-06,0.0009097062866203487,0.000588916358537972,4.381285179988481e-05,0.0005956210079602897,0.032776229083538055,0.04142610728740692,0.0,0.029949279502034187,0.00045553295058198273,0.26149994134902954,8.509866802342003e-07,,,,
954,0.022320520132780075,5.495134366374081e-05,319.640789047,0.1367950737476349,0.006280730478465557,0.0007866276428103447,3.1293202482629567e-06,3.6560477383318357e-06,0.0008121448336169124,0.0005899851094000041,4.341042222222313e-05,0.0005930794286541641,0.015951337292790413,0.044735439121723175,0.0,0.01459454745054245,0.0002495934604667127,0.26153701543807983,1.3569122074841289e-06,,,,
955,0.02181355655193329,5.473876258463517e-05,319.9800067669712,0.809812068939209,0.006322353146970272,0.0007080535287968814,4.624120265361853e-06,4.030162472190568e-06,0.000704344711266458,0.0005922900745645165,4.305540642235428e-05,0.0005920625990256667,0.01377289742231369,0.01940474659204483,0.0,0.07328151166439056,0.00015795718354638666,0.26157116889953613,2.1823311726620886e-06,,,,
956,0.020891321823000908,5.453082279409069e-05,320.31577741500223,0.23052233457565308,0.00672293733805418,0.0008275056025013328,3.7337329104047967e-06,3.561511903171777e-06,0.000918220030143857,0.0005909670726396143,4.3007355998270214e-05,0.0005917378002777696,0.009151667356491089,0.01999601349234581,0.0,0.019987354055047035,0.00035605538869276643,0.2616121172904968,4.198470833216561e-06,,,,
957,0.02290301024913788,5.432752634438913e-05,320.65194729698123,0.36716383695602417,0.0066254655830562115,0.0007659489056095481,3.2477742024639156e-06,3.022968257937464e-06,0.0008674747077748179,0.0005882836412638426,4.310396616347134e-05,0.0005923217977397144,0.012033935636281967,0.03350850194692612,0.0,0.04858367145061493,0.0001881782809505239,0.2616501748561859,3.0973619686847087e-06,,,,
958,0.025475984439253807,5.412887524198437e-05,320.9886975850095,0.7097005248069763,0.007128220982849598,0.0008463298436254263,3.9406868381774984e-06,4.706531854026252e-06,0.0008008532458916306,0.0005869099986739457,4.313413592171855e-05,0.0005936744855716825,0.021873317658901215,0.06179838627576828,0.0,0.011859937570989132,0.00013718256377615035,0.261691153049469,1.0828742233570665e-05,,,,
959,0.028446413576602936,5.393487144748267e-05,321.32523046596907,0.3590608835220337,0.006561758928000927,0.0006942297331988811,3.87508134735981e-06,3.900844149029581e-06,0.000940131489187479,0.0005869798478670418,4.3100069888168946e-05,0.0005913141067139804,0.040872324258089066,0.08517476171255112,0.0,0.03508036211133003,0.00021677617041859776,0.2617282271385193,3.6474382341111777e-06,,,,
960,0.02560877799987793,5.374551687562306e-05,321.66056818899233,0.38920584321022034,0.006547140423208475,0.0007378933951258659,5.467636128742015e-06,3.82864527637139e-06,0.0007953999447636306,0.0005885611171834171,4.295998587622307e-05,0.0005898769595660269,0.035341743379831314,0.059316039085388184,0.0,0.027967695146799088,0.0004784104530699551,0.2617662847042084,1.2651707947952673e-06,,,,
961,0.01917969062924385,5.356081339525873e-05,321.99317509296816,0.9943245053291321,0.005752350203692913,0.0007659704424440861,5.259936187940184e-06,3.12123211188009e-06,0.000696627888828516,0.0005931421183049679,4.2820545786526054e-05,0.0005901492550037801,0.04119312763214111,0.010376637801527977,0.0,0.012988507747650146,0.00020693315309472382,0.26180338859558105,2.847953510354273e-06,,,,
962,0.024052778258919716,5.338076282933854e-05,322.3306826829794,0.4771583080291748,0.006660619750618935,0.0008185268379747868,5.0915868996526115e-06,3.871169610647485e-06,0.0007089608116075397,0.0005916391382925212,4.3005904444726184e-05,0.0005894748028367758,0.025697726756334305,0.0454687736928463,0.0,0.02227482944726944,0.0005004120757803321,0.26183754205703735,3.003540314239217e-06,,,,
963,0.02622975967824459,5.3205366954888794e-05,322.6670365059981,0.7674393653869629,0.006496903486549854,0.0008355515892617404,2.8905355975439306e-06,4.83144867757801e-06,0.0009037239360623062,0.0005870545282959938,4.314891339163296e-05,0.0005892046028748155,0.036085762083530426,0.05327971652150154,0.0,0.036601509898900986,0.0003675307962112129,0.26186975836753845,6.056887968952651e-07,,,,
964,0.022644877433776855,5.303462750299601e-05,323.0004178379895,0.5296533703804016,0.006138396915048361,0.0007384604541584849,4.126838575757574e-06,4.0583868212706875e-06,0.0007986078271642327,0.0005853085312992334,4.301684384699911e-05,0.0005910378531552851,0.035559240728616714,0.03828195482492447,0.0,0.01891540363430977,0.000514568411745131,0.26190391182899475,1.5378434454760281e-06,,,,
965,0.02562227100133896,5.286854615878964e-05,323.33762760896934,0.17300839722156525,0.006107435096055269,0.0007569872541353106,3.425308932492044e-06,3.827777618425898e-06,0.0009154920699074864,0.0005855081253685057,4.2677591409301385e-05,0.000591173826251179,0.02789832279086113,0.06886910647153854,0.0,0.024499215185642242,0.0002306033275090158,0.26193708181381226,3.935533186449902e-06,,,,
966,0.023122074082493782,5.270712456142551e-05,323.6726663580048,0.49048763513565063,0.006394986994564533,0.0007488720584660769,3.785136641454301e-06,3.941906470572576e-06,0.000956763862632215,0.0005856315838173032,4.238777910359204e-05,0.000591507472563535,0.03172692656517029,0.028107451274991035,0.0,0.04124686121940613,0.00045098960981704295,0.26196929812431335,1.9220947251596954e-06,,,,
967,0.024050457403063774,5.255036430406964e-05,324.0099116740166,0.49455878138542175,0.0057901437394320965,0.0007083213422447443,4.176617949269712e-06,3.2499835924681975e-06,0.000824613671284169,0.000586734910029918,4.222021016175859e-05,0.0005896083312109113,0.041408199816942215,0.057456083595752716,0.0,0.01993822306394577,0.00023691276146564633,0.26200541853904724,5.532987188416882e-07,,,,
968,0.027120739221572876,5.2398266933882417e-05,324.3472809870145,0.5672935247421265,0.005655202548950911,0.000719801988452673,4.206584890198428e-06,3.369780415596324e-06,0.001025355071760714,0.000587698828894645,4.22392477048561e-05,0.0005888771847821772,0.04705742746591568,0.08227382600307465,0.0,0.02064809575676918,0.00014047094737179577,0.26203861832618713,1.3673056855623145e-06,,,,
969,0.02322068065404892,5.2250833952003546e-05,324.68446483497974,0.18698278069496155,0.006672052666544914,0.0007629835745319724,3.988965545431711e-06,3.2239374831988243e-06,0.0009138036984950304,0.0005867065628990531,4.2492283682804555e-05,0.0005888483137823641,0.038010671734809875,0.037168972194194794,0.0,0.018457559868693352,0.00019148580031469464,0.26207083463668823,2.103491397065227e-06,,,,
970,0.022304033860564232,5.2108066813537e-05,325.02156198001467,0.41716286540031433,0.0064254142343997955,0.0008012763573788106,4.063743290316779e-06,2.904028860939434e-06,0.0007943506352603436,0.0005860786768607795,4.2622828914318234e-05,0.0005887480219826102,0.052976589649915695,0.02415189892053604,0.0,0.015760933980345726,0.0001542702957522124,0.2621020972728729,2.8071490305592306e-06,,,,
971,0.02243962325155735,5.1969966927536814e-05,325.35759162402246,0.6604607105255127,0.006207224912941456,0.0007562941173091531,4.7975886445783544e-06,3.1033396226121113e-06,0.000871947209816426,0.0005851340247318149,4.266069663572125e-05,0.0005888804444111884,0.04378972947597504,0.03215254843235016,0.0,0.018767382949590683,0.0001771932002156973,0.26213139295578003,1.3309966107044602e-06,,,,
972,0.02364308387041092,5.183653565699306e-05,325.69088907400146,0.3631949722766876,0.006704763974994421,0.0007267775945365429,4.549220648186747e-06,3.5120460779580753e-06,0.0008147902553901076,0.0005845207488164306,4.252083817846142e-05,0.0005887635634280741,0.04634268954396248,0.03180574253201485,0.0,0.03117196634411812,0.0005065755685791373,0.2621616721153259,8.08469394542044e-06,,,,
973,0.023891953751444817,5.1707774318818616e-05,326.0265901199891,0.34335240721702576,0.00704854354262352,0.0007455737213604152,4.547817297861911e-06,3.5465800465317443e-06,0.0009460488799959421,0.0005836940254084766,4.240021371515468e-05,0.0005890533211641014,0.004570747725665569,0.03390893712639809,0.0,0.06570141762495041,0.0001563287223689258,0.26219290494918823,1.4309338212115108e-06,,,,
974,0.02255592681467533,5.158368418383582e-05,326.3616820439929,0.7209697365760803,0.006080602761358023,0.000816184445284307,4.719015123555437e-06,3.8004691305104643e-06,0.0008906780276447535,0.0005839667865075171,4.224743679515086e-05,0.000587719026952982,0.011129857040941715,0.048196107149124146,0.0,0.009964453056454659,0.00034412587410770357,0.2622300386428833,1.6562207747483626e-06,,,,
975,0.023889988660812378,5.146426647676422e-05,326.6998710570042,0.5002151131629944,0.006177596747875214,0.0007734333630651236,3.0329836135933874e-06,3.7185170640441356e-06,0.0008593010134063661,0.0005836546188220382,4.230201739119366e-05,0.0005872812471352518,0.06871011853218079,0.017103953287005424,0.0,0.047580935060977936,0.0004238042456563562,0.262264221906662,2.1927185116510373e-06,1.173760116011477,8.190597626086552,0.9390486358534305,0.8379635085583829
976,0.020049240440130234,5.134952237620838e-05,327.0784725929843,0.2592971920967102,0.005985881667584181,0.0006952562252990901,3.3643823371676262e-06,3.4722361306194216e-06,0.0008190301014110446,0.000582175562158227,4.239276677253656e-05,0.000588596856687218,0.02479533664882183,0.028740307316184044,0.0,0.01285209134221077,0.0002435696223983541,0.26230037212371826,3.5872249100066256e-06,,,,
977,0.028301607817411423,5.123945301464625e-05,327.410873633984,1.0594381093978882,0.006471390835940838,0.0007128013530746102,4.338312464824412e-06,3.673125775094377e-06,0.0007654351065866649,0.0005814345204271376,4.25252910645213e-05,0.0005889461026526988,0.03607936576008797,0.08880241215229034,0.0,0.01662505231797695,0.0011586392065510154,0.26233357191085815,4.50058541900944e-06,,,,
978,0.026282062754034996,5.113405947841802e-05,327.74634651700035,0.47758471965789795,0.006572001613676548,0.0007918981136754155,3.695108489409904e-06,3.060490371353808e-06,0.0009312545880675316,0.0005823718383908272,4.223788346280344e-05,0.0005861638928763568,0.03833509981632233,0.050097882747650146,0.0,0.042877111583948135,0.0005840835510753095,0.26236385107040405,4.727001851279056e-06,,,,
979,0.02502346783876419,5.10333428077153e-05,328.09015858598286,0.83033287525177,0.006468323990702629,0.000761715229600668,4.040473413624568e-06,3.955313331971411e-06,0.0007232397329062223,0.0005886446451768279,4.170904139755294e-05,0.0005861430545337498,0.03741760179400444,0.05518849939107895,0.0,0.026502149179577827,0.00037446198984980583,0.26239708065986633,5.2508339649648406e-06,,,,
980,0.02278277650475502,5.093730399657101e-05,328.42733226699056,1.0985788106918335,0.006641634739935398,0.0007357540307566524,4.742974851978943e-06,3.85717794415541e-06,0.000883648986928165,0.0005892855697311461,4.1397368477191776e-05,0.0005862782709300518,0.02956557832658291,0.03972131758928299,0.0,0.01758618839085102,0.00020421051885932684,0.2624293267726898,3.0821254313195823e-06,,,,
981,0.02148258313536644,5.0845943992849396e-05,328.76594655099325,0.2582215964794159,0.0054070898331701756,0.0007984759286046028,4.594364327203948e-06,3.8384350773412734e-06,0.0008109805057756603,0.0005828304565511644,4.150953463977203e-05,0.0005850710440427065,0.034117214381694794,0.029622726142406464,0.0,0.027702363207936287,7.604974962305278e-05,0.2624596059322357,1.404906356583524e-06,,,,
982,0.023826593533158302,5.0759263698236864e-05,329.1040992870112,1.0099226236343384,0.0063897897489368916,0.0006987635279074311,3.77886749447498e-06,3.925173132302007e-06,0.0009782727574929595,0.0005802520900033414,4.17120500060264e-05,0.0005890709580853581,0.024063950404524803,0.04854530096054077,0.0,0.033587902784347534,0.0002505441661924124,0.262489914894104,2.044526354438858e-06,,,,
983,0.02671988494694233,5.067726396823285e-05,329.4382966249832,1.0493665933609009,0.005996239837259054,0.0007036064052954316,4.4911375880474225e-06,3.526185992086539e-06,0.0010610087774693966,0.0005799181526526809,4.1783096094150096e-05,0.0005893557681702077,0.0423494353890419,0.07200177013874054,0.0,0.023668713867664337,0.0005518155521713197,0.2625211775302887,3.648593065008754e-06,,,,
984,0.023583007976412773,5.0599945612141705e-05,329.7725488879951,0.13584156334400177,0.006252828519791365,0.0007217489182949066,3.2946409191936255e-06,3.6591482057701796e-06,0.0008957580430433154,0.0005797810154035687,4.162440382060595e-05,0.000585890025831759,0.013402451761066914,0.0414128303527832,0.0,0.05763133615255356,0.00021078114514239132,0.2625514566898346,1.7586910416866885e-06,,,,
985,0.021299244835972786,5.0527309393064295e-05,330.1065479129902,0.5603730082511902,0.005790598224848509,0.0007839403115212917,3.832788934232667e-06,4.4683474698103964e-06,0.0009717632783576846,0.0005806203698739409,4.146993887843564e-05,0.0005842394311912358,0.05495953559875488,0.011658284813165665,0.0,0.018922660499811172,0.0005065099103376269,0.26258665323257446,1.7088775621232344e-06,,,,
986,0.023646002635359764,5.045935602789076e-05,330.4416622080025,1.0715171098709106,0.006585394032299519,0.0007552973693236709,4.270642421033699e-06,3.5178372854716145e-06,0.0008909969474188983,0.0005839854711666703,4.12637964473106e-05,0.0005836556083522737,0.01672995463013649,0.0488901287317276,0.0,0.028692597523331642,0.00017229057266376913,0.26262086629867554,1.5898358469712548e-06,,,,
987,0.029071558266878128,5.039608618729346e-05,330.7929832789814,0.6195893883705139,0.006600128952413797,0.000829216034617275,3.9868596104497556e-06,3.451234078966081e-06,0.000817105348687619,0.0005840137018822134,4.1355764551553875e-05,0.0005833963514305651,0.06686847656965256,0.06950214505195618,0.0,0.03350794315338135,0.00034800899447873235,0.2626550793647766,1.7646700598561438e-06,,,,
988,0.021230561658740044,5.033750049572013e-05,331.1295310779824,0.32792869210243225,0.006208210717886686,0.0008326628594659269,3.721384928212501e-06,3.3943122161872452e-06,0.0007599184173159301,0.0005806443514302373,4.161372271482833e-05,0.0005831875023432076,0.030244816094636917,0.019130542874336243,0.0,0.028066949918866158,0.00014501177065540105,0.2626892924308777,2.0244469851604663e-06,,,,
989,0.026949794963002205,5.028359953138787e-05,331.4659465799923,1.4530062675476074,0.006194916553795338,0.0007917145267128944,3.993290192738641e-06,4.772036845679395e-06,0.001023626420646906,0.0005788573762401938,4.189034370938316e-05,0.0005848854198120534,0.02595527656376362,0.07874277979135513,0.0,0.022687595337629318,0.00011767758405767381,0.26272350549697876,1.2956001000929973e-06,,,,
990,0.03073182702064514,5.023438382627749e-05,331.8055335879908,1.1603072881698608,0.006807050667703152,0.000760394090320915,3.6663113860413432e-06,4.761734089697711e-06,0.0008121581631712615,0.0005799792124889791,4.188234743196517e-05,0.0005828836001455784,0.035207051783800125,0.09959275275468826,0.0,0.04181649535894394,0.0004736278497148305,0.26275771856307983,2.4383393792959396e-06,,,,
991,0.01922430656850338,5.018985386612814e-05,332.1417229530052,0.708340048789978,0.006063018925487995,0.0008367858827114105,3.7616277950291988e-06,3.5918935736845015e-06,0.0007067010155878961,0.0005847694119438529,4.153009649598971e-05,0.0005825191619805992,0.018872104585170746,0.016563616693019867,0.0,0.00992367509752512,7.400453614536673e-05,0.2627948820590973,2.6246470952173695e-06,,,,
992,0.025983091443777084,5.015001009043253e-05,332.4803269369877,1.7352219820022583,0.00622973358258605,0.0007242485298775136,4.538296707323752e-06,5.045676061854465e-06,0.0007570699672214687,0.0005888196756131947,4.131179230171256e-05,0.0005837578210048378,0.058888476341962814,0.053019046783447266,0.0,0.04192378371953964,0.00010337265848647803,0.26282811164855957,2.113121354341274e-06,,,,
993,0.025724465027451515,5.0114852892432584e-05,332.8186383820139,0.7091324329376221,0.005639262497425079,0.0007287051412276924,4.263969458406791e-06,3.8583693822147325e-06,0.0007934640161693096,0.0005810623406432569,4.154365888098255e-05,0.0005821292870678008,0.025738634169101715,0.08726140111684799,0.0,0.006800509057939053,0.0003984728828072548,0.2628643214702606,1.800339646251814e-06,,,,
994,0.020438814535737038,5.008438261911574e-05,333.1562991680112,0.7399135828018188,0.005790380295366049,0.0006657605990767479,3.361810513524688e-06,4.380491645861184e-06,0.0008023109985515475,0.000579081242904067,4.194748544250615e-05,0.0005882839905098081,0.05960550904273987,0.01426474004983902,0.0,0.0232064351439476,0.0002483445277903229,0.2628975510597229,1.0381080528532038e-06,,,,
995,0.022437602281570435,5.005859957121122e-05,333.49099330900935,1.2332005500793457,0.00635884515941143,0.0007543351966887712,4.2307119656470604e-06,5.258099463389954e-06,0.0009038113057613373,0.0005806224071420729,4.2015439248643816e-05,0.0005928589962422848,0.03921399638056755,0.03065674379467964,0.0,0.018550245091319084,0.00028491331613622606,0.26293179392814636,2.770405217233929e-06,,,,
996,0.02170589752495289,5.003750400318735e-05,333.8285878439783,0.5925266146659851,0.0062306844629347324,0.0007456472958438098,3.918401944247307e-06,3.786515208048513e-06,0.0008582648588344455,0.0005786980618722737,4.1693445382406935e-05,0.0005860032397322357,0.013192839920520782,0.04561793804168701,0.0,0.005113744642585516,0.0004192025517113507,0.26296308636665344,8.813975682642194e-07,,,,
997,0.02338140830397606,5.0021096123248834e-05,334.1651989619713,0.3302455246448517,0.006165418308228254,0.0008744926890358329,4.810236077901209e-06,2.802759581754799e-06,0.0007720954599790275,0.000580162217374891,4.138525764574297e-05,0.0005822114180773497,0.04855375364422798,0.027762630954384804,0.0,0.027411412447690964,0.0002106148167513311,0.26299145817756653,1.9383617200219305e-06,,,,
998,0.02013666182756424,5.000937609333487e-05,334.49971425300464,0.7816146016120911,0.006181302946060896,0.000770395272411406,3.832117727142759e-06,3.341825504321605e-06,0.0008468760061077774,0.0005839428631588817,4.117511707590893e-05,0.0005820092046633363,0.02884778380393982,0.021586289629340172,0.0,0.011133424006402493,6.868735363241285e-05,0.2630217671394348,2.04754360311199e-06,,,,
999,0.025110388174653053,5.000234402911735e-05,334.8394136360148,0.39053985476493835,0.005865142215043306,0.0007250972557812929,3.843464583042078e-06,3.0959486139181536e-06,0.0007793737458996475,0.0005838291253894567,4.125742270844057e-05,0.0005819139769300818,0.025737561285495758,0.04784812405705452,0.0,0.057094790041446686,0.0010996591299772263,0.2630501389503479,1.3526095017368789e-06,,,,
1000,0.026339074596762657,5e-05,335.1755754679907,0.19150346517562866,0.0058750431053340435,0.0007875445298850536,3.5237762858741917e-06,3.98363499698462e-06,0.0009003673912957311,0.000583044660743326,4.127962893107906e-05,0.0005816731718368828,0.028416750952601433,0.06558573991060257,0.0,0.03415320813655853,0.0007850035326555371,0.26308438181877136,5.134294951858465e-06,1.1744961769949314,8.223746275535557,0.9328626977440542,0.8384889926294419
