epoch,loss,learning_rate,training_seconds,gradient_norm,simulation,top,hot,cold,top_center,top_tail,top_tail_slope,top_tail_endpoint,pde,boundary,initial,interface,low_cooling,contact_prior,temporal,validation_score_k,validation_顶部_rmse_k,validation_热端_rmse_k,validation_冷端_rmse_k,validation_中心后段_rmse_k
1,13.702223777770996,0.0009999976559708827,0.24259575799806044,39.73739242553711,0.32387465238571167,0.7516142725944519,0.00119791307952255,0.00023070754832588136,0.9859136343002319,0.8508036136627197,2.981635225296486e-05,0.8525746464729309,7.719404493400361e-07,0.0038650212809443474,0.0,0.00037085911026224494,3.481238672975451e-05,0.0,5.631397126393267e-09,201.97959723204158,213.01938034884344,5.212981112028985,8.431043667746732,269.03417840296726
2,11.710569381713867,0.0009999906239066651,0.33572558098239824,33.65853500366211,0.29244720935821533,0.6313625574111938,0.0004930119030177593,0.0012809343170374632,0.8469842672348022,0.7390575408935547,2.8025568099110387e-05,0.740609347820282,1.6443578715552576e-05,0.009403150528669357,0.0,0.0002228967350674793,0.0009789594914764166,9.259392754756846e-07,2.959743028441153e-08,,,,,
3,9.804738998413086,0.0009999789038767511,0.3890101069700904,28.638940811157227,0.26447075605392456,0.5155782103538513,0.005107929464429617,0.007943782955408096,0.706303596496582,0.6129562258720398,2.442591721774079e-05,0.6141057014465332,0.00014101402484811842,0.018001031130552292,0.0,0.00045254649012349546,0.0037119004409760237,3.5727898648474365e-06,2.1536648091569077e-06,,,,,
4,7.840871810913086,0.0009999624959968127,0.44166495301760733,21.663990020751953,0.23535308241844177,0.39026743173599243,0.021103158593177795,0.028090134263038635,0.543524980545044,0.44923582673072815,1.7830585420597345e-05,0.4496651589870453,0.0005660403403453529,0.060315195471048355,0.0,0.001650082878768444,0.013224099762737751,7.9901801655069e-06,2.4400650389111433e-09,,,,,
5,5.821654796600342,0.0009999414004287887,0.4923480409779586,10.36617374420166,0.16677725315093994,0.21602188050746918,0.063209667801857,0.07720892876386642,0.3510515093803406,0.26481232047080994,1.3728043995797634e-05,0.2646068334579468,0.0014354180311784148,0.17584066092967987,0.0,0.0062064677476882935,0.04136812314391136,9.748942829901353e-06,1.1392247643016162e-06,,,,,
6,5.870928764343262,0.0009999156173808841,0.5414254469797015,30.564804077148438,0.12081117928028107,0.12759126722812653,0.15600958466529846,0.1728174090385437,0.18190954625606537,0.14774824678897858,2.9906859708717093e-05,0.1482602208852768,0.004677970428019762,0.3618370592594147,0.0,0.01957046240568161,0.08376698940992355,6.728805601596832e-06,1.305714292243465e-08,,,,,
7,6.704482078552246,0.0009998851471075673,0.626952879014425,51.54803466796875,0.10725055634975433,0.13789348304271698,0.19858300685882568,0.20809423923492432,0.15572071075439453,0.15941122174263,6.195490277605131e-05,0.16145385801792145,0.013243656605482101,0.49268749356269836,0.0,0.03887884318828583,0.11020205169916153,3.6198116504237987e-06,1.5942878235364333e-06,,,,,
8,5.934770107269287,0.0009998499899095672,0.6757612769724801,48.061683654785156,0.10516136139631271,0.14759467542171478,0.1578056961297989,0.16524121165275574,0.15890651941299438,0.16365686058998108,7.857925811549649e-05,0.16615872085094452,0.00908797699958086,0.3914584517478943,0.0,0.04522501677274704,0.08047781884670258,1.255671122635249e-06,1.9319975308462745e-07,,,,,
9,4.317180156707764,0.0009998101461338716,0.7244801620254293,31.076231002807617,0.10356251150369644,0.12908726930618286,0.0959329754114151,0.09727784246206284,0.14530302584171295,0.14128808677196503,7.234483928186819e-05,0.14295192062854767,0.008429528214037418,0.3726294934749603,0.0,0.05177276208996773,0.058117665350437164,8.076676749624312e-08,4.945037289871834e-06,,,,,
10,3.1796534061431885,0.0009997656161737222,0.7730297920061275,11.281876564025879,0.11325053125619888,0.11660689115524292,0.03956431895494461,0.039840929210186005,0.18306368589401245,0.13751636445522308,5.3948882850818336e-05,0.1378912627696991,0.01130954921245575,0.2289050966501236,0.0,0.04492795839905739,0.03018302097916603,2.8623708203667775e-07,3.8029003945894146e-08,,,,,
11,2.975839614868164,0.0009997164004686117,0.8210831379983574,12.06171989440918,0.1416492462158203,0.13343775272369385,0.011004811152815819,0.00919930450618267,0.221464142203331,0.16195249557495117,4.417784293764271e-05,0.16149789094924927,0.008096621371805668,0.16957247257232666,0.0,0.050076041370630264,0.011581807397305965,1.642853021621704e-06,7.680306879365162e-08,,,,,
12,2.7454144954681396,0.0009996624995042794,0.8686965680099092,15.127737045288086,0.13847434520721436,0.1318383514881134,0.002538114320486784,0.0011208928190171719,0.21565335988998413,0.15561428666114807,5.687394877895713e-05,0.15504814684391022,0.004082514904439449,0.18741844594478607,0.0,0.05601561814546585,0.009389841929078102,4.4099615479353815e-06,1.3243406371543642e-08,,,,,
13,2.2216732501983643,0.000999603913812706,0.9179779710248113,11.090746879577637,0.12953127920627594,0.10835393518209457,0.00040859737782739103,0.0005261958576738834,0.17058740556240082,0.12461087852716446,9.64110586210154e-05,0.12469419836997986,0.006825474556535482,0.259713739156723,0.0,0.07797074317932129,0.003827241715043783,8.876100764609873e-06,4.904965877905454e-10,,,,,
14,1.9177805185317993,0.0009995406439721089,0.9672027729684487,5.698416233062744,0.1004045382142067,0.09708776324987411,0.0005176243139430881,0.0031342566944658756,0.11897742003202438,0.11421407759189606,0.0001925540273077786,0.11671233922243118,0.017634078860282898,0.4558897018432617,0.0,0.12736397981643677,0.011628111824393272,1.489589431002969e-05,5.1030266234874944e-08,,,,,
15,2.0577938556671143,0.0009994726906069353,1.0175033179693855,14.94497013092041,0.08751704543828964,0.10770191252231598,0.0014770922716706991,0.006914989557117224,0.10817158222198486,0.12797647714614868,0.0002915434306487441,0.1325833648443222,0.015105858445167542,0.507583737373352,0.0,0.2212151288986206,0.0054444121196866035,2.1428892068797722e-05,3.2135596939042443e-07,,,,,
16,1.9293962717056274,0.0009994000543878578,1.0665108829853125,13.906009674072266,0.08052338659763336,0.09570972621440887,0.0032281111925840378,0.012802736833691597,0.0933213084936142,0.11339379101991653,0.0003391272621229291,0.11805841326713562,0.023729177191853523,0.5503178238868713,0.0,0.22599375247955322,0.01577642560005188,2.9996997909620404e-05,1.1287140296190046e-05,,,,,
17,1.4980634450912476,0.0009993227360317665,1.1170735930209048,7.7258148193359375,0.09521058201789856,0.06395760178565979,0.00441977521404624,0.014502570033073425,0.0805051252245903,0.07819563150405884,0.00031868662335909903,0.08082807809114456,0.021726101636886597,0.47537076473236084,0.0,0.13497887551784515,0.003341509960591793,4.079066275153309e-05,6.7427761152316634e-09,,,,,
18,1.304740071296692,0.0009992407363017626,1.1670040300232358,11.995176315307617,0.08739028126001358,0.05431357026100159,0.003157238010317087,0.009306708350777626,0.08937464654445648,0.06081339716911316,0.00027904470334760845,0.0612320676445961,0.023811407387256622,0.3971829414367676,0.0,0.1256561279296875,0.006630006246268749,5.399399378802627e-05,8.38811153869301e-09,,,,,
19,1.0809578895568848,0.00099915405600715,1.2170038120239042,13.856189727783203,0.0759487971663475,0.04300467669963837,0.0010114976903423667,0.0044013736769557,0.0874752327799797,0.05178316310048103,0.00027434734511189163,0.051259636878967285,0.014917366206645966,0.31739330291748047,0.0,0.10986572504043579,0.010133610107004642,6.92517205607146e-05,5.906137516831222e-07,,,,,
20,0.7852018475532532,0.0009990626960034283,1.2677928860066459,10.752017974853516,0.0635405108332634,0.031605109572410583,0.0005246534710749984,0.001468490227125585,0.0653294026851654,0.034952450543642044,0.0003188085975125432,0.03474752604961395,0.01614934578537941,0.3042718172073364,0.0,0.17977657914161682,0.004759782925248146,8.638791041448712e-05,2.1855037779516806e-09,,,,,
21,0.5411751866340637,0.000998966657192284,1.3191897660144605,3.941438913345337,0.04443492367863655,0.02215491235256195,0.0032055876217782497,0.0008157838601619005,0.024511009454727173,0.02820102870464325,0.0004379896563477814,0.030200527980923653,0.02856799028813839,0.37708842754364014,0.0,0.16659803688526154,0.012592850252985954,0.00010629966709529981,6.608044600397989e-08,,,,,
22,0.6191988587379456,0.0009988659405215812,1.3680278629763052,11.587871551513672,0.0389803983271122,0.025752177461981773,0.006043154746294022,0.0020793857984244823,0.012435147538781166,0.037311021238565445,0.00044812410487793386,0.040258873254060745,0.021474335342645645,0.41194337606430054,0.0,0.2146771252155304,0.030611954629421234,0.0001283825986320153,4.397705311021127e-08,,,,,
23,0.7391229271888733,0.000998760546985353,1.4163197560119443,6.4061174392700195,0.03912901133298874,0.0277019664645195,0.0067937932908535,0.001787063549272716,0.023415936157107353,0.03300509974360466,0.0003101814945694059,0.03423311188817024,0.0353207141160965,0.6821436882019043,0.0,0.20679119229316711,0.08100739121437073,0.00015276018530130386,1.1229266050349906e-07,,,,,
24,0.871157169342041,0.0009986504776237908,1.4641513890237547,15.498860359191895,0.035894352942705154,0.04050324857234955,0.004105692263692617,0.0012383669381961226,0.058957379311323166,0.04026654735207558,0.0001263302838196978,0.03996386006474495,0.011594654992222786,0.311225026845932,0.0,0.13577452301979065,0.021751344203948975,0.00018043213640339673,5.6941068748983525e-08,,,,,
25,0.8868938088417053,0.000998535733523235,1.511727028992027,15.474339485168457,0.03578547015786171,0.04050866886973381,0.00408120546489954,0.0007556869531981647,0.05850587412714958,0.04275604337453842,6.247943383641541e-05,0.04280483350157738,0.013397357426583767,0.4414829909801483,0.0,0.164090096950531,0.01987699791789055,0.00020932861662004143,8.50545944786063e-08,41.06506598777427,48.22631412849713,17.525102240988062,6.660043060865581,43.79567488251806
26,0.6850269436836243,0.0009984163158161632,1.570775332977064,6.68081521987915,0.03373967111110687,0.031397026032209396,0.0036608404479920864,0.0005826184060424566,0.030264228582382202,0.03497547283768654,4.4357388105709106e-05,0.035561345517635345,0.03429935872554779,0.5010561943054199,0.0,0.22477605938911438,0.03204266354441643,0.00023980886908248067,5.193054875007874e-08,,,,,
27,0.5720328092575073,0.0009982922256811804,1.621461079979781,9.7476224899292,0.034753959625959396,0.02990609034895897,0.002856581239029765,0.0006233042804524302,0.011705047450959682,0.03567247837781906,3.377044413355179e-05,0.03649458289146423,0.04072221368551254,0.398258239030838,0.0,0.2657007575035095,0.016591966152191162,0.00027412563213147223,8.963048969690135e-08,,,,,
28,0.47839587926864624,0.000998163464343006,1.6692811460234225,4.988811492919922,0.04022882133722305,0.02254592441022396,0.0009917266434058547,0.0016370611265301704,0.010638345032930374,0.024381238967180252,2.3688759029028006e-05,0.0248236246407032,0.02400117926299572,0.49817901849746704,0.0,0.327696830034256,0.022898059338331223,0.0003118469030596316,1.0669555194908753e-05,,,,,
29,0.49335619807243347,0.000998030033072462,1.7188814039691351,8.736032485961914,0.043807532638311386,0.018437739461660385,0.00019441248150542378,0.003832796588540077,0.03304563835263252,0.021303003653883934,3.6988920328440145e-05,0.021694131195545197,0.02397029846906662,0.29041093587875366,0.0,0.17598983645439148,0.00418846495449543,0.000352894130628556,3.6110478163209336e-08,,,,,
30,0.6071024537086487,0.0009978919331864618,1.767987783998251,11.560144424438477,0.051584359258413315,0.023523783311247826,0.0002817547647282481,0.00462613720446825,0.042385220527648926,0.02684524655342102,5.297620009514503e-05,0.027363989502191544,0.016462763771414757,0.2574281096458435,0.0,0.1748635470867157,0.004450209438800812,0.00039575714617967606,3.6327790553514205e-08,,,,,
31,0.5790256857872009,0.0009977491660479953,1.8160612559877336,7.4592390060424805,0.05468668043613434,0.020357144996523857,0.00026639149291440845,0.005754412617534399,0.03647613525390625,0.024159137159585953,5.938021786278114e-05,0.024486951529979706,0.025044215843081474,0.424847811460495,0.0,0.1601153314113617,0.005721435882151127,0.00043959537288174033,1.8738735889201052e-05,,,,,
32,0.5628071427345276,0.0009976017330661164,1.8640077469754033,4.915518760681152,0.04055719077587128,0.027127590030431747,0.00017688010120764375,0.004926073364913464,0.025087323039770126,0.024954047054052353,5.856612551724538e-05,0.02481389231979847,0.02313884347677231,0.3734559416770935,0.0,0.23436811566352844,0.003507413901388645,0.0004857777967117727,3.809109472285854e-08,,,,,
33,0.5667845010757446,0.000997449635695929,1.9121884549967945,7.556365966796875,0.04023869335651398,0.031804271042346954,0.0007491721771657467,0.0029194082599133253,0.02119627594947815,0.027705196291208267,7.144627306843176e-05,0.027344360947608948,0.00910414569079876,0.2629134953022003,0.0,0.23080450296401978,0.0015395835507661104,0.0005366497789509594,3.179100644956634e-07,,,,,
34,0.5013859868049622,0.000997292875438573,1.9600695469998755,4.066282749176025,0.04118015617132187,0.025770096108317375,0.0011261284817010164,0.0014404080575332046,0.02280069887638092,0.02317434549331665,0.00010111879237229005,0.022972896695137024,0.011989923194050789,0.26476621627807617,0.0,0.22780507802963257,0.005404251161962748,0.0005907961167395115,2.4903563655698235e-08,,,,,
35,0.4871538281440735,0.000997131453841209,2.010575487976894,4.2027788162231445,0.03937315195798874,0.01994146779179573,0.0018054274842143059,0.0005414565675891936,0.03236614167690277,0.022721827030181885,0.00014977779937908053,0.02315804362297058,0.016004430130124092,0.26203516125679016,0.0,0.22621826827526093,0.003742655273526907,0.0006492927786894143,5.240862321898021e-08,,,,,
36,0.47303465008735657,0.0009969653724970025,2.0590617089765146,4.353367328643799,0.03906133398413658,0.01809409074485302,0.0030578267760574818,0.00024446097086183727,0.030916165560483932,0.020959397777915,0.0001936723419930786,0.02159232087433338,0.02329237014055252,0.24812564253807068,0.0,0.14563539624214172,0.012232750654220581,0.0007119746878743172,4.743722854527732e-07,,,,,
37,0.40594473481178284,0.0009967946330451097,2.108420721022412,4.037570953369141,0.031026657670736313,0.018060151487588882,0.005317559000104666,0.00025351261137984693,0.01333562284708023,0.017193486914038658,0.00022289501794148237,0.017251471057534218,0.010731518268585205,0.2696107029914856,0.0,0.24101048707962036,0.010711696930229664,0.0007765873451717198,4.12673398386687e-06,,,,,
38,0.4478234350681305,0.0009966192371706599,2.15626954898471,7.169795989990234,0.028639454394578934,0.02285342663526535,0.005703061353415251,0.0002553156518843025,0.010891556739807129,0.018545305356383324,0.0002636909775901586,0.018458854407072067,0.018663404509425163,0.2827344834804535,0.0,0.26735472679138184,0.013986132107675076,0.0008456691284663975,1.9501895209828035e-08,,,,,
39,0.4151572287082672,0.0009964391866047397,2.205860745976679,2.107417345046997,0.028465384617447853,0.019961370155215263,0.003802140709012747,0.00022700338740833104,0.015640294179320335,0.018813345581293106,0.0003188936098013073,0.019558019936084747,0.014808730222284794,0.2569136321544647,0.0,0.23434600234031677,0.006066580303013325,0.0009177518077194691,5.910793632324385e-09,,,,,
40,0.4662453532218933,0.0009962544831243754,2.254364763968624,6.223993301391602,0.032084882259368896,0.01879897527396679,0.002528204582631588,0.000595721008721739,0.02603719010949135,0.0226840041577816,0.000337993202265352,0.024178283289074898,0.01619703322649002,0.25249558687210083,0.0,0.33734333515167236,0.008348535746335983,0.0009938040748238564,3.0137599082991073e-08,,,,,
41,0.41887566447257996,0.0009960651285525156,2.3037530640140176,3.624922752380371,0.029896317049860954,0.01923365704715252,0.001701890490949154,0.0012621164787560701,0.019348617643117905,0.020298177376389503,0.00028951858985237777,0.021270692348480225,0.02489033155143261,0.25352346897125244,0.0,0.22479811310768127,0.004204762168228626,0.0010741957230493426,4.1363136915606447e-08,,,,,
42,0.41769734025001526,0.0009958711247580138,2.3528074019704945,4.7036824226379395,0.03446730226278305,0.022350624203681946,0.0012334149796515703,0.002368858316913247,0.01070264633744955,0.020344989374279976,0.0002026079746428877,0.020389078184962273,0.020370829850435257,0.21056510508060455,0.0,0.2966997027397156,0.00518587464466691,0.0011581031139940023,4.478854407352628e-07,,,,,
43,0.4284394085407257,0.000995672473655609,2.401190524979029,2.7330682277679443,0.03374633565545082,0.021485641598701477,0.000572594755794853,0.003451369237154722,0.013296361081302166,0.01749410107731819,0.00014802585064899176,0.01767660491168499,0.007640383206307888,0.21497368812561035,0.0,0.3254210948944092,0.01940947026014328,0.0012467814376577735,2.0340085171710598e-08,,,,,
44,0.4114878177642822,0.0009954691772059074,2.4505593350040726,5.924203395843506,0.034432485699653625,0.013600178062915802,0.00032089155865833163,0.003998512402176857,0.022877313196659088,0.01739581674337387,0.00010930545249721035,0.017920607700943947,0.012056605890393257,0.2769341468811035,0.0,0.34242168068885803,0.016406025737524033,0.001340615563094616,1.0499110025818936e-08,,,,,
45,0.3650817573070526,0.0009952612374153629,2.4999675119761378,4.193275451660156,0.0356733500957489,0.013006183318793774,0.0006019528955221176,0.003070578910410404,0.022690681740641594,0.01686164177954197,6.933823169674724e-05,0.017185606062412262,0.013574727810919285,0.13605546951293945,0.0,0.21007433533668518,0.004293569829314947,0.0014384326059371233,7.95349563986747e-09,,,,,
46,0.37872809171676636,0.0009950486563362572,2.5495515129878186,3.385960102081299,0.03047109581530094,0.01830596849322319,0.0014842143282294273,0.002069012261927128,0.012886608019471169,0.018264828249812126,3.7900688766967505e-05,0.018339868634939194,0.013441605493426323,0.18317291140556335,0.0,0.28941529989242554,0.007680482696741819,0.001538720796816051,7.798274914705416e-09,,,,,
47,0.39866015315055847,0.0009948314360666798,2.599344383983407,4.721230983734131,0.03454107791185379,0.019771376624703407,0.0023926289286464453,0.0011043337872251868,0.013203258626163006,0.019590165466070175,2.6374853405286558e-05,0.019710598513484,0.008497165516018867,0.19431409239768982,0.0,0.311337411403656,0.0038680899888277054,0.001642310991883278,7.211348929558881e-06,,,,,
48,0.3766785264015198,0.000994609578750507,2.650050794996787,1.5219404697418213,0.02895328402519226,0.01594316028058529,0.002751976950094104,0.0006789484759792686,0.020064961165189743,0.017216941341757774,2.5260625989176333e-05,0.01738903485238552,0.018273673951625824,0.2092183530330658,0.0,0.19173374772071838,0.004722265526652336,0.0017502328846603632,8.0944360547619e-08,,,,,
49,0.4086569845676422,0.000994383086577381,2.6991316829808056,4.201168537139893,0.031430479139089584,0.015531407669186592,0.003301195567473769,0.0004014041624031961,0.026478884741663933,0.01767032779753208,2.4514703909517266e-05,0.01786481775343418,0.011517944745719433,0.1735452115535736,0.0,0.23863598704338074,0.008854123763740063,0.0018585451180115342,2.0172446824062717e-08,,,,,
50,0.37319597601890564,0.0009941519617826882,2.7489694000105374,1.9030793905258179,0.028552358970046043,0.015432118438184261,0.0042745741084218025,0.0002770033897832036,0.01690550148487091,0.016740627586841583,2.2024132704245858e-05,0.016952168196439743,0.01094525121152401,0.2344672977924347,0.0,0.2603563666343689,0.0034292214550077915,0.001969431759789586,3.4943223425898395e-08,27.596266304754998,32.39677260362857,18.23082339514848,4.497394894316253,27.76363024424452
51,0.37504732608795166,0.0009939162066475368,2.810567836975679,5.386340141296387,0.033668749034404755,0.01706594042479992,0.004759093746542931,0.0002966025786008686,0.010732626542448997,0.01859138160943985,2.1808609744766727e-05,0.018869493156671524,0.01859319396317005,0.19739365577697754,0.0,0.21635182201862335,0.004735053051263094,0.0020820514764636755,2.2165478341662492e-08,,,,,
52,0.35761094093322754,0.000993675823498735,2.8597212390159257,1.0985087156295776,0.03030484728515148,0.015421184711158276,0.0033547095954418182,0.0003896605921909213,0.015557477250695229,0.016231168061494827,2.394977491348982e-05,0.01648525521159172,0.011137059889733791,0.17492392659187317,0.0,0.3109285235404968,0.004992196336388588,0.0021947629284113646,6.054341952221876e-07,,,,,
53,0.37511584162712097,0.0009934308147087675,2.9080999239813536,4.431032657623291,0.03152945265173912,0.014966731891036034,0.0019301542779430747,0.0008019836386665702,0.022663339972496033,0.016418293118476868,2.7648551622405648e-05,0.016705092042684555,0.016700686886906624,0.1980658769607544,0.0,0.2835431694984436,0.00453341705724597,0.002310720505192876,3.0789522043050965e-08,,,,,
54,0.34881722927093506,0.0009931811826957716,2.95523022901034,0.7265893220901489,0.03041677176952362,0.016364488750696182,0.0015340325189754367,0.0012719833757728338,0.013693032786250114,0.016516365110874176,2.6529929527896456e-05,0.01679791882634163,0.020463811233639717,0.14334478974342346,0.0,0.2912352681159973,0.007836190983653069,0.0024291928857564926,3.102173309343925e-07,,,,,
55,0.36461132764816284,0.000992926929923515,3.003688508004416,3.817065715789795,0.03472740948200226,0.017983010038733482,0.001255336799658835,0.00216196128167212,0.00839162990450859,0.018596181645989418,2.5740248020156287e-05,0.01887671835720539,0.013202031143009663,0.24280691146850586,0.0,0.27090054750442505,0.004588731098920107,0.002551397541537881,4.166737355149053e-08,,,,,
56,0.333140105009079,0.00099266805890137,3.051894961972721,1.7495304346084595,0.02994665876030922,0.014291329309344292,0.0007949293358251452,0.0028262741398066282,0.014629095792770386,0.015898095443844795,2.9873788662371226e-05,0.016170058399438858,0.02088504284620285,0.16648715734481812,0.0,0.22493216395378113,0.0007569962763227522,0.002675022464245558,7.592141315626577e-08,,,,,
57,0.34898197650909424,0.0009924045721842888,3.100393843022175,4.380614280700684,0.030597994104027748,0.013053657487034798,0.0005433422629721463,0.0025944486260414124,0.021489784121513367,0.015749195590615273,3.428276249906048e-05,0.016047630459070206,0.014076345600187778,0.12042665481567383,0.0,0.34581154584884644,0.0026412024162709713,0.002798544242978096,1.0958562768337288e-07,,,,,
58,0.3301878273487091,0.000992136472372779,3.1488976440159604,1.0905630588531494,0.03171906992793083,0.014252031221985817,0.0008252390543930233,0.0021856806706637144,0.014031058177351952,0.015378269366919994,3.1259729439625517e-05,0.015588332898914814,0.01034376211464405,0.1327672302722931,0.0,0.32135868072509766,0.00610851775854826,0.002925988519564271,5.991508622571473e-09,,,,,
59,0.3591679632663727,0.0009918637621128773,3.198470110015478,4.123712062835693,0.02995717152953148,0.017469897866249084,0.0015914946561679244,0.001492905430495739,0.01045261975377798,0.016730334609746933,2.9792674467898905e-05,0.01687776669859886,0.01609741896390915,0.1884472817182541,0.0,0.33541661500930786,0.012859436683356762,0.003058063331991434,3.321717656490364e-08,,,,,
60,0.3269760012626648,0.0009915864440961245,3.247187095985282,1.8660333156585693,0.028121402487158775,0.014546487480401993,0.0016742916777729988,0.0008446605643257499,0.016804121434688568,0.015057944692671299,3.700080560520291e-05,0.015253184363245964,0.010995143093168736,0.1628008782863617,0.0,0.1971956044435501,0.002391593065112829,0.0031949938274919987,2.2680808342556702e-08,,,,,
61,0.3368223011493683,0.0009913045210595366,3.29747229302302,2.13570499420166,0.029218558222055435,0.014243198558688164,0.0019840439781546593,0.0005193275865167379,0.020535370334982872,0.015163028612732887,4.091792652616277e-05,0.015369047410786152,0.015504671260714531,0.128194198012352,0.0,0.14094753563404083,0.004364254884421825,0.00332919810898602,1.135592775369787e-08,,,,,
62,0.32741308212280273,0.0009910179957855808,3.3473992780200206,2.6907942295074463,0.026487717404961586,0.015037606470286846,0.0030214167200028896,0.00028515580925159156,0.013270525261759758,0.015410694293677807,3.9255541196325794e-05,0.015524329617619514,0.008129728958010674,0.11958014965057373,0.0,0.3075549602508545,0.004468378610908985,0.0034589802380651236,4.183500834642473e-08,,,,,
63,0.33670318126678467,0.0009907268711021456,3.39841984200757,2.635162830352783,0.026846526190638542,0.01630936563014984,0.0030923604499548674,0.00023587336181662977,0.01335148885846138,0.015179891139268875,4.2793326429091394e-05,0.015298434533178806,0.012665631249547005,0.1365979164838791,0.0,0.30212900042533875,0.0019057064782828093,0.0035915866028517485,5.879749576109816e-09,,,,,
64,0.3192056119441986,0.0009904311498825141,3.4482020779978484,1.6474764347076416,0.02889549545943737,0.012821480631828308,0.002057050820440054,0.0003839079290628433,0.018823988735675812,0.014820338226854801,5.26338662893977e-05,0.015068074688315392,0.006251359358429909,0.13904210925102234,0.0,0.22296379506587982,0.0023590403143316507,0.0037287836894392967,1.8442050304656732e-06,,,,,
65,0.33012428879737854,0.0009901308350453355,3.499644953000825,2.6095757484436035,0.030965695157647133,0.014028968289494514,0.0017791569698601961,0.0006107411463744938,0.016901101917028427,0.014717313461005688,5.4856838687555864e-05,0.014982949011027813,0.020050067454576492,0.14084136486053467,0.0,0.3346457779407501,0.003651566803455353,0.003866179846227169,1.7446776467977543e-08,,,,,
66,0.31955960392951965,0.000989825929554596,3.549326543987263,3.1777970790863037,0.03167995437979698,0.014998992905020714,0.0018071722006425261,0.0009658248163759708,0.009289859794080257,0.015632232651114464,4.722806261270307e-05,0.015730710700154305,0.010490610264241695,0.1452074944972992,0.0,0.3790627419948578,0.005797362886369228,0.004009805154055357,3.274096229688439e-07,,,,,
67,0.3054535388946533,0.0009895164364195894,3.5984449660172686,1.2814688682556152,0.02687198854982853,0.014458693563938141,0.001057996298186481,0.001608196529559791,0.010378103703260422,0.01481746044009924,5.173010140424594e-05,0.014968999661505222,0.01427419949322939,0.147151380777359,0.0,0.2620253562927246,0.006113133858889341,0.004159369971603155,8.015582864118187e-09,,,,,
68,0.33060580492019653,0.0009892023586948885,3.647835001000203,3.5487570762634277,0.029709553346037865,0.013063258491456509,0.0005740972701460123,0.001897010370157659,0.018024854362010956,0.014707786031067371,6.031283191987313e-05,0.015026753768324852,0.008266346529126167,0.13616202771663666,0.0,0.4290210008621216,0.004022391978651285,0.004309294745326042,1.8625830477958516e-07,,,,,
69,0.3211967349052429,0.0009888836994803132,3.6972753690206446,1.5254981517791748,0.033450935035943985,0.014141987077891827,0.0006014480022713542,0.0017633776878938079,0.012986715883016586,0.014295349828898907,5.398212670115754e-05,0.014511977322399616,0.016430769115686417,0.1158323734998703,0.0,0.4931476414203644,0.003793689887970686,0.004467608407139778,1.5546879339467523e-08,,,,,
70,0.3285863399505615,0.0009885604619209016,3.746060243982356,2.740186929702759,0.03410187363624573,0.015268370509147644,0.0011187141062691808,0.0013135712360963225,0.009942113421857357,0.015544096939265728,4.33146815339569e-05,0.01563309319317341,0.011246733367443085,0.17525187134742737,0.0,0.413513720035553,0.006690832320600748,0.0046322825364768505,3.0236939618788483e-09,,,,,
71,0.3126448690891266,0.0009882326492068776,3.793963350006379,0.981082022190094,0.03037598356604576,0.01374739594757557,0.001441355561837554,0.0009944892954081297,0.011781837791204453,0.014436963014304638,4.321239612181671e-05,0.014586888253688812,0.009298541583120823,0.146212637424469,0.0,0.47127026319503784,0.0036695897579193115,0.004804166499525309,2.8436382137897454e-08,,,,,
72,0.31515780091285706,0.0009879002645736207,3.842932702973485,3.2478537559509277,0.028136128559708595,0.01259301882237196,0.0015986410435289145,0.0006194565794430673,0.01840476505458355,0.01451734360307455,4.410869223647751e-05,0.014781155623495579,0.010250388644635677,0.1339380294084549,0.0,0.27964359521865845,0.0035458803176879883,0.004981604404747486,8.033588727585084e-08,,,,,
73,0.32617974281311035,0.0009875633113016326,3.891073803009931,1.0081199407577515,0.02893383614718914,0.015022831968963146,0.002183040138334036,0.0003553603310137987,0.013868051581084728,0.014245490543544292,3.4026550565613434e-05,0.01440838910639286,0.014918935485184193,0.1372891366481781,0.0,0.37941908836364746,0.0051079411059618,0.005158286541700363,7.963429737856131e-08,,,,,
74,0.3146580159664154,0.0009872217927165065,3.939318231015932,2.9143683910369873,0.032478172332048416,0.015974845737218857,0.002426600083708763,0.0002817119820974767,0.010069364681839943,0.015188939869403839,2.6743839043774642e-05,0.015324841253459454,0.01007792353630066,0.1016194149851799,0.0,0.26827120780944824,0.001640776637941599,0.005337490234524012,1.0691582730260052e-08,,,,,
75,0.30009421706199646,0.0009868757121888926,3.9875026320223697,0.8029607534408569,0.028300240635871887,0.012586548924446106,0.0018691186560317874,0.00039614737033843994,0.015481086447834969,0.014142581261694431,2.618113830976654e-05,0.014316554181277752,0.0078901257365942,0.11162586510181427,0.0,0.3152397871017456,0.002019886625930667,0.005515503231436014,1.827875983906324e-08,27.92622831639867,28.851720915948825,10.03646623750748,6.786051486901407,37.16534323311381
76,0.3070172965526581,0.0009865250731344664,4.044607848976739,1.6271940469741821,0.027863452211022377,0.012350643053650856,0.0014566842000931501,0.000577401602640748,0.016119232401251793,0.014016618020832539,2.5019187887664884e-05,0.014204923063516617,0.00895863026380539,0.15594500303268433,0.0,0.42766618728637695,0.0014061502879485488,0.005693413317203522,1.3119231923042207e-08,,,,,
77,0.29476937651634216,0.0009861698790138934,4.092578865005635,0.9477291703224182,0.02843366749584675,0.013954682275652885,0.001231072936207056,0.0009058414725586772,0.01072241272777319,0.014562110416591167,2.1711975932703353e-05,0.014743069186806679,0.011579973623156548,0.1233338713645935,0.0,0.28058168292045593,0.004664564039558172,0.005877364426851273,4.8764050575300644e-08,,,,,
78,0.29781943559646606,0.0009858101333327964,4.140822586021386,1.9269107580184937,0.0286105889827013,0.015285450033843517,0.0009747147560119629,0.001181186642497778,0.009612045250833035,0.014822482131421566,2.0772495190612972e-05,0.015013771131634712,0.0167790986597538,0.10057627409696579,0.0,0.2980218529701233,0.0012313558254390955,0.006060675717890263,2.726235834416002e-06,,,,,
79,0.29376840591430664,0.0009854458396417198,4.190147386980243,2.999006986618042,0.03225807845592499,0.012279985472559929,0.0006516163120977581,0.0014188212808221579,0.014100410044193268,0.01390074472874403,2.3040309315547347e-05,0.014103713445365429,0.01083593349903822,0.15290586650371552,0.0,0.2314012497663498,0.002516396576538682,0.006244992837309837,2.5269883963119355e-09,,,,,
80,0.28637680411338806,0.0009850770015360957,4.238048875005916,0.8299036026000977,0.028748374432325363,0.012940876185894012,0.000618106743786484,0.0014788955450057983,0.011095544323325157,0.014220451936125755,2.1509884390980005e-05,0.014413555152714252,0.008028680458664894,0.0625053122639656,0.0,0.48307931423187256,0.0004537547065410763,0.006426565814763308,3.3279259348262258e-09,,,,,
81,0.30013343691825867,0.000984703622656207,4.287060148024466,3.647669553756714,0.028855979442596436,0.01566784456372261,0.0009457223932258785,0.0012097074650228024,0.007812164258211851,0.015741977840662003,2.0742334527312778e-05,0.01593334972858429,0.025209158658981323,0.1364346742630005,0.0,0.2583652436733246,0.0017448042053729296,0.006618496496230364,2.4574500656626697e-08,,,,,
82,0.31022605299949646,0.0009843257066871525,4.334558579022996,4.109734535217285,0.027980662882328033,0.013233493082225323,0.0008791883010417223,0.0009147196542471647,0.01746514067053795,0.013972567394375801,2.6123507268493995e-05,0.014191697351634502,0.008198721334338188,0.08580979704856873,0.0,0.4395756125450134,0.0010115227196365595,0.006807584315538406,5.24955510172731e-08,,,,,
83,0.29675057530403137,0.0009839432573588102,4.3841224029893056,0.5345098972320557,0.03070806711912155,0.0135942492634058,0.0014712857082486153,0.0005853599868714809,0.011436991393566132,0.013997632078826427,2.4112790924846195e-05,0.014170187525451183,0.017216553911566734,0.09290532022714615,0.0,0.42938151955604553,0.002769836923107505,0.007001889403909445,2.7225665277796907e-08,,,,,
84,0.2929145395755768,0.000983556278445801,4.434342643013224,3.3375439643859863,0.027175981551408768,0.015354149043560028,0.0018060546135529876,0.00038107935688458383,0.007663357071578503,0.014980710111558437,2.282889727212023e-05,0.01512853242456913,0.013026561588048935,0.06841224431991577,0.0,0.4370264708995819,0.000582678010687232,0.007201355881989002,6.583209000154966e-08,,,,,
85,0.29267987608909607,0.0009831647737674498,4.482692744000815,3.0728206634521484,0.028958195820450783,0.012656236998736858,0.0015097683062776923,0.00044577044900506735,0.016193348914384842,0.013598102144896984,2.8640966775128618e-05,0.013795826584100723,0.008334645070135593,0.070960633456707,0.0,0.2759925127029419,0.0017488906159996986,0.007405921351164579,1.5764186400701874e-08,,,,,
86,0.30006521940231323,0.0009827687471877502,4.531869583006483,0.36708933115005493,0.02788638509809971,0.01333630457520485,0.001456238329410553,0.0005225535714998841,0.013180021196603775,0.013616631738841534,2.6608897314872593e-05,0.013763919472694397,0.013711194507777691,0.10892994701862335,0.0,0.4841441512107849,0.0021598078310489655,0.0076071955263614655,2.6809672704075638e-08,,,,,
87,0.3085428774356842,0.0009823682026153246,4.5817465329892,3.96243953704834,0.029652390629053116,0.015300750732421875,0.0013536072801798582,0.0006856437539681792,0.008956316858530045,0.015139458701014519,2.367964043514803e-05,0.015253529883921146,0.015399216674268246,0.10295373201370239,0.0,0.5315835475921631,0.0015916266711428761,0.007816394791007042,1.0896474833543834e-08,,,,,
88,0.29785722494125366,0.0009819631440033862,4.629517874971498,3.800401449203491,0.025375060737133026,0.012855349108576775,0.0008270415710285306,0.0010159454541280866,0.01711175963282585,0.01345946453511715,3.026034937647637e-05,0.013662775047123432,0.012479220516979694,0.09310247004032135,0.0,0.3548475503921509,0.0005307776154950261,0.008036808110773563,1.7881394143159923e-09,,,,,
89,0.26977241039276123,0.0009815535753497,4.679445379006211,0.33944109082221985,0.027248790487647057,0.011578026227653027,0.0010563438991084695,0.0009812269126996398,0.012141227722167969,0.013501857407391071,2.619549195514992e-05,0.013648799620568752,0.008891602978110313,0.0836028978228569,0.0,0.3429023027420044,0.00043729529716074467,0.00825577974319458,8.524706274215532e-09,,,,,
90,0.29674437642097473,0.0009811395006965433,4.7295303819701076,4.613338470458984,0.026955176144838333,0.015316886827349663,0.0012101562460884452,0.0009016813710331917,0.006854727398604155,0.01563696190714836,2.2578267817152664e-05,0.01576228439807892,0.015503542497754097,0.12675517797470093,0.0,0.3904911279678345,0.0027082241140305996,0.008473831228911877,6.038447395440016e-07,,,,,
91,0.30893296003341675,0.0009807209241306657,4.779712495976128,5.51105260848999,0.027950020506978035,0.011750774458050728,0.0007093990570865571,0.0010385401546955109,0.01839468628168106,0.013779066503047943,3.0292361770989373e-05,0.014015386812388897,0.012141674757003784,0.11094548553228378,0.0,0.511548638343811,0.0027390068862587214,0.008694368414580822,6.314367251292197e-09,,,,,
92,0.2923729419708252,0.0009802978497832487,4.828819267975632,0.2843150198459625,0.028245892375707626,0.01355449017137289,0.00117138447239995,0.0007668521138839424,0.011418953537940979,0.013426200486719608,2.520145062590018e-05,0.013582135550677776,0.004945043940097094,0.1161031723022461,0.0,0.42953240871429443,0.00302104651927948,0.008919901214540005,9.590760896571737e-08,,,,,
93,0.2918403148651123,0.0009798702818298657,4.878882838005666,5.0451273918151855,0.02517091855406761,0.014873187988996506,0.0016220328398048878,0.0004913271404802799,0.0066846623085439205,0.015447072684764862,2.129810854967218e-05,0.01558279525488615,0.00589717598631978,0.09527476131916046,0.0,0.4982259273529053,0.002796157728880644,0.009148686192929745,1.093993695633344e-08,,,,,
94,0.30026698112487793,0.0009794382244904397,4.927626358985435,6.067452907562256,0.023452317342162132,0.012167836539447308,0.0010603910777717829,0.0006227069534361362,0.01987593248486519,0.013869661837816238,2.794064312183764e-05,0.014098196290433407,0.011851679533720016,0.11512976884841919,0.0,0.26015356183052063,0.001798725686967373,0.009382585063576698,8.118649361676944e-07,,,,,
95,0.2989100217819214,0.000979001682029202,4.976996550976764,0.7776944637298584,0.02725811116397381,0.013863126747310162,0.0014144857414066792,0.0005042253760620952,0.013901698403060436,0.01312109362334013,2.2189953597262502e-05,0.013276597484946251,0.010275054723024368,0.06686311960220337,0.0,0.48631882667541504,0.001410133671015501,0.009607654996216297,9.809930645587883e-10,,,,,
96,0.31062740087509155,0.0009785606587546505,5.024081684008706,7.1740241050720215,0.030251119285821915,0.016938142478466034,0.0017943033017218113,0.00043178568012081087,0.0059652975760400295,0.01681944541633129,1.8001155694946647e-05,0.01699579320847988,0.007227553054690361,0.06225535646080971,0.0,0.4545835852622986,0.0016093645244836807,0.009838608093559742,3.2943987662292784e-06,,,,,
97,0.2786014974117279,0.0009781151590195069,5.072827879979741,2.120244026184082,0.024562984704971313,0.012186400592327118,0.0011232475517317653,0.0007003398495726287,0.013176336884498596,0.012965197674930096,2.0667968783527613e-05,0.013124301098287106,0.015443210490047932,0.048365797847509384,0.0,0.5453120470046997,0.0003359797992743552,0.010067902505397797,1.1567027335956936e-08,,,,,
98,0.28015363216400146,0.0009776651872206738,5.1221009839791805,3.2061917781829834,0.028720447793602943,0.011967342346906662,0.0008857766515575349,0.0008853843901306391,0.015000193379819393,0.012897934764623642,2.0924766431562603e-05,0.013062766753137112,0.004259290639311075,0.09126441925764084,0.0,0.32664212584495544,0.00016949283599387854,0.010305257514119148,8.679927532284637e-08,,,,,
99,0.29842817783355713,0.0009772107477991911,5.172309311979916,6.5576491355896,0.0282966997474432,0.016014542430639267,0.0012405246961861849,0.0007727961055934429,0.005263531114906073,0.016700653359293938,1.798128869268112e-05,0.016884436830878258,0.014209091663360596,0.07677668333053589,0.0,0.4591129422187805,0.002123457845300436,0.010541657917201519,4.1996440103275745e-08,,,,,
100,0.2768872380256653,0.0009767518452401926,5.221793845994398,0.7862219214439392,0.027034999802708626,0.012521931901574135,0.0008857109351083636,0.0009633433073759079,0.012246305122971535,0.013033599592745304,2.1153258785489015e-05,0.013194981962442398,0.009613646194338799,0.06739252805709839,0.0,0.4326455593109131,0.0006692861788906157,0.010776976123452187,4.967053435223079e-09,28.36201525597065,27.94089031937968,7.221850868042431,8.703357290553736,39.90334766403437
101,0.29619070887565613,0.0009762884840728611,5.281304611999076,5.828196048736572,0.027279021218419075,0.011851283721625805,0.0006782995769754052,0.0010693521471694112,0.018743621185421944,0.01340483594685793,2.4492266675224528e-05,0.013609754852950573,0.005656292662024498,0.06148799508810043,0.0,0.4043722152709961,0.0007149866432882845,0.011012891307473183,5.483006404460866e-08,,,,,
102,0.286560595035553,0.0009758206688703845,5.330367290996946,5.365408420562744,0.025956040248274803,0.015279063954949379,0.0013193776831030846,0.0008118727128021419,0.005805205553770065,0.015466493554413319,1.9148466890328564e-05,0.015620552934706211,0.009090975858271122,0.08559722453355789,0.0,0.4376150071620941,0.0005668311496265233,0.011246100068092346,2.0681572010516902e-08,,,,,
103,0.2722347676753998,0.0009753484042499097,5.379520846006926,0.7856704592704773,0.026107344776391983,0.012500129640102386,0.0010768743231892586,0.0007721224101260304,0.01250513456761837,0.01278104167431593,2.2933032596483827e-05,0.012933308258652687,0.008199240081012249,0.04892624914646149,0.0,0.40164077281951904,0.0005617631832137704,0.011484204791486263,8.692344621863413e-09,,,,,
104,0.2857937514781952,0.000974871694872498,5.427338059002068,4.766450881958008,0.025808347389101982,0.011530671268701553,0.000805928313639015,0.0007339696167036891,0.018293559551239014,0.012866034172475338,2.5972010917030275e-05,0.013049688190221786,0.014500856399536133,0.07732494175434113,0.0,0.3530955910682678,0.0009516601567156613,0.01172459777444601,2.421438605182402e-09,,,,,
105,0.3238087594509125,0.0009743905454430785,5.476409528986551,8.474116325378418,0.026622312143445015,0.01943560317158699,0.0016948177944868803,0.0004715239047072828,0.005188911687582731,0.017100347205996513,1.898615482787136e-05,0.017225045710802078,0.017111847177147865,0.08225559443235397,0.0,0.41399550437927246,0.000649023917503655,0.011964142322540283,5.072603670441822e-09,,,,,
106,0.27308228611946106,0.0009739049607104018,5.526711984013673,3.1667380332946777,0.028782261535525322,0.013458751142024994,0.00133560411632061,0.0005929165636189282,0.008908679708838463,0.013846052810549736,2.1424302758532576e-05,0.013958871364593506,0.012418357655405998,0.05295839160680771,0.0,0.38765162229537964,0.0005743285873904824,0.012197471223771572,1.413623635926342e-07,,,,,
107,0.339618980884552,0.0009734149454669931,5.576771656982601,10.302013397216797,0.026712613180279732,0.013219828717410564,0.0006683862302452326,0.000718214432708919,0.02699602022767067,0.015520905144512653,3.217993798898533e-05,0.015823116526007652,0.01073012501001358,0.04948180168867111,0.0,0.33393335342407227,9.404250886291265e-05,0.012433904223144054,6.848325462271987e-09,,,,,
108,0.30086201429367065,0.0009729205045491051,5.627393128001131,6.8832783699035645,0.025514516979455948,0.011493019759654999,0.0008342383662238717,0.0007312498055398464,0.02170969545841217,0.013642636127769947,2.9434862881316803e-05,0.01387649867683649,0.007754352409392595,0.06015794351696968,0.0,0.36534518003463745,0.0008936356753110886,0.012659511528909206,2.9057263262188826e-09,,,,,
109,0.3417818248271942,0.00097242164283667,5.678017890022602,10.984457015991211,0.028047002851963043,0.02023434452712536,0.0017212564125657082,0.0004935463657602668,0.004054208751767874,0.020669132471084595,1.811713445931673e-05,0.02081669121980667,0.012819308787584305,0.08556172996759415,0.0,0.40352433919906616,0.000956049538217485,0.012879137881100178,9.213884766268166e-08,,,,,
110,0.370572030544281,0.0009719183652532516,5.726115880999714,12.196574211120605,0.028049612417817116,0.02180832251906395,0.001703474554233253,0.0005928569007664919,0.0038901520892977715,0.022110436111688614,1.7779562767827883e-05,0.022277748212218285,0.01092403382062912,0.07848789542913437,0.0,0.605535626411438,0.0018928993958979845,0.01309170387685299,8.00316612981078e-09,,,,,
111,0.26708194613456726,0.0009714106767659962,5.774697531014681,2.3258767127990723,0.02776561677455902,0.012107748538255692,0.0008279761532321572,0.000942802696954459,0.013029389083385468,0.012460019439458847,2.4415792722720653e-05,0.012615694664418697,0.007065043784677982,0.056095536798238754,0.0,0.3126729130744934,0.0006236575427465141,0.013300729915499687,1.6745181241617502e-08,,,,,
112,0.32375386357307434,0.0009708985823855846,5.824812980019487,8.312051773071289,0.028696700930595398,0.013447072356939316,0.0005700660403817892,0.0010555986082181334,0.0225653238594532,0.01399906724691391,2.932669121946674e-05,0.014249134808778763,0.009279431775212288,0.07329201698303223,0.0,0.3117971420288086,0.000776437227614224,0.013509858399629593,2.0569810743609196e-08,,,,,
113,0.2597127854824066,0.0009703820871661813,5.873389924992807,0.6306753754615784,0.026160230860114098,0.01163838617503643,0.0010256178211420774,0.0008361486252397299,0.01031964085996151,0.012908670119941235,2.2124764655018225e-05,0.013036628253757954,0.01590520329773426,0.07433237135410309,0.0,0.3696100115776062,0.001714687910862267,0.013712354004383087,1.3659398057086491e-09,,,,,
114,0.28857049345970154,0.0009698611962053858,5.921871214988641,6.853872776031494,0.027767546474933624,0.01545674167573452,0.0013828770024701953,0.0007262361468747258,0.005106758326292038,0.016921594738960266,1.8482720406609587e-05,0.017062563449144363,0.009841512888669968,0.07605178654193878,0.0,0.356708824634552,0.0015310156159102917,0.013919506222009659,7.632498721932279e-08,,,,,
115,0.25782129168510437,0.0009693359146441815,5.970401294005569,1.9464002847671509,0.02397519163787365,0.011095891706645489,0.0009023944730870426,0.0008945059380494058,0.012233270332217216,0.012350312434136868,2.2266307496465743e-05,0.012493844144046307,0.004276665393263102,0.07499735057353973,0.0,0.3780596852302551,0.0016349919606000185,0.014125490561127663,2.2805606647580134e-07,,,,,
116,0.27617862820625305,0.0009688062476668852,6.018634607025888,3.839311122894287,0.02576780691742897,0.011201358400285244,0.0008636363199912012,0.0008998079574666917,0.01594652608036995,0.012384811416268349,2.3491036699851975e-05,0.012549187056720257,0.011359898373484612,0.050362128764390945,0.0,0.4634631276130676,0.0004845908551942557,0.01433709915727377,2.381081429803089e-07,,,,,
117,0.2892633378505707,0.0009682722005010961,6.067461007973179,5.479640960693359,0.024937376379966736,0.015504675917327404,0.0014061609981581569,0.0006601470522582531,0.005998961627483368,0.01506586093455553,1.8789596651913598e-05,0.015202854759991169,0.009591042064130306,0.09223999083042145,0.0,0.46795791387557983,0.0017882210668176413,0.014561556279659271,6.909171901270383e-08,,,,,
118,0.2589314579963684,0.0009677337784176445,6.115807840018533,1.0588207244873047,0.026861242949962616,0.011419668793678284,0.0010495680617168546,0.0007910529966466129,0.011925159953534603,0.012310707941651344,2.2083124349592254e-05,0.012451324611902237,0.007515888195484877,0.052122198045253754,0.0,0.36531853675842285,0.000992096378467977,0.01479494757950306,3.0093517011664517e-07,,,,,
119,0.270002156496048,0.0009671909867305388,6.164130957971793,4.659758567810059,0.024871915578842163,0.010826583951711655,0.0009279331425204873,0.0008093045908026397,0.016414720565080643,0.012319724075496197,2.4287701307912357e-05,0.012486064806580544,0.008020925335586071,0.05460415780544281,0.0,0.39204785227775574,0.00015282871027011424,0.015032298862934113,1.4487032728993654e-07,,,,,
120,0.2786184847354889,0.0009666438307969138,6.212962755002081,6.720952987670898,0.02600407414138317,0.014975915662944317,0.0014765795785933733,0.0006435925606638193,0.004650170914828777,0.016406714916229248,1.941907794389408e-05,0.016520339995622635,0.012776251882314682,0.07164117693901062,0.0,0.36414533853530884,0.0009288833243772388,0.015273425728082657,2.0637176021409687e-06,,,,,
121,0.25661227107048035,0.0009660923160169777,6.2676458659698255,2.054077625274658,0.024660322815179825,0.012165564112365246,0.0012773920316249132,0.000762439682148397,0.00824780110269785,0.013106309808790684,2.3934364435262978e-05,0.013202697969973087,0.005988256074488163,0.08385497331619263,0.0,0.3293359875679016,0.003213071497157216,0.015509343706071377,2.7221938125876477e-07,,,,,
122,0.306239515542984,0.0009655364478339585,6.3236562149832025,7.816439628601074,0.02539091370999813,0.01223172526806593,0.0007032788707874715,0.0010505297686904669,0.021226078271865845,0.013490063138306141,3.6866033042315394e-05,0.01376358699053526,0.010414617136120796,0.03819590061903,0.0,0.41458508372306824,0.000591140822507441,0.0157473087310791,1.352280420974239e-08,,,,,
123,0.26789936423301697,0.0009649762317340511,6.376378819986712,3.1689138412475586,0.025367051362991333,0.011587746441364288,0.000852202414534986,0.0009642135119065642,0.013566686771810055,0.012000959366559982,3.482419197098352e-05,0.012153306044638157,0.014655213803052902,0.044678233563899994,0.0,0.4549787938594818,0.0007771530072204769,0.015982262790203094,5.078812925773946e-09,,,,,
124,0.3287055194377899,0.0009644116732463621,6.432963976985775,11.436867713928223,0.026682622730731964,0.020161932334303856,0.0014752125134691596,0.000757054309360683,0.0029579168185591698,0.02094811573624611,2.3886235794634558e-05,0.020926974713802338,0.012926233001053333,0.08171916753053665,0.0,0.24008041620254517,0.0017455627676099539,0.016229404136538506,7.624428199903832e-09,,,,,
125,0.3193497955799103,0.0009638427779428558,6.484503352025058,9.535861015319824,0.021100517362356186,0.01804635301232338,0.0015213030856102705,0.0008235652931034565,0.003390600671991706,0.018429512158036232,2.624239095894154e-05,0.01839916594326496,0.009962847456336021,0.09525440633296967,0.0,0.6149362325668335,0.0021606734953820705,0.016461795195937157,7.279838598606148e-08,28.26117673930771,26.886676858029187,6.749113025576835,9.586573083986758,40.991013683026544
126,0.2862590253353119,0.0009632695514382992,6.544931671989616,6.591804504394531,0.02550138346850872,0.010888348333537579,0.0006374618387781084,0.0012475824914872646,0.01895763725042343,0.012790756300091743,4.3484036723384634e-05,0.013056467287242413,0.016225498169660568,0.07183244079351425,0.0,0.37114614248275757,0.0002720155462156981,0.016696825623512268,4.038835754727188e-08,,,,,
127,0.28484758734703064,0.0009626919993902064,6.594178129977081,6.468367576599121,0.027455177158117294,0.011265846900641918,0.0006942457403056324,0.0010433404240757227,0.018901752308011055,0.012925934046506882,4.253311999491416e-05,0.013197040185332298,0.011304344050586224,0.06941212713718414,0.0,0.2608138620853424,0.0010474319569766521,0.01692979782819748,1.342346322985577e-08,,,,,
128,0.2863975763320923,0.0009621101274987831,6.64261085097678,7.212996959686279,0.02609875425696373,0.016773298382759094,0.0015881198924034834,0.0006386128952726722,0.0042186034843325615,0.015488245524466038,2.6693793188314885e-05,0.015492158010601997,0.010552303865551949,0.0497402548789978,0.0,0.37895506620407104,0.0002763343509286642,0.017154639586806297,3.0690184615878024e-08,,,,,
129,0.2744583189487457,0.0009615239415068697,6.689734127023257,4.85381555557251,0.026661287993192673,0.013852241449058056,0.0016464234795421362,0.0005665448261424899,0.005716993939131498,0.014204430393874645,2.5792884116526693e-05,0.014240474440157413,0.012650487944483757,0.08158770203590393,0.0,0.5099985599517822,0.0005250903777778149,0.017378954216837883,3.332893072638399e-08,,,,,
130,0.30639272928237915,0.0009609334471998856,6.737882865010761,8.81811809539795,0.02217862941324711,0.011571983806788921,0.00084729865193367,0.0008490449981763959,0.023908955976366997,0.014351753517985344,3.712403849931434e-05,0.014661546796560287,0.006627029273658991,0.0711374431848526,0.0,0.2587828040122986,0.0002392772730672732,0.017620673403143883,4.445512846729116e-09,,,,,
131,0.30457884073257446,0.000960338650405771,6.785531334986445,9.1107177734375,0.026182128116488457,0.01204147469252348,0.0008905847789719701,0.0007947657140903175,0.02272084355354309,0.01392887532711029,3.409170312806964e-05,0.014208413660526276,0.011855041608214378,0.03140693157911301,0.0,0.26492518186569214,0.0007149740704335272,0.01785055175423622,2.582868141587369e-09,,,,,
132,0.2701510488986969,0.0009597395569949304,6.833698254020419,5.1641645431518555,0.02655808813869953,0.014175656251609325,0.0015936376294121146,0.0004988405853509903,0.005776755511760712,0.014425641857087612,2.120268254657276e-05,0.014507374726235867,0.006830186583101749,0.050174862146377563,0.0,0.4263063371181488,0.0013852997217327356,0.018070638179779053,1.895986656563764e-07,,,,,
133,0.26483646035194397,0.0009591361728801735,6.8822077049990185,4.476005554199219,0.02272205799818039,0.0139700248837471,0.0014422505628317595,0.0007373045082204044,0.005965963937342167,0.013971086591482162,2.1123772967257537e-05,0.014060071669518948,0.009642641991376877,0.04954051226377487,0.0,0.45139753818511963,0.00039685226511210203,0.01830264925956726,4.243105422574445e-08,,,,,
134,0.30550387501716614,0.0009585285040166583,6.931382839975413,8.307491302490234,0.024837303906679153,0.010974775068461895,0.0005785247776657343,0.0012166437227278948,0.022724922746419907,0.013266375288367271,2.926951492554508e-05,0.013501611538231373,0.0060825105756521225,0.058002568781375885,0.0,0.47870612144470215,0.00013008355745114386,0.018546270206570625,8.456408906454271e-09,,,,,
135,0.27447283267974854,0.0009579165564018309,6.9790113950148225,6.62196683883667,0.025151237845420837,0.010993200354278088,0.0005582539597526193,0.0013422297779470682,0.01856125518679619,0.012355765327811241,2.670290632522665e-05,0.012548277154564857,0.005700133740901947,0.040693800896406174,0.0,0.25965845584869385,0.0006948566879145801,0.018788887187838554,4.434337697034607e-08,,,,,
136,0.3032623529434204,0.0009573003360753673,7.026987109973561,9.049104690551758,0.026610542088747025,0.017398551106452942,0.001423919340595603,0.0007980935042724013,0.003499690443277359,0.017776615917682648,1.8280641597812064e-05,0.017904486507177353,0.016314920037984848,0.0797145664691925,0.0,0.3860664665699005,0.0015899406280368567,0.019024135544896126,3.948807503206808e-09,,,,,
137,0.29572346806526184,0.0009566798491191136,7.074720065982547,8.550456047058105,0.02507071942090988,0.016207898035645485,0.0015211908612400293,0.0008806762052699924,0.0034273662604391575,0.017493179067969322,1.823610182327684e-05,0.017620360478758812,0.008021604269742966,0.054321251809597015,0.0,0.5327392220497131,0.0003625747631303966,0.019253965467214584,3.5203990833565513e-09,,,,,
138,0.2620772123336792,0.000956055101657025,7.124684352020267,5.678391933441162,0.0235123410820961,0.00974644161760807,0.000688150292262435,0.0010526583064347506,0.016959063708782196,0.011937931180000305,2.5758499759831466e-05,0.012107405811548233,0.007899144664406776,0.07743248343467712,0.0,0.35530513525009155,0.0010777715360745788,0.019489169120788574,2.5071205556059795e-08,,,,,
139,0.26865434646606445,0.0009554260998551071,7.174830109986942,4.8397393226623535,0.02527526021003723,0.009987203404307365,0.0008616386912763119,0.0008746003150008619,0.01691308431327343,0.0117381252348423,2.5831655875663273e-05,0.011894622817635536,0.009081882424652576,0.05885632336139679,0.0,0.47946155071258545,0.0006103864870965481,0.019725264981389046,1.2703241125677778e-08,,,,,
140,0.3056478798389435,0.0009547928499213538,7.224375483987387,9.757566452026367,0.027429932728409767,0.01738281175494194,0.0021161511540412903,0.000461174757219851,0.003466146532446146,0.01832178235054016,1.8910533981397748e-05,0.018418308347463608,0.01149680558592081,0.03987080603837967,0.0,0.40310990810394287,0.0011109255719929934,0.019977068528532982,2.083058348034683e-08,,,,,
141,0.29611268639564514,0.0009541553581056861,7.273394468007609,8.685678482055664,0.025823241099715233,0.016315804794430733,0.0020901516545563936,0.0004231435596011579,0.004037320613861084,0.01727142557501793,2.008234878303483e-05,0.017342904582619667,0.012712078168988228,0.06064750626683235,0.0,0.4276062846183777,0.0009498266153968871,0.020222600549459457,5.935008289270627e-07,,,,,
142,0.26731419563293457,0.0009535136306998909,7.322983169986401,5.486533164978027,0.02586076408624649,0.010522263124585152,0.0009427647455595434,0.000827265321277082,0.016423895955085754,0.011934648267924786,3.197820478817448e-05,0.012123670428991318,0.012087930925190449,0.04577174782752991,0.0,0.39149072766304016,0.0006664587999694049,0.02046581357717514,8.984158306191148e-09,,,,,
143,0.2630077302455902,0.0009528676740375587,7.3721115730004385,5.259718894958496,0.024373462423682213,0.010783737525343895,0.0008918842067942023,0.0009290153393521905,0.015450337901711464,0.011723646894097328,3.3031996281351894e-05,0.011901095509529114,0.007540543098002672,0.055468589067459106,0.0,0.35353854298591614,0.0011526986490935087,0.020717617124319077,3.731499109704828e-09,,,,,
144,0.30022868514060974,0.0009522174944940209,7.420426126976963,9.494832038879395,0.024292370304465294,0.01770516112446785,0.00172372255474329,0.0007129703881219029,0.003131069242954254,0.017769260331988335,2.3131595298764296e-05,0.017779085785150528,0.014061505906283855,0.05072535574436188,0.0,0.3882421851158142,0.0008670258685015142,0.0209715124219656,9.411326118424768e-08,,,,,
145,0.2818250358104706,0.000951563098486287,7.467914938984904,8.159209251403809,0.02606193721294403,0.015521596185863018,0.0013105364050716162,0.0009342189878225327,0.0032433420419692993,0.016870515421032906,2.5007911972352304e-05,0.016862230375409126,0.015090675093233585,0.05514921993017197,0.0,0.4213997721672058,0.001093171420507133,0.021219175308942795,1.1716037917608446e-08,,,,,
146,0.2784726619720459,0.0009509044924729818,7.516437083017081,5.510928630828857,0.027345724403858185,0.011221721768379211,0.0005447635194286704,0.0014490940375253558,0.01747382991015911,0.01179873663932085,3.884210673277266e-05,0.012005750089883804,0.006199030205607414,0.035021960735321045,0.0,0.3927214741706848,4.987560532754287e-05,0.021464936435222626,2.326375351913157e-06,,,,,
147,0.2676055133342743,0.0009502416829542803,7.56451916100923,5.244656085968018,0.026335466653108597,0.009820226579904556,0.0005625856574624777,0.0013727524783462286,0.01688934490084648,0.011705710552632809,3.8872312870807946e-05,0.011904902756214142,0.012348411604762077,0.038155410438776016,0.0,0.4648369550704956,0.0004909110139124095,0.02171829715371132,6.38639008343489e-08,,,,,
148,0.28508004546165466,0.000949574676471845,7.613353019987699,8.201391220092773,0.02360568195581436,0.015914633870124817,0.0017031988827511668,0.0006982272025197744,0.004180537071079016,0.016249168664216995,2.5794033717829734e-05,0.01623682864010334,0.012031836435198784,0.04715605080127716,0.0,0.44179460406303406,0.0007620825199410319,0.02198643609881401,1.065433075098099e-08,,,,,
149,0.2712979316711426,0.0009489034796087608,7.660974780970719,6.5869598388671875,0.022440940141677856,0.014849551022052765,0.0018035322427749634,0.0005799912614747882,0.004574877675622702,0.014994069002568722,2.61148397839861e-05,0.014995710924267769,0.007568209897726774,0.04453415423631668,0.0,0.4498148560523987,0.00034023402258753777,0.022254226729273796,6.631016447045113e-08,,,,,
150,0.2798183560371399,0.0009482280989894695,7.709903722978197,6.862208843231201,0.025434836745262146,0.010215327143669128,0.0009625998791307211,0.0007894501904956996,0.019184397533535957,0.0124825369566679,3.847579500870779e-05,0.01273015234619379,0.00660447683185339,0.05660939961671829,0.0,0.38626566529273987,0.002265654969960451,0.022527646273374557,3.3657997278169205e-08,27.683984923233176,26.007418911873955,8.262290453792671,7.893732145412005,40.59005029118143
151,0.2800319194793701,0.0009475485412797054,7.771034976001829,6.77717399597168,0.02694346010684967,0.010573789477348328,0.0008832326857373118,0.0007693739607930183,0.019215896725654602,0.012306616641581059,3.811893111560494e-05,0.012543885037302971,0.01319266576319933,0.035294994711875916,0.0,0.4044610559940338,0.000591145595535636,0.022802159190177917,1.549969113057159e-07,,,,,
152,0.2674511671066284,0.0009468648131864284,7.820177185989451,6.628406524658203,0.025691840797662735,0.015052206814289093,0.0018445479217916727,0.0005204649642109871,0.004390222020447254,0.014548191800713539,2.593921817606315e-05,0.014553243294358253,0.0070967888459563255,0.05175299197435379,0.0,0.2915249466896057,0.001538416719995439,0.02307775430381298,5.20559694905387e-07,,,,,
153,0.2609420418739319,0.0009461769214577592,7.870244684978388,4.835830211639404,0.024090537801384926,0.012913666665554047,0.0013596690259873867,0.0008295780862681568,0.005839889403432608,0.013913322240114212,2.63488655036781e-05,0.013925081118941307,0.009378603659570217,0.07707453519105911,0.0,0.47927072644233704,0.00018654437735676765,0.023348301649093628,9.070461004512254e-08,,,,,
154,0.2765732705593109,0.000945484872882911,7.918153923004866,7.585070610046387,0.023787522688508034,0.01063914131373167,0.0005323453224264085,0.0013436765875667334,0.01988380029797554,0.012464066036045551,4.017352330265567e-05,0.012724066153168678,0.006755317561328411,0.048363298177719116,0.0,0.2564224898815155,0.0005802793893963099,0.02364124357700348,3.820285243705257e-08,,,,,
155,0.2782408893108368,0.0009447886742921243,7.966404788021464,6.593601703643799,0.02678195759654045,0.010361917316913605,0.0005967696197330952,0.0013186216820031404,0.018717747181653976,0.012085311114788055,4.0374434320256114e-05,0.01232597790658474,0.0060278140008449554,0.06604332476854324,0.0,0.3337981104850769,0.001692585414275527,0.023923324421048164,2.0488475627189473e-07,,,,,
156,0.2586676776409149,0.0009440883325565978,8.01526673900662,6.139779090881348,0.024445809423923492,0.01353490725159645,0.0013806000351905823,0.0008368402486667037,0.004399101249873638,0.014695554971694946,2.7499776479089633e-05,0.014680806547403336,0.008439491502940655,0.07681005448102951,0.0,0.3667040467262268,0.0006816488457843661,0.024203814566135406,6.619841030897078e-08,,,,,
157,0.24917252361774445,0.0009433838545884216,8.0631048589712,5.011579990386963,0.02362518198788166,0.013475090265274048,0.0013258577091619372,0.0007637019152753055,0.005180565640330315,0.014026312157511711,2.821909947670065e-05,0.014018096961081028,0.008505323901772499,0.04771713539958,0.0,0.2545384466648102,0.001807944499887526,0.02448922209441662,1.4300084103524568e-06,,,,,
158,0.29289644956588745,0.0009426752473405091,8.111182964988984,7.12410831451416,0.025229470804333687,0.010542474687099457,0.00067592051345855,0.001139986328780651,0.02027159556746483,0.012350899167358875,3.969818135374226e-05,0.01260659284889698,0.011469107121229172,0.06803064048290253,0.0,0.5015729069709778,0.0012897602282464504,0.024769697338342667,6.642193284278619e-08,,,,,
159,0.2816768288612366,0.0009419625178065278,8.15908508998109,7.284525394439697,0.025674384087324142,0.010950883850455284,0.0007056430331431329,0.0010259489063173532,0.019139809533953667,0.012046636082231998,3.6591547541320324e-05,0.012274999171495438,0.009818003512918949,0.046362560242414474,0.0,0.4052829146385193,9.454158862354234e-05,0.025058412924408913,1.2183561182155245e-07,,,,,
160,0.27527421712875366,0.0009412456730208301,8.207559312984813,6.324873924255371,0.023554254323244095,0.01520500611513853,0.001720832078717649,0.000614688266068697,0.0041429693810641766,0.014234337024390697,2.361353654123377e-05,0.014256944879889488,0.006971824914216995,0.06907498836517334,0.0,0.4645235538482666,0.0024264277890324593,0.025349711999297142,8.19998433598812e-08,,,,,
161,0.2508067488670349,0.0009405247200583851,8.255182833992876,4.750218868255615,0.023316213861107826,0.012830215506255627,0.0015150475082919002,0.0006922235479578376,0.0054222638718783855,0.013601536862552166,2.291951204824727e-05,0.013637763448059559,0.012256885878741741,0.06775962561368942,0.0,0.35547879338264465,0.001190753886476159,0.025651246309280396,9.402013745329896e-08,,,,,
162,0.27605774998664856,0.000939799666034707,8.304902628995478,7.161412715911865,0.02403879351913929,0.009893372654914856,0.0006994217401370406,0.0012602710630744696,0.020362582057714462,0.011988000944256783,3.2497584470547736e-05,0.01220045704394579,0.006338418461382389,0.038797710090875626,0.0,0.3706875145435333,0.0003657973720692098,0.025960402563214302,3.248453239734772e-08,,,,,
163,0.279617577791214,0.0009390705181057868,8.35306486202171,5.8272857666015625,0.022435493767261505,0.01095137931406498,0.0007298343116417527,0.0012790333712473512,0.017194226384162903,0.011506929993629456,3.125573130091652e-05,0.011692365631461143,0.006236220709979534,0.05248619616031647,0.0,0.5643701553344727,0.00018909813661593944,0.026266155764460564,3.1360738006469546e-08,,,,,
164,0.269569456577301,0.0009383372834680197,8.400892836973071,6.99357271194458,0.02493814192712307,0.01459355466067791,0.0016912729479372501,0.0007326134946197271,0.0037523899227380753,0.015268688090145588,2.1008183466619812e-05,0.015306416898965836,0.01319904625415802,0.050326086580753326,0.0,0.4216653108596802,0.0004717442498076707,0.026594223454594612,6.7924457169965535e-09,,,,,
165,0.2732645273208618,0.0009375999693581359,8.449959332996514,6.736086368560791,0.02502746507525444,0.015006821602582932,0.001717275008559227,0.0006771524203941226,0.004115793388336897,0.014950192533433437,2.07533230422996e-05,0.014994933269917965,0.013918227516114712,0.12344717979431152,0.0,0.2743014097213745,0.000894671306014061,0.02692370116710663,1.4584511376369846e-08,,,,,
166,0.2586594820022583,0.0009368585830531277,8.498248705989681,6.061960220336914,0.022783610969781876,0.009758185595273972,0.0008464223938062787,0.0011095462832599878,0.017361067235469818,0.011331602931022644,2.9096519938320853e-05,0.011503517627716064,0.008394628763198853,0.08859360218048096,0.0,0.24441945552825928,0.0013179052621126175,0.027242928743362427,9.331852623972736e-09,,,,,
167,0.26087555289268494,0.000936113131870179,8.546232047025114,5.195613861083984,0.025117918848991394,0.009930328465998173,0.0008398056961596012,0.0010636963415890932,0.015769802033901215,0.011083225719630718,2.857157596736215e-05,0.011239149607717991,0.015522929839789867,0.07712192833423615,0.0,0.40751659870147705,0.0003784754662774503,0.02755548804998398,1.1281420597697434e-07,,,,,
168,0.2830101549625397,0.0009353636231665917,8.594699150009546,8.200170516967773,0.022873280569911003,0.016231751069426537,0.001759893260896206,0.0006688394350931048,0.0032977964729070663,0.015943344682455063,2.0452000171644613e-05,0.0159806739538908,0.011126073077321053,0.05713646858930588,0.0,0.4426512122154236,0.00032135058427229524,0.02788129448890686,6.490076742693418e-08,,,,,
169,0.2748081684112549,0.0009346100643397144,8.644844844006002,7.8215718269348145,0.02656509540975094,0.015470157377421856,0.0017416038317605853,0.0006912871031090617,0.0035345852375030518,0.015206393785774708,2.1445499442052096e-05,0.015230953693389893,0.008543714880943298,0.042384788393974304,0.0,0.39254000782966614,0.0006039111758582294,0.02820805460214615,5.933021611781442e-07,,,,,
170,0.2533455491065979,0.0009338524628268683,8.69217061897507,5.201664447784424,0.02043263614177704,0.009508403949439526,0.0007187844021245837,0.0012456729309633374,0.017316322773694992,0.011103251948952675,3.125004150206223e-05,0.011273618787527084,0.008152449503540993,0.03878546133637428,0.0,0.3548516631126404,0.0008123286534100771,0.028531242161989212,1.4596928110677254e-08,,,,,
171,0.26315978169441223,0.0009330908261052745,8.73817989701638,4.748924255371094,0.026370149105787277,0.01010250486433506,0.0008445241255685687,0.0011923783458769321,0.015829429030418396,0.010914655402302742,3.0322658858494833e-05,0.011069972068071365,0.005354219116270542,0.025131352245807648,0.0,0.5009576678276062,0.0001527967251604423,0.02886112965643406,8.189429578919771e-09,,,,,
172,0.26927629113197327,0.0009323251616919799,8.786374693969265,7.520524501800537,0.023549159988760948,0.01568569429218769,0.001793053699657321,0.0006608577677980065,0.0037357816472649574,0.014959861524403095,2.154367757611908e-05,0.014978972263634205,0.008199313655495644,0.069000743329525,0.0,0.24611549079418182,0.0010208511957898736,0.02921377308666706,3.479856047761132e-07,,,,,
173,0.2569577693939209,0.0009315554771437833,8.833296454977244,6.23929500579834,0.022224847227334976,0.014322251081466675,0.0017374083399772644,0.0006908181821927428,0.0040838709101080894,0.013876200653612614,2.2165822883835062e-05,0.013899032026529312,0.01883564330637455,0.06092381477355957,0.0,0.3114776611328125,0.0011274501448497176,0.02955314703285694,6.941458075004903e-09,,,,,
174,0.2699581980705261,0.0009307817800571602,8.88033222098602,6.512446403503418,0.025752149522304535,0.01013604924082756,0.0008155861869454384,0.0011347676627337933,0.018555764108896255,0.011555492877960205,3.2183572329813614e-05,0.01175838802009821,0.008904490619897842,0.04711852967739105,0.0,0.3397117853164673,0.00026874340255744755,0.029891841113567352,1.1021892021290114e-07,,,,,
175,0.2578903138637543,0.0009300040780681889,8.927441280975472,6.214213848114014,0.023648064583539963,0.009261608123779297,0.0007299602730199695,0.0011598793789744377,0.01810474321246147,0.011407217010855675,3.120385008514859e-05,0.01160048320889473,0.008402040228247643,0.04452144354581833,0.0,0.33656546473503113,0.0007737616542726755,0.03022848628461361,4.49890933396091e-08,23.948381619712745,30.710941401269015,10.482220385195664,7.922787004986781,17.929091896806238
176,0.23781457543373108,0.0009292223788524738,8.991595718020108,4.73242712020874,0.02177557349205017,0.0120942872017622,0.0015107442159205675,0.0007820305181667209,0.005094246938824654,0.013236049562692642,2.211556420661509e-05,0.01326417364180088,0.007590616121888161,0.05585385486483574,0.0,0.32326942682266235,0.0005994332022964954,0.03056434728205204,4.687656485202751e-09,,,,,
177,0.2430092692375183,0.0009284366901250704,9.037640754017048,4.504842758178711,0.023606562986969948,0.01261204108595848,0.0013964188983663917,0.0009045960614457726,0.004753196612000465,0.012911925092339516,2.2181153326528147e-05,0.012942597270011902,0.01282571442425251,0.04906381666660309,0.0,0.37196749448776245,0.0003756239602807909,0.030907094478607178,7.692724679486673e-09,,,,,
178,0.25947535037994385,0.0009276470196404096,9.083380363998003,5.884438514709473,0.022574985399842262,0.0102066770195961,0.0007051030406728387,0.0014008748112246394,0.01667194440960884,0.011097138747572899,3.074776032008231e-05,0.011277117766439915,0.00796082429587841,0.04426872730255127,0.0,0.3461250066757202,0.0002805870317388326,0.031260520219802856,4.1728839050847455e-07,,,,,
179,0.24488690495491028,0.0009268533751922201,9.130912231979892,4.588223934173584,0.022694632411003113,0.009517710655927658,0.0007815258577466011,0.0011964555596932769,0.014919104985892773,0.010594111867249012,2.9348388125072233e-05,0.010737474076449871,0.0071751088835299015,0.05762521177530289,0.0,0.34433507919311523,0.0002680438628885895,0.031615275889635086,7.289151504608071e-09,,,,,
180,0.27461838722229004,0.0009260557646134523,9.177187507972121,8.238269805908203,0.020907815545797348,0.01590036228299141,0.0018728518625721335,0.000659436802379787,0.0032688374631106853,0.01539679802954197,2.1024467059760354e-05,0.01540975458920002,0.009243655018508434,0.05018017441034317,0.0,0.40712660551071167,0.00041729770600795746,0.031976811587810516,2.605219719953311e-07,,,,,
181,0.2664749324321747,0.0009252541957762005,9.223712451988831,7.387365818023682,0.020914480090141296,0.014397713355720043,0.001947911805473268,0.0006008094060234725,0.004038488958030939,0.01462601125240326,2.1638445105054416e-05,0.014635685831308365,0.008672425523400307,0.06700645387172699,0.0,0.43954673409461975,0.0008536401437595487,0.032334912568330765,2.1314249920578732e-07,,,,,
182,0.24888195097446442,0.0009244486765916255,9.269520821981132,5.0346245765686035,0.022800760343670845,0.010189488530158997,0.0009003541781567037,0.0010961400112137198,0.015943989157676697,0.010714365169405937,3.072495383094065e-05,0.010874801315367222,0.015718970447778702,0.03974214941263199,0.0,0.24854210019111633,0.00011882122635142878,0.03269534930586815,1.2150656480969246e-08,,,,,
183,0.24458466470241547,0.0009236392150098764,9.315699191007297,4.635970115661621,0.022469412535429,0.009280859492719173,0.0008905729046091437,0.0010455858428031206,0.015129387378692627,0.01052167173475027,3.0261802749009803e-05,0.010668097995221615,0.010919963009655476,0.07061352580785751,0.0,0.3465622365474701,0.00033852068008854985,0.03305154666304588,5.749986087266734e-08,,,,,
184,0.25954219698905945,0.0009228258190200126,9.361298359988723,7.2322001457214355,0.02193176932632923,0.014663069508969784,0.001847145613282919,0.0006449705688282847,0.0037105013616383076,0.014330986887216568,2.189970837207511e-05,0.014337160624563694,0.011126663535833359,0.05829472839832306,0.0,0.3226800560951233,0.0004342016181908548,0.033417340368032455,3.053496655525123e-08,,,,,
185,0.24161750078201294,0.0009220084966499235,9.407393797999248,4.897237777709961,0.021690377965569496,0.012447679415345192,0.0015170586993917823,0.0007160785607993603,0.004521648399531841,0.013194953091442585,2.2602818717132322e-05,0.013207058422267437,0.0048743244260549545,0.06309299170970917,0.0,0.39683830738067627,0.0004689448978751898,0.033777788281440735,3.44465185264653e-08,,,,,
186,0.26033586263656616,0.0009211872559662515,9.454699440975673,7.151683330535889,0.022044489160180092,0.009624145925045013,0.0005785857792943716,0.0013301733415573835,0.017611302435398102,0.011228618212044239,3.2019430364016443e-05,0.011425957083702087,0.009390188381075859,0.06387371569871902,0.0,0.38131386041641235,0.00017904472770169377,0.034154266119003296,3.002708410804189e-07,,,,,
187,0.24523910880088806,0.0009203621050743103,9.500863095978275,6.841468811035156,0.022156409919261932,0.008931698277592659,0.0006646635010838509,0.001322061289101839,0.01646263897418976,0.011132853105664253,3.16403602482751e-05,0.01132473535835743,0.009254026226699352,0.04961200803518295,0.0,0.3016895055770874,0.00013676864909939468,0.034531060606241226,7.909413568540913e-08,,,,,
188,0.2353178709745407,0.0009195330521180062,9.54772558802506,4.318911075592041,0.020471515133976936,0.011270163580775261,0.001369165605865419,0.0007486019749194384,0.004699786193668842,0.012517248280346394,2.274641337862704e-05,0.012535199522972107,0.00748839508742094,0.07351884245872498,0.0,0.5077815055847168,0.0012252733577042818,0.03489958494901657,2.938819534392678e-07,,,,,
189,0.23081833124160767,0.0009187001052797571,9.59388773899991,4.883418083190918,0.020047808066010475,0.012041456997394562,0.001477218116633594,0.00078158313408494,0.004473364911973476,0.012635445222258568,2.232019505754579e-05,0.012652862817049026,0.014235190115869045,0.06844364106655121,0.0,0.2978273928165436,0.0006734872586093843,0.03530052304267883,1.2974317087355303e-06,,,,,
190,0.2583583891391754,0.000917863272780412,9.641888320969883,6.382119655609131,0.022923417389392853,0.010095825418829918,0.0007783286273479462,0.0012282453244552016,0.016741957515478134,0.010681552812457085,3.027358434337657e-05,0.01085011474788189,0.007234013639390469,0.07591380178928375,0.0,0.3158232867717743,0.0004887462127953768,0.0357033871114254,7.177392458146414e-09,,,,,
191,0.22930675745010376,0.00091702256287917,9.688925237976946,4.356337070465088,0.02077392488718033,0.008638311177492142,0.0009143566130660474,0.0010765809565782547,0.013859851285815239,0.010212801396846771,2.9942308174213395e-05,0.01034928672015667,0.008486883714795113,0.029776902869343758,0.0,0.3782893717288971,0.0002996779512614012,0.036100927740335464,1.6667507907186518e-06,,,,,
192,0.2564906179904938,0.0009161779838734982,9.73522877600044,7.574249267578125,0.021930532529950142,0.01445577573031187,0.0017581179272383451,0.0005552077200263739,0.0033637643791735172,0.014320007525384426,2.3014859834802337e-05,0.014299863949418068,0.014053011313080788,0.058262038975954056,0.0,0.34728145599365234,0.0009259629296138883,0.036511603742837906,2.7726093776436755e-07,,,,,
193,0.25178858637809753,0.0009153295440990506,9.782536297978368,6.861227989196777,0.021474987268447876,0.014942323789000511,0.0017026247223839164,0.0006686357664875686,0.003871371503919363,0.013338740915060043,2.4833932911860757e-05,0.013312202878296375,0.006721082609146833,0.06004173308610916,0.0,0.22360201179981232,0.0004694314848165959,0.036914337426424026,8.412946783664665e-09,,,,,
194,0.2400650680065155,0.0009144772519295853,9.829821676015854,6.225850582122803,0.022891320288181305,0.008916406892240047,0.00062090705614537,0.0013374704867601395,0.015936482697725296,0.010717010125517845,3.611333522712812e-05,0.01091287937015295,0.021610066294670105,0.033277787268161774,0.0,0.28656500577926636,0.00011804950190708041,0.03730086237192154,6.8296994726324556e-09,,,,,
195,0.24923665821552277,0.0009136211157768814,9.87665258301422,6.446578502655029,0.022081244736909866,0.009258377365767956,0.0006178430048748851,0.0013746374752372503,0.01673949882388115,0.01065977942198515,3.7049852835480124e-05,0.010857253335416317,0.0076781949028372765,0.03549610450863838,0.0,0.37371325492858887,0.00014363515947479755,0.03768236190080643,5.169585506337171e-07,,,,,
196,0.23578454554080963,0.0009127611440906577,9.92537115700543,5.316190719604492,0.02217491902410984,0.01291026920080185,0.0015076453564688563,0.0007775811245664954,0.004507444798946381,0.012345461174845695,2.69508600467816e-05,0.012315541505813599,0.012237489223480225,0.02982606366276741,0.0,0.3143526315689087,0.0005033466150052845,0.03806915506720543,3.8268046864686767e-07,,,,,
197,0.22448572516441345,0.0009118973453584873,9.972639988991432,4.0736002922058105,0.02180461585521698,0.011624830774962902,0.0014138035476207733,0.0007597931544296443,0.005384914577007294,0.011592292226850986,2.7003665309166536e-05,0.0115810576826334,0.008679617196321487,0.06293322890996933,0.0,0.255205899477005,0.00026401388458907604,0.03846203535795212,1.6385069301350086e-08,,,,,
198,0.24776381254196167,0.0009110297281057149,10.018807088024914,6.732291221618652,0.02347159944474697,0.008858359418809414,0.0007071427535265684,0.0011366787366569042,0.01721195876598358,0.010560654103755951,3.5155760997440666e-05,0.01074911281466484,0.011367442086338997,0.04205043241381645,0.0,0.36308395862579346,0.00020155165111646056,0.03885279595851898,1.445226303076197e-07,,,,,
199,0.23649029433727264,0.0009101583008953727,10.065490680979565,4.429925918579102,0.019567687064409256,0.008648592978715897,0.0008310757111757994,0.0010417873272672296,0.013235106132924557,0.00992739386856556,3.3181651815539226e-05,0.010059495456516743,0.008242126554250717,0.04470406472682953,0.0,0.6104480028152466,0.0003149581025354564,0.039244022220373154,9.366002018396102e-08,,,,,
200,0.26294344663619995,0.0009092830723280953,10.113364996970631,8.931200981140137,0.02170473337173462,0.01520488690584898,0.00205402122810483,0.0004543009854387492,0.0027257183101028204,0.01499850582331419,2.4671038772794418e-05,0.014939973130822182,0.011858638375997543,0.043195102363824844,0.0,0.356573224067688,0.0007089173886924982,0.03968431055545807,1.6463300767100009e-07,24.603925156506616,33.09087812571794,11.389216964145087,6.445237798620294,12.0736252011197
201,0.2510654330253601,0.0009084040510420354,10.176037929020822,7.978475570678711,0.021269530057907104,0.014473779127001762,0.0018195502925664186,0.0005477324593812227,0.002907475456595421,0.014441698789596558,2.564917303971015e-05,0.014378784224390984,0.011917749419808388,0.05423116683959961,0.0,0.2795248031616211,0.0007701441645622253,0.04011330008506775,4.296501376899187e-09,,,,,
202,0.2289166897535324,0.0009075212457127782,10.224566408025566,4.7023091316223145,0.020171405747532845,0.009185141883790493,0.0006150630069896579,0.0011919925455003977,0.013630221597850323,0.009900939650833607,3.6034169170306996e-05,0.01004359032958746,0.00433573592454195,0.05362735688686371,0.0,0.326276570558548,0.0004893801524303854,0.040528468787670135,4.787619189983161e-08,,,,,
203,0.2211931347846985,0.0009066346650532561,10.272618855000474,4.77040433883667,0.02291427180171013,0.008521399460732937,0.0006055156700313091,0.001263163285329938,0.013829032890498638,0.009862777777016163,3.598380135372281e-05,0.010007523000240326,0.01352757215499878,0.05241751670837402,0.0,0.19556421041488647,0.0002664528146851808,0.040955036878585815,5.718321176573227e-07,,,,,
204,0.24000069499015808,0.0009057443178136618,10.31971251097275,6.374412536621094,0.01902971789240837,0.012947900220751762,0.0014023804105818272,0.0007252958603203297,0.0035305849742144346,0.012980552390217781,2.675454925338272e-05,0.01292861346155405,0.005556347779929638,0.06687991321086884,0.0,0.45189955830574036,0.00030062824953347445,0.04137025773525238,3.2037497099679513e-09,,,,,
205,0.22590959072113037,0.0009048502127813635,10.366786067024805,4.434816837310791,0.020473679527640343,0.01159037183970213,0.0013925374951213598,0.0006392988725565374,0.0050405110232532024,0.011556184850633144,2.7996895369142294e-05,0.011528228409588337,0.00828981027007103,0.06712978333234787,0.0,0.34524983167648315,0.0013519744388759136,0.04180316999554634,1.6049794382411164e-08,,,,,
206,0.25794461369514465,0.0009039523587808167,10.415223097021226,7.8044538497924805,0.022421130910515785,0.00980342086404562,0.0005919658578932285,0.0012109833769500256,0.017878804355859756,0.010806864127516747,3.825692328973673e-05,0.011032492853701115,0.005392533726990223,0.06056057661771774,0.0,0.33672261238098145,0.00028600412770174444,0.04224931448698044,1.9563984210435592e-08,,,,,
207,0.23393183946609497,0.0009030507646734779,10.462779788998887,6.763909816741943,0.02005050890147686,0.008750282227993011,0.000624414999037981,0.0011685785138979554,0.016203418374061584,0.010410482063889503,3.722772453329526e-05,0.010612346231937408,0.010595114901661873,0.029749836772680283,0.0,0.3013684153556824,0.00010163284605368972,0.04268797114491463,4.1481108326024696e-08,,,,,
208,0.22432364523410797,0.0009021454393577171,10.510410086018965,5.255831718444824,0.020442327484488487,0.01175009086728096,0.001592803280800581,0.0005483375862240791,0.004156691022217274,0.012156090699136257,2.7403506464906968e-05,0.01211288757622242,0.008065026253461838,0.0464259497821331,0.0,0.34860897064208984,0.0005109848571009934,0.04312216490507126,1.0486692403333109e-08,,,,,
209,0.2216557413339615,0.0009012363917687298,10.556958050990943,5.500944137573242,0.021494241431355476,0.012332027778029442,0.0013607577420771122,0.0006880855071358383,0.00393151817843318,0.011792194098234177,2.949217741843313e-05,0.011739857494831085,0.011006994172930717,0.05121419578790665,0.0,0.23567958176136017,0.00043242383981123567,0.043571289628744125,2.7039401828687915e-08,,,,,
210,0.23565681278705597,0.0009003236308784483,10.604691790009383,7.028489589691162,0.019598137587308884,0.008486470207571983,0.0005187119822949171,0.0013831848045811057,0.017917562276124954,0.010364130139350891,4.286438343115151e-05,0.010587097145617008,0.008662063628435135,0.05004725232720375,0.0,0.1917034089565277,7.95903179096058e-05,0.04401354119181633,4.066775360911379e-09,,,,,
211,0.22439201176166534,0.0008994071656954544,10.652554938977119,6.521395683288574,0.02094598114490509,0.00813816487789154,0.0005428387084975839,0.0013149137375876307,0.015060560777783394,0.010077962651848793,4.37731905549299e-05,0.010282762348651886,0.009587324224412441,0.05523466691374779,0.0,0.24440573155879974,9.418241097591817e-05,0.04443671181797981,1.6354025689224727e-08,,,,,
212,0.23638305068016052,0.0008984870052648894,10.703060840023682,5.969985008239746,0.019292077049613,0.013426150195300579,0.001491898437961936,0.000606887333560735,0.0038460432551801205,0.012231397442519665,3.3050371712306514e-05,0.012135894037783146,0.012224504724144936,0.062357496470212936,0.0,0.33740514516830444,0.0004825579235330224,0.04485180974006653,1.0014821860693246e-08,,,,,
213,0.21852810680866241,0.0008975631586683652,10.753637408022769,5.205678462982178,0.020833151414990425,0.012011371552944183,0.0014039314119145274,0.0006345419678837061,0.003894094144925475,0.011596035212278366,3.4124521334888414e-05,0.01151219941675663,0.01571017876267433,0.05417447164654732,0.0,0.24982579052448273,0.00034561933716759086,0.04527289420366287,1.7484030223613445e-08,,,,,
214,0.24358300864696503,0.0008966356350238747,10.80319452699041,7.214751243591309,0.02233082987368107,0.009192049503326416,0.0005402232054620981,0.0012883724411949515,0.017481544986367226,0.010323181748390198,4.619612809619866e-05,0.010562673211097717,0.006221430376172066,0.07113233953714371,0.0,0.19457903504371643,7.093706517480314e-05,0.04569309204816818,9.075426987692481e-08,,,,,
215,0.24195373058319092,0.000895704443485702,10.852339854987804,7.135699272155762,0.02034810557961464,0.009168194606900215,0.0005933328066021204,0.0012282419484108686,0.01619884744286537,0.01002801489084959,4.402668128022924e-05,0.010243288241326809,0.014629035256803036,0.06492562592029572,0.0,0.33850347995758057,7.07460567355156e-05,0.04609557241201401,2.6859343194018948e-08,,,,,
216,0.21692490577697754,0.0008947695932443316,10.90196486999048,5.686074733734131,0.021809594705700874,0.011124040000140667,0.0015492206439375877,0.0005458510713651776,0.003540175035595894,0.011809228919446468,3.053162799915299e-05,0.011737369932234287,0.009557681158185005,0.06349198520183563,0.0,0.3234589695930481,0.0005665076896548271,0.046501461416482925,2.186124525849209e-08,,,,,
217,0.21824271976947784,0.0008938310935263577,10.950648483994883,5.011226654052734,0.02083161473274231,0.011913774535059929,0.0014432258903980255,0.0005861888639628887,0.004234924912452698,0.011288737878203392,2.959550874948036e-05,0.011237462982535362,0.011930545791983604,0.0395263135433197,0.0,0.2919316291809082,0.0003259637742303312,0.046919457614421844,6.505598548756097e-08,,,,,
218,0.22981488704681396,0.000892888953594394,10.998887925990857,7.185676097869873,0.02058280073106289,0.007882378064095974,0.000449086248409003,0.0014167586341500282,0.0173827912658453,0.010084649547934532,3.8108726585051045e-05,0.010293133556842804,0.009456006810069084,0.069157175719738,0.0,0.1872694194316864,4.7441797505598515e-05,0.047346796840429306,3.05163361247196e-08,,,,,
219,0.2365952879190445,0.0008919431827469809,11.047619042976294,6.385333061218262,0.02069821208715439,0.008108573034405708,0.00046612153528258204,0.0014295934233814478,0.016714520752429962,0.009787686169147491,3.5439177736407146e-05,0.009971399791538715,0.012658033519983292,0.04884181544184685,0.0,0.39394083619117737,7.878639735281467e-05,0.04775606468319893,2.089267070459755e-08,,,,,
220,0.22651439905166626,0.0008909937903184951,11.096860036021098,5.342209339141846,0.019201824441552162,0.012232224456965923,0.0015886758919805288,0.0005026713479310274,0.004230677615851164,0.011625729501247406,2.4191838747356087e-05,0.011607554741203785,0.00951463170349598,0.050588298588991165,0.0,0.37596023082733154,0.0005293443100526929,0.048183418810367584,5.320956120158371e-09,,,,,
221,0.21794788539409637,0.0008900407856790567,11.145590202009771,4.628292560577393,0.019139204174280167,0.010933084413409233,0.0016060475027188659,0.0004754036199301481,0.004196472000330687,0.011266855522990227,2.2530237401952036e-05,0.011271019466221333,0.007135387510061264,0.052513111382722855,0.0,0.4446088373661041,0.0005553539376705885,0.0486358106136322,2.9286990610444263e-08,,,,,
222,0.22598685324192047,0.0008890841782344365,11.194707136019133,6.306638717651367,0.02164658159017563,0.008668344467878342,0.000560375046916306,0.0011918359668925405,0.015337444841861725,0.009501541033387184,2.7936419428442605e-05,0.009645648300647736,0.011601568199694157,0.05404788628220558,0.0,0.22882571816444397,7.259969424922019e-05,0.04912666231393814,7.58717444426793e-09,,,,,
223,0.21306683123111725,0.0008881239774259638,11.243481620971579,5.224640846252441,0.02130373753607273,0.007639431394636631,0.0005298297619447112,0.0013897353783249855,0.014395753853023052,0.009027434512972832,2.596454942249693e-05,0.00914029311388731,0.00867795292288065,0.03539079427719116,0.0,0.263290137052536,8.675426943227649e-05,0.049604687839746475,2.733121462483723e-08,,,,,
224,0.234678253531456,0.0008871601927304331,11.293757275969256,8.212109565734863,0.01980437897145748,0.012997766956686974,0.001675325445830822,0.0005604696925729513,0.002227427437901497,0.013773527927696705,1.9190825696568936e-05,0.01381126418709755,0.012710120528936386,0.042553845793008804,0.0,0.37890738248825073,0.00037587081897072494,0.0500858798623085,3.62060944780751e-07,,,,,
225,0.23686659336090088,0.0008861928336600101,11.342987453972455,8.111344337463379,0.02054661139845848,0.013924309983849525,0.001477225567214191,0.000511861639097333,0.00302875111810863,0.013436470180749893,1.9121376681141555e-05,0.013478315435349941,0.016817621886730194,0.039526551961898804,0.0,0.27235084772109985,0.000437181384768337,0.05056639388203621,6.767610472024899e-09,22.98656553919592,22.869467759075512,6.751692495549462,9.499230530441237,31.61634551733875
226,0.20323070883750916,0.0008852219097621384,11.409116770024411,5.129112720489502,0.018929339945316315,0.007568498607724905,0.0005559878190979362,0.001094053965061903,0.01331636868417263,0.008790800347924232,2.414273149042856e-05,0.008893685415387154,0.01130805816501379,0.061656929552555084,0.0,0.2287953495979309,0.00015515665290877223,0.05103541165590286,4.820525134618947e-08,,,,,
227,0.19662493467330933,0.0008842474306194447,11.457675598969217,3.8645942211151123,0.017903322353959084,0.007543893065303564,0.0007073788437992334,0.0009597483440302312,0.01236274465918541,0.008659010753035545,2.433500594634097e-05,0.008753755129873753,0.011167973279953003,0.07397782802581787,0.0,0.1793612539768219,0.00020351594139356166,0.05150356516242027,6.313745615216249e-08,,,,,
228,0.2157958298921585,0.0008832694058496449,11.50648048601579,6.232385158538818,0.019976146519184113,0.01188080944120884,0.0017978539690375328,0.00041163188870996237,0.0035346075892448425,0.01176981721073389,2.0472383766900748e-05,0.01179126463830471,0.00953489076346159,0.05875276029109955,0.0,0.1972748339176178,0.0009450763463973999,0.05195863917469978,2.2462256765720667e-07,,,,,
229,0.2067461609840393,0.0008822878451054484,11.554652584018186,3.419996500015259,0.019082460552453995,0.010674282908439636,0.0010932900477200747,0.0007396991131827235,0.005391104146838188,0.009858114644885063,2.2910549887456e-05,0.009875433519482613,0.012768969871103764,0.03662959486246109,0.0,0.3631448745727539,0.00016769177454989403,0.05240130051970482,1.649000012093893e-07,,,,,
230,0.2308550775051117,0.0008813027580744639,11.603433786018286,7.478269100189209,0.01867608353495598,0.007959825918078423,0.0003986493102274835,0.0014930886682122946,0.017268816009163857,0.009452198632061481,3.066318095079623e-05,0.009623648598790169,0.006690431851893663,0.02825862355530262,0.0,0.37591874599456787,4.019524931209162e-05,0.05287697911262512,3.475075516234938e-08,,,,,
231,0.2098986804485321,0.0008803141544791022,11.651489884010516,5.516724586486816,0.019649213179945946,0.008147097192704678,0.0004980756202712655,0.0012863914016634226,0.013330119661986828,0.00872936099767685,3.096811633440666e-05,0.008863610215485096,0.00835227221250534,0.04987102374434471,0.0,0.25824934244155884,4.127967986278236e-05,0.05335965380072594,9.007131751559427e-08,,,,,
232,0.23893095552921295,0.0008793220440764821,11.69982555299066,8.78003215789795,0.018087539821863174,0.013779070228338242,0.0019289106130599976,0.00030914382659830153,0.0021081469021737576,0.0132760563865304,2.302058055647649e-05,0.013234826736152172,0.015809854492545128,0.05250271037220955,0.0,0.3977554738521576,0.0005610424559563398,0.0538458488881588,2.319688519492047e-06,,,,,
233,0.24059802293777466,0.0008783264366583325,11.749819030985236,9.239479064941406,0.015779394656419754,0.01341774221509695,0.002003767527639866,0.0002909851027652621,0.0017716509755700827,0.013657129369676113,2.341897925361991e-05,0.013604183681309223,0.008662482723593712,0.0648440271615982,0.0,0.5031964778900146,0.0005540434503927827,0.0543355792760849,1.5478580195349423e-08,,,,,
234,0.18221615254878998,0.0008773273420508967,11.798710768984165,3.081892490386963,0.01722017303109169,0.007125431206077337,0.0007545797852799296,0.0009762871777638793,0.010038629174232483,0.008200622163712978,3.193937300238758e-05,0.00828490313142538,0.014789173379540443,0.02031637355685234,0.0,0.2866683006286621,7.938903581816703e-05,0.054838698357343674,1.6947586800597492e-07,,,,,
235,0.21376003324985504,0.0008763247701148352,11.845738256000914,5.803176403045654,0.019540682435035706,0.007344700396060944,0.0005552219226956367,0.0012930301018059254,0.014544117264449596,0.008637214079499245,3.4983273508260027e-05,0.00878936517983675,0.006534990388900042,0.06748886406421661,0.0,0.3272017240524292,0.00010866393859032542,0.05535624548792839,7.910033517077864e-09,,,,,
236,0.1895434856414795,0.0008753187307451283,11.895983296970371,3.5185437202453613,0.01689702272415161,0.009745422750711441,0.001250681234523654,0.0006360325496643782,0.004526179283857346,0.009480440057814121,2.8146025215392e-05,0.00945843756198883,0.010451291687786579,0.03830911964178085,0.0,0.29652899503707886,0.0003136285813525319,0.05588885396718979,2.5759700292837806e-06,,,,,
237,0.2016100138425827,0.0008743092338709782,11.950782449974213,3.639702558517456,0.019722530618309975,0.009976780973374844,0.0012510160449892282,0.0005900887190364301,0.004619816318154335,0.00939136277884245,2.8774957172572613e-05,0.009366381913423538,0.011884555220603943,0.05619899183511734,0.0,0.41558560729026794,0.0003297280636616051,0.056439414620399475,9.178494764228162e-08,,,,,
238,0.20544593036174774,0.0008732962894557116,12.002124872000422,5.572915554046631,0.017816655337810516,0.007423833943903446,0.00043131894199177623,0.0013230530312284827,0.012867907993495464,0.00835130549967289,3.58444158337079e-05,0.008493942208588123,0.009310850873589516,0.056235421448946,0.0,0.37987545132637024,3.4413304092595354e-05,0.057029105722904205,1.3709069435208221e-08,,,,,
239,0.17494507133960724,0.0008722799074966811,12.054727770970203,1.6178102493286133,0.01595814898610115,0.007247801870107651,0.0008548595942556858,0.0007761333836242557,0.009222162887454033,0.007952574640512466,3.243636092520319e-05,0.008005800656974316,0.004556629806756973,0.050239745527505875,0.0,0.19981157779693604,0.0002647626679390669,0.057639721781015396,3.471349430128612e-08,,,,,
240,0.19844789803028107,0.0008712600980251661,12.10575276199961,6.2316436767578125,0.016874883323907852,0.01028585433959961,0.0016355118714272976,0.0004173360939603299,0.002679497702047229,0.011013224720954895,2.7052072255173698e-05,0.010951840318739414,0.011435708031058311,0.06619217246770859,0.0,0.3168674111366272,0.0007463159272447228,0.058235637843608856,1.5114123641524202e-07,,,,,
241,0.17632907629013062,0.0008702368711062745,12.156731618975755,0.709532618522644,0.018941659480333328,0.007754280231893063,0.0007289230707101524,0.0009680401417426765,0.006064308807253838,0.008228025399148464,3.128565731458366e-05,0.008233278058469296,0.01118770707398653,0.05599991977214813,0.0,0.28705665469169617,0.0003167603281326592,0.058837391436100006,3.0423886983044213e-06,,,,,
242,0.1962539404630661,0.0008692102368388428,12.206755579973105,5.6163458824157715,0.015639571473002434,0.007310029119253159,0.00040377487312071025,0.001345097436569631,0.012967749498784542,0.00807180441915989,3.7469540984602645e-05,0.008212793618440628,0.009159203618764877,0.04564271867275238,0.0,0.28988081216812134,0.00025478159659542143,0.05945153906941414,2.7722368400873165e-08,,,,,
243,0.16835378110408783,0.0008681802053553369,12.255824377003592,0.5868902802467346,0.01873306930065155,0.006699778139591217,0.0009364410652779043,0.000618256104644388,0.0061634923331439495,0.008107020519673824,3.2816238672239706e-05,0.008107844740152359,0.011204254813492298,0.0830373466014862,0.0,0.26790374517440796,0.0007443633512593806,0.06007402017712593,8.54705746178297e-08,,,,,
244,0.1901264786720276,0.0008671467868217514,12.306132494995836,5.349414825439453,0.017278088256716728,0.009948904626071453,0.0016147516435012221,0.00032470267615281045,0.00317958602681756,0.010129761882126331,3.0034487281227484e-05,0.010058082640171051,0.019875574856996536,0.06733985990285873,0.0,0.2337159365415573,0.0009939393494278193,0.060702092945575714,1.6298145055770874e-08,,,,,
245,0.18442393839359283,0.0008661099914375104,12.356337658013217,2.7506675720214844,0.018787790089845657,0.0069605447351932526,0.0005234499694779515,0.0011333422735333443,0.009800365194678307,0.007455355487763882,3.707817813847214e-05,0.007532005198299885,0.01595020294189453,0.05685625225305557,0.0,0.34283411502838135,0.00015073118265718222,0.06132492795586586,1.587594589125274e-08,,,,,
246,0.1749357283115387,0.0008650698294353655,12.40537894400768,3.6987504959106445,0.016467861831188202,0.006859683897346258,0.00044807721860706806,0.001282339682802558,0.010171414352953434,0.007402397226542234,3.7742811400676146e-05,0.007496977224946022,0.004057257901877165,0.03992040082812309,0.0,0.22121746838092804,0.00010663470311556011,0.061971355229616165,1.1312465630908264e-08,,,,,
247,0.19179846346378326,0.0008640263110812959,12.453518337977584,5.570786952972412,0.017560314387083054,0.010874487459659576,0.0015226767864078283,0.0003952378174290061,0.003294411115348339,0.009599190205335617,3.101301990682259e-05,0.009530970826745033,0.012533094733953476,0.04680291563272476,0.0,0.212261363863945,0.00033143884502351284,0.0626111552119255,9.490799470768252e-07,,,,,
248,0.16529709100723267,0.0008629794466744064,12.501686722971499,0.303226113319397,0.018576933071017265,0.006870190612971783,0.001021545147523284,0.000682000070810318,0.006419376935809851,0.007497785147279501,3.50680566043593e-05,0.007509293965995312,0.006346140988171101,0.030478358268737793,0.0,0.30360084772109985,7.221000123536214e-05,0.06323840469121933,1.899897910107029e-07,,,,,
249,0.18137669563293457,0.0008619292465468258,12.54954524198547,4.4395904541015625,0.01776386983692646,0.006776508875191212,0.0005329870036803186,0.0011956007219851017,0.01043725572526455,0.007275167852640152,3.941283648600802e-05,0.007393626496195793,0.016709187999367714,0.04795391857624054,0.0,0.29484349489212036,0.00019694499496836215,0.06388131529092789,2.903925917507877e-07,,,,,
250,0.16483186185359955,0.0008608757210636058,12.596841487975325,1.8988498449325562,0.01725582778453827,0.007717147469520569,0.0010158035438507795,0.0005939691327512264,0.004597624763846397,0.008080034516751766,3.36321463692002e-05,0.00804214458912611,0.015534204430878162,0.05240128934383392,0.0,0.2473086416721344,0.00032283994369208813,0.0645391121506691,3.3259397014262504e-07,20.437420790422955,26.634771089501534,9.679427984675783,6.428743562308435,13.580153803574285
251,0.1621040552854538,0.0008598188806226174,12.663675056013744,4.2140679359436035,0.014810740016400814,0.00835028849542141,0.001181042636744678,0.0005167571362107992,0.0028694025240838528,0.008877203799784184,3.247979111620225e-05,0.008806091733276844,0.015940548852086067,0.032352764159440994,0.0,0.24121159315109253,0.0001858939358498901,0.06519734859466553,2.2171686708816196e-08,,,,,
252,0.17318467795848846,0.0008587587356544492,12.712111893983092,5.043223857879639,0.016455190256237984,0.006473327986896038,0.0004249216872267425,0.0012383416760712862,0.010742953047156334,0.007162365131080151,4.015397644252516e-05,0.0072855763137340546,0.008850340731441975,0.058836258947849274,0.0,0.1884567141532898,0.00022613001056015491,0.06585794687271118,3.018726957293438e-08,,,,,
253,0.1671774685382843,0.0008576952966223038,12.758864537987392,0.8958585262298584,0.017143860459327698,0.006649808492511511,0.000867797527462244,0.0007323467871174216,0.006969638168811798,0.006889866665005684,3.725476926774718e-05,0.0069183846935629845,0.013436580076813698,0.06222780421376228,0.0,0.35323581099510193,0.0003431326476857066,0.06650810688734055,4.4479968153154914e-08,,,,,
254,0.16558881103992462,0.0008566285740218953,12.806726543989498,4.905861854553223,0.017082028090953827,0.008616089820861816,0.0015090026427060366,0.0003195574681740254,0.003052961081266403,0.00884003285318613,3.359488255227916e-05,0.008762789890170097,0.01789766736328602,0.03193661570549011,0.0,0.18191522359848022,0.0002874184283427894,0.06719754636287689,9.592001504188374e-08,,,,,
255,0.15931203961372375,0.0008555585783813451,12.854211482976098,2.1498305797576904,0.016034867614507675,0.006060789339244366,0.0005139688146300614,0.0010669592302292585,0.008051086217164993,0.006575740408152342,3.986609590356238e-05,0.006646030582487583,0.0061204577796161175,0.06527967751026154,0.0,0.2493831068277359,0.0005639354349114001,0.06787165254354477,8.041038768169528e-08,,,,,
256,0.15394869446754456,0.0008544853202610782,12.901081039977726,3.3702986240386963,0.015835653990507126,0.00572276022285223,0.00047432896099053323,0.0010187183506786823,0.008659329265356064,0.006541935261338949,4.071283183293417e-05,0.00664013996720314,0.008234460838139057,0.05849023908376694,0.0,0.1801203191280365,0.000656598771456629,0.06855212897062302,4.308919443474224e-09,,,,,
257,0.15849784016609192,0.0008534088102537189,12.947432807006408,4.899845123291016,0.013829433359205723,0.008746480569243431,0.0013268664479255676,0.00030703237280249596,0.002742753829807043,0.00830735545605421,3.413388185435906e-05,0.008239679038524628,0.011602762155234814,0.028857501223683357,0.0,0.1944882869720459,0.0006896991399116814,0.06921842694282532,1.94475069292821e-06,,,,,
258,0.14020104706287384,0.0008523290589839864,12.994119303999469,1.6247735023498535,0.01527496613562107,0.0058206552639603615,0.0005340857314877212,0.000812821090221405,0.006608038209378719,0.006338787730783224,3.888167339027859e-05,0.006378506775945425,0.012563221156597137,0.05456138402223587,0.0,0.1235605850815773,0.0003039751318283379,0.06988038867712021,2.989545677678507e-08,,,,,
259,0.1549171805381775,0.0008512460771085899,13.041607755993027,1.9755589962005615,0.01410113275051117,0.006761643104255199,0.0004623005515895784,0.0010165045969188213,0.007314130198210478,0.0061803217977285385,3.908786311512813e-05,0.006232907064259052,0.00824435893446207,0.041375741362571716,0.0,0.24431663751602173,0.0006248261779546738,0.07051459699869156,4.7497451305389404e-08,,,,,
260,0.14835180342197418,0.000850159875316123,13.088340473012067,2.4784090518951416,0.01693551242351532,0.006907470524311066,0.0009179855114780366,0.00048106288886629045,0.0035671857185661793,0.006995092146098614,3.519742676871829e-05,0.006955398712307215,0.01639806106686592,0.07859547436237335,0.0,0.20929327607154846,0.0004290629585739225,0.071167953312397,3.2161675544983837e-09,,,,,
261,0.13993427157402039,0.0008490704643269592,13.134954402979929,0.3949028253555298,0.01288695726543665,0.0063241636380553246,0.0007943500531837344,0.0006576008163392544,0.005625398829579353,0.00611466821283102,3.699086300912313e-05,0.0061304704286158085,0.008535638451576233,0.03308196738362312,0.0,0.20869383215904236,0.0003276088391430676,0.07182738929986954,3.6175179047859274e-06,,,,,
262,0.1450815349817276,0.000847977854893145,13.182183068012819,4.03874397277832,0.016510479152202606,0.00536426343023777,0.0003833689261227846,0.000998017261736095,0.00824020802974701,0.005862045101821423,3.9395716157741845e-05,0.005952686537057161,0.01171364076435566,0.03598540648818016,0.0,0.20674149692058563,0.00026298646116629243,0.07248986512422562,2.058769496215973e-06,,,,,
263,0.15086504817008972,0.0008468820577982946,13.230355445994064,5.279426574707031,0.015640685334801674,0.007775947451591492,0.0012556484434753656,0.0002582763263490051,0.0025398433208465576,0.007806604262441397,3.2734442356741056e-05,0.007741657551378012,0.019452493637800217,0.04235077276825905,0.0,0.21787530183792114,0.0001195629738504067,0.07315693795681,1.2306496444125514e-07,,,,,
264,0.13273832201957703,0.0008457830838574825,13.277454447001219,1.1764812469482422,0.013634891249239445,0.005472433753311634,0.000630105088930577,0.0007154829218052328,0.006495625711977482,0.00561032397672534,3.76344942196738e-05,0.00565218273550272,0.011252068914473057,0.04641256853938103,0.0,0.14604045450687408,0.0004025788512080908,0.07383068650960922,1.9289366264274577e-06,,,,,
265,0.13594882190227509,0.0008446809439171382,13.323343191004824,3.5198662281036377,0.014668188989162445,0.004995860159397125,0.0004264267045073211,0.0009410361526533961,0.008140314370393753,0.0054769436828792095,3.9701710193185136e-05,0.0055655064061284065,0.01823098212480545,0.029023069888353348,0.0,0.16363957524299622,0.0005256022559478879,0.0744893029332161,1.7012160569152002e-08,,,,,
266,0.1427868902683258,0.0008435756488549379,13.370865073986351,5.236021995544434,0.013365666382014751,0.007085356395691633,0.0012529990635812283,0.000287827686406672,0.0025743141304701567,0.007178695406764746,3.374496736796573e-05,0.007107015699148178,0.013024195097386837,0.04448579624295235,0.0,0.2383241504430771,0.0010327552445232868,0.07514404505491257,8.588035882439726e-08,,,,,
267,0.13560551404953003,0.0008424672095796976,13.417713215982076,2.834285259246826,0.01436558272689581,0.004790552891790867,0.0003405804745852947,0.0010753441601991653,0.006801105570048094,0.005146057344973087,4.016191451228224e-05,0.005211372394114733,0.020405055955052376,0.06920847296714783,0.0,0.23715853691101074,0.0005604982143267989,0.0758189857006073,3.001342108177596e-08,,,,,
268,0.1259579360485077,0.0008413556370312655,13.464457741007209,1.5491604804992676,0.012858595699071884,0.005307301413267851,0.0005774495657533407,0.0006821581046096981,0.005574122071266174,0.005079910159111023,3.9687736716587096e-05,0.005118053872138262,0.008780304342508316,0.02239997684955597,0.0,0.2370893359184265,0.00034532241988927126,0.07651910185813904,2.314460800789675e-07,,,,,
269,0.1469285786151886,0.0008402409421804138,13.511919034994207,5.847236633300781,0.012924714013934135,0.007696925662457943,0.0014680377207696438,0.0001348492078250274,0.002338463207706809,0.006695955526083708,3.534762072376907e-05,0.006622155662626028,0.020050562918186188,0.07670196890830994,0.0,0.19549572467803955,0.0015311585739254951,0.07724311202764511,1.0006750983393431e-07,,,,,
270,0.1272519826889038,0.0008391231360287306,13.56143850099761,4.788259983062744,0.011949913576245308,0.004469205625355244,0.00025084850494749844,0.0012000768911093473,0.007964637130498886,0.004979615565389395,4.343076216173358e-05,0.005106974858790636,0.0076768603175878525,0.04434432089328766,0.0,0.14573052525520325,0.00039034272776916623,0.07796413451433182,5.169462014009696e-08,,,,,
271,0.11800657957792282,0.0008380022296085116,13.611434122023638,1.1399574279785156,0.01443471573293209,0.005269180051982403,0.000670843874104321,0.0005212770192883909,0.0039270371198654175,0.004965510684996843,3.938967711292207e-05,0.0049594915471971035,0.011780936270952225,0.0506686270236969,0.0,0.13010433316230774,0.001305245328694582,0.07867620140314102,1.22748318176491e-07,,,,,
272,0.1189468502998352,0.0008368782339826503,13.664006549981423,2.862116813659668,0.012165452353656292,0.005616447888314724,0.0008211940876208246,0.0003871594090014696,0.0028914394788444042,0.005361113231629133,3.825987732852809e-05,0.005317226517945528,0.012580727227032185,0.04112129285931587,0.0,0.20391607284545898,0.0014446643181145191,0.07937323302030563,2.241196597196904e-07,,,,,
273,0.1173902302980423,0.00083575116024453,13.712756971013732,4.455263137817383,0.014752812683582306,0.0040874904952943325,0.00024537541321478784,0.0012086224742233753,0.006722697522491217,0.004421132616698742,4.364167762105353e-05,0.004530424252152443,0.01418481208384037,0.03380230814218521,0.0,0.1150413379073143,0.00024501257576048374,0.08008575439453125,5.570861958403839e-07,,,,,
274,0.11509347707033157,0.0008346210195179135,13.762684686982539,3.7918124198913574,0.013908232562243938,0.00553301302716136,0.0013028457760810852,0.00015462838928215206,0.002629878930747509,0.005177596118301153,3.74461269530002e-05,0.005122866947203875,0.01668352633714676,0.03253575786948204,0.0,0.11002923548221588,0.0011814917670562863,0.0807797759771347,5.88595838735273e-09,,,,,
275,0.10534586012363434,0.0008334878229568333,13.81144887197297,1.756321668624878,0.012169008143246174,0.0041327811777591705,0.00035887659760192037,0.0007300241268239915,0.004976116120815277,0.003996495623141527,4.268896736903116e-05,0.004036345984786749,0.017821243032813072,0.031896356493234634,0.0,0.14531025290489197,0.0014006274286657572,0.08145774155855179,2.709589921323641e-07,15.201747373247379,17.657018479444776,6.170862235541758,6.808434020851709,16.081502801668208
276,0.10854805260896683,0.0008323515817454821,13.879307043971494,0.4146789312362671,0.01333313062787056,0.004415926057845354,0.0005108852637931705,0.0005855139461345971,0.003941058646887541,0.003933937754482031,4.104399704374373e-05,0.003950463607907295,0.021917521953582764,0.06281440705060959,0.0,0.15176548063755035,0.0019323114538565278,0.08213798701763153,7.065634743952387e-09,,,,,
277,0.10253608226776123,0.000831212307098102,13.927327887970023,0.6355769038200378,0.013697297312319279,0.004063997883349657,0.0006826393073424697,0.0002758904010988772,0.0034055362921208143,0.0039312150329351425,3.824719897238538e-05,0.00393973384052515,0.013003651052713394,0.07141297310590744,0.0,0.16605938971042633,0.0008177049458026886,0.08282819390296936,3.930181513567277e-09,,,,,
278,0.09755811095237732,0.0008300700102588737,13.975331666995771,0.40622472763061523,0.011856204830110073,0.0038396725431084633,0.0006608233088627458,0.0003837175900116563,0.003918773494660854,0.0037310549523681402,3.724140697158873e-05,0.003752979217097163,0.028070133179426193,0.04782918840646744,0.0,0.14134427905082703,0.00018636041204445064,0.08353397250175476,1.82415043070705e-08,,,,,
279,0.0894702672958374,0.000828924702501806,14.020976588013582,1.8610904216766357,0.01138100866228342,0.003362411167472601,0.0001868187973741442,0.0009019944700412452,0.004112597554922104,0.003454830963164568,3.821726204478182e-05,0.0034932910930365324,0.014881448820233345,0.027201414108276367,0.0,0.11421296000480652,0.00031379348365589976,0.08424274623394012,1.3620282857118582e-07,,,,,
280,0.10365952551364899,0.0008277763951306239,14.068253705976531,4.777137279510498,0.011617142707109451,0.004620359744876623,0.0011578931007534266,0.00010766024206532165,0.0019536525942385197,0.004507496953010559,3.4722826967481524e-05,0.004460425581783056,0.02044636383652687,0.06359159201383591,0.0,0.08273650705814362,0.004723019432276487,0.08494061231613159,2.667928811206366e-08,,,,,
281,0.12383662909269333,0.0008266250994786576,14.116278339992277,8.68549919128418,0.013690339401364326,0.0034405344631522894,0.00013560456864070147,0.0019758730195462704,0.007925888523459435,0.004072302952408791,4.583652480505407e-05,0.004269915632903576,0.025712132453918457,0.022193750366568565,0.0,0.14491626620292664,0.0018244218081235886,0.08561792224645615,5.197400909651151e-08,,,,,
282,0.09153776615858078,0.0008254708269087304,14.163774998974986,1.7163031101226807,0.011509341187775135,0.003371907863765955,0.0002819017390720546,0.0006492558750323951,0.004092320334166288,0.00292289350181818,4.105853440705687e-05,0.0029569847974926233,0.011553749442100525,0.06879506260156631,0.0,0.14545971155166626,0.00038547220174223185,0.08627830445766449,3.2689420947917824e-08,,,,,
283,0.15726301074028015,0.0008243135888130465,14.211827028018888,12.698554039001465,0.012683994136750698,0.0075389910489320755,0.0028871321119368076,0.00035925471456721425,0.0015585407381877303,0.0075531164184212685,3.278804069850594e-05,0.007409786805510521,0.014745648950338364,0.05290598422288895,0.0,0.11624607443809509,0.00338819925673306,0.08695360273122787,3.026798367500305e-08,,,,,
284,0.08826304227113724,0.0008231533966130789,14.26070255500963,4.195371150970459,0.011796551756560802,0.0038382504135370255,0.0011203044559806585,6.452720845118165e-05,0.0020390553399920464,0.0034159435890614986,3.8050169678172097e-05,0.003365457756444812,0.016494490206241608,0.034921977669000626,0.0,0.09671558439731598,0.002572094090282917,0.08759200572967529,2.6412931219965685e-07,,,,,
285,0.2778077721595764,0.0008219902617594562,14.308514881005976,19.941972732543945,0.017605064436793327,0.007779962383210659,0.0016739219427108765,0.006015292834490538,0.017366688698530197,0.009974319487810135,6.184545054566115e-05,0.010536279529333115,0.02349892072379589,0.026779161766171455,0.0,0.08369126170873642,0.0018387810559943318,0.08822708576917648,1.1542191202806862e-08,,,,,
286,0.32298263907432556,0.0008208241957318497,14.356337931996677,21.938106536865234,0.017512841150164604,0.00805289950221777,0.0027090138755738735,0.008227400481700897,0.01801350712776184,0.011056139133870602,6.68356369715184e-05,0.011695369146764278,0.012158200144767761,0.033008161932229996,0.0,0.06338497996330261,0.006290269084274769,0.08881215751171112,2.6021153232136385e-08,,,,,
287,0.08601740747690201,0.0008196552100388604,14.405289863992948,4.869968414306641,0.010443178936839104,0.002268272452056408,0.00011574781819945201,0.001657114364206791,0.004016827326267958,0.002254175255075097,5.043446799390949e-05,0.0023405570536851883,0.014153041876852512,0.03583752363920212,0.0,0.09925297647714615,0.004594895057380199,0.08934955298900604,1.80117787351719e-08,,,,,
288,0.627119779586792,0.000818483316217905,14.452290695975535,37.794715881347656,0.019890056923031807,0.025813598185777664,0.013118159025907516,0.00831797905266285,0.010103820823132992,0.028156211599707603,2.7849666366819292e-05,0.027963336557149887,0.019292296841740608,0.06335355341434479,0.0,0.1147596687078476,0.020298846065998077,0.08989772200584412,2.4499993145354892e-08,,,,,
289,1.1987770795822144,0.0008173085258351027,14.499948886979837,53.96342086791992,0.03167854622006416,0.040176648646593094,0.02839067205786705,0.02223818562924862,0.020443564280867577,0.04663621634244919,2.5315302991657518e-05,0.04662390053272247,0.014267452992498875,0.06085352972149849,0.0,0.06605418026447296,0.06065579503774643,0.09040282666683197,1.3824926554661943e-06,,,,,
290,0.7927043437957764,0.0008161308504851601,14.547745290969033,39.852420806884766,0.02301289327442646,0.021988902240991592,0.0222293883562088,0.01953994855284691,0.007455690763890743,0.025078002363443375,2.5653022021288052e-05,0.02494075521826744,0.025363661348819733,0.08260012418031693,0.0,0.08436965197324753,0.032132476568222046,0.09086333960294724,1.2570991714255797e-07,,,,,
291,0.1661473512649536,0.0008149503017912574,14.596091179992072,8.344843864440918,0.010549034923315048,0.0029729395173490047,0.005822698585689068,0.003529430367052555,0.0034495636355131865,0.0026688703801482916,3.761767584364861e-05,0.0026724161580204964,0.014143169857561588,0.017869779840111732,0.0,0.05925736203789711,0.007887987419962883,0.09128641337156296,2.1304933284227445e-07,,,,,
292,0.507388174533844,0.0008137668914049339,14.642359999998007,28.504655838012695,0.024906255304813385,0.015501197427511215,0.0037446569185703993,0.008920824155211449,0.03080497495830059,0.020463626831769943,7.127859862521291e-05,0.021392233669757843,0.0188423004001379,0.06802719086408615,0.0,0.09919005632400513,0.011356623843312263,0.09169545769691467,2.0521851183730178e-05,,,,,
293,1.0603159666061401,0.0008125806310059719,14.691067693987861,38.67601776123047,0.04373158887028694,0.0220846738666296,0.019971046596765518,0.03106747381389141,0.04066159948706627,0.030505694448947906,8.709779649507254e-05,0.03183341026306152,0.01810389757156372,0.08532723039388657,0.0,0.09266509860754013,0.027162745594978333,0.09207704663276672,8.479846513864686e-08,,,,,
294,1.047619342803955,0.000811391532302283,14.739272910985164,35.5731201171875,0.044982586055994034,0.01216905377805233,0.02642091177403927,0.04200982302427292,0.024855641648173332,0.016687503084540367,7.86603195592761e-05,0.017595117911696434,0.0188516266644001,0.07834024727344513,0.0,0.07272343337535858,0.03969729691743851,0.09243159741163254,1.186303251188292e-07,,,,,
295,0.5194085836410522,0.0008101996070297912,14.78572493797401,19.568012237548828,0.027959831058979034,0.0019095888128504157,0.014885619282722473,0.027636397629976273,0.003948502708226442,0.0018234451999887824,5.212545147514902e-05,0.001928484532982111,0.02190767601132393,0.057370416820049286,0.0,0.11982265114784241,0.014216511510312557,0.09275893867015839,1.323254217311387e-08,,,,,
296,0.27103665471076965,0.0008090048669523178,14.832284256990533,18.383037567138672,0.012847205623984337,0.015946289524435997,0.00046547059901058674,0.002524842042475939,0.00440535694360733,0.01599934510886669,2.860041604435537e-05,0.015814363956451416,0.025280499830842018,0.07325108349323273,0.0,0.14776794612407684,0.0031105694361031055,0.0930781289935112,5.15331866068891e-09,,,,,
297,0.3542355000972748,0.0008078073238614648,14.880180192994885,24.332101821899414,0.012536343187093735,0.016419503837823868,0.005781463347375393,0.004104161635041237,0.003680378897115588,0.019213389605283737,2.346501059946604e-05,0.019169870764017105,0.022591307759284973,0.08337840437889099,0.0,0.09145240485668182,0.0056306300684809685,0.09339787065982819,1.1493141727214606e-07,,,,,
298,0.40138691663742065,0.0008066069895764995,14.927448889997322,16.091184616088867,0.013686846941709518,0.0060111447237432,0.014666516333818436,0.01314004696905613,0.002129137981683016,0.006020046304911375,2.2596048438572325e-05,0.0059666140004992485,0.01397129986435175,0.04321277514100075,0.0,0.08987509459257126,0.019222185015678406,0.09370064735412598,1.092131007851549e-08,,,,,
299,0.4438535273075104,0.0008054038759442362,14.975212244025897,14.325729370117188,0.013292118906974792,0.009734145365655422,0.009169051423668861,0.00894775427877903,0.02376187965273857,0.010948280803859234,2.877609404094983e-05,0.011129467748105526,0.006376075092703104,0.06211685389280319,0.0,0.06096648797392845,0.02235553413629532,0.09399513900279999,1.0374003522883868e-06,,,,,
300,0.38045865297317505,0.000804197994838921,15.023749437998049,18.483606338500977,0.0134524405002594,0.013792039826512337,0.00265958858653903,0.0021901801228523254,0.03224758803844452,0.016202295199036598,3.434777681832202e-05,0.016570881009101868,0.00613762391731143,0.06102568656206131,0.0,0.06335774064064026,0.003620410803705454,0.09427662193775177,3.7190814872190003e-09,21.02194952980896,17.846439231018003,3.2309986002924633,3.1716843417190557,33.47311152138691
301,0.15951868891716003,0.0008029893581621136,15.090447344002314,11.162893295288086,0.015046287328004837,0.00595868332311511,0.00019068356778007,0.00014310487313196063,0.014616236090660095,0.006422245875000954,3.3029231417458504e-05,0.006627886556088924,0.010665811598300934,0.0438942015171051,0.0,0.04735246300697327,0.0011846311390399933,0.09454327821731567,3.3956020217829064e-08,,,,,
302,0.21463344991207123,0.00080177797784257,15.138425965968054,12.857429504394531,0.014887472614645958,0.011576148681342602,0.0005678511806763709,0.002463436219841242,0.0036708004772663116,0.01202038861811161,2.639392187120393e-05,0.011953102424740791,0.011040866374969482,0.044698771089315414,0.0,0.09192492812871933,0.004216822329908609,0.09479856491088867,2.309680002809955e-09,,,,,
303,0.398659348487854,0.0008005638658361248,15.18912202399224,20.7084903717041,0.015228265896439552,0.020722635090351105,0.0018055590335279703,0.00515881460160017,0.008612707257270813,0.021461954340338707,2.6815248929779045e-05,0.021326664835214615,0.023765232414007187,0.09240512549877167,0.0,0.1868092566728592,0.00784570537507534,0.09505654871463776,4.570932077285761e-08,,,,,
304,0.24220864474773407,0.0007993470341255734,15.237224532989785,11.528524398803711,0.015383471734821796,0.010126526467502117,0.002223850693553686,0.005955731030553579,0.003058906178921461,0.009350491687655449,3.3321430237265304e-05,0.00919470377266407,0.021725758910179138,0.04795673489570618,0.0,0.06419454514980316,0.005162633024156094,0.09532547742128372,8.251089639088605e-06,,,,,
305,0.17402556538581848,0.0007981274947205537,15.286361936014146,11.471664428710938,0.018549906089901924,0.004727891646325588,0.0007800382445566356,0.002132594818249345,0.013582516461610794,0.005842846352607012,4.948098649038002e-05,0.006111853756010532,0.028460953384637833,0.040578920394182205,0.0,0.05730618163943291,0.0013500712811946869,0.0955883041024208,2.6760003102310748e-09,,,,,
306,0.22052982449531555,0.000796905259657427,15.335347729967907,14.596755027770996,0.015325451269745827,0.008230507373809814,0.00019482894276734442,8.48716008476913e-05,0.02100003883242607,0.010689623653888702,5.492637137649581e-05,0.011134512722492218,0.012074087746441364,0.033286310732364655,0.0,0.08430424332618713,0.00012219043856021017,0.09584322571754456,4.551063170765701e-08,,,,,
307,0.17233382165431976,0.0007956803409991601,15.384090750012547,7.441347122192383,0.012618186883628368,0.00524398498237133,0.0023407714907079935,0.0015470202779397368,0.010569374077022076,0.005533138290047646,4.739627547678538e-05,0.005673771724104881,0.013114812783896923,0.06410054117441177,0.0,0.07321012020111084,0.0028981552459299564,0.09609493613243103,7.785857292219589e-09,,,,,
308,0.25777336955070496,0.0007944527508352057,15.432840415975079,16.756149291992188,0.013240966945886612,0.013067714869976044,0.004538065753877163,0.0029276579152792692,0.001250354340299964,0.012192180380225182,3.2729902159189805e-05,0.011901617050170898,0.011012950912117958,0.05446767434477806,0.0,0.0868547111749649,0.0013806326314806938,0.09635941684246063,3.555789973574974e-08,,,,,
309,0.30962109565734863,0.0007932225012813829,15.480995282996446,21.14452362060547,0.012761383317410946,0.018411913886666298,0.003030638676136732,0.0016223046695813537,0.0037379383575171232,0.019192714244127274,3.0447366953012533e-05,0.018840793520212173,0.01428926270455122,0.027191372588276863,0.0,0.12489083409309387,0.0019362102029845119,0.09661713987588882,7.998075375326152e-07,,,,,
310,0.1547674834728241,0.0007919896044797583,15.5296317510074,11.093283653259277,0.011663476005196571,0.009827695786952972,0.0007662550779059529,6.707511784043163e-05,0.0011058697709813714,0.008809846825897694,3.790906703216024e-05,0.008541694842278957,0.014936172403395176,0.09288191050291061,0.0,0.11555521935224533,0.0007338455761782825,0.09687164425849915,1.007070160596868e-08,,,,,
311,0.15815496444702148,0.0007907540725985256,15.579269667970948,10.390748023986816,0.01704176887869835,0.004616858437657356,0.0003673289902508259,0.001418547471985221,0.011792782694101334,0.005801838357001543,5.844007682753727e-05,0.006098338868469,0.016306597739458084,0.06439277529716492,0.0,0.1112600639462471,0.0018488820642232895,0.09714134782552719,3.8109718047962815e-08,,,,,
312,0.24877172708511353,0.0007895159178318857,15.626922690018546,15.691420555114746,0.01920364983379841,0.007653275039047003,0.0010915875900536776,0.002787487581372261,0.019194889813661575,0.010074731893837452,6.482140452135354e-05,0.010602097027003765,0.008386396802961826,0.03965253382921219,0.0,0.07945317029953003,0.0023150239139795303,0.09742631018161774,1.906107049975958e-09,,,,,
313,0.16929860413074493,0.000788275152399926,15.675900454982184,10.243382453918457,0.015801141038537025,0.004463415127247572,0.0008869126322679222,0.0027539897710084915,0.010797247290611267,0.00506563251838088,5.677065928466618e-05,0.005323098041117191,0.009207972325384617,0.0737764984369278,0.0,0.13253247737884521,0.0022845491766929626,0.09770215302705765,2.8138359198237595e-08,,,,,
314,0.13685771822929382,0.0007870317885485008,15.723471270001028,8.712695121765137,0.01091720350086689,0.008867757394909859,0.00013255109661258757,0.0007067617843858898,0.0017354110023006797,0.007457368075847626,3.824806117336266e-05,0.007237019948661327,0.012964973226189613,0.024574067443609238,0.0,0.1320500671863556,8.412105671595782e-05,0.09800166636705399,2.1456121430674102e-06,,,,,
315,0.1659955531358719,0.000785785838549109,15.773464653990231,12.224233627319336,0.012378912419080734,0.010513445362448692,0.000927378423511982,4.1929914004867896e-05,0.001686643809080124,0.00984559953212738,3.3739815989974886e-05,0.009596281684935093,0.015982039272785187,0.062128324061632156,0.0,0.12722286581993103,0.00037683185655623674,0.09833154082298279,3.058463349248086e-08,,,,,
316,0.09903595596551895,0.0007845373146987742,15.822085098014213,3.078054904937744,0.01103602908551693,0.004246659576892853,0.0011930714827030897,0.000217386957956478,0.0032376896124333143,0.003772647585719824,3.936923167202622e-05,0.0037105572409927845,0.015765121206641197,0.05940236151218414,0.0,0.06236114352941513,0.0016657940577715635,0.09867095947265625,1.953231958395918e-07,,,,,
317,0.16638250648975372,0.0007832862293199228,15.870504948019516,10.988186836242676,0.012298660352826118,0.005933754146099091,0.00039991462836042047,4.722507583210245e-05,0.015080533921718597,0.007267352659255266,5.036987204221077e-05,0.007580440957099199,0.015096061863005161,0.04431016743183136,0.0,0.1193063035607338,0.0003707994765136391,0.09902536869049072,2.5741753617580798e-08,,,,,
318,0.15197673439979553,0.0007820325947602623,15.9203956790152,10.827285766601562,0.013494838029146194,0.005206919740885496,0.0001767580833984539,0.0002777261834125966,0.01387764047831297,0.006657007150352001,4.9480964662507176e-05,0.006945478264242411,0.023504961282014847,0.05768037587404251,0.0,0.03485402092337608,0.00028595447656698525,0.09938762336969376,2.282981981238663e-08,,,,,
319,0.08228067308664322,0.0007807764233926599,15.970214660977945,1.2122894525527954,0.010586639866232872,0.003512911032885313,0.00022267384338192642,0.00036656897282227874,0.002540826564654708,0.003348279744386673,3.9439473766833544e-05,0.0032805714290589094,0.022192727774381638,0.04780423641204834,0.0,0.15310007333755493,0.00023811741266399622,0.09972584247589111,2.849847247077264e-09,,,,,
320,0.13788169622421265,0.0007795177276150196,16.017410980013665,9.987597465515137,0.010888390243053436,0.00849177036434412,0.0002573339734226465,0.00044050952419638634,0.0012019770219922066,0.007949073798954487,3.287632716819644e-05,0.007740565575659275,0.021790819242596626,0.08658983558416367,0.0,0.1062997505068779,0.0004010751435998827,0.10015153884887695,1.0480484036179405e-08,,,,,
321,0.09312286972999573,0.0007782565198501609,16.066681422002148,4.395296573638916,0.01270055677741766,0.004977099131792784,0.00016015060828067362,0.000609471695497632,0.0016899683978408575,0.00434836745262146,3.555823423084803e-05,0.0042306301183998585,0.029167313128709793,0.04821055755019188,0.0,0.04433067888021469,3.931082028429955e-05,0.10057754069566727,7.556130832142571e-09,,,,,
322,0.13358284533023834,0.000776992812545695,16.11579149897443,9.608442306518555,0.012223034165799618,0.004064129665493965,0.00010799094889080152,0.0005204679910093546,0.012350298464298248,0.005553434602916241,4.645033914130181e-05,0.005816441960632801,0.008695472031831741,0.04519078508019447,0.0,0.0836309939622879,0.0007203246932476759,0.10099413990974426,4.613150750287787e-09,,,,,
323,0.14684022963047028,0.0007757266181739029,16.16385370597709,10.674129486083984,0.010968975722789764,0.0049471668899059296,0.00024773585028015077,0.00019740934658329934,0.013987133279442787,0.0066064829006791115,4.5679142203880474e-05,0.006906455382704735,0.017390280961990356,0.022935498505830765,0.0,0.09108531475067139,0.0005924940342083573,0.10140309482812881,1.120691628386794e-08,,,,,
324,0.07899022847414017,0.0007744579492316118,16.211872612009756,1.899458646774292,0.009614658541977406,0.0026154550723731518,0.0011041425168514252,5.124210292706266e-05,0.004050957504659891,0.002658611861988902,3.59539408236742e-05,0.0026689462829381227,0.012074739672243595,0.033036235719919205,0.0,0.09611102193593979,0.0008639743318781257,0.10180497169494629,9.000239060696913e-07,,,,,
325,0.1310494989156723,0.000773186818240072,16.259497575985733,11.308082580566406,0.010037451051175594,0.007981358096003532,0.0012037570122629404,4.207554957247339e-05,0.0016225080471485853,0.008020542562007904,2.9532624466810375e-05,0.007863479666411877,0.022088851779699326,0.021549733355641365,0.0,0.04891805350780487,0.0003418735577724874,0.10224178433418274,1.2721868003495729e-08,18.10756739874896,24.533091650855695,4.9542143173798445,5.945053139148911,8.823087233925321
326,0.11475463956594467,0.0007719132377448333,16.3251393159735,8.890398025512695,0.01134247425943613,0.007031042128801346,0.00028504335205070674,0.000435127061791718,0.0012435565004125237,0.006424222607165575,3.147084134980105e-05,0.006279329769313335,0.015603499487042427,0.031185774132609367,0.0,0.09945698827505112,0.0002916640951298177,0.10265142470598221,1.7485892556123872e-07,,,,,
327,0.09596317261457443,0.000770637220315621,16.37275885802228,5.936486721038818,0.01144866831600666,0.0027137286961078644,0.00013681994460057467,0.001871516928076744,0.005612075328826904,0.0025812042877078056,4.0621536754770204e-05,0.00268932874314487,0.012240788899362087,0.03642495721578598,0.0,0.08466106653213501,0.000735056702978909,0.10306555777788162,4.575898326919514e-09,,,,,
328,0.0965145155787468,0.000769358778546212,16.421670499024913,6.792691230773926,0.012212914414703846,0.0029840755742043257,8.197562419809401e-05,0.0010431037517264485,0.006745762657374144,0.0031357971020042896,3.996375744463876e-05,0.0032782552298158407,0.020787438377738,0.024269036948680878,0.0,0.0979531854391098,0.0004999854718334973,0.10349217802286148,5.792826662798234e-09,,,,,
329,0.07798334956169128,0.0007680779250543103,16.47096042399062,4.157948970794678,0.011149291880428791,0.0037013529799878597,0.0010553780011832714,5.167176277609542e-05,0.0014683145564049482,0.0030454453080892563,3.173003642586991e-05,0.0029819614719599485,0.01653549261391163,0.023552507162094116,0.0,0.07775929570198059,0.0007334164693020284,0.10393505543470383,2.7554730053225285e-08,,,,,
330,0.07685859501361847,0.0007667946724814228,16.52015537401894,4.3292317390441895,0.009308384731411934,0.0034924007486552,0.0010767793282866478,5.2172341383993626e-05,0.0015015410026535392,0.002976959804072976,3.160169944749214e-05,0.002916647819802165,0.005939439404755831,0.038568805903196335,0.0,0.09001030027866364,0.0014533197972923517,0.10439489781856537,8.506079396397581e-09,,,,,
331,0.08477073907852173,0.0007655090334927343,16.569175290002022,5.93749475479126,0.00973530299961567,0.002629102673381567,0.0001469791604904458,0.0006108995876275003,0.006407778710126877,0.002651690039783716,3.8310572563204914e-05,0.002771959640085697,0.01968988962471485,0.037789635360240936,0.0,0.09091657400131226,0.00014812670997343957,0.10487737506628036,6.972502131219471e-09,,,,,
332,0.06720934808254242,0.0007642210207769827,16.616177966992836,2.7547404766082764,0.008244406431913376,0.0022030493710190058,9.383525321027264e-05,0.0010190140455961227,0.0032186058815568686,0.0018281685188412666,3.790393384406343e-05,0.0018775996286422014,0.0191327091306448,0.037155620753765106,0.0,0.07064639776945114,0.0012370990589261055,0.10537273436784744,5.6121500335848395e-08,,,,,
333,0.08208969235420227,0.0007629306470463337,16.664827366999816,7.081845283508301,0.009958010166883469,0.004641026258468628,0.0003990106051787734,0.0003188845585100353,0.0009440006106160581,0.004144736565649509,3.3021238778019324e-05,0.004049693234264851,0.0035099838860332966,0.04416627436876297,0.0,0.04524567350745201,0.0003691517631523311,0.10587173700332642,4.892548144397324e-09,,,,,
334,0.059296850115060806,0.0007616379250362545,16.71346815500874,2.495706796646118,0.009462800808250904,0.0024977424181997776,0.0004360624006949365,0.00021508446661755443,0.0015944804763421416,0.0021590054966509342,3.562024357961491e-05,0.002131005749106407,0.01678956113755703,0.014751913025975227,0.0,0.105296790599823,0.0003401236026547849,0.10634641349315643,5.182562290428905e-07,,,,,
335,0.07902799546718597,0.00076034286750539,16.763361304998398,6.8267316818237305,0.008270610123872757,0.00215921550989151,0.00021035711688455194,0.00030681287171319127,0.006573879159986973,0.00329074589535594,4.271160651114769e-05,0.0034883334301412106,0.008516783826053143,0.024811234325170517,0.0,0.08890166133642197,0.0005721547058783472,0.106865793466568,1.0116647075619767e-07,,,,,
336,0.06835736334323883,0.0007590454872354349,16.812837456003763,3.78192138671875,0.009427022188901901,0.001816936768591404,0.0005014161579310894,0.00010313203529221937,0.004749392159283161,0.0020366173703223467,4.0278628148371354e-05,0.00214717211201787,0.020524093881249428,0.042727816849946976,0.0,0.07885223627090454,0.0012324209092184901,0.10739394277334213,1.6881775977140023e-08,,,,,
337,0.09551963955163956,0.0007577457970310089,16.86169562401483,9.339409828186035,0.009117021225392818,0.0049728043377399445,0.0009544412023387849,4.2096158722415566e-05,0.0013950720895081758,0.004796301946043968,3.380995258339681e-05,0.004678479861468077,0.02045840583741665,0.02949550375342369,0.0,0.11833018064498901,0.0017899174708873034,0.10794156789779663,2.0855416948961647e-08,,,,,
338,0.08807187527418137,0.0007564438097195293,16.9096280640224,7.61383056640625,0.009942046366631985,0.004489396698772907,0.0003441987792029977,0.0003579526674002409,0.001555816037580371,0.00408385694026947,3.576836024876684e-05,0.003968990407884121,0.021872611716389656,0.054461296647787094,0.0,0.09641125053167343,0.0010363210458308458,0.10849372297525406,1.358886720481678e-06,,,,,
339,0.08020593971014023,0.0007551395381510855,16.958525675989222,7.1047186851501465,0.00952842365950346,0.0021149716340005398,0.0001351714599877596,0.001559220952913165,0.0050703538581728935,0.002257048850879073,4.576275387080386e-05,0.002424141624942422,0.014603342860937119,0.015512779355049133,0.0,0.08169292658567429,0.0002372315211687237,0.10904791206121445,1.8222879205609388e-08,,,,,
340,0.07965508848428726,0.0007538329951983111,17.005941273993813,6.820827484130859,0.008434746414422989,0.0024050502106547356,0.00010613934136927128,0.0007779374136589468,0.005311597138643265,0.002466019708663225,4.508970596361905e-05,0.0026406256947666407,0.019761599600315094,0.05757743865251541,0.0,0.06696361303329468,0.001024893717840314,0.10960036516189575,1.0394801819302302e-07,,,,,
341,0.07384759932756424,0.0007525241937562579,17.054768136003986,6.305232524871826,0.00873179268091917,0.0032278113067150116,0.0011496860533952713,6.13722440903075e-05,0.0009901481680572033,0.0026943201664835215,3.5523989936336875e-05,0.002610587514936924,0.02667606994509697,0.06284546852111816,0.0,0.059961043298244476,0.001530525740236044,0.11013901233673096,1.0201087086159077e-08,,,,,
342,0.06158369407057762,0.0007512131467422675,17.102149078971706,5.120995998382568,0.008588767610490322,0.002718204166740179,0.0008963120635598898,5.8442496083443984e-05,0.0009804656729102135,0.002158944495022297,3.587992614484392e-05,0.002096134005114436,0.01416654884815216,0.035960081964731216,0.0,0.057055965065956116,0.001642958726733923,0.11066693067550659,1.7348057212984713e-07,,,,,
343,0.08777158707380295,0.0007498998670958446,17.1499746949994,8.763792991638184,0.009658203460276127,0.002633294789120555,9.161201160168275e-05,0.0009542986517772079,0.00610395660623908,0.0033298905473202467,4.530345177045092e-05,0.003561197780072689,0.026956934481859207,0.016030576080083847,0.0,0.08608436584472656,0.0005705380463041365,0.11119166016578674,3.0777108861457236e-08,,,,,
344,0.08799421042203903,0.0007485843677785294,17.198303917015437,8.640621185302734,0.011334209702908993,0.0023148555774241686,0.00017917864897754043,0.0013969598803669214,0.005633012857288122,0.0028749180492013693,4.4846190576208755e-05,0.0030898398254066706,0.019923916086554527,0.027639638632535934,0.0,0.05607786774635315,0.0007939026691019535,0.1117093414068222,7.600212370562076e-08,,,,,
345,0.0590481162071228,0.0007472666617737688,17.245314123982098,4.876550674438477,0.008559992536902428,0.002731808228418231,0.00020282615150790662,0.0002795886539388448,0.001018068171106279,0.002285429509356618,3.518360244925134e-05,0.0022298735566437244,0.007856853306293488,0.052429940551519394,0.0,0.08609087765216827,0.00030211705598048866,0.1122058555483818,9.264176981105265e-08,,,,,
346,0.057728108018636703,0.0007459467620867891,17.292802294017747,4.805630207061768,0.008771642111241817,0.0022570763248950243,0.0006023025489412248,5.1351853471715e-05,0.0011662041069939733,0.001928122597746551,3.386765456525609e-05,0.0018902356969192624,0.025845671072602272,0.04772801324725151,0.0,0.07619006931781769,0.0017357532633468509,0.11273165047168732,2.381081287694542e-08,,,,,
347,0.08001255989074707,0.0007446246817444675,17.34010682499502,8.142268180847168,0.008477269671857357,0.002712803892791271,0.0001379084278596565,0.0002648620284162462,0.006282712332904339,0.0031154267489910126,4.0186987462220713e-05,0.003318661591038108,0.017563223838806152,0.026966329663991928,0.0,0.07064837962388992,0.00018366920994594693,0.11328307539224625,8.607284485151467e-08,,,,,
348,0.066334068775177,0.0007433004337952032,17.389004134980496,6.722980976104736,0.008031247183680534,0.002271961886435747,0.00016305989993270487,0.0001887010148493573,0.005052394699305296,0.00234668399207294,3.8559690437978134e-05,0.002507064724341035,0.02235201746225357,0.022484268993139267,0.0,0.05057632178068161,0.0002981628058478236,0.11382360756397247,1.4205774334641319e-08,,,,,
349,0.07763699442148209,0.0007419740313087886,17.437524750013836,8.368043899536133,0.00837246049195528,0.003857699688524008,0.0006881938315927982,5.678407251252793e-05,0.0013936603209003806,0.0033970384392887354,3.113268758170307e-05,0.003324296325445175,0.018155818805098534,0.059591252356767654,0.0,0.0806036964058876,0.0006130533874966204,0.11434930562973022,1.7235677773896896e-08,,,,,
350,0.07467487454414368,0.0007406454873762811,17.484752356016543,8.1830472946167,0.007732554338872433,0.003874783404171467,0.0004275217652320862,0.0001009989864542149,0.0015392566565424204,0.003571204375475645,3.100251706200652e-05,0.0034956212621182203,0.03391795605421066,0.04643910005688667,0.0,0.06548430025577545,0.00032923437538556755,0.11486975103616714,5.078812925773946e-09,9.389436364186622,8.924694658442803,2.7966097822305294,7.9046492095872924,12.577498111914673
351,0.06332094967365265,0.0007393148151098729,17.55590379302157,5.734939098358154,0.008580162189900875,0.0015773465856909752,0.0001310797524638474,0.0007431756239384413,0.0034838204737752676,0.00145895651075989,3.680211375467479e-05,0.001565856160596013,0.018969044089317322,0.06966814398765564,0.0,0.0531865730881691,0.0023365223314613104,0.11538166552782059,3.471970444479666e-08,,,,,
352,0.04647400230169296,0.0007379820276427619,17.604998315975536,4.215940952301025,0.009213932789862156,0.0012775647919625044,0.0001264627935597673,0.00019933321163989604,0.0030803754925727844,0.001354263979010284,3.5071265301667154e-05,0.0014459829544648528,0.01712809130549431,0.018633872270584106,0.0,0.045543476939201355,0.0003959553432650864,0.11589471250772476,7.184843298091437e-08,,,,,
353,0.07691124826669693,0.0007366471381290221,17.652841611998156,8.660213470458984,0.007574596907943487,0.0032174258958548307,0.0011241527972742915,0.000251187157118693,0.0012225974351167679,0.002985880244523287,2.8995313186896965e-05,0.002931625582277775,0.02570309117436409,0.05492057278752327,0.0,0.0679597333073616,0.0025368640199303627,0.11641149967908859,2.00110150672117e-08,,,,,
354,0.05713720619678497,0.0007353101597434746,17.701317703002132,6.08482027053833,0.009188390336930752,0.002383318729698658,0.0006912948447279632,0.00012147841334808618,0.0009168940014205873,0.0020330988336354494,2.940896047221031e-05,0.001998284598812461,0.009954117238521576,0.03460915386676788,0.0,0.0678609162569046,0.001261227997019887,0.11691834777593613,2.902187361542019e-07,,,,,
355,0.08187254518270493,0.0007339711056815561,17.750303709006403,9.310186386108398,0.00875120423734188,0.0024095706176012754,0.0002249560784548521,0.0008270993712358177,0.00572039932012558,0.002992349211126566,3.69107183360029e-05,0.003181806532666087,0.02576342411339283,0.024887440726161003,0.0,0.07161169499158859,0.00024864330771379173,0.11743806302547455,1.6271076219709357e-06,,,,,
356,0.08952677994966507,0.0007326299891591895,17.79950641200412,9.899102210998535,0.009735564701259136,0.002589490730315447,0.00046993716387078166,0.00126412243116647,0.0055221873335540295,0.003024750156328082,3.735118662007153e-05,0.003220448736101389,0.013953793793916702,0.00890561193227768,0.0,0.07939780503511429,0.0011059202952310443,0.11794713884592056,2.59466510499351e-08,,,,,
357,0.04463483765721321,0.0007312868234126536,17.847962387022562,2.9609503746032715,0.008550676517188549,0.001759050413966179,0.00010539729555603117,0.00016926880925893784,0.0011456714710220695,0.0012855306267738342,3.070788807235658e-05,0.0012720394879579544,0.010176509618759155,0.043761834502220154,0.0,0.06965620070695877,0.0007731077494099736,0.11844681948423386,8.121506880343077e-07,,,,,
358,0.060915153473615646,0.000729941621698452,17.897999776992947,7.240853309631348,0.007192064076662064,0.002695715054869652,0.0007258206605911255,0.0001568972074892372,0.001369960606098175,0.0023972175549715757,2.864546695491299e-05,0.002352914772927761,0.01995600201189518,0.03276124224066734,0.0,0.05156025290489197,0.0010927137918770313,0.118972547352314,4.13507272867264e-09,,,,,
359,0.04399392753839493,0.0007285943972931825,17.94969714997569,3.062196731567383,0.008200054988265038,0.001209072070196271,0.00025005146744661033,5.17105872859247e-05,0.0026573590002954006,0.001021265983581543,3.2453641324536875e-05,0.0010883084032684565,0.01284557580947876,0.025873858481645584,0.0,0.05580774322152138,0.0017909748712554574,0.11948427557945251,4.374112094751581e-08,,,,,
360,0.04470968618988991,0.0007272451634934059,18.003043202974368,4.190612316131592,0.007377799600362778,0.0010935052996501327,0.00010634102363837883,0.00018747446301858872,0.002533417195081711,0.0011394999455660582,3.40183760272339e-05,0.001223627245053649,0.03173646703362465,0.03504751995205879,0.0,0.08442703634500504,0.001012634951621294,0.1200096607208252,1.2063732235390034e-08,,,,,
361,0.04792313277721405,0.0007258939336155157,18.054745193978306,5.8987603187561035,0.007626064121723175,0.0024357689544558525,0.00017234931874554604,9.883934399113059e-05,0.0011657540453597903,0.0021531637758016586,2.9944647394586354e-05,0.00209880736656487,0.02059909701347351,0.011875582858920097,0.0,0.029802747070789337,0.0008043973939493299,0.12057129293680191,4.1661163407979984e-09,,,,,
362,0.03504260256886482,0.0007245407209956044,18.10742214199854,1.596503496170044,0.007850957103073597,0.0013005305081605911,7.782263855915517e-05,0.00018340311362408102,0.001221159938722849,0.0008876430219970644,3.191706127836369e-05,0.0008794260211288929,0.023031700402498245,0.01766195148229599,0.0,0.046209804713726044,8.78006248967722e-05,0.12110171467065811,3.070260135018543e-08,,,,,
363,0.04939045011997223,0.0007231855389893349,18.159664986014832,5.964336395263672,0.008091636002063751,0.0014295184519141912,9.629955457057804e-05,0.00015477216220460832,0.0034827380441129208,0.0016586134443059564,3.5556226066546515e-05,0.001782278879545629,0.02361961640417576,0.01679322123527527,0.0,0.05548591539263725,0.0004273895756341517,0.12162996828556061,3.019968985995547e-08,,,,,
364,0.03443332016468048,0.0007218284009718065,18.2112601280096,1.376169204711914,0.006910369265824556,0.0009663138771429658,0.000339484860887751,7.835007272660732e-05,0.0013789769727736712,0.0007063266821205616,3.161502900184132e-05,0.0007203269633464515,0.011283785104751587,0.020662732422351837,0.0,0.03967634588479996,0.0021922567393630743,0.12216604501008987,2.167497825666942e-08,,,,,
365,0.043607451021671295,0.0007204693203374231,18.26339503400959,4.806873798370361,0.007221295032650232,0.0018501726444810629,0.00030119228176772594,5.0646929594222456e-05,0.0009604539955034852,0.001469566486775875,2.9501030439860187e-05,0.0014310602564364672,0.015806525945663452,0.03386777266860008,0.0,0.049486156553030014,0.00135413883253932,0.12269794940948486,5.1048896665406573e-08,,,,,
366,0.042133089154958725,0.0007191083104997624,18.315798036986962,4.959753513336182,0.007515397854149342,0.001193993492051959,0.00017683094483800232,0.0005287614185363054,0.0021127555519342422,0.0010352374520152807,3.369285332155414e-05,0.0011195939732715487,0.014364010654389858,0.012989170849323273,0.0,0.02896534837782383,0.001323578879237175,0.12323971837759018,3.930181513567277e-09,,,,,
367,0.03403252363204956,0.0007177453848914415,18.368384714995045,0.48834317922592163,0.006926917005330324,0.0010934399906545877,0.00012209465785417706,0.00013612012844532728,0.0009889809880405664,0.0006681476370431483,3.080109308939427e-05,0.0006808692123740911,0.02661445364356041,0.04570035636425018,0.0,0.03703896701335907,0.0009374090004712343,0.12376052886247635,9.322538829792393e-08,,,,,
368,0.038233138620853424,0.0007163805569639864,18.421689510985743,3.617344856262207,0.006346334703266621,0.0014137763064354658,0.00035589441540651023,6.453876994783059e-05,0.0009062943863682449,0.0010516215115785599,2.8809976356569678e-05,0.0010278387926518917,0.016572406515479088,0.030229933559894562,0.0,0.04787296801805496,0.001930302125401795,0.12427975982427597,2.172775737108168e-07,,,,,
369,0.035884495824575424,0.0007150138401876973,18.475117401976604,3.154745101928711,0.007241958752274513,0.0010189693421125412,0.00012857744877692312,5.7932527852244675e-05,0.0023620156571269035,0.0008957998943515122,3.1454736017622054e-05,0.0009607934625819325,0.02430630289018154,0.018579602241516113,0.0,0.020988110452890396,0.0009023932507261634,0.12480545789003372,7.85415465998085e-09,,,,,
370,0.030159270390868187,0.0007136452480515175,18.52846830600174,0.7105521559715271,0.006333625875413418,0.0010339019354432821,0.00010305379691999406,8.257663284894079e-05,0.0013930354034528136,0.0006168049294501543,3.0186511139618233e-05,0.0006416679243557155,0.007632389664649963,0.03245854005217552,0.0,0.028123432770371437,0.00014816902694292367,0.12531065940856934,4.544233433989575e-08,,,,,
371,0.037380628287792206,0.0007122747940628984,18.580411474977154,3.515550374984741,0.005888807121664286,0.0015639052726328373,9.964027412934229e-05,7.06587452441454e-05,0.0007151911850087345,0.001092236489057541,2.8016436772304587e-05,0.0010660872794687748,0.03134695440530777,0.04454619064927101,0.0,0.046647924929857254,0.001339768641628325,0.12580132484436035,8.272007079312971e-08,,,,,
372,0.033543337136507034,0.0007109024917476679,18.63247049797792,2.260246515274048,0.005979835521429777,0.0010116251651197672,0.0001094394174288027,0.00015509096556343138,0.0015055290423333645,0.0006930755916982889,2.9812983484589495e-05,0.0007375495624728501,0.019220096990466118,0.04692365601658821,0.0,0.022776924073696136,0.0007251587230712175,0.12630990147590637,1.5043964296523882e-08,,,,,
373,0.03176729008555412,0.0007095283546498957,18.686678010970354,1.5050088167190552,0.006974243093281984,0.0009461894514970481,0.0001808208180591464,5.094616426504217e-05,0.0014144845772534609,0.0006328094750642776,2.839027547452133e-05,0.0006662541418336332,0.009723699651658535,0.03514059633016586,0.0,0.017749689519405365,0.0013513313606381416,0.12679776549339294,3.557031647005715e-08,,,,,
374,0.03631912171840668,0.00070815239633176,18.73936975497054,3.025935173034668,0.005936660338193178,0.0012872566003352404,0.00024028861662372947,4.7869729314697906e-05,0.0009960278403013945,0.0009180661872960627,2.6368859835201874e-05,0.0009000274003483355,0.017345162108540535,0.060404352843761444,0.0,0.03212006390094757,0.0006778431124985218,0.12726207077503204,3.3192335990861466e-08,,,,,
375,0.029283467680215836,0.0007067746303734145,18.791050216997974,1.0619059801101685,0.005650423467159271,0.0008753888541832566,0.0001202683342853561,0.00010386731446487829,0.0009455910185351968,0.0005884458660148084,2.810891055560205e-05,0.0006135886069387197,0.01771947182714939,0.04876505210995674,0.0,0.02532462403178215,0.0007646142621524632,0.12772312760353088,5.681067616336577e-09,7.26871500516256,8.830901157364874,2.5069775788262683,3.9274348690124894,6.671761400654892
376,0.02907118760049343,0.0007053950703728524,18.866080091975164,2.0265562534332275,0.005577379837632179,0.0009192129946313798,0.00010080699576064944,0.00018869189079850912,0.001367839751765132,0.000637716322671622,2.8398306312737986e-05,0.0006736840005032718,0.02574453130364418,0.010959167964756489,0.0,0.03966571390628815,0.0003723234112840146,0.12817750871181488,4.030763989248953e-08,,,,,
377,0.030159221962094307,0.0007040137299457742,18.9201966089895,2.426774024963379,0.006365703884512186,0.001157886115834117,0.0002039329701801762,4.7169451136142015e-05,0.0008330405689775944,0.0007813522242940962,2.6357518436270766e-05,0.0007676894310861826,0.012156547047197819,0.015072464011609554,0.0,0.03900347277522087,0.001131641212850809,0.12863954901695251,5.468105257477873e-08,,,,,
378,0.028216678649187088,0.000702630622725452,18.97138534701662,0.6476693749427795,0.005720473825931549,0.0009534430573694408,0.0001940551883308217,5.333716399036348e-05,0.000917258148547262,0.0005578456912189722,2.7045807655667886e-05,0.000573666940908879,0.04433818534016609,0.026159800589084625,0.0,0.01499041449278593,0.0004806691431440413,0.12911680340766907,2.4953237698355224e-08,,,,,
379,0.025676967576146126,0.0007012457623625962,19.022340535011608,2.064594268798828,0.005015372298657894,0.0008654733537696302,8.849504956742749e-05,6.078041042201221e-05,0.0012051415396854281,0.0006688585854135454,2.8018477678415366e-05,0.0007087637204676867,0.009721760638058186,0.025079526007175446,0.0,0.02305789478123188,0.0001121399036492221,0.12956541776657104,4.1751815160750994e-07,,,,,
380,0.026915861293673515,0.0006998591625252189,19.074573967023753,2.1217610836029053,0.0056328121572732925,0.0010447007371112704,0.0001246751780854538,6.076473800931126e-05,0.0006256726919673383,0.0006998294265940785,2.6412493753014132e-05,0.0006887059425935149,0.02035440132021904,0.02115040272474289,0.0,0.037035517394542694,0.0004126124840695411,0.13000725209712982,1.4466543518665276e-09,,,,,
381,0.026977485045790672,0.0006984708368985012,19.125693450972904,0.7272462248802185,0.005946744699031115,0.0009948823135346174,8.768009138293564e-05,0.00011612944945227355,0.0009206883842125535,0.0005566395702771842,2.7053261874243617e-05,0.00057109264889732,0.015347104519605637,0.016591358929872513,0.0,0.024075239896774292,0.0010640850523486733,0.1304594725370407,3.943841164755213e-08,,,,,
382,0.02978220023214817,0.0006970807991846562,19.177507610991597,0.8332826495170593,0.005710771773010492,0.0008423678809776902,0.00014374652528204024,5.81918575335294e-05,0.001423402107320726,0.0005663746269419789,2.6540930775809102e-05,0.0005883026751689613,0.011903190985321999,0.04052706062793732,0.0,0.02321571111679077,0.0011050966568291187,0.13090835511684418,7.302189430902217e-08,,,,,
383,0.02819196879863739,0.000695689063102795,19.229389998014085,0.6598973274230957,0.006258324254304171,0.0009690560400485992,0.00013687304453924298,4.767833888763562e-05,0.0008732711430639029,0.0005642248434014618,2.5500943593215197e-05,0.0005683879717253149,0.015446336008608341,0.03181731700897217,0.0,0.04088402912020683,0.00019275923841632903,0.13135384023189545,2.3034711915670414e-09,,,,,
384,0.026287924498319626,0.000694295642388791,19.28162208601134,0.2745031416416168,0.005592990200966597,0.0007641575648449361,0.00011204360635019839,5.6247790780616924e-05,0.000997732626274228,0.0005550598143599927,2.5509010811219923e-05,0.0005622196476906538,0.039258819073438644,0.02246941812336445,0.0,0.03608763962984085,0.0002720580087043345,0.13182364404201508,3.3291676970748085e-08,,,,,
385,0.026148635894060135,0.0006929005507951441,19.333689967985265,0.6668515205383301,0.005555833224207163,0.0008538477122783661,7.830494723748416e-05,7.59041213314049e-05,0.0009174192091450095,0.000553273712284863,2.5767696570255794e-05,0.0005703729693777859,0.01189710944890976,0.03243805468082428,0.0,0.025737807154655457,0.0007874292205087841,0.13230398297309875,9.064873296438236e-10,,,,,
386,0.027887791395187378,0.0006915038020908449,19.387820594012737,0.2545207738876343,0.005829653237015009,0.0007349844090640545,8.398132922593504e-05,4.9968592065852135e-05,0.0006654340540990233,0.0005469148163683712,2.4699549612705596e-05,0.0005546226748265326,0.03159739077091217,0.06119902804493904,0.0,0.020942004397511482,0.0008472485351376235,0.13278034329414368,5.349517095964984e-08,,,,,
387,0.026412660256028175,0.0006901054100612394,19.442124900000636,0.5606441497802734,0.005105630960315466,0.0008450415334664285,0.00011752481805160642,5.702822090825066e-05,0.0010236629750579596,0.0005491500487551093,2.3791721105226316e-05,0.0005557266995310783,0.008741225115954876,0.03857846185564995,0.0,0.020971747115254402,0.0007814938435330987,0.1332380622625351,6.196896720211953e-07,,,,,
388,0.02777969092130661,0.0006887053885078925,19.49451352201868,0.7337408661842346,0.005679682828485966,0.0008834836771711707,8.11509889899753e-05,7.119063957361504e-05,0.001039717230014503,0.0005542119615711272,2.3621105356141925e-05,0.0005701957270503044,0.012241635471582413,0.037128496915102005,0.0,0.036007460206747055,0.0006056552520021796,0.13368400931358337,1.803909697173367e-07,,,,,
389,0.028851155191659927,0.0006873037512484514,19.54645345697645,0.43123146891593933,0.004913602024316788,0.0009664812823757529,7.327256753342226e-05,5.73056677239947e-05,0.0007812322583049536,0.000558135739993304,2.275468796142377e-05,0.0005646470817737281,0.02621949277818203,0.056486308574676514,0.0,0.018885117024183273,0.0012621984351426363,0.13414748013019562,1.6685452237652498e-06,,,,,
390,0.025454794988036156,0.0006859005121165104,19.597023652982898,0.4335985481739044,0.004375343676656485,0.0008638662984594703,0.0001542373647680506,5.2713392506120726e-05,0.0009828981710597873,0.0005489279865287244,2.2212479962036014e-05,0.0005569163477048278,0.025548649951815605,0.01961745321750641,0.0,0.02775077149271965,0.0009721951209940016,0.13460193574428558,9.688238122862458e-08,,,,,
391,0.029580608010292053,0.0006844956849614727,19.64918625901919,0.9650726318359375,0.00573757803067565,0.0010040258057415485,7.838216697564349e-05,6.899571599205956e-05,0.0010606774594634771,0.0005530854105018079,2.220420356024988e-05,0.0005669479141943157,0.032639771699905396,0.03422311320900917,0.0,0.020123066380620003,0.0014366096584126353,0.1350627839565277,1.0146449369585753e-07,,,,,
392,0.027618857100605965,0.0006830892836484155,19.701442162971944,1.4942251443862915,0.004705839790403843,0.0007829975220374763,0.00012365440488792956,5.171763041289523e-05,0.0006169966072775424,0.0006093695410527289,2.1482255760929547e-05,0.0006092326948419213,0.015712637454271317,0.06592731922864914,0.0,0.02163073420524597,0.001179868821054697,0.13551738858222961,1.5894570992713852e-08,,,,,
393,0.025301165878772736,0.000681681322057952,19.753214559983462,1.3731298446655273,0.005032693967223167,0.0009621535427868366,9.664174285717309e-05,4.019478365080431e-05,0.0007735270773991942,0.0005687203956767917,2.1552394173340872e-05,0.0005858922959305346,0.03717430680990219,0.018316712230443954,0.0,0.028039025142788887,0.0003556995652616024,0.135965034365654,1.6105673239508178e-08,,,,,
394,0.025074133649468422,0.0006802718140860947,19.806413337995764,1.0911974906921387,0.004776297137141228,0.0008723067003302276,0.0001398576860083267,5.420103116193786e-05,0.0008786131511442363,0.0005466226139105856,2.078427314700093e-05,0.00055174611043185,0.01625685766339302,0.02442105859518051,0.0,0.032349247485399246,0.0004507833218667656,0.136423259973526,1.4264757908222236e-07,,,,,
395,0.025843972340226173,0.0006788607736441179,19.857569942018017,0.4987017810344696,0.004973491188138723,0.000845576636493206,8.317451283801347e-05,4.861021807300858e-05,0.0008029574528336525,0.0005423100083135068,2.0806410248042084e-05,0.0005535302334465086,0.03336269408464432,0.034796662628650665,0.0,0.03043631836771965,0.0003699217922985554,0.13689638674259186,7.1463488460210556e-09,,,,,
396,0.027162758633494377,0.0006774482146584213,19.911341361002997,0.3908346891403198,0.005179701838642359,0.000869529030751437,9.735041385283694e-05,7.548749272245914e-05,0.0007016989402472973,0.0005488122696988285,2.048110036412254e-05,0.0005568923661485314,0.017727697268128395,0.05720946565270424,0.0,0.013927428051829338,0.0006343309069052339,0.13737881183624268,1.3653190578111207e-08,,,,,
397,0.025002876296639442,0.0006760341510703923,19.962166726996657,0.3710933327674866,0.005016171373426914,0.0009484722977504134,9.619158663554117e-05,5.955134838586673e-05,0.0007342559983953834,0.000550885044503957,2.0314504581619985e-05,0.0005559885175898671,0.01673441007733345,0.03249678015708923,0.0,0.017088815569877625,0.0004089070134796202,0.13783304393291473,1.4404457626682188e-09,,,,,
398,0.022788405418395996,0.0006746185968362667,20.013797655003145,0.5735840201377869,0.004708483349531889,0.0007947114063426852,9.079719893634319e-05,4.531890954240225e-05,0.0007493803277611732,0.0005407640128396451,2.0584853700711392e-05,0.0005434162449091673,0.020491326227784157,0.025352463126182556,0.0,0.018766678869724274,0.0003528630477376282,0.1382695883512497,6.028761134757588e-08,,,,,
399,0.023457972332835197,0.0006732015659269941,20.065651683020405,0.9045592546463013,0.00460822694003582,0.0007286769687198102,0.00010793434921652079,4.700922727352008e-05,0.0009133035782724619,0.0005364221287891269,2.134874193870928e-05,0.0005474582430906594,0.03216882422566414,0.02345402166247368,0.0,0.018297474831342697,0.0004289941571187228,0.13869191706180573,2.9187649630557644e-08,,,,,
400,0.025455540046095848,0.000671783072328097,20.116800640011206,0.5952462553977966,0.005298923701047897,0.0008459512027911842,9.887362830340862e-05,5.149352000444196e-05,0.000751849845983088,0.000543173577170819,2.145832149835769e-05,0.0005443081608973444,0.01310573797672987,0.040397364646196365,0.0,0.013940426521003246,0.0009572472772561014,0.13909922540187836,2.1855037779516806e-09,7.571890240164133,9.646649161917747,2.2175887762722355,2.554267899900671,6.123513279773208
401,0.025193504989147186,0.0006703631300395349,20.187379761016928,0.5308259129524231,0.004865843802690506,0.0007956467452459037,6.984679203014821e-05,8.805684046819806e-05,0.000715552712790668,0.0005330698331817985,2.1995936549501494e-05,0.0005388781428337097,0.04272720217704773,0.039657823741436005,0.0,0.014001874253153801,0.00021503062453120947,0.13948576152324677,6.310766025308112e-07,,,,,
402,0.025210866704583168,0.0006689417530755646,20.23988593101967,0.1677456647157669,0.004124996718019247,0.0009631278808228672,9.388060425408185e-05,5.364375465433113e-05,0.0005762378568761051,0.0005255277501419187,2.2106090909801424e-05,0.0005308049730956554,0.021832317113876343,0.04014119505882263,0.0,0.02063935250043869,0.0009893565438687801,0.13986285030841827,3.414849514271623e-09,,,,,
403,0.02627352625131607,0.0006675189554646032,20.292062300024554,0.8907896876335144,0.004738071467727423,0.000893744349014014,0.00018206759705208242,6.517853034893051e-05,0.0006249322323128581,0.0005191005184315145,2.2146088667795993e-05,0.0005221205065026879,0.02700505219399929,0.04616156220436096,0.0,0.008842648938298225,0.0005601777229458094,0.14023688435554504,4.5100847501089447e-07,,,,,
404,0.022722868248820305,0.0006660947512490885,20.345226384990383,0.882680356502533,0.004470017272979021,0.0008667774382047355,9.092417167266831e-05,5.448579031508416e-05,0.0008872812613844872,0.0005431370227597654,2.234516796306707e-05,0.000558853498660028,0.006656660232692957,0.020337499678134918,0.0,0.021033648401498795,0.00032910658046603203,0.14058279991149902,1.912936653525321e-08,,,,,
405,0.025328658521175385,0.0006646691544853414,20.39755965297809,0.32849833369255066,0.004531466402113438,0.0009748931042850018,9.891207446344197e-05,6.200018106028438e-05,0.0007878384785726666,0.0005268211825750768,2.1227950128377415e-05,0.0005306304665282369,0.01791234128177166,0.030036279931664467,0.0,0.020109742879867554,0.0008646645001135767,0.14093200862407684,6.025035759193997e-08,,,,,
406,0.026589572429656982,0.0006632421792434262,20.45010593801271,0.8494434952735901,0.004869784694164991,0.0008003857801668346,7.06996361259371e-05,5.7696219300851226e-05,0.0007677872199565172,0.000548994867131114,2.0283046978875063e-05,0.0005500653060153127,0.02284448780119419,0.05785756558179855,0.0,0.017652418464422226,0.0006087577203288674,0.14127591252326965,5.258868007729234e-09,,,,,
407,0.02195865288376808,0.0006618138396070123,20.502904916997068,1.2615076303482056,0.0044641923159360886,0.0007865395164117217,7.812550757080317e-05,4.2998508433811367e-05,0.0007361440802924335,0.0005385468830354512,1.986176721402444e-05,0.0005517001263797283,0.009460775181651115,0.02594979852437973,0.0,0.015432716347277164,0.0006850302452221513,0.14161737263202667,9.124042890107376e-07,,,,,
408,0.026392150670289993,0.0006603841496732357,20.555431673012208,1.0402582883834839,0.004768391605466604,0.0008274748688563704,0.00014581542927771807,4.933214222546667e-05,0.0007881363853812218,0.0005415093619376421,1.8760276361717843e-05,0.0005444081034511328,0.026249555870890617,0.04306386038661003,0.0,0.02362273633480072,0.0005985058378428221,0.14195133745670319,4.5131891113214806e-08,,,,,
409,0.023195577785372734,0.0006589531235525585,20.606606237997767,0.38841482996940613,0.004313519224524498,0.0008743565995246172,6.931953248567879e-05,4.4072145101381466e-05,0.0007660714327357709,0.0005143440212123096,1.869293919298798e-05,0.0005206437199376523,0.010604068636894226,0.032825883477926254,0.0,0.02268015220761299,0.000342986750183627,0.1422993540763855,1.1790543652523411e-08,,,,,
410,0.021985864266753197,0.0006575207753686309,20.657266129972413,0.37456390261650085,0.004639070481061935,0.0009546602959744632,9.294450137531385e-05,5.7027002185350284e-05,0.0007587254513055086,0.0005193126853555441,1.8646311218617484e-05,0.0005243734922260046,0.010828230530023575,0.0084181297570467,0.0,0.020894739776849747,0.00033036983222700655,0.14265213906764984,7.334475071729685e-08,,,,,
411,0.025527257472276688,0.0006560871192581513,20.711441410006955,0.6545754075050354,0.004765338730067015,0.000768361147493124,0.00011076622467953712,4.028336479677819e-05,0.0007603843114338815,0.0005260552279651165,1.8611823179526255e-05,0.000529089302290231,0.017543481662869453,0.0405881330370903,0.0,0.031064186245203018,0.0011343812802806497,0.14300751686096191,3.1168259084779493e-09,,,,,
412,0.02199353650212288,0.0006546521693707266,20.762899528024718,1.0189118385314941,0.004116615280508995,0.0008050560718402267,7.631129119545221e-05,4.078145866515115e-05,0.0008763873483985662,0.0005197644350118935,1.9174749468220398e-05,0.0005300872144289315,0.01973429135978222,0.016880152747035027,0.0,0.02074408531188965,0.0006132121779955924,0.14337994158267975,1.6434739791293396e-08,,,,,
413,0.022882139310240746,0.0006532159398687327,20.81446496298304,0.47435134649276733,0.003937213681638241,0.0008368215057998896,7.973850006237626e-05,4.0488790546078235e-05,0.0008358060149475932,0.0005227666697464883,1.9107606931356713e-05,0.0005252616247162223,0.025331716984510422,0.019730674102902412,0.0,0.030988728627562523,0.0004848831449635327,0.14374706149101257,2.9119351374617963e-09,,,,,
414,0.021894264966249466,0.0006517784449271755,20.867307063017506,0.7272353768348694,0.004943555220961571,0.0009471046505495906,9.849466732703149e-05,4.8894980864133686e-05,0.0005242244224064052,0.0005281060002744198,1.9505632735672407e-05,0.0005295627051964402,0.01830839365720749,0.014176245778799057,0.0,0.013235269114375114,0.0003537348529789597,0.14413058757781982,8.773058723932081e-09,,,,,
415,0.02163521572947502,0.0006503396987335492,20.91908813099144,1.4102790355682373,0.004175771027803421,0.0007071999134495854,8.422607061220333e-05,7.173398626036942e-05,0.0008711450500413775,0.0005408698925748467,2.053067510132678e-05,0.000555987237021327,0.01547982543706894,0.018118837848305702,0.0,0.019305378198623657,0.0006628758274018764,0.14449577033519745,1.2450541930775216e-07,,,,,
416,0.026307007297873497,0.000648899715487698,20.970335775986314,0.7017063498497009,0.004395386669784784,0.0008794242748990655,0.00010018047032644972,4.892388096777722e-05,0.0007813692791387439,0.0005150348879396915,2.0076311557204463e-05,0.0005154500831849873,0.012348437681794167,0.048979610204696655,0.0,0.03564905375242233,0.0005552718066610396,0.14485996961593628,6.357828929992593e-09,,,,,
417,0.025191381573677063,0.0006474585094016755,21.02156040701084,0.6715083718299866,0.003948472440242767,0.0008776563918218017,7.854770228732377e-05,5.786713882116601e-05,0.000878468039445579,0.0005065719597041607,2.007358125410974e-05,0.0005073588690720499,0.03582581505179405,0.03360234946012497,0.0,0.032749686390161514,0.0001807175576686859,0.14525297284126282,6.176531286428144e-08,,,,,
418,0.02366623468697071,0.0006460160946996036,21.07415962399682,1.0767301321029663,0.0041965595446527,0.0007908553816378117,7.63020507292822e-05,5.263677303446457e-05,0.0009222944499924779,0.0005131197394803166,2.052527452178765e-05,0.0005260547040961683,0.007823321036994457,0.0352289080619812,0.0,0.02956942468881607,0.0003424400929361582,0.14565815031528473,3.7414334741470157e-08,,,,,
419,0.025252772495150566,0.0006445724856175332,21.125488938007038,0.6518440842628479,0.004087243694812059,0.0008838443318381906,7.600140816066414e-05,5.035461072111502e-05,0.0007762270979583263,0.0005066987359896302,1.9976101611973718e-05,0.0005080454866401851,0.01721721515059471,0.04337316006422043,0.0,0.02375865913927555,0.0009648149134591222,0.1460704654455185,5.854914775227371e-08,,,,,
420,0.023675361648201942,0.000643127696403303,21.177907674980816,0.34925782680511475,0.003997304942458868,0.0009841902647167444,7.321193697862327e-05,4.771609019371681e-05,0.0006073679542168975,0.0004932218580506742,1.973528378584888e-05,0.0004972594324499369,0.022016096860170364,0.023333530873060226,0.0,0.02257801592350006,0.001277818577364087,0.14648042619228363,1.0974704878208286e-07,,,,,
421,0.023991432040929794,0.0006416817413163997,21.230231036024634,0.2963324785232544,0.004441090859472752,0.0007962278323248029,7.496227772207931e-05,5.07767399540171e-05,0.0008998591220006347,0.0004805391072295606,1.9407034415053204e-05,0.00048658778541721404,0.015102144330739975,0.030588604509830475,0.0,0.03165411204099655,0.0006517959991469979,0.14689025282859802,7.363656351344616e-09,,,,,
422,0.02493831142783165,0.0006402346346278156,21.281879456015304,0.7450615763664246,0.004212180618196726,0.0008387037087231874,0.00010492587898625061,4.794784035766497e-05,0.0006872848025523126,0.0004787007055711001,1.8908418496721424e-05,0.0004856946470681578,0.006657411344349384,0.042826391756534576,0.0,0.018392488360404968,0.0019375700503587723,0.14731380343437195,7.295049613276205e-07,,,,,
423,0.02656210958957672,0.00063878639061991,21.335005455999635,0.5275746583938599,0.0040642088279128075,0.0008873980259522796,8.194523252313957e-05,6.360271800076589e-05,0.0009932828834280372,0.0005005573621019721,1.8533299225964583e-05,0.0005045541911385953,0.027834370732307434,0.041697993874549866,0.0,0.02923409827053547,0.0006024476606398821,0.14772479236125946,1.1545357665454503e-06,,,,,
424,0.026524003595113754,0.0006373370235862664,21.387952574004885,0.8618589639663696,0.004728094208985567,0.0008861941169016063,0.00010479356569703668,8.364510722458363e-05,0.0008516475791111588,0.0005279552424326539,1.8421776985633187e-05,0.0005298518808558583,0.04268887639045715,0.02960154600441456,0.0,0.0296221561729908,0.00039168656803667545,0.14814001321792603,1.4820446203600568e-08,,,,,
425,0.023917164653539658,0.0006358865478315523,21.440099265018944,0.4457642734050751,0.004227310419082642,0.000803290109615773,7.206854206742719e-05,3.662004746729508e-05,0.0012809394393116236,0.00047889776760712266,1.889820850919932e-05,0.0004857416788581759,0.0318799652159214,0.0133482925593853,0.0,0.0315483883023262,0.00027975760167464614,0.1485653668642044,5.6953478377863576e-08,7.223407899713016,9.165970267167864,3.1295396730923764,1.7595016263396557,5.851113791070848
426,0.024298395961523056,0.0006344349776713777,21.518066153977998,0.8164836764335632,0.004264378920197487,0.0008769900305196643,0.00014228001236915588,8.88564100023359e-05,0.0009105835342779756,0.0004704408347606659,1.9258939573774114e-05,0.00047585999709554017,0.012531845830380917,0.02503323182463646,0.0,0.0225180983543396,0.0005741538479924202,0.148997962474823,2.3195519815999432e-07,,,,,
427,0.02291489951312542,0.0006329823274321542,21.57013576402096,0.4467821717262268,0.0041927192360162735,0.0007887622341513634,0.00010865681542782113,4.05086757382378e-05,0.0007551399758085608,0.00048200678429566324,1.984881419048179e-05,0.0004846618103329092,0.01305083092302084,0.02960195578634739,0.0,0.029811248183250427,0.0005153146921657026,0.14942602813243866,8.940697071579962e-10,,,,,
428,0.027401303872466087,0.0006315286114509533,21.62212003598688,1.120511770248413,0.004808064550161362,0.0009071980603039265,7.460407505277544e-05,9.001706348499283e-05,0.0007493927842006087,0.00048481218982487917,2.052547461062204e-05,0.0004921418149024248,0.010350488126277924,0.05807521566748619,0.0,0.016221024096012115,0.0012467438355088234,0.14985913038253784,1.1324884141572511e-08,,,,,
429,0.025681134313344955,0.0006300738440753645,21.673656926024705,0.7279486060142517,0.004333076067268848,0.0009547056979499757,7.655938679818064e-05,3.5460339859128e-05,0.0006945442291907966,0.000508116849232465,2.004269481403753e-05,0.0005065067089162767,0.02107195556163788,0.04482218623161316,0.0,0.033742234110832214,0.00020908599253743887,0.1502721607685089,8.105611470909935e-08,,,,,
430,0.02274134010076523,0.0006286180396633549,21.725696077977773,0.6512115597724915,0.004072096198797226,0.0008243228076025844,0.00014375771570485085,5.784717359347269e-05,0.0008698056335560977,0.00046720620593987405,2.0164163288427517e-05,0.0004728860512841493,0.014335417188704014,0.022097039967775345,0.0,0.018628688529133797,0.0004889473784714937,0.15070056915283203,4.315127810627928e-09,,,,,
431,0.021251630038022995,0.0006271612125831259,21.777794039982837,1.2173138856887817,0.004270229954272509,0.0008343462832272053,7.992399332579225e-05,3.620021016104147e-05,0.0008118294063024223,0.0004976080381311476,2.034973476838786e-05,0.0005107984179630876,0.010328019969165325,0.012838328257203102,0.0,0.025831781327724457,0.00043478666339069605,0.1511177271604538,3.006930526794349e-08,,,,,
432,0.025132449343800545,0.0006257033772129731,21.831038200994954,1.5466876029968262,0.00500586349517107,0.0010246909223496914,7.695204112678766e-05,5.1342456572456285e-05,0.0006053250981494784,0.0005683711497113109,1.9418275769567117e-05,0.0005630572559311986,0.01496258843690157,0.030122358351945877,0.0,0.024361690506339073,0.0006375283701345325,0.1515369415283203,2.583426521596266e-07,,,,,
433,0.023242365568876266,0.0006242445479411426,21.883302050991915,0.9161876440048218,0.004407176747918129,0.0008627536008134484,6.814899097662419e-05,7.493475277442485e-05,0.0005356146721169353,0.00047971264575608075,1.966184026969131e-05,0.0004878274048678577,0.009557700715959072,0.025697283446788788,0.0,0.053250618278980255,0.0003660455113276839,0.1519559919834137,1.8831343595593353e-08,,,,,
434,0.023923467844724655,0.0006227847391656907,21.93584180501057,0.2451535016298294,0.0037803989835083485,0.000716528738848865,0.0001012971333693713,3.716145147336647e-05,0.0008673557313159108,0.0004684857267420739,1.9509139747242443e-05,0.0004748244828078896,0.02472061850130558,0.03439665585756302,0.0,0.032434675842523575,0.001025099423713982,0.15242327749729156,1.657940487120868e-07,,,,,
435,0.023196330294013023,0.0006213239652943405,21.98907460202463,0.7235158085823059,0.003951932769268751,0.0008573076920583844,0.00013033220602665097,4.670904309023172e-05,0.0006919874576851726,0.0004681612190324813,1.9392020476516336e-05,0.0004724370373878628,0.017758360132575035,0.03190883249044418,0.0,0.02429691143333912,0.00032586388988420367,0.15289948880672455,5.037834327481505e-08,,,,,
436,0.023345446214079857,0.0006198622407443405,22.041330648004077,0.6529282927513123,0.0041164858266711235,0.0008935650112107396,6.789073813706636e-05,5.223786865826696e-05,0.0008537443354725838,0.00047708069905638695,1.9594441255321726e-05,0.00048573483945801854,0.01690991222858429,0.027468491345643997,0.0,0.026315081864595413,0.00028113025473430753,0.15336298942565918,6.73656641581033e-09,,,,,
437,0.02358640544116497,0.0006183995799423215,22.094109945988748,0.7513244152069092,0.004296664148569107,0.0007922144141048193,5.469832103699446e-05,7.68254540162161e-05,0.0006896003615111113,0.0005027904990129173,1.9268112737336196e-05,0.0005035778158344328,0.02616802044212818,0.02651265636086464,0.0,0.038431067019701004,0.0006378467660397291,0.15382719039916992,7.720043981862545e-08,,,,,
438,0.024775154888629913,0.0006169359973241556,22.147215599019546,0.255306214094162,0.003968672826886177,0.0008637959836050868,7.145917334128171e-05,4.277635525795631e-05,0.0004260972491465509,0.00047773399273864925,1.916045403049793e-05,0.0004812686238437891,0.04189231991767883,0.041197776794433594,0.0,0.03185161203145981,0.0009775884682312608,0.15430933237075806,8.880781479092548e-07,,,,,
439,0.023721132427453995,0.0006154715073348123,22.198591661988758,0.7882864475250244,0.0044488441199064255,0.0007591260364279151,0.00013778518768958747,4.80566086480394e-05,0.0006735320203006268,0.00047228136099874973,1.898931441246532e-05,0.0004816973232664168,0.026521502062678337,0.028073446825146675,0.0,0.032399747520685196,0.0006406689062714577,0.15479522943496704,1.2175490837762482e-08,,,,,
440,0.023242978379130363,0.0006140061244282163,22.250641189981252,0.6944491863250732,0.004146234132349491,0.0007926612161099911,0.00012080451415386051,4.7006058593979105e-05,0.000677524134516716,0.0004775476991198957,1.8307635400560685e-05,0.00048091314965859056,0.016199616715312004,0.0323435440659523,0.0,0.026548994705080986,0.0007401796756312251,0.15527813136577606,1.0815759843296746e-08,,,,,
441,0.02141018770635128,0.0006125398630671055,22.302709145995323,0.17037780582904816,0.0039008380845189095,0.0007384009077213705,7.270289643201977e-05,3.819074481725693e-05,0.0007095783948898315,0.0004734680405817926,1.8216005628346466e-05,0.00047850768896751106,0.013372372835874557,0.026734737679362297,0.0,0.03232266381382942,0.0004547304706647992,0.15575575828552246,6.801759155905529e-08,,,,,
442,0.022774696350097656,0.0006110727377228873,22.35496286401758,0.6575708985328674,0.00377444876357913,0.0007895681774243712,7.556009950349107e-05,7.162312249420211e-05,0.000915928918402642,0.00047668098704889417,1.8130089301848784e-05,0.0004822975897695869,0.01788642257452011,0.029924722388386726,0.0,0.02481093630194664,0.00016531685832887888,0.15624091029167175,2.514570773826108e-09,,,,,
443,0.02366444282233715,0.0006096047628754967,22.407188514014706,0.39534878730773926,0.0041984631679952145,0.0007710391655564308,5.7663171901367605e-05,2.9876398912165314e-05,0.0007203377317637205,0.0004855237202718854,1.8030199498753063e-05,0.0004888419643975794,0.016874859109520912,0.03672304004430771,0.0,0.039698682725429535,0.000753563828766346,0.15671926736831665,6.248802719710511e-07,,,,,
444,0.021786222234368324,0.0006081359530132532,22.45831062301295,0.42992305755615234,0.003995059058070183,0.0007361788302659988,7.773733523208648e-05,3.168788680341095e-05,0.0008358550257980824,0.0004587761650327593,1.847571365942713e-05,0.0004647691093850881,0.02684597857296467,0.02002021297812462,0.0,0.020900476723909378,0.0008856490021571517,0.1572142243385315,5.053977680802291e-09,,,,,
445,0.02092478610575199,0.0006066663226327166,22.509767852025107,0.30476298928260803,0.003808016423135996,0.0006905364571139216,6.842691800557077e-05,2.9156464734114707e-05,0.0008259302703663707,0.0004589121090248227,1.8978615116793662e-05,0.00046549036051146686,0.01509852521121502,0.02236211486160755,0.0,0.029996125027537346,0.0006256826454773545,0.1576933115720749,1.2846042451997164e-08,,,,,
446,0.02231399528682232,0.0006051958862385455,22.561461803968996,0.40571749210357666,0.004346644971519709,0.0007924055098555982,7.068678678479046e-05,4.699952478404157e-05,0.0008089753682725132,0.0004709007916972041,1.9421424440224655e-05,0.0004733507812488824,0.024188851937651634,0.020434042438864708,0.0,0.0305633507668972,0.0001934249885380268,0.1581723690032959,1.0449439535875626e-08,,,,,
447,0.020807890221476555,0.0006037246583433539,22.613012666988652,0.2117478847503662,0.003831930225715041,0.0007634133799001575,7.109934813342988e-05,4.342562169767916e-05,0.000711080152541399,0.00046304138959385455,2.0051253159181215e-05,0.00046678385115228593,0.0035595495719462633,0.02380242943763733,0.0,0.030539490282535553,0.0005749260308220983,0.1586475819349289,1.5213466042496293e-07,,,,,
448,0.02364209294319153,0.0006022526534675668,22.66485547600314,0.25042760372161865,0.004149789456278086,0.0007767500355839729,6.653998570982367e-05,3.4492870327085257e-05,0.0006710727466270328,0.0004568496369756758,2.0664165276684798e-05,0.00046119713806547225,0.018871426582336426,0.04626435786485672,0.0,0.02837209962308407,0.0003924363409169018,0.15912732481956482,7.717498533565958e-07,,,,,
449,0.027334002777934074,0.000600779886139278,22.716518066998105,0.5713407397270203,0.0042341891676187515,0.0009014476090669632,6.919300358276814e-05,3.995615406893194e-05,0.0008193794055841863,0.0004578248190227896,2.1169371393625624e-05,0.0004664573061745614,0.010228180326521397,0.058729387819767,0.0,0.024657124653458595,0.0016818809090182185,0.159600168466568,2.783785362225899e-07,,,,,
450,0.02389267086982727,0.0005993063708941068,22.76898277399596,0.9070006608963013,0.0038373747374862432,0.0008688584784977138,0.00010866501543205231,5.9453486755955964e-05,0.0007540811784565449,0.0004630473558790982,2.0752197087858804e-05,0.00046334133367054164,0.013496062718331814,0.03136180341243744,0.0,0.036973290145397186,0.0005267848609946668,0.16005921363830566,1.2787680248038669e-07,6.958557051413868,8.867072217640152,2.0785453563106926,1.3158320147584983,5.780159442505275
451,0.022035663947463036,0.0005978321222750534,22.846839764970355,0.6649907231330872,0.00427726935595274,0.0008567055920138955,8.018480730243027e-05,3.993386781075969e-05,0.0009160956251434982,0.00045925084850750864,2.086519634758588e-05,0.000469053047709167,0.011239197105169296,0.007241770159453154,0.0,0.04055318608880043,0.0004992846515960991,0.16053420305252075,3.054055355278251e-07,,,,,
452,0.023187194019556046,0.0005963571548323567,22.898748357023578,0.2678784430027008,0.003861082484945655,0.0009418107802048326,6.746620056219399e-05,4.2954590753652155e-05,0.0006893108948133886,0.00046670978190377355,2.0057002984685823e-05,0.0004683932929765433,0.01701516844332218,0.027240090072155,0.0,0.03669926896691322,0.0002886380534619093,0.16102749109268188,3.3589699910407944e-09,,,,,
453,0.021468445658683777,0.0005948814831233498,22.952725789975375,0.8112924695014954,0.003356763394549489,0.0007661750423721969,5.8999747125199065e-05,4.014904334326275e-05,0.000845246366225183,0.0004820780595764518,1.9734836314455606e-05,0.0004811967664863914,0.016230842098593712,0.03310365974903107,0.0,0.02033567801117897,0.0001856632879935205,0.16153687238693237,2.0582227477916604e-08,,,,,
454,0.021808719262480736,0.000593405121712317,23.005466208967846,1.2838850021362305,0.004437211435288191,0.0006996289594098926,7.586926949443296e-05,3.249543078709394e-05,0.0010481770150363445,0.00048455415526404977,1.9895549485227093e-05,0.0004980116500519216,0.007234047167003155,0.017042698338627815,0.0,0.03941962495446205,0.00013501015200745314,0.16202479600906372,4.810591391901653e-08,,,,,
455,0.021706392988562584,0.0005919280851703489,23.0578915909864,0.9146106243133545,0.0039621503092348576,0.0008840344380587339,9.697203495306894e-05,3.612280124798417e-05,0.0005915948422625661,0.00047591811744496226,1.8992497643921524e-05,0.00047600152902305126,0.03216084837913513,0.016855968162417412,0.0,0.02220434695482254,0.0003144789079669863,0.16252729296684265,1.2535601001673058e-08,,,,,
456,0.02054731734097004,0.0005904503880752003,23.10981501301285,0.26997122168540955,0.00431276299059391,0.0007377648144029081,7.539168291259557e-05,2.6209672796539962e-05,0.0007471197168342769,0.00046187531552277505,1.897759830171708e-05,0.00046442903112620115,0.005952628329396248,0.023892302066087723,0.0,0.027055656537413597,8.288555545732379e-05,0.16301517188549042,1.2585271491616368e-08,,,,,
457,0.02340468391776085,0.0005889720450111447,23.161865230009425,1.0741021633148193,0.004126117564737797,0.0008704023784957826,7.40395043976605e-05,5.0410610128892586e-05,0.000721747986972332,0.00046761546400375664,1.9269598851678893e-05,0.0004775517445523292,0.022659244015812874,0.030349625274538994,0.0,0.0269324854016304,0.0004227355821058154,0.1634991466999054,4.295880984273026e-08,,,,,
458,0.021501673385500908,0.0005874930705688314,23.213885320990812,0.7693596482276917,0.004506546072661877,0.0007478559273295105,6.066296191420406e-05,3.1458501325687394e-05,0.0007257267134264112,0.0004942271043546498,1.873217843240127e-05,0.0004937988123856485,0.010408513247966766,0.02659524232149124,0.0,0.02472827211022377,0.0004444436344783753,0.16397225856781006,8.301189069470638e-09,,,,,
459,0.018933182582259178,0.0005860134793451411,23.265930000983644,0.1852055937051773,0.0035207662731409073,0.0007234390359371901,7.13701665517874e-05,3.0290611903183162e-05,0.0007697748369537294,0.000456286157714203,1.8889644707087427e-05,0.0004600317042786628,0.013215497136116028,0.011580802500247955,0.0,0.026088673621416092,0.00021991677931509912,0.16443213820457458,2.3568667018025735e-08,,,,,
460,0.021337080746889114,0.0005845332859430417,23.317980714025907,0.8193106651306152,0.0036811630707234144,0.0008396296761929989,6.558652239618823e-05,3.375575033714995e-05,0.0008365507237613201,0.00045845936983823776,1.9114080714643933e-05,0.00046826901962049305,0.007577540818601847,0.018345847725868225,0.0,0.04025255888700485,0.000163677817909047,0.16488566994667053,3.1044089521259366e-09,,,,,
461,0.02620314620435238,0.0005830525049714447,23.37002150801709,0.8754278421401978,0.003592651104554534,0.0008746529347263277,8.134755626088008e-05,3.357321475050412e-05,0.0006454928079620004,0.0004802557814400643,1.8694492609938607e-05,0.0004808379744645208,0.047882743179798126,0.044708482921123505,0.0,0.030732646584510803,0.001205909182317555,0.16535845398902893,7.523844658408052e-08,,,,,
462,0.021606210619211197,0.0005815711510450604,23.42226328799734,0.42800813913345337,0.0041497074998915195,0.0006622906657867134,7.25655336282216e-05,3.841018406092189e-05,0.000685553066432476,0.00045138964196667075,1.8812721464200877e-05,0.000458292051916942,0.01517501100897789,0.031191006302833557,0.0,0.02962791733443737,0.000773529289290309,0.16583269834518433,1.1080876305413767e-07,,,,,
463,0.022871796041727066,0.000580089238784254,23.47420506196795,0.41755613684654236,0.004352992866188288,0.000759138900320977,6.49405992589891e-05,3.438432395341806e-05,0.0007287177722901106,0.000447982078185305,1.8360284229856916e-05,0.0004545889387372881,0.01863684318959713,0.030031714588403702,0.0,0.03370314836502075,0.0007621909026056528,0.16631150245666504,1.5540669551228348e-07,,,,,
464,0.019862141460180283,0.000578606782814901,23.525613671983592,0.9768442511558533,0.0038401042111217976,0.0007707416079938412,9.186439274344593e-05,3.3689717383822426e-05,0.0005648219957947731,0.0004968307912349701,1.775473174348008e-05,0.000498053792398423,0.0062047154642641544,0.023850226774811745,0.0,0.019810140132904053,0.00032137351809069514,0.16679956018924713,2.1290034624144027e-08,,,,,
465,0.019550127908587456,0.0005771237977682437,23.576294964994304,0.5647884011268616,0.003812620183452964,0.0007672863430343568,7.571369496872649e-05,3.347423262312077e-05,0.00046833278611302376,0.00044648232869803905,1.7906328139360994e-05,0.0004539030487649143,0.017480578273534775,0.01888372376561165,0.0,0.028361553326249123,0.00030642509227618575,0.1672641634941101,3.793587222133965e-09,,,,,
466,0.023659799247980118,0.0005756402982807457,23.626242407015525,0.35337263345718384,0.004049456212669611,0.0007621987606398761,7.761718006804585e-05,4.429097316460684e-05,0.0007145960116758943,0.0004500513896346092,1.7873728211270645e-05,0.0004560211964417249,0.011431020684540272,0.04221060499548912,0.0,0.03590874373912811,0.0006885758484713733,0.16772393882274628,5.675479286537666e-08,,,,,
467,0.021766578778624535,0.000574156298993948,23.678803251998033,0.6364127993583679,0.004005086608231068,0.0007096868939697742,6.49739449727349e-05,4.4239579437999055e-05,0.0008744131773710251,0.00047533854376524687,1.7868675058707595e-05,0.0004776417335961014,0.02956719882786274,0.019694458693265915,0.0,0.028073834255337715,0.00038986653089523315,0.16819295287132263,7.164974391571377e-09,,,,,
468,0.02134092152118683,0.0005726718145543243,23.729681357974187,0.39471307396888733,0.004054566379636526,0.0007884837687015533,6.150652188807726e-05,3.0976741982158273e-05,0.0009026650222949684,0.00044085990521125495,1.8334400010644458e-05,0.00044759627780877054,0.025129608809947968,0.010172748938202858,0.0,0.03848389908671379,0.00011607749183895066,0.16865947842597961,4.804383024747949e-08,,,,,
469,0.02141875959932804,0.0005711868596131371,23.78332035598578,0.5301463603973389,0.003821967402473092,0.0007023005746304989,9.463762398809195e-05,4.143885598750785e-05,0.0006691093440167606,0.0004366629000287503,1.847319617809262e-05,0.0004420186160132289,0.02590246871113777,0.033513762056827545,0.0,0.013148472644388676,0.0005259829922579229,0.16913214325904846,5.190570817603657e-08,,,,,
470,0.02251744642853737,0.0005697014488262916,23.838315211003646,0.18907684087753296,0.004125818610191345,0.0007773904944770038,5.5601798521820456e-05,3.263559483457357e-05,0.0007339648436754942,0.0004380041500553489,1.8928876670543104e-05,0.0004431096895132214,0.018404753878712654,0.030981656163930893,0.0,0.039601851254701614,0.00023445443366654217,0.1695709228515625,2.3176275476544106e-07,,,,,
471,0.021869279444217682,0.000568215596854193,23.894687313004397,0.49942606687545776,0.0037403940223157406,0.000737576512619853,5.161079025128856e-05,5.2000192226842046e-05,0.0006085278000682592,0.00045518125989474356,1.9466266167000867e-05,0.0004566310381051153,0.011712060309946537,0.03964001312851906,0.0,0.034960970282554626,0.0002720838529057801,0.1700267642736435,1.7012159458928977e-09,,,,,
472,0.02040211111307144,0.0005667293183616004,23.94930362800369,0.2849028408527374,0.003627611557021737,0.0006866565672680736,5.998053529765457e-05,3.6101242585573345e-05,0.0007827135268598795,0.0004480952920857817,2.0158702682238072e-05,0.00044900987995788455,0.011775407940149307,0.019158126786351204,0.0,0.04350095987319946,0.00034364068415015936,0.17049269378185272,1.3355165862094509e-08,,,,,
473,0.021863574162125587,0.0005652426280174821,24.00527536601294,0.3911265730857849,0.004523309413343668,0.0007833220879547298,7.472787547158077e-05,3.2198844564845785e-05,0.000626735738478601,0.0004295643884688616,2.1165606085560285e-05,0.0004366661887615919,0.03144758939743042,0.02043318748474121,0.0,0.027490001171827316,0.0003921716124750674,0.17098447680473328,5.128483415717255e-09,,,,,
474,0.024013906717300415,0.0005637555404948722,24.058945006981958,0.6302350163459778,0.003964928910136223,0.000907626177649945,9.060161391971633e-05,3.959989771828987e-05,0.0008122784784063697,0.0004319742147345096,2.1799040041514672e-05,0.0004352855612523854,0.015361113473773003,0.02701389417052269,0.0,0.04370376467704773,0.00045803081593476236,0.17146512866020203,1.9934029182877566e-07,,,,,
475,0.024378526955842972,0.0005622680704707236,24.110947109002154,0.44008761644363403,0.00386090693064034,0.000921761617064476,5.526974564418197e-05,3.614602246670984e-05,0.0009538658778183162,0.00043276563519611955,2.253595448564738e-05,0.0004411022237036377,0.022773468866944313,0.03328198194503784,0.0,0.0293726846575737,0.0003332944179419428,0.17196939885616302,4.015242538457642e-08,7.24937789106602,9.310848063441206,1.7903727455050717,1.9693135986501487,5.769603157938651
476,0.02005915530025959,0.0005607802326257654,24.182518675981555,0.4547916650772095,0.0037917925510555506,0.0007689989870414138,5.910542677156627e-05,4.811762482859194e-05,0.0006365085719153285,0.00043890412780456245,2.2440222892328165e-05,0.0004394404822960496,0.011717201210558414,0.01848680153489113,0.0,0.03241917863488197,0.00028801418375223875,0.17246092855930328,4.088506244670498e-08,,,,,
477,0.019573625177145004,0.0005592920416443561,24.235583756002598,0.19199693202972412,0.003808587556704879,0.0007033176952973008,5.401272210292518e-05,3.331279003759846e-05,0.0006778800161555409,0.00043017795542255044,2.2536925825988874e-05,0.00043278795783407986,0.012391294352710247,0.016809292137622833,0.0,0.03893178328871727,0.0001823825587052852,0.1729515790939331,1.695007134649984e-09,,,,,
478,0.020785506814718246,0.0005578035122143401,24.28812740702415,0.3901388645172119,0.004107916262000799,0.0006887036142870784,7.089658902259544e-05,2.6552783310762607e-05,0.0006626585964113474,0.0004250858910381794,2.2371164959622547e-05,0.0004342023457866162,0.025433167815208435,0.023933203890919685,0.0,0.03133806586265564,0.0001951373997144401,0.1734524667263031,7.272387847478967e-08,,,,,
479,0.021520493552088737,0.0005563146590269017,24.338702756969724,0.18296568095684052,0.00390839297324419,0.0009437703411094844,5.247853550827131e-05,2.8305144951445982e-05,0.0006463342579081655,0.0004237407410982996,2.1675841708201915e-05,0.0004295869148336351,0.012209547683596611,0.022348251193761826,0.0,0.028606615960597992,0.00029568030731752515,0.17395168542861938,8.537745088688098e-08,,,,,
480,0.022987650707364082,0.0005548254967764211,24.389472000999376,0.7189514636993408,0.003743434092029929,0.0009591439738869667,5.671257895301096e-05,2.7419791877036914e-05,0.0009014163515530527,0.0004458984185475856,2.0819692508666776e-05,0.0004447956453077495,0.018485359847545624,0.02529863640666008,0.0,0.021527357399463654,0.0004292969824746251,0.17444047331809998,2.5066236730708624e-07,,,,,
481,0.019194040447473526,0.0005533360401603284,24.439382566022687,0.8818806409835815,0.0037266332656145096,0.0006946619832888246,4.4624168367590755e-05,3.470893716439605e-05,0.000733245862647891,0.0004320663574617356,2.0376652173581533e-05,0.00044216300011612475,0.0200160164386034,0.012506788596510887,0.0,0.03311186656355858,0.00014956641825847328,0.17490920424461365,2.1432835950463414e-08,,,,,
482,0.018683001399040222,0.0005518463038789588,24.49117966898484,0.582298755645752,0.00383151788264513,0.0007804337656125426,7.881040801294148e-05,2.6058987714350224e-05,0.0005953869549557567,0.00044347794027999043,1.919930218718946e-05,0.0004446770763024688,0.005624586250633001,0.018359649926424026,0.0,0.015722213312983513,0.000130768574308604,0.1753825545310974,1.1442850222920242e-08,,,,,
483,0.019012432545423508,0.0005503563026354084,24.543842105020303,0.26884379982948303,0.003635627217590809,0.0007995392079465091,5.381347727961838e-05,2.8146238037152216e-05,0.0004862305650021881,0.00043317387462593615,1.8743396140052937e-05,0.00043696846114471555,0.0186187531799078,0.01899794116616249,0.0,0.022775331512093544,0.00014292207197286189,0.1758301556110382,2.241383079137904e-09,,,,,
484,0.02138286642730236,0.0005488660511353877,24.597026247996837,1.1270623207092285,0.003553889924660325,0.0007150568417273462,4.4627508032135665e-05,3.788999674725346e-05,0.0008813696913421154,0.000433698995038867,1.846105806180276e-05,0.0004437426687218249,0.03093598410487175,0.03002116084098816,0.0,0.019529331475496292,0.00011671804531943053,0.17626149952411652,1.0666748373466817e-08,,,,,
485,0.02316376008093357,0.0005473755640870773,24.649301096971612,1.3397313356399536,0.0036793812178075314,0.0010100469226017594,7.529093272751197e-05,3.2484014809597284e-05,0.0006320737302303314,0.0004932178999297321,1.7655014744377695e-05,0.0004938106285408139,0.02705383114516735,0.02327987551689148,0.0,0.03163260594010353,0.00020835734903812408,0.17667734622955322,8.015582864118187e-09,,,,,
486,0.022176062688231468,0.0005458848562009829,24.70070939901052,0.6681529879570007,0.0036984956823289394,0.0007998113869689405,4.90028178319335e-05,2.8855949494754896e-05,0.0009564053034409881,0.0004235260421410203,1.7891907191369683e-05,0.0004324080946389586,0.012722902931272984,0.03073204681277275,0.0,0.027313781902194023,0.00033191137481480837,0.17709769308567047,2.9740233387087756e-08,,,,,
487,0.021903499960899353,0.0005443939421897894,24.752949698013254,0.40943223237991333,0.00435295095667243,0.0008199209114536643,5.8116023865295574e-05,2.6861567675950937e-05,0.0008928404422476888,0.0004196430672891438,1.779710510163568e-05,0.000427515507908538,0.008105580694973469,0.018734309822320938,0.0,0.040680766105651855,0.00020723085617646575,0.17751693725585938,2.6138502562389476e-07,,,,,
488,0.023248696699738503,0.000542902836768216,24.804679843015037,0.8547089695930481,0.004344864282757044,0.0008782193763181567,6.394533556886017e-05,2.507951830921229e-05,0.0006589090335182846,0.00046715489588677883,1.7560989363119006e-05,0.0004692915244959295,0.024012703448534012,0.027261540293693542,0.0,0.04184722155332565,0.00010636360093485564,0.17795920372009277,2.140489527846512e-07,,,,,
489,0.020552564412355423,0.0005414115546528715,24.858069762995,0.44905516505241394,0.003809083253145218,0.0006061326712369919,4.769390216097236e-05,3.1619802030036226e-05,0.000776496366597712,0.0004213730280753225,1.7970451153814793e-05,0.00042852858314290643,0.029519706964492798,0.031053267419338226,0.0,0.02485201694071293,0.00011334802547935396,0.1784229725599289,1.0620182422371727e-07,,,,,
490,0.020132724195718765,0.000539920110562108,24.911786791984923,0.6601882576942444,0.003038155846297741,0.0007406305521726608,4.956175325787626e-05,3.0249353585531935e-05,0.0010177807416766882,0.00041933482862077653,1.8264636310050264e-05,0.00042686963570304215,0.008270646445453167,0.024567633867263794,0.0,0.019333023577928543,0.000409404921811074,0.17887361347675323,9.75405178849087e-09,,,,,
491,0.021275514736771584,0.0005384285192158769,24.963512310991064,1.3903850317001343,0.0034446900244802237,0.0007826931541785598,7.613456546096131e-05,3.079970701946877e-05,0.000803712522611022,0.0004986751009710133,1.8250882931170054e-05,0.0004969000583514571,0.028322631493210793,0.019912686198949814,0.0,0.025478653609752655,0.00025078843464143574,0.17930544912815094,1.4404455406236139e-09,,,,,
492,0.022147491574287415,0.0005369367953355825,25.016217087977566,1.0391942262649536,0.003392681712284684,0.0009061869932338595,4.9030953960027546e-05,2.5233977794414386e-05,0.0008808671263977885,0.0004237050889059901,1.9174804037902504e-05,0.00043433616519905627,0.02272932231426239,0.022208454087376595,0.0,0.024677619338035583,0.0005604226607829332,0.1797289103269577,1.9768874537362535e-08,,,,,
493,0.02293837070465088,0.0005354449536439371,25.068162203009706,0.18961840867996216,0.003792659379541874,0.0007405186770483851,5.304253863869235e-05,2.6373552827863023e-05,0.0008661099127493799,0.00041998393135145307,1.9593600882217288e-05,0.00042373937321826816,0.010022778064012527,0.044771529734134674,0.0,0.032550111413002014,0.00029358381289057434,0.18014559149742126,4.9434600413178487e-08,,,,,
494,0.02414526231586933,0.000533953008864816,25.120570176979527,0.37009748816490173,0.0037126573733985424,0.0008201118907891214,5.3824507631361485e-05,2.3374936063191853e-05,0.0010182939004153013,0.0004318656283430755,2.0134972146479413e-05,0.0004320502921473235,0.017365513369441032,0.04092945158481598,0.0,0.03687122464179993,0.00011180928413523361,0.18057166039943695,1.969747245311737e-07,,,,,
495,0.02118675410747528,0.0005324609757231119,25.171704125998076,0.4110765755176544,0.003665745025500655,0.0006850403733551502,5.698443783330731e-05,2.991738983837422e-05,0.0006364123546518385,0.00041288690408691764,2.1324638510122895e-05,0.0004188884631730616,0.01360123511403799,0.03424447774887085,0.0,0.03651266545057297,0.0006380117265507579,0.181015282869339,5.0285208885725297e-08,,,,,
496,0.019492685794830322,0.0005309688689445896,25.23005028901389,0.2613341212272644,0.0036207169760018587,0.0006660922663286328,5.849920489708893e-05,2.8591632144525647e-05,0.0007852525450289249,0.00040720467222854495,2.2032139895600267e-05,0.0004125742125324905,0.016235176473855972,0.023057961836457253,0.0,0.025796158239245415,8.24930175440386e-05,0.18147407472133636,1.059845118334124e-07,,,,,
497,0.023094289004802704,0.0005294767032557405,25.282276269979775,0.3460872769355774,0.0037906544748693705,0.0008543140138499439,5.174625403014943e-05,2.9224645913927816e-05,0.0007765130139887333,0.00040796661050990224,2.2805703338235617e-05,0.00041113572660833597,0.010157558135688305,0.04084625840187073,0.0,0.03181032836437225,0.000322037551086396,0.18192611634731293,1.1405597177827076e-07,,,,,
498,0.023531926795840263,0.0005279844933836377,25.33811481000157,0.36880001425743103,0.0038909486029297113,0.0008237618021667004,5.3355393902165815e-05,2.5152530724881217e-05,0.00072329374961555,0.0004094911564607173,2.3529217287432402e-05,0.00041655197856016457,0.005326068494468927,0.04716574773192406,0.0,0.040812745690345764,0.00027934956597164273,0.18238034844398499,3.8929286461097945e-09,,,,,
499,0.020703349262475967,0.0005264922540557899,25.390780279005412,0.5474073886871338,0.0033130007795989513,0.0009583429782651365,5.4525349696632475e-05,3.449174982961267e-05,0.0006074814591556787,0.00042099363054148853,2.3700875317445025e-05,0.0004201769479550421,0.006886035203933716,0.027359239757061005,0.0,0.021759536117315292,0.0001329153310507536,0.18285799026489258,1.8250196376357053e-07,,,,,
500,0.02145278826355934,0.000524999999999997,25.442738845013082,0.36267367005348206,0.0034754688385874033,0.0008631553500890732,4.674254159908742e-05,3.1411451345775276e-05,0.0006416075630113482,0.00041383347706869245,2.3680351660004817e-05,0.0004221193084958941,0.015673037618398666,0.030585138127207756,0.0,0.033022426068782806,0.00013879089965485036,0.18331338465213776,3.1913323095267287e-09,6.855366686371489,8.80591436475924,1.8554989686119936,0.9848230941283868,5.539817464942089
501,0.021111227571964264,0.0005235077459442042,25.525316050974652,0.3216504454612732,0.0037172602023929358,0.0007735072867944837,6.643234519287944e-05,2.6542393243289553e-05,0.0007763590547256172,0.0004105939588043839,2.2805139451520517e-05,0.0004196076770313084,0.02026727795600891,0.018565181642770767,0.0,0.04074465110898018,0.00019123194215353578,0.18376772105693817,1.5202290626348258e-07,,,,,
502,0.020136872306466103,0.0005220155066163564,25.577921746997163,0.46606364846229553,0.003720025299116969,0.0006345248548313975,6.289876182563603e-05,2.9069025913486257e-05,0.0004544439725577831,0.0004125621053390205,2.1559126253123395e-05,0.0004155680362600833,0.006439954973757267,0.042841702699661255,0.0,0.02891399711370468,0.0004952200688421726,0.18424716591835022,8.996576816855395e-09,,,,,
503,0.02257726714015007,0.0005205232967442535,25.630803363979794,0.2721141576766968,0.003407635958865285,0.0008140564896166325,5.1489387260517105e-05,2.5746592655195855e-05,0.0007640488329343498,0.0004139803349971771,2.0411396690178663e-05,0.00042111537186428905,0.013465803116559982,0.03799599036574364,0.0,0.03457481414079666,0.0005679679452441633,0.1847206950187683,2.017865652348405e-09,,,,,
504,0.018813248723745346,0.0005190311310554044,25.68306638399372,0.28516173362731934,0.0038711957167834044,0.0006949350936338305,4.6256907808128744e-05,2.8677493901341222e-05,0.000564326299354434,0.00041910004802048206,1.9231971236877143e-05,0.0004238217370584607,0.016222979873418808,0.013386785984039307,0.0,0.03354677930474281,0.00048535794485360384,0.1852022111415863,3.243485480197705e-08,,,,,
505,0.01665649190545082,0.0005175390242768822,25.73505497397855,0.4395407736301422,0.0035907018464058638,0.0006345976144075394,6.476719863712788e-05,2.517521170375403e-05,0.00043358499533496797,0.0004286417388357222,1.810850517358631e-05,0.0004319513391237706,0.006322115659713745,0.021441832184791565,0.0,0.014945562928915024,5.9708756452891976e-05,0.18567858636379242,1.827875983906324e-08,,,,,
506,0.02142977900803089,0.000516046991135178,25.787130607001018,0.5577473044395447,0.003787172492593527,0.0008982975850813091,6.194364686962217e-05,2.287615461682435e-05,0.0008855966152623296,0.00041593582136556506,1.7540238332003355e-05,0.00042348005808889866,0.023588726297020912,0.012309325858950615,0.0,0.030226193368434906,0.00010341286542825401,0.18612678349018097,1.8972903603753366e-07,,,,,
507,0.020902175456285477,0.000514555046356057,25.838950957986526,0.3506615161895752,0.0030286682303994894,0.0007825972861610353,4.949375579599291e-05,2.362470331718214e-05,0.0005095272790640593,0.00043580489000305533,1.706205694063101e-05,0.0004405739309731871,0.026900777593255043,0.034998342394828796,0.0,0.033139944076538086,0.00023135571973398328,0.1865755319595337,2.57597605468618e-07,,,,,
508,0.019695967435836792,0.0005130632046644116,25.89240491000237,0.1733756959438324,0.0035958753433078527,0.0007150507299229503,6.628570554312319e-05,2.6720135792857036e-05,0.0005417076754383743,0.0004262454167474061,1.7032038158504292e-05,0.00043192124576307833,0.010476095601916313,0.021473128348588943,0.0,0.042298637330532074,0.00042306241812184453,0.18702811002731323,3.4645200042149327e-09,,,,,
509,0.022102871909737587,0.0005115714807841171,25.944340488989837,0.6587051749229431,0.003813246265053749,0.0008272888953797519,4.097087003174238e-05,3.110292891506106e-05,0.0006745465798303485,0.00041850493289530277,1.7193491657963023e-05,0.00042594296974129975,0.03422240912914276,0.030726779252290726,0.0,0.022301893681287766,0.0003051649546250701,0.18749940395355225,1.7508864358362075e-09,,,,,
510,0.021677743643522263,0.000510079889437886,25.996237443992868,0.5958967804908752,0.004183547105640173,0.0008422530954703689,5.3181891416898e-05,2.1514932086574845e-05,0.0010599247179925442,0.00043890063534490764,1.713932942948304e-05,0.0004427919920999557,0.012398906983435154,0.015263264998793602,0.0,0.022151531651616096,0.0003928580554202199,0.18795806169509888,6.373351624233692e-08,,,,,
511,0.021964916959404945,0.0005085884453471227,26.04791932797525,0.12050318717956543,0.003960212226957083,0.0007020795601420105,4.8606361815473065e-05,2.1807854864164256e-05,0.0010766326449811459,0.00041298693395219743,1.7719472452881746e-05,0.00041882970253936946,0.03461397811770439,0.022947343066334724,0.0,0.02098371461033821,0.00027352740289643407,0.1884090006351471,1.2367964430382017e-08,,,,,
512,0.018512682989239693,0.000507097163231778,26.09993227600353,0.674616277217865,0.0035582107957452536,0.0006993557326495647,5.840595986228436e-05,2.7361438696971163e-05,0.0006885362090542912,0.00041213832446374,1.842551864683628e-05,0.000420611904701218,0.026361364871263504,0.008038731291890144,0.0,0.02925560250878334,0.00012448499910533428,0.1888447254896164,3.346552368554967e-09,,,,,
513,0.020719852298498154,0.0005056060578102047,26.15276652900502,0.7648998498916626,0.003373286686837673,0.0008484541904181242,5.0620576075743884e-05,2.6759536922327243e-05,0.0006920755840837955,0.0004424643702805042,1.8661743524717167e-05,0.0004424074722919613,0.008601094596087933,0.023460878059267998,0.0,0.034529149532318115,0.00036858211387880147,0.18928095698356628,5.5320561465066476e-09,,,,,
514,0.020673999562859535,0.0005041151437990112,26.205087064008694,0.22187145054340363,0.0030255496967583895,0.0008902447298169136,6.002579175401479e-05,2.505114025552757e-05,0.0006505955825559795,0.00040627463022246957,1.9325645553180948e-05,0.00041127472650259733,0.0062567126005887985,0.02253015898168087,0.0,0.04695415869355202,0.00014169159112498164,0.1897268295288086,4.954636256826461e-09,,,,,
515,0.021828370168805122,0.0005026244359129166,26.257312142988667,0.8422340154647827,0.003310022410005331,0.0007487341645173728,4.8703117499826476e-05,2.6152756618103012e-05,0.0007997995126061141,0.0004109250148758292,2.0183799279038794e-05,0.00042199401650577784,0.022220518440008163,0.03440507873892784,0.0,0.030648767948150635,0.00043886579805985093,0.1901998519897461,1.912315639174267e-09,,,,,
516,0.019562039524316788,0.0005011339488646064,26.309813265979756,1.0463625192642212,0.003569280728697777,0.0007793850963935256,5.398961002356373e-05,2.051075716735795e-05,0.0004898868501186371,0.0004350893432274461,2.0145331291132607e-05,0.00043267550063319504,0.0063926298171281815,0.026056651026010513,0.0,0.02958638221025467,0.0005208256188780069,0.19067013263702393,3.352140609536036e-08,,,,,
517,0.016643723472952843,0.0004996436973645857,26.36133920197608,0.3251678943634033,0.0029697490390390158,0.0006617510225623846,4.262629590812139e-05,2.6068544684676453e-05,0.0006058318540453911,0.0004012625722680241,2.0650917576858774e-05,0.00040942218038253486,0.008271131664514542,0.01039665937423706,0.0,0.031083054840564728,0.0002432765904814005,0.191135972738266,2.5064991859835573e-08,,,,,
518,0.0191445704549551,0.0004981536961210353,26.412574741989374,0.9240599274635315,0.003705960465595126,0.0007972046732902527,4.2439769458724186e-05,2.4541577658965252e-05,0.0008932673372328281,0.0004052129515912384,2.0232051610946655e-05,0.00041552906623110175,0.005518526770174503,0.018462302163243294,0.0,0.01130441389977932,9.530460374662653e-05,0.1916007250547409,2.495944562141972e-09,,,,,
519,0.022508196532726288,0.0004966639598396658,26.465581357013434,1.609226942062378,0.0034028207883238792,0.0007964312098920345,6.392889918060973e-05,2.2822414393885992e-05,0.000820318644400686,0.00047997201909311116,1.9212662664358504e-05,0.0004742551827803254,0.006579681299626827,0.03508392721414566,0.0,0.04352240264415741,0.0002789486607071012,0.19202759861946106,8.32974862419178e-08,,,,,
520,0.019894368946552277,0.0004951745032235731,26.517447609978262,0.8271613121032715,0.0037943460047245026,0.0007208441384136677,4.682439612224698e-05,2.183503056585323e-05,0.0009027635678648949,0.0004065142129547894,1.9599456209107302e-05,0.0004180432006251067,0.01671266369521618,0.01191403716802597,0.0,0.037276431918144226,0.00010715773532865569,0.19247083365917206,2.3785979408330604e-08,,,,,
521,0.01813017763197422,0.0004936853409730923,26.56959113298217,0.8631413578987122,0.0034328175242990255,0.00077212875476107,4.022175562568009e-05,2.3384756786981598e-05,0.0005954810767434537,0.00040184587123803794,1.9192882973584346e-05,0.00041183014400303364,0.012358981184661388,0.012617610394954681,0.0,0.03067132458090782,7.679545524297282e-05,0.19292213022708893,6.704901522880391e-08,,,,,
522,0.021468449383974075,0.0004921964877856541,26.62221469997894,1.7294138669967651,0.003727773204445839,0.0008808390120975673,5.986257747281343e-05,1.975739905901719e-05,0.0006357244565151632,0.0005143141024746001,1.8251930669066496e-05,0.0005093796644359827,0.022927943617105484,0.020124994218349457,0.0,0.030895765870809555,0.00022789367358200252,0.19337143003940582,1.2076148969697442e-08,,,,,
523,0.01933637261390686,0.000490707958355638,26.6743359619868,0.8988094329833984,0.0038437366019934416,0.0006436430849134922,5.2971503464505076e-05,2.6106721634278074e-05,0.0006453307578340173,0.0004008602409157902,1.8518408978707157e-05,0.0004102465172763914,0.009968321770429611,0.030116144567728043,0.0,0.024512503296136856,0.00023446728300768882,0.19382208585739136,4.1381767346138076e-08,,,,,
524,0.01863866113126278,0.0004892197673742286,26.727033703995403,0.713625431060791,0.00403249729424715,0.0006268353899940848,4.990072557120584e-05,1.8603150238050148e-05,0.0007402574410662055,0.00039606078644283116,1.8191967683378607e-05,0.00040498239104636014,0.018598556518554688,0.012984693050384521,0.0,0.03141262009739876,0.00016810257511679083,0.1942547857761383,2.237657881209998e-08,,,,,
525,0.021881544962525368,0.0004877319295292704,26.77907155500725,1.5738720893859863,0.0033223482314497232,0.0007765525369904935,6.760711403330788e-05,2.699721335375216e-05,0.0007355506531894207,0.0004649611364584416,1.7468157238909043e-05,0.000464981741970405,0.03228235989809036,0.030990565195679665,0.0,0.02710498869419098,0.00016078792396001518,0.1946887969970703,6.359691440138704e-08,6.463937842365067,8.124924246279924,1.6652232734562573,1.1687614311220358,5.747320748626478
526,0.019275536760687828,0.0004862444595051218,26.863051187014207,1.3079599142074585,0.003118785796687007,0.0008253780542872846,4.376192737254314e-05,2.107245927618351e-05,0.0010391767136752605,0.00040408477070741355,1.7736214431351982e-05,0.00041435277671553195,0.009856931865215302,0.01198381744325161,0.0,0.018089357763528824,0.00014362763613462448,0.19511234760284424,1.9806127848909227e-09,,,,,
527,0.01850101724267006,0.0004847573719825118,26.915749410982244,0.20220454037189484,0.0037861750461161137,0.0006731804460287094,5.162023444427177e-05,2.12215818464756e-05,0.0008043911657296121,0.00040820566937327385,1.7536558516439982e-05,0.00041204047738574445,0.007415711414068937,0.018111523240804672,0.0,0.019209295511245728,0.00022964412346482277,0.19551105797290802,2.247591890380818e-09,,,,,
528,0.02030172199010849,0.0004832706816383937,26.96856554999249,1.166285753250122,0.0032288539223372936,0.0007962253876030445,3.780021143029444e-05,1.9985236576758325e-05,0.0007136266212910414,0.00046330882469192147,1.7599184502614662e-05,0.00046350923366844654,0.02694951370358467,0.031221499666571617,0.0,0.008219344541430473,0.00016452001000288874,0.1958899199962616,7.010375924210166e-08,,,,,
529,0.01912754774093628,0.00048178440314580105,27.01997142197797,1.3135637044906616,0.0032233393285423517,0.000720322597771883,4.294509926694445e-05,2.334447890461888e-05,0.0008433525217697024,0.00041070024599321187,1.856429662439041e-05,0.0004234612570144236,0.02644924633204937,0.014368763193488121,0.0,0.019871123135089874,0.0003021646407432854,0.19623617827892303,6.264075125272939e-08,,,,,
530,0.018821079283952713,0.0004802985511737024,27.07165832800092,0.289559930562973,0.0035076115746051073,0.0007711640791967511,4.5560278522316366e-05,2.5649143935879692e-05,0.0008545528980903327,0.00039619888411834836,1.8599623217596672e-05,0.0004004673974122852,0.013050252571702003,0.01113077625632286,0.0,0.022478528320789337,0.00014843279495835304,0.19656668603420258,2.8560562803647827e-09,,,,,
531,0.020497016608715057,0.0004788131403868571,27.124850504973438,1.1032803058624268,0.0036617033183574677,0.0008756194147281349,4.309552241466008e-05,2.434214184177108e-05,0.000611031602602452,0.0004468152183108032,1.8859334886656143e-05,0.00044428827823139727,0.01646646484732628,0.015241442248225212,0.0,0.04003546014428139,0.00019455718575045466,0.1968940943479538,3.615828632064222e-07,,,,,
532,0.019975222647190094,0.0004773281854456697,27.176571884017903,1.3399479389190674,0.003608891973271966,0.0007925489917397499,4.7237350372597575e-05,3.0437087843893096e-05,0.0007851419504731894,0.00039657094748690724,1.9938825062126853e-05,0.00040849970537237823,0.010521814227104187,0.021045947447419167,0.0,0.023345787078142166,0.00030342693207785487,0.19725055992603302,4.4412908550839347e-07,,,,,
533,0.019631875678896904,0.00047584370100604606,27.227644271973986,0.7430046796798706,0.0030470737256109715,0.0008513836073689163,4.039060149807483e-05,2.1127989384694956e-05,0.0006035799742676318,0.00040409245411865413,2.0129462427576073e-05,0.0004036540340166539,0.010175949893891811,0.023697618395090103,0.0,0.02976648509502411,0.0003629184211604297,0.19760312139987946,3.748263210923142e-08,,,,,
534,0.01851692795753479,0.0004743597017192483,27.279449930996634,0.12110382318496704,0.0026809312403202057,0.0006948119262233377,5.55406222702004e-05,2.0517705706879497e-05,0.0008411564631387591,0.0003831132489722222,2.070875962090213e-05,0.00038734867121092975,0.012579571455717087,0.024146713316440582,0.0,0.02021985501050949,0.0001516656338935718,0.19796787202358246,3.812214099951916e-09,,,,,
535,0.020552508533000946,0.00047287620223175023,27.331450229976326,0.5539097189903259,0.003204940352588892,0.0007338245632126927,3.808887777267955e-05,2.2647451260127127e-05,0.0007108236895874143,0.00038581769331358373,2.1144256606930867e-05,0.0003967517986893654,0.02477622590959072,0.026536360383033752,0.0,0.03519073873758316,0.00039940705755725503,0.19832445681095123,1.4168520579005417e-08,,,,,
536,0.018864862620830536,0.00047139321718509295,27.383131705981214,0.3394348919391632,0.0033303687814623117,0.000668186869006604,4.207332676742226e-05,2.4934317480074242e-05,0.0006290413439273834,0.0003865841426886618,2.090924135700334e-05,0.000389825931051746,0.0038920899387449026,0.02438131719827652,0.0,0.03816886991262436,0.0005009383894503117,0.19868987798690796,3.753850918997159e-08,,,,,
537,0.019325921311974525,0.0004699107612157401,27.43563754297793,0.3832733631134033,0.0034514479339122772,0.0006653487216681242,5.231983959674835e-05,2.0817111362703145e-05,0.0006310563185252249,0.00038779230089858174,2.0726096408907324e-05,0.0003901083255186677,0.020133769139647484,0.019608404487371445,0.0,0.04345126822590828,0.00019364411127753556,0.19906924664974213,2.219838393102691e-07,,,,,
538,0.019274448975920677,0.0004684288489549337,27.48659729101928,0.7572447061538696,0.0031019821763038635,0.0006828542100265622,4.6073073463048786e-05,2.0996743842260912e-05,0.0007155669736675918,0.00038202968426048756,2.046137160505168e-05,0.0003919390728697181,0.013638785108923912,0.02998216450214386,0.0,0.02247721329331398,0.00042061886051669717,0.19947026669979095,1.0014821860693246e-08,,,,,
539,0.018070917576551437,0.00046694749502854924,27.53884198301239,0.8290775418281555,0.003735755570232868,0.0006250496953725815,6.199494237080216e-05,2.6851999791688286e-05,0.0006251661106944084,0.0004054174933116883,1.96058681467548e-05,0.00040533594437874854,0.009747058153152466,0.015651024878025055,0.0,0.034243691712617874,0.00016304184100590646,0.19985805451869965,5.273025180940749e-07,,,,,
540,0.01850392110645771,0.0004654667140569523,27.591525541967712,0.2785772979259491,0.003784530097618699,0.0006966948276385665,4.247439210303128e-05,2.214978121628519e-05,0.0005567863117903471,0.0003847687621600926,1.9329931092215702e-05,0.0003899244184140116,0.005207756068557501,0.014669159427285194,0.0,0.045306988060474396,0.00033685268135741353,0.20025134086608887,3.4521023817291052e-09,,,,,
541,0.018394166603684425,0.000463986520654853,27.642191553022712,0.2582346498966217,0.003438383573666215,0.0007004394428804517,4.7245557652786374e-05,3.023147837666329e-05,0.00049681676318869,0.00038635145756416023,1.9081551727140322e-05,0.00039155036211013794,0.01676495373249054,0.02780481055378914,0.0,0.016275176778435707,0.00021035564714111388,0.20066380500793457,1.0482346368689832e-07,,,,,
542,0.02089935541152954,0.00046250692943116263,27.693950454995502,0.3230930268764496,0.003301252145320177,0.0007129762670956552,4.466723476070911e-05,2.3229007638292387e-05,0.0008380655199289322,0.0003831315552815795,1.8747854483081028e-05,0.0003899884468410164,0.026507539674639702,0.02625330165028572,0.0,0.03302321583032608,0.00032638380071148276,0.20105360448360443,4.548579113361484e-08,,,,,
543,0.0207942146807909,0.00046102795498884937,27.74604957702104,0.16726228594779968,0.0036775681655853987,0.000895750243216753,4.954898759024218e-05,1.857241295510903e-05,0.0005505338776856661,0.0003903119941242039,1.8450073184794746e-05,0.00039415410719811916,0.01252234261482954,0.029481135308742523,0.0,0.02667674794793129,0.00020434576435945928,0.20144633948802948,2.402812171453661e-09,,,,,
544,0.018512511625885963,0.00045954961192479384,27.799066588981077,0.2815500497817993,0.003544354112818837,0.0007572176400572062,3.954856947530061e-05,1.9727043763850816e-05,0.0005055952351540327,0.0003924206248484552,1.846142731665168e-05,0.0003956914588343352,0.0070381141267716885,0.023578733205795288,0.0,0.026809480041265488,0.000282308435998857,0.2018403261899948,3.6396087921275466e-08,,,,,
545,0.018628697842359543,0.00045807191482964514,27.85248582396889,0.2833999991416931,0.0034389428328722715,0.0006897734710946679,5.0505790568422526e-05,2.1140280296094716e-05,0.0006624641246162355,0.00038003112422302365,1.8661623471416533e-05,0.00038714249967597425,0.010083762928843498,0.02441190928220749,0.0,0.02627553604543209,0.00012279278598725796,0.20223040878772736,1.0476757950073079e-07,,,,,
546,0.01714690402150154,0.0004565948782876771,27.905949146021158,0.2516665458679199,0.0029633662197738886,0.0006687222048640251,5.341575524653308e-05,1.8718581486609764e-05,0.0006774727953597903,0.00038166940794326365,1.882471224234905e-05,0.00038792338455095887,0.013934038579463959,0.015767361968755722,0.0,0.019378915429115295,0.0002300878259120509,0.20261141657829285,1.1951973633017587e-08,,,,,
547,0.01993793062865734,0.00045511851687664426,27.960824995010626,0.5744210481643677,0.0032038192730396986,0.0009326075087301433,4.898177212453447e-05,2.0975749066565186e-05,0.0007107577985152602,0.00040417839772999287,1.9046668967348523e-05,0.0004055079771205783,0.008723106235265732,0.014414504170417786,0.0,0.029635027050971985,0.00035839673364534974,0.20297732949256897,7.37359187041875e-08,,,,,
548,0.021001027897000313,0.00045364284516763735,28.01318342902232,0.48634424805641174,0.0027319835498929024,0.0007181874825619161,3.911815656465478e-05,2.225388743681833e-05,0.0006173470173962414,0.0003834883391391486,1.969503500731662e-05,0.00039082273724488914,0.03899995982646942,0.034643929451704025,0.0,0.032614607363939285,0.00044622403220273554,0.20334872603416443,1.6883015518942557e-07,,,,,
549,0.01635463535785675,0.00045216787772494075,28.066660278011113,0.4039248824119568,0.00307389535009861,0.0006022118031978607,6.238704372663051e-05,1.9274561054771766e-05,0.0003985212533734739,0.0003850471694022417,1.99671158043202e-05,0.0003891875094268471,0.0058499909937381744,0.02164386585354805,0.0,0.03016623482108116,0.00013526633847504854,0.20372819900512695,8.928279449094134e-09,,,,,
550,0.02144719660282135,0.0004506936291058874,28.119831894990057,0.16385489702224731,0.0034395845141261816,0.0007118096109479666,4.618475213646889e-05,1.9443401470198296e-05,0.0007000560290180147,0.00037852657260373235,2.0265868442947976e-05,0.00038496198249049485,0.021834418177604675,0.034335795789957047,0.0,0.04049701243638992,0.0003725824353750795,0.20410460233688354,1.5545637666036782e-07,6.734374710262641,8.621114986347472,1.5154240167860955,1.011095855469129,5.576786830016969
551,0.016864320263266563,0.00044922011386071606,28.195300806022715,0.0839124321937561,0.003105200594291091,0.0006833560764789581,4.970028385287151e-05,1.8449189155944623e-05,0.000511742546223104,0.0003790808841586113,2.0248960936442018e-05,0.000384080340154469,0.012659678235650063,0.006246073171496391,0.0,0.045388348400592804,0.00010338440188206732,0.20450203120708466,9.80186030119512e-08,,,,,
552,0.019177129492163658,0.00044774734653242734,28.248567894974258,0.2000959813594818,0.0031235700007528067,0.0006241785013116896,4.136514326091856e-05,2.145353028026875e-05,0.0008781161159276962,0.00038543614209629595,2.016662801906932e-05,0.0003881388111039996,0.007708798162639141,0.023777808994054794,0.0,0.03754943236708641,0.0003250294830650091,0.2049197107553482,2.3103011059788514e-08,,,,,
553,0.019307052716612816,0.00044627534165664025,28.3018450679956,0.31641441583633423,0.0037794532254338264,0.0006632352015003562,4.427553722052835e-05,2.256481457152404e-05,0.0007962638046592474,0.0003877784765791148,2.055988625215832e-05,0.0003892818931490183,0.016093891113996506,0.02178949862718582,0.0,0.02625424414873123,0.00010668777395039797,0.20534473657608032,1.4976909312736097e-07,,,,,
554,0.017536098137497902,0.0004448041137614485,28.354201596986968,0.303321897983551,0.0036320562940090895,0.000733944121748209,4.323621033108793e-05,1.5725776393082924e-05,0.0003995820297859609,0.00037465806235559285,2.1264731913106516e-05,0.00038116384530439973,0.02411412075161934,0.013095065951347351,0.0,0.02448614127933979,0.0001747822534525767,0.20575809478759766,1.8832585624295461e-07,,,,,
555,0.019564028829336166,0.00044333367736727747,28.40688785299426,0.1359170377254486,0.003310208208858967,0.0006982785416767001,4.119739605812356e-05,1.860859993030317e-05,0.0007602374535053968,0.00037585041718557477,2.168118953704834e-05,0.0003802445426117629,0.01389490906149149,0.03026459366083145,0.0,0.025563862174749374,9.382060670759529e-05,0.20615972578525543,2.0124018362821516e-07,,,,,
556,0.01926337741315365,0.000441864046986741,28.459327428019606,0.6700921058654785,0.003344726050272584,0.0007657906389795244,5.2381707064341754e-05,1.7038122678059153e-05,0.0004797640722244978,0.00038523940020240843,2.208235309808515e-05,0.00038638297701254487,0.023547356948256493,0.017796475440263748,0.0,0.03822275996208191,0.00034021533792838454,0.20655569434165955,8.041660493063318e-08,,,,,
557,0.01605517603456974,0.0004403952371244972,28.51085963199148,0.8455951809883118,0.0031495094299316406,0.0005782307125627995,3.3456439268775284e-05,2.7956781195825897e-05,0.0007395112770609558,0.00039227830711752176,2.218806002929341e-05,0.0004067605477757752,0.006512676831334829,0.012093559838831425,0.0,0.016176797449588776,0.0003368714533280581,0.20696678757667542,1.9439806209220478e-08,,,,,
558,0.01924687810242176,0.00043892726227710686,28.5631010819925,0.19120308756828308,0.0031604364048689604,0.0006826953031122684,3.032832137250807e-05,1.9875091311405413e-05,0.0007219712715595961,0.00037610362051054835,2.0993258658563718e-05,0.0003817423712462187,0.009484970942139626,0.019227899610996246,0.0,0.04588120058178902,0.0006106809596531093,0.20735570788383484,2.0169963477201236e-07,,,,,
559,0.01904895529150963,0.0004374601369328888,28.614983197010588,0.8636398911476135,0.003323460230603814,0.0008278385503217578,7.006287341937423e-05,3.17461890517734e-05,0.00043877921416424215,0.00039676117012277246,1.9734712623176165e-05,0.00039649056270718575,0.01357386913150549,0.020615143701434135,0.0,0.02460499294102192,0.0003673359169624746,0.20776933431625366,1.6774981759226648e-07,,,,,
560,0.01784108392894268,0.0004359938755717779,28.66730449500028,0.34259453415870667,0.0031245804857462645,0.0006424604216590524,5.7792851293925196e-05,1.9584795154514723e-05,0.000752055726479739,0.00037358893314376473,1.9276767488918267e-05,0.0003816892858594656,0.01711123250424862,0.02018112689256668,0.0,0.015690749511122704,0.00022493390133604407,0.20817293226718903,1.7814339514643507e-07,,,,,
561,0.01906735636293888,0.000434528492665182,28.719441813998856,1.2321326732635498,0.0032704847399145365,0.0006949498201720417,4.220090340822935e-05,3.731928882189095e-05,0.0006628638948313892,0.0003882269957102835,1.85750141099561e-05,0.0003987626114394516,0.01890566200017929,0.015029879286885262,0.0,0.044409267604351044,0.0001535761693958193,0.20855863392353058,1.7130128426856572e-08,,,,,
562,0.019374491646885872,0.00043306400267583865,28.772591140004806,1.56192946434021,0.0029618581756949425,0.0007608928717672825,3.693722464959137e-05,2.1787443984067068e-05,0.0006337901577353477,0.0004902341752313077,1.748893737385515e-05,0.0004884416121058166,0.012938727624714375,0.025496555492281914,0.0,0.03123311884701252,0.00010362328612245619,0.20896823704242706,4.0046872484822416e-09,,,,,
563,0.01845446415245533,0.0004316004200576726,28.826031402975786,0.44746118783950806,0.0033343567047268152,0.0006772137130610645,3.846499748760834e-05,1.8223689039587043e-05,0.0005527153261937201,0.00037847639760002494,1.753886681399308e-05,0.0003861684526782483,0.023588597774505615,0.02062961645424366,0.0,0.030326906591653824,0.00025179944350384176,0.2093782275915146,5.496666233284486e-08,,,,,
564,0.019423915073275566,0.0004301377592556539,28.88019469002029,0.9601792097091675,0.0031512256246060133,0.0006680855294689536,4.802563853445463e-05,1.7110382032115012e-05,0.0008801174117252231,0.000384590559406206,1.7595186363905668e-05,0.0003954485582653433,0.011740795336663723,0.02420293539762497,0.0,0.033086083829402924,0.00014859654766041785,0.20978425443172455,1.2628113665869023e-07,,,,,
565,0.021084057167172432,0.0004286760347056538,28.935069733997807,0.9823532104492188,0.003151338780298829,0.0008499907562509179,5.7683886552695185e-05,2.308054899913259e-05,0.0007908394327387214,0.0004392776754684746,1.7270609532715753e-05,0.0004414816212374717,0.0006904498441144824,0.028294526040554047,0.0,0.03803262487053871,0.0002517605316825211,0.21019068360328674,8.38811242687143e-09,,,,,
566,0.018394403159618378,0.0004272152608343035,28.98845377599355,0.3464307487010956,0.0036815176717936993,0.0006957309087738395,3.8131067412905395e-05,1.7785878299036995e-05,0.0008000337402336299,0.00039660296170040965,1.7849401046987623e-05,0.0004000912595074624,0.010608959943056107,0.016735630109906197,0.0,0.02067713439464569,0.00016737794794607908,0.2106045037508011,4.445513290818326e-09,,,,,
567,0.01891298033297062,0.00042575545205885166,29.041565915977117,1.1999552249908447,0.0030417717061936855,0.0007240508566610515,4.402361446409486e-05,2.9062663088552654e-05,0.0007300198776647449,0.00038512854371219873,1.8753122276393697e-05,0.0003966652730014175,0.008487183600664139,0.022492665797472,0.0,0.031264688819646835,0.00022887317754793912,0.21100208163261414,7.580966077114226e-09,,,,,
568,0.019152330234646797,0.0004242966227870213,29.095711143978406,0.8055105209350586,0.0032467420678585768,0.0007477343897335231,4.1205006709787995e-05,1.8316146451979876e-05,0.000776168773882091,0.00040102735511027277,1.9137314666295424e-05,0.00040090837865136564,0.02126869559288025,0.016058064997196198,0.0,0.029499460011720657,7.296654803212732e-05,0.21139653027057648,2.961605849449711e-09,,,,,
569,0.019413508474826813,0.0004228387874168684,29.149109460995533,0.17578959465026855,0.0034183096140623093,0.0006586584495380521,3.8120222598081455e-05,1.6698380932211876e-05,0.0007964397664181888,0.0003726771683432162,2.016105645452626e-05,0.00037650763988494873,0.015126664191484451,0.02866070717573166,0.0,0.026355063542723656,0.00013991256128065288,0.21178695559501648,1.4899919165145548e-07,,,,,
570,0.018604524433612823,0.00042138196033663955,29.202410793979652,0.8673837184906006,0.0032203441951423883,0.0006456543924286962,2.9643393645528704e-05,1.4913605809852015e-05,0.0009045341284945607,0.0003750828327611089,2.122244222846348e-05,0.0003877391864079982,0.009570184163749218,0.022450145334005356,0.0,0.02266315557062626,0.0003485156921669841,0.2121698409318924,6.376455807810544e-09,,,,,
571,0.018857011571526527,0.00041992615592462997,29.255310307024047,0.7569835782051086,0.002798832021653652,0.0006944508058950305,5.4400483350036666e-05,2.261910049128346e-05,0.0005447664298117161,0.0003778131795115769,2.1385316358646378e-05,0.0003777470556087792,0.014241861179471016,0.02893907204270363,0.0,0.034521155059337616,0.00028371394728310406,0.21254339814186096,2.3183723385500343e-08,,,,,
572,0.019928032532334328,0.00041847138854904115,29.309876671992242,0.2732744812965393,0.0033160694874823093,0.0007305035251192749,4.2899227992165834e-05,1.7384689272148535e-05,0.0006961137987673283,0.00037141924258321524,2.1800453396281227e-05,0.00037442136090248823,0.014363367110490799,0.023834751918911934,0.0,0.03396030142903328,0.0006583604263141751,0.21293047070503235,3.507981460870724e-09,,,,,
573,0.020184431225061417,0.0004170176725678403,29.36305041902233,0.8882046937942505,0.0030377935618162155,0.0006219830829650164,4.4857424654765055e-05,3.0333472750498913e-05,0.0007821882027201355,0.0003763954737223685,2.2119702407508157e-05,0.00038886841502971947,0.012113493867218494,0.03910500556230545,0.0,0.03200966492295265,0.000208405836019665,0.21331879496574402,1.6887984344293727e-09,,,,,
574,0.019027946516871452,0.0004155650223286168,29.415794147003908,0.4469468891620636,0.00349789229221642,0.0007648258469998837,4.110597001272254e-05,1.5326790162362158e-05,0.0006599723128601909,0.00037970152334310114,2.1645155356964096e-05,0.00038022056105546653,0.007525366730988026,0.023220950737595558,0.0,0.026821110397577286,0.00021779417875222862,0.2137136310338974,9.244930154750364e-09,,,,,
575,0.01958189159631729,0.00041411345216844225,29.46844147099182,0.5772644877433777,0.003302281256765127,0.0007947874255478382,5.261333717498928e-05,1.707940100459382e-05,0.0004755241679958999,0.0003758819948416203,2.144386962754652e-05,0.0003768705064430833,0.028420671820640564,0.024174634367227554,0.0,0.026537351310253143,0.00022277075913734734,0.2141035497188568,1.0473654299403279e-07,6.432566011607188,8.171155996613392,1.4377545368418596,1.1691398631411574,5.500820690483969
576,0.01843009889125824,0.00041266297641372803,29.552639210014604,0.8845769762992859,0.003161393338814378,0.0006559911998920143,4.0817503759171814e-05,1.796290962374769e-05,0.0007679608534090221,0.0003766755689866841,2.1634130462189205e-05,0.0003907507343683392,0.007627713494002819,0.027078209444880486,0.0,0.022173330187797546,0.00019753626838792115,0.2144894003868103,3.5744164961215574e-08,,,,,
577,0.022142862901091576,0.00041121360938008443,29.604804287024308,0.15190371870994568,0.0033484713640064,0.0007917822804301977,3.80698693334125e-05,1.676277861406561e-05,0.000992822926491499,0.0003660343063529581,2.0967170712538064e-05,0.00036999222356826067,0.02586282230913639,0.024011947214603424,0.0,0.04203187674283981,0.000247916643274948,0.2148614525794983,8.024275643947476e-08,,,,,
578,0.018879484385252,0.0004097653653721788,29.657644409977365,0.7708652019500732,0.0029448838904500008,0.0008030670578591526,4.518358764471486e-05,1.6625475836917758e-05,0.0007182754343375564,0.0003878230054397136,2.0401133951963857e-05,0.00038632750511169434,0.006799434311687946,0.01664804108440876,0.0,0.03766980767250061,0.0001630336482776329,0.215250626206398,7.729977546944156e-09,,,,,
579,0.01894541084766388,0.0004083182586835948,29.71183743601432,0.5921095013618469,0.003929899074137211,0.0005908707389608026,4.3380798160796985e-05,1.9805032934527844e-05,0.0007354642148129642,0.0003659266512840986,2.050743751169648e-05,0.00037558749318122864,0.019480515271425247,0.030177388340234756,0.0,0.012098965235054493,0.00021425564773380756,0.21564902365207672,1.0762984459233849e-07,,,,,
580,0.018538672477006912,0.00040687230359669137,29.764429996022955,0.5213171243667603,0.0029025305993855,0.0007042067009024322,4.2287236283300444e-05,1.7460330127505586e-05,0.0008460881654173136,0.0003643091185949743,2.0119823602726683e-05,0.00037139258347451687,0.008079048246145248,0.01605680212378502,0.0,0.03748651593923569,0.0002480543334968388,0.21602031588554382,2.5089830657520906e-08,,,,,
581,0.019779007881879807,0.00040542751438246114,29.815837419009767,1.2345843315124512,0.002928447909653187,0.0008323462679982185,5.403903196565807e-05,1.7191408915095963e-05,0.000620360195171088,0.00042811082676053047,1.9766632249229588e-05,0.00042344664689153433,0.013524463400244713,0.01860005222260952,0.0,0.04512475058436394,8.83963584783487e-05,0.21640078723430634,2.4835269396561444e-09,,,,,
582,0.020954180508852005,0.00040398390530039087,29.86730321601499,0.6598573923110962,0.0035613577347248793,0.0008273585699498653,2.5196981368935667e-05,2.146234874089714e-05,0.0006518738227896392,0.0003669856523629278,2.037428021139931e-05,0.00037611485458910465,0.01567503809928894,0.03366405516862869,0.0,0.02587907761335373,0.0003490012604743242,0.21680645644664764,2.1917123671499894e-09,,,,,
583,0.018726786598563194,0.00040254149059831893,29.922841346997302,0.45803922414779663,0.003754895646125078,0.0006403365987353027,4.075986362295225e-05,1.6610654711257666e-05,0.0005767244729213417,0.0003662515082396567,2.0523426428553648e-05,0.0003750105679500848,0.004776719957590103,0.027774866670370102,0.0,0.037275154143571854,0.00018327399448025972,0.21720273792743683,2.7898079224542016e-07,,,,,
584,0.018381893634796143,0.0004011002845122963,29.975263938016724,1.1890194416046143,0.002953913528472185,0.0007454863516613841,4.723615711554885e-05,1.6913922081585042e-05,0.00065523263765499,0.00039760119398124516,2.0287398001528345e-05,0.0003957719309255481,0.013233722187578678,0.014417273923754692,0.0,0.037117816507816315,0.0002351091825403273,0.21760649979114532,1.69749068135161e-08,,,,,
585,0.01885538548231125,0.0003996603012664452,30.027332232974004,0.913941502571106,0.0029422901570796967,0.0007013596477918327,3.6599652958102524e-05,1.7692298570182174e-05,0.0008301036432385445,0.0003728918673004955,2.0551900888676755e-05,0.00038544097333215177,0.009353101253509521,0.022229189053177834,0.0,0.02720463275909424,0.000447871774667874,0.2180168628692627,5.457550411591683e-09,,,,,
586,0.018611520528793335,0.000398221555072819,30.079289722023532,0.40643540024757385,0.0026481039822101593,0.0006768970633856952,4.3447907955851406e-05,1.4252065739128739e-05,0.0009549860842525959,0.00036199300666339695,2.0198152924422175e-05,0.0003683039976749569,0.00979327317327261,0.01671426370739937,0.0,0.03512708097696304,0.00035284925252199173,0.21841959655284882,8.897234948790356e-09,,,,,
587,0.018585769459605217,0.00039678406013126153,30.13077384798089,1.2967979907989502,0.0031437918078154325,0.0007548419525846839,4.529044599621557e-05,1.9109480490442365e-05,0.000884723849594593,0.0004298105195630342,1.9819377484964207e-05,0.00042351236334070563,0.006222194992005825,0.015464246273040771,0.0,0.019586272537708282,0.0002598166174720973,0.21882805228233337,1.6919027956419086e-08,,,,,
588,0.017773017287254333,0.0003953478306292678,30.18251929897815,0.35006964206695557,0.002958266995847225,0.0006040104781277478,4.032473952975124e-05,1.6576545021962374e-05,0.0007308914209716022,0.00036235045990906656,2.054173091892153e-05,0.00037011646782048047,0.017141062766313553,0.013972941786050797,0.0,0.041766613721847534,0.0002578322892077267,0.21922169625759125,3.793587222133965e-09,,,,,
589,0.019345328211784363,0.0003939128807418432,30.235353043011855,1.3022229671478271,0.0030173063278198242,0.0006836553802713752,3.6471370549406856e-05,2.1162988559808582e-05,0.0008836730266921222,0.0003856656257994473,2.0966026568203233e-05,0.0004011454584542662,0.016752440482378006,0.02021263912320137,0.0,0.03583814203739166,9.399397094966844e-05,0.21962644159793854,4.7100087385842926e-08,,,,,
590,0.017233697697520256,0.00039247922463136336,30.28847557597328,1.368474006652832,0.0027985803317278624,0.0008127560722641647,4.0846636693459004e-05,1.3320498510438483e-05,0.0006204970413818955,0.00042568487697280943,2.0411029254319146e-05,0.0004200805560685694,0.012692534364759922,0.01120313722640276,0.0,0.01937621459364891,6.995290459599346e-05,0.2200378030538559,2.6170166478323154e-08,,,,,
591,0.019260762259364128,0.00039104687644743593,30.34215184202185,0.17458078265190125,0.002700492274016142,0.0008842672104947269,3.7523655919358134e-05,1.6667238014633767e-05,0.0006454077083617449,0.0003696356725413352,2.0878989744232967e-05,0.00037427779170684516,0.007599511183798313,0.02297240123152733,0.0,0.031567540019750595,0.00018994908896274865,0.2204262763261795,1.0213504708644905e-08,,,,,
592,0.019233090803027153,0.0003896158503267587,30.395956268010195,1.4774099588394165,0.003168144030496478,0.0007001145277172327,3.871281660394743e-05,1.8778657249640673e-05,0.0007974850013852119,0.0003988664539065212,2.1331641619326547e-05,0.0004170290194451809,0.015030590817332268,0.023619741201400757,0.0,0.023544777184724808,0.00034232280449941754,0.2208133041858673,1.895303398669057e-07,,,,,
593,0.017470555379986763,0.0003881861603929821,30.449051723990124,1.1378599405288696,0.0030286929104477167,0.0007392154075205326,5.663670526701026e-05,2.3278755179489963e-05,0.0006013280944898725,0.00039665677468292415,2.0709436284960248e-05,0.0003940585593227297,0.008759161457419395,0.02159702032804489,0.0,0.012031195685267448,0.00011472795449662954,0.22118541598320007,1.4118850089062107e-08,,,,,
594,0.017705732956528664,0.0003867578207565683,30.502550074015744,0.37699905037879944,0.0033631701953709126,0.0007656918605789542,4.436927702045068e-05,1.6544985555810854e-05,0.0007099506328813732,0.00036993363755755126,2.0774097720277496e-05,0.0003713935147970915,0.016776353120803833,0.00665539363399148,0.0,0.019739028066396713,0.000364843406714499,0.2215300053358078,3.3092992790528797e-09,,,,,
595,0.018638798967003822,0.0003853308455146531,30.55501001898665,0.7993093132972717,0.002842790214344859,0.0007385520730167627,4.035002348246053e-05,2.2745201931684278e-05,0.0008371138828806579,0.0003698658256325871,2.1260211724438705e-05,0.00038179682451300323,0.006008638069033623,0.024109531193971634,0.0,0.020143285393714905,0.0002518448745831847,0.22185960412025452,2.9740234719355385e-09,,,,,
596,0.017414748668670654,0.0003839052487509058,30.608004099980462,0.32982736825942993,0.002766913268715143,0.0006979164900258183,3.499076046864502e-05,2.165437581425067e-05,0.0007707247277721763,0.00036180956522002816,2.0861736629740335e-05,0.0003665531403385103,0.00681849243119359,0.0122834462672472,0.0,0.03757459297776222,7.962765812408179e-05,0.22217684984207153,7.698933046640377e-09,,,,,
597,0.0205721203237772,0.00038248104453539127,30.662114200997166,1.2329015731811523,0.003432835917919874,0.0007282685255631804,4.4309956138022244e-05,1.3895869415136985e-05,0.000817434280179441,0.00039723317604511976,2.0407032934599556e-05,0.00039339534123428166,0.0075999656692147255,0.033673472702503204,0.0,0.02999134361743927,0.00020654659601859748,0.22251231968402863,4.228826000485242e-08,,,,,
598,0.019781798124313354,0.00038105824692442983,30.715312768006697,0.9413813948631287,0.003926617093384266,0.0006421836442314088,3.788908725255169e-05,1.699244967312552e-05,0.0007595100905746222,0.0003704266855493188,2.048565147561021e-05,0.0003843439044430852,0.0033638717141002417,0.02963937260210514,0.0,0.03695398569107056,0.00021357115474529564,0.22284893691539764,2.111121943926264e-07,,,,,
599,0.02017056569457054,0.0003796368699604595,30.768089432967827,0.5779370069503784,0.00290771946310997,0.0006817459943704307,4.316477497923188e-05,1.4188425666361582e-05,0.0007884462247602642,0.0003588964173104614,2.0000075892312452e-05,0.00036858938983641565,0.012534895911812782,0.032912373542785645,0.0,0.04263335466384888,0.00015366713341791183,0.2232038378715515,6.896133442069186e-08,,,,,
600,0.018233399838209152,0.00037821692767189743,30.827164056012407,1.4063712358474731,0.003199902828782797,0.0006837561959400773,4.230892227496952e-05,1.7276772268814966e-05,0.0005311507848091424,0.00042047546594403684,1.921884177136235e-05,0.00041694301762618124,0.013962292112410069,0.025430921465158463,0.0,0.025426262989640236,0.00023981803678907454,0.22357705235481262,4.878888759662914e-08,6.453194840698438,8.188312300128034,1.5625076858827334,1.8806266714969313,5.430366883205732
601,0.019179923459887505,0.00037679843407300044,30.90239639300853,1.0801217555999756,0.003548786509782076,0.0005960232811048627,4.018148683826439e-05,3.7303747376427054e-05,0.0008839174988679588,0.00036677505704574287,1.9174245608155616e-05,0.00037631424493156374,0.012070126831531525,0.022947043180465698,0.0,0.024011872708797455,0.0005517530953511596,0.22394607961177826,3.3155085343850033e-09,,,,,
602,0.018236367031931877,0.0003753814031637277,30.953638532024343,0.11556180566549301,0.00311220227740705,0.0005987006006762385,3.715877392096445e-05,1.4935880244593136e-05,0.0005210590315982699,0.00035961257526651025,1.883587901829742e-05,0.0003661035152617842,0.01680460199713707,0.02582775242626667,0.0,0.046209223568439484,0.00013181052054278553,0.22430364787578583,8.015582864118187e-09,,,,,
603,0.01990196667611599,0.00037396584892960226,31.004405591986142,0.7997757792472839,0.0031807469204068184,0.0006714006303809583,7.3623115895316e-05,2.404975748504512e-05,0.0007523262756876647,0.0003737956576514989,1.831684676290024e-05,0.0003766158770304173,0.004710238426923752,0.03662900999188423,0.0,0.023663058876991272,0.0003737571823876351,0.22466693818569183,2.5952857640731963e-09,,,,,
604,0.017912639304995537,0.000372551785341573,31.056961108988617,0.4400102198123932,0.0033033122308552265,0.0006608582334592938,3.3523399906698614e-05,1.4704517525387928e-05,0.0006254982436075807,0.0003585649828892201,1.835635703173466e-05,0.0003656803455669433,0.0162629596889019,0.024199577048420906,0.0,0.020398065447807312,0.00022797923884354532,0.22502057254314423,1.2574716379276651e-07,,,,,
605,0.016620617359876633,0.00037113922635587646,31.109563908015843,0.399373322725296,0.0029642877634614706,0.0006377208046615124,3.871191438520327e-05,3.066706995014101e-05,0.000722404511179775,0.00036711228312924504,1.8376449588686228e-05,0.0003722983237821609,0.013276835903525352,0.01287703774869442,0.0,0.020215023308992386,0.00012091099051758647,0.22535637021064758,3.0919911075955042e-09,,,,,
606,0.020052343606948853,0.00036972818591389983,31.1623013310018,0.7203346490859985,0.0029875210020691156,0.0007826840737834573,2.9657789127668366e-05,2.6627643819665536e-05,0.000676893163472414,0.00039325785473920405,1.844087637437042e-05,0.0003941163595300168,0.01748410239815712,0.029241781681776047,0.0,0.027812670916318893,0.00035904604010283947,0.2256770133972168,2.7225663501440067e-08,,,,,
607,0.019366901367902756,0.00036831867794204237,31.21367810299853,0.17555645108222961,0.0027987859211862087,0.0006911878008395433,4.953016104991548e-05,1.4143453881843016e-05,0.0006258876528590918,0.00036100330180488527,1.883530057966709e-05,0.0003675648767966777,0.02242974564433098,0.029775187373161316,0.0,0.03363976627588272,0.00024581782054156065,0.2259969711303711,2.8337041158010834e-08,,,,,
608,0.018313312903046608,0.0003669107163515789,31.268211206013802,0.9442077279090881,0.002766936318948865,0.0006819366826675832,4.955715121468529e-05,1.6579668226768263e-05,0.0009388687321916223,0.00036486252793110907,1.9264798538642935e-05,0.00037696180515922606,0.019948117434978485,0.01198316179215908,0.0,0.027205441147089005,0.00021542084868997335,0.22632895410060883,2.0985804205508884e-09,,,,,
609,0.01935107819736004,0.0003655043150385217,31.321665583003778,0.8269278407096863,0.002777139423415065,0.0007758191786706448,5.0125629059039056e-05,1.965264164027758e-05,0.0008108007605187595,0.0003805550222750753,1.915425127663184e-05,0.0003811722563114017,0.009772947058081627,0.018176112323999405,0.0,0.041061874479055405,0.00012538617011159658,0.22665755450725555,5.184362716903479e-09,,,,,
610,0.018082765862345695,0.0003640994878834841,31.374409153009765,0.4106573462486267,0.0032107746228575706,0.0007209174218587577,3.69468834833242e-05,1.4395991456694901e-05,0.0006559307221323252,0.00036915988312102854,1.949513352883514e-05,0.0003713515179697424,0.00856038648635149,0.008298592641949654,0.0,0.051354046911001205,0.00023894042533356696,0.22700093686580658,5.6251883151503534e-09,,,,,
611,0.017327528446912766,0.00036269624875154294,31.42697001597844,1.2697433233261108,0.0027472826186567545,0.0006905667833052576,3.7426434573717415e-05,3.51883536495734e-05,0.0006208137492649257,0.0003705033450387418,1.992567558772862e-05,0.0003822728176601231,0.014287719503045082,0.013650093227624893,0.0,0.03189270570874214,0.00024009880144149065,0.22736822068691254,1.5459956648200546e-09,,,,,
612,0.019699497148394585,0.0003612946114921019,31.479199970024638,0.6964527368545532,0.0030998634174466133,0.0008021718240343034,3.8823465729365125e-05,1.8183482097811066e-05,0.0005782771040685475,0.0003844594757538289,1.9648328816401772e-05,0.00038376529118977487,0.021302355453372,0.02250860631465912,0.0,0.039132010191679,6.576244049938396e-05,0.22773489356040955,7.223959386237766e-08,,,,,
613,0.01786693185567856,0.000359894589938755,31.53032240399625,0.7032086253166199,0.0031680685933679342,0.0005755512975156307,4.184719000477344e-05,1.5150595572777092e-05,0.0009770282777026296,0.00037135681486688554,1.984404298127629e-05,0.00037249067099764943,0.004544015508145094,0.014111446216702461,0.0,0.03964197635650635,8.154654642567039e-05,0.22811096906661987,1.2300910157136968e-07,,,,,
614,0.017764462158083916,0.0003584961979091495,31.58169486600673,1.184529423713684,0.002972461050376296,0.0006598718464374542,2.7106905690743588e-05,1.4708777598571032e-05,0.00080014270497486,0.00038065839908085763,2.0200295693939552e-05,0.00039672135608270764,0.010254274122416973,0.019446242600679398,0.0,0.026982959359884262,0.00010251785715809092,0.22849737107753754,3.333514086989453e-08,,,,,
615,0.017402995377779007,0.0003570994492048505,31.63250321097439,0.11754294484853745,0.0033670624252408743,0.0006105845095589757,3.420249413466081e-05,1.4698237464472186e-05,0.0006453912938013673,0.0003553877759259194,1.9544535462046042e-05,0.00036128240753896534,0.012363997288048267,0.019570957869291306,0.0,0.03031003475189209,0.00013200666580814868,0.22887225449085236,2.1990388177073328e-07,,,,,
616,0.018603090196847916,0.00035570435761120354,31.68375266599469,1.3111270666122437,0.002956686308607459,0.0007442472269758582,3.548919266904704e-05,1.528412576590199e-05,0.0006992191774770617,0.00041389191756024957,1.8885852114181034e-05,0.0004111248126719147,0.019803278148174286,0.014729278162121773,0.0,0.03445287421345711,0.00013390030653681606,0.22925201058387756,3.6557516125412803e-08,,,,,
617,0.017653126269578934,0.0003543109368971996,31.735830386984162,0.9606706500053406,0.002877068007364869,0.0006890740478411317,3.974399805883877e-05,2.237825538031757e-05,0.0006639191415160894,0.0003614974848460406,1.903654083434958e-05,0.0003718340885825455,0.007276835385710001,0.023139294236898422,0.0,0.027704531326889992,3.689019285957329e-05,0.229630246758461,2.1383169013233783e-08,,,,,
618,0.019195206463336945,0.00035291920081533847,31.788342987012584,0.5197089314460754,0.0027887211181223392,0.0007545172120444477,3.088822268182412e-05,1.893859553092625e-05,0.0005687878001481295,0.0003570851404219866,1.8676166291697882e-05,0.00036464189179241657,0.009455017745494843,0.02998737245798111,0.0,0.041012123227119446,0.0002144970785593614,0.23000147938728333,1.1896715790271628e-07,,,,,
619,0.017552942037582397,0.00035152916310149347,31.840274351008702,0.9884544610977173,0.002860247390344739,0.0007856895099394023,4.225476004648954e-05,1.4878924048389308e-05,0.0005965420859865844,0.0004135523340664804,1.823909224185627e-05,0.0004125810519326478,0.004209054168313742,0.022347960621118546,0.0,0.01800510846078396,3.900749288732186e-05,0.23038308322429657,1.2125819637276436e-07,,,,,
620,0.018295228481292725,0.0003501408374747756,31.892852608987596,0.19027256965637207,0.0030078673735260963,0.0007094950415194035,3.317375376354903e-05,1.602270276634954e-05,0.0008994496311061084,0.0003632663283497095,1.8740973246167414e-05,0.00036753289168700576,0.00983369443565607,0.0177253857254982,0.0,0.022083919495344162,0.0002732013526838273,0.23074300587177277,2.6694812049754546e-07,,,,,
621,0.01915391907095909,0.00034875423763739837,31.945367352978792,0.94009929895401,0.0033663816284388304,0.0006224235985428095,2.9263752367114648e-05,1.6180702004930936e-05,0.0007223611464723945,0.0003661140217445791,1.9316450561746024e-05,0.00037878809962421656,0.006082191132009029,0.029101651161909103,0.0,0.045033589005470276,8.424364204984158e-05,0.2310885488986969,4.010896059725155e-09,,,,,
622,0.01892608217895031,0.0003473693772745425,31.997410401003435,0.1274259090423584,0.0029798708856105804,0.0006411843351088464,4.128450746065937e-05,1.3432650121103507e-05,0.0006862457375973463,0.0003591609711293131,1.9251374396844767e-05,0.00036335893673822284,0.01840546540915966,0.035038627684116364,0.0,0.022925959900021553,8.512360363965854e-05,0.23145177960395813,2.0222117314006027e-08,,,,,
623,0.018855178728699684,0.0003459862700542203,32.04948644398246,1.0079786777496338,0.003120589070022106,0.0008860303787514567,4.108723078388721e-05,1.5187505596259143e-05,0.0005545122548937798,0.0003908722137566656,1.9394188711885363e-05,0.00038916338235139847,0.007475472986698151,0.022032279521226883,0.0,0.021810278296470642,0.00021221948554739356,0.23180152475833893,1.993030629421355e-09,,,,,
624,0.018399780616164207,0.0003446049296271422,32.10344423301285,0.7130260467529297,0.0027597825974226,0.000682729936670512,3.2271324016619474e-05,1.530343433842063e-05,0.0006159469485282898,0.0003579259500838816,1.9960465579060838e-05,0.00036873226054012775,0.01756923831999302,0.02999417670071125,0.0,0.024980418384075165,0.0002266555093228817,0.23214051127433777,5.153317772510491e-09,,,,,
625,0.019037121906876564,0.00034322536962658006,32.15616025601048,0.5888025164604187,0.003020687261596322,0.0006420161807909608,3.299102536402643e-05,1.345468990621157e-05,0.0008973942021839321,0.0003531813563313335,1.9785349650192074e-05,0.0003628925187513232,0.0016599837690591812,0.02380937710404396,0.0,0.04770803451538086,0.00011442851973697543,0.2324705421924591,3.223617994763117e-08,6.944847665525284,8.867095086263696,1.5419262662411353,0.7222016159847161,5.850070936270496
626,0.017342422157526016,0.0003418476036682344,32.23340696201194,0.8777970671653748,0.002867035800591111,0.0006708818837068975,4.9841975851450115e-05,1.372708265989786e-05,0.0005542502040043473,0.0003872199449688196,1.9295577658340335e-05,0.0003860321594402194,0.0028281197883188725,0.024901166558265686,0.0,0.028356585651636124,0.0002339753118576482,0.23281829059123993,3.374492152374842e-08,,,,,
627,0.016140712425112724,0.00034047164535009884,32.28642330499133,0.3085037171840668,0.0027765166014432907,0.0006274840561673045,4.076984987477772e-05,1.4760134035896044e-05,0.0006827829638496041,0.0003632044536061585,1.9358407371328212e-05,0.00036654097493737936,0.010091251693665981,0.01018284261226654,0.0,0.03003551997244358,0.0001469939888920635,0.2331598550081253,3.853191898883779e-08,,,,,
628,0.01949387788772583,0.0003390975082523267,32.33908412599703,1.1235935688018799,0.002942621475085616,0.0006655814941041172,3.444135290919803e-05,2.4997503714985214e-05,0.000704894308000803,0.00036937693948857486,1.944908217410557e-05,0.00038199720438569784,0.01809823513031006,0.03338224068284035,0.0,0.0313374400138855,7.18563242116943e-05,0.23349244892597198,4.295259969921972e-08,,,,,
629,0.016072360798716545,0.00033772520593709597,32.39129318698542,0.3898688554763794,0.0024663235526531935,0.0006361533887684345,3.1825496989768e-05,1.4286624718806706e-05,0.0006062457105144858,0.0003663909446913749,1.8902990632341243e-05,0.0003699346270877868,0.006604914553463459,0.018353218212723732,0.0,0.02793717011809349,0.0001727681519696489,0.23382528126239777,4.190951585769653e-09,,,,,
630,0.02105182223021984,0.00033635475194847687,32.44557039596839,0.5427764058113098,0.003181097097694874,0.0007847637753002346,3.609426858020015e-05,1.2417982361512259e-05,0.0007094120373949409,0.0003771226911339909,1.8565018763183616e-05,0.0003789561160374433,0.029949946328997612,0.019811876118183136,0.0,0.049188509583473206,0.00039961683796718717,0.23415465652942657,1.5536943465122022e-07,,,,,
631,0.017136959359049797,0.00033498615981229703,32.49899888399523,0.18895681202411652,0.002735358662903309,0.0006439763819798827,4.3224772525718436e-05,1.4325265510706231e-05,0.0005407814751379192,0.00035212698276154697,1.8685785107663833e-05,0.0003597659815568477,0.013767385855317116,0.023701775819063187,0.0,0.02948824316263199,0.0001330491795670241,0.234510138630867,2.2724271353524728e-09,,,,,
632,0.019542144611477852,0.00033361944303600795,32.55132849497022,0.8932483196258545,0.0034103235229849815,0.0006322130211628973,2.2268146494752727e-05,1.2276598681637552e-05,0.0007460410706698895,0.00035952895996160805,1.8578857634565793e-05,0.0003705396375153214,0.018030773848295212,0.03451002389192581,0.0,0.029138099402189255,5.4204043408390135e-05,0.23485848307609558,6.919105999259045e-08,,,,,
633,0.016859328374266624,0.0003322546151085528,32.60445788799552,0.7113349437713623,0.0030436089728027582,0.0007185435388237238,3.0012684874236584e-05,1.3344410035642795e-05,0.0004911157302558422,0.000380475539714098,1.8104425180354156e-05,0.00038214391679503024,0.004025556147098541,0.025895655155181885,0.0,0.01612403243780136,0.00013073041918687522,0.2352052479982376,7.368003451801997e-08,,,,,
634,0.01748281717300415,0.00033089168950023196,32.65675064100651,0.6589816808700562,0.002800173591822386,0.0006332313641905785,3.554553768481128e-05,1.2595442967722192e-05,0.0006796893430873752,0.00037235720083117485,1.796002106857486e-05,0.0003753732889890671,0.02157813496887684,0.019712423905730247,0.0,0.025215404108166695,0.00019510592392180115,0.23553188145160675,5.78661740746611e-09,,,,,
635,0.018228990957140923,0.00032953067966257104,32.7098280939972,1.3570499420166016,0.0029944595880806446,0.0007334263063967228,3.63614090019837e-05,2.234618841612246e-05,0.0007815106655471027,0.00037700243410654366,1.8170076145906933e-05,0.00038966615102253854,0.00586409168317914,0.024652473628520966,0.0,0.01770068146288395,5.960327325738035e-05,0.2358587682247162,1.4478962029329523e-08,,,,,
636,0.017335642129182816,0.00032817159902818777,32.76304557500407,0.23904216289520264,0.003106635296717286,0.0007235934026539326,2.9978937163832597e-05,1.4413649296329822e-05,0.0006192364380694926,0.00036621870822273195,1.778581463440787e-05,0.0003710168821271509,0.010418261401355267,0.013419448398053646,0.0,0.026538275182247162,0.0004410825786180794,0.2361673265695572,3.9394947748405684e-08,,,,,
637,0.016799191012978554,0.0003268144610106593,32.81614092399832,1.512874722480774,0.002609051065519452,0.0007517610210925341,3.662669405457564e-05,1.7838598068919964e-05,0.000532595906406641,0.0004471773572731763,1.7600259525352158e-05,0.0004461930657271296,0.010562433861196041,0.011470122262835503,0.0,0.029121311381459236,0.0001705753238638863,0.23647423088550568,2.443169755395047e-08,,,,,
638,0.017023522406816483,0.00032545927900438974,32.86921955301659,0.7976838946342468,0.0031581800431013107,0.0007325827027671039,3.426411421969533e-05,1.3918313015892636e-05,0.0007954548927955329,0.0003577362513169646,1.8253515008836985e-05,0.0003679200017359108,0.007922060787677765,0.008939366787672043,0.0,0.0218475591391325,8.797071495791897e-05,0.23678134381771088,1.855815412454831e-08,,,,,
639,0.016977185383439064,0.00032410606638447876,32.92240464600036,0.7198703289031982,0.002363198669627309,0.000673757866024971,2.857376057363581e-05,1.4151959476293996e-05,0.0007302707526832819,0.000361702375812456,1.8801445548888296e-05,0.00037299771793186665,0.012353284284472466,0.015803009271621704,0.0,0.03190520033240318,0.00018781551625579596,0.23708029091358185,4.862745583977812e-08,,,,,
640,0.017299549654126167,0.00032275483650658825,32.97361251001712,0.6282434463500977,0.0033509673085063696,0.0006656358018517494,3.028680475836154e-05,1.7056303477147594e-05,0.0005763251683674753,0.00038681781734339893,1.89617057912983e-05,0.00038769503589719534,0.005473406985402107,0.01891462318599224,0.0,0.024290382862091064,0.0004890855634585023,0.23737943172454834,3.0609470513809356e-09,,,,,
641,0.01815280318260193,0.00032140560270681184,33.02595472201938,0.8030059933662415,0.0029553533531725407,0.0006080309976823628,3.8455964386230335e-05,1.4841334632365033e-05,0.0005370219005271792,0.00038251926889643073,1.9495044398354366e-05,0.00038252220838330686,0.015373597852885723,0.024350853636860847,0.0,0.04406500607728958,0.0002824035473167896,0.23767410218715668,1.4168520579005417e-08,,,,,
642,0.0181095153093338,0.0003200583783015424,33.07849833002547,0.8510477542877197,0.0026581776328384876,0.0006001271540299058,2.332648728042841e-05,1.409729702572804e-05,0.0007387529476545751,0.00036134046968072653,2.0121697161812335e-05,0.00037474819691851735,0.00959568191319704,0.029731174930930138,0.0,0.036915622651576996,0.00011077764793299139,0.23798291385173798,2.3212906796743482e-07,,,,,
643,0.02002320997416973,0.0003187131765873406,33.13211547397077,0.5143726468086243,0.0027762604877352715,0.0006024797912687063,3.1210722227115184e-05,1.4560127965523861e-05,0.0009034331887960434,0.0003491130191832781,1.99698333744891e-05,0.00035936132189817727,0.021257523447275162,0.03867076337337494,0.0,0.03037972003221512,5.1670482207555324e-05,0.23830124735832214,1.1438504543548333e-07,,,,,
644,0.017958790063858032,0.0003173700108408048,33.186069473973475,0.8613935708999634,0.0029454834293574095,0.000771694234572351,4.1856612369883806e-05,1.6309280908899382e-05,0.0006976070581004024,0.00037615193286910653,1.950449586729519e-05,0.0003753395867533982,0.009657665155827999,0.016343334689736366,0.0,0.024738743901252747,0.00017686240607872605,0.2386188507080078,7.015963365830657e-10,,,,,
645,0.019444376230239868,0.0003160288943184381,33.238005527993664,0.46248069405555725,0.0031542526558041573,0.0006077548023313284,4.058468766743317e-05,1.766136847436428e-05,0.0007250502239912748,0.0003592583234421909,1.9518245608196594e-05,0.00036195776192471385,0.0452694371342659,0.018420986831188202,0.0,0.03497748821973801,0.00021442942670546472,0.23892828822135925,6.0039262450573005e-09,,,,,
646,0.018222521990537643,0.0003146898402565197,33.289394504972734,1.3906337022781372,0.002651460003107786,0.0007180219981819391,3.5131655749864876e-05,3.0792270990787074e-05,0.000931975373532623,0.0003725074930116534,1.9557368432288058e-05,0.00038614426739513874,0.010682531632483006,0.015075566247105598,0.0,0.02727310173213482,8.22836154839024e-05,0.23924164474010468,4.116445850854689e-09,,,,,
647,0.015049380250275135,0.00031335286187097214,33.3414039540221,0.34881526231765747,0.0025296418461948633,0.0006881047738716006,3.638872294686735e-05,1.3220809705671854e-05,0.0004636274534277618,0.0003610389248933643,1.8955666746478528e-05,0.0003642272495198995,0.011666459031403065,0.0068076252937316895,0.0,0.028217559680342674,0.00010938995546894148,0.23955334722995758,2.9994174610692426e-07,,,,,
648,0.01933973655104637,0.00031201797235723265,33.394319290993735,0.8428878784179688,0.0031387729104608297,0.0006839513080194592,5.447335570352152e-05,1.8863978766603395e-05,0.0007566880667582154,0.00039096351247280836,1.8514663679525256e-05,0.00039115326944738626,0.012857030145823956,0.027096210047602654,0.0,0.028118794783949852,0.00022113918385002762,0.23985683917999268,4.402796207614301e-07,,,,,
649,0.019342172890901566,0.00031068518489012144,33.44729388697306,0.28865641355514526,0.002491840859875083,0.0008139376295730472,5.199797669774853e-05,1.3874985597794876e-05,0.0008391343289986253,0.00035043692332692444,1.8794908100971952e-05,0.0003574456204660237,0.0075834812596440315,0.021523375064134598,0.0,0.03711986169219017,9.217086335411295e-05,0.2401680052280426,3.5079821270045386e-09,,,,,
650,0.019388873130083084,0.0003093545126237132,33.50371191697195,0.646032452583313,0.0029414535965770483,0.0007014505099505186,3.3938111300813034e-05,1.3994193977850955e-05,0.0007816961733624339,0.00035291750100441277,1.9124623577226885e-05,0.00036331790033727884,0.036507654935121536,0.017801329493522644,0.0,0.03365388512611389,7.693623774684966e-05,0.24048592150211334,3.5665931363837444e-07,6.621959758230264,8.454466578193252,1.3830353054258488,1.2197613057092893,5.544825674936105
651,0.016201501712203026,0.0003080259686912058,33.5861627170234,0.21668608486652374,0.002802669070661068,0.0006425613537430763,3.8231301004998386e-05,1.574799171066843e-05,0.0008003938710317016,0.0003600120544433594,1.908342892420478e-05,0.00036373414332047105,0.0061262184754014015,0.00827019289135933,0.0,0.02871404029428959,6.875974213471636e-05,0.24080310761928558,5.229065891398932e-08,,,,,
652,0.01885656639933586,0.0003066995662047912,33.64030409499537,0.5206310153007507,0.003179010935127735,0.0007165218121372163,3.410125646041706e-05,1.56109563249629e-05,0.0005353432497940958,0.0003750056494027376,1.920382237585727e-05,0.0003751014592126012,0.0202292799949646,0.02871626988053322,0.0,0.028294246643781662,7.56592198740691e-05,0.24111394584178925,6.042421318852575e-08,,,,,
653,0.02014860138297081,0.0003053753182555267,33.69517238700064,0.10377444326877594,0.003069095080718398,0.0006629831623286009,3.273322363384068e-05,1.398988206346985e-05,0.0007319710566662252,0.0003465874178800732,1.9638371668406762e-05,0.0003516896686051041,0.007725166156888008,0.04520101100206375,0.0,0.029918991029262543,0.00014383711095433682,0.24141937494277954,2.1557013951678528e-08,,,,,
654,0.017697125673294067,0.0003040532379132052,33.74885471200105,0.8501441478729248,0.0032457327470183372,0.0006484067998826504,3.4306489396840334e-05,1.237758533534361e-05,0.0005738192703574896,0.0003481559979263693,2.0037428839714266e-05,0.00035953361657448113,0.016795925796031952,0.013823768123984337,0.0,0.04637565463781357,0.00010337313142372295,0.24172216653823853,2.168181225670196e-07,,,,,
655,0.021188462153077126,0.00030273333822622564,33.802864423021674,0.3330409824848175,0.002931247465312481,0.0009273391915485263,3.9628757804166526e-05,1.5392237401101738e-05,0.0008036954095587134,0.00034744665026664734,2.002986366278492e-05,0.00035019541974179447,0.01637999713420868,0.030299900099635124,0.0,0.025903504341840744,9.170291741611436e-05,0.24204392731189728,1.4627974387337872e-08,,,,,
656,0.01712852530181408,0.0003014156322214651,33.855939031986054,0.9671428799629211,0.002606587251648307,0.0006687924033030868,4.469101259019226e-05,1.4569681297871284e-05,0.0005628434009850025,0.00037500751204788685,2.036474870692473e-05,0.0003724160778801888,0.012605142779648304,0.02658536285161972,0.0,0.019175441935658455,0.00013919078628532588,0.24236026406288147,1.0083119228454507e-08,,,,,
657,0.017540745437145233,0.0003001001329041497,33.91042974201264,0.3806619346141815,0.002833814825862646,0.0006672395393252373,3.226933040423319e-05,1.5175590306171216e-05,0.000561803812161088,0.0003441188018769026,2.1132309484528378e-05,0.0003541536570992321,0.0044966391287744045,0.033857449889183044,0.0,0.021608499810099602,0.0001057142872014083,0.24266834557056427,9.644155340993166e-08,,,,,
658,0.01825571432709694,0.00029878685325772684,33.96605871000793,1.0418938398361206,0.003016885370016098,0.0005538862897083163,3.362627103342675e-05,2.619945371407084e-05,0.0007478662300854921,0.00035964176640845835,2.1418209144030698e-05,0.0003745964204426855,0.0035308245569467545,0.02222023531794548,0.0,0.052400536835193634,0.0002736091264523566,0.24296723306179047,1.8772357179841492e-07,,,,,
659,0.01659259758889675,0.00029747580624373655,34.01797090598848,0.575447142124176,0.002908277092501521,0.0005778775666840374,2.9721861210418865e-05,1.2016380424029194e-05,0.0008170219953171909,0.000358286255504936,2.079924706777092e-05,0.0003591050626710057,0.0118590472266078,0.01576801761984825,0.0,0.021162863820791245,0.00026170446653850377,0.24329262971878052,1.587035853845009e-07,,,,,
660,0.016451537609100342,0.00029616700480168337,34.07295649300795,0.8625369668006897,0.0027607083320617676,0.0006537465378642082,4.024757436127402e-05,1.3347656022233423e-05,0.0005358169437386096,0.000365725951269269,2.0451187083381228e-05,0.0003651837760116905,0.0035313910339027643,0.021408993750810623,0.0,0.0275080818682909,0.00017881869280245155,0.24360601603984833,8.475035784272222e-09,,,,,
661,0.01956186629831791,0.000294860461848909,34.129329117015004,0.6950536370277405,0.0029085068963468075,0.0009162637288682163,3.2067990105133504e-05,1.3155530723452102e-05,0.0006355544319376349,0.00034718579263426363,2.0396135369082913e-05,0.00035949511220678687,0.03007097728550434,0.017624065279960632,0.0,0.021870538592338562,0.00010807103535626084,0.2439158409833908,3.278255444882916e-09,,,,,
662,0.018012750893831253,0.00029355619028046526,34.18524306098698,0.6930761337280273,0.0033360011875629425,0.0006676965276710689,3.180344356223941e-05,1.2132218216720503e-05,0.0008511679479852319,0.0003451465454418212,1.9794459149125032e-05,0.0003557518939487636,0.007781557738780975,0.018876589834690094,0.0,0.02372911013662815,0.0001839804754126817,0.24421359598636627,2.299745993639135e-08,,,,,
663,0.016569996252655983,0.00029225420296898584,34.24032281601103,0.8500887155532837,0.00293848873116076,0.0006472865352407098,3.0960167350713164e-05,1.2472677553887479e-05,0.0006711451569572091,0.00038000987842679024,1.901959149108734e-05,0.0003790416812989861,0.006152434274554253,0.018975568935275078,0.0,0.021128444001078606,0.00011990581697318703,0.24450023472309113,2.5704502970569365e-09,,,,,
664,0.016681738197803497,0.0002909545127645595,34.29625452199252,0.32305777072906494,0.0034007697831839323,0.0006304871058091521,2.946839595097117e-05,1.49156503539416e-05,0.0005591775989159942,0.00036245654337108135,1.884723678813316e-05,0.0003641888324636966,0.0034477473236620426,0.025129426270723343,0.0,0.017985880374908447,8.529799379175529e-05,0.24478042125701904,5.2719066445661156e-08,,,,,
665,0.01566215790808201,0.0002896571324946045,34.35228413698496,0.43183645606040955,0.0030005958396941423,0.0005768438568338752,3.28522983181756e-05,1.6212548871408217e-05,0.0005005154525861144,0.00034490469261072576,1.9084214727627113e-05,0.00035359623143449426,0.012354874983429909,0.017272602766752243,0.0,0.026745425537228584,3.8795333239249885e-05,0.2450522631406784,1.3494243944478512e-07,,,,,
666,0.0164172425866127,0.00028836207496374,34.40607328998158,0.4537898600101471,0.0020928566809743643,0.0006111707771196961,2.7805232093669474e-05,1.3862370906281285e-05,0.000728021957911551,0.0003445368492975831,1.9000643078470603e-05,0.0003537283919285983,0.004713027272373438,0.02307543344795704,0.0,0.028231408447027206,0.0003196274337824434,0.24532237648963928,3.812214099951916e-09,,,,,
667,0.0187165979295969,0.0002870693529536611,34.457925440976396,0.32818424701690674,0.0029039212968200445,0.0007339501171372831,3.614316301536746e-05,1.2296785826038104e-05,0.0007405906799249351,0.00035730094532482326,1.8704993635765277e-05,0.0003607198013924062,0.02515399269759655,0.014958454295992851,0.0,0.03651737794280052,4.620860272552818e-05,0.24558791518211365,1.1871259530948919e-08,,,,,
668,0.016948428004980087,0.0002857789792230118,34.51254757697461,0.6573939323425293,0.002467530081048608,0.000620768463704735,3.903180913766846e-05,1.1375368558219634e-05,0.0007900746422819793,0.0003686358395498246,1.8625341908773407e-05,0.00037079062894918025,0.006297208834439516,0.018138675019145012,0.0,0.028004877269268036,0.0004104096151422709,0.24586115777492523,3.011276561437626e-08,,,,,
669,0.01821521483361721,0.0002844909665072604,34.56425904401112,0.5426029562950134,0.0030342526733875275,0.00050265685422346,3.161067797918804e-05,1.1854510375997052e-05,0.0009746933355927467,0.00034677775693126023,1.877304384834133e-05,0.00035600410774350166,0.009387996047735214,0.02485872432589531,0.0,0.033774010837078094,0.00034287350717931986,0.24613361060619354,7.295360315850985e-09,,,,,
670,0.018005628138780594,0.00028320532751857186,34.61803332401905,0.4315532147884369,0.002335229190066457,0.0008057827362790704,2.8921027478645556e-05,1.1920077668037266e-05,0.0007571331225335598,0.00034596386831253767,1.8829443433787674e-05,0.00035451407893560827,0.018744545057415962,0.015385186299681664,0.0,0.028284823521971703,6.15206008660607e-05,0.24641378223896027,2.204751226031476e-08,,,,,
671,0.020877908915281296,0.00028192207494568447,34.670334324007854,0.4650227427482605,0.003102942369878292,0.0007812645635567605,3.082962575717829e-05,1.2632697689696215e-05,0.0007910922868177295,0.00036797754000872374,1.865456397354137e-05,0.00036994554102420807,0.013179497793316841,0.03327370807528496,0.0,0.0352342464029789,0.0002687093219719827,0.2466912865638733,7.133930779446018e-09,,,,,
672,0.0188492089509964,0.00028064122145378265,34.724647903989535,0.391093373298645,0.003094834741204977,0.0007666916353628039,4.212597559671849e-05,1.0897546417254489e-05,0.0008932563359849155,0.0003641792864073068,1.8804092178470455e-05,0.0003661117807496339,0.0064516086131334305,0.01081036776304245,0.0,0.03947223722934723,0.00024457761901430786,0.2469746172428131,1.7523767326110828e-07,,,,,
673,0.016932310536503792,0.00027936277968437366,34.778794217971154,0.37506839632987976,0.002622786909341812,0.0006522763287648559,2.9463415557984263e-05,1.151235028373776e-05,0.0007246972527354956,0.00034432968823239207,1.9289442207082175e-05,0.0003516031429171562,0.010962460190057755,0.010535440407693386,0.0,0.04423089697957039,0.00013731804210692644,0.24726665019989014,2.0978352210931916e-07,,,,,
674,0.016043609008193016,0.0002780867622551614,34.832328962977044,0.28570446372032166,0.002315251622349024,0.0006631563301198184,3.39299367624335e-05,1.2608039469341747e-05,0.0006080656312406063,0.00034416725975461304,1.961486486834474e-05,0.000351479509845376,0.006405086722224951,0.015096827410161495,0.0,0.03610386699438095,5.5308275477727875e-05,0.24757404625415802,9.716799809211807e-09,,,,,
675,0.014440963976085186,0.00027681318175992264,34.885463594982866,0.08520270138978958,0.0027122797910124063,0.0005904935533180833,3.015820766449906e-05,1.1071805602114182e-05,0.0005312587018124759,0.00035035473410971463,1.9692804926307872e-05,0.0003537683514878154,0.004840412642806768,0.015522439032793045,0.0,0.01536527555435896,5.1803326641675085e-05,0.24788828194141388,6.606181379709142e-09,6.751432164961707,8.62584544213913,1.4194151505041197,0.8232493958574995,5.671920879238626
676,0.017098961398005486,0.0002755420507683828,34.96409559698077,0.7185584306716919,0.002841158537194133,0.0007714501116424799,3.646344703156501e-05,1.0642304914654233e-05,0.0005438622320070863,0.00036656938027590513,1.9934997908421792e-05,0.00036655121948570013,0.008657597936689854,0.013772252947092056,0.0,0.03031475841999054,0.00019999974756501615,0.2481827437877655,7.821867598067911e-08,,,,,
677,0.018320873379707336,0.00027427338182609186,35.017878204991575,0.49980100989341736,0.003255225485190749,0.00064034917159006,3.169605042785406e-05,1.1914620699826628e-05,0.0006910384399816394,0.0003441516309976578,2.0531939298962243e-05,0.0003526128130033612,0.008873828686773777,0.03276762738823891,0.0,0.021790163591504097,8.53059027576819e-05,0.24847739934921265,2.135833288008371e-09,,,,,
678,0.017933093011379242,0.00027300718745429983,35.06929241999751,0.3788074553012848,0.0027494635432958603,0.0007168425945565104,3.119915709248744e-05,1.3216434126661625e-05,0.0005213498952798545,0.00034551258431747556,2.1035639292676933e-05,0.0003538226301316172,0.012059399858117104,0.030775846913456917,0.0,0.02542685903608799,0.00010964110697386786,0.24876175820827484,7.78585640404117e-09,,,,,
679,0.01693773828446865,0.0002717434801498338,35.122142905020155,0.47440779209136963,0.002735171467065811,0.0006321873515844345,3.135163206025027e-05,1.0367912182118744e-05,0.0007190327160060406,0.0003583584912121296,2.110683089995291e-05,0.00035962898982688785,0.01629481464624405,0.015381229110062122,0.0,0.029680851846933365,0.00011851907038362697,0.2490386664867401,2.349913188481878e-07,,,,,
680,0.01579178310930729,0.0002704822723849751,35.17374214500887,0.2825828492641449,0.0028857188299298286,0.0006865423056297004,3.083879346377216e-05,1.161491218226729e-05,0.0007583560654893517,0.00034838428837247193,2.1496727640624158e-05,0.00035166137968190014,0.0034035895951092243,0.011018361896276474,0.0,0.014927633106708527,7.29940365999937e-05,0.2493119239807129,1.2728076370649433e-09,,,,,
681,0.01842896267771721,0.000269223576607335,35.2246748629841,0.4808486998081207,0.0029225561302155256,0.0006013187812641263,3.280918826931156e-05,1.3637166375701781e-05,0.0008338092593476176,0.0003435059043113142,2.1911526346229948e-05,0.000353638461092487,0.01713879406452179,0.020202409476041794,0.0,0.04121224582195282,9.52646805671975e-05,0.2495710253715515,1.2331332754911273e-07,,,,,
682,0.016763314604759216,0.00026796740523973243,35.276437779015396,0.17806772887706757,0.0028747820761054754,0.0006214259192347527,3.168534021824598e-05,1.2045798939652741e-05,0.00047697825357317924,0.0003402316942811012,2.1789182937936857e-05,0.0003468315117061138,0.010485295206308365,0.023484788835048676,0.0,0.03002331033349037,0.00035610131453722715,0.24984076619148254,3.2410028438789595e-08,,,,,
683,0.01664336957037449,0.00026671377068007197,35.32863380300114,0.2360513061285019,0.0027971745003014803,0.0006186177488416433,3.1495175790041685e-05,1.2053853424731642e-05,0.00076048489427194,0.00034156604669988155,2.139457683369983e-05,0.00034474098356440663,0.010204333811998367,0.01435045711696148,0.0,0.025958623737096786,0.00033987470669671893,0.25011157989501953,8.202468393392337e-08,,,,,
684,0.018069302663207054,0.0002654626853012207,35.38037059997441,0.3062528371810913,0.002760444302111864,0.0006302483379840851,3.4803735616151243e-05,1.30514436023077e-05,0.0006548482924699783,0.00033814538619481027,2.101973586832173e-05,0.0003421871515456587,0.015263796783983707,0.033606935292482376,0.0,0.01946871727705002,0.00025033397832885385,0.2503778040409088,3.1472495720663574e-08,,,,,
685,0.0157352052628994,0.000264214161450886,35.431759589992,0.1378335952758789,0.0028028618544340134,0.0006642601219937205,2.8294474759604782e-05,1.1756211279134732e-05,0.00045193283585831523,0.00033690541749820113,2.0702571418951266e-05,0.0003435519465710968,0.007975316606462002,0.01642351970076561,0.0,0.028963647782802582,0.00010214502981398255,0.2506326735019684,4.873921710668583e-09,,,,,
686,0.017738716676831245,0.00026296821145149415,35.48461332399165,0.21454012393951416,0.0030619539320468903,0.0006017597625032067,3.0468709155684337e-05,1.2920343579025939e-05,0.0008346890099346638,0.00033882365096360445,2.025285539275501e-05,0.00034595775650814176,0.02290269546210766,0.013554168865084648,0.0,0.0322728268802166,0.0001520251971669495,0.2508876919746399,8.415865409006074e-07,,,,,
687,0.01518162153661251,0.0002617248476000689,35.53749035298824,0.11618416011333466,0.0032216464169323444,0.0006458809366449714,3.142099012620747e-05,1.4097997336648405e-05,0.0006017204141244292,0.00034508673707023263,1.9637327568489127e-05,0.00034971931017935276,0.009362196549773216,0.0075147803872823715,0.0,0.016712559387087822,3.841072611976415e-05,0.25114572048187256,9.874502637785554e-08,,,,,
688,0.015832912176847458,0.00026048408216810924,35.59043063601712,0.22254733741283417,0.0026478134095668793,0.0006424183957278728,3.27322595694568e-05,1.2413824151735753e-05,0.0006529376260004938,0.0003510393144097179,1.9156055714120157e-05,0.0003550155961420387,0.002418761607259512,0.017131615430116653,0.0,0.021614504978060722,0.00021255109459161758,0.2513923943042755,1.0248895421227644e-07,,,,,
689,0.016618143767118454,0.00025924592740146933,35.642817237006966,0.20524859428405762,0.0029084221459925175,0.0006852442165836692,3.061926690861583e-05,1.0300547728547826e-05,0.0007226208690553904,0.00034821254666894674,1.8849084881367162e-05,0.0003535105206537992,0.012606796808540821,0.009358614683151245,0.0,0.024386614561080933,0.00029894791077822447,0.251630574464798,3.83891176625184e-08,,,,,
690,0.018743271008133888,0.00025801039552023655,35.696656211977825,0.38042154908180237,0.0029694002587348223,0.0007780301384627819,3.218384154024534e-05,1.0485618076927494e-05,0.0006446773186326027,0.0003385634336154908,1.8670205463422462e-05,0.00034684917773120105,0.004259094595909119,0.027001025155186653,0.0,0.03154097497463226,0.00024472427321597934,0.2518659830093384,3.3775966468141405e-09,,,,,
691,0.018897809088230133,0.0002567774987186121,35.749288638005964,0.3892219662666321,0.0033170010428875685,0.0006817851099185646,4.075355172972195e-05,1.3507497897080611e-05,0.000695127877406776,0.00033939225249923766,1.852831701398827e-05,0.000345421809470281,0.015142252668738365,0.02954144962131977,0.0,0.02060611918568611,0.0002548102638684213,0.25210726261138916,1.4634181866313156e-08,,,,,
692,0.019609937444329262,0.00025554724916478945,35.80227890599053,0.10066433995962143,0.002677166135981679,0.0006945395725779235,2.9278220608830452e-05,1.1447846191003919e-05,0.0006600378546863794,0.00034236250212416053,1.858836185419932e-05,0.0003466240013949573,0.01737692952156067,0.03718874603509903,0.0,0.03463058918714523,0.00019350543152540922,0.25234484672546387,8.435920761939997e-08,,,,,
693,0.017577726393938065,0.0002543196590008351,35.85367022897117,0.17706139385700226,0.0028827544301748276,0.0006611315766349435,3.519857273204252e-05,1.4189632565830834e-05,0.0007486576214432716,0.0003415193932596594,1.888912265712861e-05,0.0003453288518358022,0.008052781224250793,0.025495745241642,0.0,0.01856876350939274,0.0002213742263847962,0.2525930404663086,2.0211562912209047e-07,,,,,
694,0.017196737229824066,0.000253094740342568,35.906426056986675,0.2065202295780182,0.0029707984067499638,0.0007112351595424116,3.2920128433033824e-05,1.6036708984756842e-05,0.0005278951139189303,0.0003383220755495131,1.9459246686892584e-05,0.00034244463313370943,0.014070292934775352,0.02041385881602764,0.0,0.024257933720946312,0.00016798604337964207,0.2528289258480072,1.708356052176896e-07,,,,,
695,0.01751611940562725,0.00025187250527944143,35.95981899497565,0.19312167167663574,0.0027953004464507103,0.0006390634807758033,3.5449160350253806e-05,1.4662242392660119e-05,0.000771351798903197,0.0003337727684993297,2.0149767806287855e-05,0.0003391442878637463,0.004852396436035633,0.02083754912018776,0.0,0.033533670008182526,0.0002181139134336263,0.25306105613708496,2.256718971693772e-07,,,,,
696,0.016642864793539047,0.00025065296587442176,36.01325788698159,0.12574516236782074,0.0028452780097723007,0.0006016904953867197,2.7411737391958013e-05,1.0802532415254973e-05,0.0006478175055235624,0.00033065362367779016,2.0734936697408557e-05,0.00033666330273263156,0.003210425842553377,0.028510315343737602,0.0,0.02254359796643257,7.663157884962857e-05,0.2532981336116791,5.712111228461936e-09,,,,,
697,0.016749531030654907,0.0002494361341638703,36.06707045499934,0.28206634521484375,0.0035366390366107225,0.000581577536650002,3.063667827518657e-05,1.223255276272539e-05,0.0006155834416858852,0.0003316038637422025,2.1266327166813426e-05,0.0003363118739798665,0.021224217489361763,0.015773974359035492,0.0,0.02231552265584469,0.0001128077128669247,0.25353145599365234,2.6306761213845675e-08,,,,,
698,0.018880292773246765,0.00024822202215742524,36.11968386697117,0.2994377315044403,0.003053537104278803,0.0006435042014345527,3.430358992773108e-05,1.2900911315227859e-05,0.00046337494859471917,0.00033016991801559925,2.1679883502656594e-05,0.0003369954356458038,0.010980757884681225,0.03941023349761963,0.0,0.034754678606987,0.00032049076980911195,0.25375813245773315,6.171564148615971e-09,,,,,
699,0.01930082030594349,0.00024701064183788165,36.17233710997971,0.5857932567596436,0.002842753194272518,0.0006785133155062795,3.363146970514208e-05,1.227144730364671e-05,0.0006812228821218014,0.0003338745445944369,2.1735128029831685e-05,0.0003442403976805508,0.036949917674064636,0.025752725079655647,0.0,0.02890067920088768,0.00015066014020703733,0.25399455428123474,2.65116506525942e-09,,,,,
700,0.017159009352326393,0.00024580200516107414,36.22511255601421,0.338112473487854,0.00253294943831861,0.0007479671621695161,2.7156260330229998e-05,1.4214321709005162e-05,0.0005360591458156705,0.0003409953787922859,2.16435673792148e-05,0.0003440061118453741,0.01234746165573597,0.020122285932302475,0.0,0.027255147695541382,0.0002513224899303168,0.2542330026626587,2.7939680791178034e-08,6.693160764874428,8.59492757117035,1.2436334836047649,1.0108896785967474,5.492156507108206
701,0.016322651877999306,0.00024459612405575886,36.30352606298402,0.6289461255073547,0.0034227161668241024,0.0006532114930450916,3.0152132239891216e-05,1.3160670278011821e-05,0.0005127330659888685,0.0003471392847131938,2.158497773052659e-05,0.00034809764474630356,0.008171666413545609,0.01795572228729725,0.0,0.020716004073619843,8.943010470829904e-05,0.254469633102417,4.060566105579255e-09,,,,,
702,0.015600471757352352,0.00024339301042349573,36.356100316974334,0.4171731770038605,0.0024260487407445908,0.0005911347107030451,3.45924127032049e-05,1.218311081174761e-05,0.0007079689530655742,0.000333355157636106,2.1508200006792322e-05,0.00034306859015487134,0.017338240519165993,0.01216247770935297,0.0,0.022920798510313034,9.380389383295551e-05,0.2546996474266052,8.073946844433522e-08,,,,,
703,0.016110775992274284,0.00024219267613853038,36.409548882977106,0.29691430926322937,0.002881268272176385,0.0006360993138514459,3.5544155252864584e-05,1.1263126907579135e-05,0.0004835785075556487,0.0003323353885207325,2.105063322233036e-05,0.0003422416921239346,0.010142543353140354,0.018778596073389053,0.0,0.026112213730812073,0.00023303157649934292,0.2549268901348114,1.1062249427595816e-07,,,,,
704,0.01475436519831419,0.00024099513304767762,36.46329992101528,0.2728109359741211,0.0026331250555813313,0.0005754387238994241,3.3965156035264954e-05,1.1968522812821902e-05,0.0005993545055389404,0.000333929288899526,2.028438393608667e-05,0.00033916253596544266,0.003448306117206812,0.010203471407294273,0.0,0.03223223239183426,5.237002551439218e-05,0.25515228509902954,5.15269782397354e-08,,,,,
705,0.015346222557127476,0.00023980039297020407,36.516079131979495,0.2462356835603714,0.002384901512414217,0.0005349988350644708,2.771472281892784e-05,1.213448376802262e-05,0.0007159863598644733,0.00033991195959970355,1.9536786567186937e-05,0.0003438923158682883,0.0162927508354187,0.01712111383676529,0.0,0.01902523636817932,0.00012252238229848444,0.25538259744644165,9.934107980669182e-10,,,,,
706,0.017700504511594772,0.00023860846769771215,36.56774242501706,0.273954838514328,0.0031577469781041145,0.0007664881995879114,2.786375262076035e-05,1.5221087778627407e-05,0.0006737331859767437,0.00033704479574225843,1.8977902072947472e-05,0.0003433968813624233,0.010605859570205212,0.014747359789907932,0.0,0.027035273611545563,0.0001217913450091146,0.2556043267250061,2.190160159898369e-07,,,,,
707,0.01634405180811882,0.0002374193689940233,36.62102999497438,0.2782033085823059,0.0021791718900203705,0.0007370171952061355,2.8742630092892796e-05,1.5615278243785724e-05,0.000486150587676093,0.0003394347440917045,1.845406586653553e-05,0.00034531819983385503,0.007391748018562794,0.021833013743162155,0.0,0.025229861959815025,0.00025613210164010525,0.2558271288871765,1.732384191655001e-07,,,,,
708,0.016888415440917015,0.00023623310859506133,36.673047915974166,0.3608841001987457,0.0026972538325935602,0.0006062958855181932,3.733453922905028e-05,1.0990135706379078e-05,0.000617289450019598,0.00035008162376470864,1.8072383682010695e-05,0.0003540893376339227,0.015559030696749687,0.019932586699724197,0.0,0.03263271600008011,0.00014042560360394418,0.25604522228240967,7.506460342199262e-09,,,,,
709,0.017393335700035095,0.00023504969820873777,36.72623129800195,0.2464212030172348,0.002980726771056652,0.0006906536291353405,3.909648512490094e-05,1.1015849850082304e-05,0.0007178786909207702,0.00034050593967549503,1.793211959011387e-05,0.0003466854977887124,0.020494645461440086,0.015820955857634544,0.0,0.018760904669761658,0.0001595746143721044,0.256264328956604,3.2688180340301187e-07,,,,,
710,0.016290098428726196,0.0002338691495148352,36.77770865696948,0.26263266801834106,0.002939611906185746,0.0006179071497172117,4.5793487515766174e-05,9.706634045869578e-06,0.0009569620015099645,0.00033857766538858414,1.807534135878086e-05,0.0003453271056059748,0.012584871612489223,0.007337144576013088,0.0,0.016803868114948273,1.5969517335179262e-05,0.25647294521331787,2.2376576680471771e-07,,,,,
711,0.02072698436677456,0.0002326914741648927,36.830765129998326,0.12745623290538788,0.003312105080112815,0.0007441940251737833,2.768847298284527e-05,1.0335270417272113e-05,0.0009107788791880012,0.00034187352866865695,1.8363865819992498e-05,0.00034734446671791375,0.006869749166071415,0.03518427908420563,0.0,0.032107993960380554,0.0001519067882327363,0.2566719651222229,6.37024610838921e-09,,,,,
712,0.017786294221878052,0.00023151668378209006,36.88499209098518,0.26287010312080383,0.0031760798301547766,0.0006301587563939393,2.807088276313152e-05,1.7420466974726878e-05,0.000742828007787466,0.0003420943394303322,1.8894039385486394e-05,0.0003467973438091576,0.010419468395411968,0.01962318830192089,0.0,0.034317370504140854,0.00011950607586186379,0.2568759024143219,4.528773729362001e-07,,,,,
713,0.017465390264987946,0.00023034478996113487,36.937118872010615,0.34147924184799194,0.0028109196573495865,0.000599805498495698,2.746280915744137e-05,1.553945185150951e-05,0.0006218390772119164,0.0003407616459298879,1.9556207917048596e-05,0.00034463018528185785,0.006034693215042353,0.030379576608538628,0.0,0.031199801713228226,0.00021547188225667924,0.2570905387401581,5.728254492964879e-08,,,,,
714,0.017938552424311638,0.00022917580426814563,36.98814582900377,0.12098733335733414,0.002361996565014124,0.0006136432057246566,2.5882944100885652e-05,1.249378237844212e-05,0.0006893220124766231,0.00033026153687387705,2.0255391063983552e-05,0.00033729668939486146,0.015338004566729069,0.035282351076602936,0.0,0.027599040418863297,5.5726828577462584e-05,0.2573062479496002,5.644808993565675e-07,,,,,
715,0.019722651690244675,0.00022800973824053903,37.03940646897536,0.3067137897014618,0.0032020541839301586,0.0006993614952079952,3.314582500024699e-05,1.1160494977957569e-05,0.0009095633286051452,0.00032721852767281234,2.0926721845171414e-05,0.0003359477559570223,0.029232783243060112,0.02075289934873581,0.0,0.024949856102466583,0.0002668339293450117,0.2575239837169647,8.959323061219493e-09,,,,,
716,0.018596526235342026,0.00022684660338691633,37.09016049298225,0.24477458000183105,0.003081949194893241,0.0006709822337143123,3.5438126360531896e-05,1.3601991668110713e-05,0.0007506954716518521,0.000327610585372895,2.133058114850428e-05,0.0003330242761876434,0.012948796153068542,0.022469857707619667,0.0,0.03745396435260773,9.409309132024646e-05,0.25774085521698,4.017104870968069e-09,,,,,
717,0.016169600188732147,0.00022568641118694878,37.14241731801303,0.4174511432647705,0.002643296727910638,0.0006800866685807705,3.3858254028018564e-05,1.0101592124556191e-05,0.0006165652303025126,0.0003339304239489138,2.1751642634626478e-05,0.0003364703443367034,0.019257480278611183,0.01259455643594265,0.0,0.020546339452266693,0.00011375943722669035,0.2579655647277832,6.292015086728497e-08,,,,,
718,0.016488416120409966,0.0002245291730912649,37.19387017301051,0.26777228713035583,0.0026882155798375607,0.0006043226458132267,2.925473017967306e-05,1.0023020877270028e-05,0.0010695980163291097,0.000328947848174721,2.213585321442224e-05,0.0003352463827468455,0.005665638018399477,0.012410754337906837,0.0,0.01761964149773121,8.05799281806685e-05,0.258181631565094,6.0072170526837e-07,,,,,
719,0.01720096729695797,0.00022337490052133763,37.24627010599943,0.2590279281139374,0.002658745739609003,0.0006343774730339646,2.6557529054116458e-05,1.4050484423933085e-05,0.0007111378945410252,0.00033133308170363307,2.2274552975432016e-05,0.0003369081241544336,0.005191613920032978,0.025719068944454193,0.0,0.030312616378068924,5.1812796300509945e-05,0.25838616490364075,2.476076232937885e-08,,,,,
720,0.016720611602067947,0.00022222360486937138,37.29956440802198,0.319620281457901,0.0023592885117977858,0.0007912329165264964,2.347515692235902e-05,1.2841463103541173e-05,0.0006684035761281848,0.000329681730363518,2.2129495846456848e-05,0.000337346427841112,0.011573444120585918,0.017861979082226753,0.0,0.012886572629213333,0.00017152188229374588,0.25859659910202026,1.1604280203414419e-08,,,,,
721,0.015296485275030136,0.00022107529749818935,37.35175832401728,0.09764289855957031,0.0027005698066204786,0.0006423589657060802,2.8205507987877354e-05,1.0388530427007936e-05,0.00034441077150404453,0.0003294508205726743,2.1810836187796667e-05,0.00033458261168561876,0.008607863448560238,0.021158967167139053,0.0,0.023864582180976868,0.0001488656853325665,0.25879254937171936,1.0910133596553351e-07,,,,,
722,0.01885182596743107,0.00021992998974112158,37.40364870597841,0.38572943210601807,0.002569732256233692,0.0007274171221069992,3.596484748413786e-05,1.142819382948801e-05,0.0009070212836377323,0.0003289648739155382,2.1425814338726923e-05,0.00033338708453811705,0.010322457179427147,0.019931169226765633,0.0,0.03921414911746979,9.282492101192474e-05,0.2589885890483856,1.8278758062706402e-08,,,,,
723,0.018277626484632492,0.00021878769290189322,37.46148641698528,0.3241090774536133,0.003107355674728751,0.0007152093457989395,3.065735290874727e-05,1.1515799087646883e-05,0.0006674662581644952,0.00032458172063343227,2.1001787899876945e-05,0.0003327708109281957,0.0045285820960998535,0.021466771140694618,0.0,0.04104875773191452,0.00014752941206097603,0.25919538736343384,9.263555256211475e-09,,,,,
724,0.017861265689134598,0.00021764841825451292,37.513506881019566,0.09728167206048965,0.002818614710122347,0.0006851796060800552,3.433243546169251e-05,1.1039995115424972e-05,0.0006344586727209389,0.00032635009847581387,2.0491441318881698e-05,0.00033305760007351637,0.013607402332127094,0.017210697755217552,0.0,0.047193411737680435,2.534778104745783e-05,0.2594149112701416,5.205472319858018e-08,,,,,
725,0.016671298071742058,0.00021651217704316185,37.56543043698184,0.28763511776924133,0.0027819022070616484,0.0006559953908436,2.732305074459873e-05,1.4174634998198599e-05,0.0004133624897804111,0.00033231719862669706,1.9888389942934737e-05,0.0003366756718605757,0.011173008009791374,0.024033792316913605,0.0,0.0286039300262928,0.0003842475707642734,0.2596432566642761,2.062569137706305e-08,6.458352039476241,8.245961657315705,1.2409844189936814,1.0535720822640509,5.433640467037773
726,0.016252994537353516,0.00021537898048208155,37.643114282982424,0.15395556390285492,0.002512505277991295,0.0006652697920799255,2.493495776434429e-05,1.2410077033564448e-05,0.0007504608947783709,0.00033260986674577,1.9309514755150303e-05,0.0003370967460796237,0.012210517190396786,0.012965280562639236,0.0,0.025260701775550842,8.035932842176408e-05,0.2598687708377838,2.1155301510589197e-07,,,,,
727,0.015131019055843353,0.00021424883975546506,37.69607986899791,0.13080498576164246,0.0027177322190254927,0.0005843096296302974,3.054679837077856e-05,8.822859854262788e-06,0.0007761083543300629,0.00032786745578050613,1.8860568161471747e-05,0.0003341837436892092,0.00522438483312726,0.008920480497181416,0.0,0.025466322898864746,4.129131411900744e-05,0.26009148359298706,6.606181823798352e-09,,,,,
728,0.016139565035700798,0.0002131217660173448,37.75054404401453,0.06360932439565659,0.002681655576452613,0.000608393456786871,2.538329135859385e-05,1.0540450603002682e-05,0.0006786122685298324,0.0003266317071393132,1.8534694390837103e-05,0.00033369846642017365,0.006652560085058212,0.01783853955566883,0.0,0.031349290162324905,6.65739644318819e-05,0.2603084444999695,2.3738172671983193e-07,,,,,
729,0.019110411405563354,0.00021199777039148366,37.803147793980315,0.12984713912010193,0.0030599830206483603,0.0008215407142415643,3.268233558628708e-05,1.119522494263947e-05,0.0007004523649811745,0.0003270124434493482,1.8211070710094646e-05,0.0003340642142575234,0.007380989845842123,0.02162766084074974,0.0,0.03723522648215294,7.914072921266779e-05,0.26052841544151306,7.580965188935807e-09,,,,,
730,0.016525067389011383,0.00021087686397126435,37.857307002996095,0.16483174264431,0.0029938684310764074,0.0006758536910638213,2.3510798200732097e-05,9.876195690594614e-06,0.0007289818022400141,0.00032935559283941984,1.7955446310224943e-05,0.0003358231915626675,0.00646193977445364,0.012978645041584969,0.0,0.029031571000814438,3.13458003802225e-05,0.2607572674751282,1.7415731079495345e-08,,,,,
731,0.01622796058654785,0.00020975905781958124,37.91179573000409,0.34658366441726685,0.002636371646076441,0.0007144392002373934,2.9637678380822763e-05,1.0088514500239398e-05,0.0005423710681498051,0.0003386732714716345,1.7819305867305957e-05,0.00034335997770540416,0.003996931482106447,0.01763318106532097,0.0,0.02911934070289135,8.692966366652399e-05,0.26098132133483887,2.8870999813079834e-08,,,,,
732,0.019428756088018417,0.00020864436296872958,37.963203439023346,0.1665005385875702,0.0032605796586722136,0.000782519462518394,3.156922684866004e-05,1.1105881640105508e-05,0.0006825494347140193,0.000331131654093042,1.7897660654853098e-05,0.0003375544329173863,0.01760881580412388,0.029438482597470284,0.0,0.022085469216108322,4.479776544030756e-05,0.2612035274505615,1.5651187368348474e-07,,,,,
733,0.016722505912184715,0.00020753279042029748,38.013954730005935,0.2498539537191391,0.002875253325328231,0.0007040835916996002,2.3198494091047905e-05,1.2104987945349421e-05,0.0006807465106248856,0.0003307424776721746,1.815298128349241e-05,0.0003374548687133938,0.01698990911245346,0.013548823073506355,0.0,0.022054295986890793,5.2050192607566714e-05,0.26142096519470215,7.526949730163324e-08,,,,,
734,0.017894085496664047,0.00020642435114505707,38.06690315599553,0.12614978849887848,0.0027427608147263527,0.0007423122879117727,3.117669257335365e-05,1.1388985512894578e-05,0.0006052281241863966,0.00033870385959744453,1.8416056263959035e-05,0.0003432530793361366,0.009058436378836632,0.023975256830453873,0.0,0.02974877506494522,0.00021865531743969768,0.26162970066070557,1.140559824364118e-08,,,,,
735,0.017358457669615746,0.00020531905608285687,38.119627095002215,0.46241381764411926,0.0029857223853468895,0.0006592491990886629,2.964379200420808e-05,1.0493388799659442e-05,0.0008396599441766739,0.00034210289595648646,1.8946386262541637e-05,0.0003455906407907605,0.012278242036700249,0.016100645065307617,0.0,0.021467894315719604,0.00021462212316691875,0.26183947920799255,4.84908611042556e-08,,,,,
736,0.016606850549578667,0.00020421691614251248,38.172010174021125,0.17453956604003906,0.003202992957085371,0.0005972826038487256,2.696175579330884e-05,1.0538175956753548e-05,0.0007148693548515439,0.0003277616633567959,1.9537437765393406e-05,0.000335617340169847,0.010004019364714622,0.015623493120074272,0.0,0.027185995131731033,0.00018506321066524833,0.2620425224304199,3.033628459547799e-08,,,,,
737,0.017250867560505867,0.00020311794220170045,38.223491372016724,0.535618782043457,0.00271096033975482,0.0006921642925590277,3.17280282615684e-05,9.80331333266804e-06,0.0005107689648866653,0.0003270056040491909,1.9964654711657204e-05,0.00033697299659252167,0.018045999109745026,0.01711578667163849,0.0,0.040366291999816895,0.00012194657028885558,0.26224565505981445,2.1512309444915445e-07,,,,,
738,0.017700282856822014,0.00020202214510684998,38.275618555024266,0.196926549077034,0.002764033153653145,0.000599104561842978,3.485395063762553e-05,1.0880159607040696e-05,0.0007979454239830375,0.0003315310168545693,2.014612800849136e-05,0.00033596871071495116,0.004634890705347061,0.018778327852487564,0.0,0.048746462911367416,0.00014824926620349288,0.2624596059322357,2.2222599227461615e-07,,,,,
739,0.01793137565255165,0.00020092953567303585,38.327844090003055,0.46757081151008606,0.0029871375299990177,0.0008145276224240661,2.6195162718067877e-05,1.0553467291174456e-05,0.0006744122947566211,0.00034248686279170215,2.0316703739808872e-05,0.00034342086291871965,0.005780485924333334,0.025261715054512024,0.0,0.013205491937696934,4.969097790308297e-05,0.2626902759075165,4.567827005530489e-08,,,,,
740,0.016755061224102974,0.00019984012468387215,38.37974539399147,0.2336355298757553,0.002638043137267232,0.0006502190371975303,2.529719495214522e-05,1.1834962606371846e-05,0.0007584051927551627,0.0003311805776320398,2.079075238725636e-05,0.000334783224388957,0.012772779911756516,0.018706543371081352,0.0,0.021546173840761185,0.00012092949327779934,0.26290440559387207,5.0812957397283753e-08,,,,,
741,0.017520783469080925,0.00019875392289140528,38.43223226896953,0.46083417534828186,0.0029856034088879824,0.0007345102494582534,2.1907506379648112e-05,1.4708805792906787e-05,0.0006340524414554238,0.0003261995443608612,2.1212110368651338e-05,0.000335066084517166,0.0034760339185595512,0.027691010385751724,0.0,0.01869753748178482,8.109716145554557e-05,0.26311373710632324,8.133550721822758e-08,,,,,
742,0.016280630603432655,0.00019767094101600857,38.49367593799252,0.28276243805885315,0.0028155725449323654,0.0005195260746404529,2.9543798518716358e-05,1.0401220606581774e-05,0.0007073953747749329,0.0003243747923988849,2.1517062123166397e-05,0.00033257281756959856,0.0075886305421590805,0.02174329198896885,0.0,0.030866846442222595,0.00019028093083761632,0.263313353061676,5.45941318819132e-08,,,,,
743,0.018326085060834885,0.00019659118974627615,38.544863260001875,0.29864421486854553,0.0025529623962938786,0.0007027274696156383,2.9881955924793147e-05,9.362825039715972e-06,0.0006864184979349375,0.0003283378900960088,2.167381353501696e-05,0.00033173919655382633,0.008079864084720612,0.03437529876828194,0.0,0.025448832660913467,9.847510227700695e-05,0.26351305842399597,3.355803528393153e-07,,,,,
744,0.016960667446255684,0.00019551467973891689,38.598109672020655,0.450171560049057,0.0026206043548882008,0.0006813615327700973,3.73403454432264e-05,9.017709089675918e-06,0.0004991745809093118,0.0003297850489616394,2.183421383961104e-05,0.00033283609081991017,0.017838694155216217,0.024059800431132317,0.0,0.02379586361348629,0.0001338445581495762,0.2637108862400055,4.530573960437323e-08,,,,,
745,0.017234215512871742,0.00019444142161864988,38.65300498000579,0.2315390557050705,0.00236060144379735,0.0006541511393152177,3.1309966288972646e-05,1.0375729289080482e-05,0.0007020055199973285,0.0003252563183195889,2.2043645003577694e-05,0.0003345655568409711,0.021269356831908226,0.02031097188591957,0.0,0.029170501977205276,5.8417354011908174e-05,0.2639019191265106,3.610427512512615e-08,,,,,
746,0.015649667009711266,0.00019337142597809973,38.712100057979114,0.43675756454467773,0.0027784088160842657,0.0005300890188664198,2.449507883284241e-05,1.1327698302920908e-05,0.0006111174006946385,0.0003278827643953264,2.1851803467143327e-05,0.00033887592144310474,0.0034205771517008543,0.025186704471707344,0.0,0.021824773401021957,0.00023073167540133,0.2640949785709381,4.8279758857461275e-08,,,,,
747,0.015650805085897446,0.00019230470337769126,38.76240313297603,0.11973075568675995,0.0027473524678498507,0.0006950566312298179,2.406743442406878e-05,1.0971330993925221e-05,0.0004987918073311448,0.0003263970138505101,2.1262982045300305e-05,0.0003322028205730021,0.004510766360908747,0.01541446428745985,0.0,0.02621137909591198,0.00012520844757091254,0.2642832100391388,5.69870110211923e-07,,,,,
748,0.019217250868678093,0.0001912412643455457,38.81553601997439,0.45815059542655945,0.0028897938318550587,0.0006732117617502809,2.58890213444829e-05,1.1451625141489785e-05,0.0007614865899085999,0.00034189102007076144,2.063637293758802e-05,0.000342242798069492,0.003464474342763424,0.03145600110292435,0.0,0.04090001434087753,0.000319481740007177,0.26446953415870667,3.830840533680657e-09,,,,,
749,0.016532985493540764,0.0001901811193773775,38.86798173800344,0.3981519043445587,0.0027776684146374464,0.0006845276802778244,2.8153559469501488e-05,9.71056488197064e-06,0.0004551492747850716,0.000336480705300346,2.0191340809105895e-05,0.00033833307679742575,0.007526336703449488,0.023447105661034584,0.0,0.029881088063120842,4.8550369683653116e-05,0.26466378569602966,2.034629531522114e-08,,,,,
750,0.016886157914996147,0.00018912427893638914,38.92299626400927,0.43700963258743286,0.0029953487683087587,0.0006079385057091713,2.634044903970789e-05,8.90249793883413e-06,0.0006102697225287557,0.00032414044835604727,1.991990939131938e-05,0.0003321629483252764,0.014145941473543644,0.02175653725862503,0.0,0.026824964210391045,0.00023287971271201968,0.26485908031463623,5.158906191127244e-08,6.283090625285391,8.017312755703989,1.3163482047771669,0.6855153036867373,5.315350568188755
751,0.015102947130799294,0.0001880707534531692,39.01253310998436,0.39105862379074097,0.0024950869847089052,0.0007140010129660368,3.112940612481907e-05,1.0344304428144824e-05,0.0005089293699711561,0.00032298517180606723,1.9524188246577978e-05,0.0003311636683065444,0.0028224645648151636,0.009893897920846939,0.0,0.029801025986671448,5.6233780924230814e-05,0.2650505304336548,1.0157624075191052e-08,,,,,
752,0.019814563915133476,0.00018702055332558864,39.06597255798988,0.21796967089176178,0.0028232980985194445,0.0006887325434945524,3.2331729016732424e-05,1.1150170394103043e-05,0.0006497038993984461,0.00033113834797404706,1.898365189845208e-05,0.00033523724414408207,0.0340457558631897,0.03913215175271034,0.0,0.017612803727388382,0.00016330365906469524,0.2652459740638733,4.89528019897989e-07,,,,,
753,0.01671837642788887,0.0001859736889186991,39.118574614985846,0.711628258228302,0.0026884025428444147,0.0005890009924769402,2.869725358323194e-05,9.669818609836511e-06,0.0005883888225071132,0.0003482437750790268,1.880750642158091e-05,0.00034964640508405864,0.026319758966565132,0.022231101989746094,0.0,0.01971730962395668,0.00020645926997531205,0.2654326558113098,2.757956707455378e-08,,,,,
754,0.016835758462548256,0.00018493017056462935,39.17077088798396,0.04711585119366646,0.0026583150029182434,0.0006501942407339811,3.313402339699678e-05,1.0408160960651003e-05,0.0007139545632526278,0.0003281878016423434,1.8888369595515542e-05,0.0003343417192809284,0.02119663916528225,0.021713469177484512,0.0,0.008404577150940895,0.0002536785905249417,0.26561546325683594,4.060566993757675e-09,,,,,
755,0.016002977266907692,0.00018389000856248455,39.22340720699867,0.7545334100723267,0.0026029206346720457,0.0006288257427513599,2.970876630570274e-05,1.6677891835570335e-05,0.0005423567490652204,0.0003291376633569598,1.8971233657794073e-05,0.0003393215301912278,0.004063474014401436,0.027045808732509613,0.0,0.017835969105362892,0.00014360978093463928,0.26578161120414734,5.830886493640719e-07,,,,,
756,0.019475795328617096,0.0001828532131782434,39.27658766997047,0.1820247620344162,0.003263201331719756,0.0007014090660959482,2.8282211133046076e-05,1.1881658792844974e-05,0.0005969862686470151,0.00032766524236649275,1.880169838841539e-05,0.0003342160489410162,0.01057376153767109,0.042272619903087616,0.0,0.021785404533147812,0.0001887835969682783,0.26594290137290955,1.2119611980665468e-08,,,,,
757,0.015619638375937939,0.00018181979464465805,39.330327711009886,0.572340726852417,0.0026927597355097532,0.0006699610967189074,3.058751826756634e-05,9.780674190551508e-06,0.0005322406068444252,0.0003449298965279013,1.8600685507408343e-05,0.0003471379168331623,0.006344158202409744,0.01529100351035595,0.0,0.024599241092801094,0.00012199982302263379,0.26610326766967773,3.064672071673158e-08,,,,,
758,0.01726316474378109,0.00018078976316115213,39.38236870698165,0.35980352759361267,0.002496118424460292,0.000668143795337528,3.234525502193719e-05,9.756238796398975e-06,0.0005096654640510678,0.00033476503449492157,1.864181467681192e-05,0.00033858808455988765,0.009149971418082714,0.03353958576917648,0.0,0.025996603071689606,5.152610538061708e-05,0.2662626802921295,1.940876259709512e-08,,,,,
759,0.01608758233487606,0.0001797631288937204,39.43530504300725,0.5990480780601501,0.002606847556307912,0.0006286620628088713,2.688397216843441e-05,1.055471057043178e-05,0.0004915492609143257,0.000324855005601421,1.877551039797254e-05,0.0003338028327561915,0.010468291118741035,0.02645326405763626,0.0,0.022847240790724754,2.8202604880789295e-05,0.26642608642578125,5.4215387734757314e-08,,,,,
760,0.018447427079081535,0.00017873990197482867,39.48789308301639,0.5541633367538452,0.0029496587812900543,0.0007302594603970647,2.582380511739757e-05,9.598234100849368e-06,0.0009331783512607217,0.00032383931102231145,1.8802367776515894e-05,0.00033148410147987306,0.014569724909961224,0.017390375956892967,0.0,0.025096651166677475,8.0377962149214e-05,0.2665875554084778,7.656589673388225e-07,,,,,
761,0.01708115264773369,0.0001777200925033138,39.54095270601101,0.612785816192627,0.0028367640916258097,0.0007189663010649383,3.990119876107201e-05,9.900876648316626e-06,0.0007572433678433299,0.0003475445555523038,1.8908685888163745e-05,0.000348672125255689,0.013745046220719814,0.01198950782418251,0.0,0.022324446588754654,0.0001148673181887716,0.2667461335659027,1.0504076897177583e-07,,,,,
762,0.01766684465110302,0.00017670371054428333,39.59493963199202,0.5956410765647888,0.0028441278263926506,0.0006319957319647074,2.6689529477152973e-05,1.0039754670287948e-05,0.0005679318564943969,0.0003473818942438811,1.9255088773206808e-05,0.00034818259882740676,0.015665410086512566,0.023205749690532684,0.0,0.041843850165605545,8.108298061415553e-05,0.2669047713279724,2.6791047602614526e-08,,,,,
763,0.01831638254225254,0.0001756907661290167,39.64579804200912,0.3029678165912628,0.0023849764838814735,0.000745138619095087,2.2988373530097306e-05,1.1631519555521663e-05,0.0005705183721147478,0.00032535710488446057,1.9826122297672555e-05,0.0003325283178128302,0.024671779945492744,0.03063400462269783,0.0,0.02364983782172203,8.1336846051272e-05,0.26707723736763,9.693205527128157e-08,,,,,
764,0.01594732701778412,0.00017468126925486668,39.69925461302046,0.48717665672302246,0.0026614784728735685,0.0005156986298970878,2.7552072424441576e-05,1.0666236448741984e-05,0.0005075216176919639,0.00032762347836978734,2.0178165868856013e-05,0.0003384475130587816,0.020573539659380913,0.02334262989461422,0.0,0.030139164999127388,7.669937622267753e-05,0.2672438323497772,2.2471571980986482e-07,,,,,
765,0.0165276937186718,0.00017367522988515977,39.75057498499518,0.48000168800354004,0.0030247094109654427,0.000665888364892453,2.3150529159465805e-05,9.527125257591251e-06,0.0007765485206618905,0.000324582913890481,2.0144232621532865e-05,0.00033268521656282246,0.007325311191380024,0.012763182632625103,0.0,0.02511044219136238,6.140292680356652e-05,0.267413467168808,7.785857292219589e-09,,,,,
766,0.01744924485683441,0.0001726726579490982,39.80292539100628,0.8246230483055115,0.0025066568050533533,0.0006314979400485754,3.115597792202607e-05,9.381498784932774e-06,0.0007098374771885574,0.00034769639023579657,2.0026536731165834e-05,0.0003476424899417907,0.004407762549817562,0.027524594217538834,0.0,0.034896254539489746,6.967905937926844e-05,0.26758313179016113,1.274049310495684e-08,,,,,
767,0.015540593303740025,0.00017167356334166233,39.856164337019436,0.4795262813568115,0.002608672948554158,0.000503376591950655,3.127200034214184e-05,9.429149940842763e-06,0.0004905163077637553,0.00033606417127884924,2.009759373322595e-05,0.0003380186972208321,0.020024864003062248,0.020656883716583252,0.0,0.032270122319459915,3.827036198345013e-05,0.26775386929512024,2.2734205629149074e-07,,,,,
768,0.01724587380886078,0.00017067795592351278,39.9133326470037,0.4471106231212616,0.003022762481123209,0.0005540434503927827,2.8907452360726893e-05,1.0520836440264247e-05,0.0005688900128006935,0.00032372173154726624,2.0261977624613792e-05,0.00033292220905423164,0.014023462310433388,0.021723710000514984,0.0,0.048389606177806854,4.350839662947692e-05,0.2679275870323181,5.520818149307161e-07,,,,,
769,0.018769798800349236,0.0001696858455208927,39.96967307000887,0.7229974865913391,0.0030615106225013733,0.0006938299047760665,2.8331312933005393e-05,1.1770409400924109e-05,0.0007764265174046159,0.00032590256887488067,2.026769107033033e-05,0.00033631539554335177,0.022470366209745407,0.021790508180856705,0.0,0.02747236005961895,0.0001794780109776184,0.26811420917510986,2.9938917123217834e-08,,,,,
770,0.01650778017938137,0.000168697241925531,40.0272265279782,0.10837157070636749,0.0032814955338835716,0.0006028634961694479,3.219275822630152e-05,8.933424396673217e-06,0.0006212696898728609,0.000330175127601251,2.007340117415879e-05,0.0003335629589855671,0.012233057990670204,0.01822422444820404,0.0,0.022767990827560425,0.0001379037566948682,0.26829993724823,1.4743457654731174e-07,,,,,
771,0.01906365342438221,0.00016771215489454647,40.08266333997017,0.8830974698066711,0.0030280326027423143,0.0006588701508007944,3.6691668356070295e-05,1.0155124982702546e-05,0.0006815730012021959,0.00035597526584751904,1.9967734260717407e-05,0.0003541729529388249,0.015021299943327904,0.02556011453270912,0.0,0.04234516993165016,0.0002565973554737866,0.26847681403160095,5.133202307661122e-07,,,,,
772,0.01928340271115303,0.00016673059415035,40.138745661999565,0.09636595100164413,0.0030123514588922262,0.0008933088975027204,2.5013159756781533e-05,8.934948709793389e-06,0.0007018037140369415,0.0003300712560303509,2.0239500372554176e-05,0.0003333070781081915,0.018612980842590332,0.015212438069283962,0.0,0.03351897746324539,5.220981256570667e-05,0.26865866780281067,2.3022295181363006e-08,,,,,
773,0.016988635063171387,0.00016575256938055024,40.19524089002516,0.42637670040130615,0.003248323919251561,0.0005661106551997364,2.578960993560031e-05,1.0453235518070869e-05,0.0006666223052889109,0.0003233074094168842,2.0586430764524266e-05,0.00033245867234654725,0.015231898985803127,0.01843889430165291,0.0,0.03132982924580574,0.0002242808259325102,0.26884061098098755,1.2908131452604721e-08,,,,,
774,0.016266269609332085,0.00016477809023785647,40.249234868970234,0.4560108780860901,0.00292650586925447,0.0006852072547189891,2.3769394829287194e-05,1.0204254067502916e-05,0.0005505592562258244,0.0003226494009140879,2.0711349861812778e-05,0.0003325312864035368,0.012673155404627323,0.015994256362318993,0.0,0.02443734183907509,7.458429899998009e-05,0.2690216302871704,1.0233994629516019e-07,,,,,
775,0.018378589302301407,0.00016380716633998467,40.30528515501646,0.1687106490135193,0.0026933106128126383,0.0008274588617496192,2.8761036446667276e-05,8.93766809895169e-06,0.0006783315911889076,0.00032314143027178943,2.0647416022256948e-05,0.00032808774267323315,0.01983477547764778,0.018664944916963577,0.0,0.024880774319171906,9.486464114161208e-05,0.2691987454891205,2.8250116912431622e-08,6.587277466954861,8.432081541939946,1.230050076625065,0.8356564982829651,5.501202319465482
776,0.016551867127418518,0.00016283980726956174,40.38956533797318,0.507034957408905,0.003364536678418517,0.0006504716584458947,2.7084255634690635e-05,8.74154193297727e-06,0.00043157380423508584,0.0003320211835671216,2.056900120805949e-05,0.00033370935125276446,0.004225659649819136,0.02055409550666809,0.0,0.035132117569446564,6.914621189935133e-05,0.26937490701675415,3.2441068498201275e-08,,,,,
777,0.01908354088664055,0.000161876022574031,40.44840680301422,0.09763240814208984,0.003055563662201166,0.0006185151869431138,2.312787910341285e-05,1.0960661711578723e-05,0.0008902490953914821,0.0003239463549107313,2.0521494661807083e-05,0.0003287650179117918,0.027206379920244217,0.027881741523742676,0.0,0.023474669083952904,7.552550960099325e-05,0.2695501744747162,3.268321435712096e-08,,,,,
778,0.01726829819381237,0.00016091582176555816,40.504212330968585,0.31308713555336,0.0031455322168767452,0.0005817905766889453,2.6823170628631487e-05,1.0982107596646529e-05,0.000697134411893785,0.0003209933056496084,2.0514964489848353e-05,0.0003289000887889415,0.02449769712984562,0.01376008614897728,0.0,0.0346825048327446,0.00019216339569538832,0.2697185277938843,1.5801440156337776e-08,,,,,
779,0.015263557434082031,0.00015995921432093802,40.56127177097369,0.13207535445690155,0.0025984819512814283,0.0006177141913212836,2.2376600099960342e-05,9.980185495805927e-06,0.0005881889956071973,0.00032053524046204984,2.0412271624081768e-05,0.00032763922354206443,0.005631508305668831,0.01253531128168106,0.0,0.03226504474878311,0.0001282847224501893,0.2698938846588135,3.008171844953722e-08,,,,,
780,0.01751186139881611,0.00015900620968149957,40.61595515400404,0.22133031487464905,0.002299063140526414,0.0006294734193943441,2.843566835508682e-05,9.143423994828481e-06,0.0007385718636214733,0.00032274588011205196,2.0229816072969697e-05,0.0003276536881458014,0.01644797995686531,0.02489965222775936,0.0,0.0320839025080204,0.0001572034234413877,0.27006831765174866,3.1044087300813317e-09,,,,,
781,0.016071807593107224,0.0001580568172530138,40.6733175899717,0.3097728490829468,0.00298052909784019,0.0005883090198040009,3.335202200105414e-05,1.0186889994656667e-05,0.0004973005270585418,0.0003224028623662889,2.004598718485795e-05,0.00032752766855992377,0.015206482261419296,0.019679907709360123,0.0,0.026721840724349022,0.00012518282164819539,0.2702428102493286,6.108234629209619e-08,,,,,
782,0.015993651002645493,0.0001571110464056009,40.73921558901202,0.2761218547821045,0.002502812072634697,0.0006042309105396271,3.013914101757109e-05,8.84209839568939e-06,0.0007430803379975259,0.0003208064881619066,1.992989746213425e-05,0.00032824656227603555,0.011109909042716026,0.02014598250389099,0.0,0.01859612762928009,2.710969238250982e-05,0.2704123854637146,3.036732820760335e-08,,,,,
783,0.016097592189908028,0.00015616890647363721,40.798004555981606,0.3515651524066925,0.0025142456870526075,0.0007181717082858086,2.4278440832858905e-05,1.2145663276896812e-05,0.0007882441859692335,0.00032216531690210104,1.971666279132478e-05,0.00032877904595807195,0.008902362547814846,0.011597322300076485,0.0,0.016618091613054276,0.00011536689271451905,0.27057406306266785,3.054738240138022e-09,,,,,
784,0.016433006152510643,0.00015523040675566335,40.8542984459782,0.2407863587141037,0.002553978469222784,0.0005807047127746046,2.4887374820536934e-05,9.642522854846902e-06,0.0005603987956419587,0.00033075729152187705,1.9494611478876323e-05,0.00033381656976416707,0.014536535367369652,0.026977013796567917,0.0,0.027484752237796783,5.286341183818877e-05,0.27072590589523315,4.438683376406516e-08,,,,,
785,0.01702665351331234,0.00015429555651429278,40.91308822698193,0.4252360165119171,0.002480150433257222,0.0007393127307295799,2.701176708796993e-05,8.913838428270537e-06,0.0004374374111648649,0.0003341629635542631,1.9350363800185733e-05,0.00033648271346464753,0.014541327953338623,0.018254611641168594,0.0,0.03934222087264061,0.00019735717796720564,0.27087676525115967,3.2799943028294365e-07,,,,,
786,0.017674490809440613,0.0001533643649761201,40.970788620994426,0.06720428913831711,0.0030635162256658077,0.0006188133847899735,2.4849603505572304e-05,9.231229341821745e-06,0.0008206553757190704,0.0003218258498236537,1.933694329636637e-05,0.00032759018358774483,0.00666347611695528,0.020012257620692253,0.0,0.03447003662586212,0.00021587246737908572,0.2710316479206085,2.816319621956609e-08,,,,,
787,0.01653868705034256,0.00015243684133162976,41.028489989985246,0.34391915798187256,0.002683703787624836,0.0006099806632846594,3.161707354593091e-05,1.0263195690640714e-05,0.0007660567644052207,0.00031825623591430485,1.9355411495780572e-05,0.0003267281863372773,0.014738035388290882,0.016196545213460922,0.0,0.02641170844435692,6.024712638463825e-05,0.2711905539035797,6.897995952215297e-09,,,,,
788,0.015954867005348206,0.00015151299473510564,41.08400225499645,0.3148900270462036,0.002927937777712941,0.0004650260088965297,2.5366291083628312e-05,9.438956112717278e-06,0.0008740712655708194,0.0003181245701853186,1.9274626538390294e-05,0.0003256797790527344,0.01191486231982708,0.01617513969540596,0.0,0.0242364089936018,0.00028560165083035827,0.2713465094566345,3.4893552491865876e-09,,,,,
789,0.016783617436885834,0.0001505928343045405,41.138512560981326,0.27449163794517517,0.00273978803306818,0.0005955767701379955,3.0224930014810525e-05,9.170007615466602e-06,0.0006144459475763142,0.00032642774749547243,1.9181103198206984e-05,0.0003304641868453473,0.013679139316082,0.025294750928878784,0.0,0.026532188057899475,0.00011033030023099855,0.27149954438209534,1.6167760463758896e-08,,,,,
790,0.01576787419617176,0.00014967636912154654,41.19612885202514,0.2815605700016022,0.002396699972450733,0.0006095030694268644,2.16727039514808e-05,1.022528886096552e-05,0.000594593002460897,0.000329607049934566,1.928277015394997e-05,0.0003328152815811336,0.02143571525812149,0.014677257277071476,0.0,0.02890631929039955,2.3644975954084657e-05,0.271648645401001,4.060566549668465e-09,,,,,
791,0.01465297769755125,0.00014876360823126516,41.250470380007755,0.10163965076208115,0.0024180333130061626,0.0005751466378569603,2.8970844141440466e-05,1.2766009604092687e-05,0.0006129215471446514,0.0003232144226785749,1.9405479179113172e-05,0.0003283509868197143,0.01177971065044403,0.01720656454563141,0.0,0.013010957278311253,3.5524200939107686e-05,0.2717967629432678,1.992409437434617e-08,,,,,
792,0.016347555443644524,0.0001478545606422777,41.307042477012146,0.5286759734153748,0.002633804688230157,0.0006503206677734852,2.5226021534763277e-05,1.455474557587877e-05,0.0005595588008873165,0.00031982079963199794,1.951024023583159e-05,0.000327252724673599,0.009830925613641739,0.01925342157483101,0.0,0.031940847635269165,0.00010002274939324707,0.27193599939346313,3.160288031267555e-09,,,,,
793,0.01707913540303707,0.00014694923532651699,41.366107347013894,0.09228511899709702,0.002439766190946102,0.0006087769288569689,2.198410948039964e-05,1.053667347150622e-05,0.0007334064575843513,0.00032063404796645045,1.947648161149118e-05,0.00032620044657960534,0.015364118851721287,0.026258474215865135,0.0,0.025722458958625793,6.922583270352334e-05,0.2720792591571808,4.080807229911443e-07,,,,,
794,0.014747358858585358,0.00014604764121917835,41.42072755401023,0.4767797291278839,0.0028936436865478754,0.00047307711793109775,2.9863389499951154e-05,9.955389941751491e-06,0.0005437091458588839,0.00032515599741600454,1.9475093722576275e-05,0.00032864772947505116,0.0058150142431259155,0.021012086421251297,0.0,0.0245949886739254,9.975115244742483e-05,0.27222153544425964,3.3558659850996264e-08,,,,,
795,0.017668474465608597,0.00014514978721863166,41.47329797199927,0.18319424986839294,0.002751142717897892,0.0006573933060280979,2.9826202080585063e-05,1.1175371582794469e-05,0.0005570474313572049,0.00031814168323762715,1.9564025933505036e-05,0.0003238815988879651,0.036541108042001724,0.018733039498329163,0.0,0.03086056187748909,2.4522280000383034e-05,0.2723608911037445,2.164393819725774e-08,,,,,
796,0.016943253576755524,0.0001442556821863331,41.52537566400133,0.36950212717056274,0.0028486924711614847,0.0007073646411299706,2.761587529676035e-05,9.101863724936265e-06,0.0005245133652351797,0.00031583121744915843,1.968062497326173e-05,0.0003243918181397021,0.012733250856399536,0.015089964494109154,0.0,0.04002618044614792,7.36746151233092e-05,0.2725032567977905,1.4398248815439274e-08,,,,,
797,0.015653949230909348,0.00014336533494673894,41.57725876697805,0.2791851758956909,0.0023597057443112135,0.0007175104692578316,2.825040246534627e-05,9.12416544451844e-06,0.00046468828804790974,0.0003169800329487771,1.969756885955576e-05,0.0003245243278797716,0.004917030222713947,0.022034388035535812,0.0,0.02090444043278694,7.449813710991293e-05,0.27265459299087524,1.0946145323487144e-08,,,,,
798,0.01692199893295765,0.00014247875428721667,41.63036639901111,0.1326277107000351,0.0026874258182942867,0.0007065620156936347,2.726477941905614e-05,9.859601050266065e-06,0.00098662287928164,0.0003243373066652566,1.967307980521582e-05,0.0003281649842392653,0.005208152346313,0.009873406030237675,0.0,0.021920733153820038,0.00014574739907402545,0.2728020250797272,2.728650940753141e-07,,,,,
799,0.015630623325705528,0.00014159594895795952,41.683981037989724,0.7008518576622009,0.0027977393474429846,0.0005758330808021128,2.0462122847675346e-05,1.082070139091229e-05,0.0004674552474170923,0.0003379474801477045,1.9778388377744704e-05,0.0003384958836250007,0.009104060009121895,0.020651759579777718,0.0,0.030715767294168472,0.00016378427972085774,0.27294549345970154,1.3348957494940805e-09,,,,,
800,0.01697235181927681,0.0001407169276718996,41.734789664973505,0.14327560365200043,0.0022696377709507942,0.0007364389020949602,2.48431369982427e-05,9.874832358036656e-06,0.0007009448017925024,0.00032199695124290884,1.9907107343897223e-05,0.0003263469261582941,0.007118442095816135,0.026017609983682632,0.0,0.017151368781924248,7.614190690219402e-05,0.2730890214443207,2.0551182977612825e-09,6.249341393839991,7.989596866050883,1.1895412415111464,0.8077112344716997,5.245574550156904
801,0.0159614160656929,0.0001398416991046223,41.8239198239753,0.34149596095085144,0.002361428225412965,0.000648421177174896,2.941830098279752e-05,9.00416671356652e-06,0.000464308715891093,0.00031629076693207026,2.0076680812053382e-05,0.00032554735662415624,0.01716572418808937,0.01932157576084137,0.0,0.029273027554154396,0.00015938756405375898,0.2732235789299011,7.910033517077864e-09,,,,,
802,0.015094991773366928,0.00013897027189428,41.87935405399185,0.6000877022743225,0.002295299433171749,0.000607216265052557,2.9960596293676645e-05,1.0529136488912627e-05,0.0007107079727575183,0.0003163459477946162,2.002945802814793e-05,0.0003265675622969866,0.016458814963698387,0.00942304264754057,0.0,0.02278815768659115,2.998123090947047e-05,0.2733592092990875,1.1664505450426077e-07,,,,,
803,0.015905212610960007,0.00013810265464150762,41.935585943982005,0.2809966504573822,0.0023318754974752665,0.0005524173611775041,3.150203338009305e-05,7.838954843464307e-06,0.0006446978659369051,0.00032022965024225414,1.980268643819727e-05,0.00032550515606999397,0.011382944881916046,0.024218183010816574,0.0,0.027352143079042435,6.0144182498333976e-05,0.273490846157074,9.30825763134635e-08,,,,,
804,0.014825236983597279,0.00013723885590933728,41.993276345019694,0.3893047869205475,0.0024371054023504257,0.0006557070882990956,2.6699539375840686e-05,8.407820132561028e-06,0.0005833340110257268,0.0003309646272100508,1.961044290510472e-05,0.00033366132993251085,0.007000892423093319,0.014916891232132912,0.0,0.014332138933241367,0.00010071232100017369,0.273621529340744,3.376975499236323e-08,,,,,
805,0.017686152830719948,0.0001363788842231136,42.04847066302318,0.18851932883262634,0.002614680677652359,0.0006160070770420134,2.7011970814783126e-05,1.0837843547051307e-05,0.0006263016839511693,0.00032738022855482996,1.9598479411797598e-05,0.0003313449851702899,0.012462378479540348,0.035331640392541885,0.0,0.023021217435598373,0.00016512519505340606,0.27374425530433655,6.29077447911186e-08,,,,,
806,0.017738405615091324,0.0001355227480704099,42.10334563802462,0.3248426020145416,0.003520224243402481,0.0006261399248614907,2.5563927920302376e-05,1.609285391168669e-05,0.0007242882857099175,0.00032208216725848615,1.970632183656562e-05,0.0003286557621322572,0.01919911429286003,0.016592370346188545,0.0,0.028002800419926643,0.0001035378736560233,0.27386602759361267,6.530433438456384e-08,,,,,
807,0.01527976244688034,0.00013467045590094437,42.15615987899946,0.3303818106651306,0.002443283097818494,0.0005822670646011829,2.3490252715419047e-05,1.6092799342004582e-05,0.0006224233657121658,0.0003206871042493731,1.972164500330109e-05,0.0003284214180894196,0.003256313968449831,0.02206575870513916,0.0,0.019869649782776833,0.00016049823898356408,0.27399080991744995,2.2767732588135914e-08,,,,,
808,0.014913813211023808,0.00013382201612649664,42.208922580000944,0.14826419949531555,0.002672001253813505,0.000551875913515687,2.419840711809229e-05,1.0332484635000583e-05,0.0005817665951326489,0.0003188535338267684,1.969628283404745e-05,0.0003260415396653116,0.015836061909794807,0.015005016699433327,0.0,0.020305220037698746,8.597462147008628e-05,0.27411162853240967,2.5443736006991458e-08,,,,,
809,0.015561672858893871,0.00013297743712082489,42.26209233899135,0.1479843705892563,0.0026814185548573732,0.0006438667187467217,2.427177969366312e-05,9.211957149091177e-06,0.00046168657718226314,0.00031836662674322724,1.9601975509431213e-05,0.0003241310187149793,0.01380879431962967,0.018421173095703125,0.0,0.02451357990503311,3.411477882764302e-05,0.2742304801940918,1.4064833919746889e-07,,,,,
810,0.016710584983229637,0.00013213672721958288,42.32472789398162,0.23632633686065674,0.0028647726867347956,0.0006022173911333084,3.221178485546261e-05,1.0758109056041576e-05,0.000626436376478523,0.00031819252762943506,1.950170553755015e-05,0.0003232646267861128,0.019163310527801514,0.021318752318620682,0.0,0.023113537579774857,9.461527952225879e-05,0.27434733510017395,1.9098322923127853e-08,,,,,
811,0.015486256219446659,0.0001312998947202378,42.38008572399849,0.19658033549785614,0.0024101242888718843,0.0006149933906272054,3.6852696212008595e-05,1.0027109055954497e-05,0.0005740869673900306,0.0003168561961501837,1.940394940902479e-05,0.0003221454389858991,0.012017372995615005,0.019654324278235435,0.0,0.018726490437984467,0.0001418515166733414,0.2744632363319397,5.5537874743549764e-08,,,,,
812,0.014748305082321167,0.00013046694788198873,42.43401084700599,0.12609069049358368,0.0022540665231645107,0.0005498018581420183,2.808105455187615e-05,9.633481568016578e-06,0.0006383717991411686,0.00031574274180456996,1.931215956574306e-05,0.00032169275800697505,0.01751168631017208,0.013386405073106289,0.0,0.02058505266904831,0.00017909577582031488,0.27457618713378906,4.8999986290709785e-08,,,,,
813,0.017044590786099434,0.00012963789492568466,42.4864070629701,0.27303385734558105,0.0026717197615653276,0.0006095270509831607,2.289010262757074e-05,9.762372428667732e-06,0.000718200986739248,0.0003151787386741489,1.9179851733497344e-05,0.00032210213248617947,0.010583813302218914,0.025732606649398804,0.0,0.022507917135953903,0.00032842258224263787,0.2746891379356384,4.675239306806134e-09,,,,,
814,0.016972990706562996,0.00012881274403374332,42.53765993198613,0.0706755518913269,0.003017613897100091,0.0007094679167494178,2.163415410905145e-05,9.624354788684286e-06,0.0006006620242260396,0.00031666969880461693,1.8985432689078152e-05,0.00032273834221996367,0.012204710394144058,0.02329404279589653,0.0,0.016408266499638557,6.078544174670242e-05,0.2748000919818878,9.178495474770898e-08,,,,,
815,0.017575275152921677,0.00012799150335007136,42.58978133398341,0.10488376766443253,0.0028144570533186197,0.0006357341771945357,2.6354169676778838e-05,1.002438148134388e-05,0.000508552067913115,0.00031892445986159146,1.8830094631994143e-05,0.00032406573882326484,0.014556700363755226,0.033149830996990204,0.0,0.028346244245767593,6.760493852198124e-05,0.27490708231925964,2.409642085865471e-08,,,,,
816,0.015452488325536251,0.00012717418097998246,42.642639546014834,0.3484194278717041,0.0027598096057772636,0.0005494662909768522,2.2597090719500557e-05,8.826919838611502e-06,0.0006531175458803773,0.0003216365003027022,1.8787077351589687e-05,0.0003259071090724319,0.015178598463535309,0.017015844583511353,0.0,0.02044481411576271,0.00012943893671035767,0.27501609921455383,6.971880850414891e-08,,,,,
817,0.01802436076104641,0.0001263607849901185,42.69640878797509,0.1444064974784851,0.003180135041475296,0.0006026655901223421,2.6990572223439813e-05,7.909888154244982e-06,0.000696235743816942,0.00031548275728709996,1.8792725313687697e-05,0.00032163763535209,0.01722891256213188,0.028384368866682053,0.0,0.025765880942344666,0.00016346409393008798,0.27512213587760925,2.3109219426942218e-08,,,,,
818,0.018106896430253983,0.00012555132340836948,42.75028575997567,0.42040467262268066,0.002447268459945917,0.000711532193236053,2.6408910343889147e-05,8.067743692663498e-06,0.0008022765396162868,0.0003135442384518683,1.886391510197427e-05,0.00032119828392751515,0.002942796330899,0.02525923401117325,0.0,0.038503408432006836,8.190670632757246e-05,0.27522820234298706,6.115684847429748e-09,,,,,
819,0.017214829102158546,0.00012474580422379455,42.80341552698519,0.16054503619670868,0.002731633372604847,0.0006504119373857975,2.634891279740259e-05,8.304319635499269e-06,0.0006495642010122538,0.0003166421956848353,1.8837205061572604e-05,0.00032255283440463245,0.010195181705057621,0.02396562322974205,0.0,0.033122774213552475,3.0511297154589556e-05,0.27534130215644836,3.566344730643323e-08,,,,,
820,0.016423722729086876,0.00012394423538654263,42.857232593989465,0.3527442514896393,0.0023456490598618984,0.0006778704700991511,2.872118420782499e-05,7.989920959516894e-06,0.0005851183086633682,0.00032701922464184463,1.888764018076472e-05,0.00033026456367224455,0.010691974312067032,0.02280353754758835,0.0,0.025117624551057816,9.764158312464133e-05,0.2754614055156708,1.4463439867995476e-07,,,,,
821,0.01605449616909027,0.0001231466248077748,42.91080954298377,0.38333645462989807,0.002395263873040676,0.0007250462076626718,2.863643385353498e-05,8.05186209618114e-06,0.0004324587935116142,0.0003259081859141588,1.9029335817322135e-05,0.0003293440386187285,0.015634024515748024,0.014898410066962242,0.0,0.03343517333269119,4.246267053531483e-05,0.2755795419216156,3.4272669147128454e-09,,,,,
822,0.016925355419516563,0.00012235298035958526,42.963665861985646,0.13376449048519135,0.0025329706259071827,0.0007402806077152491,2.0638615751522593e-05,1.0233108696411364e-05,0.0004902013461105525,0.0003158966719638556,1.9239692846895196e-05,0.0003223655221518129,0.017002489417791367,0.021098142489790916,0.0,0.025727570056915283,0.00020955517538823187,0.27570071816444397,1.2248756320332177e-07,,,,,
823,0.017251858487725258,0.00012156330987492448,43.01626508397749,0.34564098715782166,0.0026266095228493214,0.0006598620675504208,2.6097852241946384e-05,1.0709979505918454e-05,0.0006088686059229076,0.00031361618312075734,1.9383092876523733e-05,0.00032253735116682947,0.024044569581747055,0.025786884129047394,0.0,0.015616485849022865,0.00023903332476038486,0.27581989765167236,6.593143098143628e-08,,,,,
824,0.015911975875496864,0.00012077762114752125,43.07020435598679,0.39766451716423035,0.002446237253025174,0.0007630496984347701,2.533667975512799e-05,9.610141205484979e-06,0.00047752581303939223,0.0003122023190371692,1.9404884369578212e-05,0.0003209184214938432,0.005878010299056768,0.018935739994049072,0.0,0.021785052493214607,8.881885150913149e-05,0.2759331166744232,2.222756645409163e-09,,,,,
825,0.018452409654855728,0.00011999592193180604,43.12682687700726,0.175741046667099,0.003088833298534155,0.0008742272621020675,2.7062726076110266e-05,8.41220207803417e-06,0.000771035673096776,0.0003152656427118927,1.936777334776707e-05,0.00032060249941423535,0.005315612070262432,0.010619987733662128,0.0,0.03482230007648468,0.00012045386392856017,0.2760443389415741,5.971019589878779e-08,6.568353739352857,8.38609239803309,1.241699105745481,0.7249122488190691,5.557547547753175
826,0.016877049580216408,0.00011921821994283457,43.213206750981044,0.629284143447876,0.0026987509336322546,0.0006591991987079382,2.5115534299402498e-05,8.5700648924103e-06,0.0007838636520318687,0.0003311692562419921,1.9459333998383954e-05,0.00033245794475078583,0.010403091087937355,0.020566392689943314,0.0,0.020024243742227554,5.636112473439425e-05,0.2761615812778473,1.6105673239508178e-08,,,,,
827,0.016249924898147583,0.00011844452285621166,43.27058199897874,0.3848082423210144,0.002418717136606574,0.0006441603763960302,2.8004031264572404e-05,8.028246156754903e-06,0.0005604763282462955,0.0003241302038077265,1.9653894923976623e-05,0.00032663746969774365,0.021793724969029427,0.01860860176384449,0.0,0.024545885622501373,0.000123478879686445,0.2762758731842041,2.8641272464824397e-08,,,,,
828,0.01649089716374874,0.00011767483830801509,43.326902137021534,0.22588586807250977,0.00293406518176198,0.0006212885491549969,2.5451450710534118e-05,8.857865395839326e-06,0.0005991336656734347,0.0003124059294350445,1.9956154574174434e-05,0.0003191961150150746,0.019128873944282532,0.01950553059577942,0.0,0.023451169952750206,2.8178314096294343e-05,0.2763911783695221,6.264696761348887e-09,,,,,
829,0.01688692346215248,0.00011690917389472043,43.3798824850237,0.5381763577461243,0.002544521354138851,0.0006071763928048313,2.3903761757537723e-05,1.1840724255307578e-05,0.0007094325264915824,0.0003123213828075677,2.0211999071761966e-05,0.00032138358801603317,0.004543284885585308,0.02754214219748974,0.0,0.02642025053501129,0.000241384535911493,0.2765044867992401,5.320956120158371e-09,,,,,
830,0.014153298921883106,0.00011614753717312668,43.43296202697093,0.2706523537635803,0.002369531197473407,0.0005680599133484066,2.625698471092619e-05,9.706316632218659e-06,0.000705706886947155,0.0003117486194241792,2.0249479348422028e-05,0.0003189649141859263,0.007027632091194391,0.007281869649887085,0.0,0.02398073300719261,3.758583261515014e-05,0.2766198515892029,9.571513004402732e-08,,,,,
831,0.017148056998848915,0.0001153899356602806,43.486248565022834,0.37246671319007874,0.002755218418315053,0.0007726647309027612,2.3779157345416024e-05,8.690072718309239e-06,0.00047437718603760004,0.0003194155287928879,2.0148294424870983e-05,0.0003227723063901067,0.009119617752730846,0.020265620201826096,0.0,0.03329267352819443,7.954354805406183e-05,0.27673420310020447,3.4893552491865876e-09,,,,,
832,0.018984714522957802,0.00011463637683340301,43.53985401499085,0.5230081677436829,0.0023152038920670748,0.0007720237481407821,3.491864845273085e-05,8.931682714319322e-06,0.0005467828596010804,0.00032033308525569737,2.0165214664302766e-05,0.00032342676422558725,0.024076417088508606,0.023290028795599937,0.0,0.04902312904596329,0.00011708479723893106,0.276851624250412,5.979836714686826e-07,,,,,
833,0.014437008649110794,0.00011388686812981586,43.59199535701191,0.2032332569360733,0.0023266940843313932,0.0005878103547729552,3.0133747713989578e-05,8.941025953390636e-06,0.0006044714828021824,0.0003105349896941334,2.0207844499964267e-05,0.00031740209669806063,0.0057132611982524395,0.0137932188808918,0.0,0.02284284681081772,5.6558539654361084e-05,0.2769811153411865,5.792516049041296e-07,,,,,
834,0.016834557056427002,0.00011314141694686715,43.64414031198248,0.35415759682655334,0.002987579209730029,0.0005960208945907652,2.293468060088344e-05,8.461727702524513e-06,0.0005893012857995927,0.0003096963046118617,2.021179170696996e-05,0.0003187927068211138,0.016879357397556305,0.027591947466135025,0.0,0.020467564463615417,4.4897227780893445e-05,0.2771055996417999,2.7256710222189895e-09,,,,,
835,0.01712440699338913,0.00011240003064185916,43.698480000020936,0.34525907039642334,0.00273249763995409,0.0006767918239347637,2.926371780631598e-05,8.621408596809488e-06,0.00080084428191185,0.000310084578813985,2.0122861315030605e-05,0.00031801516888663173,0.020808203145861626,0.014603633433580399,0.0,0.021879490464925766,6.592888530576602e-05,0.277224063873291,1.6037375871746917e-08,,,,,
836,0.017054440453648567,0.00011166271653197525,43.752042399020866,0.2970058023929596,0.00271345442160964,0.0006084062624722719,2.5473676942056045e-05,9.733032129588537e-06,0.0006924094632267952,0.00031693262280896306,2.0030996893183328e-05,0.00032096196082420647,0.002620318904519081,0.023007119074463844,0.0,0.041726917028427124,8.045509457588196e-05,0.2773395776748657,6.063531543532008e-08,,,,,
837,0.016817606985569,0.00011092948189420829,43.805774784996174,0.1908721625804901,0.0028566678520292044,0.0006848587654531002,2.0472038158914074e-05,1.1046731742681004e-05,0.0007102268282324076,0.000320914841722697,1.9906137822545134e-05,0.0003238368663005531,0.008489247411489487,0.01649359241127968,0.0,0.02765238657593727,0.00010347552597522736,0.2774621248245239,3.245349233793604e-08,,,,,
838,0.017398813739418983,0.00011020033396528789,43.86026367300656,0.21282662451267242,0.0027885495219379663,0.0006285664858296514,2.218903500761371e-05,1.1743442883016542e-05,0.0008160782745108008,0.00031937312451191247,1.992157194763422e-05,0.0003227141569368541,0.004281060770153999,0.0226899404078722,0.0,0.03275042772293091,9.652593143982813e-05,0.2775847315788269,2.3487956468670745e-08,,,,,
839,0.016544030979275703,0.00010947527994160992,43.913613941986114,0.13716810941696167,0.0023981661070138216,0.0005501382402144372,2.5591150915715843e-05,9.937323738995474e-06,0.0006629468407481909,0.00031385934562422335,2.0030747691635042e-05,0.00031900210888125,0.022234272211790085,0.027275891974568367,0.0,0.020066969096660614,0.00015123614866752177,0.2777073383331299,6.09271282314694e-08,,,,,
840,0.01725572533905506,0.00010875432697916476,43.96798213000875,0.3105117678642273,0.0032288667280226946,0.000695570488460362,2.3595825041411445e-05,8.206920028897002e-06,0.0005654144915752113,0.0003097425797022879,2.0163337467238307e-05,0.000317491649184376,0.01166143175214529,0.02397591806948185,0.0,0.022418851032853127,4.702686419477686e-05,0.2778259515762329,5.027278859870421e-08,,,,,
841,0.014236606657505035,0.00010803748219346721,44.02047956100432,0.22025348246097565,0.0024694418534636497,0.0005360020441003144,2.7363732442609034e-05,8.93308242666535e-06,0.0005290116532705724,0.0003095399006269872,2.0229033907526173e-05,0.00031719502294436097,0.002927358727902174,0.019714314490556717,0.0,0.022465787827968597,2.5262290364480577e-05,0.27794158458709717,8.016825603363031e-08,,,,,
842,0.01592014916241169,0.00010732475265948582,44.072979805991054,0.19040654599666595,0.0028353489469736814,0.0005367430276237428,3.2796087907627225e-05,9.376811249239836e-06,0.0006701352540403605,0.00031213389593176544,2.019900784944184e-05,0.00031815332476980984,0.013243553228676319,0.016759183257818222,0.0,0.02819090709090233,0.00020021869568154216,0.2780511975288391,1.1063491456297925e-07,,,,,
843,0.01670239306986332,0.00010661614541157327,44.125600242987275,0.2501298189163208,0.0029202403966337442,0.0007103473180904984,2.9929300580988638e-05,9.384272743773181e-06,0.0005899755051359534,0.0003158548497594893,2.0162955479463562e-05,0.00032073480542749166,0.011141544207930565,0.010982469655573368,0.0,0.03680459409952164,9.77200543275103e-05,0.27816084027290344,9.50073228977999e-08,,,,,
844,0.01583690568804741,0.00010591166744339711,44.176851732016075,0.15281744301319122,0.0028848082292824984,0.0005493968492373824,2.439920172037091e-05,9.15705822990276e-06,0.0007144450210034847,0.0003160691703669727,2.0114110157010145e-05,0.0003212841984350234,0.01831964962184429,0.015448540449142456,0.0,0.02052224427461624,0.00012238023919053376,0.2782735228538513,1.2853494979481184e-07,,,,,
845,0.01691165380179882,0.00010521132570787058,44.229910083988216,0.18544812500476837,0.0026165982708334923,0.000726305996067822,2.406567000434734e-05,1.0294426829204895e-05,0.0005908581661060452,0.00031395218684338033,2.0039593437104486e-05,0.00032041402300819755,0.0174875445663929,0.011480152606964111,0.0,0.037614624947309494,0.00012676700134761631,0.2783801853656769,1.7475956326507003e-07,,,,,
846,0.016468439251184464,0.00010451512711708378,44.28685880097328,0.2880163788795471,0.002736284863203764,0.0006772447377443314,2.194352782680653e-05,1.0626774383126758e-05,0.000547702657058835,0.000312378047965467,1.9907683963538148e-05,0.00031950496486388147,0.012621366418898106,0.01876615732908249,0.0,0.028891153633594513,0.00010400342580396682,0.278489887714386,1.0602175848362094e-07,,,,,
847,0.015723643824458122,0.00010382307854223562,44.3430358460173,0.08687746524810791,0.0025340639986097813,0.000498283130582422,2.3411286747432314e-05,9.820887498790398e-06,0.0007810948882251978,0.00031312453211285174,1.9659857571241446e-05,0.0003191918949596584,0.019820157438516617,0.015175865031778812,0.0,0.02906387858092785,4.4976848585065454e-05,0.2785996198654175,1.6130506708122994e-08,,,,,
848,0.017470914870500565,0.00010313518681356635,44.40298523200909,0.14629949629306793,0.00243242341093719,0.0007074304739944637,2.1846237359568477e-05,7.850481779314578e-06,0.000565925263799727,0.0003151657001581043,1.9463586795609444e-05,0.0003200851788278669,0.01844785362482071,0.02781137079000473,0.0,0.02513156831264496,0.0001143126210081391,0.278709352016449,1.1174008562875315e-07,,,,,
849,0.017771145328879356,0.00010245145872028952,44.458998062007595,0.17271968722343445,0.002237283391878009,0.0006554198334924877,2.5569381250534207e-05,8.175669790944085e-06,0.0005799870705232024,0.0003144045185763389,1.9334143871674314e-05,0.0003193843876942992,0.002026314614340663,0.0469377338886261,0.0,0.020993808284401894,4.8565656470600516e-05,0.2788171172142029,2.4884940330593963e-08,,,,,
850,0.01610403135418892,0.00010177190101052528,44.515371736022644,0.1426621824502945,0.002451937412843108,0.0007216086378321052,2.7091211450169794e-05,9.086626960197464e-06,0.00046655506594106555,0.00031163907260634005,1.921936564031057e-05,0.0003175685997121036,0.01057469192892313,0.020500974729657173,0.0,0.025163955986499786,8.46366019686684e-05,0.27891984581947327,2.9243530264011497e-08,6.268116963784667,8.001051968399814,1.168319843673827,0.7852486815191563,5.3040270088109995
851,0.014406965114176273,0.00010109652039123391,44.59762847801903,0.06772784143686295,0.0024462840519845486,0.0005827403510920703,2.762135409284383e-05,8.130176865961403e-06,0.0005317329196259379,0.0003100426692981273,1.915752909553703e-05,0.00031695846701040864,0.010756426490843296,0.014798613265156746,0.0,0.017731526866555214,0.00018544407794252038,0.2790185809135437,1.2057522980057911e-08,,,,,
852,0.018173782154917717,0.00010042532352814968,44.64941996597918,0.1886976808309555,0.0025953894946724176,0.000592437107115984,2.6428437195136212e-05,8.568964403821155e-06,0.0007586802821606398,0.0003098105371464044,1.9068016626988538e-05,0.0003172603028360754,0.013215398415923119,0.03648625314235687,0.0,0.027392644435167313,5.121532012708485e-05,0.279114305973053,2.4021915123739745e-08,,,,,
853,0.015583046711981297,9.975831704571447e-05,44.702946311968844,0.2191721498966217,0.002376139396801591,0.0006913667311891913,2.6545589207671583e-05,8.617236744612455e-06,0.0006608394323848188,0.0003114502178505063,1.8920491129392758e-05,0.00031816266709938645,0.009107043966650963,0.013260149396955967,0.0,0.02050795778632164,0.00014652122627012432,0.2792090177536011,6.116305684145118e-08,,,,,
854,0.015453032217919827,9.909550752701293e-05,44.75595914601581,0.11394847184419632,0.0023348594550043344,0.000544533715583384,2.4157445295713842e-05,8.890741810319014e-06,0.000561191001906991,0.0003169654810335487,1.879352203104645e-05,0.0003217743360437453,0.004011155571788549,0.025685563683509827,0.0,0.02804506942629814,0.0002705453662201762,0.2793007493019104,2.957880340659358e-08,,,,,
855,0.015923554077744484,9.843690151370759e-05,44.807577800995205,0.3801915645599365,0.0032887659035623074,0.0006938172737136483,2.0585421225405298e-05,7.872014975873753e-06,0.0003992005658801645,0.00032263059983961284,1.8694910977501422e-05,0.0003262497775722295,0.008077685721218586,0.01696525141596794,0.0,0.02617732621729374,2.9369010007940233e-05,0.2793934941291809,1.2888264677712868e-07,,,,,
856,0.016660530120134354,9.77825055059737e-05,44.86073681199923,0.08476255089044571,0.002472308464348316,0.0006555122672580183,2.2449215975939296e-05,8.176013579941355e-06,0.0007416559383273125,0.00031774313538335264,1.867478022177238e-05,0.00032258094870485365,0.015871882438659668,0.018261544406414032,0.0,0.02228587493300438,0.00019027525559067726,0.2794862389564514,4.9863011497564e-08,,,,,
857,0.015396015718579292,9.713232596243588e-05,44.91713255801005,0.1037709191441536,0.00243769190274179,0.0005955904489383101,2.8540451239678077e-05,7.820747669029515e-06,0.0005518926191143692,0.00031447847140952945,1.874732151918579e-05,0.0003202783700544387,0.009799209423363209,0.018398061394691467,0.0,0.028786908835172653,0.00011673544941004366,0.27957600355148315,7.028380988316485e-09,,,,,
858,0.016565104946494102,9.648636930010361e-05,44.970830894017126,0.22020037472248077,0.0025388230569660664,0.000668253458570689,2.5987514163716696e-05,8.731937668926548e-06,0.0005550016066990793,0.0003116065636277199,1.8847624232876115e-05,0.000318703445373103,0.007472257595509291,0.02745780721306801,0.0,0.02361183613538742,8.430116577073932e-05,0.2796667814254761,3.4955636163402914e-09,,,,,
859,0.016466401517391205,9.584464189430842e-05,45.024341306008864,0.09557610750198364,0.002397234318777919,0.0006328749586828053,2.5806330086197704e-05,8.540191629435867e-06,0.0006158414180390537,0.0003118073509540409,1.8984526832355186e-05,0.0003188285627402365,0.012596987187862396,0.01959056779742241,0.0,0.035145245492458344,0.00012226408580318093,0.2797565460205078,3.137935777886014e-08,,,,,
860,0.017009759321808815,9.520715007864077e-05,45.07574831502279,0.22866924107074738,0.002320541301742196,0.0007019023178145289,2.1861871573491953e-05,8.180301847460214e-06,0.0007773043471388519,0.0003116164880339056,1.9081564460066147e-05,0.0003187509428244084,0.018031394109129906,0.01606036350131035,0.0,0.028289509937167168,1.0774804650282022e-05,0.2798493802547455,1.0469307198945899e-07,,,,,
861,0.015712428838014603,9.457390014488737e-05,45.12898146000225,0.08073827624320984,0.002722959266975522,0.0006371531053446233,2.792413579300046e-05,8.884169801604003e-06,0.0004828639212064445,0.0003141102206427604,1.9180517483619042e-05,0.00031992062577046454,0.024940822273492813,0.01446562446653843,0.0,0.02123946323990822,9.714955376693979e-05,0.27994221448898315,1.6881773490240448e-07,,,,,
862,0.015889229252934456,9.39448983429694e-05,45.18149639799958,0.20998628437519073,0.0030455105006694794,0.0006013307720422745,2.438152841932606e-05,7.937273039715365e-06,0.00047874258598312736,0.0003166247915942222,1.9262166460976005e-05,0.00032140660914592445,0.001716260565444827,0.027270404621958733,0.0,0.0207784716039896,0.00019441229233052582,0.28003305196762085,4.8118335982394456e-09,,,,,
863,0.018141986802220345,9.33201508808809e-05,45.232237020973116,0.18396003544330597,0.0033420550171285868,0.000547167262993753,2.6847850676858798e-05,7.910296517366078e-06,0.0008310062694363296,0.00031482201302424073,1.9378399883862585e-05,0.0003199067141395062,0.006197761744260788,0.03618177771568298,0.0,0.018161552026867867,0.00017147204198408872,0.2801218628883362,1.038735142344649e-08,,,,,
864,0.016166098415851593,9.269966392462704e-05,45.283067354001105,0.16810624301433563,0.0026481561362743378,0.0007838971796445549,2.4670782295288518e-05,8.536097993783187e-06,0.0005189496441744268,0.00031131727155297995,1.9514433006406762e-05,0.0003178214537911117,0.0024182188790291548,0.012082777917385101,0.0,0.03447756916284561,5.2175495511619374e-05,0.28020769357681274,2.5089828881164067e-08,,,,,
865,0.01647966541349888,9.208344359816346e-05,45.33428840601118,0.10088023543357849,0.003068760735914111,0.00046920101158320904,2.4775185011094436e-05,8.948998583946377e-06,0.0007530780276283622,0.00031057980959303677,1.9654511561384425e-05,0.00031740026315674186,0.02014213055372238,0.022023718804121017,0.0,0.024752575904130936,0.00012780664837919176,0.28029754757881165,2.373010055123359e-08,,,,,
866,0.01574723981320858,9.147149598333617e-05,45.38706804101821,0.10169067233800888,0.002847464522346854,0.0005376340704970062,2.163815042877104e-05,9.091340871236753e-06,0.0005413226899690926,0.00031084081274457276,1.973036523850169e-05,0.00031736414530314505,0.008019018918275833,0.029663223773241043,0.0,0.018618647009134293,9.380420669913292e-05,0.2803843915462494,8.493662662090173e-09,,,,,
867,0.01963181234896183,9.086382711982096e-05,45.438940997002646,0.1610308438539505,0.002556303981691599,0.000695781025569886,2.5520985218463466e-05,8.73137469170615e-06,0.0006927745416760445,0.0003116175648756325,1.9784525647992268e-05,0.0003175317251589149,0.035006504505872726,0.029268911108374596,0.0,0.03544231131672859,0.0002095280506182462,0.2804672122001648,1.6642114530895924e-07,,,,,
868,0.01677890680730343,9.026044300506416e-05,45.49162466399139,0.0677032470703125,0.0024564999621361494,0.0006322510307654738,2.5251783881685697e-05,8.356320904567838e-06,0.0008719229372218251,0.00031065967050381005,1.9828497897833586e-05,0.0003167867544107139,0.005683602765202522,0.021098950877785683,0.0,0.0247911736369133,7.322330202441663e-05,0.28055307269096375,3.8476041908097613e-08,,,,,
869,0.015370601788163185,8.966134959422344e-05,45.54470836697146,0.052897434681653976,0.00271732360124588,0.0006964880740270019,2.5418279619771056e-05,8.691215043654665e-06,0.0005455877399072051,0.0003101542533840984,1.977273859665729e-05,0.0003163844521623105,0.009127508848905563,0.010935540311038494,0.0,0.02504461444914341,2.4210909032262862e-05,0.2806369364261627,1.1575718872336438e-07,,,,,
870,0.016234252601861954,8.906655280010894e-05,45.59775268199155,0.09512150287628174,0.002266508061438799,0.0006583244539797306,2.399602090008557e-05,7.354897661571158e-06,0.0005948939360678196,0.00031013472471386194,1.9670769688673317e-05,0.00031631143065169454,0.0208324883133173,0.01824670284986496,0.0,0.02664823830127716,7.838593592168763e-05,0.2807208299636841,6.491318345069885e-07,,,,,
871,0.017726324498653412,8.84760584931249e-05,45.64928117999807,0.11325125396251678,0.0022986906114965677,0.0006826277822256088,2.7052741643274203e-05,9.046013474289794e-06,0.0006450645159929991,0.0003114262653980404,1.9530183635652065e-05,0.00031701833358965814,0.015234032645821571,0.028914213180541992,0.0,0.03106495551764965,8.599077409598976e-05,0.2808036804199219,9.965151370749936e-09,,,,,
872,0.014708451926708221,8.788987250121166e-05,45.70098295499338,0.11553961783647537,0.0026048484724014997,0.0006711701862514019,2.2064457880333066e-05,7.376247140200576e-06,0.0005147663759998977,0.00031357453553937376,1.9453122149570845e-05,0.00031854750704951584,0.005456566344946623,0.014699754305183887,0.0,0.017322547733783722,3.217384801246226e-05,0.28088656067848206,2.6387474427735924e-09,,,,,
873,0.015510193072259426,8.730800060978826e-05,45.751918221998494,0.17975644767284393,0.0023831790313124657,0.0005637804861180484,2.8652348191826604e-05,7.818909580237232e-06,0.0005427722935564816,0.00031720305560156703,1.9450435502221808e-05,0.0003213650779798627,0.025401629507541656,0.012695018202066422,0.0,0.03319202736020088,0.00012914078251924366,0.2809654176235199,3.778686519240182e-08,,,,,
874,0.0175774022936821,8.673044856169541e-05,45.80472075100988,0.24450068175792694,0.002497432753443718,0.0007075894391164184,2.81212978734402e-05,7.65153527026996e-06,0.0006105461507104337,0.0003171502612531185,1.946000338648446e-05,0.0003216383047401905,0.008442817255854607,0.030666617676615715,0.0,0.024953093379735947,0.00012953537225257605,0.2810463011264801,1.238100537648279e-07,,,,,
875,0.01624653860926628,8.615722205713879e-05,45.856620511971414,0.10026063024997711,0.0025745616294443607,0.0006503337062895298,2.2723306756233796e-05,8.2818150985986e-06,0.0007333147805184126,0.000313225609716028,1.9493678337312303e-05,0.0003193666343577206,0.007365821860730648,0.016516702249646187,0.0,0.02409733086824417,0.00025991053553298116,0.2811262011528015,1.210719347000122e-08,6.2702689496312365,8.009502415651268,1.1402695644374194,0.9922954088893231,5.274315167028693
876,0.016742322593927383,8.558832675363237e-05,45.93818913400173,0.18089334666728973,0.0024987345095723867,0.0005686269723810256,2.2797448764322326e-05,9.448679520573933e-06,0.000913787167519331,0.00031125283567234874,1.9521035937941633e-05,0.0003185885143466294,0.007963845506310463,0.02395092323422432,0.0,0.021473385393619537,0.00011390080908313394,0.2812061011791229,8.965532316551617e-09,,,,,
877,0.013976112939417362,8.502376826594335e-05,45.99019361799583,0.12318997830152512,0.0025857496075332165,0.0005848068394698203,2.4489147108397447e-05,8.589452590967994e-06,0.0006434019887819886,0.00031068961834535,1.953980972757563e-05,0.0003180636267643422,0.007302751764655113,0.005783365573734045,0.0,0.021069340407848358,7.632964116055518e-05,0.281283974647522,5.6674089421449025e-08,,,,,
878,0.016160527244210243,8.446355216603588e-05,46.041955385997426,0.1148175597190857,0.002289979951456189,0.0006969076348468661,2.3236993001773953e-05,8.117434845189564e-06,0.0005539713893085718,0.00031073702848516405,1.9511435311869718e-05,0.00031745925662107766,0.017439644783735275,0.014880265109241009,0.0,0.03014802560210228,0.00016555606271140277,0.28135883808135986,2.5785217516727243e-08,,,,,
879,0.01574326865375042,8.390768398301685e-05,46.09280959999887,0.09916680306196213,0.002330789575353265,0.0006819011177867651,2.1631651179632172e-05,7.168269348767353e-06,0.0006723720580339432,0.00031238270457834005,1.9441386029939167e-05,0.000317905010888353,0.007955346256494522,0.008666310459375381,0.0,0.038265906274318695,6.565409421455115e-05,0.2814347445964813,1.1790543652523411e-08,,,,,
880,0.017683686688542366,8.335616920308054e-05,46.14894104702398,0.16256161034107208,0.0026857710909098387,0.0007155269850045443,2.6583715225569904e-05,8.56091264722636e-06,0.0009148925310000777,0.0003144532674923539,1.9441122276475653e-05,0.0003190447168890387,0.011137915775179863,0.016461003571748734,0.0,0.02373417094349861,0.00012998122838325799,0.2815167009830475,7.612630525954955e-08,,,,,
881,0.01660391129553318,8.28090132694555e-05,46.20490119000897,0.2861195206642151,0.002755185589194298,0.000703677476849407,2.348481211811304e-05,7.917848051874898e-06,0.0007169954478740692,0.0003140392364002764,1.9495819287840277e-05,0.00031860629678703845,0.00487489253282547,0.018006889149546623,0.0,0.02393479272723198,5.412758036982268e-05,0.28159666061401367,1.4854597907287825e-07,,,,,
882,0.017907418310642242,8.226622158234977e-05,46.26147118600784,0.21575266122817993,0.002501708921045065,0.0006213083397597075,2.7162470360053703e-05,8.156684998539276e-06,0.0007148372824303806,0.00031002689502201974,1.9583811081247404e-05,0.0003161047352477908,0.011566152796149254,0.03369974344968796,0.0,0.024830594658851624,0.0003030208754353225,0.2816745936870575,9.351720109407324e-08,,,,,
883,0.018292918801307678,8.172779949889824e-05,46.3188362030196,0.33733826875686646,0.002550144214183092,0.0007268047775141895,2.2207328584045172e-05,1.0127019777428359e-05,0.0008722604252398014,0.0003098914457950741,1.9632982002804056e-05,0.00031612400198355317,0.021231571212410927,0.024892380461096764,0.0,0.014373229816555977,0.0001163599081337452,0.2817515432834625,3.992269625996414e-09,,,,,
884,0.016766805201768875,8.119375233310927e-05,46.37803049001377,0.2075899839401245,0.002468639751896262,0.0006814422085881233,2.2716725652571768e-05,9.25616313907085e-06,0.0007858264725655317,0.0003125440562143922,1.969641562027391e-05,0.0003172950237058103,0.004289364442229271,0.019310016185045242,0.0,0.02870965749025345,6.412632501451299e-05,0.28182241320610046,4.8348056225222535e-08,,,,,
885,0.015493525192141533,8.066408535581303e-05,46.433033255976625,0.18560592830181122,0.002988673746585846,0.0006903139874339104,2.5652165277278982e-05,9.285231499234214e-06,0.00047223083674907684,0.00031210543238557875,1.9807981516350992e-05,0.00031674670754000545,0.005446198862046003,0.01518857292830944,0.0,0.0231353510171175,5.840763697051443e-05,0.28189530968666077,1.9582611088253543e-08,,,,,
886,0.015321512706577778,8.013880379460866e-05,46.487674271978904,0.14743617177009583,0.002457697642967105,0.0006135727162472904,2.0952180420863442e-05,8.288225217256695e-06,0.00042671075789257884,0.00030913521186448634,1.994011108763516e-05,0.0003148372925352305,0.010119326412677765,0.02257765457034111,0.0,0.02366279624402523,0.00027979747392237186,0.2819662094116211,5.805244285284061e-09,,,,,
887,0.016262931749224663,7.961791283381301e-05,46.541000912024174,0.2362353652715683,0.0022381029557436705,0.0006548187229782343,2.5896390070556663e-05,7.664017175557092e-06,0.0005599124124273658,0.00030637611052952707,1.9990487999166362e-05,0.00031356827821582556,0.006177494302392006,0.0282082948833704,0.0,0.02600475773215294,5.92456417507492e-05,0.28203609585762024,7.773439669733762e-09,,,,,
888,0.014278728514909744,7.910141761440981e-05,46.59389298799215,0.07035920023918152,0.0028100439812988043,0.0005730303819291294,2.181845593440812e-05,7.501571872126078e-06,0.000542111461982131,0.00030588105437345803,2.0021156160510145e-05,0.00031301932176575065,0.00855363067239523,0.010550538077950478,0.0,0.023712841793894768,3.4272314223926514e-05,0.28210699558258057,2.40777957571936e-08,,,,,
889,0.015155822969973087,7.858932323399816e-05,46.64558647002559,0.20802250504493713,0.002212915336713195,0.0006546400836668909,2.7695477911038324e-05,7.715314495726489e-06,0.0006036412669345737,0.0003058910369873047,2.0004283214802854e-05,0.0003127923118881881,0.011743896640837193,0.011750525794923306,0.0,0.028332572430372238,3.859303251374513e-05,0.2821779251098633,5.908310640734271e-08,,,,,
890,0.015847332775592804,7.808163474674296e-05,46.69850675098132,0.14179149270057678,0.0027630901895463467,0.0005919738323427737,2.6800187697517686e-05,8.493932909914292e-06,0.0007057662587612867,0.00030789891025051475,1.9980454453616403e-05,0.00031365553149953485,0.007038094103336334,0.013943356461822987,0.0,0.032692741602659225,6.637164915446192e-05,0.2822498679161072,3.25155724567594e-08,,,,,
891,0.016407936811447144,7.757835716332449e-05,46.74977882101666,0.22735129296779633,0.00266512343659997,0.0006716134957969189,2.537411273806356e-05,7.71812119637616e-06,0.0006548237288370728,0.00031092934659682214,1.9934364900109358e-05,0.0003156147140543908,0.008327344432473183,0.019379790872335434,0.0,0.02329615131020546,0.00016577536007389426,0.28232282400131226,4.147489907069257e-09,,,,,
892,0.016026785597205162,7.707949545088935e-05,46.80240822699852,0.14312994480133057,0.0024219322949647903,0.0005989100318402052,2.5303244910901412e-05,8.134111340041272e-06,0.0005779149360023439,0.0003106573421973735,1.9920476916013286e-05,0.0003155736194457859,0.007982940413057804,0.025108981877565384,0.0,0.02742900513112545,0.00015190815611276776,0.28239479660987854,7.269904500617486e-08,,,,,
893,0.0163679588586092,7.65850545330014e-05,46.8544314239989,0.13131724298000336,0.0024548133369535208,0.0007162030087783933,2.119600321748294e-05,1.0216182090516668e-05,0.0006742179393768311,0.0003092873375862837,1.992040233744774e-05,0.0003150087723042816,0.009051456116139889,0.01553455088287592,0.0,0.027183352038264275,7.700343849137425e-05,0.2824667692184448,6.460274448727432e-08,,,,,
894,0.01639941707253456,7.609503928959276e-05,46.9074834670173,0.2590758800506592,0.002788802143186331,0.0005148904165253043,2.4435545128653757e-05,1.1715717846527696e-05,0.0008707529632374644,0.00030810231692157686,1.987211908272002e-05,0.00031466700602322817,0.005812844727188349,0.021612919867038727,0.0,0.028668634593486786,3.473698961897753e-05,0.2825377285480499,6.660819451553834e-08,,,,,
895,0.015395804308354855,7.560945455691598e-05,46.96122049499536,0.206029012799263,0.0025291270576417446,0.0005421953974291682,2.3458815121557564e-05,1.084968516806839e-05,0.0006942320615053177,0.0003083682677242905,1.9806931959465146e-05,0.0003145975642837584,0.017022404819726944,0.012974162586033344,0.0,0.0296521857380867,5.1264651119709015e-05,0.2826097011566162,8.021170572192204e-08,,,,,
896,0.015319275669753551,7.512830512749649e-05,47.01280558697181,0.20064951479434967,0.0028577090706676245,0.0006529474048875272,1.7159774870378897e-05,9.124330972554162e-06,0.0005098173278383911,0.0003098264860454947,1.9709863408934325e-05,0.00031508810934610665,0.0028492920100688934,0.016037236899137497,0.0,0.024274151772260666,0.0002456553338561207,0.28268373012542725,7.144982987483672e-07,,,,,
897,0.01552106998860836,7.465159575008484e-05,47.06435270002112,0.04967673495411873,0.002552627120167017,0.0005821580998599529,2.6129710022360086e-05,8.371236617676914e-06,0.0006492423126474023,0.0003093330597039312,1.9606588466558605e-05,0.00031451269751414657,0.007041504606604576,0.02283082716166973,0.0,0.018733009696006775,7.073967572068796e-05,0.2827557325363159,1.3782951668872556e-07,,,,,
898,0.015086094848811626,7.417933112961001e-05,47.11720002198126,0.1934952437877655,0.0024167592637240887,0.0006730222958140075,3.243627361371182e-05,8.802353477221914e-06,0.0004933173768222332,0.0003086249344050884,1.956948653969448e-05,0.0003138761385343969,0.007287649903446436,0.01566334441304207,0.0,0.022735577076673508,0.00010748431668616831,0.28282472491264343,9.981417861126829e-07,,,,,
899,0.0185768473893404,7.37115159271334e-05,47.168804635992274,0.17532296478748322,0.0029414158780127764,0.0006374299991875887,3.220393409719691e-05,8.314781553053763e-06,0.000685778446495533,0.00030712923035025597,1.95180437003728e-05,0.00031293302890844643,0.004022996407002211,0.03387445583939552,0.0,0.039900682866573334,8.581300789956003e-05,0.2828926742076874,5.0514934457623895e-08,,,,,
900,0.020529020577669144,7.324815475980207e-05,47.21947337599704,0.13933372497558594,0.002846457064151764,0.0007480746135115623,2.0135081285843626e-05,7.056049071252346e-06,0.000898553233128041,0.0003054538101423532,1.9510867787175812e-05,0.00031218401272781193,0.02086464874446392,0.026856139302253723,0.0,0.046780459582805634,5.061003321316093e-05,0.2829657196998596,1.5751769666394466e-08,6.2317937296690245,7.957924049686835,1.175328227870356,0.7411524656971585,5.264840955345328
901,0.015029721893370152,7.278925220080365e-05,47.312325786973815,0.12246716767549515,0.0024258429184556007,0.0006618958432227373,2.2609092411585152e-05,8.05013405624777e-06,0.0005090406048111618,0.0003049170190934092,1.9484383301460184e-05,0.00031231215689331293,0.008633065968751907,0.015742063522338867,0.0,0.024128930643200874,4.128946238779463e-05,0.28304386138916016,1.6465783403418754e-08,,,,,
902,0.016853254288434982,7.23348127793211e-05,47.36386420199415,0.43842458724975586,0.0027157089207321405,0.0005945641314610839,2.4538783691241406e-05,6.34872503724182e-06,0.0008312872378155589,0.0003054305270779878,1.94216008821968e-05,0.000312789692543447,0.010650822892785072,0.017978455871343613,0.0,0.03143248334527016,0.00013019148900639266,0.2831209897994995,1.0302787813998293e-06,,,,,
903,0.016374897211790085,7.188484098048812e-05,47.41447809297824,0.15335220098495483,0.0026098848320543766,0.0006242633680813015,2.8271992050576955e-05,8.574890671297908e-06,0.0007201747503131628,0.00030946210608817637,1.9385370251256973e-05,0.00031462812330573797,0.0076010269112885,0.023180460557341576,0.0,0.01792077347636223,0.00020171786309219897,0.28319811820983887,6.521742648146756e-07,,,,,
904,0.01621941290795803,7.143934124534461e-05,47.466066829976626,0.16684389114379883,0.002871511969715357,0.0005355040775611997,2.2322608856484294e-05,9.278490324504673e-06,0.0005578260752372444,0.00031344316084869206,1.9349037756910548e-05,0.00031743539148010314,0.004595007281750441,0.02257000282406807,0.0,0.043305955827236176,0.0001259433920495212,0.2832711935043335,4.255523577967324e-08,,,,,
905,0.016295386478304863,7.099831797079321e-05,47.51740092097316,0.46700212359428406,0.0023411554284393787,0.0005462027620524168,2.3926400899654254e-05,9.38627272262238e-06,0.0005723745562136173,0.0003168966213706881,1.9348015484865755e-05,0.00032005191314965487,0.010000349953770638,0.03132109344005585,0.0,0.03069472685456276,4.438051109900698e-05,0.2833493649959564,1.2591481635126911e-08,,,,,
906,0.017649302259087563,7.05617755095555e-05,47.569440395978745,0.17862555384635925,0.002134705660864711,0.0006874414975754917,2.3421589503413998e-05,9.19960075407289e-06,0.0006196213653311133,0.0003114023129455745,1.936787157319486e-05,0.0003162272332701832,0.03730756416916847,0.019748594611883163,0.0,0.028778471052646637,0.00019883505592588335,0.28342756628990173,6.10326722494392e-09,,,,,
907,0.015086124651134014,7.012971817012945e-05,47.62072258297121,0.10237161815166473,0.0030539892613887787,0.000579992716666311,2.3014883481664583e-05,8.332332072313875e-06,0.0004945006221532822,0.0003072890976909548,1.9370265363249928e-05,0.00031420242157764733,0.01416781172156334,0.016693174839019775,0.0,0.01982688531279564,1.1469897799543105e-05,0.2835047245025635,4.408259979271634e-09,,,,,
908,0.01647959090769291,6.970215021674649e-05,47.67132557701552,0.2570636570453644,0.0021957512944936752,0.0005463009583763778,2.0041819880134426e-05,7.95712367107626e-06,0.0006637286278419197,0.0003063847543671727,1.932316445163451e-05,0.0003146594681311399,0.007526186294853687,0.03802402690052986,0.0,0.018877681344747543,0.00013697284157387912,0.2835768461227417,6.167838506598855e-08,,,,,
909,0.016344020143151283,6.92790758693297e-05,47.722257788991556,0.3310627043247223,0.0028069557156413794,0.0005725661758333445,2.3285667339223437e-05,7.511834610340884e-06,0.0006614004960283637,0.000306539615849033,1.9217122826376e-05,0.0003146946255583316,0.012803040444850922,0.02220812812447548,0.0,0.026240114122629166,0.0001110420998884365,0.2836459279060364,6.595192871827749e-07,,,,,
910,0.017058448866009712,6.886049930345206e-05,47.77362873102538,0.17882829904556274,0.0028395222034305334,0.0005813725292682648,3.170218406012282e-05,8.239885573857464e-06,0.0004707020125351846,0.00030910689383745193,1.9120248907711357e-05,0.00031553092412650585,0.01179310493171215,0.039240188896656036,0.0,0.017818767577409744,0.00015687980339862406,0.28371500968933105,3.129865078221883e-08,,,,,
911,0.016987822949886322,6.844642465029537e-05,47.826634749013465,0.14845864474773407,0.002722781151533127,0.0006133841234259307,2.7139880330651067e-05,7.038586318230955e-06,0.000789891229942441,0.0003140436310786754,1.898824848467484e-05,0.0003189674753230065,0.013080944307148457,0.02383258193731308,0.0,0.02013140544295311,7.29963940102607e-05,0.28378206491470337,5.915761036590084e-08,,,,,
912,0.01683768630027771,6.803685599660926e-05,47.87939517397899,0.13077741861343384,0.002871008822694421,0.0007891565328463912,2.276822124258615e-05,7.4778472480829805e-06,0.000498543435242027,0.00031758242403157055,1.887916005216539e-05,0.0003217258781660348,0.005569307133555412,0.020605873316526413,0.0,0.024443194270133972,4.4311505916994065e-05,0.28384608030319214,1.0828177465782574e-08,,,,,
913,0.015744006261229515,6.76317973846709e-05,47.93169515597401,0.36914950609207153,0.0025701355189085007,0.0005604733596555889,2.8068436222383752e-05,8.264169991889503e-06,0.000688155647367239,0.00031898648012429476,1.8885262761614285e-05,0.0003227798151783645,0.0048689814284443855,0.023952437564730644,0.0,0.021805796772241592,8.88214708538726e-05,0.2839100956916809,3.455206964986246e-08,,,,,
914,0.015102962963283062,6.72312528122454e-05,47.983897704980336,0.20377831161022186,0.002417860087007284,0.0006418452830985188,2.46898052864708e-05,9.97228198684752e-06,0.0006361709674820304,0.0003138389438390732,1.8951575839309953e-05,0.00031890516402199864,0.003642740659415722,0.02327626571059227,0.0,0.007244681008160114,4.80549169878941e-05,0.2839730978012085,4.904965322793942e-09,,,,,
915,0.01833127625286579,6.683522623254598e-05,48.03934337600367,0.24361583590507507,0.0026815610472112894,0.0006912031094543636,2.561689143476542e-05,1.1061742952733766e-05,0.0005833054892718792,0.00030920314020477235,1.9037763195228763e-05,0.0003163261862937361,0.025960225611925125,0.025245845317840576,0.0,0.03410343825817108,0.00016658070671837777,0.2840290069580078,2.7064234586759994e-07,,,,,
916,0.01536237820982933,6.644372155419492e-05,48.089238803018816,0.3216356337070465,0.0024039114359766245,0.0005899190437048674,2.6208839699393138e-05,1.2460218385967892e-05,0.000817794818431139,0.00030856102239340544,1.908461308630649e-05,0.0003165111120324582,0.005319022107869387,0.013628317043185234,0.0,0.023666221648454666,4.34025059803389e-05,0.28408899903297424,6.69502924210974e-07,,,,,
917,0.016186174005270004,6.605674264118549e-05,48.13939466699958,0.31678080558776855,0.002215038752183318,0.0006270943558774889,2.2500898921862245e-05,1.0745759936980903e-05,0.0007654562359675765,0.0003087306395173073,1.9096332835033536e-05,0.0003160744672641158,0.015076656825840473,0.01629439741373062,0.0,0.02343478798866272,0.00028032794944010675,0.2841469347476959,2.8057646872525766e-08,,,,,
918,0.018664127215743065,6.567429331284338e-05,48.19039208302274,0.21301577985286713,0.0029421153012663126,0.000615275523159653,2.128666346834507e-05,9.164455150312278e-06,0.0009501852910034359,0.00031009092344902456,1.9062885257881135e-05,0.00031600354122929275,0.02173890918493271,0.027738850563764572,0.0,0.01957789808511734,0.00012776436051353812,0.28420490026474,4.3697660601083044e-08,,,,,
919,0.01828424446284771,6.529637734378897e-05,48.24144711496774,0.2971092462539673,0.0026647138874977827,0.0007106848061084747,2.7948799470323138e-05,7.851142981962766e-06,0.000665040104649961,0.00031561823561787605,1.9051598428632133e-05,0.0003194986784365028,0.022762872278690338,0.022971374914050102,0.0,0.03411432355642319,2.984017010021489e-05,0.2842597961425781,4.687657195745487e-08,,,,,
920,0.016912629827857018,6.492299846390025e-05,48.292963744024746,0.27420714497566223,0.0023644950706511736,0.0007929338607937098,2.8740307243424468e-05,7.901846402091905e-06,0.0007023049402050674,0.0003174814919475466,1.9152310414938256e-05,0.0003207428380846977,0.013206827454268932,0.011911271139979362,0.0,0.026595551520586014,9.541480540065095e-05,0.2843177914619446,7.499009768707765e-08,,,,,
921,0.014047260396182537,6.455416035827612e-05,48.34428735502297,0.5397866368293762,0.0024798267986625433,0.0005810115253552794,3.202517837053165e-05,8.149830136972014e-06,0.0005136227118782699,0.0003149614203721285,1.9322396838106215e-05,0.0003186903486493975,0.011072640307247639,0.01333443634212017,0.0,0.014860703609883785,8.799949864624068e-05,0.28437575697898865,8.658195582711414e-08,,,,,
922,0.01550077460706234,6.418986666719976e-05,48.39605343097355,0.07091520726680756,0.002230037935078144,0.0005913854110985994,2.788259371300228e-05,8.060413165367208e-06,0.0007947217673063278,0.00030770731973461807,1.9515024177962914e-05,0.0003141301858704537,0.009053785353899002,0.019979627802968025,0.0,0.013360504060983658,0.0001593303313711658,0.28443169593811035,7.240722510459818e-08,,,,,
923,0.01606588624417782,6.38301209861028e-05,48.446504372986965,0.47441336512565613,0.0022631294559687376,0.0006254121544770896,2.353329909965396e-05,7.909056876087561e-06,0.0006332206539809704,0.00030654322472400963,1.9679224351421e-05,0.00031535947346128523,0.004517638590186834,0.029624205082654953,0.0,0.018390461802482605,0.0001190086841234006,0.2844845950603485,2.3646281022138282e-07,,,,,
924,0.015270207077264786,6.347492686552988e-05,48.49832568800775,0.45784425735473633,0.0025570406578481197,0.0005338040064089,2.7005455194739625e-05,9.315317583968863e-06,0.0005485725123435259,0.000306699046632275,1.9738909031730145e-05,0.00031539148767478764,0.020136386156082153,0.01899443194270134,0.0,0.022548077628016472,0.0001251481444342062,0.2845364809036255,3.142034188385878e-07,,,,,
925,0.01628998853266239,6.312428781110366e-05,48.54950366000412,0.1667146384716034,0.002469336148351431,0.000549148244317621,2.481590308889281e-05,9.868977031146642e-06,0.0008209145162254572,0.00030797102954238653,1.974373844859656e-05,0.00031430425588041544,0.0019521575886756182,0.02370172180235386,0.0,0.030369579792022705,8.40795473777689e-05,0.28458836674690247,4.461035274516689e-08,6.405234856616947,8.17676441232388,1.1340096643112352,0.9579381449003798,5.411780673705014
926,0.014412137679755688,6.277820728348992e-05,48.6297670659842,0.1349814385175705,0.0020266021601855755,0.0006571848643943667,2.4034463422140107e-05,8.367298505618237e-06,0.0006956052966415882,0.00031424732878804207,1.972152131202165e-05,0.00031779499840922654,0.006883980706334114,0.01011212170124054,0.0,0.01746586337685585,4.6925011702114716e-05,0.284641295671463,4.726151558998026e-08,,,,,
927,0.016380982473492622,6.243668869836385e-05,48.68207571201492,0.3857501745223999,0.002105410909280181,0.0006640419596806169,2.3685992346145213e-05,7.974578693392687e-06,0.0006649537244811654,0.0003215829492546618,1.97309855138883e-05,0.00032324844505637884,0.009534420445561409,0.023120008409023285,0.0,0.028250455856323242,1.3846749425283633e-05,0.28469318151474,5.686035109420118e-08,,,,,
928,0.014288938604295254,6.209973542637582e-05,48.733379936020356,0.5934451222419739,0.0028233572375029325,0.000576186750549823,2.3305841750698164e-05,8.077945494733285e-06,0.0006230680737644434,0.00032023730454966426,1.9819715816993266e-05,0.00032215917599387467,0.0028002923354506493,0.008920600637793541,0.0,0.022767728194594383,0.00011167960474267602,0.2847471237182617,9.9161027833361e-08,,,,,
929,0.01486008707433939,6.17673507931189e-05,48.786269399977755,0.20990653336048126,0.002514462685212493,0.0005776340840384364,2.6424202587804757e-05,7.41630356060341e-06,0.0005956427194178104,0.00030915916431695223,1.997011167986784e-05,0.0003142016939818859,0.01192614994943142,0.017921926453709602,0.0,0.016397416591644287,6.396639946615323e-05,0.28480106592178345,1.5863527380588494e-08,,,,,
930,0.0155823128297925,6.143953807909503e-05,48.837316189019475,0.5384771823883057,0.0026279613375663757,0.0006120054167695343,1.9431648979661986e-05,7.82557253842242e-06,0.0007426263764500618,0.00030493384110741317,2.012700861087069e-05,0.0003138334723189473,0.006711140275001526,0.00770916510373354,0.0,0.038749709725379944,4.75583401566837e-05,0.28485196828842163,5.8654698875670874e-08,,,,,
931,0.01764237880706787,6.111630051968333e-05,48.88894937298028,0.27961093187332153,0.0025889079552143812,0.0006356726516969502,2.4707991542527452e-05,8.057857485255226e-06,0.0005738058243878186,0.00030501873698085546,2.01958573597949e-05,0.00031482402118854225,0.025858435779809952,0.03159952908754349,0.0,0.020493648946285248,0.00014109030598774552,0.28490695357322693,1.0660539118134693e-08,,,,,
932,0.018723132088780403,6.0797641305108106e-05,48.940534518973436,0.28390589356422424,0.0026111574843525887,0.0005738306790590286,2.5839388399617746e-05,8.056606020545587e-06,0.0010073839221149683,0.0003042798489332199,2.0130741177126765e-05,0.00031339499400928617,0.027084430679678917,0.026934796944260597,0.0,0.026044514030218124,8.128686749842018e-05,0.28496089577674866,1.1734664351337187e-09,,,,,
933,0.01801139861345291,6.048356358040719e-05,48.99194442701992,0.10288964211940765,0.002890859730541706,0.0006021228618919849,2.5209901650669053e-05,6.9541797529382166e-06,0.0005617741262540221,0.00030449373298324645,2.0047978978254832e-05,0.00031153683084994555,0.017849121242761612,0.03831609711050987,0.0,0.023409713059663773,0.00012165580847067758,0.2850138545036316,1.0559335805737646e-06,,,,,
934,0.016184309497475624,6.017407044540078e-05,49.04369179200148,0.12910178303718567,0.002591947326436639,0.000780274742282927,2.3168118786998093e-05,7.317293693631655e-06,0.0003360717964824289,0.0003079533053096384,1.9914192307624035e-05,0.00031273887725546956,0.01636658050119877,0.012322518974542618,0.0,0.03619172424077988,0.00011517948587425053,0.2850668132305145,8.24468742166573e-08,,,,,
935,0.016953200101852417,5.9869164954661223e-05,49.095225196972024,0.2263508439064026,0.0025297210086137056,0.0006536325672641397,2.1150535758351907e-05,8.594528480898589e-06,0.0007970367441885173,0.00031198133365251124,1.9804489056696184e-05,0.0003153581637889147,0.015620128251612186,0.017733940854668617,0.0,0.027940217405557632,1.9419981981627643e-05,0.2851238250732422,1.4401973658095812e-07,,,,,
936,0.017157990485429764,5.9568850117482746e-05,49.147404812974855,0.37640252709388733,0.002764043863862753,0.0004832208505831659,2.35213665291667e-05,7.16110616849619e-06,0.0008102585561573505,0.00031281530391424894,1.9710136257344857e-05,0.0003159671323373914,0.014695154502987862,0.026751119643449783,0.0,0.03581910952925682,3.9642443880438805e-05,0.28517985343933105,5.811452652437765e-09,,,,,
937,0.015072164125740528,5.927312889785146e-05,49.20006225601537,0.14350764453411102,0.002704101614654064,0.0006035080878064036,2.6193923986284062e-05,8.3370641732472e-06,0.0004904961097054183,0.0003080749011132866,1.967360731214285e-05,0.00031273410422727466,0.02055138722062111,0.017593471333384514,0.0,0.01206246204674244,0.00011904696293640882,0.28523892164230347,2.264355813963448e-08,,,,,
938,0.015618241392076015,5.8982004214416365e-05,49.25167186500039,0.11814463138580322,0.002338142367079854,0.0006192894070409238,2.2998929125606082e-05,8.136154065141454e-06,0.0005395037005655468,0.0003059071023017168,1.967361276911106e-05,0.00031152827432379127,0.016488321125507355,0.01819097250699997,0.0,0.028654133901000023,6.315691280178726e-05,0.28529393672943115,1.4100224632329628e-07,,,,,
939,0.01735673099756241,5.8695478940460573e-05,49.30307579599321,0.09862371534109116,0.0026395893655717373,0.0005961768329143524,2.6793282813741826e-05,7.800704224791843e-06,0.0009024938917718828,0.000303950859233737,1.9635081116575748e-05,0.00031088339164853096,0.01865040697157383,0.017669202759861946,0.0,0.030941631644964218,3.388533878023736e-05,0.28534895181655884,3.5675860488026956e-08,,,,,
940,0.015375922434031963,5.841355590387286e-05,49.35536378598772,0.28881657123565674,0.0025246606674045324,0.000687791034579277,2.351347211515531e-05,8.23029586172197e-06,0.0004720918950624764,0.0003034414548892528,1.9549026546883397e-05,0.00031111013959161937,0.0018652882426977158,0.014639046974480152,0.0,0.03595513477921486,7.812827243469656e-05,0.2854050099849701,7.48038360143255e-08,,,,,
941,0.017002785578370094,5.8136237887119895e-05,49.40638281498104,0.2528283894062042,0.0028709592297673225,0.0006392113864421844,1.8557917428552173e-05,7.255082891788334e-06,0.0006752958288416266,0.00030407222220674157,1.9427427105256356e-05,0.0003111340047325939,0.010798204690217972,0.021592848002910614,0.0,0.031093552708625793,9.479306754656136e-05,0.2854641079902649,5.010515558012685e-09,,,,,
942,0.017923695966601372,5.786352762721838e-05,49.45802777801873,0.0543416403234005,0.0025423732586205006,0.0008305846713483334,2.0023355318699032e-05,7.784519766573794e-06,0.0006700628437101841,0.00030682404758408666,1.9311839423608035e-05,0.00031242475961335003,0.022269852459430695,0.01566704735159874,0.0,0.02711055800318718,2.5346213078591973e-05,0.2855221927165985,1.0482345658147096e-07,,,,,
943,0.01688298210501671,5.759542781570865e-05,49.509876671014354,0.20036286115646362,0.002333976561203599,0.00071300333365798,2.9063796318951063e-05,7.700016794842668e-06,0.0007420845213346183,0.0003113446873612702,1.9229899407946505e-05,0.0003155786544084549,0.014233709312975407,0.012854921631515026,0.0,0.03152116388082504,0.00020392981241457164,0.2855813205242157,1.1152899048738618e-07,,,,,
944,0.014593605883419514,5.733194109862747e-05,49.56110863399226,0.3488845229148865,0.0022237144876271486,0.0005184059264138341,2.919480175478384e-05,7.689857739023864e-06,0.0006590585107915103,0.00031335270614363253,1.918569796544034e-05,0.00031719644903205335,0.01016570907086134,0.011982215568423271,0.0,0.03328433260321617,0.0001082171147572808,0.28564146161079407,2.582868141587369e-08,,,,,
945,0.015559475868940353,5.707307007648242e-05,49.61233923898544,0.11122006177902222,0.0027782709803432226,0.0005944575532339513,2.3043248802423477e-05,8.296659871120937e-06,0.0005919509567320347,0.0003102336195297539,1.919536225614138e-05,0.00031504276557825506,0.009766302071511745,0.01735854521393776,0.0,0.02500241808593273,0.00014175573596730828,0.2857026159763336,8.550783547889296e-08,,,,,
946,0.015237038023769855,5.6818817304225936e-05,49.66265516896965,0.08694854378700256,0.0024764572735875845,0.0006402668659575284,2.551194847910665e-05,7.603435278724646e-06,0.0006371649214997888,0.000307989219436422,1.928650999616366e-05,0.0003136468876618892,0.002793671563267708,0.015626298263669014,0.0,0.026177983731031418,2.5502344215055928e-05,0.2857617437839508,1.8545737390240902e-08,,,,,
947,0.015511943027377129,5.65691852912303e-05,49.71606876299484,0.18045192956924438,0.0026749896351248026,0.0006412214133888483,2.4844011932145804e-05,8.929040632210672e-06,0.0006241159280762076,0.00030625579529441893,1.9343728126841597e-05,0.0003128895186819136,0.003018054412677884,0.02056259661912918,0.0,0.016885405406355858,0.00010395928984507918,0.2858209013938904,4.696349975574776e-08,,,,,
948,0.0172860287129879,5.632417650126269e-05,49.76802105898969,0.2238135188817978,0.002289408817887306,0.0007557732751592994,2.047766429313924e-05,1.0102859960170463e-05,0.0007075386820361018,0.0003062788746319711,1.939566391229164e-05,0.00031309365294873714,0.025600753724575043,0.014475616626441479,0.0,0.02351047843694687,0.00019274555961601436,0.2858780026435852,2.428268786047738e-08,,,,,
949,0.01716628111898899,5.608379335246091e-05,49.82045141200069,0.09564141929149628,0.002690217224881053,0.0006478937575593591,1.9588485884014517e-05,8.842882380122319e-06,0.0007189763127826154,0.0003069811500608921,1.9425435311859474e-05,0.00031324237352237105,0.015849215909838676,0.02408645488321781,0.0,0.02183380350470543,0.00011920206452487037,0.28593409061431885,5.975365979793423e-08,,,,,
950,0.016942711547017097,5.584803821730962e-05,49.8712731829728,0.05571478605270386,0.002692906651645899,0.0007411539554595947,2.3423199309036136e-05,9.86230679700384e-06,0.0006097006262280047,0.00030773357138969004,1.9451048501650803e-05,0.0003133897844236344,0.008178338408470154,0.01832941547036171,0.0,0.030450494959950447,6.173845758894458e-05,0.2859891653060913,4.783273510611252e-08,6.336576792679116,8.091742724850075,1.1485028049247257,0.902970689010455,5.346869529798156
951,0.016173649579286575,5.56169134226168e-05,49.95516975899227,0.1735730916261673,0.0028176831547170877,0.0006912244716659188,2.0095438230782747e-05,7.079378974594874e-06,0.000627400353550911,0.0003087188524659723,1.9495766537147574e-05,0.00031369985663332045,0.010513665154576302,0.016330402344465256,0.0,0.022394027560949326,3.939330781577155e-05,0.2860432267189026,1.1651094382614247e-06,,,,,
952,0.016684571281075478,5.539042124949088e-05,50.007248175970744,0.046467579901218414,0.002821538830175996,0.0006507874350063503,2.3002285161055624e-05,7.495220415876247e-06,0.0007627103477716446,0.0003075105487369001,1.955560946953483e-05,0.00031260098330676556,0.0168316513299942,0.019972816109657288,0.0,0.012854850850999355,9.739488450577483e-05,0.28609728813171387,4.0195885731009184e-08,,,,,
953,0.016834039241075516,5.516856393331816e-05,50.05992892902577,0.06096319109201431,0.0023602943401783705,0.0007933368906378746,2.3144579245126806e-05,7.3234823503298685e-06,0.0006594605511054397,0.00030650736880488694,1.9646526197902858e-05,0.0003116103762295097,0.00967394094914198,0.013762885704636574,0.0,0.029489418491721153,0.0001312075328314677,0.2861472964286804,1.3541430199381921e-08,,,,,
954,0.015599599108099937,5.495134366374081e-05,50.111862013000064,0.18324647843837738,0.002925972221419215,0.0006855942192487419,2.373211464146152e-05,7.655225999769755e-06,0.0004530505684670061,0.0003051112580578774,1.9772038285736926e-05,0.0003103485214523971,0.005169358104467392,0.020215053111314774,0.0,0.01990756392478943,7.260788697749376e-05,0.2861972749233246,2.086162576020456e-09,,,,,
955,0.014709724113345146,5.473876258463517e-05,50.163570470991544,0.12415063381195068,0.0024056043475866318,0.0005958438850939274,2.798897730826866e-05,7.438821739924606e-06,0.00039021018892526627,0.0003025262267328799,1.9897821402992122e-05,0.0003085446369368583,0.003273710375651717,0.013748697005212307,0.0,0.04596691206097603,7.790052040945739e-05,0.28624728322029114,8.056561995317679e-08,,,,,
956,0.016297761350870132,5.453082279409069e-05,50.216159098024946,0.04162125661969185,0.002850965829566121,0.0006622920627705753,2.2451815311796963e-05,6.857769676571479e-06,0.0007480684434995055,0.00030132499523460865,1.9969185814261436e-05,0.00030769340810365975,0.004280141554772854,0.013677410781383514,0.0,0.02935396134853363,0.00010930650751106441,0.286302387714386,3.082491559780465e-07,,,,,
957,0.014814426191151142,5.432752634438913e-05,50.267211952013895,0.11786089092493057,0.0027500889264047146,0.0006052394746802747,2.009950185311027e-05,7.0605092332698405e-06,0.0005447074072435498,0.000300588202662766,2.002530345635023e-05,0.0003071644459851086,0.0028263824060559273,0.015295686200261116,0.0,0.0260650422424078,9.56607109401375e-05,0.2863585352897644,7.452443639976991e-08,,,,,
958,0.01689288020133972,5.412887524198437e-05,50.31794672901742,0.22199837863445282,0.0024802370462566614,0.0007698922418057919,2.4237093384726904e-05,8.138925295497756e-06,0.0004480535280890763,0.00030071960645727813,2.0027573555125855e-05,0.0003071474202442914,0.011799969710409641,0.02619326487183571,0.0,0.02321750670671463,6.401904101949185e-05,0.2864146828651428,8.89406919668545e-07,,,,,
959,0.01636088639497757,5.393487144748267e-05,50.36931186798029,0.07919251918792725,0.00239998078905046,0.000592048279941082,2.030174437095411e-05,8.459321179543622e-06,0.00062182656256482,0.0003025071928277612,2.003764166147448e-05,0.00030793820042163134,0.014801941812038422,0.026494354009628296,0.0,0.024598851799964905,0.00012231913569848984,0.2864687740802765,7.060046414153476e-08,,,,,
960,0.016092056408524513,5.374551687562306e-05,50.42154588497942,0.10332275927066803,0.0025304770097136497,0.0006357625825330615,2.4654478693264537e-05,8.64125740918098e-06,0.00047853554133325815,0.00030430685728788376,2.0035391571582295e-05,0.00030902682919986546,0.015705091878771782,0.02385539934039116,0.0,0.024633977562189102,0.00011230235395487398,0.28652286529541016,3.925835301288316e-08,,,,,
961,0.015402637422084808,5.356081339525873e-05,50.47364857600769,0.15459635853767395,0.0022645210847258568,0.0006694194162264466,2.4022785510169342e-05,7.871548405091744e-06,0.0004947387496940792,0.00030610692920163274,2.0038640286657028e-05,0.00031021624454297125,0.015653925016522408,0.019053103402256966,0.0,0.01944095827639103,0.00010510330321267247,0.2865769863128662,9.535500566926203e-08,,,,,
962,0.015216201543807983,5.338076282933854e-05,50.52640489599435,0.1237696036696434,0.0024805045686662197,0.0006220931536518037,2.5018824089784175e-05,8.247582627518568e-06,0.00042859092354774475,0.0003059841983485967,2.0088458768441342e-05,0.00031024307827465236,0.009802873246371746,0.02470538020133972,0.0,0.018072718754410744,0.00012748123845085502,0.2866290807723999,1.5689059296164487e-07,,,,,
963,0.01795395277440548,5.3205366954888794e-05,50.57852441602154,0.19447502493858337,0.002547613112255931,0.0008184425532817841,1.772370160324499e-05,7.89386103861034e-06,0.0006477066781371832,0.0003046559577342123,2.0156363461865112e-05,0.000309575698338449,0.008762271143496037,0.020159870386123657,0.0,0.03491149842739105,9.541156759951264e-05,0.28667911887168884,1.1610489236701937e-09,,,,,
964,0.015229557640850544,5.303462750299601e-05,50.62959647097159,0.053324855864048004,0.002328435657545924,0.0006134372088126838,2.524373667256441e-05,7.60039529268397e-06,0.00041658742702566087,0.00030216493178159,2.0198649508529343e-05,0.0003084233612753451,0.014159146696329117,0.019213126972317696,0.0,0.030009422451257706,0.00015905052714515477,0.28673118352890015,1.4866392916701443e-07,,,,,
965,0.01743631809949875,5.286854615878964e-05,50.680752485000994,0.10017722845077515,0.002344351727515459,0.0007369741215370595,2.3381373466691002e-05,8.175828043022193e-06,0.0007516294717788696,0.0003009089850820601,2.0196599507471547e-05,0.0003083364572376013,0.009335286915302277,0.024207355454564095,0.0,0.023633548989892006,9.75859584286809e-05,0.286784291267395,7.93052308267761e-08,,,,,
966,0.01720365695655346,5.270712456142551e-05,50.733484475989826,0.3185897171497345,0.0023358881007879972,0.0007325689657591283,2.3468810468330048e-05,8.176290066330694e-06,0.0007625402649864554,0.00030061198049224913,2.0176157704554498e-05,0.0003086584329139441,0.019866324961185455,0.012362240813672543,0.0,0.03295686095952988,5.6009594118222594e-05,0.2868374288082123,7.179875893825738e-08,,,,,
967,0.01486445777118206,5.255036430406964e-05,50.78678037197096,0.21929018199443817,0.0028246596921235323,0.0005400634836405516,2.226239121227991e-05,7.651173291378655e-06,0.0005697458400391042,0.0003014765097759664,2.017033693846315e-05,0.00030868808971717954,0.012515305541455746,0.017789769917726517,0.0,0.019599884748458862,4.7482215450145304e-05,0.2868925929069519,2.7287750725690785e-08,,,,,
968,0.016909461468458176,5.2398266933882417e-05,50.838417102990206,0.12808358669281006,0.002614462049677968,0.0005707362433895469,2.5464605641900562e-05,8.135760253935587e-06,0.0007742084562778473,0.00030446526943705976,2.0149082047282718e-05,0.0003099129244219512,0.018182599917054176,0.02594696916639805,0.0,0.021157536655664444,1.737253842293285e-05,0.2869457006454468,2.787758912603522e-09,,,,,
969,0.016031421720981598,5.2250833952003546e-05,50.89034820802044,0.2708871066570282,0.0029489274602383375,0.0005748263793066144,2.565418071753811e-05,6.945541372260777e-06,0.0007032474386505783,0.00030989156221039593,2.016575490415562e-05,0.0003133564896415919,0.020647283643484116,0.012535221874713898,0.0,0.02548159658908844,4.974467447027564e-05,0.28699782490730286,3.3322720582873444e-08,,,,,
970,0.016849210485816002,5.2108066813537e-05,50.94180285301991,0.47207626700401306,0.002492295578122139,0.0006855231476947665,2.6978657842846587e-05,8.033229278225917e-06,0.00048276945017278194,0.000311974756186828,2.0223667888785712e-05,0.00031477923039346933,0.033815667033195496,0.019049009308218956,0.0,0.023129619657993317,9.59621393121779e-05,0.2870509624481201,6.101714689066284e-07,,,,,
971,0.014946242794394493,5.1969966927536814e-05,50.99385191797046,0.34780240058898926,0.0025301058776676655,0.0006032106466591358,2.389254586887546e-05,9.555837095831521e-06,0.0006005718605592847,0.0003067741636186838,2.028551352850627e-05,0.00031098834006115794,0.021191146224737167,0.00849287398159504,0.0,0.024005403742194176,1.9066887034568936e-05,0.2871030867099762,1.6770014710232317e-08,,,,,
972,0.017458295449614525,5.183653565699306e-05,51.04517729498912,0.12951672077178955,0.0028311607893556356,0.0006695684278383851,2.3952969058882445e-05,1.0330257282475941e-05,0.0004479179042391479,0.0003012332890648395,2.0279303498682566e-05,0.0003081446629948914,0.005886140279471874,0.033953092992305756,0.0,0.03149918466806412,0.00016152215539477766,0.2871541678905487,1.2805498954548966e-06,,,,,
973,0.016553984954953194,5.1707774318818616e-05,51.0962140840129,0.4885777235031128,0.0026609189808368683,0.0006354951183311641,2.5101724531850778e-05,1.0818013834068552e-05,0.0007794026168994606,0.00030017021344974637,2.0232728275004774e-05,0.0003092959523200989,0.004941442981362343,0.017806777730584145,0.0,0.030238879844546318,8.407803397858515e-05,0.2872052788734436,6.015723386099125e-08,,,,,
974,0.014564364217221737,5.158368418383582e-05,51.1485395039781,0.3420773446559906,0.0027103449683636427,0.0005836004274897277,2.5607732823118567e-05,8.78112405189313e-06,0.0005708792596124113,0.00029951633769087493,2.0133044017711654e-05,0.0003086644865106791,0.011927695944905281,0.013144080527126789,0.0,0.017865117639303207,4.874500154983252e-05,0.28725743293762207,6.77009381888638e-08,,,,,
975,0.016192203387618065,5.146426647676422e-05,51.20019686699379,0.13829876482486725,0.0027787808794528246,0.0006587376701645553,1.8421495042275637e-05,7.934362656669691e-06,0.0006655335309915245,0.000298878614557907,1.9977444026153535e-05,0.0003065717173740268,0.006569088902324438,0.016456589102745056,0.0,0.026876065880060196,0.00020190778013784438,0.2873064875602722,2.4201970205695034e-08,6.25330043763177,7.985192472324002,1.1540494993601558,0.8016577068291887,5.282161030305391
976,0.013891671784222126,5.134952237620838e-05,51.28267819498433,0.13411758840084076,0.0022003238555043936,0.0005231611430644989,2.3978234821697697e-05,7.636022928636521e-06,0.0005220585153438151,0.00029961334075778723,1.9745311874430627e-05,0.00030579959275200963,0.013325612992048264,0.017064522951841354,0.0,0.01985698752105236,4.032572905998677e-05,0.28735557198524475,1.3901541251470917e-07,,,,,
977,0.01514029037207365,5.123945301464625e-05,51.33418913197238,0.19998644292354584,0.002403075573965907,0.0006506484933197498,2.9659282517968677e-05,7.472825927834492e-06,0.0004569079028442502,0.00030262547079473734,1.9546843759599142e-05,0.00030730312573723495,0.011187742464244366,0.019939027726650238,0.0,0.017281876876950264,0.00021283743262756616,0.28740260004997253,1.2563540963128617e-07,,,,,
978,0.017524689435958862,5.113405947841802e-05,51.38720875896979,0.15641231834888458,0.0027209222316741943,0.0007255708333104849,2.521618989703711e-05,7.91654110798845e-06,0.0007192299235612154,0.0003044026088900864,1.937948036356829e-05,0.00030845432775095105,0.02632325142621994,0.009629005566239357,0.0,0.033602841198444366,0.00012347193842288107,0.28744760155677795,1.321106083196355e-06,,,,,
979,0.014463459141552448,5.10333428077153e-05,51.439093269000296,0.28229156136512756,0.0024334450718015432,0.0006155985174700618,2.7936246624449268e-05,8.614682883489877e-06,0.0005175994010642171,0.00030498296837322414,1.926990444189869e-05,0.00030891431379131973,0.0048111556097865105,0.014070621691644192,0.0,0.024541649967432022,8.591696678195149e-05,0.2874956727027893,7.093760245879821e-07,,,,,
980,0.016076751053333282,5.093730399657101e-05,51.49024086399004,0.20670828223228455,0.002610239665955305,0.0006090463721193373,3.030339939869009e-05,7.175834980444051e-06,0.0007088155252858996,0.00030272069852799177,1.9193714251741767e-05,0.0003074605774600059,0.01986180990934372,0.01604243740439415,0.0,0.02123274654150009,2.3889369913376868e-05,0.28754374384880066,1.37891618123831e-06,,,,,
981,0.014750361442565918,5.0845943992849396e-05,51.54155601997627,0.11114166676998138,0.0019569441210478544,0.0006968687521293759,3.0123872420517728e-05,7.6405267463997e-06,0.0005118430126458406,0.0002999598509632051,1.9160876036039554e-05,0.00030600454192608595,0.015491273254156113,0.011892655864357948,0.0,0.022209089249372482,2.7571031750994734e-05,0.28758975863456726,4.695604900462058e-07,,,,,
982,0.016641123220324516,5.0759263698236864e-05,51.59374616399873,0.37227654457092285,0.00255338242277503,0.0006192579749040306,2.190513623645529e-05,8.460749086225405e-06,0.0008132465882226825,0.00029859025380574167,1.9127153791487217e-05,0.0003060076851397753,0.0081947585567832,0.01841380074620247,0.0,0.03235180675983429,2.0214944015606306e-05,0.28763577342033386,5.854914775227371e-09,,,,,
983,0.01773902401328087,5.067726396823285e-05,51.643979767977726,0.2568170428276062,0.0025633350014686584,0.0006661610095761716,1.964927650988102e-05,1.0436810953251552e-05,0.000839084736071527,0.0002992745430674404,1.9119474018225446e-05,0.00030657585011795163,0.009512717835605145,0.023961171507835388,0.0,0.030962586402893066,7.859425386413932e-05,0.2876848876476288,1.418963222477032e-07,,,,,
984,0.015793809667229652,5.0599945612141705e-05,51.69563068600837,0.10448899865150452,0.0022546485997736454,0.0006713063339702785,2.185116863984149e-05,9.987484190787654e-06,0.0005576542462222278,0.0003008445492014289,1.9112218069494702e-05,0.00030724768294021487,0.008882615715265274,0.017608292400836945,0.0,0.03402404487133026,1.8467770132701844e-05,0.2877350151538849,3.283222582695089e-08,,,,,
985,0.017282821238040924,5.0527309393064295e-05,51.74629373598145,0.2245945930480957,0.002207111334428191,0.0007538567297160625,2.089047120534815e-05,9.512097676633857e-06,0.0007644125143997371,0.00030290501308627427,1.910458377096802e-05,0.0003084489144384861,0.017490636557340622,0.014405423775315285,0.0,0.029590174555778503,0.0001870050182333216,0.28778719902038574,4.754090809910849e-08,,,,,
986,0.016273856163024902,5.045935602789076e-05,51.798207572021056,0.09187263995409012,0.0026534285861998796,0.0006713418988510966,2.1764382836408913e-05,8.845992852002382e-06,0.0007435450097545981,0.00030538588180206716,1.9075128875556402e-05,0.0003101332695223391,0.0031212838366627693,0.017298463732004166,0.0,0.026564866304397583,4.557875217869878e-05,0.28784042596817017,4.60880471564451e-08,,,,,
987,0.017201829701662064,5.039608618729346e-05,51.849948982999194,0.3241892158985138,0.0029674971010535955,0.0007146308198571205,2.3360711566056125e-05,8.050863470998593e-06,0.00046975957229733467,0.0003069631347898394,1.9093695300398394e-05,0.0003113318234682083,0.016217170283198357,0.024863677099347115,0.0,0.024411363527178764,9.088977822102606e-05,0.2878936231136322,2.572934043598707e-08,,,,,
988,0.015356270596385002,5.033750049572013e-05,51.90189822297543,0.17887629568576813,0.0024236436001956463,0.0007158837979659438,2.2424181224778295e-05,7.63402204029262e-06,0.0005882628611288965,0.0003044692857656628,1.9144721591146663e-05,0.0003096975269727409,0.010022086091339588,0.013332079164683819,0.0,0.018580656498670578,8.081701525952667e-05,0.2879468500614166,3.2192719601198405e-08,,,,,
989,0.019622622057795525,5.028359953138787e-05,51.953059263993055,0.34053775668144226,0.0027749405708163977,0.0008335483144037426,2.425113598292228e-05,7.406757504213601e-06,0.0007357017020694911,0.0003012436500284821,1.9233539205743e-05,0.00030782847898080945,0.015130478888750076,0.030672503635287285,0.0,0.027444327250123024,2.523705188650638e-05,0.2879980206489563,2.0323322758031281e-07,,,,,
990,0.01717730611562729,5.023438382627749e-05,52.00481109198881,0.1288251131772995,0.0024636758025735617,0.000720094598364085,2.4767407012404874e-05,7.622385055583436e-06,0.0005318453768268228,0.00030165191856212914,1.935564614541363e-05,0.00030825153226032853,0.009732242673635483,0.028844714164733887,0.0,0.02698439545929432,7.98612818471156e-05,0.28804919123649597,1.6621005016759227e-08,,,,,
991,0.014019360765814781,5.018985386612814e-05,52.054796751006506,0.048445116728544235,0.002482471987605095,0.0007253363146446645,2.18612804019358e-05,7.351392468990525e-06,0.00045351029257290065,0.0003027376951649785,1.947346936503891e-05,0.0003088820376433432,0.004687568172812462,0.006899962667375803,0.0,0.019406724721193314,2.7212759960093535e-05,0.2881014049053192,2.9473255835910095e-08,,,,,
992,0.01671527698636055,5.015001009043253e-05,52.10688228299841,0.2969229221343994,0.002923538675531745,0.0005882079713046551,2.0227198547217995e-05,6.956147444725502e-06,0.0005232848925516009,0.0003036378766410053,1.9550461729522794e-05,0.00030937284464016557,0.007926259189844131,0.03087295964360237,0.0,0.02845456823706627,0.00010506785474717617,0.2881515920162201,1.9284586372236845e-08,,,,,
993,0.01618213951587677,5.0114852892432584e-05,52.15835674101254,0.16248400509357452,0.002059357240796089,0.0006191977299749851,2.1766696590930223e-05,7.623644250998041e-06,0.0005658336449414492,0.00030189563403837383,1.9577999410103075e-05,0.0003082662879023701,0.01592063158750534,0.02679954282939434,0.0,0.025639325380325317,0.00014968568575568497,0.28820276260375977,1.753990908071046e-08,,,,,
994,0.014384474605321884,5.008438261911574e-05,52.21095152798807,0.09930860251188278,0.002865852089598775,0.0005412554601207376,2.1493349777301773e-05,7.490453754144255e-06,0.0004354917327873409,0.00029971692129038274,1.9599503502831794e-05,0.0003071365354117006,0.00970498938113451,0.011791115626692772,0.0,0.03399081155657768,9.480389417149127e-05,0.2882539629936218,1.1249134956869966e-07,,,,,
995,0.01625915989279747,5.005859957121122e-05,52.26264349499252,0.2925388514995575,0.002047728281468153,0.0007175648352131248,2.6318011805415154e-05,8.41595738165779e-06,0.0006424887687899172,0.0002988564665429294,1.9577948478399776e-05,0.00030679881456308067,0.01542562898248434,0.015698332339525223,0.0,0.028452206403017044,9.447147749597207e-05,0.28830620646476746,2.5518238189192743e-08,,,,,
996,0.014427500776946545,5.003750400318735e-05,52.313877289008815,0.08330056071281433,0.0027568128425627947,0.0006610678392462432,2.1800527974846773e-05,7.465246198989917e-06,0.0005270048277452588,0.0002989947679452598,1.9537472326192074e-05,0.0003062197065446526,0.0034529760014265776,0.013711965642869473,0.0,0.011959470808506012,0.0001454815937904641,0.2883584499359131,5.656232371364922e-09,,,,,
997,0.01675930805504322,5.0021096123248834e-05,52.364809239981696,0.1379406452178955,0.002654879819601774,0.0008198510622605681,2.4550361558794975e-05,8.988987246993929e-06,0.0004725715552922338,0.0002996241382788867,1.9488468751660548e-05,0.0003060425806324929,0.009814541786909103,0.017178261652588844,0.0,0.027343625202775,4.956483462592587e-05,0.2884075939655304,1.5615174930871945e-08,,,,,
998,0.016368864104151726,5.000937609333487e-05,52.416485627996735,0.12179465591907501,0.002269427990540862,0.0007578857475891709,2.0865172700723633e-05,7.379759608738823e-06,0.000700890552252531,0.0002997001865878701,1.943125607795082e-05,0.0003058803849853575,0.009735864587128162,0.014835458248853683,0.0,0.025279834866523743,2.2074718799558468e-05,0.2884567677974701,4.5696895156766004e-09,,,,,
999,0.015842020511627197,5.000234402911735e-05,52.4696609749808,0.1886698603630066,0.002136529190465808,0.0006673070602118969,1.995216734940186e-05,7.708602424827404e-06,0.0006226495606824756,0.000300943007459864,1.9371909729670733e-05,0.0003064467164222151,0.0022688719909638166,0.015130683779716492,0.0,0.03742457181215286,0.00040507601806893945,0.2885059416294098,9.381523113916046e-09,,,,,
1000,0.017020251601934433,5e-05,52.52133697102545,0.08853807300329208,0.0026979597751051188,0.0006563089555129409,2.5654187993495725e-05,7.101119535946054e-06,0.0006877912674099207,0.00030212601996026933,1.9312594304210506e-05,0.00030702425283379853,0.004698033444583416,0.024705419316887856,0.0,0.026338178664445877,0.00027054763631895185,0.288559228181839,2.155266827230662e-07,6.312168730839721,8.05359111829694,1.1748937431866193,0.713913769235061,5.35800452184384
