epoch,loss,learning_rate,training_seconds,gradient_norm,simulation,top,hot,cold,top_center,top_tail,top_tail_slope,top_tail_endpoint,pde,boundary,initial,interface,low_cooling,contact_prior,temporal,validation_score_k,validation_顶部_rmse_k,validation_热端_rmse_k,validation_冷端_rmse_k,validation_中心后段_rmse_k
1,14.740429878234863,0.0009999976559708827,0.34315459901699796,54.2520751953125,0.31894680857658386,0.8133783340454102,0.0035384714137762785,0.001546348910778761,1.0568112134933472,0.9085082411766052,1.710156720946543e-05,0.9090797901153564,2.2961194190429524e-05,0.0039778295904397964,0.0,0.0005603688769042492,0.0005880820099264383,0.0,1.314866040047491e-06,195.4928264200778,206.20370033712538,8.48626373530843,13.308847850511258,260.20237817850557
2,10.921780586242676,0.0009999906239066651,0.7013350719935261,37.697235107421875,0.2650972306728363,0.5877739191055298,0.0012515706475824118,0.003194640390574932,0.7970170974731445,0.6784429550170898,1.2868251360487193e-05,0.6791203022003174,3.7140514905331656e-05,0.013955319300293922,0.0,0.0003217971825506538,0.005293229129165411,5.952470019110478e-07,9.041962130140746e-07,,,,,
3,8.326567649841309,0.0009999789038767511,1.0340434390236624,27.616058349609375,0.22299055755138397,0.4223473072052002,0.013523895293474197,0.01934880018234253,0.5980411767959595,0.4956012964248657,1.785145104804542e-05,0.4964093267917633,0.00027607419178821146,0.03605857491493225,0.0,0.001435144105926156,0.016014447435736656,2.3370457711280324e-06,3.0697572128701722e-06,,,,,
4,6.515317440032959,0.0009999624959968127,1.3736052460153587,16.262590408325195,0.19120192527770996,0.28774750232696533,0.04418660327792168,0.05505089461803436,0.4180101156234741,0.3265119194984436,3.416597974137403e-05,0.3275493383407593,0.0011157796252518892,0.10989611595869064,0.0,0.004205910488963127,0.0379992313683033,5.620855517918244e-06,9.350230811833171e-07,,,,,
5,5.494639873504639,0.0009999414004287887,1.710712797997985,16.18294334411621,0.14043869078159332,0.16744884848594666,0.09154260158538818,0.11368151009082794,0.2644554376602173,0.19959905743598938,8.020184759516269e-05,0.201089546084404,0.0023777931928634644,0.2636154890060425,0.0,0.012680146843194962,0.07525207102298737,3.8895668694749475e-06,1.7576107893546578e-06,,,,,
6,5.4895734786987305,0.0009999156173808841,2.0498037629877217,33.04319381713867,0.12382937222719193,0.14462652802467346,0.12584106624126434,0.13752982020378113,0.19154763221740723,0.168671116232872,0.00016635384235996753,0.17109131813049316,0.005132033955305815,0.35264119505882263,0.0,0.029871495440602303,0.09062756597995758,1.8676373656489886e-06,1.7505699361208826e-06,,,,,
7,5.028082370758057,0.0009998851471075673,2.38967802899424,38.359676361083984,0.11692943423986435,0.1353204995393753,0.11341267824172974,0.11816386878490448,0.17144052684307098,0.17120462656021118,0.00023831697762943804,0.17454570531845093,0.009953154250979424,0.3951997756958008,0.0,0.04676026478409767,0.09081757813692093,4.0583836380392313e-07,4.580654604069423e-06,,,,,
8,3.973179817199707,0.0009998499899095672,2.731068667024374,28.244239807128906,0.11268912255764008,0.13423573970794678,0.06664039194583893,0.06864326447248459,0.17467451095581055,0.159819558262825,0.0002626910572871566,0.16333267092704773,0.007077432703226805,0.27059897780418396,0.0,0.0462440550327301,0.056405529379844666,2.6284396881237626e-08,7.44098861105158e-06,,,,,
9,2.981968879699707,0.0009998101461338716,3.0715529519948177,12.144508361816406,0.10809452086687088,0.1272076666355133,0.0271883737295866,0.02589084766805172,0.17081168293952942,0.14320766925811768,0.00024479927378706634,0.1458912491798401,0.0059449863620102406,0.2536933124065399,0.0,0.05355435609817505,0.033181995153427124,1.0084559107781388e-06,1.962396027010982e-06,,,,,
10,2.6218340396881104,0.0009997656161737222,3.4081683219992556,13.22426700592041,0.10849061608314514,0.12529845535755157,0.003733840538188815,0.0026920419186353683,0.20678797364234924,0.14357472956180573,0.00022425525821745396,0.14482225477695465,0.010958191007375717,0.17932096123695374,0.0,0.0532015822827816,0.01936444267630577,3.029185791092459e-06,4.3102972995257005e-06,,,,,
11,2.43149471282959,0.0009997164004686117,3.7554706360097043,18.27001953125,0.11584911495447159,0.1171322613954544,0.0005192800890654325,0.0014487127773463726,0.19709885120391846,0.132748544216156,0.0002869207237381488,0.1337013691663742,0.01045881025493145,0.2133600413799286,0.0,0.07634743303060532,0.009064212441444397,6.50800302537391e-06,2.7783462428487837e-06,,,,,
12,2.0910677909851074,0.0009996624995042794,4.093354504031595,14.4660005569458,0.10098057240247726,0.09633840620517731,0.0032208594493567944,0.007398077752441168,0.1567673534154892,0.10859113931655884,0.0004256281827110797,0.11076914519071579,0.005143980495631695,0.26342564821243286,0.0,0.0904427021741867,0.012020567432045937,1.1715129403455649e-05,1.946340034919558e-06,,,,,
13,1.8980188369750977,0.000999603913812706,4.438718655030243,10.50732135772705,0.08752702176570892,0.088837169110775,0.0048552933149039745,0.013376133516430855,0.10654501616954803,0.10572545975446701,0.0006611703429371119,0.11139894276857376,0.01102816965430975,0.392680287361145,0.0,0.11491403728723526,0.004871563520282507,1.8713122699409723e-05,2.8335675779089797e-06,,,,,
14,1.8456742763519287,0.0009995406439721089,4.7768065049895085,21.355356216430664,0.07434631139039993,0.08583288639783859,0.004789919592440128,0.012497316114604473,0.08704917877912521,0.11417590826749802,0.0008737532771192491,0.12267424911260605,0.020774761214852333,0.5297901630401611,0.0,0.15072649717330933,0.019601386040449142,2.7024179871659726e-05,2.4612372726551257e-06,,,,,
15,1.3673748970031738,0.0009994726906069353,5.114710970025044,18.869855880737305,0.06458353996276855,0.05953725427389145,0.004153274931013584,0.01109815388917923,0.06097748503088951,0.08440955728292465,0.0010723571758717299,0.09254666417837143,0.012033249251544476,0.4538671374320984,0.0,0.20326021313667297,0.009280011057853699,3.7404395698104054e-05,1.7808813481678953e-06,,,,,
16,0.9443921446800232,0.0009994000543878578,5.454503796994686,9.18960189819336,0.05683215707540512,0.03554333746433258,0.003832354908809066,0.010768039152026176,0.0575227364897728,0.035499345511198044,0.0014224882470443845,0.039211999624967575,0.015192700549960136,0.3313182592391968,0.0,0.15508928894996643,0.02181829884648323,5.0087001000065356e-05,6.602046596526634e-06,,,,,
17,0.9036185145378113,0.0009993227360317665,5.79613299301127,27.174680709838867,0.05689521133899689,0.03578406572341919,0.002413801848888397,0.006303585134446621,0.07819050550460815,0.02424827590584755,0.002035584067925811,0.023373419418931007,0.019189180806279182,0.3355078399181366,0.0,0.05815572664141655,0.007462525740265846,6.503245094791055e-05,3.507253495627083e-05,,,,,
18,0.9019750952720642,0.0009992407363017626,6.135068356990814,34.42652130126953,0.042916540056467056,0.03783824294805527,0.0021092076785862446,0.003225476946681738,0.08044392615556717,0.027254970744252205,0.0026886349078267813,0.02511855773627758,0.02142524905502796,0.2698914706707001,0.0,0.08098708093166351,0.017463713884353638,8.104834705591202e-05,2.303468863829039e-05,,,,,
19,0.7023712396621704,0.00099915405600715,6.472242198011372,16.297264099121094,0.035796381533145905,0.027029868215322495,0.0038046021945774555,0.0021067066118121147,0.040601324290037155,0.027024555951356888,0.0032151849009096622,0.027911851182579994,0.012629661709070206,0.3369100093841553,0.0,0.10640646517276764,0.0470803901553154,9.774765931069851e-05,6.950999522814527e-05,,,,,
20,0.9607310891151428,0.0009990626960034283,6.809817453031428,35.81448745727539,0.037636589258909225,0.04639361798763275,0.009113406762480736,0.0034762201830744743,0.013539640232920647,0.062217436730861664,0.0032353668939322233,0.06881299614906311,0.027443425729870796,0.3272862136363983,0.0,0.2790309190750122,0.029377689585089684,0.00011640074080787599,4.599170642904937e-05,,,,,
21,1.2806403636932373,0.000998966657192284,7.146545780997258,54.265316009521484,0.0400366485118866,0.06645102798938751,0.014372363686561584,0.00497650820761919,0.019490094855427742,0.08120544254779816,0.0030578391160815954,0.08744911849498749,0.04086858034133911,0.3501628637313843,0.0,0.1816297471523285,0.02346056140959263,0.00013735145330429077,5.694423089153133e-05,,,,,
22,1.0653133392333984,0.0009988659405215812,7.48683109798003,39.72941589355469,0.038577884435653687,0.05557408928871155,0.011909505352377892,0.004955766256898642,0.01689659059047699,0.053439971059560776,0.0028782652225345373,0.056470148265361786,0.015591079369187355,0.3625794053077698,0.0,0.19039185345172882,0.05062846839427948,0.0001595767680555582,0.0001149864328908734,,,,,
23,0.7926298379898071,0.000998760546985353,7.823573108995333,9.821036338806152,0.03429644927382469,0.033932458609342575,0.008193649351596832,0.0023542693816125393,0.029542218893766403,0.031512562185525894,0.0026407816912978888,0.0317394994199276,0.018127068877220154,0.27711021900177,0.0,0.17006784677505493,0.0731334239244461,0.00018284849647898227,5.931040141149424e-05,,,,,
24,0.7261072993278503,0.0009986504776237908,8.161950774025172,22.07025146484375,0.03196725994348526,0.030463330447673798,0.004876990802586079,0.0013388763181865215,0.044265322387218475,0.032558511942625046,0.0019498823676258326,0.03252411633729935,0.009521553292870522,0.28642159700393677,0.0,0.13908545672893524,0.02544470876455307,0.0002098256372846663,3.197373007424176e-05,,,,,
25,0.5405675172805786,0.000998535733523235,8.496844085981138,14.253926277160645,0.03334914892911911,0.022763025015592575,0.004238815046846867,0.0006811019266024232,0.03291517496109009,0.02209523692727089,0.0013734052190557122,0.022340072318911552,0.013444121927022934,0.23484863340854645,0.0,0.11447137594223022,0.011759480461478233,0.0002385994012001902,9.282467544835526e-06,34.62370074368667,40.98354685662341,17.286079973501135,5.6753654893737515,35.64254788467367
26,0.48112761974334717,0.0009984163158161632,8.859799453988671,8.778824806213379,0.03167402744293213,0.025756647810339928,0.0037317397072911263,0.00043568038381636143,0.01565319299697876,0.013840827159583569,0.0008628295618109405,0.01394384540617466,0.03026064857840538,0.345734179019928,0.0,0.17115047574043274,0.0302543044090271,0.0002699103206396103,1.7240427041542716e-05,,,,,
27,0.445526123046875,0.0009982922256811804,9.19683436199557,10.08793830871582,0.0340358167886734,0.024540673941373825,0.002157056238502264,0.0005187704227864742,0.01581057906150818,0.017084771767258644,0.0004553046601358801,0.01731030084192753,0.02595202438533306,0.2878219485282898,0.0,0.13731151819229126,0.014870628714561462,0.00030531344236806035,4.836140760744456e-06,,,,,
28,0.4472198486328125,0.000998163464343006,9.53731601999607,4.614829063415527,0.04470082372426987,0.019338104873895645,0.0005902512930333614,0.0016222418053075671,0.0222951527684927,0.01731017418205738,0.00023294211132451892,0.017905129119753838,0.018574316054582596,0.3343677818775177,0.0,0.21195760369300842,0.018767982721328735,0.00034399336436763406,1.6896614397410303e-05,,,,,
29,0.3900371789932251,0.000998030033072462,9.87823810899863,4.199042320251465,0.039575763046741486,0.016629420220851898,0.00025344485766254365,0.003049874445423484,0.021078942343592644,0.01644170843064785,0.0001373668055748567,0.01714600808918476,0.019078193232417107,0.1978805661201477,0.0,0.14831086993217468,0.003365702461451292,0.00038468019920401275,4.397878910822328e-06,,,,,
30,0.3798857629299164,0.0009978919331864618,10.217263031983748,5.022989273071289,0.03599757328629494,0.01694958657026291,0.00033230576082132757,0.00288762035779655,0.01615343615412712,0.017356783151626587,0.00015766323485877365,0.01801220513880253,0.017193317413330078,0.2547089755535126,0.0,0.1886925995349884,0.0033953506499528885,0.00042949646012857556,2.864351245079888e-06,,,,,
31,0.41456639766693115,0.0009977491660479953,10.55529375601327,3.451122283935547,0.03706279397010803,0.01760057359933853,0.0004771251406054944,0.002774257678538561,0.019181989133358,0.014177659526467323,0.0001975270133698359,0.014418731443583965,0.029268786311149597,0.5346226096153259,0.0,0.15976423025131226,0.005354269873350859,0.0004789078957401216,2.0506915461737663e-05,,,,,
32,0.3856392204761505,0.0009976017330661164,10.886482833011542,6.197471618652344,0.029545530676841736,0.01708504557609558,0.0008128227200359106,0.0017470786115154624,0.021128877997398376,0.013631081208586693,0.00019697032985277474,0.013472170569002628,0.02848179265856743,0.32811570167541504,0.0,0.18025633692741394,0.009871404618024826,0.0005328125553205609,2.169689651054796e-06,,,,,
33,0.3704518675804138,0.000997449635695929,11.224404952023178,4.550527095794678,0.02784225344657898,0.018079271540045738,0.0020527432207018137,0.0009572638082318008,0.015619536861777306,0.01628010906279087,0.00018800896941684186,0.01592874526977539,0.008042816072702408,0.24792543053627014,0.0,0.19882409274578094,0.003960569389164448,0.0005903789424337447,2.3614554720552405e-06,,,,,
34,0.3410477042198181,0.000997292875438573,11.563546910998411,2.863337755203247,0.029503880068659782,0.016402363777160645,0.0019908915273845196,0.0005354089662432671,0.01171940192580223,0.014080032706260681,0.00016713138029444963,0.013789968565106392,0.011879438534379005,0.3194957375526428,0.0,0.16957782208919525,0.009747886098921299,0.0006527968216687441,2.0217894416418858e-06,,,,,
35,0.3241038918495178,0.000997131453841209,11.898707390995696,5.8965864181518555,0.026413151994347572,0.013532022014260292,0.0021728675346821547,0.00044065905967727304,0.01579945534467697,0.013154760003089905,0.00020185278845019639,0.013378060422837734,0.02405082993209362,0.28381073474884033,0.0,0.20939067006111145,0.004960948601365089,0.0007192710763774812,2.459635425111628e-06,,,,,
36,0.3185405135154724,0.0009969653724970025,12.23701559897745,3.400796413421631,0.029223570600152016,0.014919843524694443,0.002659458667039871,0.0004502527299337089,0.009228365495800972,0.012392506934702396,0.0002620982122607529,0.012462571263313293,0.035828061401844025,0.2547169327735901,0.0,0.13109146058559418,0.015792986378073692,0.0007897179457359016,5.0024564188788645e-06,,,,,
37,0.31949496269226074,0.0009967946330451097,12.57650745601859,3.0586745738983154,0.02833193726837635,0.01512772124260664,0.0023645791225135326,0.0006343941786326468,0.010670590214431286,0.012630914337933064,0.0003048809594474733,0.012819057330489159,0.007292909547686577,0.24324198067188263,0.0,0.20823362469673157,0.008387677371501923,0.0008627270581200719,3.130750701529905e-05,,,,,
38,0.33112087845802307,0.0009966192371706599,12.9163189670071,4.002203464508057,0.02745942585170269,0.0144862812012434,0.0016322362935170531,0.0011250032112002373,0.015783898532390594,0.013613943941891193,0.00029784152866341174,0.014120097272098064,0.012999273836612701,0.22561867535114288,0.0,0.1798756718635559,0.006409132853150368,0.0009407760808244348,9.99930080070044e-07,,,,,
39,0.31636402010917664,0.0009964391866047397,13.2587942390237,2.339560031890869,0.027922797948122025,0.015529297292232513,0.001342756557278335,0.0015958131989464164,0.01110802497714758,0.012411249801516533,0.00022812561655882746,0.012575157918035984,0.00854931678622961,0.21554520726203918,0.0,0.2201320230960846,0.005145055241882801,0.0010220824042335153,3.203749656677246e-07,,,,,
40,0.31377097964286804,0.0009962544831243754,13.606581236002967,2.5048828125,0.02962462604045868,0.013450844213366508,0.0012650878634303808,0.002021769993007183,0.010136418044567108,0.012134993448853493,0.00014894547348376364,0.012163570150732994,0.012214398011565208,0.2234468162059784,0.0,0.34668880701065063,0.012739662081003189,0.001107964082621038,8.193850590032525e-06,,,,,
41,0.2739379405975342,0.0009960651285525156,13.959366080001928,2.5471408367156982,0.025752322748303413,0.011754540726542473,0.0012301652459427714,0.0018793062772601843,0.011460154317319393,0.011986699886620045,8.977540710475296e-05,0.012008561752736568,0.02527625486254692,0.15038472414016724,0.0,0.20709443092346191,0.001666811527684331,0.001199687016196549,6.549059889948694e-07,,,,,
42,0.27629178762435913,0.0009958711247580138,14.309309573029168,2.0763511657714844,0.028744202107191086,0.012479033321142197,0.0016687761526554823,0.0013460624031722546,0.008175341412425041,0.013691659085452557,7.186675065895543e-05,0.013631126843392849,0.017432481050491333,0.14121590554714203,0.0,0.2065490186214447,0.004177753813564777,0.0012949883239343762,1.646392092879978e-06,,,,,
43,0.30756545066833496,0.000995672473655609,14.668642651988193,2.2592995166778564,0.027104124426841736,0.013995113782584667,0.0018143791239708662,0.0011022001272067428,0.00972365215420723,0.014092602767050266,8.455203351331875e-05,0.01405334658920765,0.00608867546543479,0.1155937984585762,0.0,0.3074885606765747,0.016062196344137192,0.0013933621812611818,7.604746201650414e-07,,,,,
44,0.31626203656196594,0.0009954691772059074,15.00719604297774,6.221617698669434,0.02686195634305477,0.011407601647078991,0.0019485950469970703,0.0009358152747154236,0.015800442546606064,0.012755398638546467,9.309661982115358e-05,0.012677828781306744,0.01262304000556469,0.2610110640525818,0.0,0.32889848947525024,0.011116787791252136,0.0014971813652664423,5.170330723558436e-07,,,,,
45,0.29523739218711853,0.0009952612374153629,15.343402015976608,5.542939186096191,0.028976762667298317,0.014020408503711224,0.002901726868003607,0.0006294060731306672,0.008648375049233437,0.015474052168428898,0.00010774953989312053,0.015719838440418243,0.008099738508462906,0.0753163993358612,0.0,0.19591926038265228,0.0029927813448011875,0.0016050363192334771,2.979300859351497e-07,,,,,
46,0.2831823229789734,0.0009950486563362572,15.679788243025541,1.9818540811538696,0.024961166083812714,0.011633338406682014,0.00240904139354825,0.000718291790690273,0.012381709180772305,0.01239565946161747,8.339386113220826e-05,0.01257201936095953,0.010164359584450722,0.15661880373954773,0.0,0.22197112441062927,0.006314363330602646,0.0017149040941148996,1.9570192932860664e-07,,,,,
47,0.28627803921699524,0.0009948314360666798,16.01681900100084,2.110934019088745,0.02837221324443817,0.011154881678521633,0.0022205510176718235,0.000816177751403302,0.013535588048398495,0.012346957810223103,6.64514591335319e-05,0.012582625262439251,0.005690735764801502,0.15466216206550598,0.0,0.28062903881073,0.003825920866802335,0.0018262887606397271,2.3512007828685455e-05,,,,,
48,0.28774136304855347,0.000994609578750507,16.356017165002413,4.598491191864014,0.02529734931886196,0.013150237500667572,0.0022460732143372297,0.0009935225825756788,0.008648834191262722,0.013907888904213905,5.9136884374311194e-05,0.014165930449962616,0.013595419004559517,0.184408038854599,0.0,0.1393701434135437,0.007419068366289139,0.0019417661242187023,1.7392264908266952e-06,,,,,
49,0.2925644814968109,0.000994383086577381,16.69726709497627,4.380375862121582,0.027613986283540726,0.010972767136991024,0.001690952805802226,0.0011096636299043894,0.014723489060997963,0.01225899439305067,5.201941530685872e-05,0.01249235775321722,0.00827392004430294,0.16147944331169128,0.0,0.1806253045797348,0.014650121331214905,0.0020560238044708967,2.4606782744740485e-07,,,,,
50,0.27939003705978394,0.0009941519617826882,17.03242629498709,2.505707025527954,0.02641351707279682,0.012883225455880165,0.0019599327351897955,0.0009205595124512911,0.008951332420110703,0.012498578988015652,5.418854198069312e-05,0.012604085728526115,0.006881239823997021,0.16467860341072083,0.0,0.2600504159927368,0.004736154340207577,0.002171414205804467,4.637365691451123e-07,26.717091384448253,30.24630403680329,11.525179418264248,8.290563775165225,30.409742982138447
51,0.2652367353439331,0.0009939162066475368,17.391742571024224,1.5249660015106201,0.029194746166467667,0.012330658733844757,0.001959666609764099,0.0008494050125591457,0.008825155906379223,0.01208585686981678,5.776242323918268e-05,0.012118987739086151,0.016469091176986694,0.12539827823638916,0.0,0.18300320208072662,0.0025018220767378807,0.00228913314640522,5.257378461465123e-07,,,,,
52,0.2792210876941681,0.000993675823498735,17.733281080028974,5.337148666381836,0.026500605046749115,0.011220760643482208,0.0015150656690821052,0.0009231149451807141,0.013939927332103252,0.012200403027236462,6.223901436896995e-05,0.012263860553503036,0.004196701105684042,0.13336244225502014,0.0,0.29263052344322205,0.005077464506030083,0.0024067771155387163,4.458880539459642e-06,,,,,
53,0.288465291261673,0.0009934308147087675,18.069787269982044,6.112778186798096,0.026222901418805122,0.014380410313606262,0.0018676742911338806,0.0008473664056509733,0.005267471075057983,0.01434933952987194,6.628454866586253e-05,0.014142612926661968,0.015909705311059952,0.20581695437431335,0.0,0.3048008680343628,0.004711896646767855,0.002527656266465783,4.0400158241027384e-07,,,,,
54,0.264557808637619,0.0009931811826957716,18.406135878991336,1.0803816318511963,0.025584734976291656,0.012641443870961666,0.001460991334170103,0.0010099845239892602,0.009156029671430588,0.012835239060223103,7.136698695831001e-05,0.012711425311863422,0.014805326238274574,0.06949871778488159,0.0,0.2416532337665558,0.004922661930322647,0.0026503189001232386,2.5418960376555333e-06,,,,,
55,0.2748209536075592,0.000992926929923515,18.743814478977583,5.117986679077148,0.02797965705394745,0.011839124374091625,0.0011302967322990298,0.0011867849389091134,0.013253296725451946,0.012331459671258926,7.945084507809952e-05,0.012308663688600063,0.009192090481519699,0.1531849205493927,0.0,0.13864701986312866,0.003155311569571495,0.0027743803802877665,9.974899057851871e-07,,,,,
56,0.25644129514694214,0.00099266805890137,19.080162397993263,7.022688865661621,0.02466954104602337,0.013845151290297508,0.00148729735519737,0.001025285804644227,0.004715255927294493,0.01469565462321043,9.474123362451792e-05,0.014557036571204662,0.011880174279212952,0.10654205083847046,0.0,0.11006740480661392,0.0008151155197992921,0.0028953237924724817,1.309973640672979e-06,,,,,
57,0.2579750120639801,0.0009924045721842888,19.415938070975244,1.0744986534118652,0.02553955838084221,0.01166919432580471,0.001131347380578518,0.0010683739092200994,0.010114421136677265,0.012345252558588982,0.0001030098064802587,0.012373051606118679,0.013433677144348621,0.08253636956214905,0.0,0.31092679500579834,0.0016848767409101129,0.0030105740297585726,7.451201327057788e-07,,,,,
58,0.284176230430603,0.000992136472372779,19.755880574986804,8.473918914794922,0.026702966541051865,0.010761683806777,0.0007903886726126075,0.0011697763111442327,0.018979577347636223,0.012359085492789745,0.00010735799878602847,0.01261073350906372,0.0074495286680758,0.06532745808362961,0.0,0.2896100878715515,0.0034576437901705503,0.0031304210424423218,1.0587896071001524e-07,,,,,
59,0.28321051597595215,0.0009918637621128773,20.096526048029773,0.810131847858429,0.026686327531933784,0.012552361935377121,0.0011929537868127227,0.0009131697006523609,0.012544631026685238,0.012483008205890656,0.00011853699834318832,0.012639406137168407,0.011338531970977783,0.14513278007507324,0.0,0.24219173192977905,0.006241973023861647,0.0032507579308003187,3.421617407184385e-07,,,,,
60,0.2626035213470459,0.0009915864440961245,20.431449462019373,5.644927501678467,0.025276649743318558,0.013016071170568466,0.0016601644456386566,0.0005060561234131455,0.007249055430293083,0.014758200384676456,0.00012411757779773325,0.014815736562013626,0.0068914624862372875,0.1240936666727066,0.0,0.1604195535182953,0.0013722721487283707,0.0033766888082027435,2.913425589667895e-07,,,,,
61,0.2584691047668457,0.0009913045210595366,20.766816982009914,3.4104719161987305,0.026272645220160484,0.010832635685801506,0.001271432382054627,0.0005282672354951501,0.014899119734764099,0.012164735235273838,0.00011534136137925088,0.01233576238155365,0.009488120675086975,0.0811205506324768,0.0,0.10395412147045135,0.003999429289251566,0.003498917678371072,4.009219480849424e-07,,,,,
62,0.2538549602031708,0.0009910179957855808,21.097682083025575,0.8185840845108032,0.02410545013844967,0.0114320432767272,0.001412839163094759,0.0004906780086457729,0.011264565400779247,0.012217947281897068,0.00011085727601312101,0.01228015311062336,0.0038249813951551914,0.06298293173313141,0.0,0.29273533821105957,0.0029638432897627354,0.0036157460417598486,1.229631493515626e-06,,,,,
63,0.26342862844467163,0.0009907268711021456,21.430942452978343,3.9509506225585938,0.024182334542274475,0.01371217705309391,0.0015323504339903593,0.0004676971584558487,0.00789753720164299,0.013280286453664303,0.0001063843592419289,0.013189361430704594,0.0075225490145385265,0.07096854597330093,0.0,0.29869285225868225,0.0015433062799274921,0.0037375239189714193,4.770606665260857e-07,,,,,
64,0.2647508680820465,0.0009904311498825141,21.765854614030104,5.067084789276123,0.026743784546852112,0.011578712612390518,0.0008405843982473016,0.0008292570128105581,0.015050366520881653,0.012176737189292908,9.923968173097819e-05,0.012253199703991413,0.0037104664370417595,0.07957723736763,0.0,0.17781439423561096,0.001566403079777956,0.003866654122248292,2.0972722268197685e-05,,,,,
65,0.266233891248703,0.0009901308350453355,22.100910846027546,1.1573104858398438,0.02835695631802082,0.012932009994983673,0.0009111370309256017,0.000923862389754504,0.008279882371425629,0.012731541879475117,9.636924369260669e-05,0.01261910144239664,0.017048969864845276,0.12251533567905426,0.0,0.322268545627594,0.002064505824819207,0.003993998747318983,4.600360625772737e-07,,,,,
66,0.25828856229782104,0.000989825929554596,22.434547708020546,4.742777347564697,0.028659651055932045,0.013115428388118744,0.0009706757264211774,0.00102905067615211,0.006190376356244087,0.013559326529502869,9.374927321914583e-05,0.013368877582252026,0.006841906346380711,0.06438437104225159,0.0,0.29492273926734924,0.0036195486318320036,0.004130145069211721,2.4778955776127987e-06,,,,,
67,0.26107457280158997,0.0009895164364195894,22.77106930402806,8.484527587890625,0.0241653174161911,0.010141918435692787,0.0005148995551280677,0.0012898757122457027,0.016723312437534332,0.012432223185896873,9.855106327449903e-05,0.01268524769693613,0.010566848330199718,0.08970163017511368,0.0,0.11901509761810303,0.00415867380797863,0.004269694909453392,2.6472534386812185e-07,,,,,
68,0.26256659626960754,0.0009892023586948885,23.10383278800873,3.0175511837005615,0.02671053633093834,0.011717742308974266,0.0006916336133144796,0.00107140326872468,0.012434832751750946,0.01184262614697218,9.994371794164181e-05,0.011970763094723225,0.0061223250813782215,0.059985868632793427,0.0,0.3703930974006653,0.0012883529998362064,0.004401940852403641,1.10263636088348e-06,,,,,
69,0.3015277683734894,0.0009888836994803132,23.441570141992997,11.197314262390137,0.029634060338139534,0.017169052734971046,0.0013734130188822746,0.000555633450858295,0.0037619962822645903,0.015798892825841904,9.374992805533111e-05,0.015489284880459309,0.01073713880032301,0.07172775268554688,0.0,0.5626397132873535,0.0008421762031503022,0.00454352842643857,6.531303711199143e-07,,,,,
70,0.2657785713672638,0.0009885604619209016,23.779162288992666,6.060584545135498,0.030571436509490013,0.013123802840709686,0.0015656555769965053,0.0003779589897021651,0.0061994194984436035,0.013907341286540031,9.042694728123024e-05,0.013734709471464157,0.005980151705443859,0.12358736991882324,0.0,0.3142804503440857,0.0014175635296851397,0.004684485029429197,4.650341907108668e-07,,,,,
71,0.307549387216568,0.0009882326492068776,24.12056427000789,11.850337982177734,0.028593024238944054,0.011043669655919075,0.000985313206911087,0.0005308290710672736,0.022840466350317,0.013766386546194553,9.141481859842315e-05,0.01420096680521965,0.006562165915966034,0.07324729859828949,0.0,0.36537355184555054,0.0013078232295811176,0.004828655160963535,7.051664283608261e-07,,,,,
72,0.30178216099739075,0.0009879002645736207,24.463438038015738,12.39160442352295,0.027059540152549744,0.010390111245214939,0.001031259074807167,0.00044610159238800406,0.02399524860084057,0.014024188742041588,8.603461174061522e-05,0.014449609443545341,0.00689714215695858,0.08202297240495682,0.0,0.24051520228385925,0.0024606850929558277,0.004968420136719942,6.170447477416019e-07,,,,,
73,0.2731010317802429,0.0009875633113016326,24.839836639002897,2.382960557937622,0.02665410004556179,0.013219401240348816,0.0017893726471811533,0.00022524603991769254,0.008887595497071743,0.012503352016210556,8.037225052248687e-05,0.012469824403524399,0.011382019147276878,0.09863452613353729,0.0,0.3848806917667389,0.00456228107213974,0.005101729184389114,1.1046479357901262e-06,,,,,
74,0.26308268308639526,0.0009872217927165065,25.174219353008084,7.723572731018066,0.031007152050733566,0.014203062281012535,0.0016595612978562713,0.00033581285970285535,0.00474372785538435,0.015287837013602257,8.115803211694583e-05,0.015108306892216206,0.00728327501565218,0.05924535542726517,0.0,0.21680347621440887,0.0007840673206374049,0.005241082981228828,3.1011799705993326e-07,,,,,
75,0.2522686719894409,0.0009868757121888926,25.511290433991235,2.3354673385620117,0.027019239962100983,0.010744123719632626,0.0007690805941820145,0.0008181465673260391,0.012056490406394005,0.011880725622177124,8.135892130667344e-05,0.011894591152668,0.005663411691784859,0.0793561339378357,0.0,0.3448787331581116,0.001365641481243074,0.0053768581710755825,2.7244294642514433e-07,25.357274099023535,27.17381767849327,5.96926235877247,9.611555122090653,32.11114482539715
76,0.2595807611942291,0.0009865250731344664,25.876294241985306,4.0584611892700195,0.02599053829908371,0.010551748797297478,0.0005090830964036286,0.001168141490779817,0.013457855209708214,0.011694494634866714,8.40803695609793e-05,0.011733212508261204,0.0074842749163508415,0.08628889918327332,0.0,0.41931474208831787,0.0009016409749165177,0.005519470199942589,3.8277980252132693e-07,,,,,
77,0.26027172803878784,0.0009861698790138934,26.21504327398725,6.159499168395996,0.02671464905142784,0.013218002393841743,0.0007636947557330132,0.0010988458525389433,0.0054818568751215935,0.014884330332279205,9.027662599692121e-05,0.01468977052718401,0.00953659601509571,0.083546943962574,0.0,0.305550754070282,0.0030937122646719217,0.00567270815372467,7.731778168817982e-07,,,,,
78,0.24207770824432373,0.0009858101333327964,26.55315500299912,0.7270386219024658,0.026406999677419662,0.011648071929812431,0.0006685439730063081,0.0011017475044354796,0.009329406544566154,0.012258369475603104,9.046592458616942e-05,0.01218915544450283,0.015476970002055168,0.044807806611061096,0.0,0.23387134075164795,0.0006962710758671165,0.005826879292726517,1.560105010867119e-05,,,,,
79,0.24670863151550293,0.0009854458396417198,26.887837328016758,6.2514262199401855,0.028912756592035294,0.009941871277987957,0.0007350858650170267,0.0008474432397633791,0.014021091163158417,0.011657602153718472,9.302559919888154e-05,0.011770892888307571,0.008349915966391563,0.08133564889431,0.0,0.17481273412704468,0.0012649877462536097,0.005980905145406723,1.3225401289673755e-06,,,,,
80,0.24225668609142303,0.0009850770015360957,27.219477467006072,3.5778400897979736,0.0255624670535326,0.011585845611989498,0.0013896003365516663,0.00045346523984335363,0.006619287189096212,0.013114717788994312,9.889166540233418e-05,0.012933671474456787,0.003175459336489439,0.0177894476801157,0.0,0.4750348627567291,0.00031793402740731835,0.006130068562924862,4.4523426367959473e-07,,,,,
81,0.23426088690757751,0.000984703622656207,27.555372560978867,2.0216453075408936,0.025079967454075813,0.01189082395285368,0.0014774304581806064,0.00039786234265193343,0.007725250907242298,0.012288813479244709,0.00010814263805514202,0.012164736166596413,0.02036326751112938,0.060543276369571686,0.0,0.1263144165277481,0.0010169079760089517,0.0062933191657066345,4.584094028814434e-07,,,,,
82,0.26371440291404724,0.0009843257066871525,27.889583458018024,6.264668941497803,0.02611926943063736,0.011292906478047371,0.001102147507481277,0.0005564686143770814,0.014856845140457153,0.011781381443142891,0.00011952534259762615,0.011986280791461468,0.005253193899989128,0.028713110834360123,0.0,0.37913942337036133,0.00040949450340121984,0.006447836756706238,9.132426157520968e-07,,,,,
83,0.24443595111370087,0.0009839432573588102,28.226618136977777,2.5395095348358154,0.028663987293839455,0.011966652236878872,0.001311748055741191,0.000557378982193768,0.007235240191221237,0.01218658871948719,0.00012297483044676483,0.012035820633172989,0.00870638620108366,0.0446983203291893,0.0,0.32911330461502075,0.0013641942059621215,0.006605468224734068,3.287196363999101e-07,,,,,
84,0.24382799863815308,0.000983556278445801,28.566308815032244,1.9188894033432007,0.026078401133418083,0.012328118085861206,0.0010364886838942766,0.0007510638679377735,0.00662180595099926,0.01208820752799511,0.00012435438111424446,0.011940332129597664,0.012935718521475792,0.03463643416762352,0.0,0.4233412742614746,0.00017518570530228317,0.006765787955373526,1.8238773691336974e-06,,,,,
85,0.24021656811237335,0.0009831647737674498,28.90346092201071,4.235511302947998,0.02745119109749794,0.010708324611186981,0.0006910818046890199,0.0010220840340480208,0.012168954126536846,0.011493484489619732,0.00012260237417649478,0.01160267274826765,0.0071656107902526855,0.035440593957901,0.0,0.1886260062456131,0.0005317452596500516,0.006935175508260727,6.613135496991163e-07,,,,,
86,0.2554304599761963,0.0009827687471877502,29.238351261999924,3.5388433933258057,0.0262566190212965,0.01248675212264061,0.0008960270788520575,0.0009462320595048368,0.006184121128171682,0.012644696049392223,0.00011235403508180752,0.012421060353517532,0.007834167219698429,0.07281018793582916,0.0,0.5153355598449707,0.0014178379205986857,0.0070994240231812,1.2299605032239924e-06,,,,,
87,0.25108641386032104,0.0009823682026153246,29.57506459997967,0.6552067399024963,0.027088254690170288,0.011229321360588074,0.0008145044557750225,0.0009220911888405681,0.009426629170775414,0.01168400701135397,0.00010359260340919718,0.01161719299852848,0.010805134661495686,0.04986533522605896,0.0,0.4998161792755127,0.0009271973976865411,0.00727860676124692,6.973247081987211e-07,,,,,
88,0.24273468554019928,0.0009819631440033862,29.913126626983285,2.415491819381714,0.02290060929954052,0.0108773959800601,0.0009931889362633228,0.0007134645129553974,0.010886043310165405,0.011471478268504143,9.413437510374933e-05,0.011471240781247616,0.008835365995764732,0.05980343371629715,0.0,0.367342472076416,0.00058049859944731,0.007471228949725628,1.9521762339991255e-07,,,,,
89,0.22812312841415405,0.0009815535753497,30.25235916400561,3.2879576683044434,0.024710755795240402,0.010774005204439163,0.0015981851611286402,0.00041623058496043086,0.007016108836978674,0.012934302911162376,8.713600254850462e-05,0.012781089171767235,0.006092572584748268,0.03149937093257904,0.0,0.25492966175079346,0.0004978217766620219,0.007668705191463232,3.033311713807052e-06,,,,,
90,0.23763875663280487,0.0009811395006965433,30.594336627982557,2.1522035598754883,0.02416839636862278,0.01040150411427021,0.0011909257154911757,0.0005365711404010653,0.011404572054743767,0.011519780382514,8.34480524645187e-05,0.011515789665281773,0.011206390336155891,0.06142066419124603,0.0,0.24865451455116272,0.0013118607457727194,0.007864190265536308,4.6121704144752584e-06,,,,,
91,0.24249455332756042,0.0009807209241306657,30.931826193002053,0.3714449107646942,0.02571079693734646,0.010752818547189236,0.0009729540906846523,0.0006821318529546261,0.00893382914364338,0.011776545085012913,8.302729111164808e-05,0.01174471527338028,0.009632468223571777,0.0765584409236908,0.0,0.42247986793518066,0.0013321468140929937,0.008056997321546078,5.731483838644635e-07,,,,,
92,0.23932479321956635,0.0009802978497832487,31.267302791005932,2.065361499786377,0.025633633136749268,0.011476795189082623,0.0010043499059975147,0.0007139949593693018,0.007630519103258848,0.01218919176608324,8.383010572288185e-05,0.012122048065066338,0.001939395791850984,0.0767752081155777,0.0,0.31130659580230713,0.0013605875428766012,0.00825751293450594,1.8233556602353929e-06,,,,,
93,0.23660285770893097,0.0009798702818298657,31.604803711001296,2.6682510375976562,0.022434743121266365,0.00973543431609869,0.0007580899982713163,0.0008436131756752729,0.011330140754580498,0.011257120408117771,8.356894977623597e-05,0.011303008534014225,0.0029939631931483746,0.05150241032242775,0.0,0.44513803720474243,0.001425294321961701,0.008458212018013,5.110663892082812e-07,,,,,
94,0.23341038823127747,0.0009794382244904397,31.941359782009386,1.6993138790130615,0.021249674260616302,0.011502251029014587,0.0010169334709644318,0.0007159229135140777,0.007784379180520773,0.012039749883115292,8.459139644401148e-05,0.011952560395002365,0.010559244081377983,0.1114606112241745,0.0,0.19354228675365448,0.0014777864562347531,0.00866788998246193,8.513587090419605e-06,,,,,
95,0.2493753582239151,0.000979001682029202,32.28792134701507,0.5670830607414246,0.024756409227848053,0.011821916326880455,0.0010665998561307788,0.00066346675157547,0.00960874930024147,0.011623219586908817,8.537113899365067e-05,0.01156595442444086,0.007783341221511364,0.032398637384176254,0.0,0.44883280992507935,0.0009962157346308231,0.00887061096727848,1.215313858438094e-07,,,,,
96,0.23611782491207123,0.0009785606587546505,32.625608881004155,2.339444875717163,0.027077704668045044,0.010248098522424698,0.0009609147673472762,0.000636570795904845,0.011124202981591225,0.011219891719520092,8.636298298370093e-05,0.011242533102631569,0.0049278391525149345,0.038820214569568634,0.0,0.30499061942100525,0.0013719440903514624,0.009083127602934837,3.623148222686723e-05,,,,,
97,0.23021455109119415,0.0009781151590195069,32.962982984026894,1.6897673606872559,0.02219945751130581,0.011070147156715393,0.0011207452043890953,0.0006501870229840279,0.006992076523602009,0.011962958611547947,8.923166751628742e-05,0.0118357939645648,0.011935969814658165,0.03359389305114746,0.0,0.41869354248046875,0.00038596533704549074,0.009297423996031284,3.577520715225546e-07,,,,,
98,0.22743232548236847,0.0009776651872206738,33.297350941982586,0.17700974643230438,0.02514500543475151,0.010575155727565289,0.0009170575067400932,0.0008154134266078472,0.008152615278959274,0.011535575613379478,9.153430437436327e-05,0.011453291401267052,0.003017008537426591,0.07166402041912079,0.0,0.26327699422836304,0.00036565528716892004,0.0095192426815629,1.5306162595152273e-06,,,,,
99,0.22587420046329498,0.0009772107477991911,33.63701382803265,0.7616989016532898,0.024605967104434967,0.01041459757834673,0.000796904438175261,0.0009254582109861076,0.008376154117286205,0.011268158443272114,9.3554423074238e-05,0.011224953457713127,0.010586315765976906,0.03233712166547775,0.0,0.3255830407142639,0.0012487361673265696,0.009739723056554794,7.683473768338445e-07,,,,,
100,0.23172008991241455,0.0009767518452401926,33.97551390301669,0.9785154461860657,0.023484496399760246,0.01129738800227642,0.0009207843104377389,0.0008534853113815188,0.00814796146005392,0.011442197486758232,9.303932165494189e-05,0.011361991055309772,0.0053981454111635685,0.050268955528736115,0.0,0.2977796792984009,0.0007869418477639556,0.009961394593119621,4.6973428879937273e-07,24.844042083012503,27.594383493804486,7.972325575509326,8.116552791484171,29.686486911291
101,0.23428305983543396,0.0009762884840728611,34.34411302697845,1.7161865234375,0.023429792374372482,0.010969414375722408,0.0008858555229380727,0.0008651199750602245,0.009783424437046051,0.011065853759646416,9.172630961984396e-05,0.011060039512813091,0.002052653580904007,0.02205868810415268,0.0,0.3684178590774536,0.0005447244038805366,0.010180748999118805,1.1643828656815458e-06,,,,,
102,0.2295658141374588,0.0009758206688703845,34.68841507501202,2.936906576156616,0.021845631301403046,0.011765748262405396,0.0012250200379639864,0.0006524985074065626,0.00703166238963604,0.011790321208536625,8.97427016752772e-05,0.011675582267343998,0.004945424385368824,0.04698537662625313,0.0,0.26956647634506226,0.00042821740498766303,0.010402686893939972,3.8487218034788384e-07,,,,,
103,0.2355441153049469,0.0009753484042499097,35.028556199977174,4.173665523529053,0.02296687476336956,0.010244120843708515,0.0008782587829045951,0.0008718210156075656,0.01292404904961586,0.01086466759443283,9.093023982131854e-05,0.010977156460285187,0.00737827830016613,0.0326533280313015,0.0,0.2517368793487549,0.0006020686123520136,0.010623871348798275,5.516471901501063e-07,,,,,
104,0.22872714698314667,0.000974871694872498,35.37136005301727,3.04464054107666,0.022419454529881477,0.011150780133903027,0.0011904190760105848,0.0006127418018877506,0.007001516874879599,0.012072802521288395,8.87934656930156e-05,0.011951327323913574,0.012092660181224346,0.05074361711740494,0.0,0.3147140443325043,0.0007017006864771247,0.010842020623385906,3.599313629365497e-07,,,,,
105,0.2316693365573883,0.0009743905454430785,35.71013937902171,1.716172695159912,0.02230200357735157,0.012002038769423962,0.0010739333229139447,0.0007669068872928619,0.007879636250436306,0.011254931800067425,8.429759327555075e-05,0.011209354735910892,0.015455671586096287,0.053476013243198395,0.0,0.21805298328399658,0.000613552751019597,0.011062185280025005,4.903810804535169e-06,,,,,
106,0.25026047229766846,0.0009739049607104018,36.05150048597716,7.88702392578125,0.025650832802057266,0.009691275656223297,0.0006355999503284693,0.0010896050371229649,0.01671932265162468,0.011060227639973164,8.03188668214716e-05,0.0112367058172822,0.007791199721395969,0.026895353570580482,0.0,0.2819209396839142,0.00036515918327495456,0.011277271434664726,1.4614005294788512e-06,,,,,
107,0.2175493687391281,0.0009734149454669931,36.39207489398541,1.0459141731262207,0.02280016802251339,0.010602712631225586,0.0010502752847969532,0.0007248652982525527,0.007731517776846886,0.011533558368682861,7.49039463698864e-05,0.01145242154598236,0.012819748371839523,0.03926749527454376,0.0,0.19435101747512817,0.00023182659060694277,0.011486045084893703,4.0490181163477246e-07,,,,,
108,0.24700158834457397,0.0009729205045491051,36.73116522299824,7.559247970581055,0.021718259900808334,0.013224381022155285,0.0014732624404132366,0.000573196797631681,0.0043878816068172455,0.013691600412130356,7.003459904808551e-05,0.013503690250217915,0.009012505412101746,0.042281635105609894,0.0,0.41034454107284546,0.001173142227344215,0.01169033907353878,3.770366561184346e-07,,,,,
109,0.24158941209316254,0.00097242164283667,37.07179711898789,7.205401420593262,0.023568807169795036,0.00988115556538105,0.0006972555420361459,0.0010433080606162548,0.014635641127824783,0.010726436972618103,6.604997179238126e-05,0.010822526179254055,0.01101645827293396,0.03956884518265724,0.0,0.2846595346927643,0.0005106959724798799,0.011895394884049892,1.4819825082668103e-06,,,,,
110,0.2363065779209137,0.0009719183652532516,37.411737474030815,1.1443963050842285,0.023640908300876617,0.010350992903113365,0.0009231964941136539,0.000939553021453321,0.009334420785307884,0.010878624394536018,6.30116555839777e-05,0.01085055060684681,0.007321771699935198,0.045918237417936325,0.0,0.4784379005432129,0.0009117414010688663,0.01209761667996645,4.5654678615392186e-07,,,,,
111,0.24967502057552338,0.0009714106767659962,37.7493686209782,8.678699493408203,0.02326078526675701,0.014362474903464317,0.001479665981605649,0.0006280636880546808,0.00361356302164495,0.01428736187517643,6.0667960497085005e-05,0.014091997407376766,0.005743710789829493,0.0471881665289402,0.0,0.25813353061676025,0.0006917201681062579,0.01231614500284195,7.78976925630559e-07,,,,,
112,0.2354053407907486,0.0009708985823855846,38.08882426901255,1.826149582862854,0.02422613464295864,0.010752740316092968,0.0009469944052398205,0.0009113536216318607,0.010159099474549294,0.010648290626704693,6.032311648596078e-05,0.010650765150785446,0.004305567126721144,0.06153315305709839,0.0,0.3144940733909607,0.000629717658739537,0.01252595242112875,5.312388111633481e-07,,,,,
113,0.22338750958442688,0.0009703820871661813,38.43515928601846,4.366233825683594,0.02172800339758396,0.009284291416406631,0.0009371039341203868,0.0008807025151327252,0.01244692038744688,0.010465764440596104,5.849388981005177e-05,0.010525246150791645,0.014684819616377354,0.044334232807159424,0.0,0.21178436279296875,0.0010826499201357365,0.012740977108478546,1.9325565858707705e-07,,,,,
114,0.24088211357593536,0.0009698611962053858,38.76877665397478,9.101472854614258,0.023123642429709435,0.012822429649531841,0.001692896126769483,0.0005325421807356179,0.003456294070929289,0.014721420593559742,5.505979061126709e-05,0.014532237313687801,0.008751863613724709,0.041020408272743225,0.0,0.28697189688682556,0.0011389111168682575,0.012953056022524834,1.473600605095271e-06,,,,,
115,0.21214431524276733,0.0009693359146441815,39.10412911802996,2.962841749191284,0.019961398094892502,0.010100058279931545,0.0011912744957953691,0.0008236830472014844,0.006199464201927185,0.011685539036989212,5.4457563237519935e-05,0.011604230850934982,0.003464063396677375,0.05492551997303963,0.0,0.24766381084918976,0.0012460588477551937,0.013159663416445255,2.7259934540779795e-06,,,,,
116,0.2710966467857361,0.0009688062476668852,39.44147308001993,12.227770805358887,0.023460816591978073,0.009744021110236645,0.00041656996472738683,0.0015378011157736182,0.020720846951007843,0.01183607429265976,5.688201417797245e-05,0.012091659009456635,0.010004743002355099,0.013914850540459156,0.0,0.33380764722824097,0.00023373085423372686,0.013369228690862656,3.0561473067791667e-06,,,,,
117,0.24625533819198608,0.0009682722005010961,39.77872418001061,8.774330139160156,0.022417830303311348,0.009624447673559189,0.0005183086614124477,0.0014173680683597922,0.01650336943566799,0.010741958394646645,5.594246613327414e-05,0.010901105590164661,0.00849534384906292,0.0547664538025856,0.0,0.22278492152690887,0.0005705286748707294,0.013572227209806442,1.3716767170990352e-06,,,,,
118,0.2750743329524994,0.0009677337784176445,40.11527806503,13.883347511291504,0.023134024813771248,0.016643870621919632,0.0017563094152137637,0.0005778360646218061,0.0019049568800255656,0.016956333070993423,5.4229072702582926e-05,0.016712872311472893,0.008411716669797897,0.03233932703733444,0.0,0.3102599084377289,0.0007610823959112167,0.013767129741609097,4.982607606507372e-06,,,,,
119,0.2702905535697937,0.0009671909867305388,40.45330602303147,13.84061050415039,0.021483125165104866,0.01589898392558098,0.002018484752625227,0.0004720921569969505,0.0019291362259536982,0.017904676496982574,5.4336727771442384e-05,0.017645560204982758,0.0056394003331661224,0.029345393180847168,0.0,0.27332648634910583,0.00044989038724452257,0.013954858295619488,2.7207286166230915e-06,,,,,
120,0.21836207807064056,0.0009666438307969138,40.79173571901629,4.353524208068848,0.022071119397878647,0.008914886973798275,0.0009001190774142742,0.0009794130455702543,0.011510610580444336,0.010258665308356285,5.616192356683314e-05,0.01029003132134676,0.006460949778556824,0.04038688540458679,0.0,0.2699486017227173,0.0005843752296641469,0.014133652672171593,1.741013147693593e-05,,,,,
121,0.21485643088817596,0.0009660923160169777,41.12659674900351,3.800671339035034,0.021860620006918907,0.009034899063408375,0.0010098060593008995,0.0009190856944769621,0.01088759209960699,0.01023726724088192,6.048508657841012e-05,0.010269543156027794,0.00371994124725461,0.05026911571621895,0.0,0.19597505033016205,0.0012302296236157417,0.01431883405894041,2.6464963411854114e-06,,,,,
122,0.25236907601356506,0.0009655364478339585,41.46148284699302,10.570077896118164,0.02045384794473648,0.014534827321767807,0.0017494966741651297,0.0005419602384790778,0.00265634898096323,0.015024770982563496,6.541699985973537e-05,0.014742577448487282,0.010961293242871761,0.027834545820951462,0.0,0.3531357944011688,0.0009038170101121068,0.014503153041005135,1.165891717391787e-06,,,,,
123,0.2232813537120819,0.0009649762317340511,41.796686969988514,4.1277756690979,0.021307507529854774,0.011213134042918682,0.0012587624369189143,0.000774370739236474,0.005404713563621044,0.011850782670080662,7.298157288460061e-05,0.011674702167510986,0.014351718127727509,0.03205030411481857,0.0,0.3586943447589874,0.0006644305540248752,0.014687033370137215,1.3548321931011742e-06,,,,,
124,0.28819629549980164,0.0009644116732463621,42.13120397803141,15.532986640930176,0.02419530600309372,0.011235552839934826,0.000299820356303826,0.0017454088665544987,0.022673172876238823,0.012760777957737446,8.434146729996428e-05,0.013182415626943111,0.007475145161151886,0.030996069312095642,0.0,0.12908422946929932,0.00029807124519720674,0.014889056794345379,1.2583100215124432e-06,,,,,
125,0.2932772636413574,0.0009638427779428558,42.46632355602924,15.188398361206055,0.01944507472217083,0.011239046230912209,0.0003195157914888114,0.001713069505058229,0.022263845428824425,0.012713783420622349,8.989227353595197e-05,0.013150093145668507,0.00618691835552454,0.06372959166765213,0.0,0.29349055886268616,0.0005382220260798931,0.015076295472681522,1.7879159486255958e-06,23.664014261137456,28.51066534535111,8.535412663262983,8.702894887036924,23.236380582236908
126,0.2226693481206894,0.0009632695514382992,42.83192618802423,2.9214420318603516,0.02106955647468567,0.010585976764559746,0.0010715944226831198,0.0009992910781875253,0.0066322642378509045,0.011069647036492825,8.86673733475618e-05,0.010914976708590984,0.016195714473724365,0.06864695250988007,0.0,0.3353244364261627,0.0003611688152886927,0.015255045145750046,1.0026867585111177e-06,,,,,
127,0.2425786554813385,0.0009626919993902064,43.166399932000786,9.728493690490723,0.023081112653017044,0.014258469454944134,0.0017415080219507217,0.00047206535236909986,0.0033013548236340284,0.013653958216309547,8.8304172095377e-05,0.013326749205589294,0.012430884875357151,0.04988153278827667,0.0,0.16939258575439453,0.0011488080490380526,0.015449305064976215,6.006844159855973e-07,,,,,
128,0.21649529039859772,0.0009621101274987831,43.50498612498632,3.6818184852600098,0.02214312180876732,0.009541173465549946,0.001078963279724121,0.000673570204526186,0.011021274141967297,0.010074184276163578,9.202908404404297e-05,0.01014669332653284,0.007714191451668739,0.028123104944825172,0.0,0.22818806767463684,0.0004267994372639805,0.01563406176865101,4.464760365863185e-07,,,,,
129,0.22729671001434326,0.0009615239415068697,43.84275367500959,3.0948524475097656,0.0229635089635849,0.009404197335243225,0.0010990045266225934,0.0007016899762675166,0.009995345026254654,0.010076897218823433,8.934162906371057e-05,0.010101386345922947,0.0066265384666621685,0.0692572295665741,0.0,0.44488656520843506,0.00034332391805946827,0.01582423411309719,7.868620741646737e-07,,,,,
130,0.24734947085380554,0.0009609334471998856,44.178494269028306,10.87117862701416,0.018840821459889412,0.014958339743316174,0.001724690548144281,0.0004630020703189075,0.00289428373798728,0.01428710576146841,8.564584277337417e-05,0.01395011879503727,0.006867998745292425,0.07791909575462341,0.0,0.19037027657032013,0.00038638239493593574,0.01603970304131508,7.280769978024182e-07,,,,,
131,0.20611800253391266,0.000960338650405771,44.516539654985536,2.220594882965088,0.021367240697145462,0.010425103828310966,0.0010474480222910643,0.0008646071655675769,0.0059342822059988976,0.011019165627658367,8.559507841710001e-05,0.01087579783052206,0.014441989362239838,0.018405497074127197,0.0,0.20984815061092377,0.0007745309267193079,0.016243014484643936,5.444387625175295e-07,,,,,
132,0.25561317801475525,0.0009597395569949304,44.85784280800726,11.375005722045898,0.025125067681074142,0.00945491623133421,0.0003151515848003328,0.0015978689771145582,0.018353372812271118,0.011031020432710648,8.702515333425254e-05,0.011318495497107506,0.004780622199177742,0.026821009814739227,0.0,0.26924020051956177,0.00033414229983463883,0.016450295224785805,2.0474506072787335e-06,,,,,
133,0.22188499569892883,0.0009591361728801735,45.19316654099384,6.361844539642334,0.020177273079752922,0.009322638623416424,0.0005034703062847257,0.0013965893303975463,0.01307912077754736,0.009993359446525574,8.34538514027372e-05,0.010108030401170254,0.005124575458467007,0.03541786968708038,0.0,0.2153502255678177,0.00018767922301776707,0.016650276258587837,2.3689558474870864e-06,,,,,
134,0.31141793727874756,0.0009585285040166583,45.53189940401353,17.8295841217041,0.020620934665203094,0.018871411681175232,0.002046117326244712,0.0003298611263744533,0.001630227779969573,0.01966005563735962,7.517159974668175e-05,0.019202785566449165,0.0036212927661836147,0.04048831760883331,0.0,0.5204223990440369,0.0007988073630258441,0.01684700883924961,9.165455594484229e-07,,,,,
135,0.3202696144580841,0.0009579165564018309,45.869836059981026,19.506412506103516,0.02153686061501503,0.019982241094112396,0.002373944967985153,0.00017595058307051659,0.0015147154917940497,0.021946290507912636,7.097263733157888e-05,0.021470729261636734,0.0037275750655680895,0.03458137810230255,0.0,0.28287237882614136,0.001957693137228489,0.017042407765984535,1.0412461051600985e-05,,,,,
136,0.21485239267349243,0.0009573003360753673,46.20573043299373,2.9783341884613037,0.022228114306926727,0.010976091027259827,0.0013293742667883635,0.000461187883047387,0.006180843338370323,0.01097432803362608,6.8925459345337e-05,0.010850911028683186,0.013794179074466228,0.06712137907743454,0.0,0.1784328818321228,0.0015056068077683449,0.017227914184331894,5.106938942844863e-07,,,,,
137,0.36330652236938477,0.0009566798491191136,46.54530463402625,20.8743953704834,0.02362678200006485,0.013278234750032425,0.00019095564493909478,0.0016516422620043159,0.03162011504173279,0.01685531623661518,7.40398172638379e-05,0.01744662970304489,0.004166310653090477,0.02684200182557106,0.0,0.3217242956161499,0.00020623658201657236,0.017412161454558372,7.360118843280361e-07,,,,,
138,0.44191473722457886,0.000956055101657025,46.88487391901435,25.30278205871582,0.02398703433573246,0.016289595514535904,7.018548785708845e-05,0.0021352311596274376,0.04006105288863182,0.021001799032092094,7.514661410823464e-05,0.021760711446404457,0.004151699133217335,0.05945437401533127,0.0,0.24838779866695404,0.0004448464896995574,0.017588026821613312,1.178799834633537e-06,,,,,
139,0.27704012393951416,0.0009554260998551071,47.21604414697504,14.388692855834961,0.022660445421934128,0.010013856925070286,0.00026081426767632365,0.001554582267999649,0.02276190184056759,0.012105120345950127,6.988683890085667e-05,0.012467941269278526,0.007403031922876835,0.04609767347574234,0.0,0.2003476470708847,0.00019881474145222455,0.01775282993912697,8.394239557674155e-06,,,,,
140,0.27355480194091797,0.0009547928499213538,47.55546593503095,15.538470268249512,0.02277471125125885,0.01687912829220295,0.0018539082957431674,0.000414662150433287,0.0019794804975390434,0.0178195983171463,6.36859331279993e-05,0.017506111413240433,0.012012258172035217,0.017817435786128044,0.0,0.21093061566352844,0.0009019808494485915,0.01790972240269184,6.420015779440291e-06,,,,,
141,0.39287543296813965,0.0009541553581056861,47.89323634101311,25.335052490234375,0.0234365314245224,0.025453243404626846,0.002635992830619216,0.00017825115355663002,0.0020959381945431232,0.027361709624528885,6.338585080811754e-05,0.026934238150715828,0.011340852826833725,0.04738583415746689,0.0,0.2730271816253662,0.0010808487422764301,0.018059100955724716,5.12542828801088e-06,,,,,
142,0.2676681876182556,0.0009535136306998909,48.22965127002681,13.938912391662598,0.021568963304162025,0.016235537827014923,0.0016220336547121406,0.0004355965356808156,0.0020376755855977535,0.016904184594750404,6.293376645771787e-05,0.016632530838251114,0.014261243864893913,0.04476117342710495,0.0,0.2737845182418823,0.0008880530949681997,0.01820112206041813,5.108738605485996e-07,,,,,
143,0.2623939514160156,0.0009528676740375587,48.570121662982274,12.429680824279785,0.022250037640333176,0.010043077170848846,0.0003351932391524315,0.0013749466743320227,0.019321909174323082,0.011211609467864037,6.597449100809172e-05,0.01151425950229168,0.006384324748069048,0.04654527083039284,0.0,0.2818810045719147,0.0002062229614239186,0.018342409282922745,6.419929832190974e-06,,,,,
144,0.304578959941864,0.0009522174944940209,48.91034194099484,16.48350715637207,0.02178376168012619,0.010828766971826553,0.00022529518173541874,0.0015642158687114716,0.027195457369089127,0.013836552388966084,6.625278911087662e-05,0.0142849525436759,0.007547964341938496,0.02567988634109497,0.0,0.18868571519851685,0.00018247574917040765,0.018482685089111328,1.9663698367367033e-06,,,,,
145,0.22033162415027618,0.000951563098486287,49.24557399499463,6.495156288146973,0.021488571539521217,0.008468043059110641,0.000667864631395787,0.000960341829340905,0.013163000345230103,0.009834437631070614,6.23878586338833e-05,0.009963620454072952,0.008595800958573818,0.042349234223365784,0.0,0.33522048592567444,0.0004992190515622497,0.01861646957695484,1.0938817922578892e-06,,,,,
146,0.3805826008319855,0.0009509044924729818,49.58515434199944,23.73655128479004,0.02375739999115467,0.024904008954763412,0.0028319875709712505,0.00010107795242220163,0.001573780900798738,0.025450432673096657,5.9966256230836734e-05,0.025080107152462006,0.006596550345420837,0.029950886964797974,0.0,0.3283554017543793,0.0005208983202464879,0.018766148015856743,2.4272660084534436e-05,,,,,
147,0.5174622535705566,0.0009502416829542803,49.92472088802606,33.00377655029297,0.02460857294499874,0.032925114035606384,0.003617498790845275,3.249889414291829e-05,0.0039063142612576485,0.03740744665265083,6.0898575611645356e-05,0.036967288702726364,0.01595209911465645,0.03370188549160957,0.0,0.44350284337997437,0.0016065514646470547,0.018910132348537445,7.027512083368492e-07,,,,,
148,0.3538036644458771,0.000949574676471845,50.263585946988314,21.939334869384766,0.021089360117912292,0.022259481251239777,0.0026951159816235304,0.0001565224229125306,0.0012340577086433768,0.023411840200424194,5.89892479183618e-05,0.023048806935548782,0.012562088668346405,0.04549198970198631,0.0,0.43271613121032715,0.0008416268392466009,0.019049663096666336,8.755176850172575e-07,,,,,
149,0.2205529659986496,0.0009489034796087608,50.604060411977116,5.866621494293213,0.019523633643984795,0.008750258944928646,0.0006366201560012996,0.0009890213841572404,0.013464925810694695,0.009756537154316902,6.0091133491368964e-05,0.009829345159232616,0.0060167936608195305,0.026716401800513268,0.0,0.3581092953681946,0.00023991285706870258,0.019189706072211266,1.429592657586909e-06,,,,,
150,0.2515498995780945,0.0009482280989894695,50.941356380004436,11.68362808227539,0.022758686915040016,0.008995428681373596,0.0003356488887220621,0.0014181439764797688,0.018973063677549362,0.011072658002376556,6.31297443760559e-05,0.011309048160910606,0.004813534673303366,0.045777577906847,0.0,0.2560777962207794,0.0003590337000787258,0.019355198368430138,2.1859195840079337e-06,23.303248048709147,25.894514307368937,7.0149121474683565,8.902436809433112,27.692644316826676
151,0.2030179649591446,0.0009475485412797054,51.31220997101627,2.1724469661712646,0.023003848269581795,0.00894581526517868,0.0006738781812600791,0.0009952600812539458,0.009222541004419327,0.009808473289012909,6.345632573356852e-05,0.009791084565222263,0.01271117478609085,0.029048752039670944,0.0,0.2215336263179779,0.0003923468175344169,0.019520068541169167,3.3812284527812153e-06,,,,,
152,0.2900381088256836,0.0009468648131864284,51.649756200029515,16.67935562133789,0.022348033264279366,0.01870972104370594,0.0020168751943856478,0.000284811103483662,0.0013220887631177902,0.01822519302368164,6.340808613458648e-05,0.017839549109339714,0.0074307783506810665,0.05012283846735954,0.0,0.20254749059677124,0.0014084780123084784,0.019695540890097618,4.132253252464579e-06,,,,,
153,0.26506778597831726,0.0009461769214577592,51.986173832032364,14.195979118347168,0.020158180966973305,0.015524564310908318,0.0018955923151224852,0.00028690104954876006,0.002105663064867258,0.016793370246887207,6.6015672928188e-05,0.016414668411016464,0.009676439687609673,0.06598478555679321,0.0,0.3217826783657074,0.0001852298155426979,0.019863195717334747,1.2784277714672498e-05,,,,,
154,0.2026958465576172,0.000945484872882911,52.32250445103273,4.233457088470459,0.02054450660943985,0.008783446624875069,0.000788339355494827,0.0007724665920250118,0.010848132893443108,0.00967668928205967,7.395472493954003e-05,0.009732752107083797,0.002831543330103159,0.03609167039394379,0.0,0.1798686683177948,0.0005588156636804342,0.020031830295920372,1.7409028032489005e-06,,,,,
155,0.2212246209383011,0.0009447886742921243,52.65720521699404,5.736761569976807,0.02282017655670643,0.00892605260014534,0.0006648138514719903,0.0009161189082078636,0.01263473927974701,0.009772324934601784,7.881168130552396e-05,0.009892255067825317,0.0057465797290205956,0.05201881378889084,0.0,0.28754910826683044,0.0006406415486708283,0.020209042355418205,2.950249836430885e-06,,,,,
156,0.22166569530963898,0.0009440883325565978,52.99631811800646,8.360736846923828,0.01973203755915165,0.012140361592173576,0.0013793741818517447,0.0005001038662157953,0.0031313225626945496,0.012839360162615776,7.780855230521411e-05,0.012548479251563549,0.006334505509585142,0.06985089182853699,0.0,0.2849138677120209,0.0003679891233332455,0.02040337584912777,1.0575106443866389e-06,,,,,
157,0.2011832892894745,0.0009433838545884216,53.3313567530131,4.101064682006836,0.019945550709962845,0.01071526762098074,0.0010057496838271618,0.000724515353795141,0.0052061136811971664,0.011187877506017685,8.038623491302133e-05,0.01099127996712923,0.008423669263720512,0.017450157552957535,0.0,0.18868374824523926,0.0005939619732089341,0.020605210214853287,1.1344336598995142e-05,,,,,
158,0.25491026043891907,0.0009426752473405091,53.6680342979962,10.667859077453613,0.022107819095253944,0.009176439605653286,0.0003383142757229507,0.0013952548615634441,0.0183879341930151,0.010744302533566952,8.122733561322093e-05,0.011020132340490818,0.013217666186392307,0.0436435267329216,0.0,0.37853193283081055,0.00018843699945136905,0.020811891183257103,1.2701937066594837e-06,,,,,
159,0.2377159297466278,0.0009419625178065278,54.01090730697615,10.233918190002441,0.022592630237340927,0.009224445559084415,0.0004156396898906678,0.0011836063349619508,0.01648830994963646,0.01024444866925478,7.644588185939938e-05,0.01045371312648058,0.007807733956724405,0.03542211651802063,0.0,0.262365460395813,0.00013895696611143649,0.02102319709956646,1.0405728971818462e-05,,,,,
160,0.23075279593467712,0.0009412456730208301,54.34594302700134,8.40478229522705,0.020203473046422005,0.013420036062598228,0.0015734655316919088,0.00040687911678105593,0.0033526986371725798,0.012780270539224148,7.002044731052592e-05,0.012538144364953041,0.0021952777169644833,0.045763857662677765,0.0,0.25063738226890564,0.0013972800225019455,0.021233903244137764,1.230221187142888e-06,,,,,
161,0.21492239832878113,0.0009405247200583851,54.68097258300986,7.050732135772705,0.019520170986652374,0.011412439867854118,0.0014712745323777199,0.0004403117054607719,0.003958601504564285,0.01250082440674305,6.856134859845042e-05,0.012280415743589401,0.01263003796339035,0.06260877847671509,0.0,0.22714555263519287,0.0006308519514277577,0.021446777507662773,2.4203088742069667e-06,,,,,
162,0.2331983745098114,0.000939799666034707,55.02596179401735,9.279470443725586,0.021441977471113205,0.008700314909219742,0.00047290007933042943,0.0012522484175860882,0.016482865437865257,0.009993838146328926,7.218341488623992e-05,0.010180617682635784,0.005750298034399748,0.031231636181473732,0.0,0.2843821346759796,0.0002470813342370093,0.021664081141352654,1.6756789591454435e-06,,,,,
163,0.24073007702827454,0.0009390705181057868,55.36223822302418,7.929943561553955,0.01927192136645317,0.009134503081440926,0.0004832028062082827,0.0013124862452968955,0.014918322674930096,0.009757636114954948,7.301014557015151e-05,0.009926197119057178,0.005410355981439352,0.0616474449634552,0.0,0.4816337525844574,0.00011448165605543181,0.021882763132452965,8.436168172920588e-07,,,,,
164,0.22350260615348816,0.0009383372834680197,55.697523634007666,8.316222190856934,0.02027685008943081,0.01200677827000618,0.0015170862898230553,0.000495674554258585,0.0034136862959712744,0.012980633415281773,6.972809205763042e-05,0.01273683737963438,0.014055276289582253,0.038851432502269745,0.0,0.32741236686706543,0.00027557346038520336,0.022128354758024216,7.124307330741431e-07,,,,,
165,0.22710442543029785,0.0009375999693581359,56.03663862001849,7.756036281585693,0.020657982677221298,0.01244895439594984,0.0015313852345570922,0.000459793780464679,0.003561887890100479,0.012486559338867664,6.927903450559825e-05,0.012260539457201958,0.008369553834199905,0.12450521439313889,0.0,0.18430468440055847,0.00040081795305013657,0.022382451221346855,1.0626142739056377e-06,,,,,
166,0.22815042734146118,0.0009368585830531277,56.376584414974786,8.956928253173828,0.01935047283768654,0.008524194359779358,0.0005743778310716152,0.0011539903935045004,0.0160407405346632,0.00982446875423193,7.263105362653732e-05,0.010020164772868156,0.0058365473523736,0.0851108580827713,0.0,0.19416408240795135,0.00020965734438505024,0.02263139747083187,7.61343812882842e-07,,,,,
167,0.232090026140213,0.000936113131870179,56.71403118298622,7.9832658767700195,0.021856877952814102,0.008817370049655437,0.0006204472156241536,0.0010570563608780503,0.014680135063827038,0.0096367709338665,7.290246867341921e-05,0.00980819296091795,0.017640136182308197,0.08565181493759155,0.0,0.30078744888305664,6.932883843546733e-05,0.022874508053064346,8.909156576919486e-07,,,,,
168,0.23141178488731384,0.0009353636231665917,57.05044528702274,9.103672981262207,0.018808091059327126,0.013220248743891716,0.0016894170548766851,0.00038551061879843473,0.003125969087705016,0.012780324555933475,6.868688069516793e-05,0.012516292743384838,0.0036263808142393827,0.05286332964897156,0.0,0.33037784695625305,0.0002969574125017971,0.02312500774860382,1.8303408069186844e-06,,,,,
169,0.2225014865398407,0.0009346100643397144,57.386341558012646,8.301894187927246,0.022040383890271187,0.012583393603563309,0.0015680494252592325,0.00045166080235503614,0.003775772638618946,0.012194156646728516,6.948624650249258e-05,0.011942541226744652,0.007859687320888042,0.032146207988262177,0.0,0.23209339380264282,0.00028433860279619694,0.023382997140288353,5.520017566595925e-06,,,,,
170,0.21971963346004486,0.0009338524628268683,57.724922133027576,8.64698314666748,0.017143113538622856,0.008507801219820976,0.0004583118425216526,0.0013027711538597941,0.01601020246744156,0.009795820340514183,7.554178591817617e-05,0.010007791221141815,0.005132467485964298,0.018996234983205795,0.0,0.204274520277977,0.00010521712829358876,0.02363801933825016,9.892323760141153e-07,,,,,
171,0.22520026564598083,0.0009330908261052745,58.0615651300177,7.981351375579834,0.022923482581973076,0.008699020370841026,0.0004992707399651408,0.0012709381990134716,0.014672777615487576,0.00961528904736042,7.399760943371803e-05,0.009801049716770649,0.00331900455057621,0.017668601125478745,0.0,0.2935800850391388,8.143684681272134e-05,0.02388911508023739,1.6172851928786258e-06,,,,,
172,0.221656933426857,0.0009323251616919799,58.3974440949969,8.592381477355957,0.018929414451122284,0.013163765892386436,0.0015317326178774238,0.00046995707089081407,0.0032115839421749115,0.0123239541426301,6.670477887382731e-05,0.012061430141329765,0.008918646723031998,0.0539829358458519,0.0,0.17817044258117676,0.00033779232762753963,0.024146875366568565,1.6478510360684595e-06,,,,,
173,0.2140001505613327,0.0009315554771437833,58.733469140017405,7.355074405670166,0.01841588504612446,0.012101824395358562,0.001457184087485075,0.0005172423552721739,0.0035272217355668545,0.01172206923365593,6.549641693709418e-05,0.011491133831441402,0.014704969711601734,0.04234437644481659,0.0,0.24746116995811462,0.00046677602222189307,0.024399759247899055,1.2372247510938905e-06,,,,,
174,0.2341518998146057,0.0009307817800571602,59.068915654032025,9.060516357421875,0.021897539496421814,0.00896600540727377,0.0004755101108457893,0.0012761910911649466,0.01615152135491371,0.009846886619925499,7.026496314210817e-05,0.010059677995741367,0.008422614075243473,0.049678027629852295,0.0,0.24783149361610413,7.58799142204225e-05,0.024661149829626083,6.396144272002857e-06,,,,,
175,0.2140638679265976,0.0009300040780681889,59.40294465702027,8.49804973602295,0.020579474046826363,0.008329086005687714,0.0004636300727725029,0.0013066231040284038,0.015042009763419628,0.009682642295956612,6.851072248537093e-05,0.009876732714474201,0.0066376300528645515,0.03690968453884125,0.0,0.10050680488348007,0.0001027241232804954,0.02492092177271843,1.423526555299759e-06,22.895573585077557,29.301692764759462,10.280395909981525,6.3257494216116,17.515705480870544
176,0.19771027565002441,0.0009292223788524738,59.770428033021744,6.025674343109131,0.01787564903497696,0.010592227801680565,0.0014953752979636192,0.0004790021921508014,0.004154743626713753,0.01148819737136364,6.3308936660178e-05,0.011290355585515499,0.006649003364145756,0.04574670270085335,0.0,0.14554888010025024,0.0003334656066726893,0.02516389638185501,6.667338539045886e-07,,,,,
177,0.20364584028720856,0.0009284366901250704,60.14439772599144,4.813601016998291,0.019735898822546005,0.010771168395876884,0.0012992842821404338,0.0006217695772647858,0.004455104470252991,0.010854058898985386,6.329173629637808e-05,0.010692914947867393,0.0070447372272610664,0.04519642889499664,0.0,0.23905670642852783,0.00013125600526109338,0.025405922904610634,1.4192921753419796e-06,,,,,
178,0.23158100247383118,0.0009276470196404096,60.48512527497951,10.19249439239502,0.01903308741748333,0.008793123066425323,0.000330322771333158,0.0015139111783355474,0.017099110409617424,0.009980319999158382,6.762075645383447e-05,0.010217415168881416,0.006620351225137711,0.01663917861878872,0.0,0.24476957321166992,2.968999615404755e-05,0.025662856176495552,3.703112724906532e-06,,,,,
179,0.2303234189748764,0.0009268533751922201,60.823958194989245,9.795234680175781,0.019726423546671867,0.008550053462386131,0.00034188840072602034,0.0015034478856250644,0.01668912172317505,0.009683213196694851,6.732597830705345e-05,0.009893485344946384,0.006429563742130995,0.06358124315738678,0.0,0.2082543671131134,3.9396429201588035e-05,0.025916781276464462,2.4158509859262267e-06,,,,,
180,0.21180254220962524,0.0009260557646134523,61.15609216399025,6.60531759262085,0.017346125096082687,0.011842849664390087,0.001370169222354889,0.0005498778773471713,0.003816797863692045,0.011247877031564713,6.308573938440531e-05,0.011066053062677383,0.007591002620756626,0.04131723940372467,0.0,0.30551791191101074,0.00017198323621414602,0.02616424486041069,1.9333574527991004e-06,,,,,
181,0.20787590742111206,0.0009252541957762005,61.49518243398052,5.717075824737549,0.01735297590494156,0.010697517544031143,0.001431068405508995,0.0004917267942801118,0.004681258462369442,0.01082754135131836,6.319807289401069e-05,0.010664001107215881,0.009457211941480637,0.07535867393016815,0.0,0.29576388001441956,0.000548576470464468,0.026428384706377983,2.8234780984348617e-06,,,,,
182,0.2311125248670578,0.0009244486765916255,61.83024827000918,9.994626998901367,0.01977761834859848,0.008937153965234756,0.0004033896839246154,0.0013780558947473764,0.016955431550741196,0.009882652200758457,6.776303052902222e-05,0.010120060294866562,0.012891201302409172,0.03817533701658249,0.0,0.17947837710380554,5.292164860293269e-05,0.026711616665124893,2.766630132100545e-06,,,,,
183,0.22537381947040558,0.0009236392150098764,62.167990594985895,9.648592948913574,0.01864948682487011,0.008302333764731884,0.0004276721447240561,0.0013121613301336765,0.016246430575847626,0.009633118286728859,6.783093704143539e-05,0.00984883401542902,0.010579334571957588,0.06536880135536194,0.0,0.22267407178878784,5.1960465498268604e-05,0.026984764263033867,8.926789973884297e-07,,,,,
184,0.20339208841323853,0.0009228258190200126,62.50529024301795,6.399754524230957,0.01796182058751583,0.01116110011935234,0.0015642832731828094,0.0004461671633180231,0.004062049090862274,0.010965138673782349,6.316376675385982e-05,0.010784972459077835,0.005906357895582914,0.05105772614479065,0.0,0.19926072657108307,0.0002643942425493151,0.027251744642853737,1.1513754998304648e-06,,,,,
185,0.19211876392364502,0.0009220084966499235,62.84157635801239,4.217144966125488,0.017486639320850372,0.009674894623458385,0.0012629504781216383,0.0005407151184044778,0.004443939309567213,0.010546213947236538,6.400007259799168e-05,0.010379021987318993,0.0033128526993095875,0.06366189569234848,0.0,0.2438901960849762,0.00017561292042955756,0.027520988136529922,5.786928340967279e-07,,,,,
186,0.21479710936546326,0.0009211872559662515,63.17704388702987,8.379873275756836,0.018168501555919647,0.008274724707007408,0.00037073143175803125,0.0014335112646222115,0.013971878215670586,0.009090099483728409,6.854975799797103e-05,0.00923873670399189,0.010886460542678833,0.0319611094892025,0.0,0.30533212423324585,0.00012032443191856146,0.027809681370854378,2.541349658713443e-06,,,,,
187,0.1897185891866684,0.0009203621050743103,63.51715222699568,5.435858249664307,0.018489623442292213,0.007670970167964697,0.000527722411789,0.0012106378562748432,0.010738685727119446,0.008677147328853607,6.835698877694085e-05,0.008735666051506996,0.008354268968105316,0.04494181647896767,0.0,0.17943286895751953,9.981614857679233e-05,0.028108835220336914,2.2035278561816085e-06,,,,,
188,0.23748882114887238,0.0009195330521180062,63.85336422699038,12.719557762145996,0.0168681051582098,0.013350832276046276,0.0018868420738726854,0.0002550338685978204,0.0015965327620506287,0.014922638423740864,6.589277472812682e-05,0.014571892097592354,0.00857758242636919,0.0870686024427414,0.0,0.32216399908065796,0.0010851172264665365,0.028408946469426155,3.7072477425681427e-06,,,,,
189,0.2361246794462204,0.0009187001052797571,64.18932966998545,13.538618087768555,0.016467759385704994,0.01432084571570158,0.0020665719639509916,0.0002160687290597707,0.0015988349914550781,0.015188736841082573,6.78031865390949e-05,0.014822925440967083,0.018306836485862732,0.07597117125988007,0.0,0.117172010242939,0.0007563050603494048,0.02870580367743969,1.0988477697537746e-05,,,,,
190,0.19055359065532684,0.000917863272780412,64.52920633897884,2.4883859157562256,0.018722770735621452,0.008500093594193459,0.0008435397176072001,0.00087717518908903,0.008760388940572739,0.008591883815824986,7.386507786577567e-05,0.00858212448656559,0.007437671069055796,0.04674777016043663,0.0,0.22428247332572937,0.00018978559819515795,0.02898179367184639,1.5149327737162821e-05,,,,,
191,0.20005787909030914,0.00091702256287917,64.86763674998656,7.447673320770264,0.01754477061331272,0.007536998949944973,0.000456162728369236,0.001343192532658577,0.013130227103829384,0.00887459795922041,8.067223825491965e-05,0.00904947891831398,0.0040605259127914906,0.02016950026154518,0.0,0.2545433044433594,5.766893445979804e-05,0.029273463413119316,1.3705182027479168e-05,,,,,
192,0.18346256017684937,0.0009161779838734982,65.2145175790065,2.247015953063965,0.01741245947778225,0.009408249519765377,0.0009727810393087566,0.000673821079544723,0.0057589104399085045,0.009143101051449776,8.100830018520355e-05,0.009020601399242878,0.013496075756847858,0.042058803141117096,0.0,0.1817898154258728,0.00014148076297715306,0.029569216072559357,3.7222357605060097e-06,,,,,
193,0.19716346263885498,0.0009153295440990506,65.5542850039783,5.191705226898193,0.017426079139113426,0.011378402821719646,0.001283088931813836,0.0005506851011887193,0.0046628802083432674,0.009790889918804169,8.185891783796251e-05,0.00959821604192257,0.005579282529652119,0.05323270708322525,0.0,0.1251862347126007,0.00023148031323216856,0.02986942045390606,1.195855475089047e-06,,,,,
194,0.20553423464298248,0.0009144772519295853,65.8912961659953,8.544766426086426,0.01930239610373974,0.007930036634206772,0.0003716015489771962,0.0014124386943876743,0.01404029130935669,0.009068554267287254,8.723051723791286e-05,0.00930488295853138,0.020636573433876038,0.03224252536892891,0.0,0.1359071135520935,8.796839392744005e-05,0.030164849013090134,1.2314319519646233e-06,,,,,
195,0.20160293579101562,0.0009136211157768814,66.22818391502369,6.1126389503479,0.018080400303006172,0.00808900035917759,0.00054455321514979,0.0012278619688004255,0.011854956857860088,0.008468055166304111,8.532317588105798e-05,0.008606583811342716,0.006120556034147739,0.033667225390672684,0.0,0.29800447821617126,5.62247951165773e-05,0.030446086078882217,4.4151520341984e-06,,,,,
196,0.23620913922786713,0.0009127611440906577,66.56492371798959,12.977267265319824,0.018445774912834167,0.014682221226394176,0.0023001409135758877,0.00015364738646894693,0.0016888206591829658,0.013767469674348831,7.538867794210091e-05,0.013406768441200256,0.015250341966748238,0.022600706666707993,0.0,0.2055683732032776,0.0005757662001997232,0.03075437806546688,2.5648375867604045e-06,,,,,
197,0.23320406675338745,0.0009118973453584873,66.90631661901716,13.779443740844727,0.017657682299613953,0.014697927981615067,0.002257235813885927,0.0001335760171059519,0.0015999791212379932,0.014363796450197697,7.283429295057431e-05,0.014007613062858582,0.009269379079341888,0.04742734506726265,0.0,0.08475814759731293,0.000707701314240694,0.031050778925418854,9.09343270905083e-07,,,,,
198,0.17907655239105225,0.0009110297281057149,67.24169556400739,2.5410149097442627,0.019241174682974815,0.007554041221737862,0.0007030937122181058,0.000884737353771925,0.008703536354005337,0.008234630338847637,7.544711115770042e-05,0.0082491934299469,0.009624125435948372,0.02198127843439579,0.0,0.24306251108646393,0.0001226437307195738,0.03132496401667595,2.0712118384835776e-06,,,,,
199,0.20202861726284027,0.0009101583008953727,67.58052681997651,7.586706638336182,0.016995267942547798,0.007283554878085852,0.00032920698868110776,0.0015014158561825752,0.012528284452855587,0.008423916064202785,7.649332110304385e-05,0.008580652996897697,0.008360352367162704,0.03245797008275986,0.0,0.3960916996002197,7.027018000371754e-05,0.031623415648937225,1.1576712495298125e-06,,,,,
200,0.17734666168689728,0.0009092830723280953,67.92273978999583,3.9702541828155518,0.01693992130458355,0.009118123911321163,0.0011085782898589969,0.0006125688669271767,0.004708810243755579,0.009250031784176826,7.200918480521068e-05,0.009101459756493568,0.011562205851078033,0.02188713662326336,0.0,0.2201445996761322,0.00018401400302536786,0.03194816783070564,1.9389331100683194e-06,21.395275876723055,25.215340606778923,8.29958392461607,7.2730322273797485,22.32743760446946
201,0.1731843501329422,0.0009084040510420354,68.2911969019915,1.2376352548599243,0.01723656617105007,0.008587325923144817,0.0009864720050245523,0.0006504058255814016,0.0058790529146790504,0.008610287681221962,7.132673636078835e-05,0.008508877828717232,0.010057168081402779,0.03260460123419762,0.0,0.16790659725666046,0.0002208676014561206,0.032288625836372375,7.964856649778085e-07,,,,,
202,0.18786944448947906,0.0009075212457127782,68.62793356197653,5.18209981918335,0.016315529122948647,0.007897583767771721,0.0005018311785534024,0.0009701960952952504,0.010631818324327469,0.008104338310658932,7.295033719856292e-05,0.008155197836458683,0.0027577998116612434,0.04465550556778908,0.0,0.2625553011894226,0.00011252226977376267,0.03263399004936218,7.726500257376756e-07,,,,,
203,0.1789834052324295,0.0009066346650532561,68.9635267839767,4.828771591186523,0.018050914630293846,0.00968325138092041,0.0012202912475913763,0.00044790509855374694,0.004131785593926907,0.009681863710284233,6.995725561864674e-05,0.009473887272179127,0.012053065001964569,0.0553622804582119,0.0,0.09502269327640533,0.0003190835996065289,0.03300336375832558,4.1893008528859355e-06,,,,,
204,0.1784762293100357,0.0009057443178136618,69.29682203900302,2.075571298599243,0.015690868720412254,0.00766939390450716,0.0005511261988431215,0.0010327533818781376,0.007883002981543541,0.007986950688064098,7.518469647038728e-05,0.007956341840326786,0.005779608152806759,0.05220024660229683,0.0,0.3136165142059326,0.00019604714179877192,0.03335948660969734,1.72396494235727e-06,,,,,
205,0.17606434226036072,0.0009048502127813635,69.63402075198246,1.6595618724822998,0.016834687441587448,0.007820968516170979,0.0006590251578018069,0.0008928139577619731,0.007950011640787125,0.007936064153909683,7.63869538786821e-05,0.007909758947789669,0.003988536074757576,0.03668481111526489,0.0,0.25282156467437744,0.00034303098800592124,0.03375290334224701,2.211264018114889e-06,,,,,
206,0.17855940759181976,0.0009039523587808167,69.96904564701254,3.4767229557037354,0.017095638439059258,0.009170055389404297,0.001287579769268632,0.0004212608328089118,0.004638809245079756,0.008929576724767685,7.452204590663314e-05,0.008771874941885471,0.006888702977448702,0.05387318134307861,0.0,0.2026325762271881,0.0004120836383663118,0.0341627262532711,1.9375356714590453e-06,,,,,
207,0.16996683180332184,0.0009030507646734779,70.30574767000508,3.140665054321289,0.015591946430504322,0.007221232168376446,0.0005530634662136436,0.001107419142499566,0.00853060558438301,0.0076956115663051605,8.125082240439951e-05,0.00773652596399188,0.009179018437862396,0.018721383064985275,0.0,0.2345949411392212,0.00010346843919251114,0.034581054002046585,2.080506419588346e-06,,,,,
208,0.16809076070785522,0.0009021454393577171,70.64256964001106,1.0361411571502686,0.016234099864959717,0.008034883067011833,0.0008269722457043827,0.000766174343880266,0.005952305626124144,0.008082626387476921,8.091975905699655e-05,0.007999266497790813,0.007568754721432924,0.03436638414859772,0.0,0.21781235933303833,0.00012040021829307079,0.03501548618078232,2.811377271427773e-06,,,,,
209,0.1686304658651352,0.0009012363917687298,70.97800110600656,3.3587350845336914,0.017025865614414215,0.009026283398270607,0.0009379207040183246,0.0006362227140925825,0.004798359703272581,0.00826468225568533,8.069672185229138e-05,0.008138692006468773,0.006045836955308914,0.028628047555685043,0.0,0.14511731266975403,0.0003864730824716389,0.03545909374952316,2.829941877280362e-06,,,,,
210,0.17833153903484344,0.0009003236308784483,71.31635549198836,7.291862964630127,0.015468912199139595,0.006964467465877533,0.00044625840382650495,0.0011276076547801495,0.012331636622548103,0.007893231697380543,8.438921940978616e-05,0.008069276809692383,0.008582212030887604,0.04025160148739815,0.0,0.09319599717855453,0.00015888367488514632,0.03589537739753723,3.89933029509848e-06,,,,,
211,0.154146209359169,0.0008994071656954544,71.65240547497524,0.6148313283920288,0.01629897765815258,0.007266840897500515,0.0010969098657369614,0.00048068593605421484,0.005872572772204876,0.007704879157245159,7.614439527969807e-05,0.0076275598257780075,0.010527422651648521,0.03571832552552223,0.0,0.09248798340559006,0.00025926786474883556,0.036306701600551605,1.7389281765645137e-06,,,,,
212,0.18096862733364105,0.0008984870052648894,71.99983674200485,6.54602575302124,0.01526012271642685,0.010564103722572327,0.0012352210469543934,0.000446452759206295,0.00346240377984941,0.009410030208528042,7.314483809750527e-05,0.009154086001217365,0.009395195171236992,0.05502978712320328,0.0,0.1299363374710083,0.00016221772239077836,0.03670063614845276,1.1454585546744056e-06,,,,,
213,0.1743820309638977,0.0008975631586683652,72.33890824002447,5.59991979598999,0.016856150701642036,0.007048983126878738,0.00019634961790870875,0.0019079027697443962,0.00961056724190712,0.007263812702149153,7.909566920716316e-05,0.007328907027840614,0.008490546606481075,0.05326978862285614,0.0,0.11355379968881607,0.00020459403458517045,0.03707759082317352,1.9777505713136634e-06,,,,,
214,0.16746912896633148,0.0008966356350238747,72.67578653199598,1.1520578861236572,0.016494441777467728,0.008111318573355675,0.0010601341491565108,0.0005239540478214622,0.005599922966212034,0.0077061899937689304,6.647756526945159e-05,0.007592651527374983,0.009243546053767204,0.08525805175304413,0.0,0.14574654400348663,0.00026500754756852984,0.03744392842054367,3.371636466908967e-06,,,,,
215,0.16485485434532166,0.000895704443485702,73.00954717001878,2.578119993209839,0.014513884671032429,0.007765120826661587,0.0015490090008825064,0.0002496413653716445,0.004579950124025345,0.008087946102023125,5.9893576690228656e-05,0.007949731312692165,0.016822803765535355,0.0733608826994896,0.0,0.20984718203544617,0.0005304224323481321,0.03781243413686752,1.5681671357015148e-06,,,,,
216,0.1665162891149521,0.0008947695932443316,73.34587490098784,4.814493656158447,0.01718142442405224,0.006287729367613792,0.0003309075837023556,0.0014206463238224387,0.009329314343631268,0.006972780451178551,6.40250655123964e-05,0.007003098260611296,0.0048945932649075985,0.048271916806697845,0.0,0.2043110430240631,0.0002807124110404402,0.03820100799202919,1.827416554078809e-06,,,,,
217,0.16342748701572418,0.0008938310935263577,73.6833638640237,5.283472061157227,0.015769850462675095,0.009109556674957275,0.0010153335751965642,0.0005461203400045633,0.003602179465815425,0.008581004105508327,5.925493678660132e-05,0.008427202701568604,0.013245239853858948,0.02450137585401535,0.0,0.1368522197008133,0.00015379440446849912,0.03860580921173096,1.552502340018691e-06,,,,,
218,0.15654437243938446,0.000892888953594394,74.02089357702062,3.754817485809326,0.015095177106559277,0.0062103671953082085,0.0005371110746636987,0.0009508588118478656,0.008852103725075722,0.006827880162745714,5.998345295665786e-05,0.006868144031614065,0.012709888629615307,0.05572367087006569,0.0,0.14146873354911804,0.00016225076979026198,0.0390055887401104,3.7239058201521402e-06,,,,,
219,0.16491186618804932,0.0008919431827469809,74.35599703498883,2.110987901687622,0.015375516377389431,0.0075316280126571655,0.001149481046013534,0.00036739674396812916,0.005534564610570669,0.007340549491345882,5.688768578693271e-05,0.007285092957317829,0.01227105874568224,0.04088254272937775,0.0,0.3384537100791931,0.0004893043078482151,0.039404772222042084,2.9158532015571836e-06,,,,,
220,0.15755946934223175,0.0008909937903184951,74.69290757499402,1.454903244972229,0.014418539591133595,0.007183467037975788,0.0007085622055456042,0.0007158193038776517,0.007249985821545124,0.006784016732126474,5.761734064435586e-05,0.0067795575596392155,0.008665410801768303,0.03626585751771927,0.0,0.21001847088336945,0.00012307347788009793,0.03986385464668274,2.4110204321914352e-06,,,,,
221,0.15653836727142334,0.0008900407856790567,75.03248357900884,1.2096999883651733,0.014669189229607582,0.007214083336293697,0.0007519650971516967,0.000752833322621882,0.005313606467097998,0.007146753836423159,5.425500785349868e-05,0.00707512442022562,0.007125022821128368,0.05882534012198448,0.0,0.24862177670001984,0.00015676551265642047,0.04033248871564865,8.170183036781964e-07,,,,,
222,0.14536210894584656,0.0008890841782344365,75.3705071809818,0.3036758005619049,0.016223708167672157,0.006873047910630703,0.0006744127604179084,0.0007929170969873667,0.005693586077541113,0.0067398021928966045,5.237337973085232e-05,0.006682565901428461,0.009444043971598148,0.0335802286863327,0.0,0.10445217788219452,0.00024078015121631324,0.040822744369506836,3.4759875688905595e-06,,,,,
223,0.14366498589515686,0.0008881239774259638,75.72530410299078,1.0617284774780273,0.015246898867189884,0.0062975045293569565,0.0007129028672352433,0.0007243742584250867,0.006733856629580259,0.0065500675700604916,5.216255522100255e-05,0.0064926957711577415,0.009406670928001404,0.02797801047563553,0.0,0.1334652304649353,0.00012290816812310368,0.04129812866449356,1.7106422092183493e-05,,,,,
224,0.14506196975708008,0.0008871601927304331,76.06323705299292,2.227896213531494,0.014316386543214321,0.0066629680804908276,0.001139616360887885,0.0003557971213012934,0.004755043424665928,0.006949890870600939,5.1452323532430455e-05,0.006837928667664528,0.012588933110237122,0.0300227589905262,0.0,0.22717073559761047,0.0003428255149628967,0.04176457226276398,2.54049905379361e-06,,,,,
225,0.15754550695419312,0.0008861928336600101,76.39864848001162,4.984269618988037,0.015241235494613647,0.006235347595065832,0.00023291472462005913,0.0013674944639205933,0.009143376722931862,0.006128938868641853,6.316378858173266e-05,0.0061665684916079044,0.01848444528877735,0.034653760492801666,0.0,0.19976462423801422,0.00019920554768759757,0.04226186126470566,1.9582053027988877e-06,20.027657217285157,26.33847671072798,11.244915076504958,3.027818162029905,12.214319654369334
226,0.15901969373226166,0.0008852219097621384,76.76941294799326,7.945748329162598,0.013956833630800247,0.008426820859313011,0.0017150403000414371,9.319450327893719e-05,0.002405182458460331,0.00859401747584343,5.88862421864178e-05,0.008355962112545967,0.014826586470007896,0.07104745507240295,0.0,0.1237557977437973,0.001378192799165845,0.042774319648742676,1.545629288557393e-06,,,,,
227,0.13684426248073578,0.0008842474306194447,77.10534824500792,0.9439957737922668,0.012744295410811901,0.0060249073430895805,0.0005626634228974581,0.000765106815379113,0.005967351607978344,0.005984107032418251,7.22615368431434e-05,0.005949520505964756,0.006606755778193474,0.06463591009378433,0.0,0.1306711584329605,0.0007908016559667885,0.043263282626867294,2.1825048861501273e-06,,,,,
228,0.1457839459180832,0.0008832694058496449,77.44079772202531,5.266026496887207,0.014898561872541904,0.005642005708068609,0.00026874765171669424,0.0013174948981031775,0.008911262266337872,0.005874226801097393,7.996537169674411e-05,0.0059845647774636745,0.007565162610262632,0.05062451213598251,0.0,0.07620637863874435,0.0004275578248780221,0.043745849281549454,2.2956792236072943e-06,,,,,
229,0.19758103787899017,0.0008822878451054484,77.77844632201595,13.498476028442383,0.013699494302272797,0.012041102163493633,0.0023289548698812723,3.136065788567066e-05,0.001584700308740139,0.010039927437901497,6.371724157361314e-05,0.009708672761917114,0.015279337763786316,0.02110833302140236,0.0,0.28502964973449707,0.00030002481071278453,0.0442018136382103,5.883015546714887e-06,,,,,
230,0.1497039645910263,0.0008813027580744639,78.1157049399917,6.9369797706604,0.012859593145549297,0.007616416551172733,0.0016572311287745833,0.00011822520173154771,0.0025258008390665054,0.007294732145965099,6.648261478403583e-05,0.007082343101501465,0.007559394463896751,0.02602393925189972,0.0,0.30167531967163086,0.000525812734849751,0.04465369135141373,1.7029482251018635e-06,,,,,
231,0.2680662274360657,0.0008803141544791022,78.4490366950049,19.39211654663086,0.01757579855620861,0.00825575739145279,0.00025823028408922255,0.004577153362333775,0.019807487726211548,0.0104450061917305,9.489511285210028e-05,0.011045737192034721,0.010753327049314976,0.04852079227566719,0.0,0.11937864124774933,0.0015155127039179206,0.045134205371141434,1.0846556506294291e-05,,,,,
232,0.2868572771549225,0.0008793220440764821,78.78225610998925,20.67183494567871,0.017651813104748726,0.00787518359720707,0.00035459897480905056,0.004817295353859663,0.022350197657942772,0.011512179858982563,9.25648128031753e-05,0.012155663222074509,0.020698444917798042,0.03877802938222885,0.0,0.216722771525383,0.001011969055980444,0.045581039041280746,1.6538599084015004e-05,,,,,
233,0.13269706070423126,0.0008783264366583325,79.11627533298451,1.5334901809692383,0.010804514400660992,0.005313370376825333,0.0005438480293378234,0.0005632523098029196,0.005648150108754635,0.0053510526195168495,6.450295040849596e-05,0.005316284950822592,0.005489588715136051,0.055108293890953064,0.0,0.34959930181503296,0.0004287827468942851,0.04600388929247856,2.226202695965185e-06,,,,,
234,0.29473093152046204,0.0008773273420508967,79.45295642700512,25.0991153717041,0.014200317673385143,0.016669008880853653,0.004616738297045231,0.000702352961525321,0.0014463559491559863,0.018358269706368446,4.864253060077317e-05,0.017958559095859528,0.026153162121772766,0.012178593315184116,0.0,0.21351248025894165,0.001828112406656146,0.04650557413697243,6.3737170421518385e-06,,,,,
235,0.3063497245311737,0.0008763247701148352,79.79149597103242,25.424785614013672,0.014118346385657787,0.01714489795267582,0.0045913043431937695,0.0005593631649389863,0.0016630194149911404,0.018222203478217125,4.8946505557978526e-05,0.01782291755080223,0.008884981274604797,0.07693857699632645,0.0,0.24413904547691345,0.003939315676689148,0.046976491808891296,2.4239843696705066e-06,,,,,
236,0.12328897416591644,0.0008753187307451283,80.12560571398353,0.6211127638816833,0.012043843977153301,0.005824079271405935,0.000420455529820174,0.0007468931144103408,0.0044535258784890175,0.005327701568603516,6.411692447727546e-05,0.005240991711616516,0.01309316698461771,0.02661498636007309,0.0,0.19628912210464478,0.00019747143960557878,0.047422364354133606,1.0848318197531626e-05,,,,,
237,0.2740330398082733,0.0008743092338709782,80.46343987999717,20.156280517578125,0.018073352053761482,0.0077574653550982475,0.00024084726464934647,0.003539838595315814,0.021966418251395226,0.010820235125720501,8.577875996707007e-05,0.011403718031942844,0.015977555885910988,0.07320990413427353,0.0,0.27173352241516113,0.001156842801719904,0.04789997264742851,1.0473522706888616e-05,,,,,
238,0.23488660156726837,0.0008732962894557116,80.79749800200807,18.052114486694336,0.01510246004909277,0.007384821772575378,3.750975156435743e-05,0.0023206020705401897,0.01871432736515999,0.009382879361510277,8.082971908152103e-05,0.009870295412838459,0.012549938634037971,0.06851546466350555,0.0,0.26785197854042053,0.002028523711487651,0.048359841108322144,3.957587068725843e-06,,,,,
239,0.13907063007354736,0.0008722799074966811,81.13160278298892,7.132111549377441,0.011495586484670639,0.006730962544679642,0.0022477125748991966,8.456981595372781e-05,0.003045662771910429,0.006416287738829851,5.72259486943949e-05,0.006245930213481188,0.0062288581393659115,0.04370333254337311,0.0,0.13128572702407837,0.0010268103796988726,0.048804208636283875,3.4874365155701526e-06,,,,,
240,0.12918853759765625,0.0008712600980251661,81.46468438598095,6.201922416687012,0.01189164537936449,0.006773731671273708,0.0007646026788279414,0.00034129252890124917,0.0021534559782594442,0.006547014694660902,6.454040703829378e-05,0.006336079444736242,0.016658233478665352,0.05809873342514038,0.0,0.192769393324852,0.0006664728280156851,0.04923960566520691,2.5705943698994815e-05,,,,,
241,0.21819813549518585,0.0008702368711062745,81.80085783702089,15.718225479125977,0.01640603132545948,0.005517762154340744,0.0005341034848242998,0.0049049993976950645,0.013637801632285118,0.006924429442733526,8.955087105277926e-05,0.00730805704370141,0.013042295351624489,0.0703163594007492,0.0,0.2045929878950119,0.0013634986244142056,0.049698613584041595,2.0681005480582826e-05,,,,,
242,0.17509694397449493,0.0008692102368388428,82.13759263901738,12.586640357971191,0.012617338448762894,0.005218333564698696,0.00014995381934568286,0.003148481249809265,0.01180502213537693,0.0059351129457354546,8.223159238696098e-05,0.0062052966095507145,0.011592650786042213,0.055535294115543365,0.0,0.16776861250400543,0.0008351947763003409,0.05014096200466156,1.8431306671118364e-05,,,,,
243,0.1736220121383667,0.0008681802053553369,82.47336986399023,13.748541831970215,0.01380294281989336,0.008465556427836418,0.002402498386800289,0.00017703585035633296,0.0011908013839274645,0.009380578063428402,5.248692468740046e-05,0.009085888043045998,0.010791249573230743,0.11136570572853088,0.0,0.17363134026527405,0.003666449571028352,0.05056939646601677,3.5578573260863777e-06,,,,,
244,0.1848701387643814,0.0008671467868217514,82.81242896203185,14.676634788513184,0.01236400380730629,0.009282557293772697,0.0035100567620247602,0.0005057419184595346,0.0010476303286850452,0.009465218521654606,4.868269388680346e-05,0.00918752420693636,0.026477523148059845,0.05817054957151413,0.0,0.11132249236106873,0.0033440906554460526,0.05098716542124748,2.719524445637944e-06,,,,,
245,0.1356944441795349,0.0008661099914375104,83.14501352101797,7.865035057067871,0.01392484549432993,0.004586910828948021,0.000202004739549011,0.0007773963734507561,0.009695189073681831,0.0051383208483457565,6.533875421155244e-05,0.005260698031634092,0.01795469969511032,0.049201495945453644,0.0,0.17887139320373535,0.00023374910233542323,0.051382001489400864,1.515330268375692e-06,,,,,
246,0.12608133256435394,0.0008650698294353655,83.48260495002614,6.999898910522461,0.012863592244684696,0.004549168981611729,3.511611430440098e-05,0.0017162347212433815,0.007499563507735729,0.004617936909198761,6.86242274241522e-05,0.004684577230364084,0.005065008066594601,0.021406253799796104,0.0,0.14462336897850037,0.00034146365942433476,0.05178791284561157,3.0481692192552146e-06,,,,,
247,0.2026570439338684,0.0008640263110812959,83.81943919800688,18.22117805480957,0.012598032131791115,0.013325887732207775,0.002017043996602297,4.0790706407278776e-05,0.001055610948242247,0.012091494165360928,5.204175249673426e-05,0.011735289357602596,0.01702745631337166,0.043383873999118805,0.0,0.08836815506219864,0.0008084181463345885,0.05220326408743858,8.359545063285623e-06,,,,,
248,0.18211489915847778,0.0008629794466744064,84.15452363097575,16.922060012817383,0.013115273788571358,0.011066245846450329,0.002196067711338401,5.479855462908745e-05,0.0009156721062026918,0.011448447592556477,5.163854802958667e-05,0.01111411489546299,0.009746983647346497,0.018726330250501633,0.0,0.11144904792308807,0.000670277513563633,0.05259009078145027,1.509965727564122e-06,,,,,
249,0.12710434198379517,0.0008619292465468258,84.48839239100926,6.138546943664551,0.013765597715973854,0.004510132595896721,0.0001494405878474936,0.0011137148831039667,0.007190258242189884,0.004447927698493004,6.516751454910263e-05,0.004507168661803007,0.030894692987203598,0.03629836440086365,0.0,0.2165994942188263,0.0012287844438105822,0.05295464023947716,1.694265301921405e-05,,,,,
250,0.11606933921575546,0.0008608757210636058,84.82230153802084,5.166421890258789,0.012880828231573105,0.00464653642848134,0.00038462691009044647,0.00050003407523036,0.006869666278362274,0.004361243452876806,6.044513429515064e-05,0.004381963051855564,0.014727720990777016,0.03360145539045334,0.0,0.12623411417007446,0.001133516663685441,0.05336097627878189,4.969816473021638e-06,23.471696667235662,31.891608829792236,14.226853651607318,2.9337273808879036,8.001730416922989
251,0.20231810212135315,0.0008598188806226174,85.19207250402542,19.439891815185547,0.010850537568330765,0.012044369243085384,0.0026819398626685143,0.00017816961917560548,0.000957357871811837,0.012859075330197811,4.847342279390432e-05,0.012544163502752781,0.022878006100654602,0.01436853688210249,0.0,0.1474643051624298,0.0013787912903353572,0.053783901035785675,4.316394552006386e-06,,,,,
252,0.19653725624084473,0.0008587587356544492,85.53426652099006,18.321910858154297,0.011892407201230526,0.011922389268875122,0.0018750859890133142,3.3056174288503826e-05,0.0011890520108863711,0.012095578014850616,4.952323797624558e-05,0.011777686886489391,0.01200433075428009,0.06997645646333694,0.0,0.1500294804573059,0.0020296808797866106,0.05418452247977257,3.140798526146682e-06,,,,,
253,0.13100853562355042,0.0008576952966223038,85.88098879600875,5.943125247955322,0.012837782502174377,0.004179938696324825,5.56021805095952e-05,0.001840328797698021,0.0067954352125525475,0.004106713924556971,6.350383046083152e-05,0.0041346377693116665,0.011945937760174274,0.08740821480751038,0.0,0.21334388852119446,0.0013952429872006178,0.05456702038645744,1.733286990202032e-05,,,,,
254,0.10982633382081985,0.0008566285740218953,86.2183211449883,4.997706890106201,0.012128871865570545,0.004323611967265606,0.000600333558395505,0.0002538645640015602,0.006757146678864956,0.004272506106644869,5.485126894200221e-05,0.004301614128053188,0.025635099038481712,0.027514735236763954,0.0,0.10365687310695648,0.0005463193519972265,0.055002741515636444,2.3847682314226404e-05,,,,,
255,0.19504258036613464,0.0008555585783813451,86.55975666298764,17.32134437561035,0.01205749437212944,0.0107005899772048,0.0029499130323529243,0.0002965523744933307,0.0010853513376787305,0.010296898894011974,4.569671000353992e-05,0.010030748322606087,0.010576536878943443,0.06925356388092041,0.0,0.17577552795410156,0.003162415698170662,0.05544603615999222,1.2271602827240713e-06,,,,,
256,0.14570418000221252,0.0008544853202610782,86.89771041198401,12.947853088378906,0.011184549890458584,0.008800295181572437,0.0013271246571093798,2.825068440870382e-05,0.0006876196712255478,0.008316039107739925,5.0684197049122304e-05,0.008051210083067417,0.01412505004554987,0.07106514275074005,0.0,0.10235469043254852,0.0015822065761312842,0.055874425917863846,3.1164850042841863e-06,,,,,
257,0.1541198045015335,0.0008534088102537189,87.23231426702114,12.412042617797852,0.0117090605199337,0.004737446084618568,0.00021149381063878536,0.003077574772760272,0.010003349743783474,0.005099997855722904,7.297051342902705e-05,0.005333642475306988,0.013060357421636581,0.0289778895676136,0.0,0.12223533540964127,0.00027253245934844017,0.05628274008631706,1.8723725588642992e-05,,,,,
258,0.151428684592247,0.0008523290589839864,87.57103882700903,13.23281478881836,0.011854398995637894,0.004691544454544783,0.00011976482346653938,0.002332871314138174,0.011005423963069916,0.005368705373257399,7.224752334877849e-05,0.005626373458653688,0.013526215218007565,0.06779879331588745,0.0,0.047426652163267136,0.0008904514252208173,0.05667710304260254,6.617159215238644e-06,,,,,
259,0.12676264345645905,0.0008512460771085899,87.90665516798617,8.857951164245605,0.010862018913030624,0.007044523488730192,0.0014779552584514022,3.4958171454491094e-05,0.0016526676481589675,0.005924757570028305,5.174860416445881e-05,0.005736128892749548,0.011154765263199806,0.017474504187703133,0.0,0.1628565490245819,0.003451818600296974,0.05704277381300926,8.49739444674924e-06,,,,,
260,0.1179330050945282,0.000850159875316123,88.27856164198602,5.806903839111328,0.011922667734324932,0.005453816615045071,0.0011067356681451201,4.4777079892810434e-05,0.0021955748088657856,0.0049784365110099316,5.5054093536455184e-05,0.004825122654438019,0.025628233328461647,0.124173603951931,0.0,0.14978745579719543,0.0006776639493182302,0.05742378532886505,1.4790084605920129e-06,,,,,
261,0.19054485857486725,0.0008490704643269592,88.61531370598823,17.062801361083984,0.010724453255534172,0.005211385898292065,0.0003095727297477424,0.0034046699292957783,0.014873487874865532,0.007391460705548525,8.127433102345094e-05,0.007827211171388626,0.012249037623405457,0.03422266244888306,0.0,0.08037690818309784,0.002102071885019541,0.05783266946673393,2.9402785003185272e-05,,,,,
262,0.20354096591472626,0.000847977854893145,88.95229258103063,18.327831268310547,0.014495810493826866,0.005735333543270826,0.00037162398803047836,0.003756592981517315,0.01480001863092184,0.0072531308978796005,8.227447688113898e-05,0.007685652002692223,0.010075613856315613,0.023789888247847557,0.0,0.13207793235778809,0.0024105447810143232,0.05821538716554642,2.4515113182133064e-05,,,,,
263,0.09795815497636795,0.0008468820577982946,89.28246676101116,2.75716233253479,0.011670555919408798,0.0045795319601893425,0.0004878783947788179,0.00037095972220413387,0.002696795156225562,0.004179968498647213,6.087533984100446e-05,0.004048716742545366,0.03211408853530884,0.0365753248333931,0.0,0.15067154169082642,0.0003478099824860692,0.0585804358124733,6.446956831496209e-06,,,,,
264,0.13939742743968964,0.0008457830838574825,89.62029125302797,12.271031379699707,0.01055139396339655,0.0073592038825154305,0.0024066069163382053,0.00017148524057120085,0.0011442493414506316,0.006840588990598917,5.076223169453442e-05,0.006610510405153036,0.01568571850657463,0.062286388128995895,0.0,0.07858219742774963,0.0011928745079785585,0.05898970365524292,1.0751491572591476e-05,,,,,
265,0.09356385469436646,0.0008446809439171382,89.95747193897841,2.966498851776123,0.01063948031514883,0.0037388638593256474,0.0007083152304403484,0.00016375751874875277,0.005371451377868652,0.0035460160579532385,5.7269098761025816e-05,0.003533769864588976,0.018202435225248337,0.026538632810115814,0.0,0.069920614361763,0.0009244930697605014,0.05937669053673744,3.0790004529990256e-05,,,,,
266,0.10533702373504639,0.0008435756488549379,90.29396897199331,6.3565778732299805,0.009952981024980545,0.0031637074425816536,6.267467688303441e-05,0.001957422588020563,0.006005304865539074,0.003377591958269477,6.800948176532984e-05,0.003420882625505328,0.011350537650287151,0.02655847743153572,0.0,0.14566035568714142,0.0010015076259151101,0.05977100133895874,7.478030511265388e-06,,,,,
267,0.13630104064941406,0.0008424672095796976,90.62956282298546,12.358065605163574,0.011248578317463398,0.007746856659650803,0.0009433153900317848,0.00012579844042193145,0.0007319658761844039,0.00730545399710536,5.588841304415837e-05,0.00703411316499114,0.022669358178973198,0.12263645231723785,0.0,0.11587443947792053,0.0009662710363045335,0.060190483927726746,3.3099204301834106e-06,,,,,
268,0.1007368415594101,0.0008413556370312655,90.96252520702546,6.797062873840332,0.009844502434134483,0.005545693915337324,0.000957971322350204,7.75689841248095e-05,0.001276851980946958,0.004827015567570925,5.5928296205820516e-05,0.004651110619306564,0.011455383151769638,0.018795758485794067,0.0,0.16896817088127136,0.0005782899679616094,0.060595933347940445,8.808065103949048e-06,,,,,
269,0.19096000492572784,0.0008402409421804138,91.29408424103167,17.62811851501465,0.011301854625344276,0.005969777703285217,6.623824447160587e-05,0.0019433980342000723,0.015326105058193207,0.007821377366781235,7.360355812124908e-05,0.00825519673526287,0.027816593647003174,0.07983863353729248,0.0,0.12468234449625015,0.0019262543646618724,0.06104044243693352,1.3848431990481913e-05,,,,,
270,0.2001209259033203,0.0008391231360287306,91.62922304798849,19.547264099121094,0.010791854932904243,0.006645123474299908,4.625099245458841e-05,0.0016232714988291264,0.01764276623725891,0.009244943968951702,7.395254942821339e-05,0.009750883094966412,0.009143673814833164,0.026134837418794632,0.0,0.12127114087343216,0.00097017886582762,0.061463870108127594,4.760616775456583e-06,,,,,
271,0.09135325998067856,0.0008380022296085116,91.97434996801894,2.6563830375671387,0.01099473237991333,0.0035563865676522255,0.0008819939102977514,5.1596329285530373e-05,0.004761268384754658,0.00317976763471961,5.82740904064849e-05,0.0031915109138935804,0.01191648282110691,0.05656787008047104,0.0,0.04288475215435028,0.0017406962579116225,0.061865516006946564,1.759498218234512e-06,,,,,
272,0.19899502396583557,0.0008368782339826503,92.311173256021,21.424135208129883,0.011069593951106071,0.01245298981666565,0.001146688824519515,6.145250517874956e-05,0.0020798458717763424,0.013100532814860344,5.847321517649107e-05,0.012728211469948292,0.017284683883190155,0.05385856702923775,0.0,0.15722507238388062,0.001482279971241951,0.062248483300209045,2.608963768579997e-06,,,,,
273,0.20907486975193024,0.00083575116024453,92.64771001698682,21.425273895263672,0.01164699625223875,0.013822201639413834,0.00017425986879970878,0.0011382836382836103,0.0026557696983218193,0.013328338973224163,6.740094249835238e-05,0.012880517169833183,0.02111642248928547,0.05317186936736107,0.0,0.06403456628322601,0.0003672045422717929,0.06261687725782394,5.4694646678399295e-06,,,,,
274,0.12103289365768433,0.0008346210195179135,92.98425700701773,6.319787502288818,0.011956625618040562,0.003529956331476569,0.0005143482121638954,0.004364032298326492,0.002558010397478938,0.0028601274825632572,8.206703932955861e-05,0.0027864165604114532,0.01639506407082081,0.04856120049953461,0.0,0.03383082151412964,0.0022717148531228304,0.06295859813690186,4.929949682264123e-06,,,,,
275,0.12218362092971802,0.0008334878229568333,93.31636127101956,9.62863540649414,0.009170560166239738,0.003638029098510742,0.001363411545753479,0.00010700089478632435,0.010150592774152756,0.004431470762938261,5.5684708058834076e-05,0.00460033817216754,0.01654645800590515,0.03259434923529625,0.0,0.1108420267701149,0.0002827051212079823,0.06328350305557251,7.019763415883062e-06,17.56826703266022,15.41026284077732,22.23143150993299,15.694049295392995,19.73204904074095
276,0.2060745656490326,0.0008323515817454821,93.68653887498658,9.91425609588623,0.011120797134935856,0.0036489530466496944,0.006779487244784832,0.00365184317342937,0.005882277153432369,0.003331843763589859,3.995481165475212e-05,0.0033210953697562218,0.017153004184365273,0.0654178261756897,0.0,0.0877743512392044,0.01236073486506939,0.06361164152622223,1.7963348000193946e-06,,,,,
277,0.09871280193328857,0.000831212307098102,94.02132675301982,3.4229612350463867,0.010756616480648518,0.003285455983132124,0.0013366199564188719,8.619526488473639e-05,0.004370580427348614,0.00291104381904006,5.292682908475399e-05,0.0028903260827064514,0.01544717513024807,0.08905062824487686,0.0,0.1475238800048828,0.0006948763621039689,0.06393628567457199,1.7638405552133918e-05,,,,,
278,0.1856691986322403,0.0008300700102588737,94.35625236702617,10.002744674682617,0.011084583587944508,0.0036338220816105604,0.0021222946234047413,0.008162748999893665,0.0017298064194619656,0.00289331516250968,8.941928535932675e-05,0.002731300424784422,0.050232816487550735,0.09399852156639099,0.0,0.11756276339292526,0.00573672354221344,0.06433140486478806,1.029959003062686e-05,,,,,
279,0.1959235966205597,0.000828924702501806,94.69180404098006,12.253988265991211,0.010833969339728355,0.0059223053976893425,0.0016451261471956968,0.007966974750161171,0.0009506705100648105,0.00539755541831255,8.583869930589572e-05,0.005045292899012566,0.010570399463176727,0.053116507828235626,0.0,0.1167588010430336,0.00429580919444561,0.06472919136285782,4.757555871037766e-06,,,,,
280,0.09405069798231125,0.0008277763951306239,95.02823435299797,6.280893325805664,0.009199408814311028,0.004722164012491703,0.0003634898457676172,0.0004678823461290449,0.0011763785732910037,0.004217454232275486,6.0074446082580835e-05,0.0040127793326973915,0.020526524633169174,0.11826460063457489,0.0,0.06704482436180115,0.0007152364123612642,0.0651170164346695,8.143347258737776e-06,,,,,
281,0.17279748618602753,0.0008266250994786576,95.36446945200441,14.0247802734375,0.010994222946465015,0.005430038087069988,0.002286807633936405,0.0005360216600820422,0.013645442202687263,0.0063935695216059685,4.9161550123244524e-05,0.006628069095313549,0.030444175004959106,0.014294660650193691,0.0,0.09746193140745163,0.0011241431348025799,0.0655025765299797,3.5907823985326104e-06,,,,,
282,0.25714221596717834,0.0008254708269087304,95.70317003497621,15.844710350036621,0.01070331409573555,0.0068264855071902275,0.004724870435893536,0.002482508309185505,0.01799248903989792,0.008152644149959087,4.267623808118515e-05,0.008408420719206333,0.01448786910623312,0.08585979789495468,0.0,0.066993847489357,0.00150787690654397,0.06587361544370651,5.641766165354056e-07,,,,,
283,0.1706065833568573,0.0008243135888130465,96.04753877699841,8.223470687866211,0.010823855176568031,0.0034594424068927765,0.005206745583564043,0.0024530296213924885,0.006903085857629776,0.0032369697000831366,4.179811367066577e-05,0.0032718952279537916,0.016217688098549843,0.06050188094377518,0.0,0.10159611701965332,0.0024502223823219538,0.06622213125228882,4.066198016516864e-06,,,,,
284,0.09869223088026047,0.0008231533966130789,96.38479655602714,7.813309192657471,0.009609404951334,0.0053733941167593,0.00015377529780380428,0.0009013038943521678,0.0011982813011854887,0.0043066078796982765,6.6663786128629e-05,0.004073659889400005,0.019892757758498192,0.06663355231285095,0.0,0.09958086907863617,0.0006189970299601555,0.06657403707504272,1.9813578546745703e-06,,,,,
285,0.21016067266464233,0.0008219902617594562,96.72017825301737,11.431313514709473,0.012806038372218609,0.0034187347628176212,0.003463116940110922,0.010284211486577988,0.0016844742931425571,0.0023285706993192434,0.00010313130042050034,0.00222754362039268,0.027145028114318848,0.05386687070131302,0.0,0.10692042112350464,0.0034839878790080547,0.06693427264690399,9.157806744042318e-06,,,,,
286,0.14773862063884735,0.0008208241957318497,97.05318428197643,8.751440048217773,0.00971133355051279,0.0032593649812042713,0.0017418053466826677,0.006779998540878296,0.00186090636998415,0.002358502708375454,9.116392902797088e-05,0.002268856158480048,0.017607294023036957,0.01687798462808132,0.0,0.06386548280715942,0.0032903931569308043,0.06728607416152954,5.229754606261849e-06,,,,,
287,0.09991686046123505,0.0008196552100388604,97.38747824798338,8.551227569580078,0.009202338755130768,0.0044573824852705,0.0019833757542073727,0.000285222427919507,0.0015147766098380089,0.0038949158042669296,4.762890239362605e-05,0.0037421267479658127,0.0127476891502738,0.03006426990032196,0.0,0.08501807600259781,0.0025943340733647346,0.06762491911649704,3.312900616947445e-06,,,,,
288,0.17135125398635864,0.000818483316217905,97.72199027403258,8.780150413513184,0.009808527305722237,0.0034024815540760756,0.004661045502871275,0.002385485451668501,0.008302905596792698,0.0035823474172502756,3.7776600947836414e-05,0.003633651416748762,0.01740196719765663,0.06031345948576927,0.0,0.0977897047996521,0.003975105471909046,0.06796212494373322,2.186242454627063e-06,,,,,
289,0.14533290266990662,0.0008173085258351027,98.05576803098666,12.334799766540527,0.009288054890930653,0.004670219961553812,0.0017868001013994217,0.0003803343861363828,0.011783694848418236,0.005225744564086199,4.4846328819403425e-05,0.005398700945079327,0.011186795309185982,0.027302613481879234,0.0,0.02376982569694519,0.003630009712651372,0.0683041512966156,3.2050661502580624e-06,,,,,
290,0.07734189927577972,0.0008161308504851601,98.38846692797961,3.0355308055877686,0.007694602012634277,0.002974351868033409,0.00025235622888430953,0.0002826737181749195,0.004353084601461887,0.002443010685965419,5.348544436856173e-05,0.0024301616940647364,0.02176518365740776,0.08060682564973831,0.0,0.05259747803211212,0.0009554780554026365,0.0686180591583252,5.724617039959412e-06,,,,,
291,0.16964000463485718,0.0008149503017912574,98.72294268198311,18.317075729370117,0.010269933380186558,0.010294314473867416,0.00010239472612738609,0.0011804577661678195,0.0021808757446706295,0.01081166137009859,5.844521365361288e-05,0.010449613444507122,0.01951531134545803,0.04136258736252785,0.0,0.09565997123718262,0.0023895346093922853,0.06894019991159439,3.009122110597673e-06,,,,,
292,0.22277973592281342,0.0008137668914049339,99.0586757370038,19.973438262939453,0.011188004165887833,0.011740617454051971,0.0003840647405013442,0.003485557623207569,0.0024962578900158405,0.011449831537902355,6.626508547924459e-05,0.01103430986404419,0.01932821050286293,0.12654098868370056,0.0,0.1320212334394455,0.0030511398799717426,0.06924954056739807,1.2640873137570452e-05,,,,,
293,0.13830184936523438,0.0008125806310059719,99.39336173702031,7.398255348205566,0.010419026017189026,0.003715258091688156,0.0012325200950726867,0.005108937155455351,0.0015807825839146972,0.002582913264632225,7.206251029856503e-05,0.0024622157216072083,0.022845149040222168,0.07429765164852142,0.0,0.13276247680187225,0.0023271010722965,0.06955353915691376,5.361934654501965e-06,,,,,
294,0.11169318854808807,0.000811391532302283,99.73264664900489,11.739508628845215,0.01009631808847189,0.0036472780629992485,0.00018078324501402676,0.0002961888676509261,0.009657369926571846,0.004053787793964148,5.319204501574859e-05,0.004218047950416803,0.025696858763694763,0.052213944494724274,0.0,0.08474045991897583,0.0011244218330830336,0.06990005075931549,6.2690060076420195e-06,,,,,
295,0.16022731363773346,0.0008101996070297912,100.07158696098486,8.397361755371094,0.009412182494997978,0.003248482709750533,0.0044233910739421844,0.0026978026144206524,0.007466878741979599,0.003127089934423566,3.590830965549685e-05,0.0031389822252094746,0.023886214941740036,0.024171749129891396,0.0,0.09087736904621124,0.0026294949930161238,0.07023882865905762,1.4964243746362627e-06,,,,,
296,0.1711994856595993,0.0008090048669523178,100.40882009698544,11.78626537322998,0.01027823705226183,0.003891234751790762,0.0059713153168559074,0.0034312845673412085,0.0025670272298157215,0.003473196644335985,3.669622674351558e-05,0.003422372043132782,0.017011072486639023,0.038487911224365234,0.0,0.09238479286432266,0.001935517997480929,0.0705784261226654,1.448076272936305e-05,,,,,
297,0.0772160217165947,0.0008078073238614648,100.75315964099718,1.8819541931152344,0.008803684264421463,0.0026405896060168743,0.0007149800658226013,2.7394999051466584e-05,0.0033940353896468878,0.0023979758843779564,4.7270463255699724e-05,0.0023739377502352,0.028687141835689545,0.07993391156196594,0.0,0.1251537799835205,0.0005128770717419684,0.07091325521469116,1.9675867406476755e-06,,,,,
298,0.14230120182037354,0.0008066069895764995,101.087671493995,10.067195892333984,0.011188511736690998,0.002439623000100255,0.0015687092673033476,0.005770030431449413,0.003495813813060522,0.002005862770602107,7.418361929012462e-05,0.002066386165097356,0.017468106001615524,0.03877738118171692,0.0,0.1580800563097,0.0026075125206261873,0.07129216194152832,4.753427219839068e-06,,,,,
299,0.1592281311750412,0.0008054038759442362,101.4227938069962,9.582273483276367,0.0113865677267313,0.004670893773436546,0.001482951221987605,0.006007002200931311,0.0010136737255379558,0.0036357662174850702,7.364284829236567e-05,0.003442048327997327,0.014789244160056114,0.07398343086242676,0.0,0.12438129633665085,0.002193826250731945,0.07168586552143097,5.763974513683934e-06,,,,,
300,0.10467229038476944,0.000804197994838921,101.76141711499076,10.161568641662598,0.009448317810893059,0.005653022788465023,0.00010484026279300451,0.0007130810990929604,0.000862996734213084,0.005183438770473003,5.501351552084088e-05,0.004990716464817524,0.010763177648186684,0.11625602841377258,0.0,0.0863884836435318,0.0009128492092713714,0.07209037989377975,2.0203740405122517e-06,13.757505502921717,13.531952298838744,9.39787180116938,2.233372661432446,18.55247667287488
301,0.08135871589183807,0.0008029893581621136,102.13763385103084,4.764846324920654,0.009482593275606632,0.002752436324954033,0.001226172549650073,0.0001020387135213241,0.004940317012369633,0.00244308402761817,4.382682527648285e-05,0.0024548047222197056,0.015027983114123344,0.025523081421852112,0.0,0.05971544235944748,0.00020630357903428376,0.07248986512422562,1.093024457077263e-05,,,,,
302,0.09217305481433868,0.00080177797784257,102.48605002003023,5.853118896484375,0.008719243109226227,0.0027449061162769794,0.001602419652044773,0.00028687980375252664,0.00575215881690383,0.002652848605066538,4.314403122407384e-05,0.0026883045211434364,0.011576851829886436,0.03193126618862152,0.0,0.04624174162745476,0.0023214754182845354,0.07288582623004913,7.685584364480746e-07,,,,,
303,0.07483942806720734,0.0008005638658361248,102.82488428999204,4.548746585845947,0.008299910463392735,0.0034746667370200157,0.000543624977581203,6.049244984751567e-05,0.0014855023473501205,0.0028227469883859158,5.3291449148673564e-05,0.0027104357723146677,0.026246871799230576,0.03661983460187912,0.0,0.1914997100830078,0.000533214770257473,0.07327770441770554,3.911710336979013e-06,,,,,
304,0.09832169115543365,0.0007993470341255734,103.16131382901222,7.40847635269165,0.009415031410753727,0.002290070056915283,0.000551017583347857,0.0034098734613507986,0.003476580372080207,0.0019203919218853116,7.813011325197294e-05,0.001979760592803359,0.02243485115468502,0.021506287157535553,0.0,0.05994517356157303,0.0021250692661851645,0.0737607330083847,2.08090859814547e-05,,,,,
305,0.07915221154689789,0.0007981274947205537,103.50215843500337,4.364529132843018,0.009602043777704239,0.0035049717407673597,0.0001130440941778943,0.0015697909984737635,0.0012689841678366065,0.002531025093048811,6.960277823964134e-05,0.0023940433748066425,0.03402223438024521,0.026178523898124695,0.0,0.08352433890104294,0.0004832970444113016,0.07422404736280441,7.2532889134890866e-06,,,,,
306,0.07273755967617035,0.000796905259657427,103.84011807199568,3.892188549041748,0.008952025324106216,0.0029930369928479195,0.0010982661042362452,5.766589310951531e-05,0.0019330044742673635,0.0022997348569333553,5.1978917326778173e-05,0.002221178263425827,0.02100585214793682,0.04014616459608078,0.0,0.09444205462932587,0.0011240924941375852,0.07470549643039703,2.470165554768755e-06,,,,,
307,0.11369797587394714,0.0007956803409991601,104.18015528802061,11.76595401763916,0.009921624325215816,0.003774789860472083,0.0006204670062288642,2.3280676032300107e-05,0.009539538994431496,0.0041942233219742775,5.5887881899252534e-05,0.004393635783344507,0.016427669674158096,0.0492180734872818,0.0,0.06578230857849121,0.002137540141120553,0.07521308213472366,2.7421988306741696e-06,,,,,
308,0.08294004201889038,0.0007944527508352057,104.5241311879945,7.573857307434082,0.010124977678060532,0.0025267358869314194,0.0007831202237866819,3.5250341170467436e-05,0.006607982330024242,0.002804826246574521,5.547528053284623e-05,0.0029122461564838886,0.015441589057445526,0.014253765344619751,0.0,0.06634879112243652,0.0004038333136122674,0.07568879425525665,2.2195840756467078e-06,,,,,
309,0.10203127562999725,0.0007932225012813829,104.85973405197728,12.367873191833496,0.008942697197198868,0.0057781836949288845,0.0010530941653996706,5.242587940301746e-05,0.0009685908444225788,0.005242436658591032,5.57629500690382e-05,0.005008752457797527,0.019409630447626114,0.012419384904205799,0.0,0.1494722068309784,0.0011024648556485772,0.07615390419960022,8.89091461431235e-06,,,,,
310,0.10501811653375626,0.0007919896044797583,105.19343870301964,11.352853775024414,0.008791993372142315,0.005987963639199734,9.323717677034438e-05,0.0006887579220347106,0.0008600965375080705,0.004818563349545002,6.848893826827407e-05,0.004546999465674162,0.02543678507208824,0.11056533455848694,0.0,0.09245149046182632,0.0006154149305075407,0.07661674171686172,3.0813241664873203e-06,,,,,
311,0.12486111372709274,0.0007907540725985256,105.53273948200513,11.182831764221191,0.01157314796000719,0.0019482921343296766,0.0008731292327865958,0.004225368145853281,0.0042981309816241264,0.0020754639990627766,9.080046584131196e-05,0.002262366469949484,0.022027889266610146,0.08595883846282959,0.0,0.1511739194393158,0.0025980756618082523,0.07706774771213531,9.3398066383088e-06,,,,,
312,0.08474317938089371,0.0007895159178318857,105.86936463200254,8.924101829528809,0.009838838130235672,0.0020293863490223885,0.00015710777370259166,0.001842327183112502,0.004749996587634087,0.002093448070809245,8.027645526453853e-05,0.002255501691251993,0.017685184255242348,0.026975182816386223,0.0,0.10461468249559402,0.0012745677959173918,0.07751741260290146,9.645900718169287e-06,,,,,
313,0.11257969588041306,0.000788275152399926,106.2182001650217,13.550334930419922,0.008912721648812294,0.004896095953881741,0.002184862270951271,0.00046671213931404054,0.0006011599907651544,0.004716422408819199,5.264870560495183e-05,0.0045234207063913345,0.014341618865728378,0.06653613597154617,0.0,0.13713622093200684,0.0022396377753466368,0.0779593363404274,2.6551873816060834e-05,,,,,
314,0.1272796094417572,0.0007870317885485008,106.56402274698485,13.73023509979248,0.008556695654988289,0.004784955643117428,0.0035469091963022947,0.0014082035049796104,0.0007874027360230684,0.003912690561264753,4.6768011088715866e-05,0.003764011897146702,0.012118318118155003,0.013797091320157051,0.0,0.0899733379483223,0.005334427114576101,0.07839985191822052,2.4334996851393953e-05,,,,,
315,0.08844789862632751,0.000785785838549109,106.90299549902556,8.773681640625,0.00930049642920494,0.0025471991393715143,0.0008813805179670453,5.8568584790918976e-05,0.006948195397853851,0.002927651396021247,5.786898691440001e-05,0.003096693893894553,0.026653088629245758,0.03411824256181717,0.0,0.06649065762758255,0.0007980057271197438,0.07882660627365112,4.319095296523301e-06,,,,,
316,0.08301860839128494,0.0007845373146987742,107.23800899897469,10.265326499938965,0.00885515846312046,0.0022589820437133312,3.2223462767433375e-05,0.0006284910487011075,0.006919236853718758,0.0029217293485999107,6.920476880623028e-05,0.0031439841259270906,0.014199427329003811,0.05372520908713341,0.0,0.048332881182432175,0.00040205931873060763,0.07925237715244293,3.587199898902327e-06,,,,,
317,0.07574033737182617,0.0007832862293199228,107.57724587299163,7.653815746307373,0.008135995827615261,0.003934801090508699,8.396194607485086e-05,0.0006433241651393473,0.0007287082262337208,0.0029845847748219967,6.456036499002948e-05,0.002795386128127575,0.02191658318042755,0.04583565145730972,0.0,0.13935166597366333,0.001000946038402617,0.0796518325805664,5.107286597194616e-06,,,,,
318,0.06871030479669571,0.0007820325947602623,107.91277822700795,6.061444282531738,0.00898711010813713,0.0030020717531442642,4.3373933294788e-05,0.0010006217053160071,0.0007542989915236831,0.002531694946810603,6.606330134673044e-05,0.0023613558150827885,0.032043278217315674,0.07687077671289444,0.0,0.03159885108470917,0.0008405279368162155,0.08008737862110138,1.2932991012348793e-05,,,,,
319,0.08446602523326874,0.0007807764233926599,108.24941638298333,10.748321533203125,0.007669985294342041,0.00224893051199615,4.0353392250835896e-05,0.0007553650066256523,0.006346031092107296,0.002870365511626005,6.808804027969018e-05,0.0030914428643882275,0.026568308472633362,0.021297099068760872,0.0,0.17663444578647614,0.0004833606944885105,0.08050462603569031,5.072094609204214e-06,,,,,
320,0.07404588907957077,0.0007795177276150196,108.58623873599572,6.3455491065979,0.007740851957350969,0.0020082020200788975,0.0007319547003135085,4.988673754269257e-05,0.004958081990480423,0.0021147304214537144,5.314630834618583e-05,0.002214506734162569,0.01860293745994568,0.06863890588283539,0.0,0.07701286673545837,0.0016704319277778268,0.0809452012181282,2.6796883503266145e-06,,,,,
321,0.11543168872594833,0.0007782565198501609,108.92468744301004,14.465265274047852,0.008955969475209713,0.004828839097172022,0.0025334313977509737,0.0007642945274710655,0.0009098983136937022,0.004453000612556934,4.4347794755594805e-05,0.0042715962044894695,0.03633010387420654,0.03546885401010513,0.0,0.04034207761287689,0.005872105713933706,0.08139732480049133,1.480306195844605e-06,,,,,
322,0.0864797830581665,0.000776992812545695,109.25900045299204,11.654366493225098,0.00840543769299984,0.004647322930395603,0.0009498224826529622,4.683103907154873e-05,0.0006844802992418408,0.0037424059119075537,5.136074105394073e-05,0.0035446607507765293,0.011580444872379303,0.06124559044837952,0.0,0.10413934290409088,0.001108456519432366,0.08181633055210114,2.7464889171824325e-06,,,,,
323,0.0934334546327591,0.0007757266181739029,109.5965257770149,11.636007308959961,0.008677924051880836,0.002007533796131611,0.0004108306020498276,0.0023295553401112556,0.005151547025889158,0.002463265787810087,7.75014705141075e-05,0.0026993639767169952,0.018633147701621056,0.03461436182260513,0.0,0.07948257029056549,0.0011325455270707607,0.08222820609807968,2.9335728868318256e-06,,,,,
324,0.09843037277460098,0.0007744579492316118,109.93601528299041,11.679670333862305,0.008975531905889511,0.0017697991570457816,0.0005281429039314389,0.002563516376540065,0.005136596504598856,0.0023329828400164843,7.77260065660812e-05,0.0025611340533941984,0.012619628570973873,0.042587555944919586,0.0,0.13909678161144257,0.0013258178951218724,0.08262466639280319,1.4963293324399274e-05,,,,,
325,0.06369278579950333,0.000773186818240072,110.27709643001435,8.951178550720215,0.006728325504809618,0.0037664775736629963,0.00035438986378721893,9.519375453237444e-05,0.0009314698982052505,0.003112208563834429,5.33399979758542e-05,0.0029291969258338213,0.023127952590584755,0.016409844160079956,0.0,0.05376958101987839,0.00042201171163469553,0.08302593231201172,3.8124812817841303e-06,12.48252414018445,16.56224465418293,8.362198758196834,2.1297008934942747,6.11610518937163
326,0.06798987090587616,0.0007719132377448333,110.65241748298286,7.902524948120117,0.008249102160334587,0.003186684800311923,0.0008790904539637268,9.716111526358873e-05,0.0008324879454448819,0.0024695596657693386,4.678185723605566e-05,0.002334804506972432,0.019561875611543655,0.02859811671078205,0.0,0.11024077981710434,0.0016413673292845488,0.08341164141893387,3.5492266761139035e-06,,,,,
327,0.09213631600141525,0.000770637220315621,110.98834864399396,12.790237426757812,0.008749011904001236,0.00310452445410192,4.9752561608329415e-05,0.00031290508923120797,0.007910194806754589,0.0037449572701007128,5.770200732513331e-05,0.003989209420979023,0.016168568283319473,0.023764243349432945,0.0,0.07372192293405533,0.00027653761208057404,0.08381204307079315,7.120619557099417e-06,,,,,
328,0.09057340025901794,0.000769358778546212,111.32593425601954,12.4951753616333,0.01002240739762783,0.002984061371535063,6.30699287285097e-05,0.00029913673643022776,0.007451391778886318,0.003596706548705697,5.573875387199223e-05,0.0038249592762440443,0.030400462448596954,0.02935553342103958,0.0,0.03612746670842171,0.0014959275722503662,0.08419514447450638,8.085091394605115e-06,,,,,
329,0.05866462364792824,0.0007680779250543103,111.66500714299036,6.488692760467529,0.008066761307418346,0.002754244953393936,0.000745073426514864,6.079873855924234e-05,0.0009817869868129492,0.0020652206148952246,4.393271228764206e-05,0.001957157626748085,0.02981463447213173,0.01667265221476555,0.0,0.07712559401988983,0.000988305313512683,0.08455193787813187,6.818690962973051e-06,,,,,
330,0.05179736390709877,0.0007667946724814228,112.00652996101417,3.397672414779663,0.0073906476609408855,0.0023323222994804382,7.013597496552393e-05,0.00024684553500264883,0.0011146938195452094,0.0016352629754692316,5.003010664950125e-05,0.0015405543381348252,0.005894088186323643,0.057904649525880814,0.0,0.09056387096643448,0.0005656852154061198,0.0849233865737915,3.639807573563303e-06,,,,,
331,0.0867120698094368,0.0007655090334927343,112.34166320797522,11.09704875946045,0.008003423921763897,0.002158571733161807,0.000266391463810578,0.001471856376156211,0.005302774719893932,0.0021825754083693027,6.108762318035588e-05,0.0023595185484737158,0.024452146142721176,0.058356888592243195,0.0,0.10985641926527023,0.0005108332261443138,0.08532684296369553,4.160516255069524e-06,,,,,
332,0.0478588305413723,0.0007642210207769827,112.67506974702701,3.854353427886963,0.006166433449834585,0.0016119088977575302,4.514248212217353e-05,0.0004419597680680454,0.0025608837604522705,0.0011300437618047,5.2221803343854845e-05,0.0011617776472121477,0.02000206895172596,0.03176843374967575,0.0,0.04625825583934784,0.0019984724931418896,0.08572901785373688,2.6405477910884656e-06,,,,,
333,0.13457636535167694,0.0007629306470463337,113.01229637098731,19.72080421447754,0.008198539726436138,0.007062162738293409,0.002121769357472658,0.0008624772308394313,0.0014205904444679618,0.0068776835687458515,3.667831333586946e-05,0.00673591997474432,0.006153823807835579,0.017694881185889244,0.0,0.03896027430891991,0.002648632973432541,0.08612822741270065,1.738593141453748e-06,,,,,
334,0.14188234508037567,0.0007616379250362545,113.35327176999999,19.205368041992188,0.008272486738860607,0.006346530746668577,0.0027059889398515224,0.0014177707489579916,0.0015073742251843214,0.006368228234350681,3.41560626111459e-05,0.006249602884054184,0.020059214904904366,0.01254474837332964,0.0,0.12724533677101135,0.0012821544660255313,0.08649581670761108,4.9452482926426455e-06,,,,,
335,0.04472813755273819,0.00076034286750539,113.68956365901977,2.940580368041992,0.006443696562200785,0.0012559719616547227,0.0004830148536711931,6.471197411883622e-05,0.0024562429171055555,0.0011667597573250532,4.052681470056996e-05,0.001182857435196638,0.010704809799790382,0.02314692735671997,0.0,0.08594345301389694,0.0005946996971033514,0.08685463666915894,1.264239358533814e-06,,,,,
336,0.10296989232301712,0.0007590454872354349,114.02628965501208,14.37268352508545,0.00890404637902975,0.002551571000367403,0.00036226827069185674,0.001436862861737609,0.007276324089616537,0.0034973889123648405,5.752719516749494e-05,0.003759811632335186,0.02771228924393654,0.053731225430965424,0.0,0.055512163788080215,0.0018406292656436563,0.08726546913385391,4.745871137856739e-06,,,,,
337,0.06364735960960388,0.0007577457970310089,114.3627589730313,7.068143844604492,0.007500496692955494,0.0012068913783878088,0.0004704720340669155,0.0017995083471760154,0.002222988288849592,0.0010468342807143927,5.484006760525517e-05,0.0011085165897384286,0.024350693449378014,0.031262967735528946,0.0,0.08803709596395493,0.0012022036826238036,0.08765468001365662,5.318417152011534e-06,,,,,
338,0.15869228541851044,0.0007564438097195293,114.70085683098296,22.045528411865234,0.008297901600599289,0.008981328457593918,0.0008381818770430982,9.286341082770377e-05,0.00351510476320982,0.009737340733408928,3.798886245931499e-05,0.00958959013223648,0.02499319799244404,0.06784853339195251,0.0,0.12879349291324615,0.0015693539753556252,0.08806909620761871,7.512427146139089e-06,,,,,
339,0.21042902767658234,0.0007551395381510855,115.03741661598906,27.67287826538086,0.008261272683739662,0.011141635477542877,0.0021573412232100964,0.0010110813891515136,0.004796735476702452,0.013005550019443035,3.534197458066046e-05,0.012936250306665897,0.02184354141354561,0.028429288417100906,0.0,0.07980359345674515,0.001911571016535163,0.08846916258335114,1.1636441286100307e-06,,,,,
340,0.08304191380739212,0.0007538329951983111,115.37360843998613,11.1403226852417,0.006588417571038008,0.0032818284817039967,0.0012219783384352922,0.0003505525819491595,0.0007877851603552699,0.002957854652777314,3.355874287080951e-05,0.002870455151423812,0.0316263772547245,0.10483527183532715,0.0,0.07536665350198746,0.0033833147026598454,0.08884456008672714,2.4867076717782766e-05,,,,,
341,0.17627786099910736,0.0007525241937562579,115.71451442700345,21.73027801513672,0.010348957031965256,0.006423079874366522,0.000255115854088217,0.0009954273700714111,0.01359049417078495,0.008408324792981148,5.390702426666394e-05,0.008842098526656628,0.0221877284348011,0.07539185881614685,0.0,0.04868459701538086,0.0014578286791220307,0.08920878916978836,7.113864739949349e-06,,,,,
342,0.3190656900405884,0.0007512131467422675,116.05268977303058,30.887910842895508,0.012145250104367733,0.012663344852626324,0.001021606381982565,0.002437329152598977,0.022441310808062553,0.01678851619362831,6.694332842016593e-05,0.017568958923220634,0.008934365585446358,0.05704021826386452,0.0,0.06727491319179535,0.0022643948905169964,0.08954464644193649,6.3022662288858555e-06,,,,,
343,0.17912010848522186,0.0007498998670958446,116.39644222299103,22.306005477905273,0.009242495521903038,0.006539118941873312,0.0004048114060424268,0.0014151772484183311,0.013214094564318657,0.008849134668707848,5.7515717344358563e-05,0.009327142499387264,0.034178875386714935,0.026827270165085793,0.0,0.08392471075057983,0.0008973584044724703,0.08985597640275955,5.543051884160377e-06,,,,,
344,0.046324510127305984,0.0007485843677785294,116.74769189098151,3.962256669998169,0.007264033425599337,0.0018461362924426794,0.0003478925791569054,3.895454574376345e-05,0.0009036986157298088,0.0013165435520932078,3.8109003071440384e-05,0.001260909135453403,0.025433307513594627,0.05081135407090187,0.0,0.07595545798540115,0.0010288398480042815,0.09015410393476486,2.559206222940702e-06,,,,,
345,0.09175076335668564,0.0007472666617737688,117.093100795988,14.441230773925781,0.00701307924464345,0.00495928293094039,0.0005450068274512887,7.395292050205171e-05,0.0011750627309083939,0.004777160007506609,3.755653233383782e-05,0.004651318304240704,0.008660556748509407,0.07822185009717941,0.0,0.09566476196050644,0.0018096992280334234,0.09048829227685928,2.406214662187267e-06,,,,,
346,0.050947509706020355,0.0007459467620867891,117.47389571397798,4.134324073791504,0.00684785284101963,0.0020153832156211138,3.332906635478139e-05,0.00033326057018712163,0.0010017406893894076,0.001419992302544415,4.384486237540841e-05,0.0013420170871540904,0.024873418733477592,0.07878752052783966,0.0,0.07228711992502213,0.0015095953131094575,0.09081562608480453,4.0759459807304665e-06,,,,,
347,0.1284710019826889,0.0007446246817444675,117.82336362102069,17.65359878540039,0.007934109307825565,0.004088905174285173,0.00029906275449320674,0.001349816331639886,0.009260136634111404,0.005274408962577581,5.6203469284810126e-05,0.005609959363937378,0.02304111421108246,0.054560933262109756,0.0,0.08961929380893707,0.0007818543817847967,0.09118674695491791,3.4186177799711004e-06,,,,,
348,0.12957331538200378,0.0007433004337952032,118.17700630403124,18.61428451538086,0.007799179293215275,0.005035494454205036,6.72369496896863e-05,0.0006101271719671786,0.010853694751858711,0.006293822079896927,5.2754785428987816e-05,0.006642121355980635,0.02531454712152481,0.00862845778465271,0.0,0.04456455260515213,0.0004481339128687978,0.09154592454433441,5.8217970035912e-06,,,,,
349,0.05108562484383583,0.0007419740313087886,118.51644649897935,3.2250967025756836,0.006345055997371674,0.001293994951993227,0.0006736104260198772,0.00012517013237811625,0.002509979996830225,0.0009661421645432711,3.8530015444848686e-05,0.0009742183610796928,0.019541200250387192,0.05925268679857254,0.0,0.07213962823152542,0.0014927221927791834,0.09188268333673477,9.370905900141224e-07,,,,,
350,0.13140514492988586,0.0007406454873762811,118.85281638702145,19.390653610229492,0.006852869410067797,0.006849115248769522,0.0013695269590243697,0.0003018567804247141,0.002375108189880848,0.007164629641920328,3.913789987564087e-05,0.00701841851696372,0.02833586186170578,0.09295210987329483,0.0,0.06676463037729263,0.0006402689032256603,0.09224670380353928,4.843784154218156e-06,20.37900993742666,25.805935648808095,4.6641547193699,2.844758584051549,17.731329881715336
351,0.133311465382576,0.0007393148151098729,119.21826530300314,19.041418075561523,0.007066735997796059,0.007493163459002972,0.00025300512788817286,8.271458500530571e-05,0.0030816905200481415,0.0077012209221720695,4.576993887894787e-05,0.007486230228096247,0.03858470916748047,0.14105571806430817,0.0,0.05810302495956421,0.0007441316265612841,0.09258939325809479,6.172656867420301e-06,,,,,
352,0.05835587531328201,0.0007379820276427619,119.55533028801437,4.618183135986328,0.007796842139214277,0.0014874376356601715,0.0003527811204548925,0.0020263423211872578,0.0008534741355106235,0.0008596667321398854,6.0661779571091756e-05,0.0008109192131087184,0.027020717039704323,0.03265237435698509,0.0,0.03826282173395157,0.0008799347560852766,0.09291177988052368,4.3431050471554045e-06,,,,,
353,0.08021577447652817,0.0007366471381290221,119.89353773201583,11.69900894165039,0.006537125911563635,0.002242119750007987,2.6815308956429362e-05,0.00032971621840260923,0.005911033134907484,0.002815244486555457,5.3684128943132237e-05,0.0030178024899214506,0.04495131969451904,0.09355536103248596,0.0,0.06004457548260689,0.0016288314945995808,0.09324172139167786,1.9054984932154184e-06,,,,,
354,0.07914625108242035,0.0007353101597434746,120.23071792500559,6.677403450012207,0.008013392798602581,0.0015185174997895956,0.001655104453675449,0.000869911746121943,0.004027354530990124,0.0014797179028391838,3.768979149754159e-05,0.0015281109372153878,0.012128658592700958,0.05371187999844551,0.0,0.06542520225048065,0.001884983852505684,0.09356232732534409,5.165425591258099e-06,,,,,
355,0.08844826370477676,0.0007339711056815561,120.56965209898772,11.463274955749512,0.006568076554685831,0.00258835987187922,0.0021519772708415985,0.0013061107601970434,0.000861948705278337,0.002256742911413312,3.644680691650137e-05,0.0021648439578711987,0.029029810801148415,0.05015494301915169,0.0,0.09492498636245728,0.0026145162992179394,0.09390218555927277,1.5344390703830868e-05,,,,,
356,0.04339997097849846,0.0007326299891591895,120.90711987199029,4.836523532867432,0.006462201941758394,0.0022167181596159935,0.00017202022718265653,6.874958489788696e-05,0.0007712942315265536,0.0013642848934978247,4.738380812341347e-05,0.0012742577819153666,0.026782184839248657,0.011104720644652843,0.0,0.09044425934553146,0.0008900630054995418,0.09425026923418045,4.119692675885744e-06,,,,,
357,0.1385265588760376,0.0007312868234126536,121.24119161698036,16.944223403930664,0.010113549418747425,0.002613553311675787,0.0014012216124683619,0.0037894640117883682,0.006583718117326498,0.0038828623946756124,7.453787111444399e-05,0.0042514135129749775,0.017722303047776222,0.03902274742722511,0.0,0.07981332391500473,0.0033603631891310215,0.09465121477842331,1.4861157069390174e-05,,,,,
358,0.15662960708141327,0.000729941621698452,121.58438627200667,18.359512329101562,0.00906338170170784,0.002862387802451849,0.0020504998974502087,0.0046108318492770195,0.007102654781192541,0.004264689050614834,7.780057785566896e-05,0.004673687741160393,0.016325779259204865,0.03815564513206482,0.0,0.05098140239715576,0.0037035183049738407,0.09503185003995895,8.976385288406163e-06,,,,,
359,0.05178442224860191,0.0007285943972931825,121.93076763302088,3.7491581439971924,0.007278494071215391,0.0012247925624251366,0.0002717391471378505,0.001344544580206275,0.0013847004156559706,0.0007304378086701035,5.491987758432515e-05,0.0007137177744880319,0.01402003038674593,0.04331083223223686,0.0,0.07628992199897766,0.0006193301524035633,0.09538791328668594,7.14267980583827e-06,,,,,
360,0.18611067533493042,0.0007272451634934059,122.28042907599593,24.43319320678711,0.008532315492630005,0.008099252358078957,0.0031431056559085846,0.0019756401889026165,0.0028542045038193464,0.008668128401041031,3.302916229586117e-05,0.008584879338741302,0.0366891585290432,0.054859459400177,0.0,0.12906426191329956,0.0014716575387865305,0.09578772634267807,2.7034120648750104e-06,,,,,
361,0.27128055691719055,0.0007258939336155157,122.62845568102784,27.994550704956055,0.010457603260874748,0.00770746311172843,0.00734851136803627,0.006417102180421352,0.0025329075288027525,0.009220004081726074,2.9066706701996736e-05,0.009247256442904472,0.021990545094013214,0.033618420362472534,0.0,0.03333384171128273,0.007925450801849365,0.09617123007774353,5.845601549481216e-07,,,,,
362,0.15469196438789368,0.0007245407209956044,122.97636884602252,13.266450881958008,0.008332133293151855,0.0019006116781383753,0.005595022812485695,0.005490658804774284,0.001272820751182735,0.0016208167653530836,2.449904422974214e-05,0.0015798920067027211,0.01924998313188553,0.022500304505228996,0.0,0.020168781280517578,0.004239984788000584,0.09652052819728851,2.969435172417434e-06,,,,,
363,0.15284331142902374,0.0007231855389893349,123.3225513069774,18.827518463134766,0.008254910819232464,0.0058731865137815475,0.0005049811443313956,0.0001615932851564139,0.013331755995750427,0.007685513701289892,3.746804213733412e-05,0.007960036396980286,0.01864546537399292,0.010691103525459766,0.0,0.06952100247144699,0.00036624225322157145,0.09684137254953384,3.829499291896354e-06,,,,,
364,0.23791258037090302,0.0007218284009718065,123.67191673198249,26.779376983642578,0.010139122605323792,0.009559616446495056,0.000390015629818663,0.0011235468555241823,0.018683671951293945,0.013229932636022568,5.554121526074596e-05,0.013814215548336506,0.012287737801671028,0.019191551953554153,0.0,0.026790067553520203,0.0028049256652593613,0.09714848548173904,7.361838470387738e-06,,,,,
365,0.15681655704975128,0.0007204693203374231,124.01967024500482,19.667593002319336,0.009115902706980705,0.004088132176548243,0.0012535038404166698,0.002766493707895279,0.009550511837005615,0.005872197914868593,5.7703538914211094e-05,0.006252025254070759,0.013128049671649933,0.05115661397576332,0.0,0.041654013097286224,0.003806400578469038,0.09742988646030426,9.503948604105972e-06,,,,,
366,0.06434977054595947,0.0007191083104997624,124.36740773799829,6.575621128082275,0.006654840894043446,0.00231374055147171,0.0004366177599877119,0.0017562978900969028,0.0006484632613137364,0.0017400063807144761,4.4205204176250845e-05,0.0016278079710900784,0.011008157394826412,0.024264268577098846,0.0,0.05309952422976494,0.0017524571157991886,0.09769798070192337,2.3444554244633764e-06,,,,,
367,0.12957513332366943,0.0007177453848914415,124.71258246898651,19.603124618530273,0.007416905369609594,0.007792072370648384,0.0004491310101002455,2.024489367613569e-05,0.0027811345644295216,0.007887780666351318,3.3048519981093705e-05,0.00777020025998354,0.02920439839363098,0.06110449880361557,0.0,0.05414719507098198,0.0019775128457695246,0.09797300398349762,3.3957198866119143e-06,,,,,
368,0.09693365544080734,0.0007163805569639864,125.05923254101072,14.722904205322266,0.006986991502344608,0.004466444253921509,0.0012718366924673319,0.00047361417091451585,0.0011018028017133474,0.004516660701483488,2.866300565074198e-05,0.0044463640078902245,0.010767299681901932,0.05509567633271217,0.0,0.10114966332912445,0.0029310204554349184,0.09823347628116608,6.036448667146033e-06,,,,,
369,0.055953964591026306,0.0007150138401876973,125.40133641799912,7.121678352355957,0.00681172963231802,0.0016476623713970184,0.0004415883158799261,0.00014484874554909766,0.004686737433075905,0.0015914771938696504,3.01087256957544e-05,0.0016336864791810513,0.013089030981063843,0.0220126211643219,0.0,0.013310648500919342,0.0009758316446095705,0.09849908202886581,2.6182706278632395e-06,,,,,
370,0.07159024477005005,0.0007136452480515175,125.74966987100197,10.919514656066895,0.006373117677867413,0.002495599677786231,8.025314309634268e-05,4.252676080795936e-05,0.0064581832848489285,0.0028253374621272087,3.473604010650888e-05,0.0029475181363523006,0.002091379603371024,0.03700413554906845,0.0,0.03205199912190437,0.0007723421440459788,0.09874945878982544,2.0054945707670413e-05,,,,,
371,0.04036186635494232,0.0007122747940628984,126.09821900399402,0.6493073105812073,0.006047394126653671,0.0013601187383756042,6.44521351205185e-05,6.867518095532432e-05,0.001569073530845344,0.0008116881363093853,3.403317168704234e-05,0.0007962235831655562,0.027790602296590805,0.06115543842315674,0.0,0.07201194018125534,0.001062827417626977,0.09898815304040909,2.310164290975081e-06,,,,,
372,0.07343742996454239,0.0007109024917476679,126.44989286799682,11.21037769317627,0.0066688512451946735,0.004015439655631781,8.89520306373015e-05,0.0001385381619911641,0.0011567285982891917,0.0036926278844475746,3.4918492019642144e-05,0.0035815476439893246,0.022563893347978592,0.09599624574184418,0.0,0.03131315857172012,0.0004511904262471944,0.09928122162818909,1.7619506706978427e-06,,,,,
373,0.05375133454799652,0.0007095283546498957,126.81912024400663,6.158430099487305,0.006938809063285589,0.0024102041497826576,5.179634899832308e-05,0.0006529671954922378,0.0007092985324561596,0.0018717847997322679,3.8937898352742195e-05,0.0017788143595680594,0.020632104948163033,0.06523138284683228,0.0,0.034387893974781036,0.0005790487048216164,0.09955666214227676,2.7326495910529047e-06,,,,,
374,0.08605401962995529,0.00070815239633176,127.16955352801597,12.09666919708252,0.00732604181393981,0.002281768014654517,0.000170764047652483,0.0008333540754392743,0.006002955138683319,0.0025070030242204666,4.3376883695600554e-05,0.0026602891739457846,0.021015405654907227,0.08558136224746704,0.0,0.06468558311462402,0.0027065612375736237,0.09983067959547043,2.889502638936392e-06,,,,,
375,0.07518244534730911,0.0007067746303734145,127.52455298299901,11.424125671386719,0.00659913569688797,0.002499982248991728,6.85309714754112e-05,8.599080319982022e-05,0.006121978163719177,0.0028392202220857143,3.6928049667039886e-05,0.0029647012706846,0.022185973823070526,0.07153300940990448,0.0,0.02739224024116993,0.0008383102831430733,0.10010084509849548,2.57520014201873e-06,9.734477483605154,11.486244636602896,9.566924078728782,5.72092961641281,7.283202579183859
376,0.05222567170858383,0.0007053950703728524,127.90943097998388,5.110148906707764,0.005628731567412615,0.0015114335110411048,0.0012760777026414871,0.0005433501210063696,0.0014161616563796997,0.001052152831107378,2.9159689802327193e-05,0.0010075244354084134,0.023413971066474915,0.010820848867297173,0.0,0.060370467603206635,0.0008606622577644885,0.10035868734121323,3.2681352877261816e-06,,,,,
377,0.037916962057352066,0.0007040137299457742,128.2568360849982,3.7106590270996094,0.006151142064481974,0.0016972454031929374,0.0003098982269875705,2.9299362722667865e-05,0.0008327668765559793,0.0011875940253958106,3.487433059490286e-05,0.0011246660724282265,0.016829293221235275,0.012976601719856262,0.0,0.0681769847869873,0.0008390387520194054,0.10064772516489029,3.894083420163952e-06,,,,,
378,0.06100558489561081,0.000702630622725452,128.6049253080273,8.43179702758789,0.007057899609208107,0.0012941377935931087,0.00043486698996275663,0.0016874726861715317,0.002661458682268858,0.0010986225679516792,5.0263428420294076e-05,0.0011899148812517524,0.028264058753848076,0.023942111060023308,0.0,0.02179047279059887,0.0016462444327771664,0.10098686814308167,1.474227929065819e-06,,,,,
379,0.04570652171969414,0.0007012457623625962,128.95068641501712,4.232922077178955,0.005909748375415802,0.0011376317124813795,0.00032737874425947666,0.0014003801625221968,0.0012666581897065043,0.0006505181081593037,4.911300493404269e-05,0.0006455310503952205,0.01835062727332115,0.01289635431021452,0.0,0.041252501308918,0.0008924672729335725,0.10130108147859573,4.704824732471025e-06,,,,,
380,0.07393749058246613,0.0006998591625252189,129.2967405350064,13.060102462768555,0.0061641051433980465,0.004102490376681089,0.0008075670339167118,0.00016151502495631576,0.0008411204325966537,0.00362946349196136,3.3439515391364694e-05,0.0035023430828005075,0.026796888560056686,0.014504685997962952,0.0,0.07599036395549774,0.0006063923356123269,0.10162977129220963,2.2895014808455016e-06,,,,,
381,0.07701975107192993,0.0006984708368985012,129.64752978499746,10.436704635620117,0.006517784204334021,0.002375318668782711,0.0019361404702067375,0.0011323835933580995,0.000588078226428479,0.0020704083144664764,2.9148337489459664e-05,0.001985495211556554,0.020216073840856552,0.013600938022136688,0.0,0.05215717852115631,0.004973917733877897,0.10195351392030716,3.9396618376486e-06,,,,,
382,0.07157201319932938,0.0006970807991846562,129.99235268402845,8.689964294433594,0.005777901504188776,0.0019024661742150784,0.0005441373214125633,0.00014294474385678768,0.005585018079727888,0.0022264893632382154,3.699366425280459e-05,0.002337069483473897,0.013559283688664436,0.06015140190720558,0.0,0.0499911867082119,0.002569597214460373,0.10227715969085693,1.910540049721021e-06,,,,,
383,0.07288911193609238,0.000695689063102795,130.34116639301647,11.645492553710938,0.006705980747938156,0.00246034050360322,4.0200618968810886e-05,0.00015425878518726677,0.005806611385196447,0.002947178203612566,4.7227444156305864e-05,0.0031489564571529627,0.017242951318621635,0.032251425087451935,0.0,0.0838097482919693,0.0002829484292306006,0.10260009765625,1.5002241298134322e-06,,,,,
384,0.037886541336774826,0.000694295642388791,130.69685058202595,1.4519444704055786,0.006370882969349623,0.0011588768102228642,3.998186730314046e-05,0.000345677777659148,0.0012142470804974437,0.0006925436318852007,4.713152156909928e-05,0.0006593113066628575,0.04872079938650131,0.03427398204803467,0.0,0.08346667885780334,0.00020900971139781177,0.10293027758598328,7.3215678639826365e-06,,,,,
385,0.0686735287308693,0.0006929005507951441,131.04410411202116,11.569497108459473,0.00605781702324748,0.0039380816742777824,7.59814283810556e-05,0.00011307041859254241,0.001253243419341743,0.0034394634421914816,4.2820844100788236e-05,0.003256277646869421,0.012611731886863708,0.05952448770403862,0.0,0.06005897372961044,0.0006944431224837899,0.1033087968826294,4.138071290071821e-06,,,,,
386,0.046513114124536514,0.0006915038020908449,131.3952010590001,6.101072311401367,0.005958761088550091,0.002211561193689704,3.3603533665882424e-05,0.0001878412876976654,0.00044804264325648546,0.0015195461455732584,4.498509952099994e-05,0.0014051481848582625,0.022145390510559082,0.09463097155094147,0.0,0.02471229061484337,0.000642832019366324,0.10368002206087112,3.513874162308639e-06,,,,,
387,0.07947368174791336,0.0006901054100612394,131.74348525499227,12.997406959533691,0.00637077447026968,0.0025634628254920244,8.054213685682043e-05,0.0004634214274119586,0.006158743053674698,0.0033214616123586893,5.3146504797041416e-05,0.003577078692615032,0.005773438606411219,0.054494358599185944,0.0,0.036399662494659424,0.0005239430465735495,0.10403162240982056,5.983847131574294e-06,,,,,
388,0.09779268503189087,0.0006887053885078925,132.08674249402247,14.597887992858887,0.006945601664483547,0.0036509446799755096,2.7890851924894378e-05,0.00011009870650013909,0.0076653799042105675,0.004461036995053291,4.8784688260639086e-05,0.0047411746345460415,0.01680656522512436,0.05463532730937004,0.0,0.07644115388393402,0.00046919650048948824,0.10436100512742996,6.35949254501611e-06,,,,,
389,0.049787990748882294,0.0006873037512484514,132.43571786797838,3.396392345428467,0.005847308784723282,0.0011380240321159363,0.000659654731862247,0.0002763051015790552,0.0020156370010226965,0.000748726655729115,3.666444172267802e-05,0.0007668587495572865,0.037789396941661835,0.07766307890415192,0.0,0.04815001040697098,0.0018370364559814334,0.10468351095914841,1.1528718459885567e-05,,,,,
390,0.07584181427955627,0.0006859005121165104,132.78202387300553,13.606080055236816,0.005014049354940653,0.003988796379417181,0.0007273138035088778,0.00014328087854664773,0.001460684696212411,0.003782272804528475,3.613161970861256e-05,0.0036462724674493074,0.01428925059735775,0.035057105123996735,0.0,0.06196177005767822,0.0017243651673197746,0.10503432899713516,2.642317213030765e-06,,,,,
391,0.0679524764418602,0.0006844956849614727,133.13039643497905,10.453415870666504,0.006189515348523855,0.003482190426439047,2.5313796868431382e-05,0.0003631123108789325,0.001483361003920436,0.0031626680865883827,4.3900148739339784e-05,0.0030029963236302137,0.027054503560066223,0.06120176613330841,0.0,0.05307017266750336,0.0010673247743397951,0.1053776890039444,1.8289563740836456e-05,,,,,
392,0.07503288984298706,0.0006830892836484155,133.48094815498916,8.341687202453613,0.006473553832620382,0.000836446532048285,0.0007534527685493231,0.0023888819850981236,0.001532799913547933,0.0008286729571409523,5.829892688780092e-05,0.0009305613348260522,0.017713826149702072,0.11077778786420822,0.0,0.055929865688085556,0.005340026691555977,0.10572221875190735,6.049125659046695e-06,,,,,
393,0.04614199697971344,0.000681681322057952,133.831140313996,7.686233043670654,0.0059272656217217445,0.0012631469871848822,0.00010414610005682334,0.0007555817137472332,0.0025243416894227266,0.001152944634668529,4.7120654926402494e-05,0.0012630915734916925,0.024693012237548828,0.011762896552681923,0.0,0.04872499778866768,0.001154824160039425,0.1060635894536972,3.5541440865927143e-06,,,,,
394,0.05700409412384033,0.0006802718140860947,134.17864718899364,8.509713172912598,0.005254359450191259,0.001975187100470066,0.0011482613626867533,0.0005183655302971601,0.000811389647424221,0.0015560492174699903,2.8984521122765727e-05,0.0014949884498491883,0.018492810428142548,0.027770504355430603,0.0,0.10205136984586716,0.000730130122974515,0.10641919821500778,3.6754213397216517e-06,,,,,
395,0.061009734869003296,0.0006788607736441179,134.53187907102983,7.207880020141602,0.005506414454430342,0.0014359893975779414,0.0015677378978580236,0.000994848320260644,0.0007532622548751533,0.0010403998894616961,2.579309875727631e-05,0.0009992602281272411,0.0386691614985466,0.03662700578570366,0.0,0.0649920105934143,0.002083756262436509,0.10680469870567322,2.9257560072437627e-06,,,,,
396,0.06112603470683098,0.0006774482146584213,134.8805762139964,9.95417594909668,0.006099273916333914,0.001980070024728775,6.996590673225e-05,6.580806075362489e-05,0.004470618441700935,0.0021918057464063168,3.522237602737732e-05,0.002314321231096983,0.022617410868406296,0.0782269611954689,0.0,0.012916446663439274,0.0008673013653606176,0.10719651728868484,7.620397809660062e-06,,,,,
397,0.05777411162853241,0.0006760341510703923,135.23065607098397,9.907869338989258,0.006376622244715691,0.0016199196688830853,0.0002408735454082489,0.0008766395039856434,0.0035811830312013626,0.0016468307003378868,4.141618774156086e-05,0.0017751544946804643,0.009212777018547058,0.017125435173511505,0.0,0.04822009429335594,0.000981378136202693,0.10755276679992676,7.015255505393725e-06,,,,,
398,0.04882802069187164,0.0006746185968362667,135.58374483900843,6.937839984893799,0.005341643467545509,0.0021180305629968643,7.170573371695355e-05,0.0005581062287092209,0.0008154769893735647,0.0017689884407445788,3.534432835294865e-05,0.0016753255622461438,0.036154959350824356,0.04222779721021652,0.0,0.06340182572603226,0.0004273212398402393,0.1078970804810524,4.194546818325762e-06,,,,,
399,0.04677911102771759,0.0006732015659269941,135.93187926302198,8.149362564086914,0.005206302274018526,0.002309313742443919,7.255982927745208e-05,0.00014062369882594794,0.0009059393778443336,0.0020842032972723246,3.181453939760104e-05,0.001991777215152979,0.05776194855570793,0.026063360273838043,0.0,0.057301655411720276,0.0004000144253950566,0.10825134813785553,4.815651664102916e-06,,,,,
400,0.040286507457494736,0.000671783072328097,136.28455366101116,5.059883117675781,0.006611371412873268,0.0010405097855255008,5.762857472291216e-05,0.00011252379044890404,0.0023016766645014286,0.0009247021516785026,3.4084176149917766e-05,0.0009806788293644786,0.019194087013602257,0.06761154532432556,0.0,0.029948770999908447,0.0009570334805175662,0.10859992355108261,7.2892689786385745e-06,7.691006697798067,8.181336320900051,5.366757705232003,1.8541707402868743,9.306867862527145
401,0.03853461518883705,0.0006703631300395349,136.67223274701973,3.002887725830078,0.005277195014059544,0.0009476374834775925,0.0003744947025552392,8.788050035946071e-05,0.001733026234433055,0.0006684318068437278,2.9303313567652367e-05,0.0006855403771623969,0.03963039442896843,0.06002087891101837,0.0,0.027653975412249565,0.001637771725654602,0.10893268138170242,6.47763408778701e-06,,,,,
402,0.04053853824734688,0.0006689417530755646,137.03025936102495,5.243520259857178,0.005289415363222361,0.001587609644047916,0.0004296526312828064,6.426004983950406e-05,0.00045010470785200596,0.001080610090866685,2.8793501769541763e-05,0.0010259627597406507,0.0243879072368145,0.0772690698504448,0.0,0.024625949561595917,0.001018354669213295,0.10926847159862518,2.393542672507465e-06,,,,,
403,0.03886555880308151,0.0006675189554646032,137.37965649197577,3.991462230682373,0.005910833831876516,0.0008873810875229537,8.641245949547738e-05,0.0006056854617781937,0.001262119971215725,0.0006078240112401545,4.024014560854994e-05,0.000647139735519886,0.018493883311748505,0.07841680943965912,0.0,0.018402598798274994,0.0011677923612296581,0.1095978394150734,9.995650543714873e-06,,,,,
404,0.02979801781475544,0.0006660947512490885,137.72899680101546,1.7034474611282349,0.005216619465500116,0.0010646309237927198,3.669061334221624e-05,0.0003629528218880296,0.0007577115902677178,0.0005763645167462528,3.705034760059789e-05,0.0005580883589573205,0.014956077560782433,0.027233082801103592,0.0,0.04290076345205307,0.0006672418094240129,0.10990746319293976,4.3597510739346035e-06,,,,,
405,0.03170841187238693,0.0006646691544853414,138.07320230902405,3.659133195877075,0.004996490199118853,0.0013520363718271255,0.00031088630203157663,3.7397290725493804e-05,0.0006788530154153705,0.0008157365373335779,2.996818147948943e-05,0.0007725972682237625,0.014907588250935078,0.022861169651150703,0.0,0.04827123135328293,0.0006622824585065246,0.11023588478565216,3.457982302279561e-06,,,,,
406,0.04059513285756111,0.0006632421792434262,138.42754669400165,4.717916011810303,0.005758730228990316,0.0009588494431227446,0.00012589918333105743,2.6734463972388767e-05,0.0021669508423656225,0.0008972964133135974,3.2299718441208825e-05,0.0009453246020711958,0.03473453223705292,0.08456743508577347,0.0,0.03783773258328438,0.0007627411978319287,0.11057685315608978,4.552410246105865e-06,,,,,
407,0.02480146661400795,0.0006618138396070123,138.7741944110021,1.3081169128417969,0.004630989860743284,0.0008977869874797761,0.0001831094123190269,3.2083036785479635e-05,0.0007032152498140931,0.0005705757066607475,3.0612052796641365e-05,0.0005531961214728653,0.01574859954416752,0.017983239144086838,0.0,0.030823318287730217,0.0012235329486429691,0.11092977225780487,8.350380994670559e-06,,,,,
408,0.034567903727293015,0.0006603841496732357,139.12332203699043,3.1358468532562256,0.005566634237766266,0.0012102170148864388,4.401579644763842e-05,0.00013164125266484916,0.0007994698244147003,0.0007942526135593653,3.389185440028086e-05,0.0007538134232163429,0.03160988166928291,0.0592106357216835,0.0,0.05237758159637451,0.0006941340398043394,0.11127880960702896,4.187903414276661e-06,,,,,
409,0.03427309915423393,0.0006589531235525585,139.47615078598028,4.5791802406311035,0.004533295053988695,0.0008479954558424652,9.880775905912742e-05,0.0004806090728379786,0.0014930516481399536,0.0006541070179082453,3.9747792470734566e-05,0.0007052745786495507,0.014163466170430183,0.03774580731987953,0.0,0.05329608917236328,0.0008108719484880567,0.11166407912969589,3.126884621451609e-06,,,,,
410,0.027997100725769997,0.0006575207753686309,139.82893766398774,3.5643441677093506,0.00529842684045434,0.0013498549815267324,0.00015988299855962396,3.2606651075184345e-05,0.0006347524467855692,0.0007979539805091918,3.2167336030397564e-05,0.0007626119186170399,0.026347029954195023,0.0056039709597826,0.0,0.03326781839132309,0.00033624135539866984,0.1120755597949028,3.6655553685704945e-06,,,,,
411,0.03497547283768654,0.0006560871192581513,140.17850238300161,1.4306120872497559,0.004897554405033588,0.0007535860640928149,0.00022444091155193746,6.1987062508706e-05,0.001243253005668521,0.0005261287442408502,3.250244481023401e-05,0.0005371674196794629,0.017773469910025597,0.07270880043506622,0.0,0.07644835114479065,0.0016616672510281205,0.11248907446861267,4.197607267997228e-06,,,,,
412,0.02932310290634632,0.0006546521693707266,140.529690210009,4.409936428070068,0.004346651025116444,0.0008730377303436399,2.696326919249259e-05,5.062025593360886e-05,0.0019603860564529896,0.0008096153032965958,3.733543780981563e-05,0.0008789605926722288,0.02408374845981598,0.0167614184319973,0.0,0.04210662841796875,0.0005238058511167765,0.11293603479862213,1.8607763649924891e-06,,,,,
413,0.03354905918240547,0.0006532159398687327,140.87918021599762,5.143796443939209,0.004796026274561882,0.0014393090968951583,5.1548657211242244e-05,3.188641130691394e-05,0.0007615296635776758,0.0010878880275413394,3.4675027563935146e-05,0.0010320096043869853,0.04459327459335327,0.015385469421744347,0.0,0.06601764261722565,0.0015861783176660538,0.11338645219802856,2.882182798202848e-06,,,,,
414,0.025192096829414368,0.0006517784449271755,141.22853040799964,1.9964655637741089,0.00547644030302763,0.000888827140443027,8.281737973447889e-05,0.0002900833496823907,0.0006940783350728452,0.0005218199803493917,4.0865648770704865e-05,0.0005422774120233953,0.026251882314682007,0.009560886770486832,0.0,0.01649285852909088,0.00034734487417154014,0.11386608332395554,8.329388947458938e-06,,,,,
415,0.023720545694231987,0.0006503396987335492,141.5781688169809,1.6375223398208618,0.004453805275261402,0.000686586950905621,3.642857336672023e-05,8.662296750117093e-05,0.0009497660212218761,0.0005511104827746749,3.898081195075065e-05,0.0005824295803904533,0.021723026409745216,0.028534546494483948,0.0,0.02959933876991272,0.0005474562640301883,0.11430674046278,6.24158701612032e-06,,,,,
416,0.03758743405342102,0.000648899715487698,141.92616897000698,3.310114622116089,0.004898361396044493,0.0010321016889065504,0.0002780450158752501,0.00010886243398999795,0.0007638162933290005,0.0006154721486382186,3.2161795388674363e-05,0.0005902904667891562,0.022664625197649002,0.0969337671995163,0.0,0.04800199717283249,0.0014301736373454332,0.11474049836397171,3.155097147100605e-06,,,,,
417,0.03256005793809891,0.0006474585094016755,142.2756547720055,3.5236330032348633,0.004345639143139124,0.0009513743571005762,4.354493285063654e-05,2.598877290438395e-05,0.0015229921555146575,0.0007023473153822124,3.649874633993022e-05,0.0007534408359788358,0.044231999665498734,0.04820878431200981,0.0,0.059171754866838455,0.00042818105430342257,0.11518479138612747,5.119442903378513e-06,,,,,
418,0.031046252697706223,0.0006460160946996036,142.62332900398178,1.7258232831954956,0.0047314767725765705,0.001024593017064035,3.995084625785239e-05,5.29219105374068e-05,0.0007067603874020278,0.0005937396781519055,3.5492405004333705e-05,0.0005752600845880806,0.023309066891670227,0.07252749800682068,0.0,0.05063210800290108,0.0005974200903438032,0.11564485728740692,6.466657396231312e-06,,,,,
419,0.030691655352711678,0.0006445724856175332,142.97237188299187,1.647920846939087,0.004097685217857361,0.000994010828435421,3.0024104489712045e-05,0.00013103816309012473,0.0006925768102519214,0.0005741385393776,3.669694342534058e-05,0.0005635837442241609,0.016784921288490295,0.07714203745126724,0.0,0.03742046654224396,0.0010740133002400398,0.11609933525323868,3.954780822823523e-06,,,,,
420,0.028542056679725647,0.000643127696403303,143.32110874698265,2.857956647872925,0.004446002654731274,0.0010066976537927985,2.956425851152744e-05,7.77351888245903e-05,0.0009441165602765977,0.000610288989264518,3.572006244212389e-05,0.0006527323857881129,0.030275318771600723,0.03456603363156319,0.0,0.022832192480564117,0.0020740057807415724,0.11654689908027649,7.236761121021118e-06,,,,,
421,0.03153504058718681,0.0006416817413163997,143.67069004301447,3.9473133087158203,0.004683404229581356,0.00103282299824059,0.0003479751176200807,0.00018432072829455137,0.0007599584641866386,0.0006722619291394949,2.7112300813314505e-05,0.0006545708747580647,0.026828907430171967,0.03412112593650818,0.0,0.03140339255332947,0.0008512937347404659,0.11698814481496811,9.46282671066001e-06,,,,,
422,0.029291966930031776,0.0006402346346278156,144.018541906029,3.3233566284179688,0.004199126735329628,0.000884311506524682,8.780130156083032e-05,2.259267603221815e-05,0.0012452611699700356,0.0006951424293220043,2.874489473470021e-05,0.0007364244665950537,0.005288113374263048,0.056243717670440674,0.0,0.03592194616794586,0.0009750364115461707,0.1174197643995285,5.4500069381901994e-06,,,,,
423,0.03104979731142521,0.00063878639061991,144.3674096140312,0.9943873286247253,0.004141584038734436,0.000882038613781333,4.024909867439419e-05,9.43677150644362e-05,0.0009875367395579815,0.0005401613307185471,2.8935575755895115e-05,0.0005503668799065053,0.031205030158162117,0.06299944221973419,0.0,0.06735061854124069,0.0007325786864385009,0.11784890294075012,7.0215696723607834e-06,,,,,
424,0.03373905271291733,0.0006373370235862664,144.71463608602062,4.119120121002197,0.0048935976810753345,0.0012321800459176302,4.590088065015152e-05,8.686136425239965e-05,0.0008235907880589366,0.0009464507456868887,2.70168820861727e-05,0.0009307592990808189,0.042182937264442444,0.04237940162420273,0.0,0.057906653732061386,0.0009754514321684837,0.11829916387796402,5.268597305985168e-06,,,,,
425,0.030670976266264915,0.0006358865478315523,145.0638308210182,4.117925643920898,0.0047090910375118256,0.0008907758165150881,5.227314250078052e-05,8.558047557016835e-05,0.0019501809729263186,0.0007113946485333145,2.8191909223096445e-05,0.0007587537402287126,0.037165865302085876,0.01764625310897827,0.0,0.044167567044496536,0.00047819133033044636,0.11876934766769409,5.944116765022045e-06,7.205638115273898,8.91681795271013,4.355427447858883,2.732524880410395,5.9537700284603225
426,0.027464451268315315,0.0006344349776713777,145.448398248991,2.522510051727295,0.004639988299459219,0.0009065307676792145,0.0002459805691614747,0.0001506599219283089,0.000866117887198925,0.0005787286791019142,2.352493174839765e-05,0.0005825588013976812,0.006847670301795006,0.028267396613955498,0.0,0.037108164280653,0.00043408432975411415,0.11922992020845413,5.669960501109017e-06,,,,,
427,0.025578701868653297,0.0006329823274321542,145.79450439102948,1.032004714012146,0.004378111567348242,0.0007612681365571916,0.0001251954527106136,3.485734123387374e-05,0.0008515164954587817,0.0005260113975964487,2.5172115783789195e-05,0.0005395291373133659,0.01736314967274666,0.02010243386030197,0.0,0.06845349073410034,0.0012974496930837631,0.11968940496444702,2.836740122802439e-06,,,,,
428,0.03395388275384903,0.0006315286114509533,146.1455652959994,3.5170702934265137,0.004824542440474033,0.0009189009433612227,8.219001756515354e-05,0.00017895872588269413,0.001030406216159463,0.0006294093909673393,3.0110606530797668e-05,0.0006749195163138211,0.010767146944999695,0.09866330772638321,0.0,0.007189352996647358,0.0012468518689274788,0.12017226219177246,4.080248800164554e-06,,,,,
429,0.03193860128521919,0.0006300738440753645,146.49709062301554,5.081468105316162,0.004636027384549379,0.001332904095761478,4.927717600367032e-05,1.803333725547418e-05,0.0006673504831269383,0.0010185098508372903,2.5547358745825477e-05,0.000997338443994522,0.026836160570383072,0.030347682535648346,0.0,0.04859917610883713,0.0020784540101885796,0.1206110343337059,4.06512344852672e-06,,,,,
430,0.027458112686872482,0.0006286180396633549,146.84635761199752,3.393625259399414,0.0042304121889173985,0.0008253124542534351,4.425748193170875e-05,9.027503983816132e-05,0.0012601998168975115,0.0006901223096065223,2.9003322197240777e-05,0.0007362593314610422,0.034824274480342865,0.029333164915442467,0.0,0.03503038361668587,0.0005458222003653646,0.12106122821569443,3.349482994963182e-06,,,,,
431,0.021867917850613594,0.0006271612125831259,147.2032044599764,0.8042604327201843,0.004491736646741629,0.0007895409944467247,7.437395106535405e-05,2.5490282496321015e-05,0.0006624221568927169,0.0005380208604037762,2.6053618057630956e-05,0.00055080302990973,0.010979335755109787,0.008848484605550766,0.0,0.038281381130218506,0.0015010670758783817,0.12150228023529053,2.88676483251038e-06,,,,,
432,0.02820683643221855,0.0006257033772129731,147.55292921798537,3.008114814758301,0.005175032652914524,0.0011103530414402485,0.0001129057418438606,4.140724195167422e-05,0.0005045119905844331,0.0006734376074746251,2.5502200514893048e-05,0.0006624130764976144,0.026836875826120377,0.035161279141902924,0.0,0.04294218868017197,0.0005239591118879616,0.12193481624126434,1.0103348358825315e-05,,,,,
433,0.03111168183386326,0.0006242445479411426,147.909220200032,3.8803093433380127,0.004841192625463009,0.0009587088134139776,3.1545900128548965e-05,0.00015547190560027957,0.000934488489292562,0.0007407889934256673,3.1003957701614127e-05,0.0007947837002575397,0.022341888397932053,0.018803812563419342,0.0,0.11331291496753693,0.0008203120669350028,0.12237479537725449,5.692957984138047e-06,,,,,
434,0.03051992692053318,0.0006227847391656907,148.2590581710101,2.6405107975006104,0.003790223505347967,0.0009398376569151878,3.5655983083415776e-05,6.0237049183342606e-05,0.0007202684646472335,0.0006638392806053162,2.8332216970738955e-05,0.0006547936354763806,0.025834236294031143,0.06911342591047287,0.0,0.05246010050177574,0.0014966370072215796,0.12289244681596756,4.8223573685390875e-06,,,,,
435,0.02658255212008953,0.0006213239652943405,148.60951000702335,0.7666820287704468,0.003705481765791774,0.000888019916601479,6.0722362832166255e-05,3.690931043820456e-05,0.0006010307697579265,0.000540938344784081,2.7885691451956518e-05,0.0005526792374439538,0.02572895586490631,0.05243954807519913,0.0,0.0553680844604969,0.0005021535325795412,0.1234145388007164,2.0028153357998235e-06,,,,,
436,0.02863200381398201,0.0006198622407443405,148.9571550170076,3.519618034362793,0.004122947808355093,0.0009641642682254314,2.9371110940701328e-05,4.555872146738693e-05,0.0013520284555852413,0.00076036446262151,2.9094149795128033e-05,0.000815820530988276,0.012201742269098759,0.04756438359618187,0.0,0.02445150725543499,0.00048024431453086436,0.12393505126237869,1.7378914662913303e-06,,,,,
437,0.029217448085546494,0.0006183995799423215,149.3027987750247,3.5295448303222656,0.004132205620408058,0.0010157189099118114,0.00013180375390220433,5.063760909251869e-05,0.0005760792410001159,0.0007231642957776785,2.50079610850662e-05,0.0007165021961554885,0.026793181896209717,0.041958313435316086,0.0,0.07131743431091309,0.0004719893913716078,0.12442907691001892,3.569560931282467e-06,,,,,
438,0.02519296109676361,0.0006169359973241556,149.6517654369818,1.3136478662490845,0.0040793404914438725,0.0007623337442055345,1.6597306967014447e-05,7.043844379950315e-05,0.0004966098349541426,0.0005539091071113944,2.6715601052273996e-05,0.0005794658791273832,0.024021511897444725,0.04615739360451698,0.0,0.05092787370085716,0.0011288025416433811,0.1249476745724678,7.286177606147248e-06,,,,,
439,0.025564730167388916,0.0006154715073348123,149.99856329301838,1.4243273735046387,0.00436402577906847,0.000716274487785995,2.3000893634161912e-05,7.159512460930273e-05,0.0006163840880617499,0.0005500511033460498,2.5117247787420638e-05,0.0005720882909372449,0.02021404169499874,0.04501357302069664,0.0,0.05973895266652107,0.0009359012474305928,0.12546736001968384,3.1849745028011966e-06,,,,,
440,0.026942552998661995,0.0006140061244282163,150.347661177977,3.3363115787506104,0.003856057533994317,0.0009566642111167312,0.00011327426182106137,3.703159745782614e-05,0.0006141613703221083,0.0007521698717027903,2.1588270101347007e-05,0.0007535856566391885,0.042633432894945145,0.039158158004283905,0.0,0.033535800874233246,0.00039102172013372183,0.1259867548942566,4.798546342499321e-06,,,,,
441,0.02669556997716427,0.0006125398630671055,150.69681878597476,3.259194850921631,0.003974180668592453,0.0007601338438689709,3.199807906639762e-05,2.1742227545473725e-05,0.0011360007338225842,0.0006545139476656914,2.2718713807989843e-05,0.0006837049149908125,0.015692703425884247,0.04879741370677948,0.0,0.05121155083179474,0.00029855879256501794,0.12649570405483246,5.2774885261897e-06,,,,,
442,0.024249987676739693,0.0006110727377228873,151.04503138002474,0.8821512460708618,0.0036053131334483624,0.0007755378028377891,4.767719656229019e-05,1.3093989764456637e-05,0.0009299867670051754,0.0005607707425951958,2.1541054593399167e-05,0.0005691955448128283,0.030867358669638634,0.04461754485964775,0.0,0.02008327841758728,0.0004936510231345892,0.12700703740119934,7.4276204031775706e-06,,,,,
443,0.025760844349861145,0.0006096047628754967,151.3942760230275,1.7677193880081177,0.0040116505697369576,0.0008184274192899466,2.8839142032666132e-05,1.5210293895506766e-05,0.0006370468763634562,0.0006131935515441,2.221793147327844e-05,0.0006183937075547874,0.03297489881515503,0.04446497559547424,0.0,0.05636117234826088,0.0004661287530325353,0.12748397886753082,2.0826057152589783e-05,,,,,
444,0.02407233975827694,0.0006081359530132532,151.74450950097525,2.940682888031006,0.0037270262837409973,0.0007506401161663234,6.040645530447364e-05,6.723376282025129e-05,0.0012138274032622576,0.0006170421256683767,2.4994184059323743e-05,0.0006548052188009024,0.01676921732723713,0.03126409649848938,0.0,0.018615851178765297,0.0003861929289996624,0.12796932458877563,5.021443030273076e-06,,,,,
445,0.024512633681297302,0.0006066663226327166,152.09018206200562,2.453380584716797,0.0038193908985704184,0.0008157300762832165,5.384842734201811e-05,1.890286148409359e-05,0.0007460407796315849,0.0006147585809230804,2.2928385078557767e-05,0.0006165849626995623,0.031103314831852913,0.03730418533086777,0.0,0.042559586465358734,0.00021771714091300964,0.12842072546482086,4.0548420656705275e-06,,,,,
446,0.022922659292817116,0.0006051958862385455,152.43644713802496,0.6824432015419006,0.00419106800109148,0.000812560087069869,3.492505129543133e-05,1.0741943697212264e-05,0.0009028734057210386,0.0005313011934049428,2.5257359084207565e-05,0.000555946899112314,0.026367664337158203,0.021014617756009102,0.0,0.03874993324279785,0.0002457824011798948,0.12887156009674072,3.881665634253295e-06,,,,,
447,0.022205514833331108,0.0006037246583433539,152.78287968202494,1.618767261505127,0.0036430673208087683,0.0007126740529201925,2.980248609674163e-05,1.7318534446530975e-05,0.0009640807984396815,0.000570779200643301,2.6993497158400714e-05,0.0006051440141163766,0.006183295510709286,0.027671853080391884,0.0,0.0398627370595932,0.0006931545212864876,0.12931975722312927,1.9778926798608154e-05,,,,,
448,0.032886356115341187,0.0006022526534675668,153.12841354700504,2.7074923515319824,0.003944678697735071,0.0009965377394109964,3.422404915909283e-05,1.6720172425266355e-05,0.0005219060694798827,0.0006256424239836633,2.6013192837126553e-05,0.0006208228296600282,0.030458755791187286,0.1002446785569191,0.0,0.05661053955554962,0.0011021657846868038,0.1297721564769745,9.38143057283014e-06,,,,,
449,0.02645905874669552,0.000600779886139278,153.47570640902268,2.6679656505584717,0.004186347126960754,0.0008654836565256119,3.4585566027089953e-05,0.00011749762779800221,0.0009492879617027938,0.0006269977311603725,2.9916904168203473e-05,0.0006713473703712225,0.020233234390616417,0.03370990976691246,0.0,0.0339997336268425,0.0009143080678768456,0.13022948801517487,7.822271982149687e-06,,,,,
450,0.02472321316599846,0.0005993063708941068,153.82536581798922,1.7257634401321411,0.0036482426803559065,0.000927451706957072,6.90449815010652e-05,2.0408275304362178e-05,0.0006632806616835296,0.0005748913390561938,2.5460472897975706e-05,0.0005773708107881248,0.022965723648667336,0.02097688987851143,0.0,0.06654477119445801,0.0008428641594946384,0.13066624104976654,1.8289313175046118e-06,6.526136538467323,8.258973963636377,2.4359275294606655,1.1182191385589146,5.508942922695243
451,0.022128373384475708,0.0005978321222750534,154.2100206540199,0.6403871178627014,0.003964588977396488,0.0008599191787652671,8.523024735040963e-05,2.6364043151261285e-05,0.0008358752238564193,0.0005491774645633996,2.5132214432233013e-05,0.0005665679345838726,0.01620078831911087,0.007182613015174866,0.0,0.04853694513440132,0.0002509499609004706,0.1311216801404953,4.951240043737926e-06,,,,,
452,0.027225645259022713,0.0005963571548323567,154.55980792100308,1.4779244661331177,0.0036663932260125875,0.0009438791312277317,3.664665564429015e-05,3.096671571256593e-05,0.0008413826581090689,0.0005825979169458151,2.525865420466289e-05,0.00060873111942783,0.038582004606723785,0.05059835687279701,0.0,0.035840537399053574,0.0004138285876251757,0.13158759474754333,4.928832822770346e-06,,,,,
453,0.026473289355635643,0.0005948814831233498,154.9044160420308,2.2142975330352783,0.0032987194135785103,0.0008524213917553425,4.0631781303090975e-05,3.1177936762105674e-05,0.0007312807720154524,0.0006270253215916455,2.3310334654524922e-05,0.0006279816734604537,0.023408377543091774,0.06654444336891174,0.0,0.023488076403737068,0.0008330075070261955,0.13204534351825714,4.5405950004351325e-06,,,,,
454,0.022120555862784386,0.000593405121712317,155.25200240401318,1.4469127655029297,0.003946321085095406,0.0006568279932253063,2.0083929484826513e-05,4.59379079984501e-05,0.0009672885644249618,0.0005677020526491106,2.3449350919690914e-05,0.0005931929918006063,0.021107548847794533,0.016825182363390923,0.0,0.05225050076842308,0.00034569474519230425,0.13248373568058014,5.355502707971027e-06,,,,,
455,0.020225703716278076,0.0005919280851703489,155.59819236502517,0.32414984703063965,0.0036699853371828794,0.0008541673887521029,4.857686872128397e-05,2.2184118279255927e-05,0.0006864001043140888,0.0005330826970748603,2.116137693519704e-05,0.0005492324708029628,0.04351922497153282,0.007536871358752251,0.0,0.012236231938004494,0.00021197853493504226,0.13294163346290588,6.5452049966552295e-06,,,,,
456,0.021434446796774864,0.0005904503880752003,155.94343248102814,1.3195208311080933,0.0037708694580942392,0.0007974510081112385,5.3883963119005784e-05,2.55239774560323e-05,0.0006664114771410823,0.0005627353675663471,1.9964543753303587e-05,0.0005744032678194344,0.005449242889881134,0.02800682559609413,0.0,0.040441855788230896,0.00011969893239438534,0.13336898386478424,2.0148045223322697e-06,,,,,
457,0.024367405101656914,0.0005889720450111447,156.29009606299223,1.5662400722503662,0.003636985784396529,0.0008369141723960638,1.906685793073848e-05,3.2164658477995545e-05,0.00079057872062549,0.0005503708380274475,2.074696749332361e-05,0.0005762274377048016,0.012853238731622696,0.0450606569647789,0.0,0.048219338059425354,0.00020231262897141278,0.13379491865634918,4.004618858743925e-06,,,,,
458,0.022283107042312622,0.0005874930705688314,156.6399499559775,0.6933658719062805,0.00404029805213213,0.000724322278983891,1.84618475032039e-05,2.417101313767489e-05,0.0007077595219016075,0.000549078278709203,1.9475191948004067e-05,0.0005640528397634625,0.010050373151898384,0.04168266803026199,0.0,0.03653440624475479,0.00013610156020149589,0.13422712683677673,2.0161955944786314e-06,,,,,
459,0.020358508452773094,0.0005860134793451411,156.9898305319948,1.0509237051010132,0.0032376605086028576,0.0007691424107179046,2.854715239664074e-05,1.5703784811194055e-05,0.0006719612283632159,0.0005590467480942607,1.8629125406732783e-05,0.0005723584326915443,0.025758149102330208,0.017005639150738716,0.0,0.04013850912451744,0.0002386238775216043,0.1346530318260193,1.9579605577746406e-05,,,,,
460,0.02205701358616352,0.0005845332859430417,157.34743883501505,1.9339814186096191,0.0034532344434410334,0.0008209138177335262,2.584750109235756e-05,1.7025546185323037e-05,0.0009219067869707942,0.0005535191739909351,1.9024309949600138e-05,0.0005756753380410373,0.007830310612916946,0.017402049154043198,0.0,0.06275013089179993,6.228379788808525e-05,0.13508240878582,4.889096089755185e-06,,,,,
461,0.02870267443358898,0.0005830525049714447,157.6999012620072,1.7989072799682617,0.003553214715793729,0.0008281428599730134,4.618451202986762e-05,2.71854514721781e-05,0.0005662438343279064,0.0005731894634664059,1.7903346815728582e-05,0.0005840759840793908,0.05468928441405296,0.07657463848590851,0.0,0.03926486894488335,0.0005366325494833291,0.13553915917873383,4.735166839964222e-06,,,,,
462,0.02382800169289112,0.0005815711510450604,158.04512275801972,1.0966317653656006,0.0038162963464856148,0.0006146172527223825,3.084510171902366e-05,2.2471900592790917e-05,0.0007385031203739345,0.0005360699142329395,1.9326653273310512e-05,0.0005560586578212678,0.027719248086214066,0.05710706487298012,0.0,0.03321103751659393,0.0003136974119115621,0.1359952688217163,2.3149426851887256e-05,,,,,
463,0.021500686183571815,0.000580089238784254,158.39541729999473,0.563446044921875,0.004094122443348169,0.0007630201289430261,2.4479111743858084e-05,2.5378249119967222e-05,0.0006651582079939544,0.0005294198053888977,1.959908149729017e-05,0.0005464124260470271,0.022471046075224876,0.03496718406677246,0.0,0.016481369733810425,0.00020997767569497228,0.13644298911094666,4.7807457121962216e-06,,,,,
464,0.02086402289569378,0.000578606782814901,158.74446890101535,1.889259696006775,0.0035759422462433577,0.0007863588398322463,4.011089913547039e-05,1.8237336917081848e-05,0.00046675512567162514,0.0006137882592156529,1.8856468159356155e-05,0.0006219078786671162,0.023395726457238197,0.027268430218100548,0.0,0.03335654363036156,0.00018354221538174897,0.13686181604862213,1.8892933439929038e-06,,,,,
465,0.020709112286567688,0.0005771237977682437,159.09245881298557,1.5311990976333618,0.0034438115544617176,0.0007438109605573118,2.491599843779113e-05,1.9840315871988423e-05,0.0005529227200895548,0.0005565313622355461,2.0502024199231528e-05,0.0005809377762489021,0.03198257088661194,0.030155884101986885,0.0,0.02257632650434971,0.0002882560365833342,0.13726995885372162,6.5397216530982405e-06,,,,,
466,0.024266541004180908,0.0005756402982807457,159.44176056497963,0.1758345067501068,0.003798691090196371,0.0007282200967893004,2.829419099725783e-05,1.7383685189997777e-05,0.000667047337628901,0.0005326757091097534,2.0680003217421472e-05,0.0005501689738593996,0.013139723800122738,0.059407807886600494,0.0,0.04207535833120346,0.00029975880170241,0.13766174018383026,5.675728516507661e-06,,,,,
467,0.02297033742070198,0.000574156298993948,159.79139915300766,1.3309645652770996,0.004063601605594158,0.0007818698650225997,2.5309662305517122e-05,2.087902248604223e-05,0.0008098328253254294,0.0005731128039769828,2.0900026356684975e-05,0.0005820042570121586,0.03724989295005798,0.027898944914340973,0.0,0.02790043130517006,0.00022190176241565496,0.1380562037229538,2.395996853010729e-05,,,,,
468,0.022268110886216164,0.0005726718145543243,160.1409392490168,1.3495495319366455,0.0035193986259400845,0.0006951560499146581,1.3711741303268354e-05,4.0158316551242024e-05,0.0008808638667687774,0.000557473162189126,2.2662577976007015e-05,0.0005827454151585698,0.03970245271921158,0.01626582257449627,0.0,0.05490805208683014,9.293259790865704e-05,0.13845263421535492,2.974984818138182e-05,,,,,
469,0.019702864810824394,0.0005711868596131371,160.49156959098764,0.7387102842330933,0.0031856046989560127,0.0007193104247562587,4.093379538971931e-05,1.9151175365550444e-05,0.0005715243751183152,0.0005463335546664894,2.1583378838840872e-05,0.0005579700227826834,0.018995851278305054,0.032405827194452286,0.0,0.008967835456132889,0.0006684362306259573,0.1388595998287201,5.325643996911822e-06,,,,,
470,0.024910109117627144,0.0005697014488262916,160.84173841198208,0.18754249811172485,0.0033685327507555485,0.0007867698441259563,3.276432471466251e-05,2.0453295292099938e-05,0.0006987193482927978,0.0005376452463679016,2.2150956283439882e-05,0.0005526428576558828,0.02802402339875698,0.04924085736274719,0.0,0.05563212186098099,0.00026818044716492295,0.13922373950481415,3.983713668276323e-06,,,,,
471,0.021248923614621162,0.000568215596854193,161.19260630500503,0.727798342704773,0.0034338724799454212,0.0007526082918047905,1.9281613276689313e-05,2.346988912904635e-05,0.000662284146528691,0.0005402783863246441,2.3133045033318922e-05,0.0005615482805296779,0.025063473731279373,0.025956597179174423,0.0,0.04032246395945549,0.0002706076775211841,0.1396118849515915,7.3720707405300345e-06,,,,,
472,0.02232394926249981,0.0005667293183616004,161.54633230302716,0.8151509165763855,0.0034199145156890154,0.0007396568544209003,2.377943746978417e-05,2.19283283513505e-05,0.0007131901802495122,0.0005541034042835236,2.266118099214509e-05,0.0005633605760522187,0.024716775864362717,0.027456197887659073,0.0,0.05780041217803955,0.0002005293790716678,0.14000912010669708,3.3836129205155885e-06,,,,,
473,0.022883882746100426,0.0005652426280174821,161.8937295349897,0.31987375020980835,0.0037916379515081644,0.0007911995053291321,2.101273275911808e-05,2.8382642994984053e-05,0.0005851024761795998,0.0005329475970938802,2.304407098563388e-05,0.000548823329154402,0.031335823237895966,0.0336591899394989,0.0,0.04116043448448181,0.00039941188879311085,0.1404312252998352,3.728817091541714e-06,,,,,
474,0.025537308305501938,0.0005637555404948722,162.24163330800366,0.25469112396240234,0.0035086406860500574,0.0009112669504247606,2.8237620426807553e-05,1.793240153347142e-05,0.0007890810957178473,0.0005259419558569789,2.2467853341368027e-05,0.0005436023348011076,0.023289330303668976,0.03561193495988846,0.0,0.0690746083855629,0.0004291461082175374,0.1408446729183197,7.361484222201398e-06,,,,,
475,0.026180755347013474,0.0005622680704707236,162.5892969170236,0.4121702015399933,0.0037786904722452164,0.0009023222955875099,2.8499427571659908e-05,1.4623865354224108e-05,0.00096471281722188,0.000524373899679631,2.221435534011107e-05,0.0005434442427940667,0.028817525133490562,0.0439358726143837,0.0,0.04600474610924721,0.00025654799537733197,0.14129383862018585,3.0779774533584714e-06,6.416049920096289,8.256200656251247,1.4707970628703633,1.2605643319807716,5.143632426456835
476,0.02140957862138748,0.0005607802326257654,162.97661215398693,0.28833338618278503,0.0035558699164539576,0.0007775565609335899,2.240029971289914e-05,1.844647886173334e-05,0.0006325682625174522,0.0005234073614701629,2.1770545572508126e-05,0.000537724292371422,0.030740387737751007,0.0263226181268692,0.0,0.03715693578124046,0.00018208601977676153,0.1417430192232132,3.5871878480975283e-06,,,,,
477,0.01995360665023327,0.0005592920416443561,163.32673027500277,0.2820435166358948,0.003560580313205719,0.000710701453499496,1.8427797840558924e-05,2.399931508989539e-05,0.0006008469499647617,0.0005227835499681532,2.166197737096809e-05,0.0005391431041061878,0.011088522151112556,0.014883138239383698,0.0,0.05923064053058624,0.00038610651972703636,0.14218425750732422,6.720852070429828e-06,,,,,
478,0.02197708562016487,0.0005578035122143401,163.67583207698772,0.30736345052719116,0.0035122029948979616,0.0007094237953424454,1.9273589714430273e-05,2.1284056856529787e-05,0.0005347518599592149,0.0005231489194557071,2.0697147192549892e-05,0.0005370810977183282,0.04559995234012604,0.02566722221672535,0.0,0.05102584511041641,0.00037434222758747637,0.14264421164989471,2.478230726410402e-06,,,,,
479,0.02248905412852764,0.0005563146590269017,164.02272990503116,0.29393428564071655,0.003115521278232336,0.0009183557704091072,1.7239055523532443e-05,1.756498204485979e-05,0.0006640890496782959,0.0005194885306991637,1.9991166482213885e-05,0.0005354528548195958,0.019575120881199837,0.03321382775902748,0.0,0.04122079908847809,0.00020426270202733576,0.14311499893665314,3.9369615478790365e-06,,,,,
480,0.022167444229125977,0.0005548254967764211,164.37251832999755,0.40287676453590393,0.003206477966159582,0.0008676499128341675,3.1107723771128803e-05,1.7431795640732162e-05,0.0009220397914759815,0.0005194888799451292,1.8896947949542664e-05,0.0005322201177477837,0.011419076472520828,0.026176929473876953,0.0,0.03449397534132004,0.0004933463642373681,0.14357717335224152,3.556509909685701e-06,,,,,
481,0.019093094393610954,0.0005533360401603284,164.72683727298863,0.34444963932037354,0.003458128310739994,0.0006917710416018963,1.866091952251736e-05,1.5214048289635684e-05,0.0005934015498496592,0.0005177034181542695,1.880754643934779e-05,0.000532626872882247,0.03539889305830002,0.005584580823779106,0.0,0.049750588834285736,0.00013682576536666602,0.14402127265930176,2.9237444323371165e-06,,,,,
482,0.01895420253276825,0.0005518463038789588,165.08597196202027,0.3780665695667267,0.0033317820634692907,0.0007692663930356503,2.4596272851340473e-05,1.60396630235482e-05,0.0005645677447319031,0.0005244460771791637,1.8515569536248222e-05,0.0005371301667764783,0.00908271037042141,0.024249153211712837,0.0,0.019610848277807236,0.0004882204229943454,0.14447765052318573,3.0598791909142165e-06,,,,,
483,0.019156744703650475,0.0005503563026354084,165.44531464902684,0.5742324590682983,0.003499978920444846,0.0008080286788754165,1.6223295460804366e-05,4.5358261559158564e-05,0.0004566279239952564,0.0005213377880863845,1.9253939171903767e-05,0.0005375564796850085,0.012766502797603607,0.02245684154331684,0.0,0.0212877057492733,0.0003406525938771665,0.1448991745710373,5.936914931226056e-06,,,,,
484,0.02023136056959629,0.0005488660511353877,165.84167175000766,0.3042662739753723,0.0031412208918482065,0.0007112379535101354,1.2500890079536475e-05,2.6391118808533065e-05,0.0007420430774800479,0.0005214764387346804,1.8744045519270003e-05,0.0005356603651307523,0.02048061415553093,0.03216886520385742,0.0,0.023458125069737434,0.00017709151143208146,0.14529949426651,5.215947567194235e-06,,,,,
485,0.02356875129044056,0.0005473755640870773,166.19564182398608,0.6520997285842896,0.0033584143966436386,0.0009510232484899461,4.287139017833397e-05,2.055804361589253e-05,0.0007071782601997256,0.0005138888955116272,1.8025619283434935e-05,0.0005271545960567892,0.0509587824344635,0.018680863082408905,0.0,0.042729757726192474,0.0001727684575598687,0.1456821858882904,5.836946911585983e-06,,,,,
486,0.024448180571198463,0.0005458848562009829,166.56588296801783,1.1488159894943237,0.0034464411437511444,0.0007670483319088817,2.2154814359964803e-05,1.9191949832020327e-05,0.000995744951069355,0.0005215805722400546,1.8604883734951727e-05,0.000542346213478595,0.0369655080139637,0.03879273682832718,0.0,0.04265999794006348,0.00014470284804701805,0.146066814661026,3.6847966384812025e-06,,,,,
487,0.023691605776548386,0.0005443939421897894,166.92103733902331,0.678743839263916,0.0036379355005919933,0.0008614619728177786,2.5496859962004237e-05,1.9127566702081822e-05,0.0007904535159468651,0.0005175739643163979,1.819438512029592e-05,0.0005297129973769188,0.023547859862446785,0.027885165065526962,0.0,0.060029126703739166,0.00015905880718491971,0.14645853638648987,4.514393367571756e-06,,,,,
488,0.023943165317177773,0.000542902836768216,167.28228818898788,0.3687291741371155,0.003924778196960688,0.0008214226691052318,1.5788973541930318e-05,3.605246820370667e-05,0.0006604375084862113,0.0005166230839677155,1.9107406842522323e-05,0.0005303433863446116,0.031124381348490715,0.03987591713666916,0.0,0.042563553899526596,0.0001776090357452631,0.14688220620155334,5.352386324375402e-06,,,,,
489,0.021906163543462753,0.0005414115546528715,167.65167827898404,0.43249452114105225,0.0031892217230051756,0.0006591406418010592,1.3008986570639536e-05,3.305644713691436e-05,0.0006859339773654938,0.000513090577442199,1.9373941540834494e-05,0.0005275392904877663,0.036482278257608414,0.050736311823129654,0.0,0.015517589636147022,0.00013978051720187068,0.14730721712112427,3.7147481179999886e-06,,,,,
490,0.02141408436000347,0.000539920110562108,168.05426352698123,0.29657647013664246,0.0028382025193423033,0.0007828891975805163,2.1800462491228245e-05,1.5693089153501205e-05,0.0009197752806358039,0.0005060271359980106,1.89958191185724e-05,0.0005209820810705423,0.017660949379205704,0.03715711086988449,0.0,0.02062801457941532,0.00023401380167342722,0.14769765734672546,2.8849331101810094e-06,,,,,
491,0.02190335839986801,0.0005384285192158769,168.43499506497756,0.7021420001983643,0.0033442946150898933,0.0007526787230744958,4.755739792017266e-05,3.324650242575444e-05,0.0007931927102617919,0.0005048802704550326,1.8319909941055812e-05,0.0005164832109585404,0.03389126807451248,0.025217780843377113,0.0,0.03782501816749573,7.237591489683837e-05,0.14806513488292694,2.8620538614632096e-06,,,,,
492,0.02267327345907688,0.0005369367953355825,168.80903768300777,0.5537211894989014,0.0031004801858216524,0.0009051867527887225,1.812714799598325e-05,1.3728433259529993e-05,0.0008381600491702557,0.0005062434356659651,1.8907263438450173e-05,0.0005218008300289512,0.038064856082201004,0.029628561809659004,0.0,0.019310981035232544,0.0004293534148018807,0.14843305945396423,5.510399205377325e-06,,,,,
493,0.028411604464054108,0.0005354449536439371,169.20102927001426,0.5467516183853149,0.00353478966280818,0.0007763429312035441,1.862234239524696e-05,2.8649577870965004e-05,0.0007663192227482796,0.0005157041596248746,1.952089041878935e-05,0.0005280346958898008,0.01461032871156931,0.09159591048955917,0.0,0.054308630526065826,8.841421367833391e-05,0.1487889438867569,2.6484576665097848e-06,,,,,
494,0.027286842465400696,0.000533953008864816,169.57499830500456,0.5853271484375,0.003355699358507991,0.0008105846936814487,2.1790283426526003e-05,3.60942431143485e-05,0.0010357963619753718,0.0005120233399793506,1.992032048292458e-05,0.0005268128006719053,0.02621539495885372,0.06906480342149734,0.0,0.03975392132997513,9.116216097027063e-05,0.1491621881723404,2.2900974272488384e-06,,,,,
495,0.018865957856178284,0.0005324609757231119,169.93967812298797,0.6841168403625488,0.0033836353104561567,0.000717169139534235,2.8814603865612298e-05,1.4396823644347023e-05,0.0005007439176551998,0.000513263454195112,1.9326686015119776e-05,0.0005246435757726431,0.015784772112965584,0.015834644436836243,0.0,0.04402444511651993,0.0003111252735834569,0.14954549074172974,6.202769782248652e-06,,,,,
496,0.018844494596123695,0.0005309688689445896,170.2895840589772,0.7269743084907532,0.0030818083323538303,0.0006708641885779798,3.528271190589294e-05,1.7227297576027922e-05,0.0008168573258444667,0.0005069949547760189,1.9463172066025436e-05,0.0005260457401163876,0.01691543683409691,0.016145378351211548,0.0,0.030780626460909843,0.00017526812735013664,0.1499403566122055,1.7979469703277573e-05,,,,,
497,0.021601779386401176,0.0005294767032557405,170.63862745801453,0.5271995067596436,0.003228024812415242,0.0008365883259102702,2.4412125640083104e-05,1.4063247363083065e-05,0.000727118575014174,0.000506990123540163,1.9739274648600258e-05,0.0005253716371953487,0.01546105369925499,0.029215432703495026,0.0,0.03378579393029213,0.0005873845657333732,0.15032465755939484,4.1083249016082846e-06,,,,,
498,0.027113310992717743,0.0005279844933836377,170.98447773099178,0.7718740701675415,0.003605664474889636,0.000854218378663063,1.872090251708869e-05,1.672319558565505e-05,0.0005718782194890082,0.0005255517899058759,1.974634506041184e-05,0.0005362010560929775,0.00976781826466322,0.07703202962875366,0.0,0.06634124368429184,4.661062848754227e-05,0.15070649981498718,5.003058504371438e-06,,,,,
499,0.02054348587989807,0.0005264922540557899,171.3313815179863,0.4869216978549957,0.0029711273964494467,0.000913319643586874,1.963675458682701e-05,3.415090759517625e-05,0.0005700696492567658,0.0005151479854248464,2.042058258666657e-05,0.0005315240705385804,0.01140332780778408,0.03325134515762329,0.0,0.017918450757861137,0.00020021118689328432,0.15112662315368652,7.5342140917200595e-06,,,,,
500,0.022891176864504814,0.000524999999999997,171.6761636820156,0.42635610699653625,0.0032186403404921293,0.0008373749442398548,1.8162925698561594e-05,1.7831487639341503e-05,0.0006103328196331859,0.0005150609649717808,1.9746059479075484e-05,0.0005344790988601744,0.019369741901755333,0.05310012400150299,0.0,0.02570655569434166,0.0001552322064526379,0.15151837468147278,5.141447672940558e-06,6.297172987426951,8.166512415904462,2.021151449175792,0.7758661688619934,4.784369311605263
501,0.020718026906251907,0.0005235077459442042,172.0625584719819,0.6883664131164551,0.003520071506500244,0.0007511262665502727,5.2999326726421714e-05,1.7153859516838565e-05,0.0006730318418703973,0.0005104407318867743,1.8084370822180063e-05,0.0005249508540146053,0.014302123337984085,0.018015559762716293,0.0,0.055085211992263794,0.00011625629849731922,0.1518920511007309,4.589291165757459e-06,,,,,
502,0.02237449772655964,0.0005220155066163564,172.41280137602007,0.46040844917297363,0.003200302831828594,0.0006009832723066211,2.618625876493752e-05,1.3342645615921356e-05,0.00046258827205747366,0.0005164970061741769,1.8043445379589684e-05,0.0005343623925000429,0.009817440062761307,0.07082553952932358,0.0,0.033639177680015564,0.00041932775638997555,0.15229001641273499,1.1529103176144417e-05,,,,,
503,0.024896055459976196,0.0005205232967442535,172.75913857098203,0.2605000436306,0.003175618126988411,0.000815735082142055,2.190341183450073e-05,1.6319239875883795e-05,0.0006792607018724084,0.0005217815632931888,1.7423149984097108e-05,0.0005370599683374166,0.015147709287703037,0.06422511488199234,0.0,0.038557086139917374,0.0005391511949710548,0.15268923342227936,3.7816168969584396e-06,,,,,
504,0.019026830792427063,0.0005190311310554044,173.10615722101647,0.3237208127975464,0.0036859323736280203,0.0006783896824344993,2.040707113337703e-05,1.871010499598924e-05,0.0004951460869051516,0.000522748741786927,1.7061147445929237e-05,0.0005383900133892894,0.029849771410226822,0.012536108493804932,0.0,0.042110126465559006,0.00024061332806013525,0.1530979424715042,3.820527581410715e-06,,,,,
505,0.015699727460741997,0.0005175390242768822,173.45706872898154,0.25761401653289795,0.0032347035594284534,0.0006410886417143047,3.095255669904873e-05,1.2114156561437994e-05,0.00042671369737945497,0.0005139188142493367,1.6495108866365626e-05,0.0005300883203744888,0.019253775477409363,0.011269028298556805,0.0,0.009817585349082947,0.00021073108655400574,0.15350568294525146,1.1192448710062308e-06,,,,,
506,0.021347172558307648,0.000516046991135178,173.80434054601938,0.7839140295982361,0.003210467752069235,0.0008719054749235511,2.325420791748911e-05,1.4492341506411321e-05,0.0008757030591368675,0.0005110172787681222,1.6446272638859227e-05,0.0005289313849061728,0.04509967565536499,0.011935369111597538,0.0,0.027613962069153786,4.7231169446604326e-05,0.1538795679807663,6.495354227809003e-06,,,,,
507,0.023505400866270065,0.000514555046356057,174.15025153098395,1.1113120317459106,0.0030844456050544977,0.0008003825787454844,2.357852463319432e-05,1.26752165670041e-05,0.0004533827304840088,0.0005440969835035503,1.6114167010528035e-05,0.0005578341078944504,0.04405815899372101,0.04687752202153206,0.0,0.046023570001125336,0.000123605175758712,0.15424640476703644,7.131485290301498e-06,,,,,
508,0.019107166677713394,0.0005130632046644116,174.49833585700253,0.6911616921424866,0.0031150865834206343,0.0006445311009883881,2.132570807589218e-05,2.150759974028915e-05,0.0005549589404836297,0.0005093523650430143,1.7006626876536757e-05,0.0005277264281176031,0.023960746824741364,0.015141747891902924,0.0,0.05574507638812065,0.00028595118783414364,0.15462642908096313,3.3952235298784217e-06,,,,,
509,0.01924557238817215,0.0005115714807841171,174.8443776880158,0.36392197012901306,0.0032118652015924454,0.0007771295495331287,1.2520856216724496e-05,1.995238199015148e-05,0.0005888425512239337,0.000506419746670872,1.7246864445041865e-05,0.0005226359935477376,0.039002906531095505,0.0159936361014843,0.0,0.011713223531842232,0.0006142653292044997,0.15502719581127167,1.52528900798643e-06,,,,,
510,0.020275261253118515,0.000510079889437886,175.1913344070199,1.2621179819107056,0.003313536522909999,0.0008600048604421318,1.917765439429786e-05,1.4284440112533048e-05,0.000981959979981184,0.0005375224864110351,1.705211070657242e-05,0.0005476588266901672,0.015978015959262848,0.008090292103588581,0.0,0.028064275160431862,0.0003073732368648052,0.1553991585969925,4.425347469805274e-06,,,,,
511,0.021935995668172836,0.0005085884453471227,175.53748398902826,1.0875322818756104,0.003328570630401373,0.0006782849668525159,1.7101494449889287e-05,1.9814886400126852e-05,0.0011293322313576937,0.000509542936924845,1.8676941181183793e-05,0.0005301170749589801,0.035033319145441055,0.02973407879471779,0.0,0.01950402557849884,0.00016843633784446865,0.15576478838920593,4.087426077603595e-06,,,,,
512,0.01762818917632103,0.000507097163231778,175.8887430470204,0.08194762468338013,0.00325798150151968,0.0007033515721559525,2.0681522073573433e-05,1.4827075574430637e-05,0.000549282762221992,0.0004965382977388799,1.8753209587885067e-05,0.0005109248450025916,0.033190809190273285,0.009925615042448044,0.0,0.02322402037680149,1.6984704416245222e-05,0.1561105102300644,2.3217685338750016e-06,,,,,
513,0.021023057401180267,0.0005056060578102047,176.23346267698798,0.8803533315658569,0.002947277156636119,0.0008315271697938442,1.789183988876175e-05,1.8365577489021234e-05,0.0006069221417419612,0.0005113789811730385,1.86472425411921e-05,0.0005205320776440203,0.0205297339707613,0.01946067065000534,0.0,0.06130456179380417,0.0001803809282137081,0.1564618945121765,8.380798135476653e-06,,,,,
514,0.020686835050582886,0.0005041151437990112,176.58248347998597,0.8085882663726807,0.003023758763447404,0.0008578910492360592,1.6413066987297498e-05,1.62624546646839e-05,0.0006417767726816237,0.0005027762381359935,1.9320325009175576e-05,0.0005209064693190157,0.012548312544822693,0.028424479067325592,0.0,0.037957679480314255,0.00013701162242796272,0.15684160590171814,3.913647560693789e-06,,,,,
515,0.02425212785601616,0.0005026244359129166,176.92951508500846,0.12682931125164032,0.0029852003790438175,0.0007786070927977562,1.7860502339317463e-05,1.6744568711146712e-05,0.0006527900113724172,0.0004940889775753021,1.909353886730969e-05,0.0005076464731246233,0.043991535902023315,0.04441992938518524,0.0,0.049995291978120804,0.0005839471705257893,0.15722103416919708,3.95324059354607e-06,,,,,
516,0.018757116049528122,0.0005011339488646064,177.27526479499647,0.7960113286972046,0.00327338557690382,0.0008024295675568283,1.66202644322766e-05,1.9398197764530778e-05,0.0004133618203923106,0.0005047966842539608,1.8836373783415183e-05,0.0005139815039001405,0.01120581291615963,0.029310578480362892,0.0,0.02055923268198967,0.00013757457782048732,0.1576206088066101,1.0233838111162186e-05,,,,,
517,0.01777610182762146,0.0004996436973645857,177.62235088302987,0.8418711423873901,0.002767798025161028,0.000662841834127903,1.284101017517969e-05,2.574522659415379e-05,0.0005492907948791981,0.0004982860991731286,1.9426594008109532e-05,0.0005167241324670613,0.014756537973880768,0.017472445964813232,0.0,0.0424848273396492,0.00012380197586026043,0.1580055207014084,7.135594842111459e-06,,,,,
518,0.018730442970991135,0.0004981536961210353,177.97333431302104,0.11186728626489639,0.0033901205752044916,0.0007829517126083374,2.0006038539577276e-05,1.5848254406591877e-05,0.0007697303080931306,0.00048818098730407655,1.7922558981808834e-05,0.0005007105064578354,0.012114977464079857,0.02069200575351715,0.0,0.010361655615270138,0.00012645471724681556,0.1584007740020752,4.3466934585012496e-06,,,,,
519,0.023706497624516487,0.0004966639598396658,178.32232361799106,1.172624111175537,0.003054431639611721,0.0007386448560282588,2.958105324069038e-05,1.8504531908547506e-05,0.0007756715058349073,0.0005122190923430026,1.675091880315449e-05,0.0005208751535974443,0.01405004970729351,0.04914725571870804,0.0,0.0564570315182209,0.00031985039822757244,0.15875624120235443,6.981678779993672e-06,,,,,
520,0.020007453858852386,0.0004951745032235731,178.66937688802136,1.2844674587249756,0.003342879470437765,0.0007053536246530712,1.3400658644968644e-05,1.704268652247265e-05,0.0009073127876035869,0.0005009584710933268,1.7424945326638408e-05,0.0005200276500545442,0.020868413150310516,0.007942719385027885,0.0,0.053661443293094635,0.00018832880596164614,0.1591288447380066,3.618709797592601e-06,,,,,
521,0.016695057973265648,0.0004936853409730923,179.0148625440197,0.09854695200920105,0.0029844569507986307,0.0007386577199213207,1.3890014088246971e-05,1.4623964489146601e-05,0.00046133878640830517,0.0004852749698329717,1.6567286365898326e-05,0.0004978157230652869,0.017779188230633736,0.01766085997223854,0.0,0.01131096389144659,0.00015273425378836691,0.15952473878860474,6.138017852208577e-06,,,,,
522,0.020027846097946167,0.0004921964877856541,179.35994751600083,1.4102970361709595,0.003271782072260976,0.000843572139274329,2.450756437610835e-05,1.2575330401887186e-05,0.0005702480557374656,0.000539015862159431,1.6017374946386553e-05,0.0005467106238938868,0.024693043902516365,0.014087369665503502,0.0,0.041582196950912476,0.00013830828538630158,0.1598944216966629,3.333799213578459e-06,,,,,
523,0.01939670369029045,0.000490707958355638,179.7094135429943,1.2901145219802856,0.003518779296427965,0.0006297872751019895,1.8030776118393987e-05,2.6515384888625704e-05,0.0006621081847697496,0.0004906193935312331,1.723496643535327e-05,0.0005084281438030303,0.02267267182469368,0.026073891669511795,0.0,0.02906118333339691,0.0002184631593991071,0.16027523577213287,2.4666389890626306e-06,,,,,
524,0.01888805255293846,0.0004892197673742286,180.05080714001087,0.10778885334730148,0.0035591269843280315,0.0006443686434067786,1.9297824110253714e-05,1.3606902939500287e-05,0.0006102920742705464,0.0004795262648258358,1.6572086678934284e-05,0.000491701764985919,0.020835600793361664,0.016437582671642303,0.0,0.04678230360150337,0.00010300530993845314,0.1606396734714508,7.285364517883863e-06,,,,,
525,0.021542999893426895,0.0004877319295292704,180.39881042699562,1.1298394203186035,0.0030780730303376913,0.0007404591888189316,2.7945832698605955e-05,1.723139575915411e-05,0.0007045790553092957,0.0004989678272977471,1.6177968063857406e-05,0.0005075891385786235,0.05101761221885681,0.023272015154361725,0.0,0.03910525143146515,9.469465294387192e-05,0.16101448237895966,7.215403456939384e-06,5.820659408395281,7.303713972567591,1.472526863199046,1.3445312159477136,5.181098187764211
526,0.01917140558362007,0.0004862444595051218,180.78452854498755,1.5895215272903442,0.0027172770351171494,0.0008112818468362093,1.7764508811524138e-05,1.6112580851768143e-05,0.0009823578875511885,0.0004948849673382938,1.7747439414961264e-05,0.0005143321468494833,0.023936936631798744,0.009904284030199051,0.0,0.02126428671181202,8.4236882685218e-05,0.161390483379364,3.646482127805939e-06,,,,,
527,0.017701055854558945,0.0004847573719825118,181.13112878700485,0.8059382438659668,0.003615011926740408,0.0007139853551052511,1.994425110751763e-05,1.1353016816428863e-05,0.0007275304524227977,0.000499845074955374,1.7354028386762366e-05,0.0005074580549262464,0.013844217173755169,0.008714907802641392,0.0,0.023273346945643425,6.629092968069017e-05,0.1617431491613388,7.517760877817636e-06,,,,,
528,0.020439211279153824,0.0004832706816383937,181.48073626699625,0.8534124493598938,0.0030482334550470114,0.0007693312945775688,1.4087081581237726e-05,1.1179916327819228e-05,0.0005943784490227699,0.0004959280486218631,1.7863159882836044e-05,0.0005034445784986019,0.02347719296813011,0.04692862182855606,0.0,0.006321693770587444,7.716080290265381e-05,0.16207778453826904,6.721665613440564e-06,,,,,
529,0.018964754417538643,0.00048178440314580105,181.82883579400368,1.731167197227478,0.0031475748401135206,0.0007209564791992307,1.603347118361853e-05,2.1367195586208254e-05,0.000797225977294147,0.0005081241251900792,1.9749306375160813e-05,0.000531161786057055,0.03338855877518654,0.013553260825574398,0.0,0.018824229016900063,7.720312714809552e-05,0.16237354278564453,5.01000022268272e-06,,,,,
530,0.019283289089798927,0.0004802985511737024,182.17495219002012,1.0388888120651245,0.0031378488056361675,0.0007854378200136125,2.5560217181919143e-05,1.4259194358601235e-05,0.0007644041907042265,0.0004919006605632603,1.845889346441254e-05,0.0004982558893971145,0.030078595504164696,0.01525773573666811,0.0,0.019610732793807983,6.480380397988483e-05,0.16265034675598145,3.5312277759658173e-06,,,,,
531,0.022164028137922287,0.0004788131403868571,182.52682160801487,0.49303969740867615,0.0035551644396036863,0.0008770879358053207,2.2147351046442054e-05,1.526011328678578e-05,0.0005611301749013364,0.00047668020124547184,1.9105191313428804e-05,0.00048620367306284606,0.027481447905302048,0.01932668127119541,0.0,0.06630291044712067,6.587045209016651e-05,0.16291815042495728,6.072067662898917e-06,,,,,
532,0.01965545490384102,0.0004773281854456697,182.8731349009904,1.4995529651641846,0.003022348741069436,0.0007956073968671262,1.4873096006340347e-05,2.246633084723726e-05,0.0007172927143983543,0.000495368498377502,2.041855623247102e-05,0.0005167659837752581,0.016624273732304573,0.021450283005833626,0.0,0.02990848943591118,0.00015882941079325974,0.1632293313741684,3.5018724702240434e-06,,,,,
533,0.01974574849009514,0.00047584370100604606,183.22490573098185,1.3744323253631592,0.0028237169608473778,0.0008507922175340354,1.5200381312752143e-05,1.4021665265318006e-05,0.0005108352052047849,0.000515042629558593,1.902856456581503e-05,0.0005192224634811282,0.020460903644561768,0.03269079327583313,0.0,0.019942756742239,6.546980876009911e-05,0.16353926062583923,3.045685616598348e-06,,,,,
534,0.020073791965842247,0.0004743597017192483,183.5705416169949,0.14302858710289001,0.0027205662336200476,0.000706477090716362,1.6899930415092967e-05,1.6415102436440066e-05,0.0007750376826152205,0.0004791579267475754,1.9481758499750867e-05,0.0004917296464554965,0.016002029180526733,0.03778247535228729,0.0,0.02454361692070961,0.00015982113836798817,0.16384175419807434,2.3200054783956148e-06,,,,,
535,0.020672626793384552,0.00047287620223175023,183.91773056599777,1.0961076021194458,0.0030323362443596125,0.0007035051821731031,1.0594128070806619e-05,1.8307615391677245e-05,0.0006823966978117824,0.0004956495249643922,1.9507775505189784e-05,0.0005159982247278094,0.036856360733509064,0.0341750867664814,0.0,0.026446005329489708,2.4994067644001916e-05,0.16413681209087372,3.5137061331624864e-06,,,,,
536,0.017800839617848396,0.00047139321718509295,184.26300546101993,1.0334060192108154,0.002876438433304429,0.0007078051567077637,3.123449278064072e-05,1.7550155462231487e-05,0.0005411727470345795,0.00048533506924286485,1.8026292309514247e-05,0.0004949439316987991,0.0188863817602396,0.007812049705535173,0.0,0.04776715114712715,0.0001848500978667289,0.16442516446113586,5.445201168186031e-06,,,,,
537,0.019046684727072716,0.0004699107612157401,184.6117155199754,0.4925350844860077,0.0031049710232764482,0.000633318442851305,1.5146858459047507e-05,1.6004043573047966e-05,0.0006292187026701868,0.00047899168566800654,1.8256880139233544e-05,0.0004947339184582233,0.029976561665534973,0.025578521192073822,0.0,0.029477262869477272,0.0002151763765141368,0.16473622620105743,6.307145667960867e-06,,,,,
538,0.019252115860581398,0.0004684288489549337,184.9593197060167,0.48756733536720276,0.002617522608488798,0.0007078435737639666,1.3450846381601878e-05,1.6821517419884913e-05,0.000625582761131227,0.0004797193396370858,1.7559470506967045e-05,0.0004936072509735823,0.028134647756814957,0.028875377029180527,0.0,0.02359110489487648,0.0004020948545075953,0.16504138708114624,3.5816428862744942e-06,,,,,
539,0.016803698614239693,0.00046694749502854924,185.30450031900546,1.3295915126800537,0.0027855439111590385,0.0006481368909589946,2.535734347475227e-05,1.5546189388260245e-05,0.0005200192681513727,0.0005294968141242862,1.622355375729967e-05,0.0005377621855586767,0.025790415704250336,0.013593735173344612,0.0,0.02144559472799301,0.00014338601613417268,0.16533829271793365,1.729699579300359e-05,,,,,
540,0.018084241077303886,0.0004654667140569523,185.65013650001492,0.990217924118042,0.0032573076896369457,0.0006937746657058597,1.3064805898466147e-05,1.7086262232623994e-05,0.0005928321625106037,0.00048008866724558175,1.6801219317130744e-05,0.0004956549382768571,0.009052134118974209,0.020894743502140045,0.0,0.030608344823122025,0.0002424147678539157,0.16563236713409424,3.852968347928254e-06,,,,,
541,0.017690515145659447,0.000463986520654853,185.99463182798354,0.18491442501544952,0.0029754615388810635,0.0006831757491454482,1.7242149624507874e-05,1.2525134479801636e-05,0.0004750797525048256,0.0004775966808665544,1.6401252651121467e-05,0.0004904099623672664,0.02659720554947853,0.028244594112038612,0.0,0.00879810843616724,0.00018796799122355878,0.16592669486999512,3.5105149436276406e-06,,,,,
542,0.020494069904088974,0.00046250692943116263,186.34608830098296,0.39986512064933777,0.002780207898467779,0.0006832221988588572,1.3712638974539004e-05,1.2489716027630493e-05,0.0008037408697418869,0.00048188341315835714,1.6442420019302517e-05,0.0004937599296681583,0.0292898528277874,0.0364023894071579,0.0,0.026324331760406494,6.371985364239663e-05,0.16619873046875,4.523154530033935e-06,,,,,
543,0.02107940800487995,0.00046102795498884937,186.69257030403242,0.8414633870124817,0.003004064317792654,0.0008913811179809272,1.3942814803158399e-05,1.8545284547144547e-05,0.0005307394312694669,0.00047582885599695146,1.7248767107957974e-05,0.0004914956516586244,0.015594122931361198,0.04595736414194107,0.0,0.013077681884169579,0.00019083410734310746,0.16647100448608398,2.6893926587945316e-06,,,,,
544,0.018775586038827896,0.00045954961192479384,187.04123974998947,0.8095279932022095,0.0029663192108273506,0.0007214214419946074,1.5922727470751852e-05,1.3922348443884403e-05,0.0004476351896300912,0.0004908546688966453,1.6949776181718335e-05,0.0005006386782042682,0.022880669683218002,0.03135629743337631,0.0,0.022439774125814438,0.00022492941934615374,0.1667247861623764,3.1132749427342787e-06,,,,,
545,0.020585620775818825,0.00045807191482964514,187.38759051199304,0.3087330162525177,0.0033803791739046574,0.0006809108890593052,2.0989096810808405e-05,1.2869388228864409e-05,0.000582673295866698,0.00046881238813512027,1.7705451682559215e-05,0.00048224328202195466,0.01588071696460247,0.04187675565481186,0.0,0.03580333665013313,6.552544800797477e-05,0.16697020828723907,5.134654202265665e-06,,,,,
546,0.017427103593945503,0.0004565948782876771,187.73675955698127,1.5312848091125488,0.0029321154579520226,0.0006675989716313779,1.4561564967152663e-05,1.385577161272522e-05,0.0008069159812293947,0.000497716770041734,1.899640483316034e-05,0.0005197522114031017,0.021927177906036377,0.014552884735167027,0.0,0.011924424208700657,9.800495172385126e-05,0.16722828149795532,4.3540635488170665e-06,,,,,
547,0.02036903239786625,0.00045511851687664426,188.09016598400194,1.4094492197036743,0.0029964179266244173,0.0009430217905901372,1.9762161173275672e-05,1.1785060451074969e-05,0.0006527243531309068,0.000507160322740674,1.816847361624241e-05,0.0005138956476002932,0.019288308918476105,0.013257290236651897,0.0,0.041851092129945755,0.0001245565217686817,0.1674686074256897,3.548494305505301e-06,,,,,
548,0.019208446145057678,0.00045364284516763735,188.44407503399998,0.22085727751255035,0.002805285854265094,0.0007693010265938938,1.1845060726045631e-05,1.3970812688057777e-05,0.0005601117154583335,0.0004776651330757886,1.9179240553057753e-05,0.0004900805652141571,0.04347671568393707,0.018009284511208534,0.0,0.026359550654888153,0.00015318595978897065,0.16772393882274628,9.212649274559226e-06,,,,,
549,0.016160612925887108,0.00045216787772494075,188.79666869703215,0.8394362926483154,0.002975097857415676,0.0005754123558290303,1.7330205082544126e-05,1.569274718349334e-05,0.00043274983181618154,0.0004854648432228714,1.964192597370129e-05,0.0005035563954152167,0.005618695169687271,0.03247471898794174,0.0,0.01103244163095951,9.521280298940837e-05,0.16799353063106537,3.2897912660700968e-06,,,,,
550,0.022786952555179596,0.0004506936291058874,189.14051502000075,0.47958871722221375,0.0032997136004269123,0.0007334064575843513,2.0104725990677252e-05,1.5049513422127347e-05,0.0006104448693804443,0.00047979925875552,1.839922697399743e-05,0.0004901675856672227,0.026125621050596237,0.048460137099027634,0.0,0.04469374939799309,0.0001461985957575962,0.16824615001678467,1.310557195211004e-06,6.067197256547506,7.9656796882915035,1.5266275708215649,0.7143397239160812,4.349596293442894
551,0.017582371830940247,0.00044922011386071606,189.52107831998728,0.5669597387313843,0.002834578510373831,0.0007044977392069995,2.70033397100633e-05,1.579586387379095e-05,0.0004344751068856567,0.0004790706152562052,1.8091979654855095e-05,0.0004895268357358873,0.023124098777770996,0.007551874965429306,0.0,0.053858235478401184,4.977995195076801e-05,0.1685224324464798,5.19781087859883e-06,,,,,
552,0.02203509397804737,0.00044774734653242734,189.87135469500208,1.0402228832244873,0.0028583358507603407,0.0005952119827270508,1.444505869585555e-05,1.5679797797929496e-05,0.0009144395589828491,0.00048316785250790417,1.882137803477235e-05,0.0005002485122531652,0.01844364032149315,0.033624209463596344,0.0,0.07332877069711685,0.00017753487918525934,0.16883262991905212,3.6012504551763413e-06,,,,,
553,0.01789148710668087,0.00044627534165664025,190.21824729000218,0.5924450159072876,0.003294767811894417,0.0006581588531844318,1.4023938092577737e-05,1.5719568182248622e-05,0.0006862585432827473,0.0004887841641902924,1.8444487068336457e-05,0.0004982912796549499,0.026436083018779755,0.01102943904697895,0.0,0.02800120785832405,0.00013414342538453639,0.16918157041072845,2.2475358036899706e-06,,,,,
554,0.0178996529430151,0.0004448041137614485,190.56585411098786,0.5633165240287781,0.0028623477555811405,0.0007369183003902435,1.497072935308097e-05,1.4699976418341976e-05,0.0003023871104232967,0.00048337262705899775,1.8796396034304053e-05,0.000493183615617454,0.040815602988004684,0.017181988805532455,0.0,0.028823526576161385,0.00012296653585508466,0.169526144862175,1.9775891360040987e-06,,,,,
555,0.019861673936247826,0.00044333367736727747,190.9166568610235,0.7187419533729553,0.003016107250005007,0.0007002617930993438,1.155863265012158e-05,1.2727682587865274e-05,0.0007731450605206192,0.00047410884872078896,1.9496155800879933e-05,0.0004917990881949663,0.024956583976745605,0.023995663970708847,0.0,0.03630349040031433,0.00014560422278009355,0.16986636817455292,3.2121440654009348e-06,,,,,
556,0.019008846953511238,0.000441864046986741,191.26835134602152,0.5151520371437073,0.003029419807717204,0.000738009053748101,2.3378357582259923e-05,1.3477723769028671e-05,0.00038849038537591696,0.00046691487659700215,1.8845337763195857e-05,0.0004799907619599253,0.02315352112054825,0.019054528325796127,0.0,0.054108764976263046,0.00012806997983716428,0.17020142078399658,3.7310833249648567e-06,,,,,
557,0.014178155921399593,0.0004403952371244972,191.61731328302994,0.18365690112113953,0.002707639941945672,0.0005310175474733114,1.6719732229830697e-05,1.2623228030861355e-05,0.0006608086405321956,0.00046983937500044703,1.854498805187177e-05,0.0004853260179515928,0.015850313007831573,0.008734938688576221,0.0,0.005448781885206699,7.819382153684273e-05,0.1705651432275772,2.7232679258304415e-06,,,,,
558,0.020256057381629944,0.00043892726227710686,191.96269152098102,0.4713151156902313,0.0030015280935913324,0.0006458901334553957,8.832502317090984e-06,1.3328910426935181e-05,0.000659533659927547,0.0004757980350404978,1.7921405742526986e-05,0.0004920091014355421,0.02366834133863449,0.025181327015161514,0.0,0.05729365348815918,0.00036914192605763674,0.17089536786079407,6.559925168403424e-06,,,,,
559,0.016229113563895226,0.0004374601369328888,192.31239028502023,0.28441548347473145,0.002667594002559781,0.0008176598930731416,1.7533442587591708e-05,1.203369174618274e-05,0.0003698481013998389,0.0004823598428629339,1.6593570762779564e-05,0.0004940875805914402,0.011390309780836105,0.013415904715657234,0.0,0.015496459789574146,0.0002632085233926773,0.17125195264816284,5.956876520940568e-06,,,,,
560,0.019012141972780228,0.0004359938755717779,192.6622811940033,0.7178127765655518,0.0028000238817185163,0.0006641495856456459,2.6053334295284003e-05,1.1387502127035987e-05,0.0006707006832584739,0.0004893046570941806,1.5900179278105497e-05,0.0005007355357520282,0.037604887038469315,0.03053877130150795,0.0,0.010423336178064346,6.806619057897478e-05,0.17159231007099152,7.681269380555023e-06,,,,,
561,0.020859815180301666,0.000434528492665182,193.00926152302418,1.2791818380355835,0.002973848255351186,0.0006561923655681312,1.3182823749957606e-05,1.7347723769489676e-05,0.0006849183700978756,0.0004838272579945624,1.6031181075959466e-05,0.0005002804682590067,0.04601135477423668,0.015083521604537964,0.0,0.06707366555929184,0.00012172978313174099,0.17190295457839966,6.68620077703963e-06,,,,,
562,0.019625894725322723,0.00043306400267583865,193.35699046001537,0.7191296815872192,0.0025202836841344833,0.0006624399684369564,1.51929725689115e-05,9.25860513234511e-06,0.0005847135907970369,0.0004899180494248867,1.5092820831341669e-05,0.0005020403768867254,0.008965650573372841,0.03561794012784958,0.0,0.054968103766441345,0.00015188584802672267,0.1722518801689148,5.253702511254232e-06,,,,,
563,0.018940703943371773,0.0004316004200576726,193.7079015210038,0.25783249735832214,0.002813565544784069,0.0006771039916202426,1.546137900731992e-05,1.0832503903657198e-05,0.0004867083334829658,0.00047617341624572873,1.5088382497197017e-05,0.0004890927230007946,0.040825288742780685,0.026874832808971405,0.0,0.02783912792801857,0.00011519972031237558,0.17261859774589539,1.0596500942483544e-05,,,,,
564,0.018670057877898216,0.0004301377592556539,194.05366293800762,0.5660791993141174,0.002771779429167509,0.0006598568288609385,1.335703746008221e-05,1.380952562612947e-05,0.0007627299055457115,0.00046811733045615256,1.5639856428606436e-05,0.0004832893901038915,0.026898933574557304,0.023108934983611107,0.0,0.025274384766817093,0.0001401894260197878,0.17297300696372986,4.90437560074497e-06,,,,,
565,0.019813941791653633,0.0004286760347056538,194.4019008189789,0.15436510741710663,0.002593918237835169,0.000777718611061573,1.1021365025953855e-05,1.2178250472061336e-05,0.0008303702343255281,0.00046868083882145584,1.576165232108906e-05,0.0004821647598873824,0.004404876846820116,0.020099671557545662,0.0,0.055937349796295166,0.00017568707698956132,0.17332062125205994,9.40443260333268e-06,,,,,
566,0.016834398731589317,0.0004272152608343035,194.75127194798551,0.7792553901672363,0.00330526614561677,0.0007078550988808274,1.4760453268536367e-05,1.137338676926447e-05,0.0007150567835196853,0.0004811921389773488,1.6108004274428822e-05,0.0004922768566757441,0.021738499402999878,0.0072462791576981544,0.0,0.011311346665024757,8.205968333641067e-05,0.17368370294570923,3.844741513603367e-06,,,,,
567,0.018878687173128128,0.00042575545205885166,195.09925445000408,0.5123235583305359,0.0026844022795557976,0.0007150358287617564,1.3799308362649754e-05,1.3906988897360861e-05,0.0005861402023583651,0.00046213652240112424,1.7233835023944266e-05,0.0004772949905600399,0.014568648301064968,0.032799627631902695,0.0,0.030473122373223305,6.714808114338666e-05,0.17401613295078278,2.795559703372419e-05,,,,,
568,0.016666492447257042,0.0004242966227870213,195.44833323097555,0.116359643638134,0.002627105452120304,0.0006845243042334914,1.0386948815721553e-05,1.2327800504863262e-05,0.0007381417672149837,0.00046148544060997665,1.7809041310101748e-05,0.00047575286589562893,0.021674450486898422,0.00793643482029438,0.0,0.023537898436188698,9.655866597313434e-05,0.17434090375900269,5.74873183722957e-06,,,,,
569,0.018675196915864944,0.0004228387874168684,195.7987727180007,0.25174564123153687,0.0030338577926158905,0.0006522584590129554,1.4319834008347243e-05,1.1819915016531013e-05,0.0006942638428881764,0.00046380676212720573,1.8127124349121004e-05,0.0004758033901453018,0.024701997637748718,0.02364218980073929,0.0,0.029131105169653893,9.123078052653e-05,0.17465801537036896,2.5649494546087226e-06,,,,,
570,0.01740994304418564,0.00042138196033663955,196.1543922080309,0.11540154367685318,0.002803304698318243,0.0006448494968935847,1.0894570550590288e-05,9.988849342335016e-06,0.0007554396870546043,0.0004611671611201018,1.8418173567624763e-05,0.000473548483569175,0.02085070125758648,0.018716013059020042,0.0,0.017048686742782593,0.0002148262137779966,0.17496824264526367,7.272537004610058e-06,,,,,
571,0.01791980303823948,0.00041992615592462997,196.5023532860214,0.28478071093559265,0.0024260790087282658,0.0006618507904931903,1.4887087672832422e-05,1.135177444666624e-05,0.0004822760238312185,0.0004615907382685691,1.8442286091158167e-05,0.0004748053615912795,0.03580547124147415,0.025951925665140152,0.0,0.02206159010529518,0.0002790161524899304,0.17526355385780334,7.383568572549848e-06,,,,,
572,0.019946066662669182,0.00041847138854904115,196.84652927401476,0.1321837604045868,0.0027058462146669626,0.0007371309911832213,1.4224317055777647e-05,1.2097290891688317e-05,0.0006367933820001781,0.00046541274059563875,1.8222166545456275e-05,0.00047810436808504164,0.025238879024982452,0.018694311380386353,0.0,0.05170326307415962,0.0005644436459988356,0.17555193603038788,6.995157946221298e-06,,,,,
573,0.020707961171865463,0.0004170176725678403,197.1914100900176,0.23825405538082123,0.002659666119143367,0.0006241075461730361,1.4089038813835941e-05,1.287006580241723e-05,0.0006436108960770071,0.00046684767585247755,1.770018025126774e-05,0.0004791473038494587,0.018256034702062607,0.05009991675615311,0.0,0.038709912449121475,0.00010395733988843858,0.17586134374141693,4.300381988286972e-06,,,,,
574,0.01843586564064026,0.0004155650223286168,197.53660362702794,0.14144855737686157,0.0027444197330623865,0.0007492328877560794,1.3173277693567798e-05,1.1023939805454575e-05,0.0006214876193553209,0.0004635523073375225,1.70338880707277e-05,0.0004751798405777663,0.026435980573296547,0.021446961909532547,0.0,0.02381749451160431,8.116287790471688e-05,0.1761862337589264,7.137612556107342e-06,,,,,
575,0.018323520198464394,0.00041411345216844225,197.8857977029984,0.41566017270088196,0.002886140486225486,0.000745664001442492,1.952651837200392e-05,9.867757398751564e-06,0.0004447183746378869,0.00046423423918895423,1.6563406461500563e-05,0.0004749981453642249,0.026238566264510155,0.024132516235113144,0.0,0.027828846126794815,5.68465402466245e-05,0.1765066236257553,5.178234914637869e-06,5.781123463039548,7.499495261817785,1.286067342819916,1.1739936348097204,4.436730832848652
576,0.018815986812114716,0.00041266297641372803,198.27709291898645,0.4193968176841736,0.0028662204276770353,0.0006609411793760955,1.2560396498884074e-05,1.0953195669571869e-05,0.0006400686106644571,0.0004568621516227722,1.6757403500378132e-05,0.00047077826457098126,0.02664126828312874,0.027890782803297043,0.0,0.02750468999147415,0.0001666488969931379,0.1768168807029724,4.130645720579196e-06,,,,,
577,0.022057857364416122,0.00041121360938008443,198.63186353998026,0.14067140221595764,0.002827887423336506,0.0007789551746100187,1.2679207429755479e-05,1.2260326911928132e-05,0.0009461970767006278,0.0004539447545539588,1.6434862118330784e-05,0.000466891418909654,0.040023092180490494,0.02726081945002079,0.0,0.03858254477381706,0.0001185289875138551,0.17711856961250305,6.113809831731487e-06,,,,,
578,0.019960876554250717,0.0004097653653721788,198.9783384160255,0.37196239829063416,0.0026887806598097086,0.0007444421644322574,1.4663221008959226e-05,1.2258384231245145e-05,0.0007105257827788591,0.0004560993402265012,1.5913587048999034e-05,0.000467468926217407,0.0164790078997612,0.025613650679588318,0.0,0.04985872656106949,0.0001378210581606254,0.17743659019470215,5.456724466057494e-06,,,,,
579,0.01712217554450035,0.0004083182586835948,199.32786407298408,0.15106512606143951,0.0030229147523641586,0.0005925901932641864,1.609119681234006e-05,1.1029585948563181e-05,0.000642300583422184,0.00045084304292686284,1.6087507901829667e-05,0.00046364497393369675,0.015003148466348648,0.03365933895111084,0.0,0.003170507028698921,7.210300827864558e-05,0.17776936292648315,3.7911595427431166e-06,,,,,
580,0.017027705907821655,0.00040687230359669137,199.67503111599945,0.505757212638855,0.0024693503510206938,0.0006808633916079998,1.284594509343151e-05,1.332363081019139e-05,0.000806860625743866,0.0004519921785686165,1.613742279005237e-05,0.0004652908828575164,0.015752481296658516,0.005869960878044367,0.0,0.03726206719875336,0.00020542980928439647,0.17806462943553925,5.1523434194677975e-06,,,,,
581,0.017520368099212646,0.00040542751438246114,200.01897587400163,0.7051903009414673,0.00254284730181098,0.0007566206622868776,1.4062813534110319e-05,1.265775972569827e-05,0.0005586995976045728,0.0004709774802904576,1.6125592082971707e-05,0.0004811556718777865,0.031578123569488525,0.011205704882740974,0.0,0.02743607573211193,9.965110803022981e-05,0.17837302386760712,7.72524708736455e-06,,,,,
582,0.021424192935228348,0.00040398390530039087,200.36353758297628,0.3393963575363159,0.0030776597559452057,0.0008370305295102298,9.612294888938777e-06,1.7077556549338624e-05,0.0005385150434449315,0.00045577037963084877,1.676234751357697e-05,0.00046812687651254237,0.034214816987514496,0.03801414370536804,0.0,0.028232391923666,0.0001064461685018614,0.17867764830589294,5.012303972762311e-06,,,,,
583,0.01859291084110737,0.00040254149059831893,200.7101225599763,0.1551899015903473,0.003399509470909834,0.0006298942025750875,1.3417833542916924e-05,1.230621819559019e-05,0.0004951088922098279,0.0004538733628578484,1.6892838175408542e-05,0.000466276629595086,0.011470398865640163,0.032383617013692856,0.0,0.03764817863702774,2.903239510487765e-05,0.17897365987300873,5.045657417213079e-06,,,,,
584,0.01711629517376423,0.0004011002845122963,201.05624509899644,0.3951176702976227,0.002576164435595274,0.0007182746194303036,1.812434675230179e-05,1.167523987533059e-05,0.0005971438367851079,0.0004547599528450519,1.7044745618477464e-05,0.00046663411194458604,0.021936392411589622,0.011990642175078392,0.0,0.030775096267461777,7.375743007287383e-05,0.1792820394039154,6.449402917496627e-06,,,,,
585,0.018705809488892555,0.0003996603012664452,201.40525127202272,0.6252321600914001,0.002516562817618251,0.0006965768989175558,1.4144941815175116e-05,1.0754331015050411e-05,0.0007450039265677333,0.00045958958799019456,1.7461283277953044e-05,0.0004744018951896578,0.019863026216626167,0.01732570491731167,0.0,0.042144209146499634,0.0003297408402431756,0.17958824336528778,2.7664191293297336e-06,,,,,
586,0.01677021011710167,0.000398221555072819,201.7517400669749,0.14656370878219604,0.0021484128665179014,0.0006549835670739412,1.7120863049058244e-05,1.222478567797225e-05,0.0007951247389428318,0.00045387473073787987,1.7228438082383946e-05,0.00046589519479312,0.012044765055179596,0.008202919736504555,0.0,0.03961832821369171,0.00031015166314318776,0.17990443110466003,2.64791151494137e-06,,,,,
587,0.01838834583759308,0.00039678406013126153,202.09328163100872,0.8918706178665161,0.002844790229573846,0.0007413860294036567,1.3784108887193725e-05,1.1838436876132619e-05,0.0007845696527510881,0.00047450020792894065,1.6937437976594083e-05,0.0004830043762922287,0.006949041970074177,0.02273445948958397,0.0,0.022758258506655693,0.00019051076378673315,0.1802322268486023,4.027579052490182e-06,,,,,
588,0.0187054593116045,0.0003953478306292678,202.4459179060068,0.22298534214496613,0.002575046382844448,0.0006341614644043148,1.291095668420894e-05,1.4522731362376362e-05,0.0006429157219827175,0.00045031309127807617,1.755826269800309e-05,0.00046366453170776367,0.02727711945772171,0.020218510180711746,0.0,0.04992377385497093,0.00013772571401204914,0.18054816126823425,7.414122137561208e-06,,,,,
589,0.018361695110797882,0.0003939128807418432,202.79434600903187,1.1957768201828003,0.002775494009256363,0.0006616638856939971,1.1256013749516569e-05,1.1968108992732596e-05,0.0007845289073884487,0.00046362486318685114,1.7607948393560946e-05,0.00048084542504511774,0.011217892169952393,0.022079166024923325,0.0,0.037193313241004944,4.1490511648589745e-05,0.1808854639530182,6.659241535089677e-06,,,,,
590,0.01589083857834339,0.00039247922463136336,203.14132823399268,1.290372371673584,0.0026634123641997576,0.0007461579516530037,2.2938485926715657e-05,1.378152137476718e-05,0.0006096505676396191,0.00046641373774036765,1.6148620488820598e-05,0.0004752964887302369,0.008898317813873291,0.007986287586390972,0.0,0.012759468518197536,0.0003430797951295972,0.18123039603233337,1.6257230299743242e-06,,,,,
591,0.020067773759365082,0.00039104687644743593,203.49350658198819,0.18705537915229797,0.002453617285937071,0.0008390666916966438,1.0940942956949584e-05,1.4013503459864296e-05,0.0006323804846033454,0.0004498872149270028,1.654855986998882e-05,0.00046269650920294225,0.007744009606540203,0.03251921758055687,0.0,0.044227391481399536,9.815608791541308e-05,0.18154801428318024,1.7085610579670174e-06,,,,,
592,0.018540238961577415,0.0003896158503267587,203.84456944302656,1.076214075088501,0.002795390086248517,0.0006490533123724163,1.398574204358738e-05,2.216994107584469e-05,0.0006996286101639271,0.0004601413675118238,1.6658044842188247e-05,0.00047573487972840667,0.019325770437717438,0.024014463648200035,0.0,0.031472522765398026,0.0002285701484652236,0.18187323212623596,2.2141948647913523e-06,,,,,
593,0.01779508963227272,0.0003881861603929821,204.2317899360205,0.9416375160217285,0.002810461912304163,0.0007694889791309834,2.0302642951719463e-05,1.0685325833037496e-05,0.000569132505916059,0.00047445623204112053,1.5495459592784755e-05,0.00048414297634735703,0.021333251148462296,0.024027105420827866,0.0,0.007977155968546867,0.00011494231875985861,0.18219386041164398,4.787730631505838e-06,,,,,
594,0.017544638365507126,0.0003867578207565683,204.58563968900125,0.3040900230407715,0.003008423838764429,0.0007753573590889573,2.047593989118468e-05,1.1152515071444213e-05,0.0006976861041039228,0.00045644352212548256,1.5604615327902138e-05,0.0004677042888943106,0.023298844695091248,0.009520846419036388,0.0,0.014891479164361954,0.00017447612481191754,0.18248707056045532,3.421188694119337e-06,,,,,
595,0.01681416854262352,0.0003853308455146531,204.93113860598532,0.5972505807876587,0.0026625837199389935,0.0007037047762423754,1.6690675693098456e-05,1.093958690034924e-05,0.0007697794353589416,0.0004557206993922591,1.6327961930073798e-05,0.0004701324796769768,0.00620849896222353,0.01890713907778263,0.0,0.012828909792006016,0.00011835085751954466,0.1827617585659027,7.843698767828755e-06,,,,,
596,0.017346376553177834,0.0003839052487509058,205.27947995398426,0.2173122763633728,0.0024150602985173464,0.0006877371924929321,1.2839460396207869e-05,1.1486332368804142e-05,0.0006588055985048413,0.00045278758625499904,1.628918653295841e-05,0.00046522734919562936,0.013990738429129124,0.017956074327230453,0.0,0.03479800373315811,0.0001288269559154287,0.18301869928836823,5.128296834300272e-06,,,,,
597,0.021545400843024254,0.00038248104453539127,205.62643027002923,1.1057660579681396,0.0028030313551425934,0.0006959938909858465,1.5314562915591523e-05,1.0450026820763014e-05,0.0007374088163487613,0.00047268098569475114,1.6106261682580225e-05,0.0004818419984076172,0.012762228026986122,0.05233771726489067,0.0,0.033128902316093445,0.00016172566392924637,0.18328480422496796,2.368851528444793e-05,,,,,
598,0.019065577536821365,0.00038105824692442983,205.9729578520055,0.5904137492179871,0.0031856910791248083,0.0006263089017011225,1.0437857781653292e-05,1.1308567991363816e-05,0.0006594384321942925,0.00045265734661370516,1.6719670384190977e-05,0.0004674613010138273,0.0068123433738946915,0.033323995769023895,0.0,0.040855348110198975,9.447184856981039e-05,0.18355928361415863,1.2947248251293786e-05,,,,,
599,0.021488264203071594,0.0003796368699604595,206.3228233520058,0.8263642191886902,0.0023704362101852894,0.000684525934047997,1.4773610018892214e-05,1.1241277206863742e-05,0.0007654208457097411,0.0004543460672721267,1.684224662312772e-05,0.0004697921103797853,0.0273562204092741,0.03745058551430702,0.0,0.05391489714384079,0.00030854056240059435,0.18384376168251038,2.091520855174167e-06,,,,,
600,0.01738978549838066,0.00037821692767189743,206.66911229898687,1.139944314956665,0.0027374769560992718,0.0006409366615116596,1.635330045246519e-05,9.947271792043466e-06,0.0004631940391846001,0.0004675302770920098,1.6326252080034465e-05,0.0004769666993524879,0.02023196592926979,0.03160373121500015,0.0,0.016632208600640297,0.0001628404133953154,0.18415875732898712,6.199355084390845e-06,5.858676710727253,7.6735566724886075,1.311716658107826,1.4820621741543123,4.191762487531283
601,0.017651377245783806,0.00037679843407300044,207.0515052290284,0.4655551314353943,0.0027773247566074133,0.0006349948234856129,1.1718619134626351e-05,2.0767429305124097e-05,0.0007453832076862454,0.0004536061023827642,1.6870304534677416e-05,0.0004671649949159473,0.009488568641245365,0.02140015736222267,0.0,0.02530507929623127,0.00040997954783961177,0.18445436656475067,3.3218166208826005e-06,,,,,
602,0.01823597028851509,0.0003753814031637277,207.3995644780225,0.34414681792259216,0.0024192414712160826,0.0006293217302300036,1.1002774954249617e-05,1.4084445865591988e-05,0.0004540937370620668,0.0004524480609688908,1.6719537597964518e-05,0.000466405093902722,0.01397662702947855,0.034595388919115067,0.0,0.04624657332897186,5.114176019560546e-05,0.1847420036792755,3.4207914723083377e-06,,,,,
603,0.019641708582639694,0.00037396584892960226,207.74825956003042,0.38497260212898254,0.002885086229071021,0.0006714555202051997,2.68791445705574e-05,1.2453834642656147e-05,0.0007437770254909992,0.0004526283300947398,1.5909688954707235e-05,0.0004641439882107079,0.007622662931680679,0.03986968845129013,0.0,0.024378960952162743,0.0002266526425955817,0.18504217267036438,2.5150990040856414e-05,,,,,
604,0.018401896581053734,0.000372551785341573,208.09593683900312,0.3160910904407501,0.002767259953543544,0.0006697734352201223,1.9176764908479527e-05,1.1075116162828635e-05,0.0005512983771041036,0.00045238484744913876,1.5784811694175005e-05,0.0004642202111426741,0.019646381959319115,0.03388993442058563,0.0,0.021196644753217697,0.0001594182976987213,0.18533356487751007,1.782483195711393e-06,,,,,
605,0.016929471865296364,0.00037113922635587646,208.44477404898498,0.5058048367500305,0.00276417494751513,0.0006355142104439437,1.4283275959314778e-05,1.564302328915801e-05,0.0007085062097758055,0.0004551819583866745,1.6109846910694614e-05,0.00046914679114706814,0.027741018682718277,0.01176327932626009,0.0,0.022021111100912094,8.282958879135549e-05,0.18561120331287384,5.262121703708544e-06,,,,,
606,0.019255664199590683,0.00036972818591389983,208.80445012898417,0.3763386011123657,0.0026996072847396135,0.0007583261467516422,1.0269022823194973e-05,1.743151733535342e-05,0.0006182674551382661,0.0004604659625329077,1.5954010450514033e-05,0.00047236765385605395,0.03203209489583969,0.02493361383676529,0.0,0.023378977552056313,0.00026176508981734514,0.18587671220302582,2.6083303055202123e-06,,,,,
607,0.020920731127262115,0.00036831867794204237,209.15391854802147,0.471658319234848,0.0026866276748478413,0.0006974348798394203,1.6420302927144803e-05,1.265659011551179e-05,0.0005307492101565003,0.00046016438864171505,1.5730007362435572e-05,0.0004714897077064961,0.020372165367007256,0.04114381968975067,0.0,0.05353492498397827,0.00021644652588292956,0.1861366629600525,7.931013897177763e-06,,,,,
608,0.018655696883797646,0.0003669107163515789,209.50259704800555,0.7686949372291565,0.0025252392515540123,0.0006561378831975162,1.3965754988021217e-05,1.3471768397721462e-05,0.0008239175076596439,0.00045434103230945766,1.6227972082560882e-05,0.00046927688526920974,0.03396102413535118,0.013457747176289558,0.0,0.03753058239817619,0.00019142347446177155,0.1864272654056549,3.5883426789951045e-06,,,,,
609,0.017652932554483414,0.0003655043150385217,209.85179280198645,0.393268883228302,0.002372034592553973,0.0007427114760503173,2.3282285837922245e-05,1.4107108654570766e-05,0.0007059070630930364,0.0004506556724663824,1.575525129737798e-05,0.00046211807057261467,0.014696847647428513,0.015956413000822067,0.0,0.03083553910255432,9.204793605022132e-05,0.18671807646751404,7.55505698180059e-06,,,,,
610,0.0179506316781044,0.0003640994878834841,210.20145446801325,0.5849961638450623,0.002373426454141736,0.0006951577961444855,1.8876438844017684e-05,1.1718962923623621e-05,0.000598383485339582,0.00045298773329705,1.5928120774333365e-05,0.00046384925371967256,0.022549519315361977,0.006408441346138716,0.0,0.06413589417934418,0.00015660061035305262,0.18700912594795227,4.775387424160726e-06,,,,,
611,0.01695113256573677,0.00036269624875154294,210.55379589798395,0.9390472769737244,0.0024367189034819603,0.0006399389822036028,1.2379378858895507e-05,1.3956770089862403e-05,0.00053769676014781,0.00045225786743685603,1.6574376786593348e-05,0.0004672030045185238,0.028357649222016335,0.011647200211882591,0.0,0.041953813284635544,0.00010399227176094428,0.1873309463262558,4.471043666853802e-06,,,,,
612,0.021216588094830513,0.0003612946114921019,210.90843585098628,0.4534795880317688,0.002737003145739436,0.0007758161518722773,1.2705762856057845e-05,1.263229478354333e-05,0.0005313220317475498,0.0004586289869621396,1.6098792912089266e-05,0.0004690011264756322,0.04386695474386215,0.030225442722439766,0.0,0.046365223824977875,0.00015258115308824927,0.18765386939048767,3.7521374451898737e-06,,,,,
613,0.01759272627532482,0.000359894589938755,211.2558168490068,0.6454336047172546,0.00268452987074852,0.0006213484448380768,1.2271217201487161e-05,1.0476006536919158e-05,0.0008566530887037516,0.0004593347548507154,1.6214311472140253e-05,0.0004693688824772835,0.006928334478288889,0.017272260040044785,0.0,0.0388382188975811,5.888093073735945e-05,0.18798287212848663,1.3561236755776918e-06,,,,,
614,0.016619453206658363,0.0003584961979091495,211.6047756189946,0.7576584815979004,0.0024931610096246004,0.0006178927142173052,9.353363566333428e-06,1.201889244839549e-05,0.0006503210170194507,0.00045100695569999516,1.6592817701166496e-05,0.00046521093463525176,0.018746092915534973,0.01910274289548397,0.0,0.024130020290613174,0.00012357972445897758,0.18832290172576904,3.7971574329276336e-06,,,,,
615,0.015491876751184464,0.0003570994492048505,211.94910036801593,0.33279576897621155,0.002861931687220931,0.0005836206837557256,1.4357722648128401e-05,1.0938700143015012e-05,0.0005753024015575647,0.00044461977086029947,1.608680213394109e-05,0.0004566172428894788,0.006863947492092848,0.008949026465415955,0.0,0.029068490490317345,0.0005559022538363934,0.1886557936668396,7.381955128948903e-06,,,,,
616,0.020176373422145844,0.00035570435761120354,212.29859750397736,0.4282519221305847,0.0027660143095999956,0.0006933214026503265,1.1872670256707352e-05,1.0280396963935345e-05,0.0006288110162131488,0.00045109938946552575,1.5898915080470033e-05,0.00046166847459971905,0.029124200344085693,0.023414429277181625,0.0,0.05492313578724861,0.0004030318232253194,0.18898731470108032,6.657535323029151e-06,,,,,
617,0.016390826553106308,0.0003543109368971996,212.64467844902538,0.3330569565296173,0.002674188930541277,0.0006546659860759974,1.4409966752282344e-05,1.3999997463542968e-05,0.000528089003637433,0.00044666306348517537,1.6140345906023867e-05,0.0004586124559864402,0.02207677997648716,0.022605855017900467,0.0,0.008939329534769058,0.00010135384218301624,0.18933573365211487,8.818476999294944e-06,,,,,
618,0.018161021173000336,0.00035291920081533847,212.99290310102515,0.16567040979862213,0.002616138895973563,0.000734988076146692,1.167362916021375e-05,1.738375794957392e-05,0.0004944509128108621,0.00044942492968402803,1.6025933291530237e-05,0.0004604549321811646,0.023001372814178467,0.018865929916501045,0.0,0.04221630096435547,7.643372373422608e-05,0.1896570473909378,3.0143996809783857e-06,,,,,
619,0.01704750396311283,0.00035152916310149347,213.339389914996,0.20001207292079926,0.0024960420560091734,0.0007460928754881024,1.1887106666108593e-05,1.5052198250486981e-05,0.0005630698869936168,0.00045026963925920427,1.5984918718459085e-05,0.00046063828631304204,0.007326783612370491,0.028218787163496017,0.0,0.011850690469145775,0.00010219933756161481,0.18999028205871582,6.437984666263219e-06,,,,,
620,0.01785624399781227,0.0003501408374747756,213.68842229701113,0.11709917336702347,0.0024985235650092363,0.0006726565188728273,1.201943086925894e-05,1.2371880075079389e-05,0.0008238740265369415,0.0004430985718499869,1.646231066843029e-05,0.0004539429792203009,0.017191197723150253,0.016539784148335457,0.0,0.02968563139438629,0.00028269222821108997,0.1902955174446106,7.545370863226708e-06,,,,,
621,0.020379308611154556,0.00034875423763739837,214.03375007299474,0.11571414023637772,0.0027268296107649803,0.0005972834187559783,1.5718522263341583e-05,1.3078828487778082e-05,0.0005905544385313988,0.0004375054268166423,1.6839123418321833e-05,0.0004492590087465942,0.012700600549578667,0.04433945193886757,0.0,0.05556125193834305,0.00023802982468623668,0.19059184193611145,6.441151526814792e-06,,,,,
622,0.019014010205864906,0.0003473693772745425,214.38211072300328,0.4457821547985077,0.0026627075858414173,0.0006095930002629757,2.0905186829622835e-05,1.3179549569031224e-05,0.0006780890980735421,0.0004365491622593254,1.7167494661407545e-05,0.0004494673921726644,0.011012688279151917,0.03898339718580246,0.0,0.0312275979667902,0.0002706261584535241,0.19091007113456726,5.758547558798455e-06,,,,,
623,0.01828622817993164,0.0003459862700542203,214.72962711798027,0.49235445261001587,0.002577019389718771,0.0007777586579322815,2.0151910575805232e-05,1.4838178685749881e-05,0.0004710879875347018,0.0004380494065117091,1.7029371520038694e-05,0.00044799456372857094,0.021527228876948357,0.029165150597691536,0.0,0.018513645976781845,0.00019750272622331977,0.1912202090024948,3.2224133974523284e-06,,,,,
624,0.017875220626592636,0.0003446049296271422,215.07623938599136,0.1332380622625351,0.002726801438257098,0.0006550042307935655,1.3219159882282838e-05,1.0812391337822191e-05,0.0005136362160556018,0.00043728339369408786,1.725697802612558e-05,0.00044873947626911104,0.020680928602814674,0.030069425702095032,0.0,0.024061843752861023,0.00022957554028835148,0.19151224195957184,3.7424140373332193e-06,,,,,
625,0.020651206374168396,0.00034322536962658006,215.4233861429966,0.33264344930648804,0.0026387826073914766,0.0006367125315591693,1.2528709703474306e-05,1.0465673767612316e-05,0.0007509667193517089,0.00043895794078707695,1.703953603282571e-05,0.0004509061109274626,0.0079722348600626,0.04057103395462036,0.0,0.060281891375780106,6.963996565900743e-05,0.19179530441761017,3.5428506635071244e-06,5.8379459543856935,7.728195149697281,1.39388525907213,0.9066440856514633,3.936240784676582
626,0.015368504449725151,0.0003418476036682344,215.80476931203157,0.23608560860157013,0.002550679026171565,0.0006431896472349763,1.7310649127466604e-05,9.384798431710806e-06,0.0005160780856385827,0.0004443934594746679,1.6431768017355353e-05,0.00045423797564581037,0.002548119518905878,0.011832408607006073,0.0,0.03140581399202347,0.0002993010566569865,0.19210533797740936,7.114590971468715e-06,,,,,
627,0.01515547651797533,0.00034047164535009884,216.15410807501758,0.3193565905094147,0.00239542662166059,0.0006003543385304511,1.6681189663358964e-05,9.150129699264653e-06,0.0005771538708359003,0.0004451859276741743,1.6200850950554013e-05,0.00045502930879592896,0.016757266595959663,0.006559920962899923,0.0,0.03369111940264702,5.1635630370583385e-05,0.19241394102573395,5.3878438848187216e-06,,,,,
628,0.021539095789194107,0.0003390975082523267,216.5072762480122,0.351215660572052,0.002680402947589755,0.0006453075911849737,1.3441468581731897e-05,9.580832738720346e-06,0.0005639729206450284,0.00043796608224511147,1.622399031475652e-05,0.00044984943815506995,0.03155388683080673,0.053356580436229706,0.0,0.041164644062519073,0.00010589184239506721,0.19271525740623474,2.056037374131847e-06,,,,,
629,0.01560053601861,0.00033772520593709597,216.8583576050005,0.19713512063026428,0.002304728841409087,0.0006133531569503248,1.2991133189643733e-05,8.714801879250444e-06,0.0005702535854652524,0.0004363119078334421,1.601793155714404e-05,0.00044789467938244343,0.016061199828982353,0.017997730523347855,0.0,0.02051846869289875,0.00011066398292314261,0.19302518665790558,2.9869383070035838e-05,,,,,
630,0.02064255252480507,0.00033635475194847687,217.20746738201706,0.10160519182682037,0.0030829370953142643,0.0007396537694148719,1.3488159311236814e-05,8.510358384228311e-06,0.0007215345976874232,0.0004370392707642168,1.582966979185585e-05,0.00044754709233529866,0.040289126336574554,0.018642913550138474,0.0,0.048210591077804565,0.00012046904885210097,0.19332027435302734,5.727925781684462e-06,,,,,
631,0.016161363571882248,0.00033498615981229703,217.55693314498058,0.6753955483436584,0.002297844970598817,0.0006727489526383579,1.7197402485180646e-05,8.994780728244223e-06,0.00041806185618042946,0.00043988082325086,1.580034222570248e-05,0.00044937210623174906,0.02084343507885933,0.02043648064136505,0.0,0.025873471051454544,3.3304764656350017e-05,0.19363906979560852,4.410985638969578e-06,,,,,
632,0.01986885629594326,0.00033361944303600795,217.91094851697562,0.7844895720481873,0.0026375018060207367,0.0005970459897071123,7.700846254010685e-06,1.0981100786011666e-05,0.0006360838888213038,0.0004367211658973247,1.6242522178799845e-05,0.00045043733553029597,0.02964065410196781,0.045478686690330505,0.0,0.030703045427799225,2.344348467886448e-05,0.19394639134407043,4.6445370571746025e-06,,,,,
633,0.01443752832710743,0.0003322546151085528,218.25570986402454,0.13844820857048035,0.0024942310992628336,0.0006521876784972847,1.326842811977258e-05,9.31202794163255e-06,0.00047227946924977005,0.00043370435014367104,1.5930008885334246e-05,0.0004448940453585237,0.004038369283080101,0.01909015141427517,0.0,0.005908546969294548,9.111747203860432e-05,0.1942514181137085,2.6462912501301616e-06,,,,,
634,0.017773373052477837,0.00033089168950023196,218.60396190098254,1.0277175903320312,0.002338564023375511,0.0006176742608658969,1.683454684098251e-05,1.0019723958976101e-05,0.0006222479860298336,0.0004477862094063312,1.5574745702906512e-05,0.00045679163304157555,0.04245486110448837,0.024806756526231766,0.0,0.018025267869234085,6.717962969560176e-05,0.19452640414237976,4.586466275213752e-06,,,,,
635,0.016929350793361664,0.00032953067966257104,218.95734238502337,1.1210283041000366,0.0026756918523460627,0.0006746170111000538,1.2417930520314258e-05,1.5413985238410532e-05,0.0006149238324724138,0.0004472967702895403,1.6339923604391515e-05,0.0004625804431270808,0.005892554298043251,0.02651376649737358,0.0,0.018458187580108643,6.336221122182906e-05,0.19479654729366302,8.481269105686806e-06,,,,,
636,0.017345406115055084,0.00032817159902818777,219.30411845899653,0.29225558042526245,0.0028759187553077936,0.0006958001758903265,1.1266565707046539e-05,1.2660515494644642e-05,0.0005555643583647907,0.000442500167991966,1.5891226212261245e-05,0.00045398325892165303,0.014038294553756714,0.018654130399227142,0.0,0.029294336214661598,0.0002560245629865676,0.19504916667938232,6.55943540550652e-06,,,,,
637,0.016747234389185905,0.0003268144610106593,219.65070891502546,1.265767216682434,0.0025464773643761873,0.0007038870826363564,1.772097675711848e-05,1.2164095096522942e-05,0.00047822174383327365,0.00048036949010565877,1.5256840924848802e-05,0.0004883060464635491,0.02290264703333378,0.015612024813890457,0.0,0.026316732168197632,4.32123415521346e-05,0.19529689848423004,7.323920726776123e-06,,,,,
638,0.015607858076691628,0.00032545927900438974,219.99604326998815,0.43962302803993225,0.002442857250571251,0.000740563846193254,1.2483814316510689e-05,1.0858522728085518e-05,0.0007303578313440084,0.00044119241647422314,1.6131392840179615e-05,0.00045347752165980637,0.016698982566595078,0.004929482936859131,0.0,0.011387099511921406,3.8908976421225816e-05,0.19554142653942108,3.278317763033556e-06,,,,,
639,0.01660112477838993,0.00032410606638447876,220.34336470800918,0.9102834463119507,0.002114993752911687,0.0006936453282833099,8.787189472059254e-06,1.0098196071339771e-05,0.0006624789675697684,0.00044890667777508497,1.6915293599595316e-05,0.0004637964884750545,0.027242854237556458,0.01613902859389782,0.0,0.017110496759414673,7.037907198537141e-05,0.19576752185821533,5.923727258050349e-06,,,,,
640,0.015622430481016636,0.00032275483650658825,220.6906480960315,0.39304783940315247,0.002867921022698283,0.000659436802379787,1.315982808591798e-05,1.0254983862978406e-05,0.0005223983316682279,0.0004464378289412707,1.679917477304116e-05,0.0004562955582514405,0.011711630038917065,0.01249037403613329,0.0,0.017170660197734833,0.0002897289814427495,0.1959819495677948,2.951802116513136e-06,,,,,
641,0.017367886379361153,0.00032140560270681184,221.037555272982,1.0220266580581665,0.002860164735466242,0.0006471900269389153,2.0258301447029226e-05,1.0107268280989956e-05,0.00040239616646431386,0.00045610719826072454,1.692125078989193e-05,0.00046437469427473843,0.027944177389144897,0.02207578718662262,0.0,0.029921630397439003,0.00010712901712395251,0.19618633389472961,2.5993711005867226e-06,,,,,
642,0.018850432708859444,0.0003200583783015424,221.38402158301324,0.6850577592849731,0.0023735330905765295,0.0005981068243272603,8.08416552899871e-06,1.2128347407269757e-05,0.000641672988422215,0.0004426529339980334,1.7626436601858586e-05,0.00045713174040429294,0.010409333743155003,0.04088699072599411,0.0,0.0418434701859951,4.5965673052705824e-05,0.1963992863893509,3.6905457818647847e-06,,,,,
643,0.02074730582535267,0.0003187131765873406,221.72976350301178,0.6390511989593506,0.0022750995121896267,0.0006001027068123221,1.0645380825735629e-05,1.0636729712132365e-05,0.0008302421192638576,0.0004414570576045662,1.7215526895597577e-05,0.00045577852870337665,0.025887656956911087,0.05012939125299454,0.0,0.02910074032843113,0.00020591643988154829,0.19663773477077484,6.056030542822555e-06,,,,,
644,0.018165886402130127,0.0003173700108408048,222.07372942997608,0.5453394651412964,0.0024102171882987022,0.0007192477351054549,1.784358755685389e-05,1.0260755516355857e-05,0.0005829532747156918,0.0004380824393592775,1.625569348107092e-05,0.00044839218026027083,0.018012065440416336,0.021894218400120735,0.0,0.03585711494088173,0.00037201610393822193,0.19687461853027344,1.5527569985351874e-06,,,,,
645,0.02013351581990719,0.0003160288943184381,222.42063754302217,0.7362058758735657,0.00261313677765429,0.0006317307124845684,1.4553221262758598e-05,1.2655683349294122e-05,0.0005834830808453262,0.00044455856550484896,1.6137291822815314e-05,0.0004547766293399036,0.06429965049028397,0.020083267241716385,0.0,0.04415615648031235,0.00026895178598351777,0.19711504876613617,3.285811544628814e-06,,,,,
646,0.01829541102051735,0.0003146898402565197,222.76796352799283,1.0841104984283447,0.002507788361981511,0.0007015431183390319,1.3695388588530477e-05,2.9430766517180018e-05,0.0007951492443680763,0.00044350302778184414,1.639712900214363e-05,0.000457953370641917,0.025511853396892548,0.015623814426362514,0.0,0.027999212965369225,0.00015755544882267714,0.19737425446510315,3.670075557238306e-06,,,,,
647,0.014433441683650017,0.00031335286187097214,223.11381682701176,0.24208229780197144,0.0021619396284222603,0.0006298004882410169,1.1920130418729968e-05,1.7125685189967044e-05,0.0004345156194176525,0.00043904202175326645,1.556720962980762e-05,0.00045035179937258363,0.015023855492472649,0.006288161035627127,0.0,0.029481884092092514,0.00021265825489535928,0.1976293921470642,5.726422386942431e-06,,,,,
648,0.01972704753279686,0.00031201797235723265,223.46231165499194,0.8806278109550476,0.002742932876572013,0.0006494609406217933,2.6592966605676338e-05,1.509241610619938e-05,0.0007556683267466724,0.00046311860205605626,1.4800618373556063e-05,0.0004729086358565837,0.028347143903374672,0.036996230483055115,0.0,0.014957081526517868,0.00026093958877027035,0.1978864073753357,5.178495030122576e-06,,,,,
649,0.0210578516125679,0.00031068518489012144,223.80888278002385,0.25464245676994324,0.0023324708454310894,0.0008011678582988679,2.4580007448093966e-05,1.3313174349605106e-05,0.0007768768700771034,0.00043080069008283317,1.5200269444903824e-05,0.00044168843305669725,0.02698202058672905,0.029250964522361755,0.0,0.04603232815861702,0.00015721376985311508,0.19814102351665497,1.4491937463390059e-06,,,,,
650,0.01801888458430767,0.0003093545126237132,224.15363323799102,0.6921238899230957,0.002340478589758277,0.0006602184730581939,1.463333592255367e-05,1.1778527550632134e-05,0.0007177378865890205,0.00043146731331944466,1.589020212122705e-05,0.0004444290534593165,0.04642379283905029,0.008951891213655472,0.0,0.034989241510629654,0.00018174858996644616,0.19841450452804565,4.889431238552788e-06,5.624591074416791,7.418418194620874,1.2886617741090856,1.0355908771667066,3.8873761305810888
651,0.015725575387477875,0.0003080259686912058,224.54775181401055,0.19047465920448303,0.002568805357441306,0.000628767826128751,1.3586296518042218e-05,1.0364557965658605e-05,0.0007481193169951439,0.000428141065640375,1.601116127858404e-05,0.00043939045281149447,0.008899003267288208,0.005627221893519163,0.0,0.03400583192706108,8.554485975764692e-05,0.198690727353096,7.265750355145428e-06,,,,,
652,0.01901431567966938,0.0003066995662047912,224.89663999900222,0.5674599409103394,0.00275670294649899,0.0007202971610240638,1.1229057236050721e-05,1.0301948350388557e-05,0.0004673460207413882,0.0004408152017276734,1.6041629351093434e-05,0.0004495395696721971,0.044939734041690826,0.026818905025720596,0.0,0.02576827071607113,4.925140456180088e-05,0.19896288216114044,3.910021405317821e-06,,,,,
653,0.021455911919474602,0.0003053753182555267,225.24145823798608,0.46239227056503296,0.002595731522887945,0.0006769020110368729,1.006421462079743e-05,1.4348124750540592e-05,0.0005902964621782303,0.00042930070776492357,1.6356225387426093e-05,0.0004387014196254313,0.013720812276005745,0.06744071841239929,0.0,0.019294876605272293,0.0003376911918167025,0.1992301195859909,8.308422366098966e-06,,,,,
654,0.017708223313093185,0.0003040532379132052,225.58858980302466,0.9545416831970215,0.002780016977339983,0.0006075416458770633,1.2702122148766648e-05,1.5122344848350622e-05,0.0005155560793355107,0.00042722225771285594,1.6928030163398944e-05,0.0004406676162034273,0.02075229398906231,0.01463927049189806,0.0,0.059127338230609894,0.00016243255231529474,0.19948901236057281,2.517247139621759e-06,,,,,
655,0.022203931584954262,0.00030273333822622564,225.93464728898834,0.23899953067302704,0.002593024168163538,0.0008952078642323613,1.6020090697566047e-05,1.1465737770777196e-05,0.0007268040208145976,0.0004160826210863888,1.6402045730501413e-05,0.0004258141270838678,0.030890505760908127,0.0411013662815094,0.0,0.03041299246251583,3.993175778305158e-05,0.1997753530740738,4.33382274422911e-06,,,,,
656,0.01509113423526287,0.0003014156322214651,226.28157127503073,1.0651506185531616,0.0026672910898923874,0.0006246310658752918,2.692956149985548e-05,1.944376708706841e-05,0.0004498296184465289,0.00043055578134953976,1.6233218048000708e-05,0.0004374550189822912,0.020025547593832016,0.012656823731958866,0.0,0.011840183287858963,0.0001962269889190793,0.2000601887702942,1.0133218893315643e-05,,,,,
657,0.019436758011579514,0.0003001001329041497,226.62917142000515,0.17050667107105255,0.0027472178917378187,0.0006698962533846498,1.1843071661132853e-05,1.1189461474714335e-05,0.0004886102396994829,0.0004164028796367347,1.7376380128553137e-05,0.0004278374253772199,0.014009412378072739,0.05647284910082817,0.0,0.012291952967643738,7.511407602578402e-05,0.20032474398612976,4.5563847379526123e-05,,,,,
658,0.01679006963968277,0.00029878685325772684,226.97457814100198,1.4109464883804321,0.002708116080611944,0.0005496711237356067,1.8025762983597815e-05,2.705546467041131e-05,0.0006891427328810096,0.00044357788283377886,1.8282582459505647e-05,0.00046076084254309535,0.012957901693880558,0.017706263810396194,0.0,0.03509396314620972,0.0001079904759535566,0.20057153701782227,3.917807134712348e-06,,,,,
659,0.015225507318973541,0.00029747580624373655,227.3267647260218,0.5394996404647827,0.0027483971789479256,0.000607689144089818,1.1229391020606272e-05,1.1670286767184734e-05,0.0007142610265873373,0.0004243996518198401,1.6954363672994077e-05,0.0004326756461523473,0.00871927011758089,0.012590499594807625,0.0,0.012107162736356258,0.0001425270747859031,0.20083044469356537,2.1333744371077046e-06,,,,,
660,0.015611795708537102,0.00029616700480168337,227.67656290502055,1.3054629564285278,0.0024756703060120344,0.0006579043692909181,2.2093830921221524e-05,1.5876632460276596e-05,0.00044138601515442133,0.00044489753781817853,1.601115036464762e-05,0.0004514401371125132,0.004081983119249344,0.015129966661334038,0.0,0.03261584788560867,0.0001973910111701116,0.20107240974903107,2.850324017344974e-05,,,,,
661,0.018088921904563904,0.000294860461848909,228.02311966300476,0.7962142825126648,0.0024459396954625845,0.0008661081083118916,1.3788838259642944e-05,9.606425919628236e-06,0.0005544262239709496,0.00042222609044983983,1.631596387596801e-05,0.000434903398854658,0.037780750542879105,0.01217256672680378,0.0,0.02039468102157116,4.9555859732208773e-05,0.20132137835025787,8.133085430017672e-06,,,,,
662,0.01587352715432644,0.00029355619028046526,228.36979902000166,1.002558708190918,0.002737342845648527,0.000646687054540962,9.84911275736522e-06,1.2157952369307168e-05,0.0007850492256693542,0.000427116610808298,1.594880268385168e-05,0.0004401527694426477,0.010081274434924126,0.010199450887739658,0.0,0.016027258709073067,0.00017845607362687588,0.20156021416187286,3.003807023560512e-06,,,,,
663,0.01672901213169098,0.00029225420296898584,228.71555201301817,0.7550198435783386,0.0025727185420691967,0.0006217634072527289,1.3806065908283927e-05,1.0831280633283313e-05,0.0005698961904272437,0.00044188142055645585,1.509945923316991e-05,0.0004505019460339099,0.016043180599808693,0.023684890940785408,0.0,0.023964472115039825,0.0001455017481930554,0.20178548991680145,4.305671609472483e-06,,,,,
664,0.016907133162021637,0.0002909545127645595,229.06374442600645,0.7088205218315125,0.0025427937507629395,0.0006461695302277803,9.178374057228211e-06,1.2791606422979385e-05,0.0004465107340365648,0.000444718636572361,1.5173880456131883e-05,0.0004532188759185374,0.009003733284771442,0.033718742430210114,0.0,0.022777531296014786,7.569189619971439e-05,0.2020091712474823,2.9876516691729194e-06,,,,,
665,0.016612105071544647,0.0002896571324946045,229.41510207002284,0.45948493480682373,0.002631233772262931,0.0005840919329784811,9.075644811673556e-06,1.84062919288408e-05,0.0004031681455671787,0.0004222631105221808,1.594450804986991e-05,0.0004342069732956588,0.035613954067230225,0.01972820982336998,0.0,0.03040534444153309,6.568296521436423e-05,0.20222526788711548,6.566532647411805e-06,,,,,
666,0.015988988801836967,0.00028836207496374,229.765231509984,0.7625728249549866,0.0019811741076409817,0.0005593134555965662,8.676026482135057e-06,1.3070735803921707e-05,0.0006976855802349746,0.00042445462895557284,1.6161022358573973e-05,0.00043763333815149963,0.005730914883315563,0.023506639525294304,0.0,0.03136678412556648,0.000227810611249879,0.2024431824684143,3.5092543839709833e-06,,,,,
667,0.019240273162722588,0.0002870693529536611,230.1099022720009,0.522604763507843,0.0027475394308567047,0.0007187692681327462,2.3783117285347544e-05,1.3367725841817446e-05,0.0006461364100687206,0.00042219855822622776,1.5625702872057445e-05,0.00043154688319191337,0.049328990280628204,0.01832914724946022,0.0,0.02687360718846321,5.468766903504729e-05,0.20266036689281464,2.2385152988135815e-05,,,,,
668,0.01608188822865486,0.0002857789792230118,230.45744690002175,0.7705349326133728,0.0022730014752596617,0.0006043153698556125,2.565624163253233e-05,1.3632276022690348e-05,0.000691253924742341,0.0004275726096238941,1.564284866617527e-05,0.00043647745042108,0.01511025708168745,0.014943346381187439,0.0,0.02273513749241829,0.00033923896262422204,0.2028793841600418,3.211007879144745e-06,,,,,
669,0.01927042007446289,0.0002844909665072604,230.80619570799172,0.5654597282409668,0.002440310548990965,0.0004987386055290699,1.164827699540183e-05,1.178254206024576e-05,0.0009063659235835075,0.0004227758035995066,1.6238464013440534e-05,0.0004353865224402398,0.020101742818951607,0.03477606177330017,0.0,0.04431072995066643,0.00019774165411945432,0.2030942142009735,2.6537541089055594e-06,,,,,
670,0.0190267451107502,0.00028320532751857186,231.15501173998928,0.7376669049263,0.0021992025431245565,0.000754999928176403,1.177650392492069e-05,1.155447716882918e-05,0.0007034644368104637,0.00042524925083853304,1.6452815543743782e-05,0.00043811992509290576,0.03347695618867874,0.02344980090856552,0.0,0.031326837837696075,5.858263102709316e-05,0.20332635939121246,2.031705207627965e-06,,,,,
671,0.01981152407824993,0.00028192207494568447,231.50503046700032,0.6010838747024536,0.002715707290917635,0.0007328076171688735,1.4274881323217414e-05,8.353769771929365e-06,0.0006618075422011316,0.00043601877405308187,1.595482353877742e-05,0.00044515804620459676,0.027553556486964226,0.02748449705541134,0.0,0.038796719163656235,0.0001458824990550056,0.20355863869190216,2.25312451220816e-05,,,,,
672,0.01811065897345543,0.00028064122145378265,231.85036632500123,0.6643326878547668,0.0024791713804006577,0.0007425864459946752,1.8320784874958917e-05,8.637500286567956e-06,0.0007562384707853198,0.00043840231955982745,1.612354208191391e-05,0.0004474562592804432,0.025126757100224495,0.013560367748141289,0.0,0.029114682227373123,0.00018603162607178092,0.20380224287509918,5.364759999793023e-06,,,,,
673,0.016723237931728363,0.00027936277968437366,232.1982663050294,0.5253929495811462,0.0024293670430779457,0.0006574519793502986,1.1539608749444596e-05,9.909535947372206e-06,0.0006517794681712985,0.00042309612035751343,1.6967365809250623e-05,0.00043500264291651547,0.023449687287211418,0.009829197078943253,0.0,0.03881880268454552,1.809076638892293e-05,0.20404428243637085,8.297202839457896e-06,,,,,
674,0.016050131991505623,0.0002780867622551614,232.54805491003208,0.4494909942150116,0.002262106165289879,0.0006695615011267364,1.2812400200346019e-05,9.988664714910556e-06,0.0005514472140930593,0.0004229168116580695,1.728997813188471e-05,0.00043497883598320186,0.008125267922878265,0.019730709493160248,0.0,0.02980097383260727,3.1907209631754085e-05,0.20429249107837677,3.4596769182826392e-06,,,,,
675,0.013688805513083935,0.00027681318175992264,232.90061919402797,0.17129549384117126,0.0023121105041354895,0.000585231464356184,1.3212429621489719e-05,8.169052307493985e-06,0.0004537670756690204,0.0004225769662298262,1.6989019059110433e-05,0.0004324678156990558,0.007780424784868956,0.01284841075539589,0.0,0.017012035474181175,5.278714161249809e-05,0.20454344153404236,4.18488616560353e-06,5.79649989586522,7.737299336626608,1.409401173925012,0.7365678557852808,3.660815508096286
676,0.01766287535429001,0.0002755420507683828,233.28553917602403,0.6895651817321777,0.002558751031756401,0.0007240308914333582,1.7843862224253826e-05,7.924927558633499e-06,0.0004912745207548141,0.0004289733769837767,1.6861446056282148e-05,0.00043806296889670193,0.023599253967404366,0.01627189666032791,0.0,0.04039427265524864,0.00012903776951134205,0.20477986335754395,2.5721179554238915e-05,,,,,
677,0.016967637464404106,0.00027427338182609186,233.63132976798806,0.3808763921260834,0.0026018160860985518,0.0006200390635058284,1.0972440577461384e-05,8.208713552448899e-06,0.0006228280253708363,0.00041853339644148946,1.7278582163271494e-05,0.00042972539085894823,0.016344502568244934,0.025292731821537018,0.0,0.021380241960287094,0.0002281097404193133,0.20502333343029022,4.437925781530794e-06,,,,,
678,0.017958853393793106,0.00027300718745429983,233.9773951669922,0.6786097884178162,0.0024340804666280746,0.000694204238243401,1.3622106052935123e-05,1.3052724170847796e-05,0.0004894506419077516,0.0004216210509184748,1.7495496649644338e-05,0.00043358997208997607,0.02372090518474579,0.029941854998469353,0.0,0.028858283534646034,2.9004360840190202e-05,0.20525658130645752,3.8060670703998767e-06,,,,,
679,0.01525344792753458,0.0002717434801498338,234.3264284619945,0.42598000168800354,0.002377901691943407,0.0006164955557323992,1.068301480700029e-05,1.0792266948556062e-05,0.0006901642773300409,0.000426487677032128,1.6843076082295738e-05,0.0004358171718195081,0.022277532145380974,0.00501072034239769,0.0,0.022664252668619156,9.027187479659915e-05,0.20548909902572632,3.120945257251151e-05,,,,,
680,0.015195619314908981,0.0002704822723849751,234.67445628001587,0.5512680411338806,0.0026552025228738785,0.0006861155852675438,1.2888835044577718e-05,8.341803550138138e-06,0.0006457697018049657,0.00042881525587290525,1.6589669030508958e-05,0.00043783109867945313,0.010449865832924843,0.010233864188194275,0.0,0.01125907339155674,3.8986796425888315e-05,0.20571309328079224,3.3832527606136864e-06,,,,,
681,0.018117856234312057,0.000269223576607335,235.0270196790225,0.24587641656398773,0.002469465835019946,0.0006028295028954744,1.2015441825496964e-05,9.774113095772918e-06,0.0006967162480577826,0.0004178306262474507,1.6861886251717806e-05,0.00042880073306150734,0.02991521917283535,0.016247743740677834,0.0,0.050941310822963715,8.038207306526601e-05,0.20592163503170013,5.208005859458353e-06,,,,,
682,0.016209781169891357,0.00026796740523973243,235.375063681975,0.5587047338485718,0.002451867563650012,0.0005782836815342307,1.3101041986374184e-05,1.0649871910572983e-05,0.0004404608334880322,0.00042042561108246446,1.6911239072214812e-05,0.00043240279774181545,0.015879450365900993,0.023943517357110977,0.0,0.03517617657780647,7.479931809939444e-05,0.20614847540855408,2.944047264463734e-05,,,,,
683,0.01641685888171196,0.00026671377068007197,235.72409544797847,0.19378609955310822,0.002478396985679865,0.0006180198979564011,1.2564617463795003e-05,1.0511606888030656e-05,0.0006622396176680923,0.0004194697248749435,1.6411653632530943e-05,0.0004295818507671356,0.01754767820239067,0.013961098156869411,0.0,0.030559755861759186,0.00024194501747842878,0.20637889206409454,2.556896788519225e-06,,,,,
684,0.0184872318059206,0.0002654626853012207,236.0663137009833,0.6803644299507141,0.002234213287010789,0.0006467453786171973,1.4884534721204545e-05,1.1516776794451289e-05,0.0005355100147426128,0.00042601910536177456,1.5981268006726168e-05,0.0004353700496722013,0.038189440965652466,0.04134777933359146,0.0,0.008722895756363869,0.00010008770186686888,0.20660510659217834,3.3243559300899506e-06,,,,,
685,0.015906723216176033,0.000264214161450886,236.4161129249842,0.24772177636623383,0.0022424785420298576,0.0006527578225359321,7.61694445827743e-06,1.2661661457968876e-05,0.0003850545035675168,0.00041780094034038484,1.6177429642993957e-05,0.0004288771597202867,0.006063512526452541,0.026046253740787506,0.0,0.03251074627041817,9.448360651731491e-05,0.2068088948726654,9.41614962357562e-06,,,,,
686,0.01698356308043003,0.00026296821145149415,236.76339804200688,0.6358198523521423,0.002600224921479821,0.000556438637431711,7.387517598544946e-06,1.685479401203338e-05,0.0007973769679665565,0.00041992487967945635,1.603011151019018e-05,0.00043173559242859483,0.028886960819363594,0.008786252699792385,0.0,0.039385393261909485,0.00013118094648234546,0.20701538026332855,5.835840966028627e-06,,,,,
687,0.014101864770054817,0.0002617248476000689,237.11249902902637,0.3199227452278137,0.0028768330812454224,0.0006258070352487266,1.1165806427015923e-05,1.1634096154011786e-05,0.0005007137660868466,0.0004228575562592596,1.527631866338197e-05,0.00043267992441542447,0.017770562320947647,0.0060148644261062145,0.0,0.00658807810395956,8.81702799233608e-05,0.2072376012802124,9.055889677256346e-06,,,,,
688,0.014552891254425049,0.00026048408216810924,237.46027867798693,0.31056997179985046,0.0023534276988357306,0.0006205585086718202,1.2480642908485606e-05,1.1768900549213868e-05,0.0005941193085163832,0.0004264113085810095,1.488770703872433e-05,0.0004358426376711577,0.007184996735304594,0.010397283360362053,0.0,0.020962145179510117,8.531791536370292e-05,0.20743736624717712,2.79554478765931e-06,,,,,
689,0.016677342355251312,0.00025924592740146933,237.81098215997918,0.2485182136297226,0.002732390770688653,0.0006858936394564807,1.4041450413060375e-05,1.1215312042622827e-05,0.0006808942998759449,0.00041733935358934104,1.4826540791545995e-05,0.0004271558136679232,0.013604125939309597,0.011388328857719898,0.0,0.028285453096032143,0.00019993504974991083,0.2076345980167389,3.5204054711357458e-06,,,,,
690,0.019655052572488785,0.00025801039552023655,238.16035373398336,0.8300699591636658,0.0023826356045901775,0.0007376908324658871,1.0202218618360348e-05,1.1218077816010918e-05,0.0006020466680638492,0.00041383880306966603,1.4992630894994363e-05,0.00042500856216065586,0.006709245499223471,0.036397919058799744,0.0,0.04805056005716324,0.0003280494420323521,0.20783455669879913,7.215675850602565e-06,,,,,
691,0.019512970000505447,0.0002567774987186121,238.51229831099045,0.35895341634750366,0.0028419203590601683,0.0006679554935544729,1.3330062756722327e-05,1.1643961443041917e-05,0.0006478424766100943,0.00041284156031906605,1.4665145499748178e-05,0.00042203767225146294,0.03121514432132244,0.03563426434993744,0.0,0.02532070130109787,6.469740037573501e-05,0.20805373787879944,6.916070105944527e-06,,,,,
692,0.018679307773709297,0.00025554724916478945,238.85903084999882,0.4227648675441742,0.0023486765567213297,0.0006907968781888485,1.1652099601633381e-05,1.1080634067184292e-05,0.0005617699935100973,0.00041477379272691905,1.4811575056228321e-05,0.00042327522533014417,0.029399974271655083,0.02096320502460003,0.0,0.048366792500019073,0.0003073280386161059,0.2082730233669281,5.375072760216426e-06,,,,,
693,0.01755773089826107,0.0002543196590008351,239.20919006800978,0.2550850212574005,0.002630476374179125,0.0006616557948291302,1.1038804586860351e-05,1.0206435035797767e-05,0.0006894238758832216,0.00040798235568217933,1.547771717014257e-05,0.00041779325692914426,0.019558677449822426,0.030472975224256516,0.0,0.008884106762707233,0.00017393754387740046,0.20851421356201172,5.644814336847048e-06,,,,,
694,0.01663529872894287,0.000253094740342568,239.56709349201992,0.42098110914230347,0.00285741058178246,0.0006928625516593456,1.3048020264250226e-05,1.3119451978127472e-05,0.0004420825280249119,0.0004087167326360941,1.6177396901184693e-05,0.0004192453052382916,0.012670314870774746,0.01752619817852974,0.0,0.032181039452552795,0.00016328459605574608,0.20873288810253143,2.0080744434380904e-05,,,,,
695,0.018367646262049675,0.00025187250527944143,239.91287938598543,0.3128759264945984,0.002512608654797077,0.0006243829848244786,1.2783358215529006e-05,1.174551925942069e-05,0.0006430597277358174,0.0004096377524547279,1.6490455891471356e-05,0.0004181633412372321,0.009534278884530067,0.02754705585539341,0.0,0.052599817514419556,0.00014614753308705986,0.20894992351531982,5.4315542001859285e-06,,,,,
696,0.015370743349194527,0.00025065296587442176,240.25857254798757,0.2932092845439911,0.002659592078998685,0.0006317961378954351,1.0576360182312783e-05,7.965702025103383e-06,0.0005048410966992378,0.000408606487326324,1.673951919656247e-05,0.00041665605385787785,0.012111814692616463,0.013345573097467422,0.0,0.028240179643034935,6.74486072966829e-05,0.20918190479278564,5.289471573632909e-06,,,,,
697,0.015681495890021324,0.0002494361341638703,240.60373505100142,0.14928995072841644,0.0029826336540281773,0.0005770042771473527,1.0908296644629445e-05,7.89056321082171e-06,0.0005390023579820991,0.0004050160350743681,1.714244353934191e-05,0.00041465158574283123,0.024004705250263214,0.012100991792976856,0.0,0.02397691085934639,9.298334043705836e-05,0.20941226184368134,1.6496262105647475e-05,,,,,
698,0.019143160432577133,0.00024822202215742524,240.95214065298205,0.3649959862232208,0.0025985136162489653,0.000641779275611043,1.35587397380732e-05,8.466750841762405e-06,0.000394183152820915,0.0004094769828952849,1.7365684470860288e-05,0.00042097517871297896,0.013175702653825283,0.04749376326799393,0.0,0.037719108164310455,0.00025618221843615174,0.2096349000930786,1.8927814380731434e-05,,,,,
699,0.01800588145852089,0.00024701064183788165,241.33628563198727,0.46014150977134705,0.002666825195774436,0.0006558148888871074,1.4656330677098595e-05,8.635459380457178e-06,0.0005715354927815497,0.00041136107756756246,1.7106154700741172e-05,0.00042237815796397626,0.04463502764701843,0.021504873409867287,0.0,0.021306678652763367,7.431815902236849e-05,0.20986288785934448,3.1833601497055497e-06,,,,,
700,0.017649173736572266,0.00024580200516107414,241.6870432359865,0.4487173557281494,0.0024415135849267244,0.0007461635395884514,1.2016862456221133e-05,9.514656994724646e-06,0.00044262438314035535,0.0004194459179416299,1.6700623746146448e-05,0.0004275940009392798,0.030134566128253937,0.02840176410973072,0.0,0.013883059844374657,0.00013715338718611747,0.21008926630020142,3.1517756724497303e-06,5.797972752953191,7.7697406250803605,1.3029038809652767,1.1148954057302025,3.501133854842709
701,0.01595092937350273,0.00024459612405575886,242.08148468099535,0.5071467161178589,0.002800437156111002,0.0006553290295414627,1.226658423547633e-05,1.0445629413879942e-05,0.00038868756382726133,0.00042235598084516823,1.659899680817034e-05,0.00043074769200757146,0.013191856443881989,0.020231807604432106,0.0,0.02496761456131935,0.0001041396171785891,0.2103043794631958,8.192218956537545e-06,,,,,
702,0.015343084931373596,0.00024339301042349573,242.43686994101154,0.5188795924186707,0.0020972981583327055,0.0006158483447507024,1.2436335964594036e-05,1.182327378046466e-05,0.0006269263685680926,0.0004185737343505025,1.663991679379251e-05,0.00042978834244422615,0.021814754232764244,0.01146657019853592,0.0,0.021384621039032936,0.0001815419818740338,0.21051698923110962,6.890278655191651e-06,,,,,
703,0.015693867579102516,0.00024219267613853038,242.7928919629776,0.16559606790542603,0.002519891830161214,0.0006549593526870012,1.3373768524616025e-05,9.207344191963784e-06,0.00040525058284401894,0.00041598762618377805,1.6002837583073415e-05,0.000426569051342085,0.01910393312573433,0.01879621297121048,0.0,0.02073381468653679,0.00015780681860633194,0.21072618663311005,2.3045950001687743e-06,,,,,
704,0.01573025807738304,0.00024099513304767762,243.1529500290053,0.3082185685634613,0.0024593197740614414,0.0005839908262714744,1.894209890451748e-05,1.0316993211745284e-05,0.0005173219833523035,0.00041583506390452385,1.5273390090442263e-05,0.0004254853702150285,0.015686770901083946,0.009565787389874458,0.0,0.04795254021883011,4.775599154527299e-05,0.21092674136161804,4.530108526523691e-06,,,,,
705,0.015509065240621567,0.00023980039297020407,243.51696094998624,0.2885422706604004,0.0022688712924718857,0.0005313178990036249,1.3417730770015623e-05,9.100906027015299e-06,0.0006101004546508193,0.0004157742368988693,1.4816624570812564e-05,0.0004256615648046136,0.03238549083471298,0.013442648574709892,0.0,0.025259368121623993,5.173846147954464e-05,0.21113966405391693,3.6391429603099823e-06,,,,,
706,0.017723869532346725,0.00023860846769771215,243.86825762002263,0.6467429995536804,0.0027233532164245844,0.0007286536856554449,9.350103027827572e-06,1.1351467946951743e-05,0.0006216680631041527,0.00041542502003721893,1.456370318919653e-05,0.00042639736784622073,0.019861843436956406,0.019271431490778923,0.0,0.028452489525079727,9.011399379232898e-05,0.21134743094444275,3.995367933384841e-06,,,,,
707,0.01489198487251997,0.0002374193689940233,244.21682724298444,0.15751683712005615,0.002037521917372942,0.0007013647118583322,1.2641383364098147e-05,1.2301725291763432e-05,0.00040134438313543797,0.0004200629482511431,1.4081449990044348e-05,0.00043003959581255913,0.010824398137629032,0.015423058532178402,0.0,0.020297564566135406,0.0002310414711246267,0.21155354380607605,6.719070370309055e-06,,,,,
708,0.017580371350049973,0.00023623310859506133,244.56791012297617,0.8574663400650024,0.0023839743807911873,0.0006332974880933762,1.3903721082897391e-05,1.0832098269020207e-05,0.0005136268446221948,0.0004368889203760773,1.3728251360589638e-05,0.0004461950156837702,0.028084609657526016,0.02614886313676834,0.0,0.02969217672944069,0.0002001357643166557,0.21175360679626465,9.087696525966749e-06,,,,,
709,0.01724826544523239,0.00023504969820873777,244.9166117979912,0.1958037167787552,0.002228529192507267,0.0006667267298325896,1.2069845070072915e-05,1.0011147423938382e-05,0.0006770078325644135,0.0004136344068683684,1.387595239066286e-05,0.00042363585089333355,0.027675321325659752,0.026167741045355797,0.0,0.01143958605825901,0.0001506742846686393,0.2119511365890503,8.635477570351213e-06,,,,,
710,0.016265537589788437,0.0002338691495148352,245.26506699400488,0.7758588194847107,0.0025371352676302195,0.0005762401851825416,1.3553106327890418e-05,8.525365046807565e-06,0.0009609323460608721,0.00040932995034381747,1.4185011423251126e-05,0.0004199446411803365,0.03201883286237717,0.005763000808656216,0.0,0.015800179913640022,6.939494051039219e-05,0.212132066488266,4.7895618990878575e-06,,,,,
711,0.020760467275977135,0.0002326914741648927,245.6113429890247,0.37117934226989746,0.002890230854973197,0.0007263249717652798,1.3079507880320307e-05,1.0148081855732016e-05,0.0008287957753054798,0.00040810200152918696,1.4330806152429432e-05,0.00041734270052984357,0.019737862050533295,0.0380585640668869,0.0,0.029757682234048843,0.00022133439779281616,0.21230076253414154,3.709774318849668e-06,,,,,
712,0.018103888258337975,0.00023151668378209006,245.95870654803002,0.2235446572303772,0.002721265656873584,0.0006089606322348118,1.0274001397192478e-05,8.551587598049082e-06,0.0006721789832226932,0.0004104673280380666,1.494205389462877e-05,0.00041912010055966675,0.021062271669507027,0.021837837994098663,0.0,0.04656028747558594,4.308679490350187e-05,0.2124730497598648,4.896037353319116e-06,,,,,
713,0.018410298973321915,0.00023034478996113487,246.3102401359938,0.26100248098373413,0.002485628705471754,0.0005975598469376564,8.048536983551458e-06,9.54851111600874e-06,0.0005513086798600852,0.00040767970494925976,1.584084748174064e-05,0.000416611903347075,0.011952321976423264,0.03671732544898987,0.0,0.047625474631786346,8.964578591985628e-05,0.21266739070415497,3.059562459384324e-06,,,,,
714,0.018374446779489517,0.00022917580426814563,246.66185249201953,0.33195051550865173,0.0021844482980668545,0.0005845869891345501,9.990963008021936e-06,1.08134727270226e-05,0.0006220851792022586,0.000406920094974339,1.6613275874988176e-05,0.00041711394442245364,0.01748080551624298,0.048788174986839294,0.0,0.018241848796606064,0.00012089329538866878,0.21287502348423004,3.998397914983798e-06,,,,,
715,0.019608084112405777,0.00022800973824053903,247.01147045899415,0.3137151300907135,0.002475637011229992,0.0007052948931232095,1.1836196790682152e-05,9.665687684901059e-06,0.0007526648114435375,0.00040647134301252663,1.712424636934884e-05,0.00041630363557487726,0.055310964584350586,0.01992637850344181,0.0,0.025550801306962967,0.00019334969692863524,0.21307483315467834,5.466577931656502e-06,,,,,
716,0.01756971701979637,0.00022684660338691633,247.3610360309831,0.3683267831802368,0.00246210815384984,0.0006742772529833019,1.4247487342800014e-05,8.514884029864334e-06,0.0006084369379095733,0.0004091984883416444,1.7114691218012013e-05,0.00041703355964273214,0.03322724997997284,0.01184613537043333,0.0,0.03871598467230797,0.00022632302716374397,0.21327298879623413,7.036886927380692e-06,,,,,
717,0.015615374781191349,0.00022568641118694878,247.70898741303245,0.5392649173736572,0.0024070690851658583,0.0006910882657393813,1.729416908347048e-05,9.060609954758547e-06,0.0005254870629869401,0.0004097459896001965,1.7365960957249627e-05,0.0004177359805908054,0.02861672081053257,0.006567898206412792,0.0,0.021021226420998573,0.0001264873571926728,0.21348091959953308,6.821857368777273e-06,,,,,
718,0.016351692378520966,0.0002245291730912649,248.05390236800304,0.6598441004753113,0.0023622270673513412,0.0005904467543587089,1.301017891819356e-05,7.785909474478103e-06,0.0009662170778028667,0.00041185758891515434,1.774085103534162e-05,0.0004227439931128174,0.025539662688970566,0.010673262178897858,0.0,0.012664596550166607,0.00014929252211004496,0.213679239153862,5.940074970567366e-06,,,,,
719,0.016559965908527374,0.00022337490052133763,248.40642086800653,0.16655677556991577,0.0024600038304924965,0.0006190950516611338,1.0579040463198908e-05,1.0001256669056602e-05,0.0006185072707012296,0.0004118264187127352,1.747356327541638e-05,0.00042164139449596405,0.009112541563808918,0.020941372960805893,0.0,0.03540075570344925,8.780438656685874e-05,0.21386532485485077,4.2267706703569274e-06,,,,,
720,0.015786752104759216,0.00022222360486937138,248.7552526340005,0.19299185276031494,0.0021976919379085302,0.000790576683357358,9.29088764678454e-06,1.0431226655782666e-05,0.0005126938340254128,0.0004140282399021089,1.693296871962957e-05,0.0004230188496876508,0.006219419650733471,0.018492665141820908,0.0,0.012665645219385624,0.00015998163144104183,0.21405765414237976,5.466944458021317e-06,,,,,
721,0.015841081738471985,0.00022107529749818935,249.1009617910022,0.3161867558956146,0.0023923213593661785,0.0006373190553858876,1.2586467164510395e-05,1.0422259038023185e-05,0.00027172581758350134,0.0004155926581006497,1.6300018614856526e-05,0.00042399606900289655,0.014882721938192844,0.03340575098991394,0.0,0.013266819529235363,0.00022459938190877438,0.21423594653606415,4.15268095821375e-06,,,,,
722,0.01786612719297409,0.00021992998974112158,249.45146012899932,0.2686614692211151,0.002240049419924617,0.0007122198003344238,1.3669736290466972e-05,8.83125358086545e-06,0.0007680867565795779,0.00041004407103173435,1.5730995073681697e-05,0.000418851210270077,0.01378801092505455,0.019923534244298935,0.0,0.03693383187055588,7.046270184218884e-05,0.21440283954143524,2.5512588308629347e-06,,,,,
723,0.01714147999882698,0.00021878769290189322,249.80527614802122,0.501205563545227,0.002559683518484235,0.0006669063586741686,1.1980819181189872e-05,9.59898443397833e-06,0.0006455969996750355,0.0004047548572998494,1.534094917587936e-05,0.00041460097418166697,0.01804305426776409,0.021354379132390022,0.0,0.026280509307980537,7.833371637389064e-05,0.21458038687705994,1.1707730664056726e-05,,,,,
724,0.019819820299744606,0.00021764841825451292,250.1513007170288,0.1875600963830948,0.002482189331203699,0.0006877586129121482,1.5627800166839734e-05,1.0331244084227365e-05,0.0005254021962173283,0.00040397397242486477,1.480066839576466e-05,0.00041330113890580833,0.03769303485751152,0.02145339921116829,0.0,0.06506131589412689,0.00019011647964362055,0.2147606760263443,3.871681656164583e-06,,,,,
725,0.016204172745347023,0.00021651217704316185,250.54050269897562,0.1652032732963562,0.002342127962037921,0.000637595949228853,1.1738934517779853e-05,1.1302580787742045e-05,0.00035474292235448956,0.00040626429836265743,1.4437920981436037e-05,0.00041549859452061355,0.022501595318317413,0.024030867964029312,0.0,0.02512592449784279,0.00031874029082246125,0.2149675488471985,5.815662916575093e-06,5.52285041280794,7.343357290937509,1.219020787928591,1.009981041241038,3.592308092542592
726,0.016898704692721367,0.00021537898048208155,250.96050120302243,0.2109125852584839,0.0022430438548326492,0.0006699452642351389,9.478716492594685e-06,1.1550149793038145e-05,0.0006743012345395982,0.0004066893015988171,1.4086031114857178e-05,0.00041592103661969304,0.03149666637182236,0.012948081828653812,0.0,0.028777282685041428,7.424702926073223e-05,0.21517011523246765,4.598659870680422e-06,,,,,
727,0.015497514046728611,0.00021424883975546506,251.3263863659813,0.09658201038837433,0.0024065887555480003,0.0005670408136211336,9.970925020752475e-06,1.0836221917998046e-05,0.000659853860270232,0.00040270769386552274,1.3897642020310741e-05,0.00041221859282813966,0.012179148383438587,0.011177623644471169,0.0,0.038840197026729584,4.812207043869421e-05,0.21537187695503235,6.058756753191119e-06,,,,,
728,0.014595504850149155,0.0002131217660173448,251.68039157998282,0.2969192862510681,0.002149439649656415,0.0005671519320458174,8.464729035040364e-06,9.045004844665527e-06,0.0006102676270529628,0.0004000313638243824,1.388575583405327e-05,0.0004099460784345865,0.014448185451328754,0.010933658108115196,0.0,0.028330329805612564,8.004134724615142e-05,0.2155764102935791,5.960048838460352e-06,,,,,
729,0.01750524528324604,0.00021199777039148366,252.03714546200354,0.202545166015625,0.0024771697353571653,0.0007266823668032885,1.246409556188155e-05,9.123482413997408e-06,0.0006281739915721118,0.00039953403756953776,1.3771925296168774e-05,0.0004091154260095209,0.012393048964440823,0.017372868955135345,0.0,0.04086540639400482,0.00010466984531376511,0.21577748656272888,1.036822868627496e-05,,,,,
730,0.0152715053409338,0.00021087686397126435,252.39197790599428,0.2266121655702591,0.0026472893077880144,0.0006474163383245468,1.0003792340285145e-05,1.1469035598565824e-05,0.0005920103285461664,0.00040412467205896974,1.3692433640244417e-05,0.0004131003806833178,0.01665351539850235,0.008279833942651749,0.0,0.023222286254167557,5.003868864150718e-05,0.21598929166793823,2.9399307095445693e-06,,,,,
731,0.015134681016206741,0.00020975905781958124,252.74030860798666,0.48067158460617065,0.002310308860614896,0.0007060626521706581,1.1465184797998518e-05,1.077671186067164e-05,0.00046359639964066446,0.00040542701026424766,1.3900561498303432e-05,0.00041408755350857973,0.007915349677205086,0.010468983091413975,0.0,0.03259957209229469,2.550767021602951e-05,0.21619144082069397,6.6899569901579525e-06,,,,,
732,0.01918131113052368,0.00020864436296872958,253.08920808002586,0.39768967032432556,0.0024180756881833076,0.00076451146742329,1.0807356375153176e-05,1.1003798135789111e-05,0.0006514077540487051,0.0003988180833403021,1.448854436603142e-05,0.0004083367239218205,0.0149309067055583,0.04174136370420456,0.0,0.017048420384526253,6.83618345647119e-05,0.21639369428157806,6.35225933365291e-06,,,,,
733,0.01719704642891884,0.00020753279042029748,253.4409534399747,0.5304927825927734,0.002602993045002222,0.000675210845656693,8.331562639796175e-06,1.1814830941148102e-05,0.0006069864029996097,0.0004000345361419022,1.5064269064168911e-05,0.0004097159835509956,0.03351014107465744,0.013587173074483871,0.0,0.028971970081329346,8.976412937045097e-05,0.21658538281917572,3.6408380310604116e-06,,,,,
734,0.01737489365041256,0.00020642435114505707,253.79155564901885,0.21672730147838593,0.002222808776423335,0.0007190938922576606,1.0693744115997106e-05,1.1119351256638765e-05,0.0005292046698741615,0.00040516103035770357,1.5319817975978367e-05,0.00041299534495919943,0.028686245903372765,0.02016042359173298,0.0,0.029240986332297325,0.00014424469554796815,0.21677449345588684,1.448299713047163e-06,,,,,
735,0.01708276756107807,0.00020531905608285687,254.1544875940308,0.6776694059371948,0.002744121477007866,0.0006610589916817844,1.2899441571789794e-05,8.462973710265942e-06,0.0006926901405677199,0.0004128228174522519,1.575184978719335e-05,0.0004194839275442064,0.027039142325520515,0.015858767554163933,0.0,0.01876087859272957,0.0001448367693228647,0.2169627994298935,5.9801022871397436e-06,,,,,
736,0.01588543690741062,0.00020421691614251248,254.53280264802743,0.129459410905838,0.002729753265157342,0.0005755241145379841,8.772043656790629e-06,8.328072908625472e-06,0.0006256526685319841,0.0004011135024484247,1.646044256631285e-05,0.0004093247698619962,0.018073661252856255,0.012213421985507011,0.0,0.03384979069232941,5.445393253467046e-05,0.2171431928873062,3.2853331504156813e-06,,,,,
737,0.014907711185514927,0.00020311794220170045,254.91809673199896,0.813508927822113,0.0023472262546420097,0.0006749153835698962,1.0884354196605273e-05,9.311958820035215e-06,0.00044775716378353536,0.0004059869097545743,1.705705108179245e-05,0.000416603812482208,0.01612548902630806,0.008309049531817436,0.0,0.027963625267148018,9.170241537503898e-05,0.21732454001903534,8.030359822441824e-06,,,,,
738,0.01685210131108761,0.00020202214510684998,255.28503420599736,0.18268033862113953,0.002382473088800907,0.0006146447267383337,1.5698533388786018e-05,9.772420526132919e-06,0.0007026363164186478,0.00040155407623387873,1.6957339539658278e-05,0.0004101853701286018,0.010445049032568932,0.010159555822610855,0.0,0.05762060731649399,5.223539483267814e-05,0.2175077497959137,5.1826114031428006e-06,,,,,
739,0.017843380570411682,0.00020092953567303585,255.65491019800538,0.5124887824058533,0.0025783823803067207,0.000772408558987081,1.3238058272690978e-05,8.532225365343038e-06,0.000591407238971442,0.0004087401903234422,1.6638201486784965e-05,0.0004153762711212039,0.0073249125853180885,0.032417938113212585,0.0,0.014765145257115364,0.00011923919373657554,0.2177150547504425,4.531088961812202e-06,,,,,
740,0.015561062842607498,0.00019984012468387215,256.0274952109903,0.36620795726776123,0.002308764960616827,0.0006443049060180783,1.1642117897281423e-05,7.989333425939549e-06,0.0006256894557736814,0.0004069172719027847,1.680737295828294e-05,0.00041390195838175714,0.018729055300354958,0.012799885123968124,0.0,0.02169205993413925,6.844080053269863e-05,0.21790555119514465,1.683098616922507e-06,,,,,
741,0.016056641936302185,0.00019875392289140528,256.3806871799752,0.3854909837245941,0.0022903133649379015,0.0007378660375252366,8.472215085930657e-06,1.6256379240076058e-05,0.0005246505024842918,0.0004036872705910355,1.703023554000538e-05,0.0004127523279748857,0.006563191302120686,0.026278555393218994,0.0,0.009477172046899796,5.944251824985258e-05,0.218091681599617,6.921682143001817e-06,,,,,
742,0.016707919538021088,0.00019767094101600857,256.736064444005,0.48393112421035767,0.0024906184989959,0.0005380896618589759,1.1467636795714498e-05,1.4053372069611214e-05,0.0006473542889580131,0.0004032523720525205,1.695607898000162e-05,0.00041282823076471686,0.014877239242196083,0.02621537260711193,0.0,0.03040440008044243,0.00016018544556573033,0.21826006472110748,2.1703231141145807e-06,,,,,
743,0.01876583881676197,0.00019659118974627615,257.08496865502093,0.09112004190683365,0.0021898397244513035,0.0006658070487901568,1.1422932402638253e-05,8.64163666847162e-06,0.0006221678340807557,0.0004008159157820046,1.6421672626165673e-05,0.0004085407708771527,0.017593661323189735,0.04129989445209503,0.0,0.02936623990535736,7.744226604700089e-05,0.218430295586586,3.4379215776425553e-06,,,,,
744,0.016139542683959007,0.00019551467973891689,257.42757019400597,0.7318503856658936,0.002305062720552087,0.0006587481475435197,2.15730815398274e-05,1.0282215953338891e-05,0.0003953242558054626,0.00040451445966027677,1.5964156773407012e-05,0.00041125601273961365,0.027998963370919228,0.02122620865702629,0.0,0.019554197788238525,0.00015006173634901643,0.21860148012638092,4.51930463896133e-06,,,,,
745,0.014191857539117336,0.00019444142161864988,257.77753897197545,0.280938059091568,0.0022136406041681767,0.0005902328412048519,1.604615135875065e-05,8.965692359197419e-06,0.0005833018803969026,0.0003974646970164031,1.601388430572115e-05,0.0004060471837874502,0.01587776280939579,0.00942246988415718,0.0,0.017270630225539207,7.357885624514893e-05,0.21876470744609833,1.3854583812644705e-05,,,,,
746,0.014438051730394363,0.00019337142597809973,258.1438037159969,0.47401389479637146,0.00243743066675961,0.0005170684307813644,1.1163537237735e-05,1.0131655471923295e-05,0.0005376128829084337,0.0004026241658721119,1.5976855138433166e-05,0.0004126456333324313,0.00597237516194582,0.016103463247418404,0.0,0.026528481394052505,0.0002500145055819303,0.21891996264457703,6.038620995241217e-06,,,,,
747,0.015695836395025253,0.00019230470337769126,258.5103568569757,0.4907148778438568,0.0024505937471985817,0.0006628420087508857,1.0137920980923809e-05,9.985102224163711e-06,0.0004586440045386553,0.000401567027438432,1.5491046724491753e-05,0.00041079751099459827,0.012079029344022274,0.022798944264650345,0.0,0.019147159531712532,6.244709220482036e-05,0.2190725952386856,4.33612603956135e-06,,,,,
748,0.019594501703977585,0.0001912412643455457,258.8835914559895,0.5419682860374451,0.0023043903056532145,0.0006503324257209897,1.0781448509078473e-05,1.1181221452716272e-05,0.0006395591772161424,0.00041519280057400465,1.4852302228973713e-05,0.00042258627945557237,0.005361645482480526,0.04044381156563759,0.0,0.05153120681643486,0.0003727450384758413,0.21921992301940918,4.518838977674022e-06,,,,,
749,0.015796229243278503,0.0001901811193773775,259.2329763000016,0.7404227256774902,0.002630550879985094,0.0006872882950119674,1.2677646736847237e-05,9.718954970594496e-06,0.00034585603862069547,0.0004212474450469017,1.4478247067017946e-05,0.0004287359188310802,0.01478143036365509,0.019713791087269783,0.0,0.02465585619211197,4.6104036300675943e-05,0.21938426792621613,6.502022188215051e-06,,,,,
750,0.01651817373931408,0.00018912427893638914,259.5814545000321,0.29371413588523865,0.0024382357951253653,0.0005811385344713926,9.674652574176434e-06,9.166443305730354e-06,0.0005331187858246267,0.0004013926663901657,1.4529992768075317e-05,0.00041013723239302635,0.028594711795449257,0.02488359808921814,0.0,0.02124369703233242,0.00013495530583895743,0.2195504605770111,6.79746290188632e-06,5.417921555157377,7.126927647146924,1.2893021889156548,0.837393805444817,3.8272099858972077
751,0.015149518847465515,0.0001880707534531692,259.98505115899025,0.5415995717048645,0.0022073250729590654,0.000679927587043494,1.2929322110721841e-05,9.598679753253236e-06,0.0004444425867404789,0.00039883246063254774,1.4459408703260124e-05,0.0004080944345332682,0.004266967996954918,0.010806308127939701,0.0,0.04343906790018082,5.0371621910016984e-05,0.219709575176239,5.261904334474821e-06,,,,,
752,0.017374960705637932,0.00018702055332558864,260.33087138598785,0.3749360740184784,0.0023448714055120945,0.0006829536869190633,1.5351133697549812e-05,9.311655958299525e-06,0.0006094248383305967,0.00039739697240293026,1.417028579453472e-05,0.00040609168354421854,0.007862365804612637,0.03645763173699379,0.0,0.013006465509533882,0.0002202174800913781,0.21987947821617126,4.150513632339425e-06,,,,,
753,0.015559683553874493,0.0001859736889186991,260.6828694160213,0.676001250743866,0.002402891404926777,0.0006103829946368933,1.5034363968879916e-05,9.545672583044507e-06,0.0005029719322919846,0.0004069044953212142,1.4111461496213451e-05,0.0004150074964854866,0.02649131417274475,0.01760219782590866,0.0,0.015100267715752125,0.00016694481018930674,0.22003959119319916,4.317139882914489e-06,,,,,
754,0.016137156635522842,0.00018493017056462935,261.0399523850065,0.1404433697462082,0.00240568770095706,0.0006074318080209196,1.5757090295664966e-05,7.761608685541432e-06,0.0006260505178943276,0.0004001982160843909,1.437339415133465e-05,0.00040869327494874597,0.029782645404338837,0.021984370425343513,0.0,0.0050237951800227165,0.00020592626242432743,0.22018814086914062,6.234080501599237e-06,,,,,
755,0.016617024317383766,0.00018389000856248455,261.3962509909761,0.6255854964256287,0.0025309151969850063,0.0005904979771003127,1.1514441212057136e-05,1.3782852875010576e-05,0.0004453025758266449,0.00039976168773137033,1.4721376828674693e-05,0.0004091708397027105,0.00919538363814354,0.035189226269721985,0.0,0.025916948914527893,6.241523806238547e-05,0.2203197330236435,5.587010491581168e-06,,,,,
756,0.020979266613721848,0.0001828532131782434,261.75477540900465,0.2084364891052246,0.0024739487562328577,0.0007254755473695695,1.1703744348778855e-05,1.0708837180573028e-05,0.0005480895633809268,0.00039905443554744124,1.46934735312243e-05,0.00040784443262964487,0.021161876618862152,0.06386775523424149,0.0,0.015970781445503235,5.753207369707525e-05,0.22045224905014038,2.9063037345622433e-06,,,,,
757,0.014743084087967873,0.00018181979464465805,262.1045313520008,0.4246108829975128,0.0023253983817994595,0.0006656813202425838,1.121864261222072e-05,8.892861842468847e-06,0.0004243108560331166,0.00040322504355572164,1.4580494280380663e-05,0.0004113710019737482,0.022496141493320465,0.013106022961437702,0.0,0.01430577039718628,4.474323577596806e-05,0.22057943046092987,2.860072982002748e-06,,,,,
758,0.015594289638102055,0.00018078976316115213,262.4749612470041,0.23096229135990143,0.0022083455696702003,0.0006563480710610747,1.4037032087799162e-05,8.702120794623625e-06,0.00043877013376913965,0.0003994429134763777,1.4650801858806517e-05,0.00040782036376185715,0.01059328019618988,0.028720490634441376,0.0,0.014014705084264278,6.0567501350305974e-05,0.22070308029651642,7.934371751616709e-06,,,,,
759,0.01576773263514042,0.0001797631288937204,262.8520646020188,0.4041421711444855,0.0022267973981797695,0.0006132860435172915,8.78345781529788e-06,8.500586773152463e-06,0.0004071244038641453,0.0003972531121689826,1.4799896234762855e-05,0.0004063549858983606,0.01834680140018463,0.02918328158557415,0.0,0.01950034126639366,2.887804657802917e-05,0.2208249568939209,1.7704820493236184e-05,,,,,
760,0.017437921836972237,0.00017873990197482867,263.22588393301703,0.4530724883079529,0.002295146230608225,0.0007241945713758469,1.0840149116120301e-05,9.386333658767398e-06,0.0008188001811504364,0.00039666620432399213,1.4800811186432838e-05,0.0004055176686961204,0.02843060903251171,0.013061463832855225,0.0,0.022281993180513382,5.052167398389429e-05,0.22094596922397614,6.13395150139695e-06,,,,,
761,0.015542183071374893,0.0001777200925033138,263.59617289097514,0.4257996678352356,0.002254706807434559,0.0006792453932575881,1.7684458725852892e-05,8.492101187584922e-06,0.0006328290910460055,0.0004053461307194084,1.477285422879504e-05,0.00041308332583867013,0.01783735118806362,0.008748603984713554,0.0,0.022908898070454597,0.00013616299838759005,0.2210652232170105,6.443578968173824e-06,,,,,
762,0.017502544447779655,0.00017670371054428333,263.97050863300683,0.541667103767395,0.0023599988780915737,0.0006372830830514431,1.0855068467208184e-05,7.651749911019579e-06,0.0004965941188856959,0.0004063101951032877,1.504434385424247e-05,0.00041377151501365006,0.01688050851225853,0.021121328696608543,0.0,0.05695144459605217,5.204138142289594e-05,0.2211836278438568,5.273713668429991e-06,,,,,
763,0.016210321336984634,0.0001756907661290167,264.3237497879891,0.25202858448028564,0.0020664215553551912,0.0007134495535865426,9.047370440384839e-06,9.129782483796589e-06,0.00045954095548950136,0.0003969215613324195,1.5626943422830664e-05,0.0004056254110764712,0.025956716388463974,0.024137932807207108,0.0,0.012094995006918907,0.0001146933063864708,0.22132627665996552,2.6038105715997517e-06,,,,,
764,0.016308236867189407,0.00017468126925486668,264.67601475003175,0.3213781416416168,0.002399120945483446,0.0005335343885235488,1.081365735444706e-05,9.832064279180486e-06,0.0004091558512300253,0.00039757631020620465,1.5904945030342788e-05,0.0004070376162417233,0.019374491646885872,0.03426454961299896,0.0,0.02624303102493286,7.901199569460005e-05,0.2214599996805191,2.1682048100046813e-05,,,,,
765,0.016735268756747246,0.00017367522988515977,265.0286465230165,0.5206926465034485,0.002601027023047209,0.0006284861592575908,9.289162335335277e-06,9.034889444592409e-06,0.0006955219432711601,0.000396620889659971,1.5807048839633353e-05,0.0004056539328303188,0.017476890236139297,0.01607445999979973,0.0,0.0324995182454586,4.164111669524573e-05,0.22159375250339508,8.90431329025887e-06,,,,,
766,0.017421092838048935,0.0001726726579490982,265.38621103501646,0.697352945804596,0.002185075543820858,0.0006235695909708738,1.3573338947026059e-05,8.507437996740919e-06,0.0006150362896732986,0.00040427103522233665,1.548235559312161e-05,0.00041155237704515457,0.020551294088363647,0.030575621873140335,0.0,0.028361013159155846,4.848432581638917e-05,0.22173383831977844,6.6418574533599894e-06,,,,,
767,0.015290281735360622,0.00017167356334166233,265.74930933100404,0.3257223069667816,0.00205482030287385,0.000489245168864727,1.2493185749917757e-05,9.213514204020612e-06,0.00044449669076129794,0.000401179539039731,1.54890694830101e-05,0.00040885896305553615,0.04477450251579285,0.022937551140785217,0.0,0.015036942437291145,3.7840669392608106e-05,0.22187307476997375,7.436164651153376e-06,,,,,
768,0.017107954248785973,0.00017067795592351278,266.10120271501364,0.27778616547584534,0.0025985655374825,0.0005333423614501953,9.079070878215134e-06,9.174466867989395e-06,0.0004924951936118305,0.00039776114863343537,1.560727287142072e-05,0.00040669291047379375,0.0223293025046587,0.02017800137400627,0.0,0.05720759183168411,0.00010245389421470463,0.22200696170330048,6.045593181625009e-06,,,,,
769,0.017238561064004898,0.0001696858455208927,266.44999272801215,0.6875503659248352,0.0025047280360013247,0.0006746472790837288,1.0885893061640672e-05,1.0412251867819577e-05,0.0007090037688612938,0.00039953558007255197,1.5625106243533082e-05,0.00040899819578044116,0.036745425313711166,0.017829449847340584,0.0,0.011098607443273067,0.00011491827899590135,0.2221633642911911,2.112941274390323e-06,,,,,
770,0.015576841309666634,0.000168697241925531,266.8179266140214,0.07706253230571747,0.0027227611280977726,0.0006213205633684993,1.2101980246370658e-05,8.908397830964532e-06,0.000525373499840498,0.00040176225593313575,1.5296085621230304e-05,0.00040959328180179,0.020113570615649223,0.011905796825885773,0.0,0.02564302086830139,9.267625864595175e-05,0.22231172025203705,2.8495305741671473e-06,,,,,
771,0.017567332834005356,0.00016771215489454647,267.1864109329763,0.8448556661605835,0.002439352450892329,0.0006419466226361692,1.44072764669545e-05,8.482554221700411e-06,0.0006008073687553406,0.00041606934973970056,1.5038283891044557e-05,0.00042270784615539014,0.021391160786151886,0.026809025555849075,0.0,0.027651654556393623,0.0001692003570497036,0.22245743870735168,7.642979653610382e-06,,,,,
772,0.017955785617232323,0.00016673059415035,267.56044861499686,0.12069957703351974,0.0025621922686696053,0.0008482399280183017,1.0018304237746634e-05,9.644141755416058e-06,0.0006091585382819176,0.0004006432427559048,1.532777059765067e-05,0.00040811693179421127,0.02788558043539524,0.009453967213630676,0.0,0.030635256320238113,0.00010488655243534595,0.22260139882564545,4.690873083745828e-06,,,,,
773,0.014250027947127819,0.00016575256938055024,267.93586399499327,0.3757179081439972,0.0024894089438021183,0.0005770506686531007,9.304126251663547e-06,1.1315637493680697e-05,0.0005871453322470188,0.00039489331538788974,1.574167254148051e-05,0.0004038271144963801,0.023581460118293762,0.00863129086792469,0.0,0.0069235884584486485,0.00021479855058714747,0.2227490097284317,8.648379662190564e-06,,,,,
774,0.016838351264595985,0.00016477809023785647,268.2952533439966,0.32063373923301697,0.002475098939612508,0.0006519823218695819,7.783967703289818e-06,8.592581252742093e-06,0.0004620977852027863,0.00039281509816646576,1.5838735635043122e-05,0.00040195061592385173,0.027381479740142822,0.023129932582378387,0.0,0.028532724827528,4.444451769813895e-05,0.22288405895233154,1.1285705113550648e-05,,,,,
775,0.0171032901853323,0.00016380716633998467,268.6446002799785,0.18854013085365295,0.002337695099413395,0.0007926241378299892,1.2901813533972017e-05,8.497287126374431e-06,0.000597819802351296,0.0003907965146936476,1.5768115190439858e-05,0.00039895239751785994,0.022034166380763054,0.01986062340438366,0.0,0.012424100190401077,0.00011848603026010096,0.22301824390888214,3.1672829209128395e-05,5.599781017994131,7.496333149006825,1.244275417617896,0.8489004002214262,3.4504697990216107
776,0.015586101450026035,0.00016283980726956174,269.0351596029941,0.4282788932323456,0.002744554076343775,0.0006462619639933109,1.137631079473067e-05,8.93778633326292e-06,0.000348333443980664,0.0003931901010219008,1.573028384882491e-05,0.0004005210648756474,0.015381023287773132,0.014269988983869553,0.0,0.03605931997299194,0.00010532355372561142,0.22314436733722687,2.7698156372935046e-06,,,,,
777,0.017164910212159157,0.000161876022574031,269.3980370790232,0.11710245162248611,0.0025595049373805523,0.000591746240388602,9.324179700342938e-06,8.697883458808064e-06,0.000751600309740752,0.00039203063352033496,1.5794495993759483e-05,0.0004000722838100046,0.03278810530900955,0.021532516926527023,0.0,0.016595276072621346,9.097618021769449e-05,0.2232741266489029,5.9948301895929035e-06,,,,,
778,0.01590808480978012,0.00016091582176555816,269.7470599830267,0.15769031643867493,0.002460216637700796,0.0005712925922125578,9.013171620608773e-06,1.039953622239409e-05,0.0005798100028187037,0.0003922710893675685,1.5801226254552603e-05,0.0004006100061815232,0.02667929232120514,0.00911482609808445,0.0,0.039596155285835266,0.00016344126197509468,0.22339943051338196,8.290620826301165e-06,,,,,
779,0.015997089445590973,0.00015995921432093802,270.11973499599844,0.14688485860824585,0.0025187309365719557,0.0006113783456385136,9.109385246119928e-06,8.74670786288334e-06,0.0005080180708318949,0.0003920418967027217,1.56797996169189e-05,0.00040033625555224717,0.01423551794141531,0.01555861346423626,0.0,0.04003594443202019,0.00013446698721963912,0.22353647649288177,7.706135875196196e-06,,,,,
780,0.0162644162774086,0.00015900620968149957,270.51558623398887,0.14824047684669495,0.0019454460125416517,0.0006258093053475022,9.021328878588974e-06,9.724351912154816e-06,0.0006665570545010269,0.00039146916242316365,1.544661063235253e-05,0.00039955871761776507,0.028300832957029343,0.01660381816327572,0.0,0.02476753666996956,0.0001779209851520136,0.223680779337883,6.88696945871925e-06,,,,,
781,0.015611883252859116,0.0001580568172530138,270.88850082003046,0.3108702003955841,0.0023640263825654984,0.0005776495090685785,1.692823934718035e-05,9.672045962361153e-06,0.00038714296533726156,0.00038996172952465713,1.520821842859732e-05,0.00039815972559154034,0.023164955899119377,0.022171681746840477,0.0,0.025029590353369713,0.00022698784596286714,0.22382153570652008,6.057377959223231e-06,,,,,
782,0.015253249555826187,0.0001571110464056009,271.26301095302915,0.3604106605052948,0.0021930942311882973,0.0005953926593065262,1.348378191323718e-05,7.339056537603028e-06,0.0006684027030132711,0.00038992823101580143,1.5179971342149656e-05,0.0003987419477198273,0.012451905757188797,0.023289909586310387,0.0,0.008044208399951458,0.0001037705660564825,0.22395871579647064,4.508545316639356e-06,,,,,
783,0.01500628236681223,0.00015616890647363721,271.6152079780004,0.43699970841407776,0.0022031129337847233,0.0006931317038834095,9.278917787014507e-06,7.690395250392612e-06,0.0006921465392224491,0.0003908699145540595,1.5075924238772132e-05,0.00039963950985111296,0.020200733095407486,0.010698618367314339,0.0,0.00452397670596838,4.996293500880711e-05,0.22408419847488403,7.913715307950042e-06,,,,,
784,0.01746317930519581,0.00015523040675566335,271.9597550340113,0.21174249053001404,0.0023491450119763613,0.0005795643082819879,1.0779725926113315e-05,9.181303539662622e-06,0.00046461779857054353,0.00039614152046851814,1.4828109669906553e-05,0.00040413535316474736,0.032786644995212555,0.03309830278158188,0.0,0.02904525212943554,3.81126519641839e-05,0.22419436275959015,6.869596745673334e-06,,,,,
785,0.017105869948863983,0.00015429555651429278,272.3115279300255,0.5363894701004028,0.0023026398848742247,0.0007007056847214699,1.1300764526822604e-05,1.0027563803305384e-05,0.00036232592537999153,0.0004024046938866377,1.4668875337520149e-05,0.00041013036388903856,0.031727343797683716,0.020502004772424698,0.0,0.03449055925011635,0.0001736058620736003,0.2243090718984604,4.229110800224589e-06,,,,,
786,0.01639661379158497,0.0001533643649761201,272.6740010349895,0.20375306904315948,0.0024082036688923836,0.0006221683579497039,9.492139724898152e-06,7.781558451824822e-06,0.0007368567166849971,0.0003941345785278827,1.4680457752547227e-05,0.00040215699118562043,0.005983449053019285,0.009827842004597187,0.0,0.050101835280656815,0.0001318891445407644,0.2244265228509903,8.146998879965395e-06,,,,,
787,0.015352634713053703,0.00015243684133162976,273.02421101997606,0.33466681838035583,0.00202777492813766,0.0005785860703326762,9.564144420437515e-06,9.321341167378705e-06,0.0006637814221903682,0.00038796456647105515,1.472084750275826e-05,0.0003964595089200884,0.020644526928663254,0.016169488430023193,0.0,0.023891111835837364,6.0979396948823705e-05,0.22455845773220062,6.865007890155539e-06,,,,,
788,0.015080133453011513,0.00015151299473510564,273.38131561898626,0.28340667486190796,0.002379046520218253,0.0004674329829867929,7.889253538451158e-06,9.450469406147022e-06,0.0007909274427220225,0.00038578148814849555,1.4662737157777883e-05,0.0003942072216887027,0.031185276806354523,0.011978726834058762,0.0,0.0168777983635664,8.994602103484794e-05,0.22468863427639008,2.2489393813884817e-06,,,,,
789,0.01571773737668991,0.0001505928343045405,273.7774719480076,0.2716398537158966,0.002317146398127079,0.0006106939981691539,1.1074919711973052e-05,8.67451944941422e-06,0.0005268600070849061,0.00038640457205474377,1.4569767699867953e-05,0.00039440987166017294,0.011179214343428612,0.020862625911831856,0.0,0.0280500166118145,0.00022402789909392595,0.22481070458889008,6.215597295522457e-06,,,,,
790,0.015216073021292686,0.00014967636912154654,274.15778391301865,0.11105593293905258,0.0020856866613030434,0.0005792106967419386,8.321268978761509e-06,9.069261977856513e-06,0.0004909543786197901,0.0003858426061924547,1.4679832929687109e-05,0.0003938446461688727,0.03263482078909874,0.013743196614086628,0.0,0.02767578512430191,3.189572089468129e-05,0.224931001663208,6.12798521615332e-06,,,,,
791,0.01412845030426979,0.00014876360823126516,274.53004521498224,0.13270345330238342,0.0023765875957906246,0.0005433955229818821,1.265692390006734e-05,9.218098057317548e-06,0.0005486723384819925,0.0003857263072859496,1.4776129319216125e-05,0.00039383542025461793,0.03255384415388107,0.009906388819217682,0.0,0.0038486714474856853,0.00023718978627584875,0.2250540405511856,1.1366991202521604e-05,,,,,
792,0.014959948137402534,0.0001478545606422777,274.9399238949991,0.3095858693122864,0.002185981022194028,0.0006291226600296795,7.609953172504902e-06,9.909346772474237e-06,0.00044916357728652656,0.00038651013164781034,1.4910914615029469e-05,0.00039482576539739966,0.026431763544678688,0.012264695018529892,0.0,0.024677621200680733,4.122609971091151e-05,0.2251635491847992,9.027999112731777e-06,,,,,
793,0.017712567001581192,0.00014694923532651699,275.31473189999815,0.17500826716423035,0.0021289519499987364,0.0005935513763688505,7.165135230025044e-06,1.0391110663476866e-05,0.0005682175979018211,0.000389418302802369,1.4865496268612333e-05,0.00039742214721627533,0.018583450466394424,0.04093733802437782,0.0,0.026631848886609077,8.049510506680235e-05,0.2252776026725769,4.166582129982999e-06,,,,,
794,0.014781597070395947,0.00014604764121917835,275.69347939197905,0.5200012922286987,0.0020955500658601522,0.000497229106258601,8.999890269478783e-06,9.339983989775646e-06,0.000448157312348485,0.0003915897978004068,1.4873606232868042e-05,0.0003993985301349312,0.023319976404309273,0.026067592203617096,0.0,0.018909933045506477,5.2157767640892416e-05,0.22539077699184418,5.670047812600387e-06,,,,,
795,0.016377761960029602,0.00014514978721863166,276.079757236992,0.0864238366484642,0.002372056944295764,0.0006235969485715032,8.530891136615537e-06,8.42440113046905e-06,0.0004660027043428272,0.00038651711656711996,1.4997645848779939e-05,0.0003948925295844674,0.0321115143597126,0.01237125787883997,0.0,0.042295489460229874,8.318289474118501e-05,0.22550125420093536,4.41054544353392e-06,,,,,
796,0.01758725754916668,0.0001442556821863331,276.4518693779828,0.388352632522583,0.002499688183888793,0.0006987758679315448,1.1380323485354893e-05,9.092445907299407e-06,0.00044667418114840984,0.00038620264967903495,1.508261266280897e-05,0.00039505594759248197,0.017806045711040497,0.019876567646861076,0.0,0.05314517021179199,2.7748474167310633e-05,0.22562263906002045,4.008486939710565e-06,,,,,
797,0.014894707128405571,0.00014336533494673894,276.8200529490132,0.3192477226257324,0.0020946136210113764,0.0006750954198651016,1.1695177818182856e-05,9.578727258485742e-06,0.0004205786972306669,0.0003850065404549241,1.5015655662864447e-05,0.00039361586095765233,0.009895808063447475,0.02322915941476822,0.0,0.014001945964992046,4.556526619126089e-05,0.22576037049293518,7.74591535446234e-06,,,,,
798,0.016111768782138824,0.00014247875428721667,277.1696707350202,0.2358318567276001,0.0022830504458397627,0.0006721137906424701,1.3712142390431836e-05,1.0025885785580613e-05,0.0008432201575487852,0.00038636833778582513,1.4969979929446708e-05,0.0003944777126889676,0.013748918659985065,0.007205259520560503,0.0,0.02799876593053341,9.387404134031385e-05,0.22588908672332764,2.482633135514334e-06,,,,,
799,0.01409788616001606,0.00014159594895795952,277.52506595500745,0.5781877040863037,0.002168515231460333,0.0005742172943428159,1.0424260835861787e-05,9.943658369593322e-06,0.0003819804114755243,0.00039445687434636056,1.503637213318143e-05,0.0004018465697299689,0.0218301173299551,0.009594435803592205,0.0,0.0303367730230093,6.38896890450269e-05,0.22601601481437683,3.3680350952636218e-06,,,,,
800,0.01688181236386299,0.0001407169276718996,277.91335826797877,0.24722221493721008,0.001979946158826351,0.0007067015394568443,9.442667760595214e-06,9.134988431469537e-06,0.000562491244636476,0.00039157996070571244,1.5213417100312654e-05,0.0003991162811871618,0.014403369277715683,0.03125352784991264,0.0,0.01876996085047722,6.620271597057581e-05,0.2261429727077484,2.6212383090751246e-06,5.482900193836419,7.306065258575906,1.1972079182768471,1.0889672867803335,3.490275167019767
801,0.016897903755307198,0.0001398416991046223,278.30818375200033,0.21500423550605774,0.0020577535033226013,0.0006985232466831803,1.0414448297524359e-05,9.710476660984568e-06,0.00035891064908355474,0.0003872885135933757,1.5518760847044177e-05,0.00039550679503008723,0.03503037989139557,0.019142135977745056,0.0,0.03555748611688614,0.00021884325542487204,0.22626453638076782,5.579249318543589e-06,,,,,
802,0.014933653175830841,0.00013897027189428,278.67076436500065,0.6453080773353577,0.002140694996342063,0.0006013730890117586,8.072121090663131e-06,9.335966751677915e-06,0.0006515422719530761,0.0003870994260068983,1.561594763188623e-05,0.0003959638415835798,0.031034421175718307,0.006087013520300388,0.0,0.02075544185936451,4.878973777522333e-05,0.22639156877994537,6.062258307792945e-06,,,,,
803,0.01537876296788454,0.00013810265464150762,279.0216876590275,0.12881498038768768,0.0021838215179741383,0.0005587787018157542,1.292311935685575e-05,8.74594843480736e-06,0.0005668605444952846,0.0003875319380313158,1.5362102203653194e-05,0.0003954576386604458,0.014000792056322098,0.02677326276898384,0.0,0.01762077771127224,3.2840882340678945e-05,0.2265150099992752,3.218930032744538e-06,,,,,
804,0.013584665954113007,0.00013723885590933728,279.3874505070271,0.2957012355327606,0.002332911593839526,0.0006361870327964425,1.123237052524928e-05,9.065674021258019e-06,0.0005577343981713057,0.00039195327553898096,1.5163610441959463e-05,0.0003994664002675563,0.011659897863864899,0.008052309043705463,0.0,0.005995758809149265,7.498163176933303e-05,0.22663486003875732,4.233960680721793e-06,,,,,
805,0.019682763144373894,0.0001363788842231136,279.7778799289954,0.298354834318161,0.0023360615596175194,0.0005820504738949239,1.1591680049605202e-05,6.2668832470080815e-06,0.0005589264328591526,0.00039241884951479733,1.5139039533096366e-05,0.00040000973967835307,0.027492467314004898,0.05647725611925125,0.0,0.024195458739995956,7.281458238139749e-05,0.22674201428890228,8.08067670732271e-06,,,,,
806,0.0157312024384737,0.0001355227480704099,280.1619995739893,0.16251888871192932,0.002835583873093128,0.0006193737499415874,9.63690945354756e-06,9.509043593425304e-06,0.000637538731098175,0.0003898153663612902,1.5309038644772954e-05,0.00039789313450455666,0.028553321957588196,0.006390772759914398,0.0,0.02070482075214386,0.00013407280493993312,0.22684919834136963,7.5976304287905805e-06,,,,,
807,0.014947192743420601,0.00013467045590094437,280.54106173297623,0.2977256178855896,0.0020946047734469175,0.0005457708612084389,1.019926457956899e-05,1.1236508726142347e-05,0.0005622921162284911,0.00038990279426798224,1.5387224266305566e-05,0.000398256815969944,0.013248841278254986,0.025830652564764023,0.0,0.013876521959900856,0.00012131033872719854,0.226958230137825,5.100934686197434e-06,,,,,
808,0.014230701141059399,0.00013382201612649664,280.9122318450245,0.19583992660045624,0.0021850974299013615,0.0005650344537571073,9.426426913705654e-06,9.643558769312222e-06,0.0004956030752509832,0.0003888440551236272,1.5398500181618147e-05,0.0003969823883380741,0.007079010829329491,0.02126838080585003,0.0,0.016532674431800842,8.616568811703473e-05,0.22706182301044464,5.928079190198332e-06,,,,,
809,0.01499776542186737,0.00013297743712082489,281.2824695929885,0.07247563451528549,0.002253504004329443,0.0006279759109020233,7.56893859943375e-06,9.049564141605515e-06,0.00039658386958763003,0.0003880130825564265,1.5296322089852765e-05,0.0003956554864998907,0.017004305496811867,0.020430073142051697,0.0,0.021644700318574905,3.553643909981474e-05,0.22716090083122253,9.476853847445454e-06,,,,,
810,0.01607634499669075,0.00013213672721958288,281.6334990200121,0.2159234881401062,0.002391568850725889,0.0005825384287163615,1.0346551789552905e-05,9.125661563302856e-06,0.0005275874282233417,0.0003880908770952374,1.5172251551121008e-05,0.00039528508204966784,0.025123657658696175,0.019790319725871086,0.0,0.029635192826390266,4.766561323776841e-05,0.22725819051265717,9.024031896842644e-06,,,,,
811,0.015618279576301575,0.0001312998947202378,281.9858318520128,0.14730794727802277,0.0021967031061649323,0.0005945567390881479,1.4824048776063137e-05,9.057202987605706e-06,0.0004539947840385139,0.0003856747644022107,1.5131353393371683e-05,0.0003929215599782765,0.01774679683148861,0.028198517858982086,0.0,0.01603499986231327,0.00016377745487261564,0.22735820710659027,1.7462980395066552e-06,,,,,
812,0.014042476192116737,0.00013046694788198873,282.33516100997804,0.11997654289007187,0.0020796824246644974,0.0005503223510459065,1.3162352843210101e-05,9.140785550698638e-06,0.0005494746728800237,0.00038333027623593807,1.5122650438570417e-05,0.00039082227158360183,0.02975289896130562,0.009236044250428677,0.0,0.014311131089925766,8.453379268757999e-05,0.22745281457901,9.610007509763818e-07,,,,,
813,0.01692306622862816,0.00012963789492568466,282.68291321297875,0.21289357542991638,0.0023125330917537212,0.0005866439896635711,1.2312509170442354e-05,7.676720088056754e-06,0.0005936469533480704,0.000382242607884109,1.511366917839041e-05,0.00039008224848657846,0.024961072951555252,0.029209740459918976,0.0,0.01973849907517433,0.00025709677720442414,0.22754378616809845,6.520213901239913e-06,,,,,
814,0.015912016853690147,0.00012881274403374332,283.04651888797525,0.07588187605142593,0.0024893046356737614,0.0006784787401556969,8.83062239154242e-06,8.866042662702966e-06,0.0005186543567106128,0.00038186938036233187,1.4946612282074057e-05,0.0003894999099429697,0.019935179501771927,0.01884683594107628,0.0,0.01688641868531704,9.40824393182993e-05,0.22763295471668243,3.614301704146783e-06,,,,,
815,0.01857161335647106,0.00012799150335007136,283.41639854502864,0.1741829216480255,0.0024766032584011555,0.0005969145568087697,9.51896254264284e-06,9.202758519677445e-06,0.0004757661954499781,0.0003818862314801663,1.4823406672803685e-05,0.0003893983375746757,0.014799757860600948,0.051556456834077835,0.0,0.026740215718746185,7.622378325322643e-05,0.2277185022830963,2.0237453099980485e-06,,,,,
816,0.01453179121017456,0.00012717418097998246,283.78435615700437,0.2811581790447235,0.0022557254415005445,0.0005380214424803853,8.41768633108586e-06,8.004581104614772e-06,0.0005835968186147511,0.00038291525561362505,1.4743288375029806e-05,0.00039005986764095724,0.02588510885834694,0.01082688383758068,0.0,0.020047079771757126,0.00016939843771979213,0.2278086245059967,3.3960864129767288e-06,,,,,
817,0.01750941574573517,0.0001263607849901185,284.14330575597705,0.12969644367694855,0.002595525700598955,0.0005761384963989258,1.0127965651918203e-05,9.09401751414407e-06,0.000597676495090127,0.0003816209500655532,1.4725350411026739e-05,0.0003890159132424742,0.02705417200922966,0.03642239794135094,0.0,0.014233380556106567,8.836935739964247e-05,0.22789785265922546,1.0443094652146101e-05,,,,,
818,0.018831314519047737,0.00012555132340836948,284.49241406901274,0.39801982045173645,0.0019829159136861563,0.0006493613473139703,8.671815521665849e-06,9.548806701786816e-06,0.0006965935463085771,0.0003816533135250211,1.4778643162571825e-05,0.0003892169625032693,0.00898186955600977,0.038864657282829285,0.0,0.04581508785486221,0.0001384951756335795,0.22798435389995575,2.609168404887896e-06,,,,,
819,0.017452962696552277,0.00012474580422379455,284.8428130269749,0.10944682359695435,0.0023168104235082865,0.0006614410667680204,9.238673555955756e-06,7.751513294351753e-06,0.0005628842627629638,0.0003837902331724763,1.4628207281930372e-05,0.00039076738175936043,0.009662376716732979,0.027331195771694183,0.0,0.04208119958639145,0.00017192272935062647,0.22808364033699036,7.484251455025515e-06,,,,,
820,0.016523165628314018,0.00012394423538654263,285.1889238409931,0.29574307799339294,0.0023219382856041193,0.0006608539260923862,1.137211438617669e-05,8.458118827547878e-06,0.0005356579786166549,0.00038644802407361567,1.4620114598073997e-05,0.00039309714338742197,0.017737938091158867,0.02341054193675518,0.0,0.027203265577554703,4.613563942257315e-05,0.2281920462846756,5.72795033804141e-06,,,,,
821,0.015199689194560051,0.0001231466248077748,285.5418084859848,0.27958765625953674,0.002209568629041314,0.0006881676963530481,1.2680648069363087e-05,8.470449756714515e-06,0.000368803390301764,0.00038430653512477875,1.4720361832587514e-05,0.0003911630774382502,0.014509948901832104,0.009909547865390778,0.0,0.04226279631257057,3.690577796078287e-05,0.22830048203468323,5.1125825848430395e-06,,,,,
822,0.01595325767993927,0.00012235298035958526,285.8959208300221,0.14537924528121948,0.002187588019296527,0.0007392185507342219,8.085813533398323e-06,8.095483281067573e-06,0.00039983572787605226,0.0003808947803918272,1.49303214129759e-05,0.0003884754260070622,0.02557067573070526,0.013474415056407452,0.0,0.025298401713371277,0.0002807564742397517,0.2284153252840042,2.6549400899966713e-06,,,,,
823,0.016701584681868553,0.00012156330987492448,286.24428433098365,0.2985854744911194,0.002321244217455387,0.000639075122307986,9.83097379503306e-06,8.704434549144935e-06,0.0004939985228702426,0.0003813378280028701,1.5069927940203343e-05,0.00038938000216148794,0.02937915548682213,0.026012804359197617,0.0,0.01825561560690403,0.00019090068235527724,0.22852838039398193,1.1809481293312274e-05,,,,,
824,0.015344060026109219,0.00012077762114752125,286.59151316899806,0.38990649580955505,0.001969922101125121,0.0007115855696611106,1.1086283848271705e-05,8.233306289184839e-06,0.0004078001365996897,0.0003810347698163241,1.505894852016354e-05,0.00038888995186425745,0.017188660800457,0.022027039900422096,0.0,0.01639915630221367,4.9137670430354774e-05,0.22863507270812988,6.752070476068184e-06,,,,,
825,0.016613418236374855,0.00011999592193180604,286.9371524049784,0.21898803114891052,0.0023843846283853054,0.0008380085928365588,1.2226517355884425e-05,9.04209264263045e-06,0.0006815929664298892,0.00038405630039051175,1.5001040992501657e-05,0.0003910807427018881,0.010208654217422009,0.009302819147706032,0.0,0.018137695267796516,0.0003044439945369959,0.2287372201681137,4.8428964873892255e-06,5.5316600986725275,7.45138277738321,1.246170854664481,0.9059724903048897,3.1880996255943095
826,0.01647930033504963,0.00011921821994283457,287.32618575700326,0.5441464781761169,0.0020955875515937805,0.0006500142044387758,8.080816769506782e-06,8.354018063982949e-06,0.0006389499176293612,0.0003927378566004336,1.5092032299435232e-05,0.00039901313721202314,0.02227170392870903,0.024152860045433044,0.0,0.01839999482035637,4.6240718802437186e-05,0.22883757948875427,5.0815256145142484e-06,,,,,
827,0.015699470415711403,0.00011844452285621166,287.67504912102595,0.24111829698085785,0.002027055947110057,0.0006027680356055498,1.0116850717167836e-05,9.270282134821173e-06,0.000472614832688123,0.00038927551941014826,1.538089054520242e-05,0.0003958114539273083,0.028195444494485855,0.018198620527982712,0.0,0.03045964241027832,5.8260651712771505e-05,0.22893613576889038,2.1429482330859173e-06,,,,,
828,0.01684219017624855,0.00011767483830801509,288.0258666709997,0.19451409578323364,0.0022849044762551785,0.0005997369880788028,9.559895261190832e-06,1.0617384759825654e-05,0.0004981746897101402,0.0003843873564619571,1.5777557564433664e-05,0.00039175146957859397,0.041609108448028564,0.020668823271989822,0.0,0.027546267956495285,8.295130101032555e-05,0.22903744876384735,1.8224542145617306e-05,,,,,
829,0.01801208220422268,0.00011690917389472043,288.37135262897937,0.412046879529953,0.0021368409506976604,0.0005807728739455342,1.088911812985316e-05,1.1635071132332087e-05,0.0006222896627150476,0.00038356787990778685,1.6040758055169135e-05,0.00039141278830356896,0.00896836444735527,0.043065041303634644,0.0,0.031687624752521515,0.00021348553127609193,0.22914060950279236,2.235871579614468e-05,,,,,
830,0.014655993320047855,0.00011614753717312668,288.71908377401996,0.1200125515460968,0.002194423694163561,0.0005596291157416999,1.149519630416762e-05,8.466719009447843e-06,0.0005643318872898817,0.0003823204315267503,1.597304617462214e-05,0.00038965727435424924,0.01935167796909809,0.01044178381562233,0.0,0.029508519917726517,0.00010634852515067905,0.2292456179857254,1.1209957619939814e-06,,,,,
831,0.015565411187708378,0.0001153899356602806,289.06573730602395,0.3262766897678375,0.0023105621803551912,0.0007344192708842456,1.1874804840772413e-05,8.379556675208732e-06,0.0003932519757654518,0.00038311973912641406,1.578405499458313e-05,0.00038987668813206255,0.01178377028554678,0.014560136944055557,0.0,0.03047642856836319,9.695782500784844e-05,0.22935064136981964,4.7778339649084955e-06,,,,,
832,0.0190319512039423,0.00011463637683340301,289.41696825198596,0.3806377947330475,0.00210625515319407,0.0007615704089403152,1.823811180656776e-05,8.988323315861635e-06,0.0004556682542897761,0.00038115395000204444,1.575248097651638e-05,0.0003880971926264465,0.028786687180399895,0.020003601908683777,0.0,0.06544816493988037,9.567903907736763e-05,0.22945661842823029,4.930397153657395e-06,,,,,
833,0.013505917973816395,0.00011388686812981586,289.76486016297713,0.3581918776035309,0.0020170833449810743,0.0005696157459169626,1.5167031961027533e-05,7.761276719975285e-06,0.0005360019276849926,0.0003792063216678798,1.58107159222709e-05,0.00038705929182469845,0.011533520184457302,0.01670551486313343,0.0,0.006075054407119751,8.185813203454018e-05,0.22957724332809448,5.563912964134943e-06,,,,,
834,0.014630155637860298,0.00011314141694686715,290.11092763900524,0.35807156562805176,0.0025379539001733065,0.0005552812363021076,1.0223905519524124e-05,9.56498843152076e-06,0.0005040755495429039,0.00038070196751505136,1.5778921806486323e-05,0.000388967280741781,0.01137494295835495,0.02444273605942726,0.0,0.009314846247434616,2.2443229681812227e-05,0.2296869158744812,7.739228749414906e-06,,,,,
835,0.0161332655698061,0.00011240003064185916,290.4581602970138,0.36605405807495117,0.00250258413143456,0.000653974013403058,1.159073508461006e-05,9.195417078444734e-06,0.0007046514074318111,0.000380765093723312,1.558806252432987e-05,0.0003886648337356746,0.0341656319797039,0.01171116903424263,0.0,0.009980594739317894,6.473710527643561e-05,0.22978565096855164,4.730826731247362e-06,,,,,
836,0.015139492228627205,0.00011166271653197525,290.81582382600754,0.2793665826320648,0.002256376901641488,0.0006134708528406918,9.374924957228359e-06,9.80886397883296e-06,0.0005794264143332839,0.0003846611944027245,1.5314004485844634e-05,0.0003916157584171742,0.0088576078414917,0.01759262941777706,0.0,0.024877697229385376,7.427208765875548e-05,0.2298780083656311,9.932953616953455e-06,,,,,
837,0.017065882682800293,0.00011092948189420829,291.16403441602597,0.3406062722206116,0.0023763389326632023,0.0006618335610255599,7.7541026257677e-06,9.262017556466162e-06,0.0006193629815243185,0.00038968559238128364,1.5050256479298696e-05,0.0003963446361012757,0.02585088089108467,0.016275830566883087,0.0,0.034605927765369415,0.0001392706180922687,0.22997312247753143,5.0311787163082045e-06,,,,,
838,0.018223267048597336,0.00011020033396528789,291.5187572389841,0.3169096112251282,0.002401556121185422,0.0006152127170935273,8.036729923333041e-06,9.553265954309609e-06,0.0007538494537584484,0.0003883589815814048,1.4925549294275697e-05,0.0003951784747187048,0.017451215535402298,0.030209971591830254,0.0,0.03472301363945007,0.00012649910058826208,0.23007282614707947,6.0993929764663335e-06,,,,,
839,0.01632562279701233,0.00010947527994160992,291.8670419040136,0.22996585071086884,0.002259298926219344,0.0005326286773197353,1.0839677088370081e-05,8.259041351266205e-06,0.0005891565233469009,0.00038248999044299126,1.4906937394698616e-05,0.000389773485949263,0.03411280736327171,0.026781320571899414,0.0,0.015473444014787674,0.00017090639448724687,0.23017531633377075,5.559536475630011e-06,,,,,
840,0.017685366794466972,0.00010875432697916476,292.21617495798273,0.3673161566257477,0.002575509250164032,0.0006459144642576575,1.1011219612555578e-05,9.199294254358392e-06,0.0005195891135372221,0.0003789522161241621,1.4946212104405276e-05,0.0003869540523737669,0.028426816686987877,0.028817353770136833,0.0,0.02623274177312851,0.0001333400869043544,0.23027323186397552,2.478472879374749e-06,,,,,
841,0.01402047835290432,0.00010803748219346721,292.563559680013,0.41976243257522583,0.0021527872886508703,0.0005269157700240612,1.1514162906678393e-05,7.862986421969254e-06,0.000485141237732023,0.000378263124730438,1.4850077604933176e-05,0.00038633335498161614,0.015746641904115677,0.023129770532250404,0.0,0.009464372880756855,2.9624945454997942e-05,0.23037026822566986,6.810538252466358e-06,,,,,
842,0.01617562584578991,0.00010732475265948582,292.9103108679992,0.24778026342391968,0.0022279664408415556,0.0005352591397240758,1.421254091837909e-05,9.30721125769196e-06,0.0005628529470413923,0.0003785979060921818,1.4647172065451741e-05,0.0003862605371978134,0.027162810787558556,0.016770102083683014,0.0,0.039358705282211304,0.00026655266992747784,0.2304590791463852,2.6915347461908823e-06,,,,,
843,0.015863321721553802,0.00010661614541157327,293.25725667498773,0.2065892219543457,0.002427491592243314,0.0006585278315469623,1.3934611160948407e-05,8.011683348740917e-06,0.0005106855533085763,0.00038399704499170184,1.44664245453896e-05,0.00039131607627496123,0.023444846272468567,0.008366059511899948,0.0,0.03843844309449196,4.277304105926305e-05,0.23055247962474823,6.014121026964858e-06,,,,,
844,0.016608694568276405,0.00010591166744339711,293.60629970103037,0.3301854729652405,0.0023758350871503353,0.0005604830803349614,9.816036254051141e-06,7.462517714884598e-06,0.0005781793734058738,0.00038986533763818443,1.438605431758333e-05,0.0003970620164182037,0.03551983833312988,0.0278554018586874,0.0,0.012727010995149612,0.00011090751650044695,0.230651393532753,6.335055331874173e-06,,,,,
845,0.01614985801279545,0.00010521132570787058,293.9560643529985,0.2909913659095764,0.002186031313613057,0.0006727370782755315,9.706898708827794e-06,1.0616966392262839e-05,0.0004505475517362356,0.0003887111088261008,1.4446418390434701e-05,0.00039600810850970447,0.02583577297627926,0.01350873988121748,0.0,0.0359221026301384,0.0001881789357867092,0.23074300587177277,4.9080390454037115e-06,,,,,
846,0.016200529411435127,0.00010451512711708378,294.3061962039792,0.2961888611316681,0.0024390046019107103,0.000645982741843909,9.109992788580712e-06,9.134423635259736e-06,0.00046594624291174114,0.0003839662822429091,1.4611541701015085e-05,0.0003916063578799367,0.03926236182451248,0.014752347953617573,0.0,0.022664224728941917,4.318249557400122e-05,0.23084105551242828,4.585994247463532e-06,,,,,
847,0.014700958505272865,0.00010382307854223562,294.6553093849798,0.2535770833492279,0.002010520314797759,0.0005075294757261872,9.365492587676272e-06,1.1057345545850694e-05,0.0006546406075358391,0.0003829093184322119,1.460915336792823e-05,0.0003906231722794473,0.026861723512411118,0.017503870651125908,0.0,0.014908290468156338,3.9076949178706855e-05,0.2309354543685913,5.352392236090964e-06,,,,,
848,0.017966341227293015,0.00010313518681356635,295.00306766398717,0.12668678164482117,0.002086814260110259,0.0006736846407875419,7.003181963227689e-06,8.65278434503125e-06,0.0004926788387820125,0.0003823338483925909,1.4558917428075802e-05,0.00038986385334283113,0.03139074519276619,0.031887270510196686,0.0,0.03162150830030441,9.673360909800977e-05,0.23102620244026184,5.6921444411273114e-06,,,,,
849,0.01912802644073963,0.00010245145872028952,295.3491375509766,0.1966913491487503,0.001933487830683589,0.0006263589020818472,1.0670919436961412e-05,8.684195563546382e-06,0.0005039932439103723,0.0003820955753326416,1.4516540431941394e-05,0.0003893635584972799,0.008653456345200539,0.06637398898601532,0.0,0.018459878861904144,5.241136750555597e-05,0.2311188131570816,9.462193702347577e-06,,,,,
850,0.014150626957416534,0.00010177190101052528,295.6972247119993,0.19306518137454987,0.002266606781631708,0.000673694652505219,1.1940526746911928e-05,8.26222458272241e-06,0.00040379640995524824,0.00038020260399207473,1.4516983355861157e-05,0.0003874108660966158,0.011284787207841873,0.016132870689034462,0.0,0.011320240795612335,2.0465729903662577e-05,0.23120775818824768,1.6407109342253534e-06,5.404417480451902,7.225775830903128,1.2632909423859122,0.7502411858703003,3.3656882764278038
851,0.014107676222920418,0.00010109652039123391,296.0986717590131,0.1155962198972702,0.002331717172637582,0.0005510238697752357,1.1895353054569568e-05,8.185636033886112e-06,0.0004262531874701381,0.00037876141141168773,1.4615216059610248e-05,0.0003859704884234816,0.026283344253897667,0.013729008845984936,0.0,0.014454968273639679,0.00013936575851403177,0.23128940165042877,5.859006250830134e-06,,,,,
852,0.02041693404316902,0.00010042532352814968,296.45118982502026,0.12316831946372986,0.0021752219181507826,0.0005611159722320735,1.2025579053442925e-05,8.182011697499547e-06,0.0006609658594243228,0.0003775899822358042,1.4749637557542883e-05,0.00038496340857818723,0.03550955653190613,0.05377976968884468,0.0,0.03519654646515846,8.399850776186213e-05,0.23136736452579498,5.595025868387893e-06,,,,,
853,0.014205437153577805,9.975831704571447e-05,296.80073446198367,0.2513567805290222,0.002245621057227254,0.0006847776239737868,1.0492860383237712e-05,8.531003913958557e-06,0.0005917741800658405,0.0003777224337682128,1.48558356158901e-05,0.0003852302033919841,0.0059823524206876755,0.008090001530945301,0.0,0.015969442203640938,9.808895993046463e-05,0.23144811391830444,1.3669293366547208e-05,,,,,
854,0.016365734860301018,9.909550752701293e-05,297.14667621901026,0.10137486457824707,0.002051352523267269,0.0005413440521806479,1.050731043505948e-05,7.805614586686715e-06,0.0005019980017095804,0.00037896871799603105,1.4936962543288246e-05,0.00038624886656180024,0.014796283096075058,0.03143215924501419,0.0,0.03345801681280136,0.0003174168523401022,0.2315242737531662,7.8312559708138e-06,,,,,
855,0.014384777285158634,9.843690151370759e-05,297.4942166400142,0.13201893866062164,0.0025844601914286613,0.0006570756668224931,8.717886885278858e-06,8.028977390495129e-06,0.0003388675395399332,0.00038108063745312393,1.4948766875022557e-05,0.0003879917203448713,0.01755353808403015,0.016552317887544632,0.0,0.009699493646621704,7.418349559884518e-05,0.2316032201051712,9.470334589423146e-06,,,,,
856,0.015654608607292175,9.77825055059737e-05,297.84428268199554,0.2553645670413971,0.002358220284804702,0.0006322372355498374,6.582765308849048e-06,1.0529165592743084e-05,0.0006656769546680152,0.00038244991446845233,1.499912923463853e-05,0.0003892386157531291,0.024605466052889824,0.007373756729066372,0.0,0.025450391694903374,0.0002357008052058518,0.2316775768995285,3.7481945582840126e-06,,,,,
857,0.01574588008224964,9.713232596243588e-05,298.1947858420317,0.3540603816509247,0.0024749862495809793,0.0005786571418866515,1.1445663403719664e-05,8.778371011430863e-06,0.0004519354260992259,0.00038502307143062353,1.4976940292399377e-05,0.0003913750406354666,0.024193288758397102,0.012291260994970798,0.0,0.04241779446601868,0.00013677551760338247,0.23175102472305298,8.804785807114968e-07,,,,,
858,0.015720022842288017,9.648636930010361e-05,298.5439596120268,0.15478618443012238,0.002173674525693059,0.00066277792211622,9.807317837839946e-06,7.6012870522390585e-06,0.0004413646529428661,0.00038332343683578074,1.504018382547656e-05,0.00038986047729849815,0.012685120105743408,0.02104552648961544,0.0,0.02986956760287285,0.00013853756536263973,0.23183000087738037,5.156695806363132e-06,,,,,
859,0.015582949854433537,9.584464189430842e-05,298.8936968630296,0.14511652290821075,0.0020721862092614174,0.000612737494520843,1.1175211511726957e-05,8.752906069275923e-06,0.0005062218988314271,0.0003813104995060712,1.5177312889136374e-05,0.0003882415476255119,0.02719239890575409,0.0162386205047369,0.0,0.02781624160706997,8.035991777433082e-05,0.2319108247756958,7.252755949593848e-06,,,,,
860,0.01807006634771824,9.520715007864077e-05,299.2353274379857,0.3669721782207489,0.002150437794625759,0.0006804817821830511,9.541530744172633e-06,8.732506103115156e-06,0.0006998577155172825,0.00038075330667197704,1.5319032172556035e-05,0.00038830048288218677,0.038084425032138824,0.015045985579490662,0.0,0.04152767360210419,7.293577073141932e-05,0.23199164867401123,1.2174423318356276e-05,,,,,
861,0.014862208627164364,9.457390014488737e-05,299.5816680659773,0.24065878987312317,0.0021862273570150137,0.0006000306457281113,1.288323983317241e-05,7.064217243168969e-06,0.000430754036642611,0.0003808675392065197,1.5346922737080604e-05,0.00038830682751722634,0.030620776116847992,0.0114314965903759,0.0,0.024118129163980484,0.00011485780851216987,0.23207801580429077,3.439656211412512e-05,,,,,
862,0.013608390465378761,9.39448983429694e-05,299.9284924690146,0.10156065970659256,0.0023646221961826086,0.000591941352467984,1.3165305972506758e-05,8.615159458713606e-06,0.0003644242824520916,0.00038166058948263526,1.5282126696547493e-05,0.00038861436769366264,0.0027108953800052404,0.014130217023193836,0.0,0.023849276825785637,0.00016078175394795835,0.23216071724891663,5.391736976889661e-06,,,,,
863,0.01643848977982998,9.33201508808809e-05,300.2704881260288,0.32643264532089233,0.0025161709636449814,0.0005386861157603562,1.4847706552245654e-05,9.332805348094553e-06,0.00073909544153139,0.0003833893279079348,1.524406070529949e-05,0.0003899422299582511,0.004809741396456957,0.03324487805366516,0.0,0.013017560355365276,0.00025954368175007403,0.23224252462387085,7.901086064521223e-06,,,,,
864,0.015568959526717663,9.269966392462704e-05,300.6153555539786,0.15089444816112518,0.002287301467731595,0.0007629941683262587,1.1314983566990122e-05,8.705177606316283e-06,0.0004276387335266918,0.00038299793959595263,1.5327177607105114e-05,0.0003896526759490371,0.007469260133802891,0.009396788664162159,0.0,0.03933205455541611,5.416603016783483e-05,0.23231974244117737,2.145773578376975e-06,,,,,
865,0.015462037175893784,9.208344359816346e-05,300.96684480598196,0.14356230199337006,0.002595213707536459,0.0004746552440337837,1.0113804819411598e-05,8.38880441733636e-06,0.0006132030393928289,0.00038188506732694805,1.5450521459570155e-05,0.00038887644768692553,0.01692603901028633,0.028023744001984596,0.0,0.014767071232199669,0.00010326894698664546,0.2324024885892868,1.3013283023610711e-05,,,,,
866,0.01644109934568405,9.147149598333617e-05,301.3121704690275,0.2779522240161896,0.0021981315221637487,0.0005177519051358104,8.815137334750034e-06,1.0833342457772233e-05,0.00048265018267557025,0.00038193404907360673,1.5563215129077435e-05,0.00038951626629568636,0.012406543828547001,0.04182737320661545,0.0,0.02256988175213337,0.0001066597833414562,0.2324788123369217,4.635627192328684e-06,,,,,
867,0.018150649964809418,9.086382711982096e-05,301.6581183379749,0.2922345697879791,0.0019951597787439823,0.0006752180634066463,9.723952643980738e-06,1.2403572327457368e-05,0.0005757786566391587,0.00038202505675144494,1.5576833902741782e-05,0.0003897110582329333,0.03935203328728676,0.02589143067598343,0.0,0.03167195990681648,0.00014877015200909227,0.23255331814289093,8.449412234767806e-06,,,,,
868,0.015337935648858547,9.026044300506416e-05,302.00566054700175,0.3353070616722107,0.0021711320150643587,0.0005938995163887739,8.78219634614652e-06,9.222779226547573e-06,0.0007665349985472858,0.00038070991286076605,1.546843304822687e-05,0.00038811532431282103,0.009536180645227432,0.02294129878282547,0.0,0.00845693051815033,4.206104495096952e-05,0.232629656791687,8.607494237367064e-06,,,,,
869,0.014129899442195892,8.966134959422344e-05,302.35250697802985,0.12898212671279907,0.002138444921001792,0.0006558969034813344,9.554858479532413e-06,8.368953785975464e-06,0.0004593040212057531,0.0003814470546785742,1.5182848073891364e-05,0.0003880824369844049,0.014812792651355267,0.00953875482082367,0.0,0.02109849452972412,4.810847531189211e-05,0.23269958794116974,6.689410838589538e-06,,,,,
870,0.015007142908871174,8.906655280010894e-05,302.6996423819801,0.361377090215683,0.002050049602985382,0.0006212453590705991,1.2321712347329594e-05,7.497087608498987e-06,0.00047458632616326213,0.00038370382389985025,1.492751562182093e-05,0.0003900036390405148,0.02078518085181713,0.01569557934999466,0.0,0.026277612894773483,3.5671382647706196e-05,0.2327667474746704,2.7702751594915753e-06,,,,,
871,0.016371140256524086,8.84760584931249e-05,303.04555854498176,0.40109965205192566,0.002262256108224392,0.0006731422618031502,1.1879959856742062e-05,8.92395109985955e-06,0.000553926860447973,0.00038194769877009094,1.4771738278795965e-05,0.00038843959919176996,0.005028168670833111,0.0242181196808815,0.0,0.033538203686475754,2.3902532120700926e-05,0.2328348606824875,4.640066435968038e-06,,,,,
872,0.014520328491926193,8.788987250121166e-05,303.39046977099497,0.20182064175605774,0.002321772975847125,0.0006652952870354056,9.691916602605488e-06,9.00188933883328e-06,0.00046687162830494344,0.0003779907419811934,1.4781437130295672e-05,0.000385105173336342,0.011961277574300766,0.01461709477007389,0.0,0.01664954051375389,1.90947248484008e-05,0.23290573060512543,3.5124462556268554e-06,,,,,
873,0.013806406408548355,8.730800060978826e-05,303.73986596800387,0.40641167759895325,0.002001033630222082,0.0005251348484307528,1.0616487088555004e-05,8.631734090158716e-06,0.00047430777340196073,0.0003778119571506977,1.4816820112173446e-05,0.0003853667585644871,0.030142134055495262,0.00418010214343667,0.0,0.03205027058720589,7.257601828314364e-05,0.23297201097011566,6.876333827676717e-06,,,,,
874,0.01734856702387333,8.673044856169541e-05,304.0887952949852,0.15050213038921356,0.0020618299022316933,0.0006486446363851428,1.036501180351479e-05,9.657363989390433e-06,0.0005447009461931884,0.00037877680733799934,1.473281008657068e-05,0.0003861591685563326,0.02667365036904812,0.03266222029924393,0.0,0.019354594871401787,0.0002305475645698607,0.23304106295108795,1.0130704140465241e-05,,,,,
875,0.016081739217042923,8.615722205713879e-05,304.4399083270109,0.09216487407684326,0.002259408123791218,0.0006267147837206721,7.381618161161896e-06,7.707333679718431e-06,0.0006377712707035244,0.00038089678855612874,1.4625516087107826e-05,0.00038795958971604705,0.01412094198167324,0.0217011496424675,0.0,0.02010340988636017,0.00030341785168275237,0.23310920596122742,4.809381152881542e-06,5.404022535490177,7.252978570119774,1.2207242283691238,0.9741179785996231,3.222251579273438
876,0.016274962574243546,8.558832675363237e-05,304.84060974401655,0.20435750484466553,0.002197439083829522,0.0005698819877579808,7.651487976545468e-06,7.477748113160487e-06,0.0007962609524838626,0.0003831252979580313,1.4559997907781508e-05,0.00038999630487523973,0.01692633330821991,0.02474965900182724,0.0,0.015910327434539795,0.00013516255421563983,0.23317459225654602,5.149660864844918e-06,,,,,
877,0.013112328946590424,8.502376826594335e-05,305.18832877703244,0.33549171686172485,0.002192194340750575,0.0006012165686115623,1.0069084964925423e-05,8.613942554802634e-06,0.0005437941290438175,0.0003828337066806853,1.4611788174079265e-05,0.0003897311689797789,0.013895152136683464,0.004692228510975838,0.0,0.012404315173625946,3.6546389310387895e-05,0.23323814570903778,3.1662420951761305e-06,,,,,
878,0.015158461406826973,8.446355216603588e-05,305.5373865659931,0.24722632765769958,0.001911137835122645,0.0006453925161622465,7.5336856752983294e-06,9.846806278801523e-06,0.0004640116821974516,0.0003797694225795567,1.470511324441759e-05,0.00038705230690538883,0.032849110662937164,0.011329218745231628,0.0,0.02411011792719364,0.00015505749615840614,0.23329894244670868,4.395973064674763e-06,,,,,
879,0.014786109328269958,8.390768398301685e-05,305.8862295030267,0.18167360126972198,0.002075932687148452,0.0006231863517314196,7.26033385944902e-06,9.20390993996989e-06,0.0005777617916464806,0.00037863722536712885,1.4691626347484998e-05,0.0003859858843497932,0.019739307463169098,0.006227658595889807,0.0,0.031053511425852776,0.000170519357197918,0.23335975408554077,6.547707016579807e-06,,,,,
880,0.016614772379398346,8.335616920308054e-05,306.27109882002696,0.2017039656639099,0.002274898812174797,0.0006761953118257225,8.268993951787706e-06,7.686456228839234e-06,0.000780597678385675,0.0003784133878070861,1.4715853467350826e-05,0.0003856743860524148,0.025542518123984337,0.01096809096634388,0.0,0.025692550465464592,7.911433931440115e-05,0.23342517018318176,1.929346581164282e-06,,,,,
881,0.015722502022981644,8.28090132694555e-05,306.6220978560159,0.22618281841278076,0.002277480671182275,0.0006860384601168334,1.0483248843229376e-05,7.952426130941603e-06,0.0006225395482033491,0.00037938071181997657,1.4740208825969603e-05,0.0003863533493131399,0.01195397600531578,0.020923137664794922,0.0,0.010731554590165615,0.00013529698480851948,0.23349152505397797,7.950577128212899e-06,,,,,
882,0.018351759761571884,8.226622158234977e-05,306.9686125610024,0.15967613458633423,0.0022500709164887667,0.0005918482784181833,1.113886810344411e-05,7.882787940616254e-06,0.0005867145373485982,0.000379017845261842,1.485422944824677e-05,0.0003859548014588654,0.024447694420814514,0.046590618789196014,0.0,0.016823068261146545,0.00019297271501272917,0.23355327546596527,2.214672804257134e-06,,,,,
883,0.016795450821518898,8.172779949889824e-05,307.3140997790033,0.08415970951318741,0.0020722716581076384,0.0006714155315421522,1.1806598195107654e-05,9.096208486880641e-06,0.0007734407554380596,0.0003802096180152148,1.4921506590326317e-05,0.00038694613613188267,0.03412460535764694,0.012470941990613937,0.0,0.02277430146932602,3.3942924346774817e-05,0.2336113601922989,5.94362700212514e-06,,,,,
884,0.01597701385617256,8.119375233310927e-05,307.66236338898307,0.3776033818721771,0.0021350886672735214,0.0006501228781417012,8.872375474311411e-06,8.214805347961374e-06,0.0006382815772667527,0.00038150150794535875,1.5033686395327095e-05,0.0003879962023347616,0.015471984632313251,0.018057651817798615,0.0,0.026757488027215004,7.244218431878835e-05,0.2336685210466385,4.261490175849758e-06,,,,,
885,0.01454958226531744,8.066408535581303e-05,308.0107054520049,0.04438763111829758,0.0023245003540068865,0.0006440189899876714,1.1404246833990328e-05,8.678713129484095e-06,0.0003840198914986104,0.00037860748125240207,1.5266803529812023e-05,0.0003853120724670589,0.006382442079484463,0.01285624410957098,0.0,0.0354578010737896,3.874141111737117e-05,0.2337266057729721,5.410028279584367e-06,,,,,
886,0.01453544944524765,8.013880379460866e-05,308.35858391801594,0.18002641201019287,0.0020466153509914875,0.0006131445406936109,8.133396477205679e-06,1.0302336704626214e-05,0.00033882842399179935,0.0003769431496039033,1.5506473573623225e-05,0.00038389480323530734,0.008762303739786148,0.018216438591480255,0.0,0.028489060699939728,0.0004437575116753578,0.23378655314445496,5.509959009941667e-06,,,,,
887,0.016231920570135117,7.961791283381301e-05,308.7078042050125,0.18556587398052216,0.0019115119939669967,0.0006337865488603711,1.0663175999070518e-05,9.907647836371325e-06,0.00046095470315776765,0.00037643223186023533,1.560600139782764e-05,0.00038342183688655496,0.00973858404904604,0.027321625500917435,0.0,0.04070229455828667,3.172817378072068e-05,0.23384742438793182,5.0397902668919414e-06,,,,,
888,0.01405464019626379,7.910141761440981e-05,309.05633059400134,0.10538404434919357,0.0023535818327218294,0.0005642450414597988,8.064678695518523e-06,9.324030543211848e-06,0.00041392570710740983,0.00037636293563991785,1.5632329450454563e-05,0.00038312753895297647,0.01871909201145172,0.005654033273458481,0.0,0.03769843652844429,5.3434989240486175e-05,0.23391291499137878,8.577381777286064e-06,,,,,
889,0.014125239104032516,7.858932323399816e-05,309.40623451402644,0.12060637772083282,0.002006415743380785,0.0006284249247983098,1.2022941518807784e-05,8.822577001410536e-06,0.0005010169115848839,0.00037616424378938973,1.5643694496247917e-05,0.0003828403714578599,0.017301049083471298,0.01184017676860094,0.0,0.016972512006759644,6.518318696180359e-05,0.23398025333881378,7.596308023494203e-06,,,,,
890,0.0156553965061903,7.808163474674296e-05,309.7544248729828,0.13564352691173553,0.002069116337224841,0.0006142014171928167,1.1313371032883879e-05,9.384591976413503e-06,0.0006081833271309733,0.0003767189627978951,1.563928890391253e-05,0.0003832055954262614,0.011236554011702538,0.01705014333128929,0.0,0.0347587987780571,0.0001134136036853306,0.23404668271541595,4.471000465855468e-06,,,,,
891,0.014606376178562641,7.757835716332449e-05,310.10299358703196,0.15596774220466614,0.0021018863189965487,0.0006396906683221459,9.732891157909762e-06,8.734479706618004e-06,0.0005509271286427975,0.0003769735340029001,1.5616575183230452e-05,0.00038342076004482806,0.01620618626475334,0.011364392936229706,0.0,0.018314329907298088,0.00022149896540213376,0.23411497473716736,3.5488235425873427e-06,,,,,
892,0.015617258846759796,7.707949545088935e-05,310.4551586260204,0.17744527757167816,0.00195637671276927,0.0005735408631153405,1.0929830750683323e-05,9.62315607466735e-06,0.0005044877761974931,0.0003764776047319174,1.5612758943461813e-05,0.0003830823698081076,0.02505052462220192,0.020221469923853874,0.0,0.027825046330690384,0.00026673736283555627,0.2341805100440979,6.983031198615208e-06,,,,,
893,0.015914836898446083,7.65850545330014e-05,310.8052057850291,0.14892937242984772,0.0021494021639227867,0.0007117336499504745,7.539576472481713e-06,9.315047464042436e-06,0.00054406956769526,0.0003766380832530558,1.5619832993252203e-05,0.00038343030610121787,0.01372293196618557,0.01803980953991413,0.0,0.02469431236386299,8.890290337149054e-05,0.23424789309501648,2.4120759007928427e-06,,,,,
894,0.015232397243380547,7.609503928959276e-05,311.15635170199675,0.2211894690990448,0.002292046556249261,0.0005266682710498571,9.631105058360845e-06,1.1501128028612584e-05,0.0007470515556633472,0.0003768866590689868,1.552254798298236e-05,0.0003837180556729436,0.010321821086108685,0.012671628966927528,0.0,0.03542953357100487,5.806334229419008e-05,0.23431436717510223,3.931957053282531e-06,,,,,
895,0.016277063637971878,7.560945455691598e-05,311.5085330469883,0.12750230729579926,0.0021474980749189854,0.0005266435327939689,7.89752448326908e-06,1.047298064804636e-05,0.0006066139321774244,0.0003775835211854428,1.5355604773503728e-05,0.00038416183087974787,0.03687671571969986,0.015969783067703247,0.0,0.03681141883134842,0.0001112588943215087,0.23438361287117004,2.181474201279343e-06,,,,,
896,0.015769323334097862,7.512830512749649e-05,311.8581127069774,0.2972129285335541,0.0024538924917578697,0.0006336026126518846,7.059176823531743e-06,1.122230605687946e-05,0.0004049715353175998,0.0003785215085372329,1.5137511581997387e-05,0.0003848564228974283,0.013096191920340061,0.020161330699920654,0.0,0.03145693987607956,0.0002615175908431411,0.2344556450843811,2.6016021365649067e-05,,,,,
897,0.01520700752735138,7.465159575008484e-05,312.2072468390106,0.09038571268320084,0.002209937898442149,0.0005814021569676697,1.1390378858777694e-05,7.893773727118969e-06,0.0005478669772855937,0.0003771834308281541,1.495293417974608e-05,0.0003835573443211615,0.013787299394607544,0.02372787520289421,0.0,0.017890721559524536,9.607576066628098e-05,0.23452861607074738,3.2393822948506568e-06,,,,,
898,0.013455655425786972,7.417933112961001e-05,312.55530492099933,0.1252521276473999,0.002185748191550374,0.0006544947391375899,1.5969842934282497e-05,9.190062883135397e-06,0.00040125951636582613,0.00037533504655584693,1.4824954632786103e-05,0.00038179056718945503,0.013386057689785957,0.009558649733662605,0.0,0.010803421959280968,0.00010999993537552655,0.23459696769714355,4.875541890214663e-06,,,,,
899,0.018717359751462936,7.37115159271334e-05,312.9022350180312,0.12647978961467743,0.00236469111405313,0.0006346571608446538,1.3708736332773697e-05,7.971249942784198e-06,0.0006013372913002968,0.0003739826788660139,1.4718433703819755e-05,0.0003805290616583079,0.015970272943377495,0.041838254779577255,0.0,0.033111054450273514,0.00012187694665044546,0.23465979099273682,2.626602963573532e-06,,,,,
900,0.020882798358798027,7.324815475980207e-05,313.24977494898485,0.12212800979614258,0.002367650158703327,0.000678345444612205,8.492244887747802e-06,9.599974873708561e-06,0.000783872208558023,0.0003727346775121987,1.4668627954961266e-05,0.0003794415679294616,0.03886708617210388,0.03219890221953392,0.0,0.05301901698112488,6.834715168224648e-05,0.23472724854946136,3.663593361125095e-06,5.335469212433494,7.1086786712924175,1.23038204730628,0.820586288798885,3.4217979256639492
901,0.015189949423074722,7.278925220080365e-05,313.65254295500927,0.19828808307647705,0.002027971437200904,0.0006078015430830419,9.10965809453046e-06,8.095053999568336e-06,0.0004374691634438932,0.00037218994111754,1.464420620322926e-05,0.00037903018528595567,0.03216618299484253,0.015272180549800396,0.0,0.024384090676903725,0.000130398606415838,0.23480209708213806,8.826740668155253e-06,,,,,
902,0.01630510948598385,7.23348127793211e-05,313.99923520401353,0.3993404507637024,0.002305809874087572,0.000557989813387394,1.0025631127064116e-05,8.41402834339533e-06,0.0007724333554506302,0.00037234072806313634,1.4623602510255296e-05,0.00037914299173280597,0.02752203680574894,0.016296252608299255,0.0,0.023807741701602936,0.0001776446879375726,0.2348742038011551,3.4149052225984633e-06,,,,,
903,0.015702243894338608,7.188484098048812e-05,314.34684449998895,0.19607578217983246,0.0022788401693105698,0.0005704049835912883,1.2896837688458618e-05,7.2484108386561275e-06,0.0006442201556637883,0.0003743749111890793,1.4594301319448277e-05,0.00038070607115514576,0.013302368111908436,0.021348414942622185,0.0,0.021470755338668823,0.0003121303452644497,0.23494446277618408,5.15344254381489e-06,,,,,
904,0.015190433710813522,7.143934124534461e-05,314.6967036559945,0.16234177350997925,0.002556745894253254,0.0005467728478834033,9.298694749304559e-06,8.946697562350892e-06,0.0004680978017859161,0.00037705653812736273,1.4616164662584197e-05,0.00038310757372528315,0.007849788293242455,0.022074855864048004,0.0,0.03026139922440052,0.00015685884864069521,0.23501195013523102,3.325338184367865e-05,,,,,
905,0.015905842185020447,7.099831797079321e-05,315.04273782798555,0.4567003846168518,0.0019116707844659686,0.0005313024157658219,8.68518964125542e-06,9.40284735406749e-06,0.0004525774565991014,0.00038023662636987865,1.4615845429943874e-05,0.00038595206569880247,0.026274580508470535,0.03351600468158722,0.0,0.02199682965874672,6.267746357480064e-05,0.23508130013942719,1.1095510672021192e-05,,,,,
906,0.016159633174538612,7.05617755095555e-05,315.3913276690291,0.23236441612243652,0.0021382716950029135,0.0006496423156931996,9.564262654748745e-06,9.953625522030052e-06,0.0005267264787107706,0.00037798716221004725,1.4710019058838952e-05,0.0003839203272946179,0.04149344563484192,0.012287531979382038,0.0,0.02101071923971176,0.0002606460184324533,0.23514974117279053,1.4653987818746828e-06,,,,,
907,0.0139542231336236,7.012971817012945e-05,315.73994093498914,0.1293269246816635,0.0023776304442435503,0.000563198933377862,8.370558134629391e-06,1.1680407624226063e-05,0.0004043073859065771,0.00037545934901572764,1.4779075172555167e-05,0.0003817564866039902,0.022678978741168976,0.015200266614556313,0.0,0.012331860139966011,8.054244244704023e-05,0.23521633446216583,4.7111575440794695e-06,,,,,
908,0.015591601841151714,6.970215021674649e-05,316.086053845007,0.1417851448059082,0.0021213118452578783,0.0005487515591084957,8.438546501565725e-06,9.758268788573332e-06,0.0005546995671465993,0.00037424007314257324,1.4817446754022967e-05,0.00038081291131675243,0.012938182801008224,0.03542851284146309,0.0,0.010139238089323044,8.825305849313736e-05,0.23527832329273224,9.788573152036406e-07,,,,,
909,0.01617537997663021,6.92790758693297e-05,316.4355551030021,0.17037874460220337,0.0023643409367650747,0.0005703867645934224,7.420353995257756e-06,8.603477908764035e-06,0.0005601586308330297,0.0003736273501999676,1.4800256394664757e-05,0.0003803424187935889,0.02456103451550007,0.030257532373070717,0.0,0.011633689515292645,0.00010763649333966896,0.23533476889133453,1.2668950148508884e-05,,,,,
910,0.01695498265326023,6.886049930345206e-05,316.78289513097843,0.2048361897468567,0.002323177410289645,0.0005655325367115438,1.2236613656568807e-05,7.088015081535559e-06,0.0004012177814729512,0.0003734242054633796,1.4793579794059042e-05,0.00038012006552889943,0.02455923706293106,0.0417926087975502,0.0,0.01834210939705372,9.321930701844394e-05,0.23538842797279358,1.468615096200665e-06,,,,,
911,0.016439901664853096,6.844642465029537e-05,317.1287915990106,0.09591452777385712,0.0021880290005356073,0.0005726775852963328,1.08275798993418e-05,8.977648576546926e-06,0.0006622238433919847,0.00037421745946630836,1.4740839105797932e-05,0.0003807201574090868,0.029011160135269165,0.027231410145759583,0.0,0.01367362029850483,6.663297244813293e-05,0.23544025421142578,6.768691491743084e-06,,,,,
912,0.014959441497921944,6.803685599660926e-05,317.4765410660184,0.16467538475990295,0.002519031520932913,0.0007453348371200264,9.617286195862107e-06,7.775339327054098e-06,0.0004074244643561542,0.0003757884551305324,1.4676083083031699e-05,0.0003820540150627494,0.0168379507958889,0.013009782880544662,0.0,0.012034795247018337,2.141524964827113e-05,0.23548930883407593,1.0139830919797532e-05,,,,,
913,0.014598347246646881,6.76317973846709e-05,317.8255672000232,0.2892926037311554,0.0021891100332140923,0.0005350208375602961,1.6484238585690036e-05,8.301799425680656e-06,0.0006196078029461205,0.00037826396874152124,1.4697251572215464e-05,0.0003842697769869119,0.013397416099905968,0.022823214530944824,0.0,0.010324285365641117,2.3127111489884555e-05,0.23553466796875,3.6705657748825615e-06,,,,,
914,0.01492232270538807,6.72312528122454e-05,318.1743556939764,0.3691421449184418,0.002235258696600795,0.0006684046238660812,1.2382077329675667e-05,8.190541848307475e-06,0.0004945461987517774,0.00037834845716133714,1.4821035620116163e-05,0.00038436599425040185,0.012422219850122929,0.024210773408412933,0.0,0.0037068836390972137,1.0772719178930856e-05,0.2355763167142868,8.393638381676283e-06,,,,,
915,0.016381749883294106,6.683522623254598e-05,318.52503555000294,0.10074847936630249,0.002202973933890462,0.0006490901578217745,1.0696361641748808e-05,9.970156497729477e-06,0.0004938215715810657,0.00037599127972498536,1.5037154298624955e-05,0.00038247936754487455,0.013252485543489456,0.0353044793009758,0.0,0.011326318606734276,0.00013945053797215223,0.2356133610010147,2.33829632634297e-06,,,,,
916,0.015942780300974846,6.644372155419492e-05,318.87245638499735,0.15401963889598846,0.002199798822402954,0.0006034905090928078,1.096398955269251e-05,1.066887125489302e-05,0.0006816831300966442,0.00037588668055832386,1.5224634807964321e-05,0.0003828112967312336,0.02485109120607376,0.014486029744148254,0.0,0.026237139478325844,5.8838792028836906e-05,0.23564854264259338,4.852358870266471e-06,,,,,
917,0.015372058376669884,6.605674264118549e-05,319.2216488739941,0.3840276002883911,0.0020279763266444206,0.0005920955445617437,9.234546268999111e-06,1.271816927328473e-05,0.0006502440664917231,0.0003764286229852587,1.5364590581157245e-05,0.0003836057148873806,0.01022317260503769,0.021086769178509712,0.0,0.02024620771408081,0.0002419440570520237,0.2356855720281601,3.324436647744733e-06,,,,,
918,0.018271101638674736,6.567429331284338e-05,319.5696405810304,0.4166760742664337,0.0025002046022564173,0.0005871674511581659,8.263314157375135e-06,1.1282011655566748e-05,0.0008430987945757806,0.00037599317147396505,1.5340832760557532e-05,0.0003828970657195896,0.037783436477184296,0.02495073713362217,0.0,0.02094666101038456,0.00016280751151498407,0.235722616314888,4.410197561810492e-06,,,,,
919,0.017327504232525826,6.529637734378897e-05,319.91875649400754,0.15520428121089935,0.0023122287821024656,0.000713392801117152,1.2592756320373155e-05,7.713147169852164e-06,0.000580889405682683,0.00037684422568418086,1.5216606698231772e-05,0.00038299462175928056,0.04159674420952797,0.017437221482396126,0.0,0.01995149254798889,4.7522193199256435e-05,0.2357596606016159,5.255707947071642e-06,,,,,
920,0.015296462923288345,6.492299846390025e-05,320.2672326139873,0.23800235986709595,0.0020330152474343777,0.0007667808677069843,1.2998853890167084e-05,9.085995770874433e-06,0.0005845820414833724,0.0003784732543863356,1.5197383618215099e-05,0.0003841738507617265,0.02685820870101452,0.004479779861867428,0.0,0.01570243574678898,7.518420898122713e-05,0.2357967048883438,5.765284640801838e-06,,,,,
921,0.013630261644721031,6.455416035827612e-05,320.6140789189958,0.6833460927009583,0.002037043683230877,0.0005783314118161798,1.6903335563256405e-05,8.078275641310029e-06,0.00041623585275374353,0.0003785925800912082,1.5279014405678026e-05,0.00038414288428612053,0.018633708357810974,0.019158564507961273,0.0,0.004237318877130747,7.499252387788147e-05,0.2358328253030777,3.3129940675280523e-06,,,,,
922,0.01436480414122343,6.418986666719976e-05,320.9620950539829,0.21806293725967407,0.002047095913439989,0.0005771131254732609,1.2179983968962915e-05,8.041229193622712e-06,0.0006455383263528347,0.00037434606929309666,1.5511746823904105e-05,0.0003806150343734771,0.022530624642968178,0.016253694891929626,0.0,0.0015160967595875263,0.0001804876228561625,0.2358652502298355,7.339797775784973e-06,,,,,
923,0.016563381999731064,6.38301209861028e-05,321.31587692402536,0.5261384844779968,0.0019159233197569847,0.0006162661593407393,8.975281161838211e-06,8.761820936342701e-06,0.0005694240680895746,0.00037404688191600144,1.5747138604638167e-05,0.0003814057563431561,0.01318329107016325,0.0387348048388958,0.0,0.013958727940917015,0.000124128331663087,0.23589304089546204,3.2794600883789826e-06,,,,,
924,0.014547893777489662,6.347492686552988e-05,321.6714180529816,0.48583078384399414,0.002287161536514759,0.0005560981808230281,1.0060197382699698e-05,8.71727752382867e-06,0.000477920810226351,0.0003744001151062548,1.5786939911777154e-05,0.0003819446137640625,0.02535437047481537,0.015205489471554756,0.0,0.017613541334867477,0.00013522976951207966,0.23592175543308258,1.8340970200370066e-06,,,,,
925,0.01474536582827568,6.312428781110366e-05,322.0204255889985,0.396081805229187,0.0020909064915031195,0.0005373773165047169,9.262192179448903e-06,9.910359949572012e-06,0.0007385524222627282,0.0003732775803655386,1.5698131392127834e-05,0.00038023004890419543,0.005152994766831398,0.014510761946439743,0.0,0.027207398787140846,0.00020970073819626123,0.23595046997070312,3.076266875723377e-05,5.400224896541368,7.25453334485023,1.2229012473792809,0.9349212805563829,3.19506259703526
926,0.014641813933849335,6.277820728348992e-05,322.41155459702713,0.11238062381744385,0.0019426794024184346,0.000667616433929652,1.1019132216461003e-05,7.929665116535034e-06,0.0005976501270197332,0.0003750659816432744,1.548473483126145e-05,0.0003809680638369173,0.016606401652097702,0.013702538795769215,0.0,0.010730622336268425,0.00010751023364719003,0.2359810471534729,3.0603470804635435e-05,,,,,
927,0.01592148281633854,6.243668869836385e-05,322.761688677012,0.4407776892185211,0.001867626910097897,0.0006376288365572691,1.1067733794334345e-05,8.637926839583088e-06,0.0005498213577084243,0.00038194755325093865,1.5277024431270547e-05,0.0003870310902129859,0.009281557984650135,0.019372187554836273,0.0,0.042757127434015274,8.096545207081363e-05,0.23601070046424866,9.626902283343952e-06,,,,,
928,0.013922502286732197,6.209973542637582e-05,323.1136190579855,0.8265954256057739,0.0026611736975610256,0.0005750069976784289,1.0285495591233484e-05,7.491567885153927e-06,0.0005102491122670472,0.00038517831126227975,1.52060019900091e-05,0.0003900764277204871,0.013542736880481243,0.0108783058822155,0.0,0.01258457638323307,0.00010403632040834054,0.23604683578014374,5.657673227688065e-06,,,,,
929,0.0134810172021389,6.17673507931189e-05,323.45952317502815,0.4835555851459503,0.0021107483189553022,0.0005767700495198369,1.0636367733241059e-05,8.242491276178043e-06,0.0004930663271807134,0.0003765524597838521,1.53529235831229e-05,0.00038214525557123125,0.015240908600389957,0.016794772818684578,0.0,0.00403139553964138,3.8592374039581046e-05,0.23608112335205078,6.363373358908575e-06,,,,,
930,0.0159688089042902,6.143953807909503e-05,323.8066027960158,0.5932077765464783,0.0022741707507520914,0.0005903372075408697,6.211243089637719e-06,9.49514469539281e-06,0.0006849756464362144,0.00037141883512958884,1.5607500245096162e-05,0.0003783536667469889,0.024433650076389313,0.011408476158976555,0.0,0.03428809717297554,0.00010082975495606661,0.23611171543598175,5.475983925862238e-06,,,,,
931,0.01593068055808544,6.111630051968333e-05,324.1561006149859,0.3728591799736023,0.0021879959385842085,0.0006158482283353806,8.830283150018658e-06,9.099110684473999e-06,0.0004882134380750358,0.0003719296946655959,1.5690726286266e-05,0.00037934412830509245,0.021215034648776054,0.031092291697859764,0.0,0.01179705373942852,2.3342337954090908e-05,0.2361469268798828,4.973144314135425e-06,,,,,
932,0.01639793999493122,6.0797641305108106e-05,324.5039641269832,0.39742398262023926,0.0022740187123417854,0.0005487811286002398,1.1368678315193392e-05,7.875859409978148e-06,0.0009071043459698558,0.00037147654802538455,1.5619880286976695e-05,0.0003787974128499627,0.03041817620396614,0.020159658044576645,0.0,0.007434849627315998,0.00010989242582581937,0.23618122935295105,1.3722294625040377e-06,,,,,
933,0.01681363955140114,6.048356358040719e-05,324.85341140499804,0.21861836314201355,0.0020180377177894115,0.0005797471385449171,1.0490550266695209e-05,9.548230082145892e-06,0.0004983613034710288,0.00037035418790765107,1.549200896988623e-05,0.00037712001358158886,0.023603498935699463,0.03916290029883385,0.0,0.018430251628160477,5.224207416176796e-05,0.23621366918087006,7.491950782423373e-06,,,,,
934,0.01491216104477644,6.017407044540078e-05,325.1968938430073,0.04973233491182327,0.0023512858897447586,0.0007264892919920385,7.549605925305514e-06,8.23350728751393e-06,0.00025587889831513166,0.0003715733764693141,1.5313496987801045e-05,0.0003777011588681489,0.017570510506629944,0.009438115172088146,0.0,0.034973785281181335,0.00010417376324767247,0.23624704778194427,4.481356882024556e-06,,,,,
935,0.016387537121772766,5.9869164954661223e-05,325.54407594603254,0.19955380260944366,0.002109590684995055,0.0006270053563639522,9.083390068553854e-06,8.430545676674228e-06,0.0007075838511809707,0.00037519619218073785,1.515327221568441e-05,0.00038085339474491775,0.032623231410980225,0.013066248968243599,0.0,0.026601430028676987,8.638123836135492e-05,0.23628506064414978,2.2709245968144387e-06,,,,,
936,0.017721302807331085,5.9568850117482746e-05,325.895033711975,0.646742045879364,0.0022400084417313337,0.0005173630779609084,1.0419606951472815e-05,7.768802788632456e-06,0.0007039046613499522,0.0003776921075768769,1.5056662050483283e-05,0.00038315760320983827,0.02582322061061859,0.031667426228523254,0.0,0.03865768015384674,4.020248161396012e-05,0.2363239973783493,5.30521083419444e-06,,,,,
937,0.01360172126442194,5.927312889785146e-05,326.24263427301776,0.1298111379146576,0.0022275676019489765,0.0006198562332428992,1.1359972631908022e-05,7.3745859481277876e-06,0.0004060890933033079,0.0003728029550984502,1.5115906535356771e-05,0.0003786467423196882,0.02720196731388569,0.01034502498805523,0.0,0.00414491631090641,0.0001025621677399613,0.2363675832748413,8.765427992329933e-06,,,,,
938,0.015232437290251255,5.8982004214416365e-05,326.5930645419867,0.11530815064907074,0.002070191316306591,0.0005752905271947384,7.387665391433984e-06,8.100972081592772e-06,0.00047424223157577217,0.0003693809558171779,1.5194237676041666e-05,0.0003756862133741379,0.03271264582872391,0.01990956813097,0.0,0.018070334568619728,9.386235615238547e-05,0.23640559613704681,5.613639132207027e-06,,,,,
939,0.016554808244109154,5.8695478940460573e-05,326.94239141303115,0.33458733558654785,0.0023334522265940905,0.0005952974315732718,9.717113243823405e-06,8.058042112679686e-06,0.0007976980414241552,0.00036821782123297453,1.5229357813950628e-05,0.00037502319901250303,0.025981301441788673,0.009096161462366581,0.0,0.0362737774848938,0.00018864957382902503,0.23644454777240753,4.194292159809265e-06,,,,,
940,0.014351787976920605,5.841355590387286e-05,327.2859330159845,0.404719740152359,0.002291724318638444,0.0006670361617580056,8.65847323439084e-06,9.121265065914486e-06,0.00043896137503907084,0.0003683068207465112,1.5181492926785722e-05,0.00037523944047279656,0.002287431852892041,0.010400489903986454,0.0,0.032729700207710266,9.771510667633265e-05,0.2364872246980667,2.6116314984392375e-05,,,,,
941,0.0154435308650136,5.8136237887119895e-05,327.63748579699313,0.329033225774765,0.0024124986957758665,0.0006163459038361907,6.874660812172806e-06,8.665190762258135e-06,0.0005954780499450862,0.0003684606635943055,1.5056692973303143e-05,0.00037510108086280525,0.01478660386055708,0.01537897065281868,0.0,0.026203518733382225,9.54640272539109e-05,0.23653359711170197,5.862973921466619e-06,,,,,
942,0.016455093398690224,5.786352762721838e-05,327.9854441250209,0.07183030247688293,0.0021454542875289917,0.0007701086578890681,7.00564987710095e-06,7.493667908420321e-06,0.0005340268835425377,0.00037092730053700507,1.489788519393187e-05,0.00037708948366343975,0.026817452162504196,0.013424678705632687,0.0,0.024349752813577652,7.93623476056382e-05,0.2365799844264984,5.885182872589212e-06,,,,,
943,0.017120778560638428,5.759542781570865e-05,328.33309343998553,0.25188758969306946,0.002100667916238308,0.0006862782756797969,1.0116902558365837e-05,7.841717888368294e-06,0.0006430128123611212,0.000374992931028828,1.4785436178499367e-05,0.000380851881345734,0.03037133999168873,0.01389828696846962,0.0,0.03486594185233116,0.00022593719768337905,0.23662637174129486,4.4452526708482765e-06,,,,,
944,0.015003720298409462,5.733194109862747e-05,328.68110194499604,0.5355883240699768,0.0019647483713924885,0.0005183916073292494,9.926690836437047e-06,8.155088835337665e-06,0.0005701748887076974,0.00037690295721404254,1.472493568144273e-05,0.00038265998591668904,0.020347535610198975,0.012911699712276459,0.0,0.038936857134103775,0.0002544021117500961,0.23667554557323456,1.7479540474596433e-05,,,,,
945,0.014535672962665558,5.707307007648242e-05,329.0303957450087,0.11474575847387314,0.0022721050772815943,0.0005961597780697048,7.195679700089386e-06,7.794002158334479e-06,0.0005330512067303061,0.00037268397863954306,1.4793638911214657e-05,0.00037862866884097457,0.02115127258002758,0.013850979506969452,0.0,0.01585952565073967,8.486395381623879e-05,0.23672844469547272,4.395780706545338e-06,,,,,
946,0.01448231004178524,5.6818817304225936e-05,329.3799024639884,0.11364378780126572,0.00225250655785203,0.0006352502387017012,9.505506568530109e-06,7.788807124597952e-06,0.0005403371760621667,0.00036919445847161114,1.4926827134331688e-05,0.00037537654861807823,0.0027802246622741222,0.015446633100509644,0.0,0.023864421993494034,5.648860314977355e-05,0.23677855730056763,4.936773621011525e-06,,,,,
947,0.01516706682741642,5.65691852912303e-05,329.72574070998235,0.28687527775764465,0.0023101421538740396,0.0006283147959038615,9.422114089829847e-06,1.0465577361173928e-05,0.0005814279429614544,0.0003673982573673129,1.5027408153400756e-05,0.00037390232319012284,0.003772727446630597,0.025363048538565636,0.0,0.011972175911068916,0.0001054326567100361,0.23682866990566254,7.129907316993922e-06,,,,,
948,0.016460876911878586,5.632417650126269e-05,330.0772110900143,0.3812924325466156,0.0021844131406396627,0.0007381815230473876,7.360967629210791e-06,7.983828254509717e-06,0.0006061068852432072,0.00036692837602458894,1.5050468391564209e-05,0.000373502989532426,0.03332989662885666,0.013174230232834816,0.0,0.01505340076982975,0.00018172708223573864,0.2368769496679306,6.576329724339303e-06,,,,,
949,0.01673133671283722,5.608379335246091e-05,330.4242144469754,0.134056955575943,0.0022875729482620955,0.0006021428271196783,8.706678272574209e-06,8.125312888296321e-06,0.0006012794328853488,0.0003668020654004067,1.499653353675967e-05,0.0003731060423888266,0.02780216559767723,0.022750958800315857,0.0,0.027795322239398956,0.0001265147584490478,0.23692244291305542,4.994471964892e-06,,,,,
950,0.016388682648539543,5.584803821730962e-05,330.7727116739843,0.12395785003900528,0.0024031144566833973,0.0007184031419456005,1.1736474334611557e-05,8.372356205654796e-06,0.000509602774400264,0.00036793851177208126,1.4947000636311714e-05,0.0003739488311111927,0.021826686337590218,0.013924643397331238,0.0,0.031761325895786285,5.036757283960469e-05,0.23696886003017426,6.398558525688713e-06,5.379049252473936,7.2232247839298545,1.221405697962426,0.83450255742697,3.2082109788979025
951,0.015160804614424706,5.56169134226168e-05,331.16662167501636,0.3106604814529419,0.0022642286494374275,0.0006894184043630958,7.2701673161645886e-06,7.612888111907523e-06,0.0005205051274970174,0.0003687140124384314,1.4934632417862304e-05,0.0003745605063159019,0.02216801792383194,0.00972206424921751,0.0,0.021831069141626358,9.839779522735626e-05,0.2370162159204483,6.907501301611774e-06,,,,,
952,0.015824010595679283,5.539042124949088e-05,331.5174872080097,0.06816252321004868,0.002409591805189848,0.0006449437933042645,9.709848200145643e-06,8.336188329849392e-06,0.0006607290124520659,0.00036771633313037455,1.498361598351039e-05,0.0003736426879186183,0.0179359782487154,0.021432386711239815,0.0,0.008291589096188545,0.00010304387978976592,0.23706170916557312,4.215234184812289e-06,,,,,
953,0.01642519235610962,5.516856393331816e-05,331.8723486040253,0.06785012781620026,0.0023134411312639713,0.0007525488617829978,9.61194200499449e-06,9.137422239291482e-06,0.0005817340570501983,0.0003669513389468193,1.5050907677505165e-05,0.00037293985951691866,0.017377663403749466,0.015121626667678356,0.0,0.0234769769012928,0.0001526095438748598,0.23710258305072784,2.0335614863142837e-06,,,,,
954,0.014061021618545055,5.495134366374081e-05,332.22201332601253,0.056738682091236115,0.0022905913647264242,0.0006398733239620924,9.000628779176623e-06,8.561725735489745e-06,0.00040125843952409923,0.0003660844231490046,1.5128141967579722e-05,0.00037215257179923356,0.010805037803947926,0.01746295392513275,0.0,0.012486394494771957,6.814656080678105e-05,0.23714344203472137,2.6874438844970427e-05,,,,,
955,0.013979961164295673,5.473876258463517e-05,332.57121324999025,0.19822406768798828,0.0021894476376473904,0.0005593902315013111,8.96679557627067e-06,8.412065653828904e-06,0.00030241895001381636,0.0003653400926850736,1.5199999324977398e-05,0.0003715277707669884,0.007655114866793156,0.009526150301098824,0.0,0.05399381369352341,2.837293504853733e-05,0.23718339204788208,5.573301223193994e-06,,,,,
956,0.014181497506797314,5.453082279409069e-05,332.9185710949823,0.06532680988311768,0.002242801245301962,0.0006670356960967183,8.675066055729985e-06,8.455894203507341e-06,0.0006369062466546893,0.00036523371818475425,1.5200002053461503e-05,0.00037136246100999415,0.00441701477393508,0.008016078732907772,0.0,0.016378378495573997,0.00017667774227447808,0.2372298389673233,2.9981756597408094e-06,,,,,
957,0.014566169120371342,5.432752634438913e-05,333.2636895350297,0.0905447006225586,0.0023112217895686626,0.0005974110099487007,6.866806415928295e-06,8.431561582256109e-06,0.0004351727548055351,0.0003649113932624459,1.5207692740659695e-05,0.00037099909968674183,0.006392842624336481,0.0151792261749506,0.0,0.035955291241407394,7.540645310655236e-05,0.2372744232416153,1.0076823855342809e-05,,,,,
958,0.016716359183192253,5.412887524198437e-05,333.61567818699405,0.20526736974716187,0.002281174762174487,0.0007507798727601767,9.983869858842809e-06,8.710696420166641e-06,0.00037775150849483907,0.0003648275160230696,1.5189779333013576e-05,0.00037091103149577975,0.021932240575551987,0.032576337456703186,0.0,0.009201444685459137,5.080247501609847e-05,0.2373208850622177,5.180730568099534e-06,,,,,
959,0.017628008499741554,5.393487144748267e-05,333.96145668800455,0.0949317216873169,0.0022519014310091734,0.0005781658692285419,7.481695320166182e-06,7.8160201155697e-06,0.0005541344871744514,0.00036562277819029987,1.5188005818345118e-05,0.0003715942148119211,0.02469087392091751,0.036680400371551514,0.0,0.030743880197405815,7.133114559110254e-05,0.23736362159252167,6.473933808592847e-06,,,,,
960,0.015183535404503345,5.374551687562306e-05,334.31119883200154,0.125017449259758,0.0022182264365255833,0.0006033066310919821,1.0985512744809967e-05,7.6181977419764735e-06,0.00037179942592047155,0.00036632581031881273,1.5176212400547229e-05,0.0003722528927028179,0.024642188102006912,0.022259920835494995,0.0,0.020596381276845932,0.00010737269622040913,0.23740823566913605,3.999595719506033e-06,,,,,
961,0.01336927805095911,5.356081339525873e-05,334.6579749120283,0.13939467072486877,0.001972231548279524,0.0006436996627599001,1.0349336662329733e-05,9.381559721077792e-06,0.00041447818512097,0.0003676794876810163,1.515086660219822e-05,0.00037345258169807494,0.019872289150953293,0.009656189009547234,0.0,0.010073363780975342,2.8845701308455318e-05,0.23745284974575043,2.925535045505967e-05,,,,,
962,0.014240385964512825,5.338076282933854e-05,335.0074198829825,0.297317236661911,0.0023117116652429104,0.0006274806801229715,1.1838556019938551e-05,6.403105999197578e-06,0.0003490523376967758,0.00036816284409724176,1.517140663054306e-05,0.0003739083476830274,0.02092524990439415,0.015421911142766476,0.0,0.016114918515086174,5.863116530235857e-05,0.23749467730522156,4.0205445657193195e-06,,,,,
963,0.016388092190027237,5.3205366954888794e-05,335.3545827519847,0.12110395729541779,0.0022685446310788393,0.0007700691930949688,8.665469067636877e-06,8.830378646962345e-06,0.0005528120673261583,0.00036679577897302806,1.5228685697366018e-05,0.00037277620867826045,0.01693115569651127,0.013115022331476212,0.0,0.029128406196832657,8.684513159096241e-05,0.23753464221954346,2.495671424185275e-06,,,,,
964,0.014006119221448898,5.303462750299601e-05,335.6993218350108,0.11470849812030792,0.0020538181997835636,0.000608843460213393,9.801491614780389e-06,9.800372026802506e-06,0.0003272625326644629,0.00036572085809893906,1.5255604012054391e-05,0.0003719491942320019,0.018083643168210983,0.01848331280052662,0.0,0.015926828607916832,0.00015743670519441366,0.2375764697790146,4.719595381175168e-06,,,,,
965,0.01783631555736065,5.286854615878964e-05,336.0493994610151,0.1600119173526764,0.002015993930399418,0.0007124481489881873,1.0117731108039152e-05,9.251652954844758e-06,0.0006231454899534583,0.00036534914397634566,1.5224032722471748e-05,0.0003717581566888839,0.020170899108052254,0.034571342170238495,0.0,0.02065933682024479,6.115737051004544e-05,0.2376173883676529,1.0583625225990545e-05,,,,,
966,0.01567748934030533,5.270712456142551e-05,336.40071747801267,0.3413192629814148,0.0021926602348685265,0.0006694469484500587,9.61178830038989e-06,7.804583219694905e-06,0.0006769197061657906,0.0003652829327620566,1.5181410162767861e-05,0.0003717188665177673,0.01444220170378685,0.011261088773608208,0.0,0.030112354084849358,2.342505285923835e-05,0.23765642940998077,6.675080840068404e-06,,,,,
967,0.014425191096961498,5.255036430406964e-05,336.752507325029,0.11085279285907745,0.002085848245769739,0.0005126732285134494,1.0001924238167703e-05,7.281088528543478e-06,0.0004697584081441164,0.00036597525468096137,1.5120838725124486e-05,0.0003721513203345239,0.03022715076804161,0.017030710354447365,0.0,0.0199425108730793,0.00010649340401869267,0.2376982867717743,2.8853742151113693e-06,,,,,
968,0.017437154427170753,5.2398266933882417e-05,337.10469201998785,0.13879002630710602,0.0019772029481828213,0.0005625622579827905,1.0476093848410528e-05,8.011775207705796e-06,0.0007061634678393602,0.0003672884195111692,1.5052616618049797e-05,0.00037318692193366587,0.02845081128180027,0.03752508386969566,0.0,0.017197782173752785,3.957572334911674e-05,0.2377392053604126,6.192146884131944e-06,,,,,
969,0.014749620109796524,5.2250833952003546e-05,337.45163995801704,0.2765682637691498,0.002460871357470751,0.0005757989129051566,1.210807022289373e-05,7.67842084314907e-06,0.0006190649583004415,0.0003686269046738744,1.5037614502944052e-05,0.0003742914996109903,0.026494057849049568,0.008761342614889145,0.0,0.016944026574492455,8.063270070124418e-05,0.2377791851758957,5.569104359892663e-06,,,,,
970,0.015478854067623615,5.2108066813537e-05,337.8007073010085,0.3556244969367981,0.002094318624585867,0.0006827032193541527,1.1624759281403385e-05,6.224328444659477e-06,0.000421847274992615,0.0003681194793898612,1.5086985513335094e-05,0.0003737779916264117,0.038405802100896835,0.015102885663509369,0.0,0.013202277012169361,9.007402695715427e-05,0.23781825602054596,3.7803747545694932e-06,,,,,
971,0.014539660885930061,5.1969966927536814e-05,338.14933050301624,0.26765671372413635,0.002088910900056362,0.000606501183938235,1.2140494618506636e-05,8.184371836250648e-06,0.0004924043896608055,0.00036570135853253305,1.5154149878071621e-05,0.0003716582723427564,0.033402033150196075,0.009552648290991783,0.0,0.017547907307744026,5.66541675652843e-05,0.23785638809204102,2.3412455902871443e-06,,,,,
972,0.015373470261693,5.183653565699306e-05,338.4989293270046,0.11164925992488861,0.0024037312250584364,0.000632021576166153,1.1475443898234516e-05,6.89327407599194e-06,0.00035417918115854263,0.00036427928716875613,1.515843268862227e-05,0.00037073050043545663,0.02018546871840954,0.023107171058654785,0.0,0.02018115669488907,0.00011695350985974073,0.23789453506469727,7.661295967409387e-06,,,,,
973,0.015538297593593597,5.1707774318818616e-05,338.84582723199856,0.49479129910469055,0.0022786157205700874,0.0006077847792766988,8.4016501205042e-06,8.421968232141808e-06,0.0006623065564781427,0.00036449002800509334,1.5132739463297185e-05,0.0003713120531756431,0.009016530588269234,0.010507878847420216,0.0,0.04322076216340065,5.2853032684652135e-05,0.23793268203735352,3.5705420486920048e-06,,,,,
974,0.013233686797320843,5.158368418383582e-05,339.2260052849888,0.28218838572502136,0.002201849827542901,0.0005882460973225534,8.44271471578395e-06,8.749906555749476e-06,0.000501568429172039,0.0003641035291366279,1.500462803960545e-05,0.00037075000000186265,0.008254448883235455,0.014728864654898643,0.0,0.006683100946247578,6.712642061756924e-05,0.23797547817230225,3.049640781682683e-06,,,,,
975,0.015206863172352314,5.146426647676422e-05,339.5749072289909,0.12346509099006653,0.0021938548889011145,0.0006252643070183694,6.909940566401929e-06,8.71355314302491e-06,0.0005236287252046168,0.0003643621748778969,1.4813386769674253e-05,0.0003706275310833007,0.02685525082051754,0.011783410795032978,0.0,0.02598733827471733,7.804634515196085e-05,0.23801454901695251,5.498181053553708e-06,5.3640172431927455,7.192093067770623,1.210790135439426,0.9307120395877514,3.2360778303020434
976,0.01266588643193245,5.134952237620838e-05,339.9654070480028,0.10232730209827423,0.002027412410825491,0.0005024624988436699,1.0083890629175585e-05,9.24121468415251e-06,0.00042200885945931077,0.0003654843894764781,1.4611812730436213e-05,0.0003715026832651347,0.013210596516728401,0.014503845013678074,0.0,0.014332510530948639,4.462981451069936e-05,0.2380545735359192,7.170277513068868e-06,,,,,
977,0.01504978071898222,5.123945301464625e-05,340.3112883020076,0.24904556572437286,0.002198932459577918,0.0006175115122459829,1.0965565707010683e-05,8.649400115245953e-06,0.0003690059238579124,0.00036728286067955196,1.446228452550713e-05,0.00037315962254069746,0.025236986577510834,0.022483954206109047,0.0,0.012681213207542896,0.00021846745221409947,0.23809179663658142,1.2211377907078713e-05,,,,,
978,0.017054999247193336,5.113405947841802e-05,340.6641275130096,0.14050287008285522,0.0023774898145347834,0.0006990446127019823,1.0162522812606767e-05,8.09251196187688e-06,0.0006148488027974963,0.00036731964792124927,1.4352767720993143e-05,0.0003732100303750485,0.033186137676239014,0.011187443509697914,0.0,0.03349537402391434,0.00012098527076886967,0.23812715709209442,6.68643679091474e-06,,,,,
979,0.014217960648238659,5.10333428077153e-05,341.01989754702663,0.26253634691238403,0.002119682263582945,0.0006010037614032626,9.888553904602304e-06,8.536871064279694e-06,0.00044074043398723006,0.0003665887052193284,1.4270684005168732e-05,0.0003725241986103356,0.015085982158780098,0.015237751416862011,0.0,0.022371448576450348,7.88398610893637e-05,0.23816533386707306,8.447040272585582e-06,,,,,
980,0.015004520304501057,5.093730399657101e-05,341.3770010889857,0.15377143025398254,0.002414747141301632,0.0005702333291992545,1.1379276656953152e-05,8.73051794769708e-06,0.0006062493193894625,0.0003642672672867775,1.4238390576792881e-05,0.00037036772118881345,0.022544313222169876,0.016720734536647797,0.0,0.014170680195093155,4.0021252061706036e-05,0.2382034957408905,4.109119345230283e-06,,,,,
981,0.01400383934378624,5.0845943992849396e-05,341.7279741570237,0.15342670679092407,0.0017628484638407826,0.0006696521304547787,1.1180714864167385e-05,7.2553079917270225e-06,0.00044875763705931604,0.00036226544762030244,1.4266614016378298e-05,0.0003685826377477497,0.01988089270889759,0.00883353129029274,0.0,0.022100750356912613,7.60254479246214e-05,0.2382388710975647,3.321394160593627e-06,,,,,
982,0.016278816387057304,5.0759263698236864e-05,342.0851532359957,0.41614028811454773,0.002087114378809929,0.0005896310904063284,8.202079698094167e-06,8.053535566432402e-06,0.0007279729470610619,0.0003617069451138377,1.4293856111180503e-05,0.00036818155786022544,0.012727544642984867,0.023185286670923233,0.0,0.028618188574910164,0.00016624662384856492,0.2382751703262329,7.152526450227015e-06,,,,,
983,0.01776421070098877,5.067726396823285e-05,342.4318038370111,0.08882153779268265,0.00217797770164907,0.000614471675362438,7.285112133104121e-06,8.789537787379231e-06,0.0007465138914994895,0.00036206000368110836,1.433976194675779e-05,0.00036847381852567196,0.025917522609233856,0.03214583545923233,0.0,0.019792400300502777,0.00017461570678278804,0.23831428587436676,6.183839104778599e-06,,,,,
984,0.015615631826221943,5.0599945612141705e-05,342.78091752901673,0.07502260059118271,0.0020606336183845997,0.0006381752318702638,9.54013921727892e-06,7.483418357878691e-06,0.0004887559916824102,0.0003626247344072908,1.4385134818439838e-05,0.000368944660294801,0.01044546626508236,0.01621713861823082,0.0,0.04530363157391548,6.670915172435343e-05,0.2383524626493454,3.1160998332779855e-06,,,,,
985,0.015424946323037148,5.0527309393064295e-05,343.1307020430104,0.25792360305786133,0.0019011835101991892,0.0006957062287256122,7.083502168825362e-06,9.087412763619795e-06,0.000676210387609899,0.0003632599546108395,1.4416254998650402e-05,0.00036948660272173584,0.03311515972018242,0.006658176891505718,0.0,0.014832274988293648,0.0001740710431477055,0.2383953034877777,6.252309958654223e-06,,,,,
986,0.015844164416193962,5.045935602789076e-05,343.4785132809775,0.10338334739208221,0.0022769395727664232,0.0006461634766310453,8.475121830997523e-06,6.95069820721983e-06,0.0006472737295553088,0.00036498246481642127,1.43713677971391e-05,0.00037098591565154493,0.006657646037638187,0.022120589390397072,0.0,0.024203697219491005,4.0291146433446556e-05,0.2384362816810608,5.061316187493503e-06,,,,,
987,0.01734667271375656,5.039608618729346e-05,343.83000218699453,0.34983697533607483,0.0024679142516106367,0.0006813872023485601,9.62992817221675e-06,1.0049125194200315e-05,0.00041098229121416807,0.00036660072510130703,1.4370996723300777e-05,0.0003724581911228597,0.02205614000558853,0.03234441950917244,0.0,0.02522525005042553,0.00012319085362832993,0.2384781837463379,4.931707280775299e-06,,,,,
988,0.014540720731019974,5.033750049572013e-05,344.1777110489784,0.222004234790802,0.002085397718474269,0.0006959524471312761,8.05089803179726e-06,8.684078238729853e-06,0.00046923354966565967,0.00036595904384739697,1.4430456758418586e-05,0.00037186217377893627,0.01784735918045044,0.009856128133833408,0.0,0.021181615069508553,4.198263195576146e-05,0.2385210394859314,5.905982106924057e-06,,,,,
989,0.019494587555527687,5.028359953138787e-05,344.52477423497476,0.33094343543052673,0.0021950257942080498,0.0007635456859134138,9.763942216522992e-06,1.0437843229738064e-05,0.0006887020426802337,0.00036415571230463684,1.4547975297318771e-05,0.00037021696334704757,0.015439451672136784,0.04467656835913658,0.0,0.020365392789244652,0.00011941128468606621,0.2385629564523697,4.273175363778137e-06,,,,,
990,0.017660195007920265,5.023438382627749e-05,344.8725769040175,0.1473819762468338,0.002361756283789873,0.0006809569313190877,9.093296284845565e-06,8.633785000711214e-06,0.0004482124641072005,0.00036425786674953997,1.4656862731499132e-05,0.0003702873655129224,0.02030547708272934,0.03262358158826828,0.0,0.03279788792133331,0.0001016527894535102,0.23860487341880798,7.21740207154653e-06,,,,,
991,0.013162612915039062,5.018985386612814e-05,345.21992361103185,0.0870606079697609,0.0021874653175473213,0.0006968918023630977,9.743125701788813e-06,8.965484084910713e-06,0.00037689757300540805,0.000364270294085145,1.4758168617845513e-05,0.00037022691685706377,0.012255807407200336,0.006749765481799841,0.0,0.010463414713740349,3.3613876439630985e-05,0.23864960670471191,5.5577975217602216e-06,,,,,
992,0.016113806515932083,5.015001009043253e-05,345.5697113680071,0.3121693730354309,0.002332678996026516,0.0005680214962922037,8.45832983031869e-06,7.871027264627628e-06,0.0004127986612729728,0.0003647822013590485,1.4817290320934262e-05,0.0003706201969180256,0.01869192160665989,0.029995273798704147,0.0,0.03181108832359314,3.3153872209368274e-05,0.2386915385723114,6.96670895194984e-06,,,,,
993,0.015613141469657421,5.0114852892432584e-05,345.9205687260255,0.18596011400222778,0.0018775236094370484,0.0005786224501207471,8.055361831793562e-06,8.639459338155575e-06,0.0004472664440982044,0.0003641278308350593,1.4867386198602617e-05,0.00037006218917667866,0.016699127852916718,0.03952427953481674,0.0,0.00683644087985158,0.00013832237164024264,0.23873533308506012,2.7303567549097352e-05,,,,,
994,0.013255804777145386,5.008438261911574e-05,346.26726910902653,0.10123655200004578,0.002196854678913951,0.0005303546204231679,8.992747098091058e-06,7.976417691679671e-06,0.00035505712730810046,0.0003630664723459631,1.4941446352167986e-05,0.00036922216531820595,0.030931364744901657,0.007734017912298441,0.0,0.02019508183002472,4.188768070889637e-05,0.2387772798538208,1.811465949685953e-06,,,,,
995,0.015306317247450352,5.005859957121122e-05,346.6169611570076,0.3341575562953949,0.0021673201117664576,0.0006841066060587764,9.981060429709032e-06,8.091261406661943e-06,0.0005427454016171396,0.00036288006231188774,1.4995672245277092e-05,0.00036928922054357827,0.02605842798948288,0.011768787167966366,0.0,0.018627002835273743,4.002866626251489e-05,0.2388192117214203,1.0146238309971523e-05,,,,,
996,0.013668792322278023,5.003750400318735e-05,346.9649927970022,0.11794065684080124,0.0021700758952647448,0.0006352211348712444,7.794763405399863e-06,8.259008609456941e-06,0.0004558332439046353,0.00036305643152445555,1.4986797395977192e-05,0.00036943136365152895,0.0060140229761600494,0.019369319081306458,0.0,0.004030514974147081,0.0001383041380904615,0.23885929584503174,1.9096830783382757e-06,,,,,
997,0.01602993533015251,5.0021096123248834e-05,347.3164959389833,0.05077974870800972,0.0020699005108326674,0.0007767101051285863,1.0627758456394076e-05,7.5367097451817244e-06,0.00041149300523102283,0.00036333411117084324,1.4955830010876525e-05,0.0003696005733218044,0.026330789551138878,0.013586653396487236,0.0,0.02678179182112217,4.319016443332657e-05,0.23889565467834473,6.929145456524566e-06,,,,,
998,0.014898753724992275,5.000937609333487e-05,347.665050363983,0.19512495398521423,0.0020722257904708385,0.0006986683001741767,8.107592293526977e-06,8.755432645557448e-06,0.0006434161332435906,0.0003636488108895719,1.4915011888660956e-05,0.00036983517929911613,0.016813399270176888,0.012291498482227325,0.0,0.009877325966954231,6.850170029792935e-05,0.23893387615680695,7.645847290405072e-06,,,,,
999,0.015479294583201408,5.000234402911735e-05,348.01565763697727,0.1973438262939453,0.0018986158538609743,0.0006299503147602081,7.17829152563354e-06,8.944478395278566e-06,0.0005213766708038747,0.00036466389428824186,1.4849247236270458e-05,0.00037064700154587626,0.011084644123911858,0.015697380527853966,0.0,0.03990514576435089,0.0003123236820101738,0.23897023499011993,4.7071403059817385e-06,,,,,
1000,0.017386959865689278,5e-05,348.36600339302095,0.1401459276676178,0.0021866492461413145,0.000663996150251478,9.579939614923205e-06,8.294525287055876e-06,0.0006076653371565044,0.00036636978620663285,1.4763380022486672e-05,0.00037207629065960646,0.017420731484889984,0.031862109899520874,0.0,0.023192550987005234,0.00019417726434767246,0.2390112727880478,4.346091373008676e-06,5.364459102468541,7.228791319035761,1.2159668199582185,0.8304276953051066,3.084598069070309
