epoch,loss,learning_rate,training_seconds,gradient_norm,simulation,top,hot,cold,pde,boundary,initial,interface,low_cooling,contact_prior,temporal,validation_score_k,validation_顶部_rmse_k,validation_热端_rmse_k,validation_冷端_rmse_k
1,2.0810458660125732,0.0009999976559708827,0.11812783603090793,11.145261764526367,0.3249672055244446,0.822680652141571,0.00693686306476593,0.004050197545439005,3.570992703316733e-05,0.005097439046949148,0.0,5.821651575388387e-05,0.0003318312228657305,0.0,3.727463706582057e-07,149.36259697770853,211.1326987013548,4.02382499208776,8.1558208845258
2,1.5380980968475342,0.0009999906239066651,0.24531463702442124,3.8752706050872803,0.2790844440460205,0.6207808256149292,0.00028563078376464546,0.0012069290969520807,2.5015780920512043e-05,0.00927666388452053,0.0,0.00018121075117960572,0.0015883452724665403,4.0462418837705627e-07,1.5750528348235093e-07,,,,
3,1.3816560506820679,0.0009999789038767511,0.35856161499395967,2.7432918548583984,0.24677924811840057,0.46870994567871094,0.00741262873634696,0.011554224416613579,0.00014632692909799516,0.02158321626484394,0.0,0.0011745321098715067,0.005390641279518604,6.5710992203094065e-09,0.00017344641673844308,,,,
4,1.3484926223754883,0.0009999624959968127,0.47250789898680523,4.904998779296875,0.23379027843475342,0.39492496848106384,0.012649595737457275,0.018283512443304062,0.0004890650743618608,0.04486287012696266,0.0,0.0035169916227459908,0.010834837332367897,5.923075150349177e-07,4.5498211420635926e-08,,,,
5,1.1254056692123413,0.0009999414004287887,0.588613122003153,4.223551273345947,0.20070582628250122,0.33665454387664795,0.009662472642958164,0.01361243985593319,0.0005667471559718251,0.055102284997701645,0.0,0.006882992573082447,0.012758481316268444,2.1095993361086585e-06,3.496371618894045e-07,,,,
6,0.9479399919509888,0.0009999156173808841,0.7065923099871725,2.7088537216186523,0.19002102315425873,0.31802594661712646,0.0044559151865541935,0.0061220875941216946,0.0008801339427009225,0.05200055241584778,0.0,0.01229073852300644,0.010228450410068035,4.794506821781397e-06,4.2567656066694326e-08,,,,
7,0.7487283945083618,0.0009998851471075673,0.8225497030070983,2.5112593173980713,0.1771204024553299,0.2637634873390198,0.0011882833205163479,0.0014883599942550063,0.002441962016746402,0.06582880765199661,0.0,0.02247217670083046,0.009485213086009026,8.774110028753057e-06,8.925671295401116e-07,,,,
8,0.6018366813659668,0.0009998499899095672,0.9370256980182603,3.1940321922302246,0.1553908735513687,0.21333949267864227,0.00011367110710125417,6.688300345558673e-05,0.0024513390380889177,0.08697479963302612,0.0,0.036994569003582,0.007291115820407867,1.3982790733280126e-05,3.532568939590419e-07,,,,
9,0.4421682357788086,0.0009998101461338716,1.048277655034326,2.053292989730835,0.11835914105176926,0.14281272888183594,0.0001160096944659017,0.00031947437673807144,0.0049232859164476395,0.19599077105522156,0.0,0.07691050320863724,0.010137779638171196,2.059830876532942e-05,2.2565325252799084e-07,,,,
10,0.3984300494194031,0.0009997656161737222,1.1601633530226536,1.9525076150894165,0.08732521533966064,0.12168201059103012,0.00039024464786052704,0.0005913965869694948,0.020766625180840492,0.30040568113327026,0.0,0.13753072917461395,0.01996859721839428,2.813598621287383e-05,3.2398230587205035e-07,,,,
11,0.5164180994033813,0.0009997164004686117,1.2751285660197027,4.6442694664001465,0.07987341284751892,0.16823869943618774,0.0005419199587777257,0.0017142826691269875,0.02607351914048195,0.461858868598938,0.0,0.23476281762123108,0.018276482820510864,3.691606252687052e-05,9.896419896904263e-07,,,,
12,0.5178771018981934,0.0009996624995042794,1.3905752610298805,4.699498176574707,0.07271622121334076,0.15633799135684967,0.0007132973405532539,0.005121052730828524,0.012045315466821194,0.4222366213798523,0.0,0.23530906438827515,0.019549420103430748,4.7292378440033644e-05,5.453948688227683e-07,,,,
13,0.42661410570144653,0.000999603913812706,1.5045495050144382,4.121105194091797,0.07191497087478638,0.11394603550434113,0.0009047698695212603,0.006226013880223036,0.012247070670127869,0.3541722893714905,0.0,0.18471109867095947,0.010232556611299515,5.98636397626251e-05,1.452273295399209e-06,,,,
14,0.31827598810195923,0.0009995406439721089,1.6178064240375534,2.347175359725952,0.06420665979385376,0.07720758765935898,0.0005345542449504137,0.0032212352380156517,0.014418862760066986,0.30403125286102295,0.0,0.15264901518821716,0.02333817072212696,7.48029924579896e-05,1.448392822567257e-06,,,,
15,0.253665953874588,0.0009994726906069353,1.7297426009899937,1.1337076425552368,0.05983281508088112,0.06641919165849686,0.000611037714406848,0.0012201997451484203,0.008237197995185852,0.18768009543418884,0.0,0.1572781801223755,0.01563424803316593,9.186123497784138e-05,4.288983291189652e-06,,,,
16,0.27739301323890686,0.0009994000543878578,1.8417175629874691,1.6591100692749023,0.053003281354904175,0.07644787430763245,0.0013491495046764612,0.0007750258082523942,0.008867465890944004,0.1347181499004364,0.0,0.12010228633880615,0.028562752529978752,0.00011111188359791413,0.0017690679524093866,,,,
17,0.30179718136787415,0.0009993227360317665,1.953397881006822,2.457519054412842,0.05642534792423248,0.08559387922286987,0.0024931677617132664,0.0011372831650078297,0.011354135349392891,0.11981677263975143,0.0,0.061603814363479614,0.022246582433581352,0.00013210474571678787,3.307331553514814e-06,,,,
18,0.31878119707107544,0.0009992407363017626,2.0676228100201115,2.6868114471435547,0.04463009908795357,0.08840954303741455,0.0036113725509494543,0.002012192038819194,0.011493410915136337,0.11049097031354904,0.0,0.07625919580459595,0.025653835386037827,0.00015403583529405296,5.632266947941389e-06,,,,
19,0.3002117872238159,0.00099915405600715,2.1834473850321956,2.8280928134918213,0.03923305124044418,0.06476414203643799,0.005599386990070343,0.002948715118691325,0.006864053197205067,0.10780859738588333,0.0,0.08030024915933609,0.030815331265330315,0.00017676164861768484,1.484053791500628e-05,,,,
20,0.25953879952430725,0.0009990626960034283,2.2956513930112123,2.7206549644470215,0.037050072103738785,0.05222867429256439,0.005858808755874634,0.0024451003409922123,0.01040833443403244,0.09319427609443665,0.0,0.16300129890441895,0.017001358792185783,0.00020059106464032084,7.949024620756973e-07,,,,
21,0.19880932569503784,0.000998966657192284,2.407793691032566,1.9184935092926025,0.03364184871315956,0.041566506028175354,0.004716390743851662,0.0013074226444587111,0.013283547013998032,0.08510145545005798,0.0,0.13573360443115234,0.005817875731736422,0.00022681639529764652,1.725050969980657e-05,,,,
22,0.15255095064640045,0.0009988659405215812,2.5238258680328727,0.9686126708984375,0.031227076426148415,0.028411004692316055,0.0026363215874880552,0.0010035064769908786,0.008765497244894505,0.08969859033823013,0.0,0.20901435613632202,0.008240904659032822,0.00025532246218062937,3.5556590773921926e-06,,,,
23,0.15040630102157593,0.000998760546985353,2.638080311997328,1.3858342170715332,0.03289924934506416,0.022599613294005394,0.0013598365476354957,0.0025939091574400663,0.015119762159883976,0.14183175563812256,0.0,0.23232167959213257,0.006209682673215866,0.00028622488025575876,5.152405719854869e-06,,,,
24,0.17325305938720703,0.0009986504776237908,2.751713617995847,3.011446475982666,0.03478531166911125,0.021156832575798035,0.0008896333165466785,0.005436147563159466,0.009073080494999886,0.12971056997776031,0.0,0.23916764557361603,0.007510805502533913,0.0003202901571057737,2.051871206276701e-06,,,,
25,0.1953861117362976,0.000998535733523235,2.8696739590377547,3.846295118331909,0.03670737147331238,0.02399536967277527,0.0008509852341376245,0.006333136465400457,0.01196538656949997,0.17814606428146362,0.0,0.2770247757434845,0.006578526459634304,0.0003573871508706361,3.793637006310746e-06,27.695628325836715,36.464142331501186,9.545828230742854,17.82697744702548
26,0.17792817950248718,0.0009984163158161632,3.0068275430239737,3.236733913421631,0.033932194113731384,0.0236528180539608,0.0010925382375717163,0.004919736180454493,0.02473214641213417,0.15657669305801392,0.0,0.34008482098579407,0.0026663155294954777,0.0003979609755333513,2.377939608777524e-06,,,,
27,0.13738451898097992,0.0009982922256811804,3.123069213004783,1.7231954336166382,0.03132782131433487,0.014223387464880943,0.001773174270056188,0.002833249745890498,0.018525030463933945,0.1116996556520462,0.0,0.31962648034095764,0.0034655770286917686,0.00044231893843971193,2.121565103152534e-06,,,,
28,0.14378225803375244,0.000998163464343006,3.2386944870231673,1.3266748189926147,0.028661027550697327,0.018810339272022247,0.002340475097298622,0.001480286824516952,0.012447274290025234,0.13318881392478943,0.0,0.35909318923950195,0.005234052427113056,0.0004898640909232199,0.0021625044755637646,,,,
29,0.13564464449882507,0.000998030033072462,3.3564204400172457,2.1356723308563232,0.027194544672966003,0.025461260229349136,0.0030168206430971622,0.0007631435873918235,0.013199878856539726,0.07231085747480392,0.0,0.1993080973625183,0.0018612159183248878,0.0005411661113612354,9.695384505903348e-06,,,,
30,0.14513960480690002,0.0009978919331864618,3.4862132709822617,1.9507007598876953,0.024688227102160454,0.02670697681605816,0.00409969687461853,0.0005495045334100723,0.007702585309743881,0.08442296832799911,0.0,0.2123253345489502,0.0010971324518322945,0.0005936739617027342,3.996566192654427e-06,,,,
31,0.14859959483146667,0.0009977491660479953,3.612189372011926,2.0381829738616943,0.02568798139691353,0.018326111137866974,0.004724272061139345,0.0005142624722793698,0.016631532460451126,0.1713961362838745,0.0,0.18617621064186096,0.002783227013424039,0.0006476413691416383,0.003810181748121977,,,,
32,0.1314045786857605,0.0009976017330661164,3.7335761560243554,2.090045213699341,0.02493392303586006,0.01668439991772175,0.004177648574113846,0.0002504735894035548,0.013908186927437782,0.12758679687976837,0.0,0.24790087342262268,0.0029665781185030937,0.0007033490692265332,4.21178219767171e-06,,,,
33,0.10557863116264343,0.000997449635695929,3.868442038015928,0.7228406667709351,0.027458593249320984,0.017559263855218887,0.002044931286945939,0.0001771194365574047,0.005584022030234337,0.07129967212677002,0.0,0.2534022629261017,0.0006968386005610228,0.0007611969485878944,4.12280405726051e-06,,,,
34,0.10873384028673172,0.000997292875438573,3.996209151984658,0.8373379111289978,0.03163890168070793,0.01826770417392254,0.000851066317409277,0.0007989918231032789,0.008419063873589039,0.09698427468538284,0.0,0.24807201325893402,0.0015345376450568438,0.0008216039859689772,6.143066002550768e-07,,,,
35,0.11535054445266724,0.000997131453841209,4.114522757008672,1.6959707736968994,0.02875129133462906,0.017101403325796127,0.00021985312923789024,0.0019001578912138939,0.011470267549157143,0.11394307017326355,0.0,0.30791550874710083,0.003829220775514841,0.0008839769870974123,2.632358700793702e-06,,,,
36,0.11515326052904129,0.0009969653724970025,4.241338438994717,1.7559505701065063,0.03272317349910736,0.017031952738761902,0.0001333700492978096,0.00211254321038723,0.015450729988515377,0.1012328714132309,0.0,0.20353949069976807,0.004831114783883095,0.0009493367979303002,2.1912842385063414e-06,,,,
37,0.1078011691570282,0.0009967946330451097,4.371644789003767,1.2897757291793823,0.030241452157497406,0.016460377722978592,0.0003001122095156461,0.0015791414771229029,0.005041919648647308,0.09702563285827637,0.0,0.29566720128059387,0.0006604293012060225,0.0010157505748793483,0.0004469623672775924,,,,
38,0.10121404379606247,0.0009966192371706599,4.487899372004904,1.4778231382369995,0.02782447077333927,0.015737032517790794,0.0007527307607233524,0.0006420452846214175,0.008577171713113785,0.10434900224208832,0.0,0.31231874227523804,0.0014866628916934133,0.0010854147840291262,2.9223039632597647e-07,,,,
39,0.09719310700893402,0.0009964391866047397,4.605951042030938,1.0906795263290405,0.02702798694372177,0.01584637723863125,0.0010721245780587196,0.0002134234382538125,0.005628588609397411,0.10411375761032104,0.0,0.271107017993927,0.0013674849178642035,0.0011578435078263283,8.85563622432528e-08,,,,
40,0.10410653054714203,0.0009962544831243754,4.723731443984434,0.5839511156082153,0.028489721938967705,0.01614300161600113,0.0011710417456924915,7.882298086769879e-05,0.006585635244846344,0.09525986015796661,0.0,0.37673673033714294,0.002137957839295268,0.0012326114811003208,8.751327982281509e-07,,,,
41,0.09626320004463196,0.0009960651285525156,4.841275665035937,1.2533519268035889,0.025277988985180855,0.01940756104886532,0.0010396987199783325,4.1387123928871006e-05,0.010158607736229897,0.07668989896774292,0.0,0.2088366448879242,0.002737979404628277,0.0013108921702951193,1.192589706988656e-06,,,,
42,0.10428036749362946,0.0009958711247580138,4.954997065011412,1.641574501991272,0.028921445831656456,0.021956337615847588,0.0009542775223962963,4.52650201623328e-05,0.008392034098505974,0.06819552183151245,0.0,0.22558888792991638,0.002929054433479905,0.0013898045290261507,1.7733126469465788e-06,,,,
43,0.09473176300525665,0.000995672473655609,5.07239256601315,0.7857760190963745,0.0266592837870121,0.01667078211903572,0.0009840810671448708,5.251442053122446e-05,0.0045239729806780815,0.06691653281450272,0.0,0.305345356464386,0.0021775118075311184,0.0014694873243570328,8.494594112562481e-07,,,,
44,0.09883889555931091,0.0009954691772059074,5.193181502982043,0.5994011163711548,0.027749188244342804,0.012184083461761475,0.0009617885807529092,9.569832764100283e-05,0.007390506099909544,0.1552174687385559,0.0,0.36595356464385986,0.0019557271152734756,0.0015522176399827003,4.423968391620292e-07,,,,
45,0.08313414454460144,0.0009952612374153629,5.31047203898197,1.0076841115951538,0.030392229557037354,0.011701646260917187,0.0007888404070399702,0.00018446071771904826,0.0060014789924025536,0.05317993089556694,0.0,0.2501267194747925,0.0014792006695643067,0.0016392978141084313,3.751057136014424e-07,,,,
46,0.09025965631008148,0.0009950486563362572,5.428205953037832,0.8214187622070312,0.02689632773399353,0.012774219736456871,0.00033276050817221403,0.0005146156763657928,0.004569006152451038,0.12404961884021759,0.0,0.27809441089630127,0.002801070921123028,0.0017285958165302873,1.98042627630457e-07,,,,
47,0.09987540543079376,0.0009948314360666798,5.542844626004808,1.0227457284927368,0.03008505515754223,0.01272117905318737,0.00010242658026982099,0.0009717162465676665,0.004969432950019836,0.1310194730758667,0.0,0.3623284101486206,0.0019580454099923372,0.0018183907959610224,0.0001798657758627087,,,,
48,0.08587639778852463,0.000994609578750507,5.659397765004542,1.366141438484192,0.026834972202777863,0.012926912866532803,6.657666381215677e-05,0.0011508476454764605,0.006889814976602793,0.11932754516601562,0.0,0.16000276803970337,0.0007310777436941862,0.0019122104858979583,2.979518058054964e-06,,,,
49,0.0872487798333168,0.000994383086577381,5.774514947028365,1.1609489917755127,0.028246112167835236,0.013228317722678185,0.00011188087228219956,0.0007467170944437385,0.00469336798414588,0.12216666340827942,0.0,0.2026919722557068,0.001371676567941904,0.0020043745171278715,4.378333358090458e-07,,,,
50,0.09104989469051361,0.0009941519617826882,5.886605084990151,0.27660149335861206,0.027380721643567085,0.0132126584649086,0.0003340339462738484,0.0002477940870448947,0.0034334599040448666,0.12021990120410919,0.0,0.2982635200023651,0.004316025413572788,0.002097309799864888,6.205774525369634e-07,20.623702786448632,28.66662177801729,7.23337344098446,2.340163846944557
51,0.08521109074354172,0.0009939162066475368,6.0213099920074455,0.8640580177307129,0.029305776581168175,0.011861821636557579,0.0007334173424169421,8.34124512039125e-05,0.007647414691746235,0.09185022115707397,0.0,0.19293919205665588,0.004795682616531849,0.0021913687232881784,1.1439374247856904e-06,,,,
52,0.09177358448505402,0.000993675823498735,6.139489905035589,0.9029638767242432,0.026850037276744843,0.013056499883532524,0.000802003953140229,6.556934386026114e-05,0.0030833296477794647,0.10438446700572968,0.0,0.3103204071521759,0.004020692780613899,0.0022843903861939907,3.201477511538542e-06,,,,
53,0.0949510931968689,0.0009934308147087675,6.255658262991346,0.7155152559280396,0.027401359751820564,0.01467716321349144,0.000599235703703016,6.592001591343433e-05,0.007853234186768532,0.127301886677742,0.0,0.2967701256275177,0.003579437732696533,0.0023791592102497816,6.760905080227531e-07,,,,
54,0.0821697786450386,0.0009931811826957716,6.3693595720105805,0.7672306299209595,0.027155237272381783,0.015421168878674507,0.00036999204894527793,9.18107689358294e-05,0.006699552293866873,0.044852115213871,0.0,0.23534420132637024,0.0029614646919071674,0.0024750952143222094,2.842049070750363e-06,,,,
55,0.08244939893484116,0.000992926929923515,6.4836630310164765,0.4652772843837738,0.02950643189251423,0.01396985910832882,0.00023818002955522388,0.00022048666141927242,0.004815740045160055,0.09586818516254425,0.0,0.16565236449241638,0.0023033181205391884,0.002569928765296936,4.701316527189192e-07,,,,
56,0.06982612609863281,0.00099266805890137,6.599875077023171,0.3222510814666748,0.025997545570135117,0.012417962774634361,0.00019397828145883977,0.00035259826108813286,0.0054922024719417095,0.06931248307228088,0.0,0.11225827038288116,0.0007031448185443878,0.002662508748471737,2.3152492758526932e-06,,,,
57,0.0823667123913765,0.0009924045721842888,6.7137265100027435,0.9753528237342834,0.02775297872722149,0.012532180175185204,0.00017437151109334081,0.00038149155443534255,0.0066237240098416805,0.05982545018196106,0.0,0.34427905082702637,0.00045942439464852214,0.0027508214116096497,8.78789819580561e-07,,,,
58,0.08159465342760086,0.000992136472372779,6.826389021996874,0.7321044206619263,0.02779310941696167,0.012874355539679527,0.00014721436309628189,0.0004053329466842115,0.004908110946416855,0.04372888803482056,0.0,0.35054314136505127,0.0003788576868828386,0.0028419981244951487,2.1862487642465567e-07,,,,
59,0.0819530114531517,0.0009918637621128773,6.948492873983923,0.482122004032135,0.027838820591568947,0.01288604736328125,0.00018952263053506613,0.0003126029041595757,0.0056367237120866776,0.09732016921043396,0.0,0.24589170515537262,0.0010089490097016096,0.00293910619802773,5.227141173236305e-07,,,,
60,0.07632170617580414,0.0009915864440961245,7.068244728026912,0.7890216112136841,0.027431989088654518,0.014674682170152664,0.0002543314767535776,0.00015341809194069356,0.002739325165748596,0.07026500999927521,0.0,0.15507163107395172,0.0005423992406576872,0.0030398431699723005,3.6631405464504496e-07,,,,
61,0.07122768461704254,0.0009913045210595366,7.182881466986146,0.5125477910041809,0.026864532381296158,0.013594287447631359,0.0004319683648645878,5.64704168937169e-05,0.004302169196307659,0.04754414036870003,0.0,0.11985889077186584,0.0013234307989478111,0.0031367202755063772,1.1557775678738835e-06,,,,
62,0.0756964311003685,0.0009910179957855808,7.300483817991335,0.6384673118591309,0.024370957165956497,0.012059862725436687,0.000645357882604003,2.570134529378265e-05,0.0022413383703678846,0.042318858206272125,0.0,0.300365686416626,0.0011254880810156465,0.00322904484346509,4.211149189359276e-06,,,,
63,0.0788809210062027,0.0009907268711021456,7.415321303007659,0.7837681770324707,0.02531382068991661,0.012785572558641434,0.0006725834682583809,2.7101608793600462e-05,0.0037298582028597593,0.041130855679512024,0.0,0.31523892283439636,0.000934055307880044,0.0033235878217965364,2.0117811061481916e-07,,,,
64,0.06907957792282104,0.0009904311498825141,7.532785274030175,0.27072998881340027,0.026944195851683617,0.01136448048055172,0.00038182735443115234,7.735181134194136e-05,0.002703994046896696,0.04763153940439224,0.0,0.16721147298812866,0.0008075477089732885,0.0034226186107844114,0.000744735065381974,,,,
65,0.0845741331577301,0.0009901308350453355,7.645399401022587,0.7953736782073975,0.029048677533864975,0.014453403651714325,0.00017895798373501748,0.00023442231758963317,0.00763342808932066,0.06593822687864304,0.0,0.3041423261165619,0.0002975772658828646,0.0035182370338588953,1.1425031516409945e-06,,,,
66,0.07757136970758438,0.000989825929554596,7.756525868026074,0.6415932774543762,0.02947004698216915,0.011909691616892815,0.00015198980690911412,0.00033919894485734403,0.003762297797948122,0.03710845857858658,0.0,0.29510095715522766,0.0007095547043718398,0.00361804012209177,2.858191692212131e-06,,,,
67,0.0673593282699585,0.0009895164364195894,7.871436320012435,0.4005211293697357,0.024916494265198708,0.011591201648116112,0.00018894484674092382,0.00030099821742624044,0.005961290560662746,0.06612920761108398,0.0,0.12964002788066864,0.0009636805625632405,0.003718308638781309,6.092216153774643e-07,,,,
68,0.08162376284599304,0.0009892023586948885,7.98568390798755,0.9568953514099121,0.027509737759828568,0.012468062341213226,0.0002799876965582371,0.00019972205336671323,0.004120762459933758,0.03911153972148895,0.0,0.40191978216171265,0.00016234689974226058,0.0038153515197336674,1.4612016911996761e-06,,,,
69,0.09214839339256287,0.0009888836994803132,8.104592763993423,0.5090159773826599,0.03048514574766159,0.01210781093686819,0.00028065312653779984,0.00014824775280430913,0.005447543691843748,0.04394298791885376,0.0,0.566543459892273,0.00015790537872817367,0.003919612616300583,2.9386392270680517e-06,,,,
70,0.08233214914798737,0.0009885604619209016,8.220863397000358,0.7169700860977173,0.03045269288122654,0.013583190739154816,0.0002750269486568868,0.00011015010386472568,0.0025218892842531204,0.06974354386329651,0.0,0.2723540961742401,0.00013888106332160532,0.004029395058751106,2.47359281502213e-07,,,,
71,0.08273281902074814,0.0009882326492068776,8.337447368016,0.46186721324920654,0.028081931173801422,0.012839280068874359,0.0003789392940234393,5.762965520261787e-05,0.00394526356831193,0.05541316047310829,0.0,0.368702232837677,0.0004255630192346871,0.004140325356274843,3.2467830806126585e-06,,,,
72,0.07574811577796936,0.0009879002645736207,8.453301112982444,0.40440839529037476,0.026238497346639633,0.012080797925591469,0.0004539243527688086,3.18046695610974e-05,0.0038097104988992214,0.05907202512025833,0.0,0.26791542768478394,0.000992245739325881,0.0042526377364993095,7.773190873194835e-07,,,,
73,0.08722824603319168,0.0009875633113016326,8.567415839002933,0.4982149600982666,0.026867834851145744,0.0136368777602911,0.00046288163866847754,3.3207808883162215e-05,0.006047737784683704,0.0712205097079277,0.0,0.3758034408092499,0.0019038132159039378,0.004364814609289169,2.9814989375154255e-06,,,,
74,0.07751835137605667,0.0009872217927165065,8.680738375987858,0.3179481327533722,0.030669087544083595,0.014182290062308311,0.0002893107885029167,9.323356061941013e-05,0.004201372154057026,0.044240932911634445,0.0,0.19445407390594482,0.0002969798515550792,0.004478196147829294,9.141055556938227e-07,,,,
75,0.07719068974256516,0.0009868757121888926,8.796533499029465,0.24260687828063965,0.026229482144117355,0.01194259524345398,0.0001915981702040881,0.00017341603233944625,0.002864265814423561,0.05506318062543869,0.0,0.3480766713619232,0.0003664260439109057,0.00459018861874938,1.490501063017291e-06,20.637962372360487,28.94037366832227,3.231631818656101,4.262401106920468
76,0.07952570170164108,0.0009865250731344664,8.932936650002375,0.46513405442237854,0.024792302399873734,0.012027041986584663,0.0001553729671286419,0.00023411971051245928,0.004484883975237608,0.06378135085105896,0.0,0.3903055191040039,0.0006606585811823606,0.004706049803644419,1.3625002566186595e-06,,,,
77,0.07728111743927002,0.0009861698790138934,9.046042770030908,0.4881643056869507,0.02531941421329975,0.013248960487544537,0.00013963907258585095,0.00025078424368984997,0.004837709479033947,0.05671260133385658,0.0,0.3015024662017822,0.0005622262833639979,0.004828787874430418,4.227826138958335e-06,,,,
78,0.07229629904031754,0.0009858101333327964,9.160262630030047,0.15763287246227264,0.025306643918156624,0.013365129940211773,0.00020887113350909203,0.00015212033758871257,0.008170532993972301,0.03639747574925423,0.0,0.22705629467964172,0.0007158353691920638,0.004953642375767231,0.0005276077426970005,,,,
79,0.0722750723361969,0.0009854458396417198,9.271094113006257,0.257527619600296,0.02670533023774624,0.012113124132156372,0.0003402995062060654,7.046383689157665e-05,0.004008987452834845,0.06427118927240372,0.0,0.19125592708587646,0.001040197443217039,0.00507750827819109,2.2509445329887967e-07,,,,
80,0.07603619247674942,0.0009850770015360957,9.384192526980769,0.2812572121620178,0.024118289351463318,0.012422477826476097,0.0003866116458084434,4.9943409976549447e-05,0.0012967988150194287,0.01890067756175995,0.0,0.4064069986343384,0.0004264292656444013,0.0051993271335959435,5.127427016304864e-07,,,,
81,0.06400930136442184,0.000984703622656207,9.499944109003991,0.2883649170398712,0.023247739300131798,0.012489505112171173,0.0003632495063357055,6.376891542458907e-05,0.01269214041531086,0.04451478645205498,0.0,0.11366729438304901,0.000736325397156179,0.005330107174813747,1.265797777705302e-06,,,,
82,0.076047383248806,0.0009843257066871525,9.6135523620178,0.15779630839824677,0.024934763088822365,0.013438700698316097,0.0002880695683415979,0.00010796933202072978,0.0032865817192941904,0.018353456631302834,0.0,0.3573184907436371,0.00040048130904324353,0.0054526482708752155,3.290176664449973e-06,,,,
83,0.07371542602777481,0.0009839432573588102,9.727452007005922,0.30493685603141785,0.027214322239160538,0.012048158794641495,0.00020738120656460524,0.00017554480291437358,0.0041568465530872345,0.036385562270879745,0.0,0.2816436290740967,0.0006390694761648774,0.005580143071711063,2.30363866648986e-06,,,,
84,0.07621993124485016,0.000983556278445801,9.842361913993955,0.2779560089111328,0.024118194356560707,0.012637249194085598,0.00019764364697039127,0.00018132592958863825,0.00699461018666625,0.034219302237033844,0.0,0.38018888235092163,0.0002448036102578044,0.005706085357815027,5.922765467403224e-06,,,,
85,0.06699389219284058,0.0009831647737674498,9.955251437029801,0.3327856957912445,0.025462111458182335,0.01189729105681181,0.0002653196279425174,0.00014296136214397848,0.004228079225867987,0.04081553593277931,0.0,0.1734163761138916,0.0006825416348874569,0.005837804172188044,2.2251842892728746e-06,,,,
86,0.08124524354934692,0.0009827687471877502,10.071803111990448,0.31795385479927063,0.023575974628329277,0.012152901850640774,0.0002490696497261524,0.00014436569472309202,0.0035966457799077034,0.05647089332342148,0.0,0.46175944805145264,0.0004988738801330328,0.005965132266283035,9.374731234856881e-06,,,,
87,0.07928302139043808,0.0009823682026153246,10.191637252981309,0.21123190224170685,0.02440125308930874,0.0123146278783679,0.00020209714421071112,0.00015232876467052847,0.005019296891987324,0.041874874383211136,0.0,0.4382563531398773,0.0003467077622190118,0.006103217601776123,4.178739345661597e-06,,,,
88,0.07481863349676132,0.0009819631440033862,10.305425584025215,0.27519091963768005,0.02117522805929184,0.01300807110965252,0.00021268523414619267,0.00013629769091494381,0.0046878112480044365,0.05919075012207031,0.0,0.3485127389431,0.0005517316749319434,0.006253436673432589,3.4388776271043753e-07,,,,
89,0.06368305534124374,0.0009815535753497,10.421319085988216,0.4313281178474426,0.023346703499555588,0.011548003181815147,0.00029161787824705243,9.507335198577493e-05,0.003438834100961685,0.025867899879813194,0.0,0.20211811363697052,0.0004998907097615302,0.006406703498214483,2.4956962079158984e-06,,,,
90,0.06600496172904968,0.0009811395006965433,10.537242030026391,0.3406015932559967,0.021872704848647118,0.011897780001163483,0.0003455381083767861,6.644363747909665e-05,0.006207646802067757,0.05043477937579155,0.0,0.19159705936908722,0.0007175953360274434,0.00655749998986721,0.0005590128130279481,,,,
91,0.07645381987094879,0.0009807209241306657,10.65027631202247,0.428337424993515,0.024058915674686432,0.01187082752585411,0.00025909257237799466,9.809016773942858e-05,0.006305393297225237,0.05674357712268829,0.0,0.373526930809021,0.00040742140845395625,0.0067052086815238,1.3179394500184571e-06,,,,
92,0.07201144844293594,0.0009802978497832487,10.765340342011768,0.19154949486255646,0.023740805685520172,0.012636969797313213,0.00016965581744443625,0.00016594375483691692,0.0014025920536369085,0.0593683198094368,0.0,0.26780128479003906,0.00022932846331968904,0.006857088766992092,7.504584573325701e-06,,,,
93,0.0736047700047493,0.0009798702818298657,10.884540694998577,0.33263659477233887,0.02028725855052471,0.011818712577223778,0.00010330488294130191,0.00021711694716941565,0.0024152561090886593,0.05057171359658241,0.0,0.42020493745803833,0.0002790867874864489,0.007007476408034563,1.594306354490982e-06,,,,
94,0.06865561753511429,0.0009794382244904397,11.003194732998963,0.33651241660118103,0.01954665593802929,0.01289976667612791,0.00013460562331601977,0.00017899733211379498,0.006640915293246508,0.1017368882894516,0.0,0.1728706657886505,0.000228464778047055,0.007165306247770786,0.0007885039085522294,,,,
95,0.07466550171375275,0.000979001682029202,11.119614241993986,0.252441942691803,0.021481376141309738,0.013374443165957928,0.00025560043286532164,8.759931370150298e-05,0.004661509767174721,0.03332013264298439,0.0,0.3823366165161133,0.0003136582672595978,0.007318692281842232,3.4046053087877226e-07,,,,
96,0.07151874154806137,0.0009785606587546505,11.23359643702861,0.4004955589771271,0.023637086153030396,0.011658052913844585,0.0003153504803776741,5.417794454842806e-05,0.0019085118547081947,0.048604436218738556,0.0,0.2589239478111267,0.000353125884430483,0.007478979881852865,0.0026075912173837423,,,,
97,0.06771980226039886,0.0009781151590195069,11.343915882986039,0.34466055035591125,0.018990283831954002,0.012960354797542095,0.0002418910153210163,7.843938510632142e-05,0.005933593958616257,0.03853532671928406,0.0,0.3050844073295593,0.00019126920960843563,0.007640836760401726,2.158656798201264e-06,,,,
98,0.06910521537065506,0.0009776651872206738,11.458924578037113,0.33632850646972656,0.022007379680871964,0.012913437560200691,0.00020243703329470009,0.00010192055196966976,0.002005491405725479,0.06709137558937073,0.0,0.22259756922721863,0.00027143218903802335,0.007806617300957441,8.85248118720483e-06,,,,
99,0.06588666886091232,0.0009772107477991911,11.574516995984595,0.3128921091556549,0.02122068963944912,0.01140759326517582,0.0002130088396370411,0.00010256960376864299,0.005223684944212437,0.03462640196084976,0.0,0.28825312852859497,0.0005429225275292993,0.007971452549099922,7.633250788785517e-06,,,,
100,0.06626541167497635,0.0009767518452401926,11.689667670987546,0.48232588171958923,0.019936732947826385,0.012039612047374249,0.00018841300334315747,0.00014089178876020014,0.002165028126910329,0.05911798030138016,0.0,0.2546427249908447,0.0001941858499776572,0.008137664757668972,1.9029653230973054e-06,20.1643168207536,28.304289690433457,3.031903233190871,3.865310390578977
101,0.06717889755964279,0.0009762884840728611,11.82419369003037,0.35324716567993164,0.02021108567714691,0.01230336632579565,0.00012824259465560317,0.00020155606034677476,0.0010895277373492718,0.022026535123586655,0.0,0.3302689492702484,0.0002740422496572137,0.008299162611365318,1.0175244824495167e-05,,,,
102,0.06213933601975441,0.0009758206688703845,11.937582097016275,0.3498818278312683,0.01970084384083748,0.011867081746459007,0.0001558450749143958,0.00015753001207485795,0.001934675732627511,0.0524689145386219,0.0,0.19827181100845337,0.0003029663348570466,0.008460667915642262,1.936157559612184e-06,,,,
103,0.06074439734220505,0.0009753484042499097,12.05018049798673,0.08626332134008408,0.01952851563692093,0.012210114859044552,0.00023327837698161602,7.665982411708683e-05,0.005523618310689926,0.04187465459108353,0.0,0.18083466589450836,0.00017906443099491298,0.008622666820883751,3.2015830129239475e-06,,,,
104,0.06642661243677139,0.000974871694872498,12.162735761026852,0.2829723358154297,0.018980598077178,0.01232542097568512,0.00025898288004100323,4.4670916395261884e-05,0.006086195819079876,0.05033180117607117,0.0,0.2822053134441376,0.0003016421105712652,0.008782089687883854,4.504745447775349e-07,,,,
105,0.0626017153263092,0.0009743905454430785,12.273893686011434,0.5181040167808533,0.019469110295176506,0.012734155170619488,0.00030678408802486956,3.843702143058181e-05,0.008112438023090363,0.06243079900741577,0.0,0.14446759223937988,0.0003297323710285127,0.008942794054746628,1.3370377018873114e-06,,,,
106,0.0631483867764473,0.0009739049607104018,12.38561680301791,0.2676749527454376,0.021570365875959396,0.011997746303677559,0.0001477971236454323,0.00010230467887595296,0.005232847295701504,0.035377200692892075,0.0,0.22303202748298645,0.00011721565533662215,0.00909822154790163,4.2336996557423845e-06,,,,
107,0.05871397256851196,0.0009734149454669931,12.506571585021447,0.6447834968566895,0.019080596044659615,0.013000867329537868,9.770691394805908e-05,0.00014814356109127402,0.004852636251598597,0.04788443446159363,0.0,0.11963716894388199,0.00014820098294876516,0.009253153577446938,2.7491212222230388e-06,,,,
108,0.07065928727388382,0.0009729205045491051,12.62735658098245,0.5471703410148621,0.018768498674035072,0.01191207766532898,0.00019104505190625787,8.44700844027102e-05,0.004133090376853943,0.055140309035778046,0.0,0.3882884383201599,0.0001660968700889498,0.009404953569173813,8.789946832621354e-07,,,,
109,0.06536992639303207,0.00097242164283667,12.757818565994967,0.26975369453430176,0.019051626324653625,0.01271067839115858,0.0001762903411872685,8.054357022047043e-05,0.006516329012811184,0.050256311893463135,0.0,0.257368803024292,8.586647163610905e-05,0.009562651626765728,1.3280836355988868e-05,,,,
110,0.07434096187353134,0.0009719183652532516,12.874865065037739,0.1358221471309662,0.019339777529239655,0.012672167271375656,0.00015293342585209757,9.269503061659634e-05,0.0037604114040732384,0.05403917282819748,0.0,0.4309558570384979,4.866563540417701e-05,0.009725609794259071,2.4463795398332877e-06,,,,
111,0.06485004723072052,0.0009714106767659962,12.991220155032352,0.3426044285297394,0.019932426512241364,0.013332794420421124,0.00012756773503497243,9.637126640882343e-05,0.0018134033307433128,0.05375177413225174,0.0,0.20852544903755188,0.00010393265984021127,0.009895446710288525,6.687982931907754e-06,,,,
112,0.07018853724002838,0.0009708985823855846,13.108824363036547,0.22552630305290222,0.019936544820666313,0.013794432394206524,0.00015716903726570308,6.54644682072103e-05,0.0017000408843159676,0.06473197788000107,0.0,0.2732490599155426,0.00020302845223341137,0.010059865191578865,3.0520623113261536e-06,,,,
113,0.05870724096894264,0.0009703820871661813,13.224779091018718,0.3464668095111847,0.01787530444562435,0.011451682075858116,0.0002405204577371478,4.295440157875419e-05,0.007328386418521404,0.05247259512543678,0.0,0.18492552638053894,0.00022311256907414645,0.010227954015135765,5.307979904500826e-07,,,,
114,0.06153400242328644,0.0009698611962053858,13.337961070006713,0.18140310049057007,0.018396461382508278,0.012242494150996208,0.00018269545398652554,6.235929322429001e-05,0.003192419419065118,0.05218217521905899,0.0,0.2099950909614563,0.00029049578006379306,0.010391989722847939,2.352406590944156e-05,,,,
115,0.05968111380934715,0.0009693359146441815,13.45713869802421,0.16373667120933533,0.016594571992754936,0.011614076793193817,0.00012987341324333102,0.00010921039938693866,0.001669718767516315,0.07481500506401062,0.0,0.19479310512542725,0.00013545593537855893,0.010558114387094975,1.6892863641260192e-05,,,,
116,0.060394346714019775,0.0009688062476668852,13.573926910001319,0.2937774360179901,0.01789100281894207,0.011863823980093002,0.00010918554471572861,0.0001429296680726111,0.006508969701826572,0.016226639971137047,0.0,0.27897995710372925,0.0003370249178260565,0.010726149193942547,9.677317393652629e-06,,,,
117,0.05896620824933052,0.0009682722005010961,13.689395392022561,0.2658890187740326,0.0172080360352993,0.01247880607843399,9.679966024123132e-05,0.0001406333176419139,0.003983642440289259,0.07049794495105743,0.0,0.13978952169418335,0.00015157138113863766,0.01090865395963192,2.5294972147094086e-05,,,,
118,0.05841527879238129,0.0009677337784176445,13.803176383022219,0.06793881952762604,0.017765212804079056,0.011776024475693703,0.00014007235586177558,8.409545262111351e-05,0.002595247235149145,0.0313141867518425,0.0,0.22928772866725922,7.939848001115024e-05,0.011088280007243156,4.028536204714328e-05,,,,
119,0.05918005853891373,0.0009671909867305388,13.917122302984353,0.41885992884635925,0.017217613756656647,0.012867864221334457,0.0001984050468308851,4.775300476467237e-05,0.003424145746976137,0.029982445761561394,0.0,0.2088252305984497,0.00012446206528693438,0.011275245808064938,1.868067374743987e-05,,,,
120,0.06280480325222015,0.0009666438307969138,14.032368933025282,0.3010159134864807,0.017260273918509483,0.01179175078868866,0.0002137155970558524,3.7076297303428873e-05,0.0018634835723787546,0.037279706448316574,0.0,0.2682611048221588,0.00018556989380158484,0.011457852087914944,0.0020218791905790567,,,,
121,0.05740013346076012,0.0009660923160169777,14.147278004034888,0.13697555661201477,0.016583574935793877,0.011703511700034142,0.00016909383703023195,6.57418422633782e-05,0.001977917505428195,0.062431685626506805,0.0,0.17139959335327148,0.00012797777890227735,0.011635341681540012,9.521090760244988e-06,,,,
122,0.06322167068719864,0.0009655364478339585,14.2613639489864,0.27307528257369995,0.01635267585515976,0.012768185697495937,8.39948479551822e-05,0.00013240920088719577,0.005670743994414806,0.039716530591249466,0.0,0.2960323989391327,9.4965762400534e-05,0.011810670606791973,4.9986074373009615e-06,,,,
123,0.06311042606830597,0.0009649762317340511,14.376815901021473,0.32541659474372864,0.016695966944098473,0.012462626211345196,7.245310553116724e-05,0.00014085802831687033,0.00547503586858511,0.049109723418951035,0.0,0.28160735964775085,7.651785563211888e-05,0.011995665729045868,2.4864389160939027e-06,,,,
124,0.05483495816588402,0.0009644116732463621,14.495611525024287,0.04683661460876465,0.016940709203481674,0.0124131441116333,0.00011547328176675364,7.16133727109991e-05,0.004559295251965523,0.03507062792778015,0.0,0.14735694229602814,7.668339821975678e-05,0.012196628376841545,5.337285529094515e-06,,,,
125,0.06148098409175873,0.0009638427779428558,14.609263811027631,0.5115069150924683,0.014971207827329636,0.012264767661690712,0.0002121856523444876,3.303874109406024e-05,0.00309967715293169,0.07787099480628967,0.0,0.2263336181640625,0.00023188887280412018,0.012388856150209904,2.494695218047127e-05,20.215721336333903,28.46753278144074,3.0238896993195743,2.181009480668504
126,0.06358885020017624,0.0009632695514382992,14.739004968025256,0.19095981121063232,0.015379620715975761,0.011800560168921947,0.00012515039998106658,6.039247091393918e-05,0.008872563019394875,0.08058969676494598,0.0,0.2810152769088745,0.00017384208331350237,0.012581730261445045,1.2892951417597942e-05,,,,
127,0.057989656925201416,0.0009626919993902064,14.852101819007657,0.5425729751586914,0.01665482483804226,0.012843551114201546,5.6404940551146865e-05,0.00011694221757352352,0.004589914344251156,0.06346510350704193,0.0,0.14223022758960724,0.00020976076484657824,0.01278234738856554,4.202419404464308e-06,,,,
128,0.05743343383073807,0.0009621101274987831,14.966098545992281,0.37081390619277954,0.01613185554742813,0.012607892975211143,8.607995550846681e-05,6.547504744958133e-05,0.005770770832896233,0.03797455504536629,0.0,0.20651821792125702,0.00014242867473512888,0.012975641526281834,2.9322754926397465e-06,,,,
129,0.07251949608325958,0.0009615239415068697,15.080317737010773,0.38459089398384094,0.017157968133687973,0.012372076511383057,0.0002037017693510279,2.8732985811075196e-05,0.0022328898776322603,0.07700391113758087,0.0,0.40702879428863525,0.00011509936302900314,0.013170605525374413,1.2825306612285203e-06,,,,
130,0.05856819450855255,0.0009609334471998856,15.193601084989496,0.7213354706764221,0.01443715300410986,0.012551169842481613,0.00021602303604595363,2.648826557560824e-05,0.0020345111843198538,0.07972337305545807,0.0,0.16805900633335114,0.00011071244080085307,0.013385995291173458,2.478895112290047e-06,,,,
131,0.05615585669875145,0.000960338650405771,15.30696907901438,0.7746556401252747,0.016613218933343887,0.01309138722717762,5.435429193312302e-05,0.00012454914394766092,0.005040199961513281,0.024767111986875534,0.0,0.17187075316905975,0.0002337377518415451,0.013590454123914242,1.2483944829000393e-06,,,,
132,0.058768510818481445,0.0009597395569949304,15.423889402998611,0.37662971019744873,0.016997437924146652,0.012261698953807354,6.498332368209958e-05,0.00011237274156883359,0.00219521950930357,0.029392432421445847,0.0,0.2433706820011139,0.00022991615696810186,0.013797134160995483,1.2862466064689215e-05,,,,
133,0.05499986186623573,0.0009591361728801735,15.53801887400914,0.6912392377853394,0.015065782703459263,0.012352598831057549,0.00019244567374698818,3.192142321495339e-05,0.0018017422407865524,0.04218641296029091,0.0,0.16846032440662384,0.00021308747818693519,0.01400853507220745,2.6373738364782184e-05,,,,
134,0.0666273906826973,0.0009585285040166583,15.650309969030786,0.4796307682991028,0.01417920645326376,0.011743943206965923,0.0001415135047864169,4.5343185774981976e-05,0.0017995343077927828,0.030199944972991943,0.0,0.47799038887023926,6.393285002559423e-05,0.0142083540558815,4.096907105122227e-06,,,,
135,0.05935518816113472,0.0009579165564018309,15.763754535000771,0.7969836592674255,0.014949445612728596,0.013184117153286934,6.016895349603146e-05,0.00011369090498192236,0.001410867553204298,0.03685645014047623,0.0,0.2467171847820282,0.0001619270769879222,0.01442493125796318,3.0508675990859047e-05,,,,
136,0.05624934285879135,0.0009573003360753673,15.878480435989331,0.36441555619239807,0.015680639073252678,0.0123404860496521,0.00011683811317197978,4.6043463953537866e-05,0.003140473272651434,0.06253136694431305,0.0,0.15109845995903015,0.00027801055693998933,0.01464245468378067,1.174348085442034e-06,,,,
137,0.059429459273815155,0.0009566798491191136,15.992280861013569,0.5962890982627869,0.013318723998963833,0.011660397052764893,0.0002523169678170234,1.757747304509394e-05,0.002456852700561285,0.032583970576524734,0.0,0.33165472745895386,0.00011046041618101299,0.014848819933831692,1.7162909671242232e-06,,,,
138,0.061814241111278534,0.000956055101657025,16.103111712029204,0.15092182159423828,0.01563396118581295,0.011179646477103233,0.00013074735761620104,3.2862310035852715e-05,0.002326169516891241,0.06314030289649963,0.0,0.31262022256851196,0.00010647346789482981,0.015067163854837418,2.003250074267271e-06,,,,
139,0.05293816700577736,0.0009554260998551071,16.21678246202646,0.48556265234947205,0.015350342728197575,0.011663177981972694,4.651816198020242e-05,0.00011758098844438791,0.0028868108056485653,0.05756884068250656,0.0,0.13182733952999115,0.0001030575658660382,0.015282855369150639,9.54754705162486e-06,,,,
140,0.050387192517519,0.0009547928499213538,16.33198805601569,0.17325784265995026,0.015389903448522091,0.011601485311985016,6.006595504004508e-05,9.168061660602689e-05,0.005002925172448158,0.018084175884723663,0.0,0.16175876557826996,0.00010459078475832939,0.01549153309315443,1.0271402061334811e-05,,,,
141,0.05671771988272667,0.0009541553581056861,16.447189562022686,0.49683472514152527,0.014989110641181469,0.012030428275465965,0.00012580107431858778,4.406186053529382e-05,0.004004567861557007,0.035842157900333405,0.0,0.20510874688625336,0.0001034774977597408,0.015692545101046562,0.001810069428756833,,,,
142,0.05723118036985397,0.0009535136306998909,16.561205058998894,0.16541838645935059,0.016236446797847748,0.012301906011998653,8.453777263639495e-05,5.129529381520115e-05,0.007188202813267708,0.047307342290878296,0.0,0.1965809315443039,9.300990495830774e-05,0.015891486778855324,4.496046130952891e-06,,,,
143,0.06512346863746643,0.0009528676740375587,16.67482816602569,0.44831570982933044,0.01515232864767313,0.012914377264678478,6.888534699101001e-05,5.183942266739905e-05,0.0023898270446807146,0.059527017176151276,0.0,0.3323935270309448,0.00022488219838123769,0.016100149601697922,2.285328946527443e-06,,,,
144,0.05225153639912605,0.0009522174944940209,16.788338927028235,0.4095441401004791,0.014410947449505329,0.011798962019383907,0.00014344582450576127,3.0286246328614652e-05,0.002283454407006502,0.027016401290893555,0.0,0.19209212064743042,3.645456308731809e-05,0.016306765377521515,3.216483673895709e-05,,,,
145,0.060373686254024506,0.000951563098486287,16.901289784989785,0.06002924218773842,0.014937969855964184,0.011436606757342815,7.804366032360122e-05,5.238378798821941e-05,0.0030095360707491636,0.04370347782969475,0.0,0.3326928913593292,7.812641706550494e-05,0.016514696180820465,8.11672452982748e-06,,,,
146,0.06328846514225006,0.0009509044924729818,17.013324644998647,0.18134631216526031,0.01617145538330078,0.013159669004380703,5.4629599617328495e-05,7.652875501662493e-05,0.0028233674820512533,0.024390097707509995,0.0,0.2749680280685425,1.1255450772296172e-05,0.01672518067061901,0.0031295265071094036,,,,
147,0.05794641375541687,0.0009502416829542803,17.127723462006543,0.21230456233024597,0.014823757112026215,0.011532498523592949,5.289628461468965e-05,6.5961095970124e-05,0.003207758069038391,0.026188187301158905,0.0,0.3204929828643799,4.017842002213001e-05,0.016937987878918648,8.114979209494777e-06,,,,
148,0.060865484178066254,0.000949574676471845,17.241813072992954,0.31394606828689575,0.013426759280264378,0.011439366266131401,0.00010869855032069609,2.5271918275393546e-05,0.004088771529495716,0.03568834066390991,0.0,0.3879626393318176,2.7379337552702054e-05,0.017171381041407585,4.3308423300914e-06,,,,
149,0.05956311151385307,0.0009489034796087608,17.356362976017408,0.25389665365219116,0.013046587817370892,0.012179738841950893,8.631081436760724e-05,2.738132570812013e-05,0.0020970050245523453,0.027117665857076645,0.0,0.3621101379394531,6.717714131809771e-05,0.01742071844637394,1.340375001745997e-05,,,,
150,0.055333416908979416,0.0009482280989894695,17.470534232037608,0.28895413875579834,0.014155802316963673,0.011944416910409927,7.200506661320105e-05,3.275242488598451e-05,0.0017528223106637597,0.04910486191511154,0.0,0.22387957572937012,2.4815792130539194e-05,0.017681490629911423,6.604921054531587e-06,20.174979222805984,28.447296908519792,2.672574064779311,1.5745131399648868
151,0.0525987446308136,0.0009475485412797054,17.604347134998534,0.12683425843715668,0.015427755191922188,0.011997747235000134,8.301527122966945e-05,2.895622674259357e-05,0.007728154305368662,0.02852192334830761,0.0,0.1747782975435257,3.6286477552494034e-05,0.017946753650903702,2.4024368030950427e-05,,,,
152,0.054355375468730927,0.0009468648131864284,17.718708891014103,0.5804708003997803,0.014858224429190159,0.012178666889667511,8.326256647706032e-05,3.472343450994231e-05,0.0025980668142437935,0.048409562557935715,0.0,0.17760831117630005,3.755545549211092e-05,0.01820472627878189,5.29200115124695e-05,,,,
153,0.056434549391269684,0.0009461769214577592,17.831703909032512,0.5187550783157349,0.013967369683086872,0.012033852748572826,2.4954124455689453e-05,9.7516858659219e-05,0.0031370441429316998,0.04805515706539154,0.0,0.23958811163902283,0.0001916432083817199,0.01845857873558998,2.2883763449499384e-05,,,,
154,0.051615361124277115,0.000945484872882911,17.942152178031392,0.15255165100097656,0.013752356171607971,0.011972909793257713,4.861716297455132e-05,4.712113150162622e-05,0.0007932933513075113,0.03606348857283592,0.0,0.18195360898971558,0.00017624125757720321,0.018723061308264732,2.1143967387615703e-05,,,,
155,0.05955277383327484,0.0009447886742921243,18.05355273501482,0.5684419274330139,0.014580920338630676,0.011891767382621765,0.00014612782979384065,1.7344445950584486e-05,0.0034392112866044044,0.04922863841056824,0.0,0.28406330943107605,0.00021642950014211237,0.018985483795404434,2.019622115767561e-05,,,,
156,0.05725787207484245,0.0009440883325565978,18.167614551028237,0.2790833115577698,0.013865496031939983,0.011532331816852093,7.982322131283581e-05,2.8255713914404623e-05,0.002094628056511283,0.06619759649038315,0.0,0.24520564079284668,0.00022964426898397505,0.019250789657235146,1.3252894859761e-05,,,,
157,0.0541340708732605,0.0009433838545884216,18.280860131024383,0.5658602714538574,0.014330141246318817,0.012677222490310669,4.663414438255131e-05,4.94162886752747e-05,0.0021487893536686897,0.0138201043009758,0.0,0.1946190893650055,8.606273331679404e-05,0.019525665789842606,0.0021629841066896915,,,,
158,0.06384804099798203,0.0009426752473405091,18.39949511300074,0.6561561226844788,0.014243817888200283,0.01200985535979271,0.00010546739213168621,2.205864257120993e-05,0.004288979806005955,0.04919743165373802,0.0,0.38022249937057495,0.00012619319022633135,0.019783437252044678,1.7962740457733162e-05,,,,
159,0.05530859902501106,0.0009419625178065278,18.51629039598629,0.22208842635154724,0.01325229462236166,0.012264197692275047,4.2124942410737276e-05,5.627806967822835e-05,0.002262603724375367,0.03794370964169502,0.0,0.24951036274433136,0.00013737872359342873,0.02005019225180149,3.4356676223978866e-06,,,,
160,0.05576864629983902,0.0009412456730208301,18.632246110006236,0.18658563494682312,0.014138500206172466,0.012796688824892044,4.805094431503676e-05,4.7676752728875726e-05,0.0005673770210705698,0.03852479159832001,0.0,0.22130736708641052,0.0001062255832948722,0.020326346158981323,6.724241757183336e-06,,,,
161,0.05460672453045845,0.0009405247200583851,18.746784906019457,0.16581441462039948,0.01276684645563364,0.012005052529275417,6.872983067296445e-05,2.9687804271816276e-05,0.003654227592051029,0.05729275941848755,0.0,0.212416410446167,0.00026334478752687573,0.02060028165578842,2.8840440791100264e-05,,,,
162,0.05886542797088623,0.000939799666034707,18.858769032987766,0.21156509220600128,0.01461643073707819,0.011878341436386108,0.0001120762899518013,1.330778013652889e-05,0.0024180293548852205,0.03436283767223358,0.0,0.3117159903049469,6.131260306574404e-05,0.02086668275296688,1.3319290701474529e-05,,,,
163,0.0689995214343071,0.0009390705181057868,18.97211224999046,0.14373330771923065,0.013331988826394081,0.01276342198252678,8.660414459882304e-05,2.2505915694637224e-05,0.002070451620966196,0.06193406879901886,0.0,0.45286425948143005,8.117372635751963e-05,0.021131468936800957,7.144274604797829e-06,,,,
164,0.05809614807367325,0.0009383372834680197,19.088809275010135,0.44738343358039856,0.01347006019204855,0.012509871274232864,4.193820495856926e-05,5.431768295238726e-05,0.0035935002379119396,0.033551640808582306,0.0,0.29948049783706665,0.00011041150719393045,0.02143057994544506,3.0798653369856765e-06,,,,
165,0.05932348221540451,0.0009375999693581359,19.206908822001424,0.15064363181591034,0.01452628057450056,0.01274113915860653,7.930109859444201e-05,3.0547831556759775e-05,0.0021366963628679514,0.09467169642448425,0.0,0.16553550958633423,0.0003388965269550681,0.021737977862358093,5.023411176807713e-06,,,,
166,0.056118179112672806,0.0009368585830531277,19.320104574027937,0.39387544989585876,0.013575360178947449,0.011677142232656479,0.00011764524242607877,2.4307655621669255e-05,0.003084846306592226,0.0800645649433136,0.0,0.18815045058727264,0.00017535356164444238,0.02203737199306488,3.3917526707227807e-06,,,,
167,0.06405617296695709,0.000936113131870179,19.43663142900914,0.24222110211849213,0.014124490320682526,0.012182779610157013,4.7705638280604035e-05,7.087993435561657e-05,0.005151020362973213,0.08373436331748962,0.0,0.31198665499687195,0.0001237578981090337,0.022341949865221977,3.842159003397683e-06,,,,
168,0.060654718428850174,0.0009353636231665917,19.555757845984772,0.18232524394989014,0.014579886570572853,0.012615367770195007,4.914194505545311e-05,6.93288238835521e-05,0.0006856356048956513,0.04512530565261841,0.0,0.2990245521068573,0.00012631688150577247,0.022652635350823402,1.2383716239128262e-05,,,,
169,0.052362579852342606,0.0009346100643397144,19.671921400993597,0.27746081352233887,0.015168314799666405,0.011164521798491478,0.00011355594324413687,2.7898648113477975e-05,0.0025288718752563,0.02629799023270607,0.0,0.17886173725128174,3.4152377338614315e-05,0.02297847718000412,0.001694216625764966,,,,
170,0.0474344938993454,0.0009338524628268683,19.783398164028767,0.1622186005115509,0.011752610094845295,0.011791005730628967,8.86967609403655e-05,3.6519042623694986e-05,0.0026686512865126133,0.013980342075228691,0.0,0.18532335758209229,2.4036333343246952e-05,0.02328481152653694,2.7622531888482627e-06,,,,
171,0.05551599711179733,0.0009330908261052745,19.898038108018227,0.36660701036453247,0.01490513700991869,0.0124212596565485,6.59090219414793e-05,5.7412376918364316e-05,0.001417413353919983,0.014939868822693825,0.0,0.25747281312942505,6.931701500434428e-05,0.02358907088637352,3.7242784856061917e-06,,,,
172,0.05205630511045456,0.0009323251616919799,20.014759108016733,0.278759241104126,0.013404199853539467,0.012179817073047161,0.00011136374087072909,3.332639244035818e-05,0.003760316874831915,0.040105823427438736,0.0,0.16841283440589905,0.0001958193606697023,0.023894717916846275,6.61638250676333e-06,,,,
173,0.05549633502960205,0.0009315554771437833,20.13055099803023,0.20296256244182587,0.01408296823501587,0.011983349919319153,7.885764352977276e-05,5.269224857329391e-05,0.006553018465638161,0.030416594818234444,0.0,0.25074371695518494,0.00019825944036711007,0.02419995702803135,2.213660764027736e-06,,,,
174,0.05718139186501503,0.0009307817800571602,20.243642429995816,0.23993314802646637,0.014766717329621315,0.011959346011281013,5.08401426486671e-05,8.349702693521976e-05,0.002750211860984564,0.04284490644931793,0.0,0.2505398988723755,0.00013726088218390942,0.024516690522432327,4.1832008719211444e-05,,,,
175,0.046075962483882904,0.0009300040780681889,20.35889686702285,0.1673787236213684,0.014765075407922268,0.011559247970581055,6.239135836949572e-05,5.2502040489343926e-05,0.0033827549777925014,0.03180711716413498,0.0,0.07087342441082001,0.00011506598093546927,0.02483217604458332,1.0033641956397332e-05,19.866862884401403,27.996224399464428,3.0842443489847193,1.2958545504204717
176,0.04577764868736267,0.0009292223788524738,20.497514240036253,0.36364349722862244,0.012649952434003353,0.01145382784307003,0.00011877444921992719,1.7575272067915648e-05,0.004409514367580414,0.02315642684698105,0.0,0.12261902540922165,0.0001632198691368103,0.025120649486780167,1.1273784821241861e-06,,,,
177,0.05500447750091553,0.0009284366901250704,20.612141644000076,0.4105498790740967,0.0132016995921731,0.012437651865184307,0.00014137661491986364,1.2697436432063114e-05,0.0016997609054669738,0.03573258966207504,0.0,0.23172885179519653,0.00011354265006957576,0.02540227584540844,3.1005592973087914e-06,,,,
178,0.05359891057014465,0.0009276470196404096,20.725765773036983,0.30086275935173035,0.01246448140591383,0.012285076081752777,2.8983738957322203e-05,7.050399290164933e-05,0.002125078346580267,0.01145824696868658,0.0,0.28365084528923035,9.452341328142211e-05,0.02568119205534458,1.4573204680345953e-05,,,,
179,0.055810507386922836,0.0009268533751922201,20.840793833020143,0.6239892840385437,0.013053610920906067,0.012008926831185818,1.529358087282162e-05,0.00012892414815723896,0.0034633101895451546,0.04912450909614563,0.0,0.23839633166790009,0.0002624229236971587,0.02596716396510601,3.041140871573589e-06,,,,
180,0.057152435183525085,0.0009260557646134523,20.975509606010746,0.3887898921966553,0.013971436768770218,0.012280757538974285,9.153997962130234e-05,1.2633399819605984e-05,0.0024930862709879875,0.029944783076643944,0.0,0.286727637052536,8.482822158839554e-05,0.026245757937431335,1.1159760106238537e-05,,,,
181,0.058039963245391846,0.0009252541957762005,21.09205767203821,0.38214850425720215,0.013159976340830326,0.011654640547931194,0.00012159835023339838,7.947378435346764e-06,0.0029617142863571644,0.05011620372533798,0.0,0.3000934422016144,6.281798414420336e-05,0.02653702162206173,2.1514726540772244e-05,,,,
182,0.05583083629608154,0.0009244486765916255,21.21142372000031,0.4478908181190491,0.014434896409511566,0.01318442728370428,2.439363561279606e-05,3.837232361547649e-05,0.0032835465390235186,0.026375699788331985,0.0,0.22948789596557617,9.159448381979018e-05,0.026828644797205925,4.863304639002308e-06,,,,
183,0.05334099009633064,0.0009236392150098764,21.329366536985617,0.306654691696167,0.013200854882597923,0.011946594342589378,2.953893636004068e-05,3.501254104776308e-05,0.0032910581212490797,0.04919300228357315,0.0,0.20790651440620422,9.119074820773676e-05,0.02710992470383644,3.952713086619042e-06,,,,
184,0.0506608709692955,0.0009228258190200126,21.444047970988322,0.6479415893554688,0.01348466333001852,0.011798424646258354,0.00012389160110615194,8.00732959760353e-06,0.0016205247957259417,0.030287008732557297,0.0,0.1806846559047699,8.488515595672652e-05,0.02738257125020027,4.142156285524834e-06,,,,
185,0.058190714567899704,0.0009220084966499235,21.558133237005677,0.2509121298789978,0.014097933657467365,0.012774720788002014,2.4443201255053282e-05,5.3169322200119495e-05,0.0009788053575903177,0.044143326580524445,0.0,0.2630646228790283,0.0001169224051409401,0.027657216414809227,6.134522664069664e-06,,,,
186,0.05919288471341133,0.0009211872559662515,21.678502666996792,0.28523916006088257,0.0147976353764534,0.011762208305299282,2.2533808078151196e-05,6.33170420769602e-05,0.003902813885360956,0.02014201320707798,0.0,0.349763423204422,0.00027139237499795854,0.027931319549679756,1.548264299344737e-05,,,,
187,0.05091289058327675,0.0009203621050743103,21.802986083028372,0.1297864466905594,0.01420276053249836,0.010951886884868145,7.207249291241169e-05,1.6019088434404694e-05,0.002043717773631215,0.026563433930277824,0.0,0.21546101570129395,0.00035920972004532814,0.028225036337971687,6.422183105314616e-06,,,,
188,0.05342439189553261,0.0009195330521180062,21.92573280900251,0.21154062449932098,0.011395212262868881,0.011155153624713421,9.41759062698111e-05,8.983997759060003e-06,0.0020972457714378834,0.0497593954205513,0.0,0.26607459783554077,0.0002013846387853846,0.028506116941571236,7.284744060598314e-05,,,,
189,0.0464005284011364,0.0009187001052797571,22.038845898001455,0.2121354043483734,0.012401659041643143,0.011214641854166985,6.394625961547717e-05,2.4779103114269674e-05,0.004750629421323538,0.04373359680175781,0.0,0.07265594601631165,0.00039766213740222156,0.028798948973417282,0.0020121783018112183,,,,
190,0.054201457649469376,0.000917863272780412,22.153971724037547,0.16052432358264923,0.01390888448804617,0.012319793924689293,4.897582039120607e-05,3.8014120946172625e-05,0.0031871646642684937,0.02481066808104515,0.0,0.23438750207424164,0.0003929761005565524,0.029071157798171043,1.2392489452395239e-06,,,,
191,0.0528264120221138,0.00091702256287917,22.270703256013803,0.44700586795806885,0.012262502685189247,0.010987013578414917,7.154355989769101e-05,2.5116967663052492e-05,0.001348424586467445,0.01562965102493763,0.0,0.2783937454223633,0.00011147179611725733,0.029349876567721367,0.0019323811866343021,,,,
192,0.04769468680024147,0.0009161779838734982,22.38822760799667,0.2741730809211731,0.012605994008481503,0.01164652407169342,2.531265636207536e-05,6.151245906949043e-05,0.00366719882003963,0.02444898523390293,0.0,0.16144582629203796,0.00018577429000288248,0.029626639559864998,1.1449122212070506e-05,,,,
193,0.04886263981461525,0.0009153295440990506,22.50447271298617,0.12319541722536087,0.013147746212780476,0.0120107252150774,4.4407403038349e-05,3.293573536211625e-05,0.0022558928467333317,0.029383083805441856,0.0,0.15513449907302856,8.108798647299409e-05,0.029892830178141594,1.2076334314770065e-06,,,,
194,0.04779641702771187,0.0009144772519295853,22.622444270993583,0.4229114353656769,0.013705595396459103,0.011703195981681347,6.116815347922966e-05,1.4968434697948396e-05,0.006805863231420517,0.01842988282442093,0.0,0.152927964925766,6.17057885392569e-05,0.030146300792694092,1.5359745475507225e-06,,,,
195,0.06080063059926033,0.0009136211157768814,22.738770211988594,0.2941589057445526,0.014672278426587582,0.011725391261279583,9.602100180927664e-05,1.0864201613003388e-05,0.002263704314827919,0.01864464581012726,0.0,0.3647259473800659,4.528132558334619e-05,0.030390199273824692,0.0013191020116209984,,,,
196,0.05119313672184944,0.0009127611440906577,22.854348695022054,0.11345267295837402,0.014315813779830933,0.011520465835928917,3.525314969010651e-05,3.947822187910788e-05,0.004453125409781933,0.013875525444746017,0.0,0.22799524664878845,2.9057760912110098e-05,0.030656784772872925,1.9393773982301354e-05,,,,
197,0.0427425317466259,0.0009118973453584873,22.97029093001038,0.34765538573265076,0.012719430960714817,0.011587617918848991,9.193887308356352e-06,9.051695087691769e-05,0.002088231034576893,0.02317998558282852,0.0,0.065095454454422,0.00014103259309194982,0.030921850353479385,1.6149631392181618e-06,,,,
198,0.05401134863495827,0.0009110297281057149,23.088186149019748,0.32756125926971436,0.014961998909711838,0.011386005207896233,5.1033246563747525e-05,2.908120040956419e-05,0.0027238214388489723,0.014269959181547165,0.0,0.277401864528656,6.9494894887611736e-06,0.03116482123732567,4.801086106454022e-06,,,,
199,0.059646204113960266,0.0009101583008953727,23.204101704002824,0.2208176553249359,0.013296695426106453,0.011397482827305794,6.645287066930905e-05,1.8686279872781597e-05,0.002474759705364704,0.01359483227133751,0.0,0.42306190729141235,3.1437084544450045e-05,0.0314084030687809,3.98275778934476e-06,,,,
200,0.04883450269699097,0.0009092830723280953,23.323215204000007,0.20110295712947845,0.012977617792785168,0.010977981612086296,3.619529161369428e-05,3.7047411751700565e-05,0.0030429044272750616,0.010193537920713425,0.0,0.23802591860294342,4.391836409922689e-05,0.031663455069065094,2.011554352066014e-05,19.541808485932947,27.572291878642595,2.099183803896871,1.6309457620841252
201,0.04962725192308426,0.0009084040510420354,23.46190342400223,0.2528361976146698,0.013148702681064606,0.011775469407439232,5.300472548697144e-05,2.4460197892040014e-05,0.0019066486274823546,0.017533665522933006,0.0,0.2035081833600998,9.613243310013786e-05,0.03192737326025963,7.919904874142958e-07,,,,
202,0.054981980472803116,0.0009075212457127782,23.577691062993836,0.24066981673240662,0.012851916253566742,0.011777261272072792,0.00010016193118644878,8.519249604432844e-06,0.0007650257321074605,0.024496721103787422,0.0,0.29518505930900574,0.00020713458070531487,0.032190337777137756,2.227133791166125e-06,,,,
203,0.046570539474487305,0.0009066346650532561,23.694859070994426,0.10836456716060638,0.013563425280153751,0.011134520173072815,6.811669300077483e-05,2.5460114557063207e-05,0.0036306234542280436,0.03072289563715458,0.0,0.12059913575649261,0.00045006186701357365,0.032479122281074524,3.598967305151746e-05,,,,
204,0.05621939152479172,0.0009057443178136618,23.81661633803742,0.3845931887626648,0.012227506376802921,0.011085018515586853,2.856546598195564e-05,7.618386734975502e-05,0.0022473973222076893,0.02438139170408249,0.0,0.35118043422698975,0.0006313676713034511,0.032754696905612946,7.015839287305425e-07,,,,
205,0.054056473076343536,0.0009048502127813635,23.934508867037948,0.17415079474449158,0.013955466449260712,0.01135079376399517,6.076318823033944e-05,2.487066922185477e-05,0.0011810363503172994,0.0236112829297781,0.0,0.27903419733047485,0.0001332839165115729,0.033062644302845,4.839903340325691e-06,,,,
206,0.05141556262969971,0.0009039523587808167,24.05121817998588,0.28725674748420715,0.013342280872166157,0.012137480080127716,6.791179475840181e-05,1.531123780296184e-05,0.0024623561184853315,0.030026353895664215,0.0,0.19315862655639648,0.00014189339708536863,0.03338561952114105,7.128902325348463e-06,,,,
207,0.050560154020786285,0.0009030507646734779,24.167729637003504,0.14858371019363403,0.012122244574129581,0.011374017223715782,7.237336103571579e-05,1.720480759104248e-05,0.002124146092683077,0.013804547488689423,0.0,0.26220300793647766,0.0001544766128063202,0.0337003618478775,9.105746357818134e-06,,,,
208,0.04949084296822548,0.0009021454393577171,24.28322699700948,0.09728094190359116,0.012723881751298904,0.011862354353070259,3.7516387237701565e-05,3.8154685171321034e-05,0.0030579136218875647,0.021754242479801178,0.0,0.1921326220035553,0.0003147278039250523,0.03402678295969963,1.8369098597759148e-06,,,,
209,0.04755568131804466,0.0009012363917687298,24.40134466200834,0.4176649749279022,0.013642833568155766,0.01151951588690281,3.0474997402052395e-05,4.728936983156018e-05,0.0017506310250610113,0.021289415657520294,0.0,0.1518765687942505,0.0002499344991520047,0.03436467796564102,1.5723271644674242e-06,,,,
210,0.04290531948208809,0.0009003236308784483,24.519105187035166,0.36181920766830444,0.012513391673564911,0.011275280267000198,1.3627437510876916e-05,5.999554923619144e-05,0.002298983745276928,0.028567025437951088,0.0,0.07865754514932632,0.00016451350529678166,0.03469748795032501,1.4010632867211825e-06,,,,
211,0.04115176945924759,0.0008994071656954544,24.64027531800093,0.35352829098701477,0.013235078193247318,0.0105354068800807,8.701448678039014e-05,9.428988960280549e-06,0.004054354969412088,0.02484148181974888,0.0,0.061691105365753174,7.19785675755702e-05,0.035017628222703934,3.0205892471713014e-06,,,,
212,0.048633087426424026,0.0008984870052648894,24.754746375023387,0.4625405967235565,0.013591218739748001,0.012053566984832287,8.500696276314557e-05,6.017633040755754e-06,0.00211092340759933,0.03610645607113838,0.0,0.12242941558361053,0.000150635140016675,0.03531772643327713,8.769520150053722e-07,,,,
213,0.04924151673913002,0.0008975631586683652,24.87100617098622,0.7064670324325562,0.013788384385406971,0.011479704640805721,1.230305315402802e-05,0.00011838785576401278,0.0018523690523579717,0.03877745568752289,0.0,0.1401490569114685,0.00017106268205679953,0.0355946309864521,2.338867716389359e-06,,,,
214,0.05438096076250076,0.0008966356350238747,24.985288617026526,0.28377604484558105,0.01376425102353096,0.011596607975661755,6.288100121309981e-05,1.2922630958200898e-05,0.00345426588319242,0.06470582634210587,0.0,0.19313643872737885,0.00031417730497196317,0.03585238754749298,1.5312372852349654e-05,,,,
215,0.05185757204890251,0.000895704443485702,25.098605017992668,0.3169838488101959,0.01181204617023468,0.011507293209433556,0.0001162406406365335,4.117689059057739e-06,0.004630083218216896,0.0484980046749115,0.0,0.20969851315021515,0.00021847564494237304,0.03610491380095482,6.5440435719210654e-06,,,,
216,0.049714818596839905,0.0008947695932443316,25.219576527015306,0.2384795844554901,0.013775906525552273,0.010324439033865929,3.7010446249041706e-05,4.00248245568946e-05,0.0023873429745435715,0.037044018507003784,0.0,0.2107570618391037,0.00011729972175089642,0.03636341914534569,4.3973514038953e-06,,,,
217,0.04508093744516373,0.0008938310935263577,25.337975414004177,0.4624634087085724,0.013165455311536789,0.011380145326256752,1.6519856217200868e-05,8.543408330297098e-05,0.003948399797081947,0.020844096317887306,0.0,0.11205535382032394,0.00021137812291271985,0.036634162068367004,3.0430717288254527e-06,,,,
218,0.04837331175804138,0.000892888953594394,25.4523617720115,0.6271331906318665,0.012321636080741882,0.010539203882217407,0.00012690441508311778,7.181988166848896e-06,0.004632118623703718,0.0328393317759037,0.0,0.19162549078464508,0.0004948131972923875,0.036885760724544525,3.895132522302447e-06,,,,
219,0.05992796644568443,0.0008919431827469809,25.566261301981285,0.23692455887794495,0.012938307598233223,0.01097929384559393,2.935175143647939e-05,4.7345289203803986e-05,0.0019121047807857394,0.021474268287420273,0.0,0.43192020058631897,0.0003804948355536908,0.03713895380496979,7.4229824349458795e-06,,,,
220,0.0494607612490654,0.0008909937903184951,25.680121109005995,0.5811210870742798,0.011671788059175014,0.01242038607597351,2.7099951694253832e-05,4.5232081902213395e-05,0.0022163409739732742,0.022587288171052933,0.0,0.18988735973834991,0.0003219899081159383,0.03742879629135132,1.545449208606442e-06,,,,
221,0.05424932390451431,0.0008900407856790567,25.793715709005482,0.8439799547195435,0.01274201925843954,0.011566173285245895,0.00022799117141403258,2.2547354092239402e-05,0.002099789911881089,0.028330227360129356,0.0,0.2561761736869812,8.410082955379039e-05,0.03773273527622223,9.126774784817826e-07,,,,
222,0.04751626029610634,0.0008890841782344365,25.91557112301234,0.38476553559303284,0.013542608357965946,0.012118222191929817,1.0017352906288579e-05,8.169881766662002e-05,0.0034440062008798122,0.01926897093653679,0.0,0.13033261895179749,0.00016474799485877156,0.03804571181535721,1.5253139054038911e-06,,,,
223,0.044394612312316895,0.0008881239774259638,26.03061695402721,0.39590761065483093,0.012721113860607147,0.01055655162781477,7.434995040966896e-06,9.18916703085415e-05,0.0019178981892764568,0.01956811174750328,0.0,0.14778821170330048,8.193800022127107e-05,0.03834504261612892,4.723860456579132e-06,,,,
224,0.05482413247227669,0.0008871601927304331,26.145076082029846,0.8848209381103516,0.01282627135515213,0.010387761518359184,0.00011504220310598612,4.257983164279722e-06,0.00253305840305984,0.023532990366220474,0.0,0.3496484160423279,1.9275477825431153e-05,0.03863617032766342,9.051221240952145e-06,,,,
225,0.05083150416612625,0.0008861928336600101,26.260091299016494,0.7857511639595032,0.012755943462252617,0.011713704094290733,1.651548154768534e-05,8.23391746962443e-05,0.002026027999818325,0.016094153746962547,0.0,0.2373999059200287,3.837711119558662e-05,0.038944587111473083,1.5722525859018788e-06,19.42677478749878,27.400130557711798,2.72178435279584,0.809873665681839
226,0.047422006726264954,0.0008852219097621384,26.395620686991606,0.6852930784225464,0.012581966817378998,0.011866270564496517,8.508691098541021e-05,5.076639354228973e-06,0.003212111769244075,0.034470006823539734,0.0,0.13055378198623657,2.0469162336667068e-05,0.0392693430185318,1.0833572559931781e-05,,,,
227,0.05004246532917023,0.0008842474306194447,26.513926219020505,1.3070967197418213,0.012065190821886063,0.010699226520955563,0.0003034937253687531,3.8861380744492635e-05,0.0013829204253852367,0.028097383677959442,0.0,0.2042987197637558,1.996094943024218e-05,0.03958406299352646,1.907416844915133e-06,,,,
228,0.04937314614653587,0.0008832694058496449,26.62926153902663,1.6895285844802856,0.012984374538064003,0.01139841228723526,0.00011144024028908461,0.00042292941361665726,0.002062747720628977,0.026772351935505867,0.0,0.09689456969499588,0.0005788032431155443,0.0398867093026638,4.459222509467509e-06,,,,
229,0.059845950454473495,0.0008822878451054484,26.74416005401872,1.2128442525863647,0.012036087922751904,0.011855877004563808,0.00014146437752060592,5.883536687179003e-06,0.0021250322461128235,0.016757605597376823,0.0,0.4131406843662262,0.00013786504860036075,0.04016488790512085,7.551399903604761e-06,,,,
230,0.05449330061674118,0.0008813027580744639,26.861323453020304,0.31667646765708923,0.011697995476424694,0.011207329109311104,7.587756408611313e-05,1.824749051593244e-05,0.001995410770177841,0.01035006158053875,0.0,0.35997316241264343,0.0002626826462801546,0.04048662260174751,2.7951907668466447e-06,,,,
231,0.04961176961660385,0.0008803141544791022,26.976529585022945,1.0457998514175415,0.013518034480512142,0.013058101758360863,3.3335800253553316e-05,3.986970114056021e-05,0.0027450015768408775,0.019587349146604538,0.0,0.1333104372024536,0.0004315079713705927,0.040853582322597504,1.1607316082518082e-05,,,,
232,0.055453404784202576,0.0008793220440764821,27.086572081025224,1.3085711002349854,0.01320277526974678,0.010693028569221497,0.000322264211717993,3.4956705349031836e-05,0.006768598686903715,0.019833939149975777,0.0,0.2622499167919159,9.068761573871598e-05,0.04120476916432381,0.0017261513276025653,,,,
233,0.057581525295972824,0.0008783264366583325,27.201334810990375,0.9894468784332275,0.0100844232365489,0.010386588051915169,2.241742731712293e-05,0.0002129981730831787,0.0012668670387938619,0.035907916724681854,0.0,0.4065297544002533,0.00034687324659898877,0.0415792353451252,6.922147690602287e-07,,,,
234,0.04605887830257416,0.0008773273420508967,27.32136670901673,0.30014482140541077,0.011386364698410034,0.010213262401521206,1.2519018127932213e-05,7.280327554326504e-05,0.005679383873939514,0.010434472933411598,0.0,0.23892343044281006,6.447181658586487e-05,0.042006202042102814,1.2700402294285595e-05,,,,
235,0.0532463863492012,0.0008763247701148352,27.435219848004635,1.3320512771606445,0.012809256091713905,0.010570216923952103,0.0002743977529462427,3.251606904086657e-05,0.004153557121753693,0.03563011437654495,0.0,0.24697361886501312,6.386935274349526e-05,0.04244163632392883,1.8731504951574607e-06,,,,
236,0.0513446219265461,0.0008753187307451283,27.550992343982216,1.3974124193191528,0.011408708989620209,0.012267986312508583,3.198836202500388e-05,0.0001869466359494254,0.0019349332433193922,0.01923144981265068,0.0,0.18650606274604797,0.00017719593597576022,0.042901039123535156,0.0016453000716865063,,,,
237,0.05932674556970596,0.0008743092338709782,27.664491350005846,0.3024197816848755,0.013682874850928783,0.010994210839271545,8.796885231276974e-05,5.801302449981449e-06,0.004327267408370972,0.043388206511735916,0.0,0.3596988916397095,0.00011583059676922858,0.043377216905355453,1.8406572053208947e-05,,,,
238,0.05474221706390381,0.0008732962894557116,27.778437461005524,0.7199853658676147,0.011281819082796574,0.010587099939584732,0.00017637261771596968,1.1901737707376014e-05,0.003844703547656536,0.0563678964972496,0.0,0.28900808095932007,7.800493040122092e-05,0.043883588165044785,2.1376897620939417e-06,,,,
239,0.04687980189919472,0.0008722799074966811,27.8911204150063,0.8916818499565125,0.011894614435732365,0.01078239269554615,1.0387956535851117e-05,0.0001456407771911472,0.0018456357065588236,0.037827201187610626,0.0,0.1535540670156479,0.00025386546622030437,0.04442022740840912,9.121844414039515e-06,,,,
240,0.04656113684177399,0.0008712600980251661,28.00683086499339,0.348683625459671,0.011681254021823406,0.009901890531182289,7.799097511451691e-05,2.9378279577940702e-05,0.004745102487504482,0.0375908762216568,0.0,0.1905834674835205,0.0004150680615566671,0.04494597762823105,1.687975600361824e-05,,,,
241,0.05509226396679878,0.0008702368711062745,28.122254460991826,0.6831079721450806,0.011609511449933052,0.01061918493360281,0.00011827508569695055,1.5270019503077492e-05,0.0034950636327266693,0.05937369167804718,0.0,0.23463933169841766,0.0003864596947096288,0.045484986156225204,0.0026329010725021362,,,,
242,0.04631735384464264,0.0008692102368388428,28.243119110993575,1.0754398107528687,0.010637531988322735,0.011232370510697365,1.0705305612646043e-05,0.00016588051221333444,0.004524655174463987,0.03701967000961304,0.0,0.13166308403015137,0.0008902764529921114,0.04604644328355789,1.5470882317458745e-06,,,,
243,0.05453648045659065,0.0008681802053553369,28.358852520992514,0.7358312606811523,0.012526387348771095,0.009233790449798107,0.0002421083627268672,1.0803599252540153e-05,0.0034246807917952538,0.08216828107833862,0.0,0.2405424267053604,0.0005472421762533486,0.0466146394610405,4.350065410108073e-06,,,,
244,0.04548501968383789,0.0008671467868217514,28.47967949003214,0.34776532649993896,0.012132260017096996,0.010976104065775871,0.00012455602700356394,9.553997188049834e-06,0.005959687754511833,0.038087934255599976,0.0,0.11020553112030029,0.000393719325074926,0.047178033739328384,1.4962195109546883e-06,,,,
245,0.05139537155628204,0.0008661099914375104,28.594925653014798,0.6096897721290588,0.013120640069246292,0.010221250355243683,1.2472097296267748e-05,0.00013416982255876064,0.003601259784772992,0.04850471764802933,0.0,0.21643124520778656,0.00046463144826702774,0.04771814122796059,1.3635184359372943e-06,,,,
246,0.04656105116009712,0.0008650698294353655,28.70937270100694,0.2975609302520752,0.011432992294430733,0.010619289241731167,5.802967643830925e-05,2.5846235075732693e-05,0.002679367084056139,0.02712768316268921,0.0,0.20022229850292206,0.00014377900515682995,0.048255037516355515,8.40562051962479e-07,,,,
247,0.04639943689107895,0.0008640263110812959,28.82561323803384,0.42077377438545227,0.01280475314706564,0.011563866399228573,9.102216426981613e-05,1.0009372999775223e-05,0.003961632959544659,0.028572389855980873,0.0,0.10331452637910843,5.6145188864320517e-05,0.04878145828843117,0.0011306635569781065,,,,
248,0.042668458074331284,0.0008629794466744064,28.943474128027447,1.1677309274673462,0.012795200571417809,0.010901976376771927,1.3529129319067579e-05,0.000123197038192302,0.0015857138205319643,0.012324610725045204,0.0,0.10607568174600601,3.486574860289693e-05,0.049271777272224426,2.3721465822745813e-06,,,,
249,0.05363977327942848,0.0008619292465468258,29.058031140011735,1.3705421686172485,0.013024557381868362,0.010632922872900963,0.0003110373218078166,4.036687460029498e-05,0.005921125411987305,0.0357900895178318,0.0,0.23711949586868286,4.78495130664669e-05,0.04972881078720093,6.7081491579301655e-06,,,,
250,0.05006099119782448,0.0008608757210636058,29.172937453025952,1.2378485202789307,0.01189553365111351,0.011657195165753365,2.0006500562885776e-05,0.00018425360030960292,0.00478894729167223,0.030745327472686768,0.0,0.18508359789848328,0.00017851963639259338,0.05021957680583,1.1564332453417592e-05,19.513471849671017,27.486714413967107,3.3764845880920973,0.8140932305424968
251,0.04338956996798515,0.0008598188806226174,29.307058667007368,1.0611653327941895,0.010681341402232647,0.01028794702142477,0.00014327143435366452,5.939503353147302e-06,0.004409480839967728,0.0137111721560359,0.0,0.17948415875434875,1.9025710571440868e-05,0.05070030316710472,4.702707428805297e-06,,,,
252,0.046775635331869125,0.0008587587356544492,29.426174691994675,0.5652309656143188,0.011353169567883015,0.010249011218547821,1.259188684343826e-05,0.0001281627337448299,0.002687766682356596,0.04735778272151947,0.0,0.16403958201408386,0.0003903394681401551,0.0511833131313324,3.229130925319623e-06,,,,
253,0.05255689471960068,0.0008576952966223038,29.542066981026437,0.1987561136484146,0.012443885207176208,0.010351676493883133,6.163212674437091e-05,2.9723143597948365e-05,0.0023924889974296093,0.05490235984325409,0.0,0.2516520917415619,0.0002494734653737396,0.051672518253326416,2.4948021746240556e-06,,,,
254,0.0461156852543354,0.0008566285740218953,29.65648481802782,0.6833866834640503,0.012413023971021175,0.010832118801772594,0.0001949657453224063,9.171097190119326e-06,0.008926899172365665,0.015108279883861542,0.0,0.15795907378196716,8.646436617709696e-05,0.05218975618481636,3.275915105405147e-06,,,,
255,0.04836638644337654,0.0008555585783813451,29.78106528101489,0.18564575910568237,0.01113599631935358,0.009839098900556564,4.578399966703728e-05,4.354250995675102e-05,0.004027804359793663,0.03386586904525757,0.0,0.2524909973144531,0.00039099715650081635,0.05268986523151398,2.714544734772062e-06,,,,
256,0.04706944525241852,0.0008544853202610782,29.89679912099382,0.43488505482673645,0.011343640275299549,0.009641214273869991,1.7059755919035524e-05,9.716088970890269e-05,0.002722810721024871,0.05491302162408829,0.0,0.18458537757396698,0.00039016615482978523,0.05319235846400261,1.09934558167879e-06,,,,
257,0.04504476487636566,0.0008534088102537189,30.01105137699051,0.7803418636322021,0.010516688227653503,0.010748058557510376,0.00012892740778625011,8.034217898966745e-06,0.007317429408431053,0.02098028175532818,0.0,0.1501595377922058,4.7557132347719744e-05,0.05367027968168259,0.001589239458553493,,,,
258,0.04374637454748154,0.0008523290589839864,30.129859619017225,1.1863006353378296,0.011530430056154728,0.010534018278121948,1.4399822248378769e-05,0.00015592624549753964,0.00367880892008543,0.03686745837330818,0.0,0.10444896668195724,0.0002952612121589482,0.054155223071575165,2.1017219751229277e-06,,,,
259,0.048751890659332275,0.0008512460771085899,30.246129296021536,1.8547804355621338,0.011734378524124622,0.011460946872830391,0.0003497239085845649,7.59511167416349e-05,0.002642849925905466,0.00944313034415245,0.0,0.17325851321220398,3.748713425011374e-05,0.05460400879383087,7.393273335765116e-06,,,,
260,0.057314202189445496,0.000850159875316123,30.362353206030093,2.5820860862731934,0.012473859824240208,0.012101627886295319,0.00018765316053759307,0.0004700038116425276,0.008886821568012238,0.05332216992974281,0.0,0.15254974365234375,0.0006010800134390593,0.05508552864193916,3.068583964704885e-07,,,,
261,0.054616812616586685,0.0008490704643269592,30.479016403027344,3.2990684509277344,0.010474558919668198,0.010519823059439659,0.0008416417986154556,0.00034137870534323156,0.0038653318770229816,0.02052346058189869,0.0,0.14211545884609222,0.0001332561660092324,0.055594343692064285,0.0017321723280474544,,,,
262,0.06640279293060303,0.000847977854893145,30.59593940200284,3.6611664295196533,0.013214066624641418,0.014709118753671646,0.00041315724956803024,0.0007819474558345973,0.0015405460726469755,0.01653638482093811,0.0,0.16744959354400635,0.0006321133114397526,0.05608336627483368,0.0010281044524163008,,,,
263,0.05250472575426102,0.0008468820577982946,30.709333655016962,2.4468610286712646,0.012346691451966763,0.010531025938689709,0.000540608074516058,0.00019618563237600029,0.006212192587554455,0.01594366878271103,0.0,0.19516663253307343,4.0736513255978934e-06,0.05657951906323433,4.07760990128736e-06,,,,
264,0.040831539779901505,0.0008457830838574825,30.830995166033972,0.31144237518310547,0.011612423695623875,0.009659531526267529,4.476879257708788e-05,2.561593646532856e-05,0.006527314428240061,0.026534246280789375,0.0,0.0958472490310669,9.825706365518272e-05,0.05709517374634743,0.0012687022099271417,,,,
265,0.049301762133836746,0.0008446809439171382,30.945625736028887,2.5122833251953125,0.011309483088552952,0.010360734537243843,0.00022375068510882556,0.0005998468259349465,0.002952571026980877,0.019940294325351715,0.0,0.1231834888458252,0.0006750717293471098,0.05758478492498398,1.3472885029841564e-06,,,,
266,0.05093323811888695,0.0008435756488549379,31.06070978898788,2.8257639408111572,0.010706504806876183,0.010063955560326576,0.0007183676934801042,0.0002625173074193299,0.001723801949992776,0.012441815808415413,0.0,0.17751099169254303,2.2958865883992985e-05,0.05804891139268875,3.0482312922686106e-06,,,,
267,0.04439210891723633,0.0008424672095796976,31.17371364601422,1.2466015815734863,0.011655346490442753,0.010438363067805767,1.6937407053774223e-05,0.00010777208808576688,0.004740800242871046,0.0495731383562088,0.0,0.0983767956495285,0.00043935273424722254,0.058532435446977615,1.862645149230957e-06,,,,
268,0.04922551289200783,0.0008413556370312655,31.288293032033835,1.3204337358474731,0.011038819327950478,0.01153840683400631,1.6283182048937306e-05,0.0001392825215589255,0.0018444386078044772,0.01464902050793171,0.0,0.23344571888446808,0.00025880857720039785,0.05901240557432175,6.985763320699334e-06,,,,
269,0.05668798089027405,0.0008402409421804138,31.410887485020794,2.698240280151367,0.011959242634475231,0.011415829882025719,0.0005706694209948182,0.00017306054360233247,0.007528419140726328,0.03741169348359108,0.0,0.20510876178741455,2.6586094463709742e-05,0.05951806157827377,6.445187636927585e-07,,,,
270,0.04723990336060524,0.0008391231360287306,31.531196193012875,2.1276211738586426,0.010024325922131538,0.010311923921108246,0.0001291288062930107,0.00044238095870241523,0.0013522562803700566,0.01759347878396511,0.0,0.16891354322433472,0.0005431003519333899,0.060048311948776245,8.492793313052971e-07,,,,
271,0.03834376484155655,0.0008380022296085116,31.644363620027434,0.21977032721042633,0.011790010146796703,0.010029739700257778,3.638592534116469e-05,2.397167554590851e-05,0.00096335937269032,0.03801001235842705,0.0,0.03527943789958954,0.00021100550657138228,0.0606001615524292,5.955385404377012e-06,,,,
272,0.05034469813108444,0.0008368782339826503,31.758430493995547,2.097907304763794,0.011885260231792927,0.010091574862599373,0.00048344972310587764,0.0001473290758440271,0.00267976731993258,0.0377982035279274,0.0,0.15943314135074615,4.910325515083969e-06,0.06110690161585808,1.70206021721242e-05,,,,
273,0.04260394349694252,0.00083575116024453,31.8732682550326,1.943342685699463,0.012124653905630112,0.010640568099915981,7.965872646309435e-05,0.00029888481367379427,0.0027698909398168325,0.0234324112534523,0.0,0.04756370186805725,0.00047738003195263445,0.0616280660033226,1.3792726349493023e-05,,,,
274,0.03768834099173546,0.0008346210195179135,31.988721241010353,0.1087992861866951,0.011832755990326405,0.010083234868943691,3.748818562598899e-05,2.431562461424619e-05,0.007604329381138086,0.025219835340976715,0.0,0.038646399974823,0.00017345939704682678,0.06211626157164574,9.77385752776172e-07,,,,
275,0.043543003499507904,0.0008334878229568333,32.100085098005366,2.046342134475708,0.010099431499838829,0.01044605951756239,0.0003086269716732204,7.68261234043166e-05,0.0029354779981076717,0.022513965144753456,0.0,0.12447331845760345,5.957355369901052e-06,0.0625624805688858,6.5654639911372215e-06,18.80069726705344,26.16673790528326,3.2752106556932854,5.808745205534565
276,0.04721180722117424,0.0008323515817454821,32.23480031400686,2.071552276611328,0.010522974655032158,0.009968030266463757,0.00013724324526265264,0.0003926331992261112,0.004380958154797554,0.04510854184627533,0.0,0.11898970603942871,0.0007109364960342646,0.06303902715444565,6.418489419957041e-07,,,,
277,0.05212210491299629,0.000831212307098102,32.34882731101243,0.5883427858352661,0.012305052019655704,0.011118750087916851,4.6095152356429026e-05,6.983269486227073e-06,0.0030666657257825136,0.04126618057489395,0.0,0.25277179479599,6.615601159865037e-05,0.06352218985557556,5.383355414778634e-07,,,,
278,0.052994612604379654,0.0008300700102588737,32.466472060012165,2.649103879928589,0.012194043956696987,0.00977896898984909,0.0007115596672520041,0.00028137763729318976,0.01238566916435957,0.0328705795109272,0.0,0.1461617797613144,3.0253302611527033e-05,0.06403470784425735,4.541973339655669e-06,,,,
279,0.047782301902770996,0.000828924702501806,32.58108002599329,2.7639269828796387,0.01076860073953867,0.011234192177653313,0.0002086406311718747,0.0005514146178029478,0.0013479823246598244,0.023606065660715103,0.0,0.07637656480073929,0.0006321529508568347,0.0645357146859169,1.2468422028177883e-06,,,,
280,0.04159956052899361,0.0008277763951306239,32.69421677000355,0.6489177942276001,0.01099374145269394,0.009982433170080185,5.620799493044615e-05,2.2761127183912322e-05,0.004435708746314049,0.05281998962163925,0.0,0.08157859742641449,0.0002005968417506665,0.06503283977508545,2.9216644179541618e-06,,,,
281,0.046541161835193634,0.0008266250994786576,32.80862500600051,2.1465394496917725,0.011016899719834328,0.010761482641100883,0.00034537314786575735,5.993108788970858e-05,0.00314893014729023,0.010121599771082401,0.0,0.17349672317504883,3.6151068343315274e-05,0.06551575660705566,2.1435444068629295e-06,,,,
282,0.05105036497116089,0.0008254708269087304,32.923363301029895,2.4049651622772217,0.01091088354587555,0.010982389561831951,0.00015446094039361924,0.00043870433000847697,0.0025577929336577654,0.042057573795318604,0.0,0.13688799738883972,0.0009985887445509434,0.06601565331220627,3.943840454212477e-07,,,,
283,0.04287600517272949,0.0008243135888130465,33.03597142902436,0.6081668138504028,0.011694791726768017,0.010410470888018608,0.00010528218990657479,7.085143352014711e-06,0.0034153182059526443,0.028441250324249268,0.0,0.11936384439468384,0.00018487495253793895,0.0664987564086914,2.1378077690314967e-06,,,,
284,0.04823781177401543,0.0008231533966130789,33.15003048902145,2.276209592819214,0.011524215340614319,0.00972420908510685,0.0005739445914514363,0.00023475426132790744,0.003969793673604727,0.021162116900086403,0.0,0.13544948399066925,1.924568641697988e-05,0.06700189411640167,4.764826371683739e-06,,,,
285,0.04484843462705612,0.0008219902617594562,33.266205255000386,2.0714263916015625,0.011202489025890827,0.010584980249404907,0.00013317324919626117,0.00035928876604884863,0.0027964189648628235,0.019834909588098526,0.0,0.10291532427072525,0.00021298466890584677,0.06750543415546417,1.7995573671214515e-06,,,,
286,0.03320761397480965,0.0008208241957318497,33.381410361034796,0.5526522397994995,0.009925720281898975,0.008720635436475277,1.0716393262555357e-05,0.00010790402302518487,0.0046479590237140656,0.005049954168498516,0.0,0.0742829442024231,0.00013301694707479328,0.06800936907529831,1.8568460973256151e-06,,,,
287,0.043427735567092896,0.0008196552100388604,33.49833358603064,2.3859329223632812,0.01151476800441742,0.009876072406768799,0.0003632153966464102,8.575708488933742e-05,0.003980362322181463,0.01988712139427662,0.0,0.10801845788955688,1.2394913028401788e-05,0.06849320977926254,1.5577486465190304e-06,,,,
288,0.046914879232645035,0.000818483316217905,33.61367625702405,1.8190051317214966,0.011288601905107498,0.009821582585573196,6.275012128753588e-05,0.0002567664487287402,0.003998175263404846,0.029865439981222153,0.0,0.17971856892108917,0.0005444943672046065,0.06898026913404465,2.0854299691563938e-06,,,,
289,0.036850377917289734,0.0008173085258351027,33.74335260002408,0.9204956293106079,0.01051086001098156,0.01088702492415905,2.7640609914669767e-05,1.7207508790306747e-05,0.002614256227388978,0.020607367157936096,0.0,0.035419877618551254,8.008241275092587e-05,0.06948363780975342,4.9784403017838486e-06,,,,
290,0.04550076276063919,0.0008161308504851601,33.85743510402972,2.2983248233795166,0.009977051056921482,0.009429131634533405,0.0005199118750169873,0.00020802876679226756,0.0034732609055936337,0.03265669196844101,0.0,0.1172763928771019,1.0875085536099505e-05,0.06994190812110901,2.0753839180542855e-06,,,,
291,0.041257720440626144,0.0008149503017912574,33.97258731001057,1.6459637880325317,0.01031846459954977,0.009763146750628948,4.6611501602455974e-05,0.00024408233002759516,0.00321351015008986,0.012210007756948471,0.0,0.12958750128746033,0.0005735650775022805,0.07037892192602158,1.0300987014488783e-06,,,,
292,0.04544388875365257,0.0008137668914049339,34.08683440001914,0.7792565822601318,0.010542560368776321,0.009609518572688103,7.4859062806353904e-06,0.00012502860045060515,0.004395207390189171,0.03421907499432564,0.0,0.19235800206661224,0.00037439109291881323,0.07081729173660278,0.0006523693446069956,,,,
293,0.05260293558239937,0.0008125806310059719,34.20135787600884,1.8928685188293457,0.010932430624961853,0.010991799645125866,0.0002165504265576601,3.348119935253635e-05,0.005171585828065872,0.02764749526977539,0.0,0.28113970160484314,3.409275086596608e-05,0.07126007974147797,9.21078139981546e-07,,,,
294,0.04662594199180603,0.000811391532302283,34.31425151502481,1.8329861164093018,0.0113372216001153,0.011608260683715343,2.4028440748224966e-05,0.00013535715697798878,0.006290672812610865,0.016726022586226463,0.0,0.16214603185653687,0.00030870706541463733,0.07172416895627975,3.4712502383626997e-06,,,,
295,0.040531694889068604,0.0008101996070297912,34.42734619101975,0.91938316822052,0.010967317037284374,0.010659761726856232,8.842127863317728e-05,7.343622201005928e-06,0.004457148723304272,0.010777001269161701,0.0,0.117335245013237,4.4544860429596156e-05,0.07219129800796509,3.149571739413659e-06,,,,
296,0.04631900042295456,0.0008090048669523178,34.54348097398179,2.3027186393737793,0.011040566489100456,0.009735611267387867,0.0004159608797635883,0.00011768685362767428,0.00407453253865242,0.018723301589488983,0.0,0.1659415066242218,2.3439943106495775e-05,0.07266560196876526,1.5012981293693883e-06,,,,
297,0.048622213304042816,0.0008078073238614648,34.657788362004794,2.585090398788452,0.010180946439504623,0.009282427839934826,0.00023138510005082935,0.0006276734638959169,0.005368094891309738,0.033363815397024155,0.0,0.13893312215805054,0.000658725795801729,0.07314145565032959,2.51745814239257e-06,,,,
298,0.04118845611810684,0.0008066069895764995,34.77152609702898,0.7841076254844666,0.010332819074392319,0.009816579520702362,5.600909935310483e-05,2.2758313207305036e-05,0.0036379063967615366,0.013798805885016918,0.0,0.17440545558929443,7.87213648436591e-05,0.07364578545093536,3.846175786748063e-07,,,,
299,0.0457400307059288,0.0008054038759442362,34.88595154200448,1.7784243822097778,0.01120451744645834,0.009568940848112106,0.00031264437711797655,6.219363422133029e-05,0.003141665831208229,0.021012989804148674,0.0,0.18563589453697205,3.008120256708935e-05,0.07418300211429596,4.810573045688216e-06,,,,
300,0.0485413484275341,0.000804197994838921,35.00099220802076,2.3084847927093506,0.011026211082935333,0.011898580007255077,6.383148138411343e-05,0.0002512637001927942,0.0031596512999385595,0.032446227967739105,0.0,0.13281714916229248,0.0004483979137148708,0.07472947984933853,4.3120235204696655e-07,17.484391937611885,24.62786194274386,2.99949009571406,0.8693314305376235
301,0.03716204687952995,0.0008029893581621136,35.13960718200542,0.6327875852584839,0.010866464115679264,0.009864505380392075,0.0001226842578034848,9.08891342987772e-06,0.003968043252825737,0.011190301738679409,0.0,0.07327502965927124,0.00019053390133194625,0.07525545358657837,1.86932584256283e-06,,,,
302,0.042937953025102615,0.00080177797784257,35.25060095003573,2.3026623725891113,0.010344410315155983,0.009373538196086884,0.0003972416161559522,9.543563646730036e-05,0.003871541004627943,0.019129175692796707,0.0,0.13406062126159668,3.363670839462429e-05,0.07575755566358566,7.752080364298308e-07,,,,
303,0.05123498663306236,0.0008005638658361248,35.36618306901073,2.630190134048462,0.009515267796814442,0.009280377067625523,0.00023916861391626298,0.0006697153439745307,0.0057922047562897205,0.019871382042765617,0.0,0.21069753170013428,0.001176538411527872,0.07623972743749619,5.720145964005496e-06,,,,
304,0.03776512295007706,0.0007993470341255734,35.482798470999114,0.6518348455429077,0.010406405664980412,0.009966827929019928,5.269955727271736e-05,1.4204384569893591e-05,0.004673752933740616,0.017378069460392,0.0,0.07742180675268173,6.515826680697501e-05,0.07678736746311188,0.0007714915554970503,,,,
305,0.0409383699297905,0.0007981274947205537,35.595164384983946,1.5065706968307495,0.01088655088096857,0.008925344794988632,0.00030138285364955664,9.369895269628614e-05,0.00503404438495636,0.01834837533533573,0.0,0.12153802812099457,7.241788807732519e-06,0.07731097936630249,2.321079364264733e-06,,,,
306,0.0438162237405777,0.000796905259657427,35.707745957013685,1.619566559791565,0.010624488815665245,0.011282471939921379,2.9830980565748177e-05,0.0001006080346996896,0.0016774089308455586,0.015588382259011269,0.0,0.1492505818605423,0.00013319846766535193,0.0778246596455574,6.14127156950417e-06,,,,
307,0.036417920142412186,0.0007956803409991601,35.820352422015276,0.6759536266326904,0.011037967167794704,0.009435716085135937,2.7018217224394903e-05,1.7892707546707243e-05,0.0063307275995612144,0.026955297216773033,0.0,0.05797513574361801,6.968193338252604e-05,0.07833737879991531,5.715651241189335e-07,,,,
308,0.04487207531929016,0.0007944527508352057,35.933936201035976,2.3712401390075684,0.011434979736804962,0.010501782409846783,0.0003072083927690983,7.449358236044645e-05,0.002446937607601285,0.015737826004624367,0.0,0.13647815585136414,1.2997409612580668e-05,0.07883410155773163,4.640060524252476e-06,,,,
309,0.04700326547026634,0.0007932225012813829,36.0477824860136,2.2691822052001953,0.009688761085271835,0.009838507510721684,0.00017884971748571843,0.000518333981744945,0.006673665717244148,0.010647917166352272,0.0,0.1674194484949112,0.0003297856019344181,0.07932756841182709,0.0004870923876296729,,,,
310,0.03965131565928459,0.0007919896044797583,36.16064652503701,0.2697049081325531,0.009706468321383,0.009267501533031464,4.941553925164044e-05,2.1272846424835734e-05,0.005964778363704681,0.04293359816074371,0.0,0.11066684871912003,0.000497623928822577,0.07985921204090118,5.377270895223774e-07,,,,
311,0.04184674471616745,0.0007907540725985256,36.27656821202254,1.6833871603012085,0.010809836909174919,0.008818088099360466,0.0003910625528078526,0.00011895596981048584,0.008638245984911919,0.03752226382493973,0.0,0.07706520706415176,0.00017994196969084442,0.08038398623466492,2.8160088731965516e-06,,,,
312,0.03755458444356918,0.0007895159178318857,36.39254689903464,1.533827781677246,0.009978261776268482,0.010236630216240883,9.49269269767683e-06,9.066321945283562e-05,0.0049768490716814995,0.02081826515495777,0.0,0.06022895872592926,0.0006773973582312465,0.08093000948429108,1.0672212056306307e-06,,,,
313,0.042090825736522675,0.000788275152399926,36.50836563698249,0.37719079852104187,0.010509984567761421,0.009190389886498451,2.2934033040655777e-05,3.267704596510157e-05,0.0037756075616925955,0.03650250285863876,0.0,0.16374452412128448,0.0005322362994775176,0.08147025853395462,3.980491783295292e-06,,,,
314,0.04304175078868866,0.0007870317885485008,36.62050309800543,2.241295576095581,0.010353146120905876,0.010953672230243683,0.00024527846835553646,3.9161248423624784e-05,0.003232873510569334,0.00864645279943943,0.0,0.12208341062068939,9.822905849432573e-05,0.08203033357858658,0.0006261418457143009,,,,
315,0.05030938610434532,0.000785785838549109,36.73342327598948,2.3425097465515137,0.010532976128160954,0.00901573896408081,0.0001789126981748268,0.0004478121118154377,0.007173270918428898,0.02731943503022194,0.0,0.22266101837158203,0.0011689946986734867,0.08258574455976486,2.445001200612751e-06,,,,
316,0.0343191958963871,0.0007845373146987742,36.84565415600082,0.6025927662849426,0.009857230819761753,0.008734437637031078,8.77528655109927e-05,1.3085147656966e-05,0.0022139381617307663,0.03319229558110237,0.0,0.04731036350131035,0.00010393037518952042,0.08314688503742218,2.183951437473297e-06,,,,
317,0.04100356623530388,0.0007832862293199228,36.96003426302923,1.605476975440979,0.010074201039969921,0.008993539959192276,0.00030735909240320325,0.00014503068814519793,0.004404640756547451,0.01920188218355179,0.0,0.12332142889499664,2.5377194106113166e-05,0.08368012309074402,2.8353122161206556e-06,,,,
318,0.040590960532426834,0.0007820325947602623,37.0712689050124,1.92873215675354,0.011129711754620075,0.009904151782393456,5.793847230961546e-05,0.00015754046034999192,0.0065831393003463745,0.03338983654975891,0.0,0.06809844821691513,0.00034044351195916533,0.08422835171222687,4.2383871345919033e-07,,,,
319,0.03904574736952782,0.0007807764233926599,37.18501640902832,0.7624040842056274,0.010439165867865086,0.008224858902394772,4.608937160810456e-05,8.248039193858858e-06,0.006765315774828196,0.016439422965049744,0.0,0.18997560441493988,4.713207090389915e-05,0.08473838865756989,6.302508381850203e-07,,,,
320,0.03789127618074417,0.0007795177276150196,37.30070152803091,0.99918532371521,0.009728124365210533,0.008197931572794914,5.304531077854335e-05,8.608039934188128e-06,0.007219206541776657,0.039838775992393494,0.0,0.13281698524951935,7.832734991097823e-05,0.08531904220581055,1.4199938505043974e-06,,,,
321,0.035593900829553604,0.0007782565198501609,37.41794300201582,1.4768112897872925,0.010390575975179672,0.009073540568351746,4.5154600229579955e-05,0.00018524743791203946,0.0065572187304496765,0.008099110797047615,0.0,0.06847292184829712,0.0001041410505422391,0.08590111136436462,7.644171091669705e-07,,,,
322,0.03491887450218201,0.000776992812545695,37.5330985999899,1.1667890548706055,0.010356264188885689,0.007878836244344711,0.00019104007515124977,3.414312959648669e-05,0.0025930553674697876,0.021693427115678787,0.0,0.0805579423904419,0.0001386117364745587,0.08645319193601608,1.1458558901722427e-06,,,,
323,0.03308373689651489,0.0007757266181739029,37.64982566103572,0.5501739978790283,0.009530075825750828,0.008827539160847664,4.455205635167658e-05,1.2319611414568499e-05,0.005368842743337154,0.013273072429001331,0.0,0.06842629611492157,0.0002238947490695864,0.08700535446405411,1.9019720411961316e-06,,,,
324,0.03392153978347778,0.0007744579492316118,37.7681837049895,0.8387109637260437,0.00959419459104538,0.007697205524891615,1.5548581359325908e-05,6.0785470850532874e-05,0.0024012308567762375,0.019000710919499397,0.0,0.10021750628948212,0.0004392947885207832,0.0875423401594162,0.0006117468001320958,,,,
325,0.03197339549660683,0.000773186818240072,37.88182652601972,1.3935176134109497,0.009194392710924149,0.00824448000639677,0.00015565421199426055,9.506675269221887e-06,0.005204097833484411,0.009405115619301796,0.0,0.0650038942694664,9.7804753750097e-05,0.08810985088348389,1.6111570175780798e-06,16.905472785448843,23.63032001627517,1.9139214827915156,4.767902768803642
326,0.03734096512198448,0.0007719132377448333,38.020288026018534,1.4247044324874878,0.009969191625714302,0.008212254382669926,4.4148262531962246e-05,0.0002479683025740087,0.005187293980270624,0.02183123677968979,0.0,0.09728358685970306,0.0006281668320298195,0.08865080028772354,2.6167995201831218e-06,,,,
327,0.03539343923330307,0.000770637220315621,38.13253297901247,0.7801814079284668,0.01030914206057787,0.008698826655745506,7.444233051501215e-05,6.983700586715713e-06,0.004455185029655695,0.012793324887752533,0.0,0.10280716419219971,0.00013876453158445656,0.08921049535274506,1.9632836938399123e-06,,,,
328,0.03477650135755539,0.000769358778546212,38.24897252500523,0.5522856712341309,0.01119676511734724,0.00888803694397211,5.9617967053782195e-05,6.86898420099169e-06,0.007145197596400976,0.01521371677517891,0.0,0.05963224172592163,0.00018648619879968464,0.08977137506008148,2.289886424478027e-06,,,,
329,0.035716794431209564,0.0007680779250543103,38.364026625000406,0.7866320610046387,0.010650265030562878,0.009344898164272308,1.5888777852524072e-05,2.3719372620689683e-05,0.006719065364450216,0.011839049868285656,0.0,0.0848400890827179,0.00012501483433879912,0.09028816223144531,3.4857976061175577e-06,,,,
330,0.033782072365283966,0.0007667946724814228,38.47964213899104,0.8192062973976135,0.009537755511701107,0.008566893637180328,7.498286868212745e-05,9.427308214071672e-06,0.0015702114906162024,0.02973577380180359,0.0,0.06082295626401901,8.163737948052585e-05,0.09079781174659729,7.604869551869342e-07,,,,
331,0.03510243073105812,0.0007655090334927343,38.59286170400446,0.7576002478599548,0.009465839713811874,0.008139127865433693,1.8305949197383597e-05,0.00010164252307731658,0.0071491277776658535,0.029478644952178,0.0,0.09249074012041092,0.00013693344953935593,0.09129967540502548,7.599468858643377e-07,,,,
332,0.03240884467959404,0.0007642210207769827,38.7070067540044,0.530349850654602,0.009046245366334915,0.00825637485831976,3.248419670853764e-05,1.7980815755436197e-05,0.004546619486063719,0.022548913955688477,0.0,0.06270775198936462,0.0006322268163785338,0.09181967377662659,3.5429372928774683e-06,,,,
333,0.02982388250529766,0.0007629306470463337,38.82035509200068,0.21349701285362244,0.009450230747461319,0.007929843850433826,3.483661566860974e-05,1.2876218534074724e-05,0.001557116978801787,0.009680677205324173,0.0,0.048580460250377655,0.0004684418090619147,0.0923127606511116,1.1331899258948397e-06,,,,
334,0.03233545646071434,0.0007616379250362545,38.93620777601609,0.7104954719543457,0.010016046464443207,0.008254136890172958,2.90207244688645e-05,1.1373645975254476e-05,0.004448302090167999,0.002976289950311184,0.0,0.08517639338970184,0.0005230673705227673,0.09277927130460739,1.2483149475883693e-05,,,,
335,0.03340967744588852,0.00076034286750539,39.07226523401914,0.8449257016181946,0.008820561692118645,0.006802090909332037,9.231459989678115e-05,1.9758363123401068e-05,0.0038093491457402706,0.011843793094158173,0.0,0.15721003711223602,0.0005336288595572114,0.09327434003353119,1.9549702301446814e-06,,,,
336,0.0350928008556366,0.0007590454872354349,39.18570779502625,1.378849744796753,0.00949879176914692,0.007570886518806219,3.561272387742065e-05,0.00016126006084959954,0.009321879595518112,0.028703372925519943,0.0,0.08802551031112671,0.000650846166536212,0.09378591179847717,1.1740874015231384e-06,,,,
337,0.036018941551446915,0.0007577457970310089,39.301508700998966,1.990319013595581,0.009506057016551495,0.007753749843686819,0.00020366813987493515,7.296521653188393e-05,0.005744842812418938,0.018178552389144897,0.0,0.11683006584644318,0.00019690442422870547,0.09428481757640839,1.2641214652830968e-06,,,,
338,0.040061742067337036,0.0007564438097195293,39.42632666800637,2.7848470211029053,0.009737897664308548,0.008185341954231262,0.0001632695784792304,0.0003525124629959464,0.0027097025886178017,0.018090328201651573,0.0,0.10070483386516571,0.001167557667940855,0.09479033946990967,0.0005532329669222236,,,,
339,0.04607705399394035,0.0007551395381510855,39.53868075902574,4.14786958694458,0.010421308688819408,0.008299541659653187,0.0007631586631760001,0.0004911672440357506,0.006641877815127373,0.011816199868917465,0.0,0.09334693104028702,0.0002366191620239988,0.09531310945749283,4.087636966687569e-07,,,,
340,0.05974762886762619,0.0007538329951983111,39.653189782984555,5.8351359367370605,0.009311964735388756,0.010463554412126541,0.0009235007455572486,0.0013149254955351353,0.008592763915657997,0.040896568447351456,0.0,0.028478892520070076,0.001082763192243874,0.09582964330911636,2.4638945888000308e-06,,,,
341,0.043807320296764374,0.0007525241937562579,39.76724557002308,4.07406759262085,0.010515871457755566,0.00835961289703846,0.000744739081710577,0.0004277935950085521,0.008450748398900032,0.035859525203704834,0.0,0.00873832032084465,0.0003045320918317884,0.09632093459367752,6.322811145764717e-07,,,,
342,0.03526288643479347,0.0007512131467422675,39.880084077012725,2.0185015201568604,0.008946901187300682,0.008495237678289413,7.054761954350397e-05,0.0002212708059232682,0.0012146478984504938,0.02676861360669136,0.0,0.06527124345302582,0.000298336788546294,0.09678083658218384,1.1052314221160486e-05,,,,
343,0.031893953680992126,0.0007498998670958446,39.99266309902305,0.25994592905044556,0.008695057593286037,0.007752798497676849,2.97308051813161e-05,3.662784365587868e-05,0.012427800334990025,0.013961314223706722,0.0,0.09551945328712463,0.00013651714834850281,0.09724362939596176,2.4571331778133754e-06,,,,
344,0.03619987517595291,0.0007485843677785294,40.10651354602305,1.9802991151809692,0.010054199025034904,0.008239452727138996,0.0002975142851937562,5.0445785745978355e-05,0.007790775038301945,0.019019106402993202,0.0,0.07161198556423187,0.0002106082101818174,0.09772003442049026,6.7889568526879884e-06,,,,
345,0.03875928372144699,0.0007472666617737688,40.21790884499205,3.1151504516601562,0.009488950483500957,0.008430243469774723,0.0001371994148939848,0.0004809170204680413,0.003237454453483224,0.026906143873929977,0.0,0.02696841023862362,0.0019270607735961676,0.09819880872964859,2.5181225282722153e-06,,,,
346,0.04371892288327217,0.0007459467620867891,40.33135965099791,3.641493082046509,0.010638215579092503,0.007378316950052977,0.0006461961893364787,0.0002625529305078089,0.00409363629296422,0.032018646597862244,0.0,0.10961993038654327,0.00024880628916434944,0.09867575019598007,1.558742042107042e-06,,,,
347,0.04253975674510002,0.0007446246817444675,40.44744898501085,3.4377453327178955,0.00858313124626875,0.009243521839380264,0.00019106303807348013,0.0005286733503453434,0.0027273311279714108,0.02373606339097023,0.0,0.09134344011545181,0.0010946581605821848,0.0991634652018547,1.2497853276727255e-06,,,,
348,0.03420411795377731,0.0007433004337952032,40.56095438700868,1.899307370185852,0.009680374525487423,0.007641405798494816,0.0002688444801606238,9.28036097320728e-05,0.005869028624147177,0.006029324606060982,0.0,0.09007412195205688,0.0001234798110090196,0.09966501593589783,1.2128489288443234e-06,,,,
349,0.029820863157510757,0.0007419740313087886,40.674516547995154,0.45794403553009033,0.008798506110906601,0.007021281402558088,4.512319719651714e-05,1.1025374988093972e-05,0.00593941006809473,0.03452000394463539,0.0,0.043896108865737915,0.0003735859936568886,0.1001533567905426,7.928783247734827e-07,,,,
350,0.03345906361937523,0.0007406454873762811,40.786817657994106,2.3031437397003174,0.00866098515689373,0.007345374207943678,0.00012976305151823908,0.00029480166267603636,0.0055817123502492905,0.03738739714026451,0.0,0.023602228611707687,0.0005623094621114433,0.10063017159700394,8.053581268541166e-07,17.611984018627776,24.515292160601316,5.036232782638893,3.6558424760092896
351,0.03877728059887886,0.0007393148151098729,40.917932006006595,3.000253200531006,0.009953956119716167,0.007866861298680305,0.00034436193527653813,0.00023281376343220472,0.007463437505066395,0.045075248926877975,0.0,0.042873676866292953,0.0001871119166025892,0.10108629614114761,5.268125732982298e-06,,,,
352,0.03311112895607948,0.0007379820276427619,41.03220504603814,2.2603795528411865,0.009586507454514503,0.007722188718616962,0.00010658300016075373,0.0001708022755337879,0.00523453950881958,0.012027284130454063,0.0,0.06975424289703369,0.0002510033664293587,0.10152460634708405,1.6943986338446848e-06,,,,
353,0.031185030937194824,0.0007366471381290221,41.14838111202698,0.5142576694488525,0.008566604927182198,0.007190234027802944,4.406782318255864e-05,1.6757516277721152e-05,0.006556683219969273,0.03696036338806152,0.0,0.06030933931469917,0.00048688764218240976,0.10194376856088638,1.5365084209406632e-06,,,,
354,0.03492296114563942,0.0007353101597434746,41.26150788599625,1.4765738248825073,0.010326048359274864,0.007134414743632078,0.00011646400525933132,6.400099664460868e-05,0.00324842962436378,0.021328534930944443,0.0,0.11698389798402786,0.0002703684731386602,0.10235952585935593,6.240650236577494e-06,,,,
355,0.03719955310225487,0.0007339711056815561,41.37516447599046,2.625793218612671,0.00806846097111702,0.007291402667760849,0.00019211202743463218,0.0003218231722712517,0.004446378443390131,0.015107784420251846,0.0,0.13534069061279297,0.0004738568386528641,0.10279753059148788,0.0003321465919725597,,,,
356,0.034501709043979645,0.0007326299891591895,41.48922362399753,2.4003195762634277,0.008820563554763794,0.00753745948895812,0.00024303355894517154,0.000136331538669765,0.008005855605006218,0.0073053897358477116,0.0,0.10473350435495377,0.00033920141868293285,0.10327446460723877,2.5898530111589935e-06,,,,
357,0.03112209402024746,0.0007312868234126536,41.60240559000522,1.0987688302993774,0.008877413347363472,0.0070909298956394196,1.330020313616842e-05,6.406850297935307e-05,0.003233060473576188,0.01848844438791275,0.0,0.07259699702262878,0.001155288890004158,0.10376356542110443,0.00038973166374489665,,,,
358,0.030218463391065598,0.000729941621698452,41.72344081802294,0.6863099336624146,0.009066734462976456,0.007448380813002586,1.4928111340850592e-05,2.7153560949955136e-05,0.002933262847363949,0.015645798295736313,0.0,0.06686394661664963,0.0006748089799657464,0.10426060110330582,6.430037728932803e-07,,,,
359,0.03367531672120094,0.0007285943972931825,41.85035323002376,1.7986392974853516,0.009534819982945919,0.006988829933106899,0.00021368314628489316,6.686396955046803e-05,0.005353801418095827,0.018049631267786026,0.0,0.0958344042301178,0.00038546809810213745,0.10473906248807907,2.7855799089593347e-06,,,,
360,0.03325032442808151,0.0007272451634934059,41.974519873037934,2.2415802478790283,0.008852745406329632,0.00641242228448391,5.847526335855946e-05,0.00030675853486172855,0.00872276071459055,0.031394731253385544,0.0,0.05394754186272621,0.0015415122034028172,0.10522481054067612,6.658769962086808e-07,,,,
361,0.028317393735051155,0.0007258939336155157,42.09942939598113,1.9975165128707886,0.009400451555848122,0.007087218575179577,0.00022487819660454988,5.946491000941023e-05,0.004302613902837038,0.01078757829964161,0.0,0.007157661486417055,0.00014089672185946256,0.10572656244039536,6.779470709261659e-07,,,,
362,0.028533978387713432,0.0007245407209956044,42.22357909398852,0.9440950751304626,0.00966610573232174,0.007037709932774305,1.3303181731316727e-05,9.066780330613256e-05,0.0034266437869518995,0.011086897924542427,0.0,0.04633204638957977,4.8228801460936666e-05,0.10618475824594498,1.7065057136278483e-06,,,,
363,0.029266279190778732,0.0007231855389893349,42.346200932981446,0.45962318778038025,0.00958451721817255,0.006954899989068508,1.1257930964347906e-05,3.803258732659742e-05,0.005793487653136253,0.009354796260595322,0.0,0.07811425626277924,3.9038008253555745e-05,0.10660967975854874,2.539344222896034e-06,,,,
364,0.02883492037653923,0.0007218284009718065,42.470852387021296,1.4054441452026367,0.00946655124425888,0.006472047418355942,0.00015071335656102747,4.358973819762468e-05,0.002097576390951872,0.013618002645671368,0.0,0.05289910361170769,0.00026009813882410526,0.10704107582569122,2.4690664304216625e-06,,,,
365,0.0328451432287693,0.0007204693203374231,42.5978469440015,1.5975383520126343,0.00909143965691328,0.007124254014343023,4.2286799725843593e-05,0.0001505998952779919,0.001232745824381709,0.029384734109044075,0.0,0.08199654519557953,0.0003675373736768961,0.10744895786046982,1.406061301167938e-06,,,,
366,0.027713587507605553,0.0007191083104997624,42.728513860027306,1.2009178400039673,0.009189759381115437,0.006832796614617109,0.00011395668843761086,1.0873972314584535e-05,0.007705507334321737,0.014887809753417969,0.0,0.030695658177137375,9.207939729094505e-05,0.10784696042537689,1.1638364867394557e-06,,,,
367,0.027553616091609,0.0007177453848914415,42.8588221790269,0.40782931447029114,0.009190158918499947,0.006850076373666525,1.2912026249978226e-05,6.504552584374323e-05,0.007201413623988628,0.02389688789844513,0.0,0.018679112195968628,8.79742146935314e-05,0.10822436958551407,3.814970568782883e-06,,,,
368,0.029969869181513786,0.0007163805569639864,42.994455495034344,1.1647040843963623,0.008439088240265846,0.0068787760101258755,9.47270655160537e-06,8.880186942405999e-05,0.005305738653987646,0.03338060900568962,0.0,0.039786167442798615,0.001085037481971085,0.10857289284467697,4.217885816615308e-06,,,,
369,0.033696502447128296,0.0007150138401876973,43.121217423991766,2.8954379558563232,0.009390234015882015,0.006459057331085205,0.0004293419187888503,0.00015565186913590878,0.006400780752301216,0.025238927453756332,0.0,0.049889858812093735,9.038134885486215e-05,0.10891757160425186,4.894658900411741e-07,,,,
370,0.040121953934431076,0.0007136452480515175,43.25073050201172,4.382156848907471,0.008898541331291199,0.007934263907372952,0.0002880886313505471,0.0006682228995487094,0.0005063493154011667,0.01917533576488495,0.0,0.030980082228779793,0.002189117018133402,0.10924325883388519,1.5493233149754815e-06,,,,
371,0.04765230044722557,0.0007122747940628984,43.378522091021296,5.248936653137207,0.009103445336222649,0.007525328546762466,0.0009772473713383079,0.0006091324612498283,0.00816810317337513,0.025395790114998817,0.0,0.08300383388996124,0.0004226868913974613,0.10954606533050537,3.989264769188594e-06,,,,
372,0.04031767323613167,0.0007109024917476679,43.513641120982356,4.241750717163086,0.009177854284644127,0.0076609160751104355,0.0003373594372533262,0.0005925513105466962,0.0066673168912529945,0.03545978292822838,0.0,0.016613412648439407,0.001698079751804471,0.10986067354679108,9.255608119929093e-07,,,,
373,0.03341254964470863,0.0007095283546498957,43.64035523601342,2.509791374206543,0.009841140359640121,0.00681595504283905,0.00024731189478188753,0.00015881074068602175,0.005057204514741898,0.03319047763943672,0.0,0.03691484034061432,0.00034937704913318157,0.11014724522829056,1.0976754083458218e-06,,,,
374,0.028969114646315575,0.00070815239633176,43.76567422400694,0.7582033276557922,0.008301851339638233,0.006834789644926786,2.200089511461556e-05,2.227627373940777e-05,0.007169823162257671,0.03765038028359413,0.0,0.02979535609483719,0.0008306829258799553,0.1104196086525917,5.147358024260029e-07,,,,
375,0.029683871194720268,0.0007067746303734145,43.89368670003023,0.5103421807289124,0.00807960331439972,0.0066853961907327175,3.0369537853403017e-05,2.066391971311532e-05,0.007963198237121105,0.033220551908016205,0.0,0.07432545721530914,0.0001751981326378882,0.11068977415561676,7.629145670762227e-07,15.172886906294275,21.413194856552817,1.6863056396039893,0.986171204824374
376,0.024854321032762527,0.0007053950703728524,44.04952883999795,0.9761151671409607,0.008535673841834068,0.006077127065509558,3.6286077374825254e-05,2.5423199986107647e-05,0.004476076457649469,0.013489466160535812,0.0,0.03472796082496643,0.0001251710345968604,0.11096026748418808,2.0212928575347178e-06,,,,
377,0.032352834939956665,0.0007040137299457742,44.17488391400548,1.3961122035980225,0.008290348574519157,0.0073111047968268394,2.42679216171382e-05,3.922560063074343e-05,0.007980258204042912,0.011952627450227737,0.0,0.11448086053133011,0.0013743981253355742,0.11123109608888626,1.3984366660224623e-06,,,,
378,0.02648266777396202,0.000702630622725452,44.30059815698769,1.7692519426345825,0.00860729068517685,0.006479240488260984,0.00012752931797876954,8.472002809867263e-05,0.011425578966736794,0.006358228623867035,0.0,0.022927800193428993,0.00032852074946276844,0.11153983324766159,8.503161552653182e-07,,,,
379,0.030044786632061005,0.0007012457623625962,44.428723221994005,1.8041428327560425,0.008379972539842129,0.0066258772276341915,6.282508547883481e-05,0.00013439901522360742,0.004140450619161129,0.015742959454655647,0.0,0.07517916709184647,0.0007774010300636292,0.11182411760091782,1.1316520613036118e-05,,,,
380,0.02784472145140171,0.0006998591625252189,44.55465773399919,1.743898630142212,0.008480099029839039,0.006665655877441168,8.540561248082668e-05,3.289654341642745e-05,0.007947437465190887,0.012814270332455635,0.0,0.05963018536567688,7.753227691864595e-05,0.11211579293012619,3.321034398595657e-07,,,,
381,0.032961152493953705,0.0006984708368985012,44.68342842202401,1.85976243019104,0.008889079093933105,0.007464554160833359,3.44480577041395e-05,0.00010216767259407789,0.006360788829624653,0.008085515350103378,0.0,0.11766795814037323,0.000652388553135097,0.11241935193538666,2.0127185962337535e-06,,,,
382,0.03301766514778137,0.0006970807991846562,44.81078233302105,2.3404204845428467,0.008867454715073109,0.006686094682663679,0.00022396676649805158,8.129147317958996e-05,0.005867907777428627,0.03459486365318298,0.0,0.07021228224039078,0.00034772546496242285,0.11275278776884079,1.4621886066379375e-06,,,,
383,0.035120654851198196,0.000695689063102795,44.934921141015366,2.9672861099243164,0.009314768016338348,0.007148276548832655,0.00010677707905415446,0.000311273499391973,0.007172605022788048,0.017057834193110466,0.0,0.08794236183166504,0.0007539163343608379,0.11309120804071426,2.8810154617531225e-07,,,,
384,0.03333142772316933,0.000694295642388791,45.05875720403856,3.045858144760132,0.009426462464034557,0.006331883370876312,0.0004246048629283905,0.00014464688138104975,0.019275585189461708,0.015968842431902885,0.0,0.05224071815609932,0.0002563989255577326,0.11345133185386658,6.128388122306205e-06,,,,
385,0.032504379749298096,0.0006929005507951441,45.18419806699967,2.4807827472686768,0.009116379544138908,0.006261396687477827,6.265462434384972e-05,0.0002678186574485153,0.007990580052137375,0.015429048798978329,0.0,0.09260854870080948,0.0008735193987376988,0.11380495131015778,2.9069065021758433e-07,,,,
386,0.02820323221385479,0.0006915038020908449,45.310793013020884,1.3850222826004028,0.008426990360021591,0.006273200269788504,0.0001338132715318352,1.5581365005346015e-05,0.007201638072729111,0.041112013161182404,0.0,0.016298571601510048,0.0003314439672976732,0.11417072266340256,4.0683398765395395e-06,,,,
387,0.026014583185315132,0.0006901054100612394,45.43533310800558,0.28827396035194397,0.007891884073615074,0.005945269949734211,2.8998401830904186e-05,1.7375279639963992e-05,0.004078896716237068,0.03028467670083046,0.0,0.0341193713247776,0.00010904879309237003,0.11449899524450302,0.0006064936751499772,,,,
388,0.031363409012556076,0.0006887053885078925,45.563517510017846,2.1255834102630615,0.008168542757630348,0.0065661827102303505,3.7346166209317744e-05,0.00017558332183398306,0.01047126017510891,0.029541540890932083,0.0,0.0740349218249321,0.000634600582998246,0.11480963975191116,4.333151991886552e-06,,,,
389,0.04125731438398361,0.0006873037512484514,45.69064670300577,4.069326877593994,0.00979358609765768,0.006713008042424917,0.00048358735512010753,0.00026326390798203647,0.009773914702236652,0.04929662495851517,0.0,0.08033742010593414,0.00032602885039523244,0.11513430625200272,0.0006928029470145702,,,,
390,0.04430697485804558,0.0006859005121165104,45.817358487984166,5.21238899230957,0.0075841182842850685,0.008009271696209908,0.0004830597899854183,0.0008962319698184729,0.0022560828365385532,0.014082595705986023,0.0,0.09489305317401886,0.0005263155908323824,0.11546719819307327,3.892841959896032e-06,,,,
391,0.03846557065844536,0.0006844956849614727,45.94275911198929,3.4750871658325195,0.009437805972993374,0.006206981837749481,0.00053820526227355,0.0003192971635144204,0.006802975200116634,0.026220450177788734,0.0,0.0918789729475975,0.0003627836122177541,0.11581291258335114,4.036085556435864e-06,,,,
392,0.028703663498163223,0.0006830892836484155,46.07129198301118,0.448311448097229,0.008209672756493092,0.005744270049035549,3.272141475463286e-05,1.676230203884188e-05,0.008644734509289265,0.04366421699523926,0.0,0.04248635470867157,0.0014703985070809722,0.11616888642311096,1.0691520628824946e-06,,,,
393,0.032544057816267014,0.000681681322057952,46.19859940599417,2.170295000076294,0.007951349020004272,0.006260694470256567,8.933375647757202e-05,0.0002301480562891811,0.003899539355188608,0.008488992229104042,0.0,0.13864269852638245,0.0007822039187885821,0.1165117397904396,1.7784473129722755e-06,,,,
394,0.03410303220152855,0.0006802718140860947,46.326582168985624,3.5088515281677246,0.008048342540860176,0.006318984087556601,0.00031949556432664394,0.0002063392021227628,0.007617346942424774,0.02376064844429493,0.0,0.10323668271303177,0.00011251926480326802,0.11689291149377823,1.0194953574682586e-05,,,,
395,0.035645268857479095,0.0006788607736441179,46.455327177012805,3.6791036128997803,0.008525362238287926,0.007506244815886021,0.00023259790032170713,0.000339555146638304,0.015308977104723454,0.02399662509560585,0.0,0.04602176696062088,0.0008018194930627942,0.1173008382320404,5.614571705336857e-07,,,,
396,0.029875947162508965,0.0006774482146584213,46.586479841033,2.796539068222046,0.008391106501221657,0.00595929054543376,0.000299675390124321,0.00022033698041923344,0.010793293826282024,0.02853999100625515,0.0,0.010993304662406445,0.00030363359837792814,0.1176944300532341,1.4808960031587048e-06,,,,
397,0.025885052978992462,0.0006760341510703923,46.7183145370218,1.0885555744171143,0.009070166386663914,0.006415658630430698,1.6892434359760955e-05,4.2222840420436114e-05,0.001859375974163413,0.011119687929749489,0.0,0.030634785071015358,0.0005373475141823292,0.118043452501297,3.4909697887997027e-07,,,,
398,0.02518526464700699,0.0006746185968362667,46.84658805199433,0.9356486201286316,0.007884809747338295,0.005763385444879532,1.5285970221157186e-05,7.379733870038763e-05,0.00872867926955223,0.015653342008590698,0.0,0.04699685797095299,0.0004095773911103606,0.11837264895439148,3.2907846616581082e-06,,,,
399,0.02781473845243454,0.0006732015659269941,46.97486288001528,2.657622814178467,0.008633457124233246,0.00673651322722435,0.0001910944702103734,8.404018444707617e-05,0.01636844128370285,0.010225705802440643,0.0,0.01753094047307968,0.00011782484216382727,0.11869704723358154,2.8458177894208347e-06,,,,
400,0.03347036615014076,0.000671783072328097,47.10560439503752,3.5919926166534424,0.008763803169131279,0.006297904998064041,0.00019368910579942167,0.0003935345448553562,0.006728221662342548,0.034659091383218765,0.0,0.008973386138677597,0.0018680098000913858,0.11900018155574799,5.185231657378608e-07,14.662194111852187,20.169351315763663,5.528140340236642,3.9691238423341315
401,0.03581349551677704,0.0006703631300395349,47.25896702398313,3.459899663925171,0.008787445724010468,0.005832277238368988,0.00043337600072845817,0.00027767085703089833,0.018645402044057846,0.023461470380425453,0.0,0.08202677965164185,0.0003034436667803675,0.11927339434623718,0.0004485528916120529,,,,
402,0.03427409380674362,0.0006689417530755646,47.39119185402524,2.7502598762512207,0.008091459050774574,0.007844951003789902,4.696829637396149e-05,0.00013358281285036355,0.011049156077206135,0.0409899577498436,0.0,0.028231674805283546,0.0025036875158548355,0.11956077069044113,9.386366173202987e-07,,,,
403,0.02738356962800026,0.0006675189554646032,47.5232558529824,1.8103159666061401,0.00792816560715437,0.006039538886398077,0.0001199020043713972,4.329324292484671e-05,0.0012038180138915777,0.03708496317267418,0.0,0.015648668631911278,0.00047516304766759276,0.11982802301645279,0.0005982614820823073,,,,
404,0.026237616315484047,0.0006660947512490885,47.649746491981205,0.7993609309196472,0.008501569740474224,0.005772214382886887,2.4913511879276484e-05,4.98009285365697e-05,0.004538631998002529,0.01925109513103962,0.0,0.055397775024175644,0.00040185352554544806,0.1200704574584961,6.19913180344156e-07,,,,
405,0.025156939402222633,0.0006646691544853414,47.77754875499522,0.8950524926185608,0.00782361812889576,0.0058018239215016365,3.074171036132611e-05,3.156426828354597e-05,0.007491403259336948,0.023546742275357246,0.0,0.03864932060241699,0.0003227494307793677,0.12031776458024979,1.8358789475314552e-06,,,,
406,0.029326867312192917,0.0006632421792434262,47.905000674014445,1.7899261713027954,0.009006764739751816,0.00553107401356101,0.00010334621038055047,0.00011237788567086682,0.008942121639847755,0.03378099948167801,0.0,0.05582594498991966,0.00036318914499133825,0.12056136131286621,4.5817967020411743e-07,,,,
407,0.027431219816207886,0.0006618138396070123,48.03626022103708,1.535438060760498,0.007701151072978973,0.006637793034315109,4.4142558181192726e-05,4.60802111774683e-05,0.005406608339399099,0.01431652344763279,0.0,0.05914117768406868,0.0004327374917920679,0.12080718576908112,0.0003396670217625797,,,,
408,0.02875041402876377,0.0006603841496732357,48.16202145302668,0.39798516035079956,0.009011803194880486,0.005274978931993246,2.2939411792322062e-05,6.785615369153675e-06,0.008966825902462006,0.020426921546459198,0.0,0.11734214425086975,0.00041105280979536474,0.12105724215507507,1.155187646872946e-06,,,,
409,0.025761887431144714,0.0006589531235525585,48.28870559798088,0.795030415058136,0.007955408655107021,0.005434021353721619,3.2497220672667027e-05,7.293197086255532e-06,0.0016052993014454842,0.016049757599830627,0.0,0.08511494845151901,0.0004774181288667023,0.12135007977485657,7.749659971523215e-07,,,,
410,0.02630925178527832,0.0006575207753686309,48.41202503000386,1.556728482246399,0.007812377531081438,0.005785096436738968,2.509531259420328e-05,0.000104005157481879,0.013341310434043407,0.008411604911088943,0.0,0.06935040652751923,0.0005363592645153403,0.1216665580868721,1.9055545408264152e-06,,,,
411,0.03056318126618862,0.0006560871192581513,48.5513557990198,1.7539088726043701,0.0074647837318480015,0.005050671752542257,0.00020591396605595946,4.658076795749366e-05,0.01030772551894188,0.05739132687449455,0.0,0.05244288221001625,0.0014729209942743182,0.12198743969202042,5.324806124917814e-07,,,,
412,0.024385757744312286,0.0006546521693707266,48.681976934021804,1.0783886909484863,0.007625319994986057,0.005438144784420729,9.221999789588153e-06,7.654226646991447e-05,0.011632549576461315,0.015268104150891304,0.0,0.04395018145442009,0.00059760722797364,0.12231141328811646,6.402780741154857e-07,,,,
413,0.024774877354502678,0.0006532159398687327,48.807243344024755,0.26990994811058044,0.007955344393849373,0.005607549101114273,2.0523839339148253e-05,1.284234349441249e-05,0.010649535804986954,0.01139050256460905,0.0,0.062328655272722244,0.0003594901063479483,0.12262246012687683,7.008015927567612e-07,,,,
414,0.022871384397149086,0.0006517784449271755,48.93370243598474,1.097639799118042,0.008765267208218575,0.005442207213491201,7.602301775477827e-05,1.1034528142772615e-05,0.0068862284533679485,0.010299203917384148,0.0,0.01408314984291792,0.00014885074051562697,0.12293390184640884,9.532582225801889e-07,,,,
415,0.02588610164821148,0.0006503396987335492,49.05901782499859,1.896317958831787,0.007882924750447273,0.004756402224302292,6.009934440953657e-05,0.0002107808832079172,0.005482945591211319,0.022134175524115562,0.0,0.05300871655344963,0.0005156500265002251,0.12320958822965622,4.70708482680493e-06,,,,
416,0.0286223366856575,0.000648899715487698,49.1842715429957,1.9164812564849854,0.008206553757190704,0.0051171607337892056,0.00014268606901168823,4.7032801376190037e-05,0.007951569743454456,0.04799634963274002,0.0,0.050951700657606125,0.0004152038600295782,0.12347887456417084,7.908605539341806e-07,,,,
417,0.02962489053606987,0.0006474585094016755,49.31174183101393,1.935355544090271,0.008459744043648243,0.006871701683849096,1.813756716728676e-05,6.760517135262489e-05,0.024323150515556335,0.029195554554462433,0.0,0.043774768710136414,0.00011356519826222211,0.12373704463243484,2.560677557994495e-06,,,,
418,0.025875380262732506,0.0006460160946996036,49.43900200701319,1.483762502670288,0.008385096676647663,0.005065312143415213,0.0001384575734846294,4.853038626606576e-05,0.014264175668358803,0.03845231235027313,0.0,0.010840633884072304,0.0002612859825603664,0.12397803366184235,4.043510671181139e-06,,,,
419,0.02565670758485794,0.0006445724856175332,49.56179785099812,0.8602343797683716,0.0074720922857522964,0.004699437879025936,1.2997952580917627e-05,8.407514542341232e-05,0.010764125734567642,0.04403572157025337,0.0,0.0411902591586113,0.000687511870637536,0.12418093532323837,2.0243228391336743e-06,,,,
420,0.02870955504477024,0.000643127696403303,49.69726371701108,1.1084163188934326,0.007785593159496784,0.0052020009607076645,1.134450485551497e-05,6.713499169563875e-05,0.01607753150165081,0.03366214781999588,0.0,0.0664009302854538,0.0021166421938687563,0.12437929213047028,4.005854862043634e-06,,,,
421,0.030438488349318504,0.0006416817413163997,49.827518763020635,2.941199779510498,0.008360114879906178,0.004827127791941166,0.0002921683480963111,0.0002204377669841051,0.009359500370919704,0.043810442090034485,0.0,0.035587552934885025,0.000544769165571779,0.12459329515695572,2.957507945211546e-07,,,,
422,0.035560499876737595,0.0006402346346278156,49.954308871994726,4.1150360107421875,0.008560117334127426,0.00740177184343338,0.00032288115471601486,0.0002980877470690757,0.0022702827118337154,0.0226763803511858,0.0,0.062129199504852295,7.723434100626037e-05,0.12480141222476959,0.0002975062234327197,,,,
423,0.03298739343881607,0.00063878639061991,50.08126850199187,4.211213111877441,0.008599516935646534,0.005254889838397503,0.00032623461447656155,0.000482093048049137,0.009564586915075779,0.02405598945915699,0.0,0.03520875424146652,0.0006090609240345657,0.12501713633537292,0.000416476686950773,,,,
424,0.03550325706601143,0.0006373370235862664,50.206425491021946,4.247620582580566,0.008376164361834526,0.005194902420043945,0.0004024993977509439,0.00040424030157737434,0.019444847479462624,0.03210528939962387,0.0,0.0608113557100296,0.0013202857226133347,0.12522020936012268,1.0397720870969351e-06,,,,
425,0.032694149762392044,0.0006358865478315523,50.33239168499131,4.142621994018555,0.009300093166530132,0.0068343630991876125,0.0002921558334492147,0.0002924372674897313,0.00797414593398571,0.019552264362573624,0.0,0.025573041290044785,0.00011989152699243277,0.12542885541915894,1.490550857852213e-06,13.336576271510888,18.299820274988715,4.061604951870768,5.019321428686523
426,0.031019899994134903,0.0006344349776713777,50.48171798099065,3.6282076835632324,0.008517364971339703,0.005861084442585707,0.00020005821716040373,0.0002673452254384756,0.000676702824421227,0.0208462942391634,0.0,0.0501418262720108,0.001068370882421732,0.12562009692192078,0.0002867858565878123,,,,
427,0.027141012251377106,0.0006329823274321542,50.60830296698259,2.4159271717071533,0.007785454858094454,0.004987075459212065,0.0002375001786276698,0.00015066133346408606,0.016674725338816643,0.02329542487859726,0.0,0.0296799186617136,0.0007264884770847857,0.12581688165664673,2.100442770824884e-07,,,,
428,0.028042899444699287,0.0006315286114509533,50.73575032199733,0.8582168817520142,0.007535117212682962,0.005163836292922497,8.733984941500239e-06,2.6404570235172287e-05,0.00715575460344553,0.061404675245285034,0.0,0.0163447093218565,0.0023868775460869074,0.12599962949752808,3.584660532851558e-07,,,,
429,0.023700600489974022,0.0006300738440753645,50.86037401098292,0.39755159616470337,0.007936130277812481,0.004989250563085079,7.799311788403429e-06,2.5491024643997662e-05,0.013436611741781235,0.014066651463508606,0.0,0.05579686909914017,0.00045712635619565845,0.12616486847400665,1.4363912441694993e-06,,,,
430,0.023536719381809235,0.0006286180396633549,50.985065635002684,1.0074083805084229,0.008232077583670616,0.005170431453734636,2.902256528614089e-05,8.646565220260527e-06,0.010171080939471722,0.01748247817158699,0.0,0.03964357450604439,0.0002215419663116336,0.12633904814720154,2.2564084645182447e-07,,,,
431,0.022881317883729935,0.0006271612125831259,51.10942010500003,1.5754363536834717,0.007590324152261019,0.0052212076261639595,4.44240722572431e-05,7.427854870911688e-05,0.0019022650085389614,0.016414310783147812,0.0,0.028826994821429253,0.0003561662451829761,0.12650655210018158,9.832532441578223e-07,,,,
432,0.026083165779709816,0.0006257033772129731,51.235422649013344,1.3982211351394653,0.008992267772555351,0.004991758149117231,9.003891318570822e-05,5.599991345661692e-05,0.009444811381399632,0.018553758040070534,0.0,0.05383577570319176,0.00021394086070358753,0.12666331231594086,0.00028698460664600134,,,,
433,0.024293724447488785,0.0006242445479411426,51.35853379499167,0.3473415672779083,0.007859455421566963,0.005097809247672558,8.71173233463196e-06,1.9470029656076804e-05,0.005673039238899946,0.019947350025177002,0.0,0.06238241493701935,0.00043033709516748786,0.12682899832725525,2.1601406388072064e-06,,,,
434,0.027019893750548363,0.0006227847391656907,51.48549101699609,1.26508629322052,0.008710680529475212,0.004265900701284409,1.5648474800400436e-05,0.00011309002729831263,0.010427633300423622,0.0419151745736599,0.0,0.05855266749858856,0.0007182230474427342,0.12699072062969208,4.28047678724397e-06,,,,
435,0.026062259450554848,0.0006213239652943405,51.614398612000514,2.5941414833068848,0.008424932137131691,0.005093214102089405,0.00020953109196852893,4.756081762025133e-05,0.01443058717995882,0.028637394309043884,0.0,0.02041913941502571,0.00014346303942147642,0.12716613709926605,3.126375759165967e-06,,,,
436,0.03177586942911148,0.0006198622407443405,51.73707407002803,3.8473281860351562,0.00772775337100029,0.006339769810438156,0.00011334282316965982,0.0003650648286566138,0.0029047983698546886,0.029130015522241592,0.0,0.044462863355875015,0.0011752801947295666,0.12731854617595673,5.127737949806033e-07,,,,
437,0.034895170480012894,0.0006183995799423215,51.8638217819971,4.149449348449707,0.008356367237865925,0.00467547494918108,0.000633485906291753,0.00037953382707200944,0.012579107657074928,0.030127806589007378,0.0,0.059438444674015045,0.0003149225958622992,0.12747444212436676,1.5973860172380228e-06,,,,
438,0.02944989874958992,0.0006169359973241556,51.99239964503795,2.939403772354126,0.007796817924827337,0.0059096249751746655,6.55864059808664e-05,0.00018857621762435883,0.005634709261357784,0.03146173059940338,0.0,0.042700886726379395,0.0012843562290072441,0.1276399791240692,0.0003172564320266247,,,,
439,0.023601463064551353,0.0006154715073348123,52.11801707098493,1.0208576917648315,0.00800981093198061,0.005283261649310589,3.9815524360165e-05,8.121621249301825e-06,0.007373256608843803,0.03088841773569584,0.0,0.011360174044966698,0.0003911757958121598,0.12779675424098969,1.2726584373012884e-06,,,,
440,0.025434507057070732,0.0006140061244282163,52.24126402201364,1.443101167678833,0.00832676887512207,0.0052960580214858055,3.055248816963285e-05,1.2820368283428252e-05,0.020249899476766586,0.025376873090863228,0.0,0.0447089821100235,0.00016797243733890355,0.12793248891830444,3.581556029530475e-07,,,,
441,0.029103044420480728,0.0006125398630671055,52.36691698100185,2.884101629257202,0.008676713332533836,0.005250129848718643,0.000192958366824314,0.00018505993648432195,0.0036267717368900776,0.03278897702693939,0.0,0.04230089485645294,0.0004395648429635912,0.12807579338550568,2.9674172310478752e-06,,,,
442,0.02765260450541973,0.0006110727377228873,52.49461233703187,3.311683416366577,0.00789544079452753,0.00448237918317318,0.0002765447716228664,0.0003527617081999779,0.010206121951341629,0.026443157345056534,0.0,0.020044734701514244,0.00021356042998377234,0.12821848690509796,7.035272915345558e-07,,,,
443,0.026493633165955544,0.0006096047628754967,52.62194203899708,2.600405216217041,0.0077962311916053295,0.005937220063060522,9.733516344567761e-05,6.23666710453108e-05,0.01883081905543804,0.0193480234593153,0.0,0.03043205477297306,0.00043456791900098324,0.12834897637367249,0.0002650805690791458,,,,
444,0.02108168788254261,0.0006081359530132532,52.76327571203001,0.8867378830909729,0.007043232209980488,0.0047572460025548935,2.7280137146590278e-05,2.215585482190363e-05,0.009154755622148514,0.02062804624438286,0.0,0.02453269250690937,0.00015347893349826336,0.12847952544689178,4.7157828930721735e-07,,,,
445,0.02691979892551899,0.0006066663226327166,52.88981361698825,1.5636012554168701,0.008596657775342464,0.005518417805433273,2.1743329853052273e-05,7.452995760104386e-06,0.01060725748538971,0.033702999353408813,0.0,0.052410438656806946,0.0003439414140302688,0.12860329449176788,6.119410045357654e-07,,,,
446,0.026316175237298012,0.0006051958862385455,53.01745000202209,3.2130908966064453,0.007530907168984413,0.004651851952075958,0.0001706317998468876,0.0003357204550411552,0.005849289707839489,0.014861952513456345,0.0,0.03418451175093651,0.0008009860757738352,0.12874150276184082,4.2726600213427446e-07,,,,
447,0.028922514989972115,0.0006037246583433539,53.140825567999855,3.593574285507202,0.007262931205332279,0.004375131335109472,0.00046970020048320293,0.0003048377111554146,0.0018463442102074623,0.020825430750846863,0.0,0.04712999612092972,0.0005000414093956351,0.12888114154338837,3.6586880014510825e-06,,,,
448,0.025724703446030617,0.0006022526534675668,53.2657402640325,2.2918853759765625,0.007841438986361027,0.005543870385736227,1.8075152183882892e-05,0.00011422815441619605,0.015825387090444565,0.028195977210998535,0.0,0.009789668023586273,0.000848808791488409,0.12903046607971191,0.0003943001793231815,,,,
449,0.02525084838271141,0.000600779886139278,53.3978201780119,0.34371551871299744,0.007695370819419622,0.004649545066058636,3.5364100767765194e-05,1.8163567801821046e-05,0.011823629960417747,0.03883036971092224,0.0,0.018932612612843513,0.0018636109307408333,0.1291661560535431,0.00030748138669878244,,,,
450,0.02585948258638382,0.0005993063708941068,53.52870077098487,2.6716620922088623,0.00780670577660203,0.005652896594256163,0.00012151896953582764,3.928893056581728e-05,0.007051463704556227,0.01827819272875786,0.0,0.0427766777575016,0.0006879003485664725,0.1292964369058609,2.4805901830404764e-06,12.732861311933837,16.82916875446655,5.644874271129101,7.084954571928043
451,0.03224867582321167,0.0005978321222750534,53.68355663202237,4.582396507263184,0.007616543676704168,0.0044629257172346115,0.00040523483767174184,0.0005720351473428309,0.01078169047832489,0.011365389451384544,0.0,0.05863228812813759,0.001007905462756753,0.12943707406520844,0.00018900042050518095,,,,
452,0.03260200470685959,0.0005963571548323567,53.81255157000851,4.440877914428711,0.0075848763808608055,0.004951568320393562,0.0004883242072537541,0.0004672036739066243,0.008350849151611328,0.02280273661017418,0.0,0.048821695148944855,0.00028903596103191376,0.12960319221019745,1.1769743650802411e-06,,,,
453,0.028294216841459274,0.0005948814831233498,53.94783410499804,2.498486042022705,0.007854541763663292,0.005862574093043804,5.447405783343129e-05,4.5114597014617175e-05,0.0060958946123719215,0.044006749987602234,0.0,0.04683368280529976,0.0005407815333455801,0.12977491319179535,9.315585316471697e-07,,,,
454,0.024498557671904564,0.000593405121712317,54.07844812300755,0.3509048521518707,0.008916428312659264,0.004536912776529789,1.4386062503035646e-05,6.861546353320591e-06,0.005841940641403198,0.020292848348617554,0.0,0.07143250852823257,0.0002711223787628114,0.1299508661031723,1.744689939187083e-06,,,,
455,0.024240998551249504,0.0005919280851703489,54.21652642003028,2.05999493598938,0.008329293690621853,0.005251769907772541,5.73098732274957e-05,4.851331686950289e-05,0.02463275007903576,0.014887385070323944,0.0,0.0292962733656168,3.347707388456911e-05,0.1301489621400833,1.1194622402399546e-06,,,,
456,0.024840641766786575,0.0005904503880752003,54.344745154026896,2.873992681503296,0.007798213977366686,0.004292760975658894,0.00018650053243618459,0.000270072981948033,0.002939329482614994,0.017629262059926987,0.0,0.034068893641233444,0.0001470432907808572,0.13033895194530487,4.535106086223095e-07,,,,
457,0.02308705262839794,0.0005889720450111447,54.473651039006654,2.3315107822418213,0.00769356032833457,0.004442972131073475,0.000131102729937993,6.824178854003549e-05,0.0029990850016474724,0.0262979194521904,0.0,0.026389695703983307,0.0002825544506777078,0.13051459193229675,1.8042326246359153e-06,,,,
458,0.024299096316099167,0.0005874930705688314,54.60206272598589,1.2567967176437378,0.008564699441194534,0.005027932580560446,8.759975571592804e-06,3.473691322142258e-05,0.004894081503152847,0.034814052283763885,0.0,0.01923510804772377,0.00042426184518262744,0.13067243993282318,7.634113217136473e-07,,,,
459,0.02095421962440014,0.0005860134793451411,54.732361914997455,0.40327927470207214,0.007337517105042934,0.004407891072332859,3.886467311531305e-05,1.83052834472619e-05,0.010230214335024357,0.011561933904886246,0.0,0.04562055319547653,0.00014944313443265855,0.13081106543540955,2.340289313451649e-07,,,,
460,0.02291988953948021,0.0005845332859430417,54.858757379988674,0.9094079732894897,0.007808275520801544,0.004548553843051195,8.130106289172545e-05,1.1054265996790491e-05,0.002272274810820818,0.025262534618377686,0.0,0.04022567719221115,0.0003082790062762797,0.13095183670520782,5.723846356886497e-07,,,,
461,0.02498355135321617,0.0005830525049714447,54.98361942201154,1.4684252738952637,0.0066694640554487705,0.0039601996541023254,8.229930244851857e-06,0.00016235580551438034,0.025566287338733673,0.03770554065704346,0.0,0.04621504247188568,0.0011955425143241882,0.131093367934227,1.5739041145934607e-06,,,,
462,0.023995721712708473,0.0005815711510450604,55.109901585034095,1.256564736366272,0.007121101021766663,0.003988342359662056,0.00011268639354966581,1.1553147487575188e-05,0.014946294948458672,0.03661705181002617,0.0,0.051499657332897186,0.000538801949005574,0.131242573261261,1.4957786333980039e-06,,,,
463,0.024025682359933853,0.000580089238784254,55.23843185801525,0.9576916694641113,0.008484425023198128,0.004905915353447199,1.542160680401139e-05,1.2927361240144819e-05,0.005498789716511965,0.028349872678518295,0.0,0.030839553102850914,0.000658562290482223,0.1313939392566681,4.075945525983116e-06,,,,
464,0.02197318524122238,0.000578606782814901,55.36534319398925,0.5158190131187439,0.007619770709425211,0.004726724699139595,3.250415466027334e-05,1.1709860700648278e-05,0.00990909431129694,0.023723481222987175,0.0,0.0236652884632349,0.0002741137286648154,0.13154193758964539,1.1026548918380286e-06,,,,
465,0.02084468863904476,0.0005771237977682437,55.49434627103619,0.4154653251171112,0.007518617901951075,0.004068405833095312,1.6939666238613427e-05,7.270248715940397e-06,0.02020890638232231,0.01559231523424387,0.0,0.03872396796941757,0.0003087238874286413,0.13167133927345276,8.859236686475924e-07,,,,
466,0.02413775585591793,0.0005756402982807457,55.62030412402237,1.1143887042999268,0.008012738078832626,0.004152853041887283,6.473506073234603e-05,5.5807959142839536e-05,0.0052326880395412445,0.04713454842567444,0.0,0.02512967586517334,0.00024916292750276625,0.13179871439933777,1.345252030660049e-06,,,,
467,0.023077329620718956,0.000574156298993948,55.7471925910213,0.9050167202949524,0.007756403181701899,0.004301163833588362,2.2746729882783256e-05,1.900399729493074e-05,0.014385711401700974,0.025289170444011688,0.0,0.05260993540287018,0.0002892847405746579,0.1319095343351364,1.1974573226325447e-06,,,,
468,0.01917460188269615,0.0005726718145543243,55.87523243203759,0.6747652292251587,0.007312729023396969,0.004442732781171799,7.065336831146851e-06,8.015727871679701e-06,0.012981949374079704,0.012235306203365326,0.0,0.010638938285410404,0.00028620564262382686,0.13203702867031097,2.7780547497968655e-06,,,,
469,0.018589280545711517,0.0005711868596131371,56.01271118503064,0.4283667802810669,0.007117577828466892,0.003991969861090183,2.299532752658706e-05,1.1596144759096205e-05,0.008932076394557953,0.013245688751339912,0.0,0.00427907845005393,0.0010198088129982352,0.1321389228105545,4.772574357048143e-06,,,,
470,0.023872261866927147,0.0005697014488262916,56.13906076998683,0.4765586853027344,0.006546189542859793,0.004497345071285963,1.5868119589868e-05,1.550942033645697e-05,0.018240205943584442,0.03937336802482605,0.0,0.0398004986345768,0.0010402901098132133,0.13221867382526398,5.7238903536926955e-06,,,,
471,0.02312760055065155,0.000568215596854193,56.265025792992674,0.761143684387207,0.007146694231778383,0.004410145338624716,7.469381216651527e-06,4.867581810685806e-05,0.014392352662980556,0.01690562814474106,0.0,0.061976734548807144,0.0009573794668540359,0.13231439888477325,4.5169767304287234e-07,,,,
472,0.022777553647756577,0.0005667293183616004,56.38854046398774,0.8414189219474792,0.007273492868989706,0.004320436157286167,4.1992185288108885e-05,2.072690949717071e-05,0.007814353331923485,0.024702824652194977,0.0,0.05518116056919098,0.0004821215698029846,0.13244138658046722,1.3738933830609312e-06,,,,
473,0.021862588822841644,0.0005652426280174821,56.51714486099081,1.3272571563720703,0.007599903270602226,0.004758777096867561,6.829533958807588e-06,1.510410220362246e-05,0.015001295134425163,0.024120790883898735,0.0,0.003996564541012049,0.001031070714816451,0.1325760930776596,1.7462920709476748e-07,,,,
474,0.025467507541179657,0.0005637555404948722,56.64727158099413,2.2148680686950684,0.007734264247119427,0.0040343571454286575,7.93970248196274e-05,8.440727106062695e-05,0.014988454058766365,0.029947735369205475,0.0,0.06884772330522537,0.00044895283645018935,0.13267263770103455,0.0002582753950264305,,,,
475,0.02702210657298565,0.0005622680704707236,56.77465126203606,3.300206184387207,0.00799520779401064,0.0041677867993712425,0.00024332749308086932,0.00024805471184663475,0.011198610067367554,0.042061835527420044,0.0,0.013062146492302418,0.0002232286788057536,0.13277895748615265,2.2735321181244217e-06,13.308095423778799,18.47922549393418,3.7477221207182527,3.3782605625016493
476,0.026163801550865173,0.0005607802326257654,56.92286684701685,3.6382246017456055,0.008288578130304813,0.004519601818174124,0.00021568741067312658,0.00020251823298167437,0.010966982692480087,0.02175198122859001,0.0,0.030969655141234398,0.0002478785172570497,0.13285332918167114,1.2021387192362454e-06,,,,
477,0.026455027982592583,0.0005592920416443561,57.04778633103706,3.393159866333008,0.007053303066641092,0.005038633942604065,0.00016346137272194028,0.00019950696150772274,0.0037835913244634867,0.028458591550588608,0.0,0.042626794427633286,0.00039506814209744334,0.13291382789611816,4.1094921243711724e-07,,,,
478,0.02310962975025177,0.0005578035122143401,57.175649744982366,2.2802319526672363,0.007719647139310837,0.003954992163926363,0.00015456088294740766,7.946279947645962e-05,0.019496029242873192,0.02213332988321781,0.0,0.028747543692588806,0.00038026104448363185,0.13296110928058624,1.028639644573559e-06,,,,
479,0.01952831819653511,0.0005563146590269017,57.303150556981564,0.8634099960327148,0.006549288518726826,0.003963257651776075,6.506175850518048e-06,4.849186370847747e-05,0.006627890281379223,0.024381982162594795,0.0,0.014192815870046616,0.0008885537972673774,0.1329965889453888,1.7498869055998512e-06,,,,
480,0.01936766318976879,0.0005548254967764211,57.43141119199572,0.48460760712623596,0.00682853115722537,0.003837191266939044,1.096345113182906e-05,4.2098137782886624e-05,0.003992094192653894,0.02802964672446251,0.0,0.004318090155720711,0.0009745067800395191,0.1330125778913498,8.139200872392394e-06,,,,
481,0.019762007519602776,0.0005533360401603284,57.561262066999916,1.2612848281860352,0.006999210454523563,0.0035283826291561127,7.326468039536849e-05,1.536989839223679e-05,0.021694911643862724,0.012299821712076664,0.0,0.04451703652739525,0.00014569947961717844,0.13299936056137085,4.074287858202297e-07,,,,
482,0.018640851601958275,0.0005518463038789588,57.688104448025115,1.3850663900375366,0.006919642444700003,0.003961510024964809,1.8409860786050558e-05,8.662034815642983e-05,0.006764013785868883,0.01933036930859089,0.0,0.004617177881300449,0.00011204922338947654,0.1330028474330902,7.418108793899592e-07,,,,
483,0.020035840570926666,0.0005503563026354084,57.81140654702904,0.6830936074256897,0.007516767829656601,0.0037589813582599163,3.569838736439124e-05,8.608967618783936e-06,0.006114593241363764,0.025932960212230682,0.0,0.02025410160422325,0.0005127458134666085,0.13299031555652618,5.704164323105942e-07,,,,
484,0.02071417309343815,0.0005488660511353877,57.94630726898322,0.2781996726989746,0.006793766748160124,0.0038491131272166967,1.942417111422401e-05,8.712466296856292e-06,0.009625686332583427,0.037604935467243195,0.0,0.02826562337577343,0.0001517637720098719,0.13296806812286377,1.0204875025010551e-06,,,,
485,0.01929309405386448,0.0005473755640870773,58.069744765001815,1.0111826658248901,0.007374051958322525,0.003729952499270439,1.3088741980027407e-05,4.000198532594368e-05,0.023953136056661606,0.017206650227308273,0.0,0.009139839559793472,0.00041947519639506936,0.13294512033462524,4.946192575516761e-07,,,,
486,0.021847175434231758,0.0005458848562009829,58.19584009598475,1.3327471017837524,0.007278322707861662,0.0036709392443299294,5.064267315901816e-05,2.8330243367236108e-05,0.01452355831861496,0.04142242297530174,0.0,0.02438812144100666,0.00021562492474913597,0.13290269672870636,8.86451459791715e-07,,,,
487,0.020988907665014267,0.0005443939421897894,58.318508811003994,1.3123185634613037,0.007581014651805162,0.00394619582220912,1.973475082195364e-05,3.754947101697326e-05,0.014643477275967598,0.014728475362062454,0.0,0.0380958616733551,0.0004106401465833187,0.1328623741865158,0.0002893409109674394,,,,
488,0.020676231011748314,0.000542902836768216,58.44246789102908,1.2840840816497803,0.007380909286439419,0.0036277025938034058,4.4184387661516666e-05,2.9126920708222315e-05,0.014736209064722061,0.023405862972140312,0.0,0.03682129457592964,0.00024660490453243256,0.1328248232603073,8.911632903618738e-06,,,,
489,0.019653623923659325,0.0005414115546528715,58.57505432399921,1.4453485012054443,0.0067752450704574585,0.0034637977369129658,2.3291617253562436e-05,3.727716102730483e-05,0.013821400701999664,0.033896178007125854,0.0,0.004097357392311096,0.0009240108192898333,0.13279633224010468,2.732227585511282e-06,,,,
490,0.020492957904934883,0.000539920110562108,58.703671359980945,1.6836895942687988,0.006284387316554785,0.003754697274416685,6.977597513468936e-05,5.886749568162486e-05,0.006976923905313015,0.03377731889486313,0.0,0.016051210463047028,0.000749336089938879,0.13275602459907532,1.5097793948370963e-06,,,,
491,0.021724388003349304,0.0005384285192158769,58.83132639399264,1.6027756929397583,0.006799658294767141,0.0037398580461740494,5.099704867461696e-05,4.872152203461155e-05,0.02102934941649437,0.03175824508070946,0.0,0.023611964657902718,0.0009068921208381653,0.132717102766037,3.2736610933170596e-07,,,,
492,0.021482620388269424,0.0005369367953355825,58.96048662898829,1.1696884632110596,0.007083675358444452,0.0039119841530919075,2.8831971576437354e-05,5.30388206243515e-05,0.025244690477848053,0.022515885531902313,0.0,0.025270666927099228,0.0008456514915451407,0.132680281996727,5.821386821480701e-07,,,,
493,0.020075559616088867,0.0005354449536439371,59.091376000025775,0.5168577432632446,0.0073125921189785,0.003785528242588043,1.5299687220249325e-05,1.0019537512562238e-05,0.013938787393271923,0.034243274480104446,0.0,0.005717978812754154,0.000397352414438501,0.13265596330165863,1.5435928162332857e-06,,,,
494,0.023880410939455032,0.000533953008864816,59.21534408099251,0.4340698719024658,0.007146840449422598,0.003912411630153656,9.152280654234346e-06,1.3625052815768868e-05,0.020052583888173103,0.04463890194892883,0.0,0.05317796766757965,0.00041909131687134504,0.13260942697525024,3.855563591059763e-06,,,,
495,0.020273931324481964,0.0005324609757231119,59.340343069983646,1.348955512046814,0.0069964234717190266,0.003971487283706665,3.6603378248400986e-05,3.21890547638759e-05,0.007911313325166702,0.008337869308888912,0.0,0.0524759516119957,0.0006598508916795254,0.13258928060531616,1.016253008856438e-06,,,,
496,0.018532438203692436,0.0005309688689445896,59.46768266602885,2.0649588108062744,0.006667713634669781,0.0036650802940130234,5.877120929653756e-05,8.580034773331136e-05,0.01032443530857563,0.013854039832949638,0.0,0.01079307496547699,0.0005086364108137786,0.13259483873844147,6.339854280668078e-06,,,,
497,0.02089545503258705,0.0005294767032557405,59.59596723201685,2.4469809532165527,0.006919545121490955,0.0035826123785227537,0.00013924474478699267,0.00010829469829332083,0.004968958906829357,0.021196827292442322,0.0,0.02040019817650318,0.0008120309794321656,0.13258719444274902,2.5326571631012484e-06,,,,
498,0.02458922006189823,0.0005279844933836377,59.72192357399035,2.62813401222229,0.006882154382765293,0.0036869205068796873,6.266076525207609e-05,0.00013886814122088253,0.004339068662375212,0.05148940533399582,0.0,0.039986658841371536,0.0008198198047466576,0.13258303701877594,3.062685323129699e-07,,,,
499,0.021393250674009323,0.0005264922540557899,59.8481619770173,3.0533447265625,0.006040680687874556,0.003697021631523967,0.00019460683688521385,9.727419819682837e-05,0.006029358133673668,0.029969412833452225,0.0,0.020275482907891273,0.0002643537591211498,0.13259275257587433,0.000330586452037096,,,,
500,0.024303270503878593,0.000524999999999997,59.96953522198601,3.7894551753997803,0.006894354242831469,0.003938308451324701,0.00014052404731046408,0.00030610841349698603,0.015229731798171997,0.03257952630519867,0.0,0.007412784732878208,0.0005428059957921505,0.13259901106357574,4.901302759208193e-07,12.33976873713901,16.79738963585512,5.414052978844336,3.9323025225806276
501,0.028173072263598442,0.0005235077459442042,60.12646106100874,4.718032360076904,0.008049354888498783,0.0035439510829746723,0.0004314613761380315,0.00028003749321214855,0.008379051461815834,0.02715974673628807,0.0,0.045819491147994995,0.00035418663173913956,0.13258510828018188,8.151493602781557e-06,,,,
502,0.03473315387964249,0.0005220155066163564,60.27070554002421,5.939216613769531,0.0069967228919267654,0.004623256623744965,0.00034726859303191304,0.0006189671694301069,0.00445439200848341,0.04256514459848404,0.0,0.04244755953550339,0.0020915509667247534,0.13258998095989227,1.8054928432320594e-06,,,,
503,0.02483344078063965,0.0005205232967442535,60.4021428420092,3.4976425170898438,0.007243669126182795,0.0035065333358943462,0.0002565243048593402,0.00013728100748267025,0.016708552837371826,0.030782703310251236,0.0,0.03978455811738968,0.0006027640192769468,0.13261081278324127,3.5079818871963653e-07,,,,
504,0.019134225323796272,0.0005190311310554044,60.54249089403311,1.0824615955352783,0.008120181038975716,0.0030106622725725174,1.0095500329043716e-05,5.159660940989852e-05,0.017084093764424324,0.021317776292562485,0.0,0.016321362927556038,0.00044052713201381266,0.13264276087284088,5.800773692499206e-07,,,,
505,0.017435945570468903,0.0005175390242768822,60.66485502803698,1.2532401084899902,0.006678461097180843,0.0032441073562949896,1.4618558452639263e-05,4.832920240005478e-05,0.013287687674164772,0.016061093658208847,0.0,0.019772036001086235,0.00024756102357059717,0.13265804946422577,4.792896675098746e-07,,,,
506,0.021721309050917625,0.000516046991135178,60.79714438202791,2.9797542095184326,0.007454941049218178,0.0036442684940993786,0.00017674925038591027,0.00012939271982759237,0.008528071455657482,0.015050167217850685,0.0,0.02754359506070614,0.00012187056563561782,0.13267681002616882,0.00035326098441146314,,,,
507,0.025768032297492027,0.000514555046356057,60.94457086699549,3.747527837753296,0.0069877938367426395,0.003510803449898958,0.0001952635357156396,0.00030295373289845884,0.024607934057712555,0.028975196182727814,0.0,0.03820396959781647,0.00030781005625613034,0.1327025145292282,0.00029783189529553056,,,,
508,0.025248073041439056,0.0005130632046644116,61.06780134199653,3.925767183303833,0.007733369246125221,0.003815400181338191,0.00022403206094168127,0.00015834433725103736,0.01992148905992508,0.018950272351503372,0.0,0.04484931752085686,0.0007934390450827777,0.1327337771654129,3.9904688264869037e-07,,,,
509,0.02402333728969097,0.0005115714807841171,61.197640331985895,3.831655979156494,0.007299356162548065,0.003949264995753765,0.00017104826110880822,0.0002623799373395741,0.022782735526561737,0.014598492532968521,0.0,0.023996423929929733,0.0005595199181698263,0.13276158273220062,8.145347862864583e-08,,,,
510,0.023690175265073776,0.000510079889437886,61.32135540799936,2.908092498779297,0.007576407864689827,0.003497987985610962,0.0002023365523200482,0.00011030028690584004,0.008228549733757973,0.02736539952456951,0.0,0.04880070686340332,0.0002695893927011639,0.1327977180480957,1.0344945167162223e-06,,,,
511,0.018437910825014114,0.0005085884453471227,61.44840114901308,1.354394555091858,0.006582695059478283,0.0032111890614032745,1.0017123713623732e-05,6.767192098777741e-05,0.01721145398914814,0.02495291270315647,0.0,0.01528092660009861,0.00040256272768601775,0.13285194337368011,6.232286295926315e-07,,,,
512,0.019405188038945198,0.000507097163231778,61.58345106599154,0.531751811504364,0.007350723724812269,0.003368167905136943,1.2248484381416347e-05,2.837832653312944e-05,0.02259989082813263,0.01208045519888401,0.0,0.04483448341488838,0.00019901449559256434,0.13290061056613922,1.8251438405059162e-07,,,,
513,0.021486829966306686,0.0005056060578102047,61.70847377402242,0.2891932725906372,0.00654811505228281,0.0032449986319988966,2.872037293855101e-05,1.0007198397943284e-05,0.007253429386764765,0.0539698451757431,0.0,0.03366479277610779,0.0004848235403187573,0.13297779858112335,7.453251669176097e-07,,,,
514,0.01840430498123169,0.0005041151437990112,61.83692287298618,0.40323153138160706,0.0069159106351435184,0.0036638732999563217,2.3130225599743426e-05,6.735622719133971e-06,0.015131456777453423,0.02155345119535923,0.0,0.014659568667411804,8.352010627277195e-05,0.13302092254161835,5.504240903064783e-07,,,,
515,0.021411972120404243,0.0005026244359129166,61.959988548012916,0.7944736480712891,0.006886704359203577,0.003529142588376999,8.885824172466528e-06,1.5343783161370084e-05,0.03497977927327156,0.036733463406562805,0.0,0.029023203998804092,0.0002179760194849223,0.1330452859401703,1.688674018396341e-07,,,,
516,0.019164185971021652,0.0005011339488646064,62.08230158803053,1.0438406467437744,0.007169853895902634,0.003306265687569976,3.139874752378091e-05,1.3387196304393001e-05,0.0040424540638923645,0.027753032743930817,0.0,0.032812632620334625,0.00018074855324812233,0.1330508440732956,2.083281742670806e-06,,,,
517,0.01667632907629013,0.0004996436973645857,62.214371415029746,1.0743368864059448,0.006079188082367182,0.003038599621504545,2.4415259758825414e-05,4.5088563638273627e-05,0.009803690947592258,0.018360307440161705,0.0,0.02153714746236801,0.00028813950484618545,0.1330675482749939,6.226450750546064e-07,,,,
518,0.017332710325717926,0.0004981536961210353,62.34391467698151,0.7343960404396057,0.0063457125797867775,0.0033570746891200542,2.231017242593225e-05,8.431977221334819e-06,0.01277909055352211,0.027224918827414513,0.0,0.004085115622729063,0.0002663411432877183,0.1330675482749939,3.138619319997815e-07,,,,
519,0.01837128773331642,0.0004966639598396658,62.47042746399529,0.5436275601387024,0.006688838358968496,0.0030998880974948406,1.2649994459934533e-05,7.873122740420513e-06,0.006728687789291143,0.03404361009597778,0.0,0.00560673838481307,0.0011215219274163246,0.13304805755615234,1.7393256257491885e-06,,,,
520,0.016739748418331146,0.0004951745032235731,62.59776906698244,0.7528219223022461,0.006879572756588459,0.003118344349786639,2.9979761166032404e-05,1.8340662791160867e-05,0.014903249219059944,0.008392512798309326,0.0,0.021955765783786774,0.0003243829414714128,0.13298684358596802,7.122445140339551e-07,,,,
521,0.017153548076748848,0.0004936853409730923,62.729041994025465,1.075397253036499,0.005834843032062054,0.0034288563765585423,1.3214960745244753e-05,1.869645348051563e-05,0.010140643455088139,0.012222700752317905,0.0,0.03405359759926796,0.0005758270272053778,0.13291868567466736,1.1490286624393775e-06,,,,
522,0.0193070936948061,0.0004921964877856541,62.85730293300003,1.6619229316711426,0.006974245887249708,0.0034291711635887623,2.70084692601813e-05,2.297208266099915e-05,0.015235154889523983,0.017868787050247192,0.0,0.03984412923455238,0.00030064352904446423,0.13287974894046783,3.330596314299328e-07,,,,
523,0.020008759573101997,0.000490707958355638,62.98021745198639,2.2870140075683594,0.006867589894682169,0.0027878161054104567,7.796092540957034e-05,0.0001019276023725979,0.016192138195037842,0.03569202497601509,0.0,0.0023977363016456366,0.001133822021074593,0.13286375999450684,1.2698147884293576e-06,,,,
524,0.019390681758522987,0.0004892197673742286,63.10822098702192,2.419609785079956,0.0069051082246005535,0.003145418595522642,0.00011045328574255109,0.00014740307233296335,0.010326915420591831,0.017442258074879646,0.0,0.013193825259804726,0.0005618184804916382,0.13282831013202667,1.2621657106137718e-06,,,,
525,0.01835569366812706,0.0004877319295292704,63.235038683982566,1.8006930351257324,0.0060106501914560795,0.0037235077470541,2.9956847356515937e-05,2.280270928167738e-05,0.040657803416252136,0.01136050745844841,0.0,0.008743751794099808,0.000628171837888658,0.13278521597385406,3.3473779694759287e-06,10.496913756572573,14.801621391091,1.2319287176269171,1.023305270176412
526,0.01653169095516205,0.0004862444595051218,63.39539727399824,0.7926612496376038,0.0059272171929478645,0.003250204725190997,1.1458613698778208e-05,2.1278621716191992e-05,0.018200814723968506,0.02275952324271202,0.0,0.004037712700664997,0.00025562485097907484,0.13273030519485474,4.5563405137727386e-07,,,,
527,0.01606072299182415,0.0004847573719825118,63.52651313802926,0.5709788203239441,0.0070433602668344975,0.003161052009090781,9.025395229400601e-06,7.985811862454284e-06,0.010748649947345257,0.01285477913916111,0.0,0.005806477274745703,0.0002789358259178698,0.13266637921333313,3.091307974045776e-07,,,,
528,0.017072763293981552,0.0004832706816383937,63.655417255999055,1.5500701665878296,0.006058888975530863,0.003021989017724991,5.4101707064546645e-05,4.9268288421444595e-05,0.003469911403954029,0.03196574002504349,0.0,0.0018155442085117102,0.00014729253598488867,0.1325913667678833,0.00019546589464880526,,,,
529,0.018112683668732643,0.00048178440314580105,63.7847924780217,2.297186851501465,0.006661199498921633,0.003186166286468506,8.661639003548771e-05,0.00010531691077630967,0.019947730004787445,0.01659456454217434,0.0,0.0052294484339654446,0.00010798677249113098,0.13250872492790222,1.007554487841844e-06,,,,
530,0.020034847781062126,0.0004802985511737024,63.91234561800957,2.5671775341033936,0.006077067460864782,0.003771907417103648,6.0078396927565336e-05,6.767867307644337e-05,0.021761566400527954,0.02386111579835415,0.0,0.020109720528125763,0.0005239450838416815,0.13241571187973022,3.5734228731598705e-07,,,,
531,0.019538581371307373,0.0004788131403868571,64.0372755349963,2.1816866397857666,0.007266558241099119,0.003081753384321928,9.351359767606482e-05,7.363647455349565e-05,0.01677965745329857,0.013677462935447693,0.0,0.035917747765779495,6.710262096021324e-05,0.1323268860578537,0.00023497044458054006,,,,
532,0.01773667149245739,0.0004773281854456697,64.16463482100517,1.2640336751937866,0.006127108819782734,0.003130430355668068,2.3094627977116033e-05,6.491273961728439e-05,0.008033489808440208,0.01762518659234047,0.0,0.03249231353402138,0.0005412053433246911,0.13224640488624573,6.368451977323275e-06,,,,
533,0.017990678548812866,0.00047584370100604606,64.29046566900797,0.5536675453186035,0.006044201552867889,0.0030331078451126814,9.689845683169551e-06,2.3279921151697636e-05,0.012594952248036861,0.020642952993512154,0.0,0.051419809460639954,0.00015163765056058764,0.13218121230602264,1.7124601754403557e-06,,,,
534,0.016537193208932877,0.0004743597017192483,64.41450946702389,0.5634807348251343,0.005778263323009014,0.0027366187423467636,4.0973649447551e-05,6.472934728662949e-06,0.01063661277294159,0.02681945636868477,0.0,0.019530942663550377,0.0004883217625319958,0.13216181099414825,4.1928146288228163e-07,,,,
535,0.019116904586553574,0.00047287620223175023,64.539971849008,0.9106695055961609,0.006230797618627548,0.003069260623306036,1.224948118760949e-05,2.53641301242169e-05,0.02096068486571312,0.03964124619960785,0.0,0.016944820061326027,0.0003795405791606754,0.13215209543704987,3.5670277043209353e-07,,,,
536,0.015490738674998283,0.00047139321718509295,64.66319351503626,0.6436789631843567,0.005681314505636692,0.0026315581053495407,5.950812919763848e-05,7.054907655401621e-06,0.010808205232024193,0.01892692968249321,0.0,0.013293776661157608,0.0006501163588836789,0.1321389228105545,6.30958652436675e-07,,,,
537,0.01735406555235386,0.0004699107612157401,64.78830614802428,0.36444979906082153,0.006483493372797966,0.002687671920284629,2.047346788458526e-05,1.7571452190168202e-05,0.0168599970638752,0.02932758256793022,0.0,0.009567087516188622,0.0004650072078220546,0.13212089240550995,0.00026353573775850236,,,,
538,0.018792448565363884,0.0004684288489549337,64.91712361801183,0.9292124509811401,0.00577247329056263,0.003219595877453685,9.816139936447144e-06,4.193168570054695e-05,0.012556895613670349,0.03490164130926132,0.0,0.0208076573908329,0.0007718831766396761,0.1320876181125641,9.431007583771134e-07,,,,
539,0.017148729413747787,0.00046694749502854924,65.0534897770267,1.2061007022857666,0.006388371344655752,0.002851475030183792,2.918950849561952e-05,2.147947634512093e-05,0.016200929880142212,0.016364460811018944,0.0,0.028614815324544907,0.0003224628744646907,0.13205711543560028,0.00021896386169828475,,,,
540,0.016568047925829887,0.0004654667140569523,65.17813761200523,1.9797559976577759,0.006658412516117096,0.003433187259361148,4.944597458234057e-05,2.7262125513516366e-05,0.00371940853074193,0.012171200476586819,0.0,0.010206284932792187,0.00023046314890962094,0.13204602897167206,2.6416034870635485e-07,,,,
541,0.021256616339087486,0.000463986520654853,65.30123349203495,3.107452392578125,0.0069205001927912235,0.002884203102439642,7.94925435911864e-05,0.00015690586587879807,0.013896789401769638,0.02779480442404747,0.0,0.020608698949217796,0.00156346894800663,0.13201899826526642,3.4817064715753077e-06,,,,
542,0.022057753056287766,0.00046250692943116263,65.42534081102349,4.35530948638916,0.006175943184643984,0.002503693103790283,0.00032271575764752924,0.00034180571674369276,0.015673767775297165,0.021734897047281265,0.0,0.02184395119547844,4.715781324193813e-05,0.13200236856937408,6.737932380929124e-07,,,,
543,0.024912584573030472,0.00046102795498884937,65.55132175399922,4.619484901428223,0.006484068930149078,0.003427439834922552,0.00033045135205611587,0.00024707685224711895,0.011518508195877075,0.035299260169267654,0.0,0.024008817970752716,0.0003598849580157548,0.13198505342006683,1.8724551864579553e-07,,,,
544,0.021491792052984238,0.00045954961192479384,65.67608028301038,4.052432537078857,0.006258308421820402,0.003189370036125183,0.0001120262750191614,0.0002817522035911679,0.026334460824728012,0.016599036753177643,0.0,0.007753236684948206,0.0014202846214175224,0.13197535276412964,4.088940386282047e-07,,,,
545,0.022528745234012604,0.00045807191482964514,65.79920308303554,2.8129355907440186,0.006846618372946978,0.0026975921355187893,0.0002365460095461458,0.00010182757250731811,0.011066088452935219,0.041355643421411514,0.0,0.03105122596025467,0.0005259607569314539,0.13195733726024628,3.856774583255174e-06,,,,
546,0.015250936150550842,0.0004565948782876771,65.92354744399199,0.4241330623626709,0.005896460730582476,0.002711276290938258,7.621400982316118e-06,2.4672903236933053e-05,0.023825831711292267,0.015565898269414902,0.0,0.008313118480145931,0.000311359268380329,0.1319337785243988,2.1498588012036635e-06,,,,
547,0.019645489752292633,0.00045511851687664426,66.04447891999735,2.593116044998169,0.006145874969661236,0.0027233478613197803,4.924667518935166e-05,0.0001319550210610032,0.011992435902357101,0.03612680360674858,0.0,0.01590585522353649,0.0010989455040544271,0.1319032907485962,2.4570151708758203e-06,,,,
548,0.02479199506342411,0.00045364284516763735,66.16941813699668,5.320705413818359,0.00686544319614768,0.003469802439212799,0.0003725120332092047,0.00033039343543350697,0.025642847642302513,0.008423162624239922,0.0,0.031207464635372162,0.00013807122013531625,0.13185688853263855,3.1331553600466577e-06,,,,
549,0.026623407378792763,0.00045216787772494075,66.29704874998424,5.768383502960205,0.00634844321757555,0.003411751240491867,0.00040386331966146827,0.0004353497351985425,0.0069066621363162994,0.030521472916007042,0.0,0.01680934801697731,0.000689122301992029,0.13183125853538513,4.305814798044594e-07,,,,
550,0.020686913281679153,0.0004506936291058874,66.42043237300823,1.8233556747436523,0.00724003417417407,0.0027540065348148346,5.666913784807548e-05,7.956121407914907e-05,0.016707953065633774,0.04240472614765167,0.0,0.025498289614915848,9.263538231607527e-05,0.13181117177009583,1.331462271991768e-06,9.95090234569307,13.850369305792618,2.403079682922945,2.5771259569368477
551,0.01826789416372776,0.00044922011386071606,66.57727373403031,2.693190574645996,0.006494914647191763,0.0028999699279665947,8.969738701125607e-05,0.00012002243602182716,0.009834224358201027,0.008274254389107227,0.0,0.03812767192721367,0.00011738654575310647,0.13178348541259766,0.0004011509008705616,,,,
552,0.026892246678471565,0.00044774734653242734,66.69903595000505,5.839313983917236,0.006273284554481506,0.003066403791308403,0.0005329173873178661,0.0005170190706849098,0.012868927791714668,0.025451015681028366,0.0,0.010296884924173355,0.00015117216389626265,0.131730854511261,4.963515038980404e-07,,,,
553,0.02012547105550766,0.00044627534165664025,66.82224841899006,2.9850943088531494,0.0073718177154660225,0.0029677427373826504,0.00011104566510766745,0.00010366592323407531,0.018389582633972168,0.0288484338670969,0.0,0.01201621349900961,0.0001317243295488879,0.13164295256137848,2.552271098466008e-06,,,,
554,0.01675594225525856,0.0004448041137614485,66.97849314898485,1.1656889915466309,0.006055811420083046,0.0028318536933511496,4.450953201740049e-05,2.065784065052867e-05,0.030267752707004547,0.01685136929154396,0.0,0.020304523408412933,3.7454094126587734e-05,0.13154885172843933,1.9957128643000033e-06,,,,
555,0.022598985582590103,0.00044333367736727747,67.10605034400942,4.23256254196167,0.005778095219284296,0.003509876085445285,0.00013671081978827715,0.00035769492387771606,0.018144819885492325,0.02571547031402588,0.0,0.006976112257689238,0.0008959277183748782,0.13145963847637177,2.0987977222830523e-06,,,,
556,0.025278577581048012,0.000441864046986741,67.23369424598059,4.75020694732666,0.00634361244738102,0.0031771869398653507,0.0004634502693079412,0.000235557890846394,0.014798251911997795,0.021315496414899826,0.0,0.043855566531419754,0.00039311073487624526,0.13135315477848053,1.8039531823887955e-06,,,,
557,0.018259253352880478,0.0004403952371244972,67.36323876999086,2.909240484237671,0.0053783138282597065,0.002644795458763838,2.8018035663990304e-05,0.00017424239194951952,0.014089887030422688,0.01895131915807724,0.0,0.012209947220981121,0.0022269298788160086,0.1312667578458786,4.251425593793101e-07,,,,
558,0.017059482634067535,0.00043892726227710686,67.49279560899595,0.26118725538253784,0.006240497343242168,0.0024513662792742252,1.728491588437464e-05,8.856558451952878e-06,0.019618511199951172,0.017271697521209717,0.0,0.026469312608242035,0.001489225309342146,0.13119558990001678,2.8572480914590415e-06,,,,
559,0.020605893805623055,0.0004374601369328888,67.62029163702391,3.1793289184570312,0.006123819388449192,0.0030314233154058456,0.00017115419905167073,0.00012798412353731692,0.015005026943981647,0.021615082398056984,0.0,0.04097508266568184,0.00033423653803765774,0.13112513720989227,1.970889570657164e-06,,,,
560,0.023838602006435394,0.0004359938755717779,67.75679165602196,4.43947172164917,0.006097843870520592,0.003070902545005083,0.0002663039485923946,0.00026857509510591626,0.02008163183927536,0.03342530503869057,0.0,0.01779821328818798,0.0008810181170701981,0.13108991086483002,1.5327398159570294e-06,,,,
561,0.019608544185757637,0.000434528492665182,67.88570261298446,3.0348689556121826,0.006661494728177786,0.00281167752109468,8.604355389252305e-05,0.00016012683045119047,0.012169353663921356,0.028038978576660156,0.0,0.020049024373292923,0.00031528426916338503,0.1310615986585617,8.263625090876303e-07,,,,
562,0.01589212939143181,0.00043306400267583865,68.01213006599573,0.3287431597709656,0.006015736609697342,0.0025891840923577547,2.954516457975842e-05,1.035533205140382e-05,0.00809020921587944,0.023693516850471497,0.0,0.02283000759780407,0.0002520651905797422,0.13101327419281006,5.792765023215907e-07,,,,
563,0.0184601079672575,0.0004316004200576726,68.1380415459862,2.258671998977661,0.006234207656234503,0.003147199284285307,0.00012464517203625292,4.248787809046917e-05,0.02461792528629303,0.02289697527885437,0.0,0.007812581956386566,0.00021711812587454915,0.13095252215862274,8.792120524958591e-07,,,,
564,0.019272278994321823,0.0004301377592556539,68.26862444798462,2.6990931034088135,0.006401889957487583,0.002816680818796158,7.976864435477182e-05,0.0001293979148613289,0.02047533355653286,0.02204807475209236,0.0,0.031256090849637985,0.00022130514844320714,0.13088281452655792,1.7973779904423282e-06,,,,
565,0.013706836849451065,0.0004286760347056538,68.39402746298583,1.2795277833938599,0.005480021703988314,0.0026156525127589703,2.3849523131502792e-05,3.9087579352781177e-05,0.0022144389804452658,0.010275485925376415,0.0,0.015421593561768532,0.00032470334554091096,0.13082900643348694,1.2548391623568023e-06,,,,
566,0.015202981419861317,0.0004272152608343035,68.52034508698853,0.7900804281234741,0.0060555459931492805,0.002478522015735507,8.310855264426209e-06,4.617084778146818e-05,0.011572511866688728,0.01863553188741207,0.0,0.01373146940022707,0.000385334889870137,0.13077105581760406,7.15783585292229e-07,,,,
567,0.01661558635532856,0.00042575545205885166,68.64694144099485,2.075934648513794,0.005821614991873503,0.0026912190951406956,0.00013122927339281887,2.5404526240890846e-05,0.009861864149570465,0.02427343651652336,0.0,0.008628304116427898,0.0003615265595726669,0.1307179480791092,1.09934558167879e-06,,,,
568,0.01577451080083847,0.0004242966227870213,68.77484403003473,2.000515937805176,0.005078882444649935,0.002512571169063449,1.316516318183858e-05,0.0001376484869979322,0.01278386078774929,0.01356817688792944,0.0,0.035935208201408386,0.00023855885956436396,0.1306551992893219,3.647804476258898e-07,,,,
569,0.019052615389227867,0.0004228387874168684,68.90017290401738,0.6352577805519104,0.00568796182051301,0.0022484955843538046,8.75864498084411e-05,1.3822561413689982e-05,0.010481903329491615,0.04638269543647766,0.0,0.01766078919172287,0.001675749197602272,0.13061314821243286,1.8075915022564004e-06,,,,
570,0.017437882721424103,0.00042138196033663955,69.02333964203717,1.9710276126861572,0.005535732954740524,0.002505313605070114,0.0001380134781356901,4.020941196358763e-05,0.019466739147901535,0.018542272970080376,0.0,0.028640929609537125,0.000718367169611156,0.13057318329811096,7.432140023411193e-07,,,,
571,0.01772603951394558,0.00041992615592462997,69.14892720803618,2.255793333053589,0.005032980814576149,0.00249642226845026,6.462345481850207e-05,0.00014342920621857047,0.022922933101654053,0.020009605213999748,0.0,0.044392671436071396,0.00012112855620216578,0.13055388629436493,1.2648852134589106e-06,,,,
572,0.01463677454739809,0.00041847138854904115,69.27504688402405,0.39299964904785156,0.005517417099326849,0.0025906297378242016,1.2617117135960143e-05,5.731349574489286e-06,0.01613931730389595,0.017922187224030495,0.0,0.00818795245140791,0.0006149187101982534,0.13056352734565735,5.498528707903461e-07,,,,
573,0.018872451037168503,0.0004170176725678403,69.39809304202208,1.6275664567947388,0.0058571589179337025,0.0025510808918625116,4.399085810291581e-05,3.437001578276977e-05,0.018285050988197327,0.036903221160173416,0.0,0.047274354845285416,3.047354766749777e-05,0.13055939972400665,1.9666430262077483e-07,,,,
574,0.018417827785015106,0.0004155650223286168,69.52125555102248,2.219860315322876,0.006193921435624361,0.002993579488247633,8.145296305883676e-05,5.9020250773755834e-05,0.024456694722175598,0.019989460706710815,0.0,0.02649758756160736,0.00015349016757681966,0.13058489561080933,1.2811832448278437e-06,,,,
575,0.014906374737620354,0.00041411345216844225,69.64670008898247,1.0509580373764038,0.0062415418215096,0.0025467544328421354,2.8335300157777965e-05,2.6360725314589217e-05,0.01227774191647768,0.016841398552060127,0.0,0.009527142159640789,0.00011812581215053797,0.13061729073524475,1.2371565389912575e-06,9.19472126835199,12.946315462424595,1.487650361652121,0.8627427814741817
576,0.014069337397813797,0.00041266297641372803,69.8023127320339,0.9616810083389282,0.006084316875785589,0.0023768292739987373,2.3218002752400935e-05,1.3788509932055604e-05,0.01193295419216156,0.017887907102704048,0.0,0.00442326907068491,0.00012364122085273266,0.1306324601173401,4.213737838654197e-07,,,,
577,0.01988048106431961,0.00041121360938008443,69.92559476202587,2.1837379932403564,0.0057939146645367146,0.0024138009175658226,4.721057121059857e-05,0.00011944610014325008,0.02217443473637104,0.03477310761809349,0.0,0.04727387800812721,0.0005110247293487191,0.13063521683216095,1.013651626635692e-06,,,,
578,0.014948811382055283,0.0004097653653721788,70.04845956998179,1.8161040544509888,0.005817329045385122,0.0024096171837300062,7.794188422849402e-05,2.682502963580191e-05,0.004989831242710352,0.01874374784529209,0.0,0.017032474279403687,0.00015791752957738936,0.1306600272655487,5.093154413771117e-07,,,,
579,0.015830570831894875,0.0004083182586835948,70.17541890399298,0.5754520297050476,0.005630172789096832,0.0025363813620060682,1.0681828825909179e-05,2.0870873413514346e-05,0.00791161134839058,0.028270520269870758,0.0,0.012048905715346336,0.0005465595750138164,0.13067726790905,0.0003097935114055872,,,,
580,0.013809381052851677,0.00040687230359669137,70.29954341001576,0.6471970081329346,0.0047844937071204185,0.0025392386596649885,7.386086053884355e-06,2.178682007070165e-05,0.013711843639612198,0.007254930213093758,0.0,0.03879735991358757,0.00017240615852642804,0.1306958794593811,6.264882586037857e-07,,,,
581,0.014196835458278656,0.00040542751438246114,70.42365688103018,1.2364728450775146,0.005373264662921429,0.0022354673128575087,4.651202470995486e-05,1.1382284355931915e-05,0.020966604351997375,0.017542853951454163,0.0,0.014028075151145458,0.00013859281898476183,0.13073588907718658,3.443347793563589e-07,,,,
582,0.016634304076433182,0.00040398390530039087,70.54961905500386,1.42178475856781,0.005805569235235453,0.0025519579648971558,1.4576467037841212e-05,6.982516788411885e-05,0.011407467536628246,0.030651381239295006,0.0,0.010046323761343956,0.0006118996534496546,0.13077451288700104,3.017422898210498e-07,,,,
583,0.015475287102162838,0.00040254149059831893,70.67480139003601,0.8591786623001099,0.006396794691681862,0.0022337911650538445,3.160553751513362e-05,7.802957952662837e-06,0.004658631980419159,0.019299466162919998,0.0,0.035002775490283966,0.00016994868929032236,0.13080555200576782,3.0545204481313704e-06,,,,
584,0.013807221315801144,0.0004011002845122963,70.79924604302505,0.22333568334579468,0.005035620182752609,0.0023533522617071867,1.3033590221311897e-05,5.7354218370164745e-06,0.017435679212212563,0.012450244277715683,0.0,0.02676311507821083,0.00029058108339086175,0.13085660338401794,8.036755616558366e-07,,,,
585,0.014235839247703552,0.0003996603012664452,70.92383230198175,1.0062367916107178,0.0054061198607087135,0.0024739981163293123,1.398889253323432e-05,2.1139519958524033e-05,0.01610928773880005,0.01090423483401537,0.0,0.016196181997656822,0.0006935688434168696,0.13090628385543823,2.651599686487316e-07,,,,
586,0.013670600950717926,0.000398221555072819,71.04852320300415,1.2631971836090088,0.005186538212001324,0.0023861215449869633,4.2980398575309664e-05,2.523015245969873e-05,0.006594587117433548,0.006528785917907953,0.0,0.03058459609746933,0.00038655599928461015,0.13095320761203766,3.680214319956576e-07,,,,
587,0.014368019998073578,0.00039678406013126153,71.17245419003302,0.9327405095100403,0.005744985770434141,0.0021982179023325443,1.6884585420484655e-05,1.7539810869493522e-05,0.007004094310104847,0.01798420399427414,0.0,0.02223047986626625,0.0004905604291707277,0.13100774586200714,6.388438009707897e-07,,,,
588,0.015633422881364822,0.0003953478306292678,71.29568587901304,0.6786378026008606,0.0061422246508300304,0.0021556587889790535,1.245467683474999e-05,5.4244005696091335e-06,0.020418891683220863,0.017880458384752274,0.0,0.03577521815896034,0.0002718681935220957,0.13106505572795868,4.0388977140537463e-07,,,,
589,0.013862177729606628,0.0003939128807418432,71.42155065701809,0.3597733676433563,0.00547232897952199,0.0021841442212462425,9.603407306713052e-06,1.0512216249480844e-05,0.006687238812446594,0.018052268773317337,0.0,0.02731815166771412,0.00018163351342082024,0.13111892342567444,2.1554033082793467e-06,,,,
590,0.011993172578513622,0.00039247922463136336,71.54809805803234,0.1906270533800125,0.005737831350415945,0.00211775628849864,8.330124728672672e-06,5.830999270983739e-06,0.0054412586614489555,0.010172512382268906,0.0,0.0059271869249641895,0.00016074121231213212,0.13117900490760803,6.247125838854117e-07,,,,
591,0.0130425114184618,0.00039104687644743593,71.67164010199485,0.2931756377220154,0.004941987339407206,0.002264123409986496,1.0972932614095043e-05,9.412008694198448e-06,0.0036847805604338646,0.024694256484508514,0.0,0.006975929718464613,0.0002343688247492537,0.13122253119945526,3.753602584311011e-07,,,,
592,0.015255691483616829,0.0003896158503267587,71.7957222990226,0.26642781496047974,0.005830354988574982,0.001981832552701235,2.21521968342131e-05,1.153872835857328e-05,0.015388300642371178,0.03084512986242771,0.0,0.009312791749835014,0.0006710183806717396,0.13124188780784607,2.9339021239138674e-06,,,,
593,0.014756429009139538,0.0003881861603929821,71.92119894799544,1.1502703428268433,0.005745651666074991,0.0020703799091279507,4.326716225477867e-05,1.0761326848296449e-05,0.017073797062039375,0.022422175854444504,0.0,0.016101649031043053,0.0002964060986414552,0.13123635947704315,1.0979300668623182e-06,,,,
594,0.014525894075632095,0.0003867578207565683,72.04645500803599,1.8689701557159424,0.00546351820230484,0.0020481436513364315,2.641696119098924e-05,9.519646118860692e-05,0.021122772246599197,0.009691895917057991,0.0,0.019825659692287445,0.0006018267013132572,0.1312335878610611,2.838547175088024e-07,,,,
595,0.01385792437940836,0.0003853308455146531,72.16725587303517,1.5707389116287231,0.005456384737044573,0.0020727147348225117,5.44981230632402e-05,2.128284177160822e-05,0.004919462837278843,0.025874968618154526,0.0,0.0077714817598462105,0.00014447412104345858,0.13122805953025818,5.532180011869059e-07,,,,
596,0.01242799311876297,0.0003839052487509058,72.29253038601018,0.7660449743270874,0.005242620129138231,0.002128328662365675,1.1921682016691193e-05,1.013577184494352e-05,0.010462189093232155,0.009312612935900688,0.0,0.01776295341551304,0.00023334729485213757,0.13121770322322845,1.058299176293076e-06,,,,
597,0.015343252569437027,0.00038248104453539127,72.42187235702295,0.4293659031391144,0.005604194011539221,0.0018936516717076302,1.2672742741415277e-05,7.1851864049676806e-06,0.009851447306573391,0.035203948616981506,0.0,0.02496013604104519,0.0003603936929721385,0.13119558990001678,6.11493987889844e-07,,,,
598,0.015099840238690376,0.00038105824692442983,72.55402809998486,1.8011306524276733,0.005895610898733139,0.002061302773654461,4.0183520468417555e-05,3.244265099056065e-05,0.005604055244475603,0.02723092958331108,0.0,0.011144658550620079,0.0003185696550644934,0.13117486238479614,0.00034508993849158287,,,,
599,0.015859581530094147,0.0003796368699604595,72.68152915500104,2.6172590255737305,0.004796498455107212,0.002061152830719948,9.595401934348047e-05,0.00012111352407373488,0.018401235342025757,0.01759432628750801,0.0,0.034300968050956726,0.00024328334257006645,0.13113203644752502,1.143316467278055e-06,,,,
600,0.01567826233804226,0.00037821692767189743,72.80781797401141,1.7826051712036133,0.005709817633032799,0.0017515396466478705,5.9462981880642474e-05,3.063462281716056e-05,0.016150634735822678,0.032352231442928314,0.0,0.019351838156580925,0.0004210472689010203,0.13109751045703888,1.8983269001182634e-06,7.758468476886078,10.911108119578998,1.1009013238699097,1.207802926042112
601,0.014235089533030987,0.00037679843407300044,72.96617825701833,0.4487856328487396,0.005515927914530039,0.001964075490832329,1.2139682439737953e-05,7.884626938903239e-06,0.010366116650402546,0.023193631321191788,0.0,0.012841783463954926,0.0009796714875847101,0.13106435537338257,2.7341150143911364e-07,,,,
602,0.012284702621400356,0.0003753814031637277,73.09184963500593,0.5168090462684631,0.005011646077036858,0.0017575293313711882,6.9249290390871465e-06,1.3467054486682173e-05,0.01379927434027195,0.017787475138902664,0.0,0.00875786505639553,0.0005155495600774884,0.13102293014526367,9.006696473079501e-07,,,,
603,0.015455462038516998,0.00037396584892960226,73.21557383798063,0.6676568388938904,0.005312600173056126,0.0020479459781199694,2.4004442821023986e-05,1.5114186680875719e-05,0.007136694621294737,0.0354081392288208,0.0,0.020375076681375504,0.0006080326274968684,0.1309552788734436,3.9345275126834167e-07,,,,
604,0.012325928546488285,0.000372551785341573,73.34274807199836,0.15590088069438934,0.005362993571907282,0.0019348462810739875,7.94997777120443e-06,7.205007477750769e-06,0.009472020901739597,0.01576104573905468,0.0,0.007742970250546932,0.00037071091355755925,0.13089455664157867,3.233247980460874e-06,,,,
605,0.013164756819605827,0.00037113922635587646,73.47120237199124,1.160034418106079,0.005343498662114143,0.001992178848013282,2.781116563710384e-05,2.047050293185748e-05,0.014996184967458248,0.01982695609331131,0.0,0.006711392663419247,0.0001548401196487248,0.13082347810268402,3.450984991104633e-07,,,,
606,0.013808353804051876,0.00036972818591389983,73.6026343239937,1.632044792175293,0.005358875263482332,0.0019231736660003662,2.5625244234106503e-05,4.19757780036889e-05,0.01996455527842045,0.014744281768798828,0.0,0.021921321749687195,0.00022728103795088828,0.1307455450296402,3.7321819945645984e-07,,,,
607,0.015382700599730015,0.00036831867794204237,73.73238054499961,1.0124998092651367,0.005490009672939777,0.0019569420255720615,2.6049237931147218e-05,1.9417098883423023e-05,0.01958800107240677,0.021956952288746834,0.0,0.03526778146624565,0.00045464496361091733,0.13068002462387085,3.3207237493115827e-07,,,,
608,0.013441914692521095,0.0003669107163515789,73.86572073301068,0.6560711860656738,0.005211375653743744,0.0019085097592324018,1.0938128070847597e-05,7.213705430331174e-06,0.025632914155721664,0.019947601482272148,0.0,0.008779685012996197,0.0003858295676764101,0.13063590228557587,1.453856555144739e-07,,,,
609,0.013408183120191097,0.0003655043150385217,73.9973612690228,2.097818374633789,0.004866621922701597,0.0020791799761354923,7.327979255933315e-05,5.9107987908646464e-05,0.012777399271726608,0.016432330012321472,0.0,0.008249171078205109,0.00023350832634605467,0.13058213889598846,6.714278129038576e-07,,,,
610,0.012736698612570763,0.0003640994878834841,74.1251710790093,2.380976676940918,0.004649477545171976,0.0016902275383472443,5.557072290685028e-05,0.00010460293560754508,0.019949547946453094,0.0079578822478652,0.0,0.014994107186794281,0.00043103040661662817,0.13052493333816528,5.038641575083602e-07,,,,
611,0.013380654156208038,0.00036269624875154294,74.25852882303298,1.5656272172927856,0.005028531886637211,0.0018350998871028423,5.1366787374718115e-05,1.3200011380831711e-05,0.02555633895099163,0.019913090392947197,0.0,0.00873776338994503,0.00019959386554546654,0.13047049939632416,1.7581507449904166e-07,,,,
612,0.012440790422260761,0.0003612946114921019,74.3919530310086,0.17982348799705505,0.005324074998497963,0.0019690552726387978,1.3765227777184919e-05,1.4232005923986435e-05,0.016499588266015053,0.013857970014214516,0.0,0.006974862888455391,0.00020736182341352105,0.13039128482341766,1.3597743873106083e-06,,,,
613,0.014604144729673862,0.000359894589938755,74.52125888201408,1.6354252099990845,0.00552498921751976,0.0018703110981732607,1.622750460228417e-05,5.0216272938996553e-05,0.007147311232984066,0.021901585161685944,0.0,0.0298325028270483,0.0005020674434490502,0.13029350340366364,2.5850474685285008e-06,,,,
614,0.015220727771520615,0.0003584961979091495,74.64774366503116,2.6668541431427,0.004819671623408794,0.0018412545323371887,0.000124274316476658,7.112591993063688e-05,0.015068553388118744,0.02572321519255638,0.0,0.022008100524544716,0.00020708507508970797,0.13022328913211823,1.0822775493579684e-06,,,,
615,0.013771104626357555,0.0003570994492048505,74.77326448500389,2.180114269256592,0.005406972486525774,0.001758804777637124,4.079720383742824e-05,8.341304783243686e-05,0.0034385989420115948,0.015756286680698395,0.0,0.025425968691706657,0.0004532899765763432,0.13016822934150696,2.1054347598692402e-06,,,,
616,0.014115883968770504,0.00035570435761120354,74.90095985302469,0.24923904240131378,0.005792920012027025,0.0017901541432365775,1.3067383406450972e-05,8.359970706806052e-06,0.015164971351623535,0.024272166192531586,0.0,0.01624925434589386,0.0003993707650806755,0.13013382256031036,9.500112128080218e-07,,,,
617,0.015116916038095951,0.0003543109368971996,75.02489249303471,2.0022149085998535,0.005822863429784775,0.001953855622559786,5.845051782671362e-05,2.779649912554305e-05,0.01944265142083168,0.022265538573265076,0.0,0.021654045209288597,0.00011104628356406465,0.13008566200733185,1.3507033145288005e-06,,,,
618,0.01794476993381977,0.00035291920081533847,75.15259877301287,3.045624256134033,0.005454506259411573,0.0019436939619481564,9.042362216860056e-05,0.0001633959327591583,0.026073569431900978,0.023970909416675568,0.0,0.040033210068941116,0.00023123304708860815,0.13005608320236206,9.638133633416146e-07,,,,
619,0.013456801883876324,0.00035152916310149347,75.28355242998805,2.263810634613037,0.005108044017106295,0.0019364263862371445,8.356678154086694e-05,4.9072110414272174e-05,0.010489217936992645,0.019041217863559723,0.0,0.007917245849967003,0.0001913351152325049,0.13002994656562805,3.7050499486213084e-06,,,,
620,0.011839000508189201,0.0003501408374747756,75.40866635902785,0.4399884045124054,0.004982020705938339,0.001755091710947454,8.331326171173714e-06,2.093958573823329e-05,0.009142718277871609,0.01576625555753708,0.0,0.0073992363177239895,0.00031014072010293603,0.12999555468559265,0.00021022788132540882,,,,
621,0.013924404978752136,0.00034875423763739837,75.53416290000314,1.266227126121521,0.005353696644306183,0.00173507712315768,1.0045573617389891e-05,4.634818105841987e-05,0.007913017645478249,0.02392655238509178,0.0,0.02533486671745777,0.00035112741170451045,0.12994329631328583,4.954760584041651e-07,,,,
622,0.015864450484514236,0.0003473693772745425,75.65941614401527,1.8704192638397217,0.005213068798184395,0.0017745268996804953,8.716521551832557e-05,3.374475272721611e-05,0.009923510253429413,0.04355304688215256,0.0,0.011020082980394363,0.00035892060259357095,0.12988005578517914,1.943322558872751e-06,,,,
623,0.013868912123143673,0.0003459862700542203,75.78798177000135,1.2570043802261353,0.004770361352711916,0.0018301534000784159,1.0344370821258053e-05,2.6179002816206776e-05,0.020916908979415894,0.02721823938190937,0.0,0.009110071696341038,0.0007197963423095644,0.12980583310127258,2.353017691802961e-07,,,,
624,0.01307674404233694,0.0003446049296271422,75.91430257703178,0.2215530127286911,0.005256616044789553,0.001585955498740077,1.0106936315423809e-05,6.4275568547600415e-06,0.015045780688524246,0.02600153163075447,0.0,0.011833388358354568,0.0004086127446498722,0.12973368167877197,4.1576103626539407e-07,,,,
625,0.013027848675847054,0.00034322536962658006,76.03981651901267,0.8723138570785522,0.005184585694223642,0.0017763854702934623,1.6964771930361167e-05,2.052903982985299e-05,0.006507697515189648,0.029109127819538116,0.0,0.008225716650485992,0.00013712150393985212,0.1296553760766983,1.1939741852984298e-06,7.50420144960772,10.463610818164563,2.0016663697710637,1.5070456599867914
626,0.011485119350254536,0.0003418476036682344,76.2005812790012,1.2955213785171509,0.004891012795269489,0.0017393224406987429,4.302518937038258e-05,1.913388041430153e-05,0.003627463709563017,0.014305677264928818,0.0,0.009190935641527176,0.00029215688118711114,0.1295592486858368,6.677582859992981e-07,,,,
627,0.01132233627140522,0.00034047164535009884,76.32450600998709,0.8629051446914673,0.0047180731780827045,0.0015562295448035002,1.604456701898016e-05,1.696076287771575e-05,0.015192847698926926,0.019762281328439713,0.0,0.003840912599116564,0.00010359312000218779,0.12946315109729767,7.79045137733192e-07,,,,
628,0.01403773296624422,0.0003390975082523267,76.44930938701145,0.2773546278476715,0.0050667584873735905,0.001747790491208434,1.5763795090606436e-05,7.692819963267539e-06,0.020962323993444443,0.031365759670734406,0.0,0.01783578284084797,3.451549491728656e-05,0.12935954332351685,4.7106294687182526e-07,,,,
629,0.011030759662389755,0.00033772520593709597,76.57393905200297,0.9405879378318787,0.004418907221406698,0.0017118159448727965,1.9267019524704665e-05,1.2359687389107421e-05,0.010858152061700821,0.016773995012044907,0.0,0.004068813286721706,0.00031849610968492925,0.12926077842712402,4.478667960938765e-07,,,,
630,0.015545007772743702,0.00033635475194847687,76.70081533299526,1.3763185739517212,0.005628663115203381,0.0016435091383755207,4.117499338462949e-05,3.0105686164461076e-05,0.04580894112586975,0.015129628591239452,0.0,0.022202210500836372,0.0008680893806740642,0.1291702687740326,5.739436801377451e-06,,,,
631,0.012505791150033474,0.00033498615981229703,76.82454931398388,1.3878436088562012,0.0042391810566186905,0.0017099692486226559,6.9602442636096384e-06,2.6719000743469223e-05,0.016805103048682213,0.019411588087677956,0.0,0.0061045363545417786,0.001293898792937398,0.12909623980522156,2.442424715809466e-07,,,,
632,0.015380743891000748,0.00033361944303600795,76.94799211900681,1.2758629322052002,0.005204799119383097,0.0016959533095359802,3.7576606700895354e-05,2.0758603568538092e-05,0.027276892215013504,0.0359046570956707,0.0,0.015438024885952473,0.00034382339799776673,0.12901675701141357,1.633515012144926e-06,,,,
633,0.011907968670129776,0.0003322546151085528,77.0739556060289,0.7776132225990295,0.0051844678819179535,0.0016904554795473814,1.1282972991466522e-05,1.6229752873186953e-05,0.005673778709024191,0.018127890303730965,0.0,0.011033873073756695,0.00028864090563729405,0.12894894182682037,1.6995148826026707e-06,,,,
634,0.01275647897273302,0.00033089168950023196,77.19838574202731,0.35698962211608887,0.004807434510439634,0.00143326073884964,8.762930519878864e-06,6.522533112729434e-06,0.03022109344601631,0.011501763015985489,0.0,0.03975734859704971,0.00015137885930016637,0.12889279425144196,2.967566388178966e-07,,,,
635,0.010966865345835686,0.00032953067966257104,77.32231304899324,0.14461153745651245,0.005071186926215887,0.0016484217485412955,9.417174624104518e-06,6.469646450568689e-06,0.013957671821117401,0.014645018614828587,0.0,0.0011786390095949173,8.839320798870176e-05,0.12887567281723022,1.3815053989674198e-06,,,,
636,0.01363869197666645,0.00032817159902818777,77.44670891202986,0.3872942626476288,0.005443145986646414,0.0015629384433850646,9.039713404490612e-06,6.2176982282835525e-06,0.011063162237405777,0.03575985133647919,0.0,0.00878861267119646,0.0002189747174270451,0.12884896993637085,6.979827844588726e-07,,,,
637,0.012668768875300884,0.0003268144610106593,77.57281119399704,0.8359644412994385,0.00504072243347764,0.0016061058267951012,1.456541576771997e-05,1.3188126104068942e-05,0.03193393722176552,0.014481454156339169,0.0,0.01572844199836254,0.00017620094877202064,0.12881678342819214,2.019442717937636e-06,,,,
638,0.011220589280128479,0.00032545927900438974,77.69852895103395,0.8776952028274536,0.004786547739058733,0.001735139056108892,1.565486309118569e-05,2.145681355614215e-05,0.021345220506191254,0.008750231936573982,0.0,0.008765346370637417,8.266566874226555e-05,0.12879352271556854,6.34926095699484e-07,,,,
639,0.013450712896883488,0.00032410606638447876,77.81961597903864,0.5904694199562073,0.004600626416504383,0.0017386581748723984,1.2864409654866904e-05,9.049824257090222e-06,0.029482142999768257,0.03144951909780502,0.0,0.004481136798858643,0.00018019463459495455,0.12877024710178375,1.5471130154764978e-06,,,,
640,0.01152119878679514,0.00032275483650658825,77.94556760700652,0.3174101710319519,0.005217761732637882,0.0016389028169214725,8.172518391802441e-06,1.8626757082529366e-05,0.015979960560798645,0.013323928229510784,0.0,0.005465185269713402,0.00022397906286641955,0.1287408173084259,2.684257935925416e-07,,,,
641,0.014572828076779842,0.00032140560270681184,78.07802120200358,0.2124883383512497,0.005417379550635815,0.0015130126848816872,1.581791184435133e-05,1.3007205780013464e-05,0.025214018300175667,0.03381729871034622,0.0,0.017737139016389847,0.00018268177518621087,0.12871001660823822,4.926323526888154e-07,,,,
642,0.012643668800592422,0.0003200583783015424,78.20540256303502,0.6576112508773804,0.004849346820265055,0.0014187612105160952,3.249249130021781e-05,6.58038106848835e-06,0.007203572429716587,0.025626521557569504,0.0,0.02917392924427986,5.208211223362014e-05,0.12868469953536987,3.777091023948742e-06,,,,
643,0.012835996225476265,0.0003187131765873406,78.32952481799293,0.7203530669212341,0.004502714611589909,0.001658605644479394,6.555146683240309e-06,2.8458525775931776e-05,0.030576536431908607,0.02651691809296608,0.0,0.005925031378865242,5.9482106735231355e-05,0.12867854535579681,1.0018857210525312e-06,,,,
644,0.011224995367228985,0.0003173700108408048,78.4562332680216,0.32247239351272583,0.004994670394808054,0.001659619971178472,1.8583270502858795e-05,1.4944795111659914e-05,0.013655539602041245,0.013561923056840897,0.0,0.0030224001966416836,0.00025694072246551514,0.12866143882274628,1.1335437477555388e-07,,,,
645,0.014981993474066257,0.0003160288943184381,78.58396288601216,0.29446133971214294,0.004837249871343374,0.0014956267550587654,1.7041569662978873e-05,2.4194916477426887e-05,0.05153827741742134,0.029140161350369453,0.0,0.016075268387794495,0.0003174734301865101,0.1286347657442093,3.2442932251797174e-07,,,,
646,0.013211769051849842,0.0003146898402565197,78.70664967899211,0.5467870235443115,0.004745676182210445,0.0016131277661770582,1.122547109844163e-05,3.036119233001955e-05,0.02725101262331009,0.02638683281838894,0.0,0.01055896282196045,0.000165760560776107,0.12861287593841553,4.1479870560579e-07,,,,
647,0.011153358034789562,0.00031335286187097214,78.82991310703801,0.8603986501693726,0.004260225221514702,0.0014774464070796967,4.5020380639471114e-05,7.671114872209728e-06,0.013265043497085571,0.01835515722632408,0.0,0.011549634858965874,0.0002037388039752841,0.12859782576560974,2.7394107746658847e-06,,,,
648,0.01503121666610241,0.00031201797235723265,78.95339127402985,0.6238704919815063,0.005151010118424892,0.001677730935625732,9.390989362145774e-06,1.6323421732522547e-05,0.024460813030600548,0.026211131364107132,0.0,0.037474051117897034,0.00023416036856360734,0.12858209013938904,0.00018700145301409066,,,,
649,0.013622123748064041,0.00031068518489012144,79.07988870801637,0.2634302079677582,0.00469331257045269,0.0017231220845133066,1.4281616131484043e-05,6.0875854615005665e-06,0.024697870016098022,0.029691729694604874,0.0,0.01665911264717579,0.00011310081754345447,0.12860603630542755,1.4648463775301934e-07,,,,
650,0.013368843123316765,0.0003093545126237132,79.20353281998541,0.24572131037712097,0.0047068120911717415,0.001590746222063899,9.669394785305485e-06,7.616413313371595e-06,0.035224977880716324,0.026002459228038788,0.0,0.008667722344398499,6.281848618527874e-05,0.12861287593841553,0.00032136731897480786,6.8768421782546,9.637205005293056,1.4753088730366404,1.1116908201177906
651,0.010782156139612198,0.0003080259686912058,79.36178785999073,0.510168731212616,0.005280011333525181,0.0015681962249800563,1.8558137526270002e-05,8.929155228543095e-06,0.011955447494983673,0.010287735611200333,0.0,0.005769955925643444,4.589977106661536e-05,0.12859782576560974,1.338136826234404e-06,,,,
652,0.012738275341689587,0.0003066995662047912,79.48703395301709,0.25691741704940796,0.005170909687876701,0.0014328242978081107,1.1558894584595691e-05,9.399978807778098e-06,0.029817014932632446,0.024544358253479004,0.0,0.007890214212238789,2.2652817278867587e-05,0.12856225669384003,1.114259248424787e-06,,,,
653,0.014729220420122147,0.0003053753182555267,79.60873770399485,0.42487120628356934,0.005103138275444508,0.001491720788180828,7.15503756509861e-06,9.817837963055354e-06,0.010758181102573872,0.04443565383553505,0.0,0.022488858550786972,0.00023735979630146176,0.12851302325725555,1.1218774034205126e-06,,,,
654,0.011495440267026424,0.0003040532379132052,79.73407662601676,1.2516257762908936,0.0051610395312309265,0.001631094142794609,1.5982375771272928e-05,1.198231620946899e-05,0.021706167608499527,0.007835961878299713,0.0,0.009026170708239079,0.0003421616565901786,0.12846994400024414,1.7213883438671473e-06,,,,
655,0.014952383935451508,0.00030273333822622564,79.86656537803356,1.7627819776535034,0.004701429046690464,0.001829257933422923,4.8680514737498015e-05,4.357346551842056e-05,0.04147251695394516,0.022282658144831657,0.0,0.02307708002626896,8.505349978804588e-05,0.1284036487340927,6.966913588257739e-07,,,,
656,0.011950385756790638,0.0003014156322214651,79.99132756999461,1.4810131788253784,0.0049089426174759865,0.0015127802034839988,1.523232913314132e-05,4.296529368730262e-05,0.012094676494598389,0.013339418917894363,0.0,0.012098523788154125,0.0007615898502990603,0.12835580110549927,3.589379673485382e-07,,,,
657,0.012478153221309185,0.0003001001329041497,80.11631717102136,0.8956961631774902,0.004780149552971125,0.0016717429971322417,1.8504091713111848e-05,7.335637747019064e-06,0.02140669710934162,0.020875848829746246,0.0,0.012332092970609665,0.00019210026948712766,0.12831753492355347,1.1793151770689292e-06,,,,
658,0.01126878522336483,0.00029878685325772684,80.23879454302369,0.3238162100315094,0.0044350638054311275,0.001374855637550354,1.1842918866022956e-05,8.763960067881271e-06,0.018278177827596664,0.01168118230998516,0.0,0.017006944864988327,0.0008157242555171251,0.12828610837459564,1.5568982689728728e-06,,,,
659,0.012841661460697651,0.00029747580624373655,80.36287731601624,0.6341974139213562,0.004955580923706293,0.001453549601137638,1.3473330909619108e-05,5.487614089361159e-06,0.007491987198591232,0.02822844684123993,0.0,0.015228432603180408,0.0007008214597590268,0.12826424837112427,1.4203973250914714e-06,,,,
660,0.012141083367168903,0.00029616700480168337,80.49188038200373,0.9841486215591431,0.00441316282376647,0.0014510186156257987,3.08140879496932e-05,2.1046091205789708e-05,0.004454206209629774,0.02600378915667534,0.0,0.01920124888420105,0.0003949457313865423,0.12825332581996918,9.308382686867844e-07,,,,
661,0.013990812003612518,0.000294860461848909,80.61769957700744,1.1495208740234375,0.004906961694359779,0.0018196653109043837,3.062026735278778e-05,1.812935806810856e-05,0.03280958533287048,0.02538975328207016,0.0,0.009031416848301888,0.00019726554455701262,0.12824375927448273,4.873797365689825e-07,,,,
662,0.010493368841707706,0.00029355619028046526,80.74257537099766,0.971352756023407,0.005476861260831356,0.001568648382090032,1.5612215065630153e-05,8.93943797564134e-06,0.006025032605975866,0.0063334801234304905,0.0,0.004980102181434631,0.0003213668242096901,0.12822873890399933,4.947930847265525e-07,,,,
663,0.012048210017383099,0.00029225420296898584,80.86513540701708,0.6031373739242554,0.004681204911321402,0.001287960447371006,1.9488968973746523e-05,1.4277973605203442e-05,0.017328161746263504,0.01792425848543644,0.0,0.029081761837005615,0.0002120888966601342,0.1282048374414444,1.9863868772063142e-07,,,,
664,0.010675480589270592,0.0002909545127645595,80.98727845499525,0.2686432898044586,0.004633671138435602,0.0013791726669296622,8.330634955200367e-06,7.211170668597333e-06,0.008378541097044945,0.017262432724237442,0.0,0.014612588100135326,0.00012297095963731408,0.12819936871528625,1.0752430625871057e-06,,,,
665,0.012010326609015465,0.0002896571324946045,81.1133679850027,0.8243799209594727,0.004751155618578196,0.001351847779005766,2.551986472099088e-05,1.4892084436723962e-05,0.02361859753727913,0.020934171974658966,0.0,0.012159371748566628,0.00013738611596636474,0.1281938999891281,3.460074367467314e-06,,,,
666,0.010877953842282295,0.00028836207496374,81.23727065901039,1.0760709047317505,0.004220308270305395,0.0015935134142637253,1.1015550626325421e-05,2.943755498563405e-05,0.008036897517740726,0.018382105976343155,0.0,0.006638573482632637,0.0003656809567473829,0.12817341089248657,2.486507355570211e-07,,,,
667,0.012781505472958088,0.0002870693529536611,81.36071566899773,0.9409940242767334,0.005081731826066971,0.0014746238011866808,4.7409463149961084e-05,1.4643053873442113e-05,0.03974952548742294,0.011671814136207104,0.0,0.014105476438999176,0.0001414865255355835,0.1281297206878662,4.5367823986453004e-07,,,,
668,0.010831148363649845,0.0002857789792230118,81.4870093659847,0.6715840101242065,0.0041960738599300385,0.001317734713666141,1.1872265531565063e-05,4.467327380552888e-05,0.012091413140296936,0.01449187844991684,0.0,0.012579320929944515,0.0006221129442565143,0.12809012830257416,1.220765170728555e-06,,,,
669,0.011968323029577732,0.0002844909665072604,81.60909690102562,0.6017318367958069,0.004230962600558996,0.0012295106425881386,9.71050849329913e-06,2.8018406737828627e-05,0.025442084297537804,0.022515058517456055,0.0,0.015629667788743973,0.00046738534001633525,0.12805189192295074,5.193303422856843e-07,,,,
670,0.012037293054163456,0.00028320532751857186,81.73450318299001,1.1908499002456665,0.004374105017632246,0.001492748036980629,4.153611371293664e-05,1.4951866432966199e-05,0.033453576266765594,0.01636751927435398,0.0,0.011014830321073532,0.00012422731379047036,0.12801572680473328,3.9758782577337115e-07,,,,
671,0.013474689796566963,0.00028192207494568447,81.86079272598727,1.7776695489883423,0.004908868111670017,0.002001184970140457,1.3797378414892592e-05,1.5772806364111602e-05,0.02525297924876213,0.016291609033942223,0.0,0.018757767975330353,0.000309640949126333,0.1279754638671875,4.3578447161962686e-07,,,,
672,0.011050271801650524,0.00028064122145378265,81.98380294203525,1.9370756149291992,0.004452521447092295,0.0014329703990370035,5.414872066467069e-05,4.490024730330333e-05,0.02236514911055565,0.010689765214920044,0.0,0.006448546424508095,0.00010236745583824813,0.12794135510921478,1.3495173334376886e-06,,,,
673,0.010914410464465618,0.00027936277968437366,82.10784006502945,1.32975172996521,0.004514588043093681,0.0014539975672960281,5.253573908703402e-05,3.664473842945881e-05,0.013587701134383678,0.013957598246634007,0.0,0.005088538397103548,0.0001401982590323314,0.1279045194387436,2.3477339254895924e-06,,,,
674,0.011863010004162788,0.0002780867622551614,82.23107879603049,0.7496950030326843,0.004670708905905485,0.0015794539358466864,2.6212974262307398e-05,1.569068081153091e-05,0.010411685332655907,0.01329775620251894,0.0,0.031829383224248886,4.445599188329652e-05,0.12786222994327545,2.0924335331073962e-07,,,,
675,0.010054645128548145,0.00027681318175992264,82.35587271500845,0.45170825719833374,0.004351111128926277,0.001333998516201973,1.791810427675955e-05,8.434528353973292e-06,0.014344276860356331,0.012104139663279057,0.0,0.011949083767831326,0.00011862754763569683,0.12784108519554138,4.598994962634606e-07,7.1580523221522485,10.068783299361167,1.3063250438039358,0.6953939945230716
676,0.011694211512804031,0.0002755420507683828,82.50903787900461,0.5402190685272217,0.004658345598727465,0.0016904630465433002,1.2753513146890327e-05,6.008757736708503e-06,0.02444746159017086,0.013803685083985329,0.0,0.011021970771253109,0.0001838064199546352,0.12782131135463715,1.8488865407562116e-06,,,,
677,0.010004241019487381,0.00027427338182609186,82.63591069803806,0.49937254190444946,0.00422277394682169,0.0013771214289590716,1.1654061381705105e-05,6.496383321064059e-06,0.015945516526699066,0.015519263222813606,0.0,0.004645222797989845,0.00013626241707243025,0.12780426442623138,1.898842469927331e-07,,,,
678,0.010910086333751678,0.00027300718745429983,82.76516583899502,0.16742950677871704,0.004300140775740147,0.0013369384687393904,1.2744303603540175e-05,8.302746209665202e-06,0.024694886058568954,0.016727477312088013,0.0,0.008272262290120125,0.0002765070821624249,0.12778380513191223,2.0216531027017481e-07,,,,
679,0.011287162080407143,0.0002717434801498338,82.89309472800232,0.8130314350128174,0.004425734281539917,0.0014299806207418442,1.6512914953636937e-05,1.4026994904270396e-05,0.027250071987509727,0.009744800627231598,0.0,0.020134499296545982,0.0002201303723268211,0.12776198983192444,4.466642167244572e-06,,,,
680,0.01157093234360218,0.0002704822723849751,83.01712530798977,1.0314922332763672,0.004563421942293644,0.0014605892356485128,8.128664376272354e-06,5.354342283681035e-05,0.01497462298721075,0.015175496228039265,0.0,0.01383934635668993,0.0003835155803244561,0.12775039672851562,9.685754776000977e-08,,,,
681,0.011632305569946766,0.000269223576607335,83.14068403001875,0.8501476049423218,0.00460511539131403,0.0013128792634233832,2.607481656013988e-05,1.1608654858719092e-05,0.03250633180141449,0.014675822108983994,0.0,0.012166215106844902,0.00019444836652837694,0.12774904072284698,1.1915961977138068e-06,,,,
682,0.011006767861545086,0.00026796740523973243,83.26809256401611,0.8290730714797974,0.004315534606575966,0.0013605275889858603,1.1400984476495069e-05,1.3429164937406313e-05,0.010753237642347813,0.01909543015062809,0.0,0.01325451023876667,0.00048292026622220874,0.12774153053760529,1.283847041122499e-06,,,,
683,0.012225941754877567,0.00026671377068007197,83.39743333903607,0.6427167654037476,0.004417357034981251,0.0013813730329275131,2.2647320292890072e-05,1.516561951575568e-05,0.015284515917301178,0.03278755024075508,0.0,0.004298308398574591,0.00028137839399278164,0.1277381330728531,6.958780431887135e-07,,,,
684,0.012375732883810997,0.0002654626853012207,83.53256451699417,0.7614808082580566,0.004191459622234106,0.0013734031235799193,9.977647096093278e-06,8.287467608170118e-06,0.04238440468907356,0.023624908179044724,0.0,0.006042995490133762,0.00034255144419148564,0.12772108614444733,6.826346066191036e-07,,,,
685,0.011267158202826977,0.000264214161450886,83.65993449400412,1.982503056526184,0.004341768100857735,0.0012520692544057965,7.800268940627575e-05,6.26155742793344e-05,0.006968893110752106,0.019553204998373985,0.0,0.009952172636985779,8.53587407618761e-05,0.127701997756958,6.348826104840555e-07,,,,
686,0.011085628531873226,0.00026296821145149415,83.7890793600236,1.7832152843475342,0.0046801334246993065,0.0013790195807814598,2.597275306470692e-05,2.2704109142068774e-05,0.022988121956586838,0.011927568353712559,0.0,0.008425472304224968,6.292528269113973e-05,0.12767064571380615,0.000206654891371727,,,,
687,0.00960860587656498,0.0002617248476000689,83.91609407198848,0.4734601378440857,0.0049061900936067104,0.0013114603934809566,1.3122325981385075e-05,8.60095678945072e-06,0.017523018643260002,0.004751456901431084,0.0,0.0069986432790756226,3.246253982069902e-05,0.12763793766498566,9.334024753115955e-07,,,,
688,0.009687214158475399,0.00026048408216810924,84.04787488299189,1.3913140296936035,0.00423996988683939,0.0013456929009407759,1.2221305041748565e-05,1.9703020370798185e-05,0.006295454688370228,0.012603916227817535,0.0,0.008833092637360096,0.0002913549542427063,0.12760931253433228,8.321864015670144e-07,,,,
689,0.01129127386957407,0.00025924592740146933,84.17211000301177,2.359344720840454,0.0046393983066082,0.001356063294224441,9.272933675674722e-05,5.9952893934678286e-05,0.006273929495364428,0.010745184496045113,0.0,0.01475367322564125,0.00015815236838534474,0.12758684158325195,1.2891181313534616e-06,,,,
690,0.01260259561240673,0.00025801039552023655,84.3119513639831,1.7673968076705933,0.00395857822149992,0.001445459434762597,1.266060189664131e-05,3.920250674127601e-05,0.006131810136139393,0.035288162529468536,0.0,0.01460734661668539,0.0005406989366747439,0.12757116556167603,4.2255348375874746e-07,,,,
691,0.013358806259930134,0.0002567774987186121,84.44256553601008,0.953512966632843,0.004838171415030956,0.0014020160306245089,1.5642564903828315e-05,6.645198936894303e-06,0.03466714173555374,0.027636289596557617,0.0,0.016486424952745438,4.4181724661029875e-05,0.12755686044692993,6.792508315811574e-07,,,,
692,0.012031404301524162,0.00025554724916478945,84.56835738598602,0.4033636450767517,0.004170337691903114,0.00138784758746624,8.616156264906749e-06,1.3228170246293303e-05,0.031451515853405,0.01778125949203968,0.0,0.02427215315401554,0.00017401612421963364,0.12754936516284943,1.0538908554735826e-06,,,,
693,0.01130690984427929,0.0002543196590008351,84.69532575801713,0.4642288386821747,0.004632709547877312,0.001340542919933796,8.740143130125944e-06,1.0406920409877785e-05,0.02047814056277275,0.02394837886095047,0.0,0.0038287355564534664,6.203016528161243e-05,0.12754936516284943,1.8823582195182098e-06,,,,
694,0.012028024531900883,0.000253094740342568,84.82248802098911,0.853085994720459,0.004833973478525877,0.0013710325583815575,2.572995435912162e-05,9.853065421339124e-06,0.014493840746581554,0.029082998633384705,0.0,0.004401009529829025,0.00011355087190167978,0.12753847241401672,2.025303956543212e-06,,,,
695,0.010509426705539227,0.00025187250527944143,84.95424425601959,0.5503571629524231,0.0044385166838765144,0.0013670034240931273,7.378981536021456e-06,1.583120319992304e-05,0.01491946168243885,0.014950146898627281,0.0,0.0064415475353598595,0.00016617230721749365,0.12751054763793945,0.0002480538096278906,,,,
696,0.010406694374978542,0.00025065296587442176,85.07777288503712,0.3404874801635742,0.004455826710909605,0.0013182954862713814,8.700448233867064e-06,1.5348257875302806e-05,0.018023399636149406,0.01135625597089529,0.0,0.013439817354083061,0.00023687655630055815,0.12746219336986542,6.636605007770413e-07,,,,
697,0.010229350998997688,0.0002494361341638703,85.20443856401835,0.9835565686225891,0.004606482572853565,0.00135627924464643,2.250132820336148e-05,6.716346888424596e-06,0.024205217137932777,0.008199511095881462,0.0,0.0063590253703296185,0.00014150748029351234,0.1274220198392868,1.041243535837566e-06,,,,
698,0.011464039795100689,0.00024822202215742524,85.33507090003695,0.762337327003479,0.004426313564181328,0.0012100145686417818,9.930116902978625e-06,2.5916267986758612e-05,0.013843310996890068,0.024631310254335403,0.0,0.013872182928025723,0.00028259033570066094,0.1273750364780426,3.611420993365755e-07,,,,
699,0.012714620679616928,0.00024701064183788165,85.4701657120022,0.4975682497024536,0.004450419917702675,0.001394685823470354,8.46733291837154e-06,9.92196328297723e-06,0.044977154582738876,0.018330346792936325,0.0,0.014009444043040276,0.0003810821508523077,0.1273321658372879,1.560648286158539e-07,,,,
700,0.012430722825229168,0.00024580200516107414,85.59622538503027,1.2739943265914917,0.004120636731386185,0.0015143153723329306,4.712730151368305e-05,3.0370214517461136e-05,0.03795183449983597,0.014800714328885078,0.0,0.014734426513314247,0.0002638573059812188,0.12730629742145538,9.312977340414363e-07,6.23769068396819,8.750329286448595,1.1801746486483968,1.051571600787038
701,0.009971448220312595,0.00024459612405575886,85.76040303299669,0.6284586787223816,0.004767221864312887,0.001197540550492704,8.752626854402479e-06,7.878665201133117e-06,0.012717600911855698,0.009779387153685093,0.0,0.01263259444385767,0.0002699421893339604,0.12729132175445557,1.5129026564864034e-07,,,,
702,0.010845774784684181,0.00024339301042349573,85.88502713298658,0.8390037417411804,0.0038257790729403496,0.0011581757571548223,1.2071650417055935e-05,1.0329411452403292e-05,0.018891068175435066,0.016640717163681984,0.0,0.026412568986415863,0.00042166351340711117,0.1272858828306198,1.4300644579634536e-06,,,,
703,0.011402809992432594,0.00024219267613853038,86.00734478898812,1.9637459516525269,0.004330512136220932,0.001330532948486507,2.9498352887458168e-05,3.1839710572967306e-05,0.025506868958473206,0.017473194748163223,0.0,0.008613803423941135,0.00021331757307052612,0.12729813158512115,3.882721102854703e-06,,,,
704,0.010425997897982597,0.00024099513304767762,86.14981152903056,1.9074541330337524,0.004169757012277842,0.001170056639239192,6.321180262602866e-05,4.11801811424084e-05,0.030291350558400154,0.009267203509807587,0.0,0.0041148061864078045,9.656616020947695e-05,0.12730833888053894,1.3059565162620856e-06,,,,
705,0.011638217605650425,0.00023980039297020407,86.27797902899329,0.38192975521087646,0.004085952416062355,0.001144674140959978,9.261148079531267e-06,8.971449460659642e-06,0.03985414281487465,0.02215759828686714,0.0,0.012129943817853928,0.0001381707697873935,0.1273069828748703,1.4886261112678767e-07,,,,
706,0.012157534249126911,0.00023860846769771215,86.40605517703807,1.4027910232543945,0.005173171870410442,0.001332235406152904,2.2315591195365414e-05,2.748486258496996e-05,0.0148758040741086,0.017209360376000404,0.0,0.02104426734149456,0.00017570576164871454,0.12730902433395386,1.9328917915117927e-06,,,,
707,0.010490990243852139,0.0002374193689940233,86.5364380319952,1.9411957263946533,0.003838615259155631,0.0014501590048894286,3.10304130834993e-05,5.0425973313394934e-05,0.0112373698502779,0.016657374799251556,0.0,0.006730224937200546,0.0002449130406603217,0.12732671201229095,1.1365799537088606e-06,,,,
708,0.01069728471338749,0.00023623310859506133,86.66135316400323,0.5438854098320007,0.00428869528695941,0.0011107935570180416,1.875590896815993e-05,1.2777669326169416e-05,0.027219686657190323,0.020512303337454796,0.0,0.0047778114676475525,9.245592082152143e-05,0.12734372913837433,7.62144679811172e-07,,,,
709,0.010778512805700302,0.00023504969820873777,86.78669353300938,1.6598178148269653,0.003730875439941883,0.00137049937620759,4.4707514462061226e-05,2.1060437575215474e-05,0.03171595558524132,0.0178596843034029,0.0,0.0023628058843314648,2.8731232305290177e-05,0.12734577059745789,2.976767973450478e-06,,,,
710,0.010400328785181046,0.0002338691495148352,86.90839184401557,2.175872325897217,0.004135469906032085,0.0010199848329648376,3.662552990135737e-05,0.00011284470383543521,0.03374461457133293,0.0059779249131679535,0.0,0.005271267145872116,5.242821134743281e-05,0.12733760476112366,1.8347922150496743e-06,,,,
711,0.011900732293725014,0.0002326914741648927,87.03255666798213,0.5084131956100464,0.004603808280080557,0.0012839609989896417,1.6554178728256375e-05,9.884277460514568e-06,0.026055458933115005,0.026185020804405212,0.0,0.005918476730585098,0.00011971569620072842,0.12732262909412384,3.8019695125512953e-07,,,,
712,0.01077816728502512,0.00023151668378209006,87.15826916601509,1.2366873025894165,0.004157343413680792,0.001213705400004983,5.22320915479213e-05,1.4862881471344735e-05,0.01996450126171112,0.010553020983934402,0.0,0.02097761072218418,8.834438631311059e-05,0.1273035705089569,0.000204407493583858,,,,
713,0.01128222607076168,0.00023034478996113487,87.28071084298426,1.4781217575073242,0.004419307690113783,0.0013157346984371543,8.656994396005757e-06,3.111015394097194e-05,0.012400888837873936,0.02465423196554184,0.0,0.007786734029650688,0.00023123304708860815,0.12729540467262268,4.445202534952841e-07,,,,
714,0.011057375930249691,0.00022917580426814563,87.40407561400207,0.6823976039886475,0.004035583697259426,0.0011636281851679087,2.9135442673577927e-05,5.081876679469133e-06,0.020156975835561752,0.02484999969601631,0.0,0.009374306537210941,6.642892549280077e-05,0.12727636098861694,0.0001970931771211326,,,,
715,0.011518261395394802,0.00022800973824053903,87.52868962503271,0.20001816749572754,0.004216070286929607,0.0012190768029540777,1.862218778114766e-05,7.366777481365716e-06,0.05473030358552933,0.010939370840787888,0.0,0.009677212685346603,0.000162316850037314,0.1272675096988678,2.52791977572997e-07,,,,
716,0.010050161741673946,0.00022684660338691633,87.65468027401948,0.6706798076629639,0.004196117632091045,0.0011597666889429092,1.3715284694626462e-05,2.4237127945525572e-05,0.022786986082792282,0.011234727688133717,0.0,0.011101190000772476,0.00020955625222995877,0.12726207077503204,2.8582911681951373e-07,,,,
717,0.010150980204343796,0.00022568641118694878,87.78236485901289,0.5859233140945435,0.0042528193444013596,0.0011920164106413722,2.069635047519114e-05,6.341120752040297e-06,0.026429040357470512,0.014168599620461464,0.0,0.003966828342527151,0.00017788223340176046,0.12725730240345,1.9594840523495805e-06,,,,
718,0.010287869721651077,0.0002245291730912649,87.90708459902089,0.19784702360630035,0.004064301028847694,0.0010445329826325178,1.39371213663253e-05,5.765872629126534e-06,0.027100756764411926,0.016586247831583023,0.0,0.008104072883725166,9.389383922098204e-05,0.12724709510803223,0.00029746536165475845,,,,
719,0.009550128132104874,0.00022337490052133763,88.03244586801156,0.7974541187286377,0.004196519032120705,0.0011415237095206976,1.477473688282771e-05,1.3324488463695161e-05,0.01063439529389143,0.01467155758291483,0.0,0.01107520330697298,0.00010897793981712312,0.12723961472511292,7.174226084316615e-07,,,,
720,0.01005962397903204,0.00022222360486937138,88.15676727099344,0.5815000534057617,0.0039708055555820465,0.0013620227109640837,1.2463928214856423e-05,1.0633200872689486e-05,0.010972395539283752,0.019396286457777023,0.0,0.0071069104596972466,0.00016219992539845407,0.1272321343421936,7.766981866552669e-07,,,,
721,0.01065627671778202,0.00022107529749818935,88.27984003501479,0.23046736419200897,0.004289555829018354,0.0011746961390599608,8.549721314921044e-06,8.27910662337672e-06,0.015462301671504974,0.02382044494152069,0.0,0.007479814346879721,0.0001910124410642311,0.12722600996494293,1.6517441281393985e-06,,,,
722,0.009193147532641888,0.00021992998974112158,88.4033767899964,0.2612225115299225,0.003974441904574633,0.001195628778077662,8.914405952964444e-06,7.961375558807049e-06,0.01725289784371853,0.012134515680372715,0.0,0.00792762916535139,5.819793659611605e-05,0.12722259759902954,7.916179924905009e-07,,,,
723,0.011224621906876564,0.00021878769290189322,88.53002490301151,0.28127312660217285,0.0041137319058179855,0.001234318595379591,9.559292266203556e-06,1.1102240932814311e-05,0.026309432461857796,0.02402457222342491,0.0,0.009046636521816254,0.00013754474639426917,0.12722192704677582,6.09414087193727e-07,,,,
724,0.012443171814084053,0.00021764841825451292,88.65395386202727,0.5489081144332886,0.004318420309573412,0.0013254274381324649,9.168224096356425e-06,1.1135241948068142e-05,0.04722173139452934,0.020198946818709373,0.0,0.013790974393486977,7.197988452389836e-05,0.12722055613994598,1.1315383972032578e-06,,,,
725,0.010070880874991417,0.00021651217704316185,88.77662995900027,0.2831813097000122,0.004033382050693035,0.0011836166959255934,7.56534245738294e-06,1.0648894203768577e-05,0.015036731958389282,0.02060134895145893,0.0,0.005949364975094795,0.00025082333013415337,0.12721240520477295,6.476417411249713e-07,6.238338626758276,8.75099652354458,1.0538426583739153,1.181952042017811
726,0.00987466610968113,0.00021537898048208155,88.92754242900992,0.16573163866996765,0.003992097917944193,0.0011073871282860637,7.228167305584066e-06,1.0104140528710559e-05,0.026806946843862534,0.013663540594279766,0.0,0.01168590597808361,7.416860898956656e-05,0.12719811499118805,2.107775344484253e-06,,,,
727,0.008350837975740433,0.00021424883975546506,89.05391126102768,0.3368009030818939,0.003971276804804802,0.0011132941581308842,1.1548574548214674e-05,9.19333251658827e-06,0.01571345329284668,0.008298002183437347,0.0,0.0034911634866148233,2.796604167087935e-05,0.1271858662366867,3.7180879530751554e-07,,,,
728,0.009066760540008545,0.0002131217660173448,89.18077755899867,0.5597438812255859,0.0037331406492739916,0.0011175652034580708,6.7693868004425894e-06,1.1308489774819463e-05,0.018755102530121803,0.010440547950565815,0.0,0.011293930932879448,0.00024184718495234847,0.1271606981754303,2.197294179495657e-06,,,,
729,0.010213150642812252,0.00021199777039148366,89.30370436998783,0.3969738483428955,0.0038132942281663418,0.0012822503922507167,1.8946298951050267e-05,7.890294000389986e-06,0.013801945373415947,0.02001342922449112,0.0,0.011453289538621902,0.0001754557597450912,0.12713757157325745,2.915846835094271e-07,,,,
730,0.009284218773245811,0.00021087686397126435,89.42938995803706,0.4799146354198456,0.004085248801857233,0.0012151575647294521,1.36636972456472e-05,5.045430953032337e-06,0.017491940408945084,0.013563033193349838,0.0,0.0031601227819919586,6.495813431683928e-05,0.1271151304244995,5.826788651575043e-07,,,,
731,0.00911298394203186,0.00020975905781958124,89.55757031502435,0.7946673631668091,0.0037971509154886007,0.0012202871730551124,1.0673531505744904e-05,2.1352843759814277e-05,0.011826513335108757,0.013004008680582047,0.0,0.008014397695660591,0.00013469938130583614,0.12708522379398346,7.637031558260787e-07,,,,
732,0.010054678656160831,0.00020864436296872958,89.68216475303052,0.3742055594921112,0.00403439998626709,0.0013447020901367068,1.1030295354430564e-05,6.654234312009066e-06,0.009485574439167976,0.018816519528627396,0.0,0.011966977268457413,6.81833116686903e-05,0.12705326080322266,4.513443855103105e-06,,,,
733,0.010052782483398914,0.00020753279042029748,89.80991695303237,0.27188640832901,0.004069884307682514,0.0012066725175827742,1.2027541743009351e-05,4.838625955017051e-06,0.02886434644460678,0.015750795602798462,0.0,0.0042224000208079815,4.280172288417816e-05,0.12702606618404388,1.6472798733957461e-06,,,,
734,0.010561029426753521,0.00020642435114505707,89.94218005001312,0.3973834216594696,0.0037099511828273535,0.001308271661400795,8.163134225469548e-06,9.823302207223605e-06,0.03396161273121834,0.016185499727725983,0.0,0.009891806170344353,0.00011617562267929316,0.1269948035478592,2.788690096622304e-07,,,,
735,0.009878921322524548,0.00020531905608285687,90.0687024720246,0.20813840627670288,0.0042692627757787704,0.0011228442890569568,1.125237213273067e-05,5.482026608660817e-06,0.02228093147277832,0.013671220280230045,0.0,0.006302240304648876,0.0002723806828726083,0.1269635409116745,1.000569568532228e-06,,,,
736,0.009460339322686195,0.00020421691614251248,90.2046421149862,0.714529275894165,0.004150399472564459,0.0011365521932020783,2.400056109763682e-05,9.853541996562853e-06,0.03304726630449295,0.0055902935564517975,0.0,0.004023152403533459,0.00015856302343308926,0.1269315928220749,2.4951995669653115e-07,,,,
737,0.008605876937508583,0.00020311794220170045,90.32843552302802,0.42356085777282715,0.0037850358057767153,0.0011025893036276102,7.280808404175332e-06,1.1243125300097745e-05,0.01640409789979458,0.008664258755743504,0.0,0.009187995456159115,0.00015093656838871539,0.12689490616321564,6.561131158377975e-06,,,,
738,0.009431307204067707,0.00020202214510684998,90.45510124700377,0.3630532920360565,0.003788973204791546,0.001033168751746416,7.56564031689777e-06,1.3660031072504353e-05,0.017446331679821014,0.01330427173525095,0.0,0.014435101300477982,0.00031070588738657534,0.12686364352703094,1.6703455685274093e-06,,,,
739,0.009295974858105183,0.00020092953567303585,90.58080167003209,0.6153690814971924,0.003935894463211298,0.0013334602117538452,1.2280564988031983e-05,6.494504759757547e-06,0.009354464709758759,0.017560578882694244,0.0,0.0021260434295982122,4.796354187419638e-05,0.12683512270450592,5.279667902868823e-07,,,,
740,0.010083256289362907,0.00019984012468387215,90.7050355229876,0.37432730197906494,0.003479127772152424,0.0010840896284207702,8.547314791940153e-06,1.0228724931948818e-05,0.019524674862623215,0.0177749115973711,0.0,0.023604294285178185,0.00018688003183342516,0.12680183351039886,5.674859266946441e-07,,,,
741,0.009942521341145039,0.00019875392289140528,90.83041904802667,0.20616254210472107,0.003656464396044612,0.0012753093615174294,8.558795343560632e-06,6.534303793159779e-06,0.019723443314433098,0.022185029461979866,0.0,0.002721070311963558,0.00011546620225999504,0.12678146362304688,1.5302560996133252e-06,,,,
742,0.01054671872407198,0.00019767094101600857,90.953332427016,0.6658972501754761,0.004214501474052668,0.0010469341650605202,1.6106636394397356e-05,7.740356522845104e-06,0.02149570733308792,0.0210136529058218,0.0,0.010385525412857533,0.000176338100573048,0.1267583668231964,1.3546895161198336e-06,,,,
743,0.011231176555156708,0.00019659118974627615,91.07648493099259,0.6032072305679321,0.003857936942949891,0.0010666134767234325,8.5096344264457e-06,1.2601811249624006e-05,0.020290885120630264,0.02809629775583744,0.0,0.009596062824130058,0.00027517369017004967,0.12673664093017578,0.0003230109577998519,,,,
744,0.00954446755349636,0.00019551467973891689,91.20302863500547,0.14316168427467346,0.003925723023712635,0.001123598194681108,1.1105278645118233e-05,6.478446266555693e-06,0.02211015298962593,0.01589236781001091,0.0,0.0028499318286776543,0.00023078986851032823,0.12672170996665955,9.57089241637732e-07,,,,
745,0.009078682400286198,0.00019444142161864988,91.3269802230061,0.9028574228286743,0.003917766269296408,0.0010919132037088275,1.6258556570392102e-05,7.803424523444846e-06,0.0097383176907897,0.015471572987735271,0.0,0.009931309148669243,7.746137271169573e-05,0.1267026960849762,1.6667135014358792e-06,,,,
746,0.008387919515371323,0.00019337142597809973,91.45200771698728,0.7149431109428406,0.0038127757143229246,0.0010249186307191849,1.216520740854321e-05,1.8874074157793075e-05,0.007538264617323875,0.013874631375074387,0.0,0.0035679645370692015,0.0001445351226720959,0.12668301165103912,9.20382660751784e-07,,,,
747,0.010330802761018276,0.00019230470337769126,91.57810777903069,0.40025922656059265,0.003940574824810028,0.0011497874511405826,8.471036380797159e-06,1.038060690916609e-05,0.018696999177336693,0.021449321880936623,0.0,0.007417157292366028,0.0001776247809175402,0.12666399776935577,0.0001472077565267682,,,,
748,0.009189710952341557,0.0001912412643455457,91.69979478802998,0.7848074436187744,0.0039624860510230064,0.0010653319768607616,2.1590858523268253e-05,6.87206193106249e-06,0.0058465697802603245,0.01863718405365944,0.0,0.004892007447779179,0.00028442457551136613,0.12664566934108734,2.1369507408053323e-07,,,,
749,0.010463840328156948,0.0001901811193773775,91.82414802303538,0.04854235425591469,0.004083725623786449,0.0011221356689929962,1.1816264304798096e-05,7.544281288573984e-06,0.022758176550269127,0.015211204066872597,0.0,0.02040247805416584,0.00013574116746895015,0.12661851942539215,7.244634048220178e-07,,,,
750,0.009465659037232399,0.00018912427893638914,91.95062387100188,1.0396965742111206,0.003801442449912429,0.0010701499413698912,7.30616466171341e-06,2.165395926567726e-05,0.028770986944437027,0.012363340705633163,0.0,0.003298909869045019,0.00026694044936448336,0.12660494446754456,9.418342301614757e-07,5.968327998596119,8.324115708961257,1.8330616847995571,0.7360954983384356
751,0.009361247532069683,0.0001880707534531692,92.10948677203851,1.165732979774475,0.004062790889292955,0.0011615644907578826,3.493115582386963e-05,1.1002681276295334e-05,0.014397636987268925,0.00903276912868023,0.0,0.013651728630065918,8.268635428976268e-05,0.12658661603927612,9.716923159430735e-07,,,,
752,0.009510685689747334,0.00018702055332558864,92.23385428002803,0.25975000858306885,0.0037273778580129147,0.0011713928543031216,1.1634234397206455e-05,7.5742113949672785e-06,0.011858017183840275,0.01451181247830391,0.0,0.015104670077562332,0.00017351729911752045,0.126575767993927,0.00014902811381034553,,,,
753,0.010120968334376812,0.0001859736889186991,92.35625272500329,1.5063999891281128,0.0037656512577086687,0.001033836742863059,2.042376399913337e-05,3.950400059693493e-05,0.030919978395104408,0.016917455941438675,0.0,0.0035161348059773445,0.0001474404416512698,0.12657441198825836,7.999812510206539e-07,,,,
754,0.010011568665504456,0.00018493017056462935,92.48164718702901,1.0144755840301514,0.004084649495780468,0.001098983339034021,2.3437612981069833e-05,1.0302353985025547e-05,0.027459751814603806,0.014452681876718998,0.0,0.007433504797518253,7.469159754691646e-05,0.12657169997692108,3.5932907849201e-07,,,,
755,0.00929719302803278,0.00018389000856248455,92.60885332000908,0.43108928203582764,0.003950248938053846,0.001075470121577382,1.4672863471787423e-05,5.997158950776793e-06,0.009525180794298649,0.01751704327762127,0.0,0.011408035643398762,5.876363138668239e-05,0.12657032907009125,5.604855232377304e-06,,,,
756,0.010984878987073898,0.0001828532131782434,92.73900206503458,0.7755380868911743,0.003755135927349329,0.0011289468966424465,1.16138398880139e-05,1.816099938878324e-05,0.022291965782642365,0.029324177652597427,0.0,0.008467589505016804,7.630146865267307e-05,0.12657372653484344,8.301313982883585e-07,,,,
757,0.01113138534128666,0.00018181979464465805,92.86761405703146,0.40098071098327637,0.004192208405584097,0.0010273351799696684,8.749679182074033e-06,1.1661431017273571e-05,0.021891284734010696,0.02883800119161606,0.0,0.00957108661532402,9.65359213296324e-05,0.12657983601093292,3.602045239858853e-07,,,,
758,0.010679894126951694,0.00018078976316115213,92.99648875900311,0.9159502387046814,0.00382059533149004,0.0010109280701726675,2.4453596779494546e-05,8.551984137739055e-06,0.014438229613006115,0.023788489401340485,0.0,0.02460893988609314,4.8721456550993025e-05,0.12659069895744324,8.67831317918899e-07,,,,
759,0.010520406998693943,0.0001797631288937204,93.1218509490136,0.2398069053888321,0.003833192866295576,0.0010229882318526506,1.1629716027528048e-05,1.0934547390206717e-05,0.02029121294617653,0.025519557297229767,0.0,0.011176533997058868,0.00016260394477285445,0.12661783397197723,1.0293410923623014e-06,,,,
760,0.009907416999340057,0.00017873990197482867,93.24741246603662,0.33804455399513245,0.00420786440372467,0.0012098834849894047,8.619233085482847e-06,1.6611373212072067e-05,0.02497921511530876,0.010640089400112629,0.0,0.006571373902261257,3.48570138157811e-05,0.12664973735809326,0.0002244344650534913,,,,
761,0.009491566568613052,0.0001777200925033138,93.37501157203224,0.2419660985469818,0.0037849596701562405,0.0011574081145226955,1.048168087436352e-05,1.0854520951397717e-05,0.018375471234321594,0.013540683314204216,0.0,0.013177786022424698,0.00011804403038695455,0.1266721487045288,1.981829655051115e-06,,,,
762,0.009397582150995731,0.00017670371054428333,93.50766569498228,0.696291983127594,0.0036800778470933437,0.0009710005251690745,1.9899071048712358e-05,8.136494216159917e-06,0.009320264682173729,0.022096386179327965,0.0,0.012266324833035469,7.81141861807555e-05,0.12669454514980316,1.3716580724576488e-06,,,,
763,0.01002847496420145,0.0001756907661290167,93.63595159602119,0.21804864704608917,0.0034469219390302896,0.0010983662214130163,7.513727723562624e-06,7.899850970716216e-06,0.034245800226926804,0.02215198054909706,0.0,0.002452718559652567,5.2535378927132115e-05,0.12672442197799683,1.3019206335229683e-06,,,,
764,0.009795403108000755,0.00017468126925486668,93.76210552098928,0.4271216094493866,0.004299393389374018,0.0010415258584544063,8.469095519103575e-06,1.1059520147682633e-05,0.013950396329164505,0.01981138437986374,0.0,0.006776941474527121,7.168813317548484e-05,0.126748189330101,1.7304844277532538e-06,,,,
765,0.009189669042825699,0.00017367522988515977,93.88622095499886,0.16856497526168823,0.0040137069299817085,0.0010864408686757088,9.769093594513834e-06,6.7732999013969675e-06,0.024407390505075455,0.0068589611910283566,0.0,0.01510253269225359,4.89129415655043e-05,0.12676991522312164,5.81375047659094e-07,,,,
766,0.009009819477796555,0.0001726726579490982,94.00835304398788,0.5069308876991272,0.003562338650226593,0.0009604200604371727,1.0468541404407006e-05,7.620338692504447e-06,0.022474998608231544,0.018106559291481972,0.0,0.00489573972299695,3.854739770758897e-05,0.1267963945865631,1.2140598073528963e-06,,,,
767,0.010734833776950836,0.00017167356334166233,94.13449671200942,0.5475575923919678,0.003193233162164688,0.0009508153307251632,9.046469131135382e-06,1.1180811270605773e-05,0.050445813685655594,0.018780725076794624,0.0,0.016718784347176552,7.16844224371016e-05,0.1268167793750763,2.8939607545908075e-06,,,,
768,0.011422786861658096,0.00017067795592351278,94.26158262300305,0.23926301300525665,0.00433761952444911,0.0010543765965849161,9.287556167691946e-06,6.903504072397482e-06,0.020341143012046814,0.02989369072020054,0.0,0.0113398851826787,0.00010912833386100829,0.12684258818626404,5.112309281685157e-06,,,,
769,0.010868317447602749,0.0001696858455208927,94.38660907902522,0.18972058594226837,0.0038754798006266356,0.0011264237109571695,1.3211569239501841e-05,7.281047146534547e-06,0.03336663171648979,0.020347725600004196,0.0,0.010788112878799438,0.00016502442304044962,0.12686772644519806,6.635052045567136e-07,,,,
770,0.009622287005186081,0.000168697241925531,94.5117136380286,0.160477414727211,0.00396446418017149,0.0010839495807886124,1.1118774636997841e-05,9.233197488356382e-06,0.026875890791416168,0.014490267261862755,0.0,0.0035752516705542803,0.0001858356990851462,0.12689965963363647,2.0839088392676786e-06,,,,
771,0.01031336560845375,0.00016771215489454647,94.63551847502822,0.38066744804382324,0.0037713644560426474,0.0010504660895094275,1.050699756888207e-05,8.807677659206092e-06,0.03181908652186394,0.02027018368244171,0.0,0.004855822771787643,0.00011412037565605715,0.12692750990390778,0.00014611167716793716,,,,
772,0.010270263068377972,0.00016673059415035,94.75774826301495,0.6932405829429626,0.003968489356338978,0.0013211959740146995,1.073269777407404e-05,2.017910264839884e-05,0.026105163618922234,0.00950729288160801,0.0,0.015928879380226135,0.00016953558952081949,0.12694790959358215,1.349132503492001e-06,,,,
773,0.008096753619611263,0.00016575256938055024,94.88412283099024,0.19775740802288055,0.003514061216264963,0.0009240926010534167,9.909301297739148e-06,6.220707291504368e-06,0.02912203036248684,0.0056338831782341,0.0,0.006320699118077755,0.00010993483738275245,0.12697577476501465,7.724388524366077e-07,,,,
774,0.010168863460421562,0.00016477809023785647,95.00803228199948,0.6497430205345154,0.004227275960147381,0.0011335094459354877,1.3383085388340987e-05,8.5787341959076e-06,0.033716827630996704,0.012898940593004227,0.0,0.005977350287139416,5.1588373025879264e-05,0.12700363993644714,1.7549407402839279e-06,,,,
775,0.00967997033149004,0.00016380716633998467,95.13093902799301,0.7065529823303223,0.0037312509957700968,0.0013513248413801193,8.471658475173172e-06,1.1849018846987747e-05,0.012482672929763794,0.02067655324935913,0.0,0.00368964159861207,3.8820926420157775e-05,0.1270226687192917,7.48280513107602e-07,5.86320722944756,8.214723145804905,1.1994769244578172,1.0519973598028054
776,0.010094092227518559,0.00016283980726956174,95.29096104099881,0.31154727935791016,0.004140362609177828,0.00106281996704638,7.948789971123915e-06,8.896673534763977e-06,0.026808416470885277,0.017237277701497078,0.0,0.008331294171512127,5.134294769959524e-05,0.12703830003738403,5.400490863394225e-07,,,,
777,0.010073714889585972,0.000161876022574031,95.41303939302452,0.7883263826370239,0.004033105913549662,0.0009513454278931022,1.3148210200597532e-05,6.346249392663594e-06,0.040754079818725586,0.010604765266180038,0.0,0.013811644166707993,2.648617919476237e-05,0.12703967094421387,6.844724111942924e-07,,,,
778,0.009608617052435875,0.00016091582176555816,95.53899611800443,0.20259834825992584,0.004017595201730728,0.0010375212877988815,9.170526027446613e-06,9.933230103342794e-06,0.033469073474407196,0.006657161749899387,0.0,0.01605461724102497,5.4947064199950546e-05,0.12704510986804962,1.0484022823220585e-06,,,,
779,0.009223094210028648,0.00015995921432093802,95.66507872601505,0.8678819537162781,0.004330489318817854,0.0010152739705517888,1.1005247870343737e-05,2.3721506295260042e-05,0.016085706651210785,0.011101292446255684,0.0,0.007419728673994541,0.00010163943807128817,0.12705665826797485,6.909606327099027e-07,,,,
780,0.010003471747040749,0.00015900620968149957,95.7890524790273,0.600805401802063,0.0035610035993158817,0.0009584700455889106,1.760742634360213e-05,7.063706107146572e-06,0.04157794639468193,0.015971917659044266,0.0,0.007978366687893867,7.64365031500347e-05,0.12706278264522552,3.102794607912074e-07,,,,
781,0.009746844880282879,0.0001580568172530138,95.91552571003558,0.3748771846294403,0.0036515877582132816,0.0010568469297140837,1.4761148122488521e-05,7.319932592508849e-06,0.030514657497406006,0.019044524058699608,0.0,0.0028943954966962337,5.677892477251589e-05,0.12706686556339264,2.0016607322759228e-06,,,,
782,0.008822642266750336,0.0001571110464056009,96.0403797570034,0.47250497341156006,0.003614370245486498,0.0009544735075905919,6.983841558394488e-06,1.3023964129388332e-05,0.020177384838461876,0.0168958380818367,0.0,0.004293178673833609,5.818819045089185e-05,0.12706618010997772,8.812794476398267e-07,,,,
783,0.008853512816131115,0.00015616890647363721,96.16842278698459,0.48396679759025574,0.003541145473718643,0.0011435345513746142,8.84965993463993e-06,9.534325727145188e-06,0.01798420399427414,0.016420021653175354,0.0,0.0008432610775344074,0.000130682805320248,0.12706482410430908,3.3559274470462697e-07,,,,
784,0.010706773959100246,0.00015523040675566335,96.29231656400952,0.9646181464195251,0.00357363885268569,0.0010378577280789614,2.283917274326086e-05,9.549348760629073e-06,0.029972152784466743,0.02704314887523651,0.0,0.006918083876371384,5.591553053818643e-05,0.12705938518047333,1.7319309790764237e-06,,,,
785,0.010275458917021751,0.00015429555651429278,96.42037406301824,0.3598082959651947,0.003672665450721979,0.0011180734727531672,9.81454741122434e-06,1.3689421393792145e-05,0.033750277012586594,0.01632017083466053,0.0,0.003607815830036998,0.00020249754015821964,0.12705734372138977,0.0003021300944965333,,,,
786,0.00867972057312727,0.0001533643649761201,96.545526892005,0.6232359409332275,0.0034759712871164083,0.0010336681734770536,8.341415195900481e-06,1.855381196946837e-05,0.008928444236516953,0.015779726207256317,0.0,0.01173338107764721,0.00012781386612914503,0.12704713642597198,1.5355212781287264e-06,,,,
787,0.008640395477414131,0.00015243684133162976,96.67052178399172,0.5489485263824463,0.003472470212727785,0.0009891549125313759,1.1160302165080793e-05,6.8220883804315235e-06,0.023855574429035187,0.012748961336910725,0.0,0.007637460250407457,3.2660234865034e-05,0.1270376294851303,5.452396862892783e-07,,,,
788,0.007756699807941914,0.00015151299473510564,96.79674608603818,0.2733602821826935,0.0034597308840602636,0.0009089966188184917,1.0362895409343764e-05,6.493533874163404e-06,0.0247819684445858,0.007406819611787796,0.0,0.0027912596706300974,6.393154035322368e-05,0.12702538073062897,1.1134271460377931e-07,,,,
789,0.007817273959517479,0.0001505928343045405,96.92127878702013,0.45216405391693115,0.0036524245515465736,0.0010459990007802844,8.555582098779269e-06,6.2489793890563305e-06,0.01034105196595192,0.010335669852793217,0.0,0.0025960952043533325,0.00011669826926663518,0.12700974941253662,6.728805601596832e-07,,,,
790,0.00903361663222313,0.00014967636912154654,97.0532133920351,0.06472156941890717,0.0033500955905765295,0.0009571189875714481,9.613077963877004e-06,6.540663889609277e-06,0.03620317205786705,0.010750571265816689,0.0,0.011054350063204765,4.236672248225659e-05,0.1269880086183548,4.58055495755616e-07,,,,
791,0.008346514776349068,0.00014876360823126516,97.1798252260196,0.6278975009918213,0.0036510657519102097,0.0009419123525731266,1.1385225661797449e-05,8.028399861359503e-06,0.022573431953787804,0.010270863771438599,0.0,0.004855444189161062,9.097083238884807e-05,0.12696829438209534,1.0175817806157283e-06,,,,
792,0.009979389607906342,0.0001478545606422777,97.30296382500092,0.7692467570304871,0.0034482700284570456,0.0010141984093934298,1.1726045158866327e-05,1.2101026186428498e-05,0.03158346563577652,0.015130287036299706,0.0,0.017931630834937096,0.00014836440095677972,0.12695130705833435,3.530830099407467e-07,,,,
793,0.008510340936481953,0.00014694923532651699,97.4281098539941,0.37018606066703796,0.0034290484618395567,0.0009794497163966298,8.979250196716748e-06,5.985340067127254e-06,0.01055852696299553,0.020210949704051018,0.0,0.0019466199446469545,1.7208101780852303e-05,0.12694451212882996,0.00018224235100205988,,,,
794,0.00865777488797903,0.00014604764121917835,97.55184808798367,0.27556973695755005,0.0033447151072323322,0.0008655695128254592,8.688966772751883e-06,6.99269185133744e-06,0.030662089586257935,0.013704645447432995,0.0,0.006520829163491726,6.784318975405768e-05,0.12693430483341217,7.157400432333816e-07,,,,
795,0.009580266661942005,0.00014514978721863166,97.67604065098567,0.31065478920936584,0.003510933369398117,0.0010302287992089987,8.615146725787781e-06,8.140166755765676e-06,0.0352899394929409,0.015110722742974758,0.0,0.006775368936359882,9.944658086169511e-05,0.12692344188690186,6.150206672828062e-07,,,,
796,0.009508173912763596,0.0001442556821863331,97.79814194800565,0.5030708909034729,0.003651383565738797,0.0011725988006219268,8.795746907708235e-06,9.18309797270922e-06,0.02164464071393013,0.01524052768945694,0.0,0.006998981814831495,0.0002479475806467235,0.12691935896873474,7.025400350357813e-07,,,,
797,0.008829141035676003,0.00014336533494673894,97.92374824703438,0.8223371505737305,0.0030336615163832903,0.0010957171907648444,2.0382864022394642e-05,8.609599717601668e-06,0.014248854480683804,0.020652256906032562,0.0,0.0057419706135988235,0.00012188016262371093,0.12691731750965118,5.55832002646639e-07,,,,
798,0.00787937268614769,0.00014247875428721667,98.048150120012,0.2027503252029419,0.003547902684658766,0.0011873863404616714,8.368489034182858e-06,1.1336718671373092e-05,0.01016866136342287,0.007784752175211906,0.0,0.0024114137049764395,0.00022303572040982544,0.1269146054983139,2.2153619738674024e-06,,,,
799,0.007920550182461739,0.00014159594895795952,98.17224189901026,0.5824402570724487,0.0032056099735200405,0.0008054500794969499,6.292115358519368e-06,1.7581958672963083e-05,0.026427697390317917,0.008970670402050018,0.0,0.007089047692716122,0.00016532534209545702,0.1269071251153946,1.6175209793800605e-07,,,,
800,0.009410466067492962,0.0001407169276718996,98.29662678402383,0.27651074528694153,0.0034232677426189184,0.0011402094969525933,9.570843758410774e-06,8.288914614240639e-06,0.019181841984391212,0.02215525135397911,0.0,0.0030181067995727062,7.556466152891517e-05,0.1269003301858902,1.9476439661048062e-07,5.698123786622454,7.988258999963491,1.296703699502636,0.7539592597688434
801,0.01132702175527811,0.0001398416991046223,98.45801436400507,0.4552198648452759,0.0033754087053239346,0.0010319745633751154,1.1937656381633133e-05,7.250381713674869e-06,0.043128855526447296,0.027777448296546936,0.0,0.011028788983821869,8.250153041444719e-05,0.12688878178596497,7.651808573427843e-07,,,,
802,0.009160342626273632,0.00013897027189428,98.58317195501877,0.3186822533607483,0.0036143141333013773,0.0010116958292201161,9.336259608971886e-06,5.112153303343803e-06,0.03197406977415085,0.014607012271881104,0.0,0.003503672080114484,1.4004370314069092e-05,0.12687791883945465,2.6823145162779838e-06,,,,
803,0.009552867151796818,0.00013810265464150762,98.71146293298807,0.217791348695755,0.0034229811280965805,0.0009740767418406904,8.983676707430277e-06,6.104871772549814e-06,0.015018601901829243,0.025111878290772438,0.0,0.012104323133826256,3.4877892176155e-05,0.12686501443386078,1.770059384398337e-06,,,,
804,0.007531743496656418,0.00013723885590933728,98.83713267999701,0.16504284739494324,0.0037072442937642336,0.0009750283206813037,9.461869922233745e-06,5.671623512171209e-06,0.012253117747604847,0.00818461924791336,0.0,0.002030451549217105,6.316266080830246e-05,0.12685617804527283,4.4828902900917456e-07,,,,
805,0.011175470426678658,0.0001363788842231136,98.96122584701516,0.302816241979599,0.0035960457753390074,0.0010552960447967052,8.822727068036329e-06,6.0481288528535515e-06,0.031357310712337494,0.03190689906477928,0.0,0.007734962739050388,4.7280267608584836e-05,0.1268446296453476,6.943134280845698e-07,,,,
806,0.010789923369884491,0.0001355227480704099,99.08879892900586,0.5107712149620056,0.004167298786342144,0.0010263826698064804,1.0769394975795876e-05,1.265351238544099e-05,0.04008986055850983,0.013608208857476711,0.0,0.01601090095937252,4.189241008134559e-05,0.12683579325675964,1.0427461347717326e-06,,,,
807,0.00987057201564312,0.00013467045590094437,99.21937558503123,0.1499021053314209,0.0033418319653719664,0.0008248353260569274,9.844508895184845e-06,9.773473720997572e-06,0.024526741355657578,0.027908094227313995,0.0,0.009588045068085194,5.8375961089041084e-05,0.12683852016925812,1.126105644289055e-06,,,,
808,0.007676811423152685,0.00013382201612649664,99.3512537900242,0.2863730192184448,0.003458551596850157,0.0009115556022152305,1.4682994333270472e-05,9.205330570694059e-06,0.004524019546806812,0.014171059243381023,0.0,0.0066820355132222176,5.138041888130829e-05,0.12684394419193268,6.323804768726404e-07,,,,
809,0.008848734200000763,0.00013297743712082489,99.47886592603754,0.19731497764587402,0.0036662232596427202,0.0010168066946789622,1.3711345673073083e-05,9.170327757601626e-06,0.02378694899380207,0.012481357902288437,0.0,0.004558864049613476,0.0001264589955098927,0.12684869766235352,1.3467731605487643e-06,,,,
810,0.009189299307763577,0.00013213672721958288,99.60433960100636,0.13480281829833984,0.0035506421700119972,0.000841981905978173,1.2619703738891985e-05,1.4529078725900035e-05,0.031055739149451256,0.014289496466517448,0.0,0.008778607472777367,0.00013439965550787747,0.12685073912143707,1.2874043022748083e-06,,,,
811,0.009190189652144909,0.0001312998947202378,99.73181764001492,0.25657716393470764,0.0033189309760928154,0.0010128485737368464,1.8149008610635065e-05,1.2192247595521621e-05,0.01778111793100834,0.019331399351358414,0.0,0.00579570047557354,0.00030214956495910883,0.12685278058052063,1.165289404525538e-06,,,,
812,0.00798762310296297,0.00013046694788198873,99.85658055503154,0.6707680821418762,0.0031068148091435432,0.0008650664240121841,2.2261923732003197e-05,6.563349415955599e-06,0.025249196216464043,0.008823197335004807,0.0,0.008958800695836544,0.00014244322665035725,0.1268554925918579,4.042188663788693e-07,,,,
813,0.009610521607100964,0.00012963789492568466,99.98408234503586,0.31728070974349976,0.003190741641446948,0.0008399867219850421,8.834135769575369e-06,1.3422262782114558e-05,0.024754326790571213,0.02836703509092331,0.0,0.0027611644472926855,0.00017760571790859103,0.12686432898044586,2.9369567755566095e-07,,,,
814,0.009403935633599758,0.00012881274403374332,100.11123001598753,0.3551572263240814,0.0034842242021113634,0.000997884082607925,8.593484380980954e-06,1.2648742995224893e-05,0.025281386449933052,0.020738696679472923,0.0,0.003198063699528575,8.479790267301723e-05,0.12686976790428162,2.0105887870158767e-06,,,,
815,0.010313926264643669,0.00012799150335007136,100.23986892402172,0.1837346851825714,0.0038883632514625788,0.0009282985702157021,9.870959729596507e-06,4.615103989635827e-06,0.015140717849135399,0.029382703825831413,0.0,0.011241002008318901,3.945790740544908e-05,0.1268731653690338,4.1748711510081193e-07,,,,
816,0.008630231022834778,0.00012717418097998246,100.36259465100011,0.5192614197731018,0.0034584428649395704,0.0008131588692776859,1.1459679626568686e-05,8.565795724280179e-06,0.0295281819999218,0.01454522181302309,0.0,0.00531015545129776,2.060728547803592e-05,0.12687452137470245,1.2956249975104583e-06,,,,
817,0.011090567335486412,0.0001263607849901185,100.4877908169874,0.3627496361732483,0.0037937036249786615,0.0010222875280305743,9.279265213990584e-06,8.122502549667843e-06,0.03621484339237213,0.026329385116696358,0.0,0.008098592981696129,0.0001014055305859074,0.12687452137470245,1.3813254327033064e-06,,,,
818,0.008418163284659386,0.00012555132340836948,100.6136026540189,0.7437604665756226,0.0031531162094324827,0.0010159302037209272,1.1167863704031333e-05,1.0281770300935023e-05,0.01683790795505047,0.01818034052848816,0.0,0.004115223418921232,2.5808771169977263e-05,0.1268724799156189,3.1987826787371887e-07,,,,
819,0.010093031451106071,0.00012474580422379455,100.73765761801042,0.5106272101402283,0.003624560544267297,0.001051005208864808,1.027197049552342e-05,6.535723514389247e-06,0.021331707015633583,0.022878924384713173,0.0,0.012854766100645065,7.359585288213566e-05,0.12687043845653534,7.002925030974438e-07,,,,
820,0.009303725324571133,0.00012394423538654263,100.86553881398868,0.4764525890350342,0.003628222271800041,0.001068644691258669,8.833573701849673e-06,5.8587411331245676e-06,0.015388878993690014,0.020682210102677345,0.0,0.007314031478017569,5.897898518014699e-05,0.12687519192695618,2.070131586151547e-06,,,,
821,0.008219100534915924,0.0001231466248077748,100.99669927702053,0.4035227298736572,0.0037361294962465763,0.0011052966583520174,8.22563288238598e-06,1.5854358935030177e-05,0.01583271101117134,0.006776541471481323,0.0,0.007372973021119833,6.660334474872798e-05,0.126876562833786,1.593244576270081e-07,,,,
822,0.007765326648950577,0.00012235298035958526,101.12344804499298,0.5749512314796448,0.0033485712483525276,0.0011212731478735805,7.385116532532265e-06,1.8130813259631395e-05,0.01629742980003357,0.006647462956607342,0.0,0.0035431976430118084,0.00013294763630256057,0.12687791883945465,2.4466030481562484e-06,,,,
823,0.00881397258490324,0.00012156330987492448,101.25350119703216,0.5061933398246765,0.003534210380166769,0.0009995780419558287,1.578840601723641e-05,6.678553290839773e-06,0.030609458684921265,0.01042078249156475,0.0,0.003712649689987302,0.00016984017565846443,0.12687791883945465,1.0349849617341533e-06,,,,
824,0.008948790840804577,0.00012077762114752125,101.38313391502015,0.55323326587677,0.002889972412958741,0.001030576415359974,1.612381856830325e-05,6.615116035391111e-06,0.029205167666077614,0.0146018136292696,0.0,0.013577649369835854,4.378378071123734e-05,0.126876562833786,2.942048240583972e-07,,,,
825,0.008773270063102245,0.00011999592193180604,101.51971070101717,0.6593661904335022,0.0033088859636336565,0.001275304821319878,8.229309969465248e-06,1.0428468158352189e-05,0.020187892019748688,0.008997563272714615,0.0,0.010451224632561207,0.00016800480079837143,0.12688063085079193,5.985051529933116e-07,5.698183016202279,7.974957673829016,1.1708335469165114,1.142981955776495
826,0.00911426916718483,0.00011921821994283457,101.67810789099894,0.3427971601486206,0.003187422174960375,0.000977753079496324,7.36315769245266e-06,9.360132025904022e-06,0.02454615943133831,0.015187285840511322,0.0,0.014538420364260674,0.00020345192751847208,0.12688811123371124,8.098036232695449e-07,,,,
827,0.008760263212025166,0.00011844452285621166,101.81253654498141,0.5943057537078857,0.0029303317423909903,0.000878866936545819,1.8998724044649862e-05,8.02487375040073e-06,0.033388253301382065,0.012797308154404163,0.0,0.012417089194059372,0.0001047478144755587,0.1269044131040573,3.116701918770559e-07,,,,
828,0.009162576869130135,0.00011767483830801509,101.93956398701994,0.4460674524307251,0.0034447391517460346,0.0009358684765174985,1.2365310794848483e-05,6.970556569285691e-06,0.03515268489718437,0.012524139136075974,0.0,0.009374087676405907,4.646179877454415e-05,0.12692275643348694,6.052293315406132e-07,,,,
829,0.008775753900408745,0.00011690917389472043,102.06573567900341,0.8285549879074097,0.0032294478733092546,0.0008446971187368035,1.0272382496623322e-05,1.8061651644529775e-05,0.015716668218374252,0.018708616495132446,0.0,0.010532908141613007,0.0002631833776831627,0.12694382667541504,1.0445713627404984e-07,,,,
830,0.0075112152844667435,0.00011614753717312668,102.19435639603762,0.3993037939071655,0.0029603566508740187,0.0008711062255315483,6.875086000945885e-06,1.188022542919498e-05,0.023001957684755325,0.007683016359806061,0.0,0.010057329200208187,7.086940604494885e-05,0.12696896493434906,1.989000793400919e-06,,,,
831,0.009360479190945625,0.0001153899356602806,102.32062421401497,0.8524896502494812,0.003287715371698141,0.0010834833374246955,1.6248166502919048e-05,1.115444229071727e-05,0.02609248273074627,0.01824987679719925,0.0,0.006410050671547651,5.4417458159150556e-05,0.12699207663536072,2.4652729280205676e-07,,,,
832,0.0094591761007905,0.00011463637683340301,102.44785616802983,0.3631637692451477,0.003263984341174364,0.0009925676276907325,1.1734009603969753e-05,6.997434866207186e-06,0.03826862573623657,0.0177466943860054,0.0,0.0030268910340964794,5.114510713610798e-05,0.12701110541820526,5.139621407579398e-06,,,,
833,0.007301250007003546,0.00011388686812981586,102.57693328999449,0.6353358626365662,0.0030736138578504324,0.0009569504181854427,1.0277362889610231e-05,1.382564369123429e-05,0.014806726016104221,0.008072459138929844,0.0,0.003966643009334803,4.3671869207173586e-05,0.1270267516374588,0.00015609251568093896,,,,
834,0.008279829286038876,0.00011314141694686715,102.70421492599417,0.508454442024231,0.0037222581449896097,0.0009838201804086566,1.0077319529955275e-05,1.0143433428311255e-05,0.010711707174777985,0.015015622600913048,0.0,0.0034610675647854805,5.020082608098164e-05,0.1270403414964676,2.7939057645198773e-07,,,,
835,0.009356948547065258,0.00011240003064185916,102.83672417199705,0.4487805962562561,0.003624353790655732,0.001127899158746004,1.0770139851956628e-05,6.484921868832316e-06,0.033337149769067764,0.011383352801203728,0.0,0.0068339635618031025,2.996441071445588e-05,0.12704986333847046,3.3957266509787587e-07,,,,
836,0.008229122497141361,0.00011166271653197525,102.97514630603837,0.4513886272907257,0.003410845994949341,0.0009998301975429058,1.0812786058522761e-05,7.80778646003455e-06,0.012900290079414845,0.010888991877436638,0.0,0.014327578246593475,5.403960676630959e-05,0.12705938518047333,1.018078478409734e-06,,,,
837,0.008667320013046265,0.00011092948189420829,103.10155837703496,0.3245098292827606,0.0033994573168456554,0.0010417294688522816,7.849622306821402e-06,1.211766357300803e-05,0.026965221390128136,0.007181493099778891,0.0,0.014503288082778454,6.534432031912729e-05,0.12707433104515076,7.379241537819325e-07,,,,
838,0.008741828612983227,0.00011020033396528789,103.2365389050101,0.4956798851490021,0.003178330836817622,0.000973532150965184,8.024077033041976e-06,1.4847080819890834e-05,0.03205937147140503,0.01306540984660387,0.0,0.004642756190150976,0.00011840051593026146,0.1270933747291565,5.804437250844785e-07,,,,
839,0.009927719831466675,0.00010947527994160992,103.37220814300235,0.29803216457366943,0.0035761704202741385,0.0009662999655120075,1.2648062693187967e-05,6.882544312247774e-06,0.035582285374403,0.015052767470479012,0.0,0.012754468247294426,0.00017378755728714168,0.12710902094841003,6.320451575447805e-07,,,,
840,0.009584525600075722,0.00010875432697916476,103.50033879600232,0.43107274174690247,0.00382543564774096,0.0009902382735162973,1.5344774510595016e-05,6.557666893058922e-06,0.03580335155129433,0.014013677835464478,0.0,0.003612186759710312,5.9802187024615705e-05,0.1271287351846695,5.13084273734421e-07,,,,
841,0.008315988816320896,0.00010803748219346721,103.63086084002862,0.0887407585978508,0.003344564000144601,0.0008034572820179164,1.1242637810937595e-05,1.0071285032609012e-05,0.028850704431533813,0.012722540646791458,0.0,0.004052725154906511,0.00010577449575066566,0.1271464228630066,1.0249267461404088e-06,,,,
842,0.008923882618546486,0.00010732475265948582,103.75858993298607,0.6613373160362244,0.0031121468637138605,0.0009818888502195477,7.2048605943564326e-06,1.2884827810921706e-05,0.027247799560427666,0.01646484062075615,0.0,0.005081391893327236,0.0002558664418756962,0.12716206908226013,1.0890265684793121e-06,,,,
843,0.008874081075191498,0.00010661614541157327,103.8874211939983,0.26400214433670044,0.003432964440435171,0.0010484647937119007,9.970042810891755e-06,7.4490490078460425e-06,0.03450533002614975,0.007935861125588417,0.0,0.008357442915439606,0.00010514570021769032,0.12717430293560028,9.520601338408596e-07,,,,
844,0.008875071071088314,0.00010591166744339711,104.02211118803825,0.4602155089378357,0.0034733859356492758,0.0008888141601346433,1.257304938917514e-05,7.026382263575215e-06,0.03441118448972702,0.013938603922724724,0.0,0.002236535307019949,7.213209028122947e-05,0.1271892637014389,2.4961927920230664e-06,,,,
845,0.008711723610758781,0.00010521132570787058,104.16283546900377,0.24201525747776031,0.0034079852048307657,0.0009711346356198192,1.0585662494122516e-05,9.923925972543657e-06,0.03255816549062729,0.008319804444909096,0.0,0.009835956618189812,7.558256766060367e-05,0.1272001564502716,1.9045546650886536e-06,,,,
846,0.00869098212569952,0.00010451512711708378,104.29408428800525,0.5886795520782471,0.0035460232757031918,0.0009733556653372943,9.553878044243902e-06,1.1823161912616342e-05,0.03850002586841583,0.0069468384608626366,0.0,0.003161503467708826,7.731257210252807e-05,0.12721240520477295,2.1917248886893503e-06,,,,
847,0.009167737327516079,0.00010382307854223562,104.43417895503808,0.1549254059791565,0.0032093687914311886,0.0008776998147368431,9.011222573462874e-06,8.096516467048787e-06,0.03699484467506409,0.014463866129517555,0.0,0.011538869701325893,3.0881321436027065e-05,0.1272212415933609,7.165347142290557e-07,,,,
848,0.010025824420154095,0.00010313518681356635,104.56617931602523,0.49025431275367737,0.003096796805039048,0.0010508964769542217,1.1274249118287116e-05,7.3773499025264755e-06,0.027020081877708435,0.027804411947727203,0.0,0.0063211070373654366,6.516465509776026e-05,0.12723349034786224,8.200979095818184e-07,,,,
849,0.009228161536157131,0.00010245145872028952,104.6931556200143,0.23918958008289337,0.0028911929111927748,0.0009277326753363013,8.783203156781383e-06,6.304101589194033e-06,0.012095632962882519,0.03342200815677643,0.0,0.0037446608766913414,6.802517600590363e-05,0.12724436819553375,1.1449121757323155e-06,,,,
850,0.00860125944018364,0.00010177190101052528,104.81993533903733,0.4882889688014984,0.0031194554176181555,0.0011048710439354181,8.532413630746305e-06,9.773181773198303e-06,0.01196235790848732,0.02210879698395729,0.0,0.0022527214605361223,3.9274629671126604e-05,0.12725390493869781,8.451255553154624e-07,5.760912505333374,8.068578730764628,1.257544990911889,0.9834158343058854
851,0.008853555656969547,0.00010109652039123391,104.98081852000905,0.15228711068630219,0.0032972146291285753,0.0008841363596729934,1.0249170372844674e-05,8.182955752999987e-06,0.025427931919693947,0.014267189428210258,0.0,0.013401109725236893,0.00010763354657683522,0.12725934386253357,6.821751412644517e-07,,,,
852,0.010175555944442749,0.00010042532352814968,105.10540186101571,0.40465593338012695,0.0032641661819070578,0.0009159594192169607,1.4886725693941116e-05,6.604240752494661e-06,0.03545460104942322,0.02736552432179451,0.0,0.002448895713314414,0.00010491669672774151,0.12727023661136627,6.48020431981422e-07,,,,
853,0.007748454809188843,9.975831704571447e-05,105.23328449903056,0.20240531861782074,0.0032386432867497206,0.001119013293646276,1.3962092452857178e-05,8.989758498501033e-06,0.012554376386106014,0.006063610780984163,0.0,0.008239678107202053,0.0002682669146452099,0.1272784024477005,6.564147838616918e-07,,,,
854,0.008356400765478611,9.909550752701293e-05,105.36116120201768,0.2695672810077667,0.0032830042764544487,0.0008229725062847137,9.052067980519496e-06,1.2704890650638845e-05,0.01784253492951393,0.01526984479278326,0.0,0.008003306575119495,0.0002617307472974062,0.12728656828403473,1.5880167438808712e-06,,,,
855,0.008215932175517082,9.843690151370759e-05,105.49150494701462,0.15697816014289856,0.0035599954426288605,0.0009937991853803396,8.137008990161121e-06,8.557955879950896e-06,0.020137662068009377,0.007825703360140324,0.0,0.008437640964984894,0.00016100765787996352,0.12729813158512115,1.7472356148573454e-06,,,,
856,0.00841843243688345,9.77825055059737e-05,105.61686224798905,0.08503132313489914,0.0035777718294411898,0.0010360557353124022,1.1452291801106185e-05,6.8910521804355085e-06,0.026511726900935173,0.007902350276708603,0.0,0.003314714413136244,0.0001748627400957048,0.12731173634529114,1.385069253956317e-06,,,,
857,0.009149097837507725,9.713232596243588e-05,105.74560278700665,0.15424105525016785,0.003486276837065816,0.0008863179828040302,1.0203121746599209e-05,6.956096513022203e-06,0.028292490169405937,0.017976555973291397,0.0,0.004825847689062357,0.00013758237764704973,0.12732331454753876,1.1474516270482127e-07,,,,
858,0.008942035026848316,9.648636930010361e-05,105.88003366603516,0.1984534114599228,0.0034261054825037718,0.0010287085315212607,8.493907444062643e-06,5.577106549026212e-06,0.021965207532048225,0.014660623855888844,0.0,0.01018725335597992,0.00011657648428808898,0.12733352184295654,2.0779668830073206e-07,,,,
859,0.00895484909415245,9.584464189430842e-05,106.00686390703777,0.235415518283844,0.003073316067457199,0.0010020819026976824,7.696635293541476e-06,6.512814252346288e-06,0.030883170664310455,0.014544184319674969,0.0,0.010723316110670567,7.253522198880091e-05,0.12734781205654144,6.485420271928888e-07,,,,
860,0.00958726741373539,9.520715007864077e-05,106.13421655201819,0.0643729716539383,0.0032568478491157293,0.0010261575225740671,8.242865078500472e-06,5.529709596885368e-06,0.03697102516889572,0.01818273402750492,0.0,0.005733621306717396,5.763173976447433e-05,0.12736006081104279,1.8812465896189678e-06,,,,
861,0.008496281690895557,9.457390014488737e-05,106.26255813601892,0.41745075583457947,0.0033889482729136944,0.0009990385733544827,9.086229511012789e-06,7.80385744292289e-06,0.02609124779701233,0.013143548741936684,0.0,0.0012552787084132433,0.00012719706865027547,0.12737299501895905,4.103556420886889e-06,,,,
862,0.008584056049585342,9.39448983429694e-05,106.39096060901647,0.14576365053653717,0.003540272591635585,0.0009349851752631366,7.590006134705618e-06,6.145872248453088e-06,0.012026798911392689,0.017292499542236328,0.0,0.01011534035205841,7.238559192046523e-05,0.1273825317621231,3.300110620330088e-07,,,,
863,0.009381978772580624,9.33201508808809e-05,106.51416104001692,0.4702756404876709,0.003357426030561328,0.0008296199375763535,7.575343261123635e-06,6.300685981841525e-06,0.006914287805557251,0.031599096953868866,0.0,0.009259396232664585,0.00013004077482037246,0.12739409506320953,5.242786755843554e-07,,,,
864,0.008695464581251144,9.269966392462704e-05,106.64305954403244,0.21089868247509003,0.0034410017542541027,0.0011887645814567804,6.649469924013829e-06,7.244734661071561e-06,0.01691245660185814,0.012030552141368389,0.0,0.010333191603422165,4.478627670323476e-05,0.1274077147245407,4.6032795353312395e-07,,,,
865,0.008672010153532028,9.208344359816346e-05,106.76953549101017,0.3764188587665558,0.003938296344131231,0.0007555700722150505,9.083183613256551e-06,9.422374205314554e-06,0.02031570114195347,0.016118697822093964,0.0,0.004570412915199995,5.3030496928840876e-05,0.1274220198392868,8.900960324353946e-07,,,,
866,0.009002408012747765,9.147149598333617e-05,106.89906301302835,0.12757079303264618,0.003218352561816573,0.0008310458506457508,6.820712769695092e-06,1.0192036825174e-05,0.008638525381684303,0.031561657786369324,0.0,0.0030803107656538486,8.177188283298165e-05,0.12743358314037323,5.220870207267581e-07,,,,
867,0.010018409229815006,9.086382711982096e-05,107.02396193699678,0.3105212152004242,0.003015415510162711,0.0010251705534756184,1.2010697901132517e-05,6.911589935043594e-06,0.046587273478507996,0.016469819471240044,0.0,0.01113373413681984,0.0001000480042421259,0.12744243443012238,2.9063221518299542e-06,,,,
868,0.007709663826972246,9.026044300506416e-05,107.15139813302085,0.16946089267730713,0.0034708029124885798,0.0008984024170786142,1.4101235137786716e-05,8.306836207339074e-06,0.010142030194401741,0.014347242191433907,0.0,0.0010246812598779798,9.650782885728404e-05,0.12745334208011627,9.542084171698662e-07,,,,
869,0.007509198039770126,8.966134959422344e-05,107.27785425103502,0.2061362862586975,0.0032815055456012487,0.0009854210074990988,8.66133541421732e-06,1.1426217497501057e-05,0.016124453395605087,0.008155240677297115,0.0,0.003997776657342911,0.00010622259287629277,0.12746082246303558,6.563215606547601e-07,,,,
870,0.008630650117993355,8.906655280010894e-05,107.40019336802652,0.26220986247062683,0.002900754800066352,0.0009144629584625363,1.069993777491618e-05,1.1028136214008555e-05,0.03446640819311142,0.013780112378299236,0.0,0.00581712368875742,0.00015846334281377494,0.12746627628803253,5.572077498072758e-06,,,,
871,0.009007749147713184,8.84760584931249e-05,107.53097961103776,0.4236183762550354,0.0032975757494568825,0.0009783671703189611,1.6422469343524426e-05,7.5468669820111245e-06,0.010697976686060429,0.024738796055316925,0.0,0.005994515493512154,7.71588966017589e-05,0.12747035920619965,6.120093303252361e-07,,,,
872,0.008718022145330906,8.788987250121166e-05,107.66828281898052,0.10189653187990189,0.0032349161338061094,0.0010496035683900118,1.207379227707861e-05,8.573590093874373e-06,0.01465677097439766,0.02178388461470604,0.0,0.0022810036316514015,2.451224281685427e-05,0.12747512757778168,1.6136715430548065e-07,,,,
873,0.007126041688024998,8.730800060978826e-05,107.79285390698351,0.24485620856285095,0.0031135997269302607,0.0008618116262368858,9.182980647892691e-06,1.1996798093605321e-05,0.023610670119524002,0.0037941487971693277,0.0,0.005934083368629217,9.168022370431572e-05,0.1274758130311966,1.2126192814321257e-06,,,,
874,0.009898924268782139,8.673044856169541e-05,107.91898273699917,0.08557332307100296,0.0030082848388701677,0.000988714280538261,9.740693712956272e-06,8.310892553708982e-06,0.03467518463730812,0.024555936455726624,0.0,0.007447907701134682,4.010811971966177e-05,0.12747852504253387,3.3602989333303412e-06,,,,
875,0.00868176855146885,8.615722205713879e-05,108.04554643499432,0.14204370975494385,0.003240174613893032,0.0009748884476721287,1.0105606634169817e-05,7.751130397082306e-06,0.014814188703894615,0.02085071988403797,0.0,0.005619911942631006,7.84877483965829e-05,0.12748262286186218,5.02467173646437e-07,5.646157517530383,7.911296480713093,1.2226472586836625,0.9188517401659424
876,0.008130762726068497,8.558832675363237e-05,108.21112349402392,0.04539049044251442,0.0032806294038891792,0.0008757744799368083,1.0459349141456187e-05,8.571010766900145e-06,0.014414050616323948,0.01775519736111164,0.0,0.004015840124338865,8.321156201418489e-05,0.1274873912334442,5.665731919179962e-07,,,,
877,0.006651721429079771,8.502376826594335e-05,108.33570558798965,0.10189687460660934,0.0032100698444992304,0.0008285281946882606,8.199180228984915e-06,8.063552741077729e-06,0.008665073662996292,0.005802744533866644,0.0,0.008997036144137383,3.0416340450756252e-05,0.12749147415161133,6.804367558288504e-07,,,,
878,0.00942439865320921,8.446355216603588e-05,108.46315171703463,0.16973133385181427,0.002938702702522278,0.0010375950951129198,7.406234999507433e-06,7.108522822818486e-06,0.045700348913669586,0.016029581427574158,0.0,0.004148253705352545,4.204062497592531e-05,0.12749691307544708,4.323261180161353e-07,,,,
879,0.008049682714045048,8.390768398301685e-05,108.59765459602932,0.13583500683307648,0.0029601361602544785,0.0010346577037125826,7.779973202559631e-06,5.743161636928562e-06,0.020867248997092247,0.009406126104295254,0.0,0.014840546064078808,3.070510138059035e-05,0.12749896943569183,7.93691697253962e-07,,,,
880,0.008923876099288464,8.335616920308054e-05,108.72280181298265,0.19734303653240204,0.003300134092569351,0.001041751354932785,7.335377631534357e-06,7.410706530208699e-06,0.029474399983882904,0.0117412731051445,0.0,0.011449788697063923,4.445729064173065e-05,0.12750782072544098,4.7627219146306743e-07,,,,
881,0.008209135383367538,8.28090132694555e-05,108.85163646598812,0.3121454417705536,0.003541117301210761,0.0009051435044966638,7.627357263118029e-06,8.44324858917389e-06,0.020185286179184914,0.014431370422244072,0.0,0.001517818309366703,3.744971036212519e-05,0.12751871347427368,3.765778046727064e-06,,,,
882,0.010392118245363235,8.226622158234977e-05,108.97723065502942,0.19088014960289001,0.003152309451252222,0.0009374868823215365,7.650841325812507e-06,8.829169928503688e-06,0.026723697781562805,0.03560300171375275,0.0,0.0022807123605161905,6.145896622911096e-05,0.1275262087583542,5.288360398481018e-07,,,,
883,0.008914751000702381,8.172779949889824e-05,109.10286076902412,0.4371716380119324,0.0029768524691462517,0.0010633798083290458,8.393312782573048e-06,1.0136182936548721e-05,0.042046815156936646,0.01213806588202715,0.0,0.002503151772543788,5.6561726523796096e-05,0.1275302916765213,4.463208256311191e-07,,,,
884,0.00794825330376625,8.119375233310927e-05,109.22570867801551,0.16651006042957306,0.0030780003871768713,0.0010018348693847656,9.302169019065332e-06,6.963238320167875e-06,0.019403766840696335,0.0130414804443717,0.0,0.0050831204280257225,4.730397995444946e-05,0.12753301858901978,5.984865083519253e-07,,,,
885,0.007539123296737671,8.066408535581303e-05,109.35065913398284,0.4038306176662445,0.003321862081065774,0.0010216989321634173,1.4635555999120697e-05,6.780941021133913e-06,0.01160268671810627,0.010626712813973427,0.0,0.0030810702592134476,3.451687007327564e-05,0.12753437459468842,7.884266324253986e-07,,,,
886,0.0073677957989275455,8.013880379460866e-05,109.4773954669945,0.06473232060670853,0.003046168014407158,0.000928844790905714,1.0815623681992292e-05,9.420495189260691e-06,0.00805528461933136,0.013992109335958958,0.0,0.004344421438872814,0.00011448706936789677,0.12753437459468842,3.5863371294908575e-07,,,,
887,0.008594116196036339,7.961791283381301e-05,109.60804971598554,0.36661189794540405,0.003081806004047394,0.0010276942048221827,8.193608664441854e-06,1.1034406270482577e-05,0.019471311941742897,0.01943841390311718,0.0,0.0022046216763556004,0.0001089590514311567,0.12753301858901978,5.116127113069524e-07,,,,
888,0.007808170281350613,7.910141761440981e-05,109.73545745003503,0.07325491309165955,0.0033713923767209053,0.000843195419292897,9.65217623161152e-06,9.115360626310576e-06,0.03317853435873985,0.006213210988789797,0.0,0.0016026354860514402,7.444556104019284e-05,0.12752960622310638,3.560508048394695e-07,,,,
889,0.008338803425431252,7.858932323399816e-05,109.86206292803399,0.16758546233177185,0.0027761610690504313,0.0010295562678948045,1.2720563972834498e-05,8.297362001030706e-06,0.03004191443324089,0.01107717864215374,0.0,0.009819039143621922,6.437724368879572e-05,0.12752416729927063,6.828457799201715e-07,,,,
890,0.007123260293155909,7.808163474674296e-05,109.98958377499366,0.37406814098358154,0.0031540326308459044,0.0009185572853311896,1.2893206076114438e-05,6.785650384699693e-06,0.01527683436870575,0.007454416714608669,0.0,0.004810080863535404,5.7259829191025347e-05,0.1275234818458557,7.529432650699164e-07,,,,
891,0.008297562599182129,7.757835716332449e-05,110.11661129299318,0.14953555166721344,0.0030990124214440584,0.000987489242106676,8.337099643540569e-06,8.741142664803192e-06,0.028080139309167862,0.013186845928430557,0.0,0.0027300985530018806,6.577116437256336e-05,0.1275227963924408,2.993519387928245e-07,,,,
892,0.008254301734268665,7.707949545088935e-05,110.24217245099135,0.23029112815856934,0.0030107637867331505,0.0008331573335453868,7.63312891649548e-06,1.2147526831540745e-05,0.03490862250328064,0.012566789984703064,0.0,0.0037062382325530052,6.19775164523162e-05,0.12752144038677216,2.496298293408472e-06,,,,
893,0.007602259982377291,7.65850545330014e-05,110.36973937903531,0.36617982387542725,0.0030492402147501707,0.0010236676316708326,8.210563464672305e-06,1.1965198609686922e-05,0.020287225022912025,0.008726582862436771,0.0,0.0034238193184137344,0.00011771016579587013,0.12752075493335724,4.855108954870957e-07,,,,
894,0.007547016721218824,7.609503928959276e-05,110.49728646001313,0.2725028097629547,0.003296525916084647,0.0007808819646015763,1.1418901522119995e-05,6.896461400174303e-06,0.014124046079814434,0.01073873694986105,0.0,0.010736467316746712,6.065323032089509e-05,0.12751871347427368,5.025416953685635e-07,,,,
895,0.00821455754339695,7.560945455691598e-05,110.62340077100089,0.314288467168808,0.0031766421161592007,0.0007847198285162449,1.2212206456752028e-05,7.3685860115801916e-06,0.04034898802638054,0.006870344281196594,0.0,0.0075844451785087585,5.965258606011048e-05,0.12752075493335724,1.7896231838676613e-06,,,,
896,0.008221229538321495,7.512830512749649e-05,110.75098423601594,0.06745433062314987,0.00345859257504344,0.0008987061446532607,1.1143471056129783e-05,4.685080057242885e-06,0.022304020822048187,0.012239592149853706,0.0,0.004736964590847492,9.773386409506202e-05,0.12752552330493927,5.67138795304345e-06,,,,
897,0.00796197634190321,7.465159575008484e-05,110.88090379699133,0.4205327033996582,0.0032788394019007683,0.0009416175889782608,8.452241672785021e-06,9.505998605163768e-06,0.01750476285815239,0.014293292537331581,0.0,0.0013870754046365619,0.00011807566625066102,0.12752893567085266,7.937041459626926e-07,,,,
898,0.007699423469603062,7.417933112961001e-05,111.00618256500456,0.06682799011468887,0.003106556599959731,0.000973294663708657,9.497779501543846e-06,5.478803359437734e-06,0.02374873496592045,0.007712638005614281,0.0,0.0037045557983219624,5.5378477554768324e-05,0.12752960622310638,0.000169676000950858,,,,
899,0.009328077547252178,7.37115159271334e-05,111.12898246198893,0.06118685007095337,0.00335795059800148,0.0009974043350666761,1.0596108040772378e-05,5.27193788002478e-06,0.0174757931381464,0.023146025836467743,0.0,0.008016299456357956,9.955329733202234e-05,0.12752893567085266,3.4694869555096375e-07,,,,
900,0.01020448561757803,7.324815475980207e-05,111.25358512898674,0.2952980101108551,0.003314313944429159,0.0010851393453776836,8.124613486870658e-06,6.253542778722476e-06,0.03698195144534111,0.022683534771203995,0.0,0.005965462885797024,3.2381027267547324e-05,0.12753097712993622,4.7604243036403204e-07,5.600926759815659,7.847688221418504,1.209675408541352,0.9196667005309055
901,0.008608125150203705,7.278925220080365e-05,111.4189828769886,0.09701595455408096,0.003025173209607601,0.000988946994766593,8.410983355133794e-06,7.393444320769049e-06,0.04128745198249817,0.010664252564311028,0.0,0.0028930441476404667,4.324310430092737e-05,0.12753166258335114,7.885259947215673e-07,,,,
902,0.010322824120521545,7.23348127793211e-05,111.54392878903309,0.2560545802116394,0.0034295800141990185,0.0009643996017985046,7.216543508548057e-06,8.981716746347956e-06,0.04331580176949501,0.020185580477118492,0.0,0.0030865792650729418,7.300715515157208e-05,0.12753301858901978,0.0002632449031807482,,,,
903,0.008386235684156418,7.188484098048812e-05,111.66849556902889,0.10553304851055145,0.0032555144280195236,0.0008311308920383453,9.081799362320453e-06,7.328430911002215e-06,0.018833184614777565,0.01842186599969864,0.0,0.003772133029997349,4.126201747567393e-05,0.12753301858901978,0.00016310873616021127,,,,
904,0.008099881932139397,7.143934124534461e-05,111.79518341098446,0.18111920356750488,0.0036515609826892614,0.0008951843483373523,7.5977945925842505e-06,8.044549758778885e-06,0.012341794557869434,0.01461416482925415,0.0,0.0036581940948963165,0.0001113787802751176,0.12753301858901978,1.2013501873298083e-06,,,,
905,0.010161729529500008,7.099831797079321e-05,111.92058204702334,0.4746767580509186,0.0026885143015533686,0.0008576425025239587,1.0893611033679917e-05,8.33427930047037e-06,0.046975988894701004,0.026029780507087708,0.0,0.009106962941586971,3.003364327014424e-05,0.1275337040424347,9.59498265729053e-07,,,,
906,0.009059404954314232,7.05617755095555e-05,112.04453082202235,0.05333292856812477,0.0030745628755539656,0.0009952608961611986,7.972386811161414e-06,8.569111741962843e-06,0.04813764989376068,0.007231323979794979,0.0,0.010205969214439392,6.0859209042973816e-05,0.12753506004810333,1.9729137079593784e-07,,,,
907,0.008278386667370796,7.012971817012945e-05,112.16855595301604,0.10793886333703995,0.0032904918771237135,0.0008280195761471987,8.911053555493709e-06,8.85607187228743e-06,0.029371339827775955,0.012357853353023529,0.0,0.004441286437213421,9.9972341558896e-05,0.12753982841968536,2.560392147188395e-07,,,,
908,0.009962555952370167,6.970215021674649e-05,112.29413058399223,0.3171263635158539,0.003205683780834079,0.0008812973974272609,7.352627108048182e-06,1.0223666322417557e-05,0.023177754133939743,0.03054511919617653,0.0,0.006402471102774143,0.00015668720880057663,0.12754324078559875,7.597543572046561e-07,,,,
909,0.009355275891721249,6.92790758693297e-05,112.41749012900982,0.23611445724964142,0.0035048252902925014,0.0009041763842105865,1.081109257938806e-05,9.637562470743433e-06,0.03318057581782341,0.016063332557678223,0.0,0.00399710051715374,7.73734791437164e-05,0.12754663825035095,0.00016747390327509493,,,,
910,0.008919110521674156,6.886049930345206e-05,112.5447649800335,0.19086311757564545,0.0032260031439363956,0.0008294753497466445,9.998893801821396e-06,7.518520760640968e-06,0.030545249581336975,0.015638459473848343,0.0,0.010946517810225487,9.255605982616544e-05,0.12755140662193298,4.417324817040935e-07,,,,
911,0.00851589348167181,6.844642465029537e-05,112.67241136200028,0.34400126338005066,0.003096881555393338,0.0008738775504752994,8.75741898198612e-06,7.059557447064435e-06,0.03186757117509842,0.014457372948527336,0.0,0.0034072729758918285,0.00017483625560998917,0.12756027281284332,1.210191726386256e-06,,,,
912,0.00850035808980465,6.803685599660926e-05,112.797477805987,0.10412459820508957,0.0037208644207566977,0.0010894171427935362,9.264080290449783e-06,8.546534445486031e-06,0.0232381671667099,0.009932962246239185,0.0,0.0014683199115097523,6.550135731231421e-05,0.1275670826435089,8.644474291941151e-07,,,,
913,0.008106404915452003,6.76317973846709e-05,112.92175462498562,0.29912638664245605,0.0029482655227184296,0.0008309326367452741,1.4279138667916413e-05,6.510905222967267e-06,0.031071750447154045,0.014215979725122452,0.0,0.0011204385664314032,0.00012850509665440768,0.12757116556167603,1.089796455744363e-06,,,,
914,0.008410435169935226,6.72312528122454e-05,113.04644856101368,0.10055428743362427,0.0029542159754782915,0.0009812746429815888,9.950289495463949e-06,8.051278200582601e-06,0.01731262542307377,0.021602259948849678,0.0,0.0011916935909539461,0.00010038422624347731,0.12757320702075958,2.541703452152433e-07,,,,
915,0.008532253094017506,6.683522623254598e-05,113.17336898599751,0.05023934319615364,0.0029831668362021446,0.000982140889391303,8.693496965861414e-06,7.335596819757484e-06,0.015855323523283005,0.0214567668735981,0.0,0.00536641851067543,8.814477041596547e-05,0.12757320702075958,2.0324871456978144e-06,,,,
916,0.008067709393799305,6.644372155419492e-05,113.30097793298773,0.222554013133049,0.0032635072711855173,0.0009945756755769253,8.37638526718365e-06,9.758450687513687e-06,0.024256255477666855,0.008594821207225323,0.0,0.004374912474304438,6.89888111082837e-05,0.12757457792758942,0.00014609858044423163,,,,
917,0.006622078362852335,6.605674264118549e-05,113.43322830501711,0.31635618209838867,0.003074926557019353,0.0009062831522896886,8.282842827611603e-06,1.0309379831596743e-05,0.008763239718973637,0.0070319026708602905,0.0,0.002881054300814867,0.00013459780893754214,0.12757524847984314,1.0846245004358934e-06,,,,
918,0.009715122170746326,6.567429331284338e-05,113.56465984001989,0.1470050811767578,0.0035142742563039064,0.0008426247513853014,8.445924322586507e-06,7.655102308490314e-06,0.046306416392326355,0.016733163967728615,0.0,0.003670815611258149,5.3534084145212546e-05,0.12757457792758942,1.301734528169618e-06,,,,
919,0.010606459341943264,6.529637734378897e-05,113.69550514698494,0.42350128293037415,0.003315045265480876,0.0010572788305580616,1.1507675480970647e-05,6.596927960345056e-06,0.04947786033153534,0.01963629573583603,0.0,0.00683499313890934,8.770398562774062e-05,0.12757185101509094,1.2633204278245103e-06,,,,
920,0.007571552414447069,6.492299846390025e-05,113.82485930301482,0.14271824061870575,0.0028232899494469166,0.001149771735072136,8.796620022621937e-06,5.105167474539485e-06,0.02668883465230465,0.0066784583032131195,0.0,0.001978982938453555,8.000520028872415e-05,0.1275704801082611,8.879850383891608e-07,,,,
921,0.00842617079615593,6.455416035827612e-05,113.95186175801791,0.13166290521621704,0.0030444117728620768,0.0008429883746430278,8.964891094365157e-06,7.135502528399229e-06,0.02115873619914055,0.01725078374147415,0.0,0.011596092954277992,4.3348023609723896e-05,0.12756843864917755,1.0400451628811425e-06,,,,
922,0.007465141825377941,6.418986666719976e-05,114.08095436601434,0.6186290979385376,0.0028468098025768995,0.000886716297827661,6.106829005148029e-06,1.0008020581153687e-05,0.030635250732302666,0.008820976130664349,0.0,0.00042046402813866735,0.00012042028538417071,0.1275704801082611,8.765794063947396e-07,,,,
923,0.008553601801395416,6.38301209861028e-05,114.2105000760057,0.07658136636018753,0.0027578638400882483,0.0009093312546610832,1.1060455108236056e-05,6.962137376831379e-06,0.01572403497993946,0.022082634270191193,0.0,0.01182318665087223,8.227571379393339e-05,0.1275704801082611,1.37954339152202e-06,,,,
924,0.00759061798453331,6.347492686552988e-05,114.33897029299987,0.3700304925441742,0.0031989337876439095,0.0008552560466341674,1.103306840377627e-05,6.994283467065543e-06,0.02492242492735386,0.009362485259771347,0.0,0.002962308470159769,4.0167869883589447e-05,0.1275738924741745,2.6719458219304215e-06,,,,
925,0.008540177717804909,6.312428781110366e-05,114.47222199401585,0.33960264921188354,0.0030926840845495462,0.0008323727524839342,1.1730428013834171e-05,6.2990939113660716e-06,0.01509089581668377,0.025160185992717743,0.0,0.0028614348266273737,5.951790080871433e-05,0.12757661938667297,1.7236919802599004e-06,5.583418265516433,7.819284105085265,1.1743184702061975,1.0182369121498973
926,0.00845187809318304,6.277820728348992e-05,114.64159611100331,0.25109294056892395,0.003100387519225478,0.001000621123239398,8.400897058891132e-06,8.484259524266236e-06,0.018864750862121582,0.015564755536615849,0.0,0.009691624902188778,6.823529838584363e-05,0.1275779753923416,1.2888201581517933e-06,,,,
927,0.008084255270659924,6.243668869836385e-05,114.76660411199555,0.1601051390171051,0.0029447779525071383,0.000961643410846591,6.4451442085555755e-06,1.0127992936759256e-05,0.015323713421821594,0.017695194110274315,0.0,0.006731724366545677,4.876645471085794e-05,0.12758205831050873,1.8189971342508215e-06,,,,
928,0.00807723868638277,6.209973542637582e-05,114.89424531703116,0.2729146182537079,0.003441247856244445,0.0009005918400362134,6.3657344071543775e-06,1.214676012750715e-05,0.01903706230223179,0.013282174244523048,0.0,0.003761528991162777,5.2775489166378975e-05,0.1275888830423355,1.170989207821549e-06,,,,
929,0.008287692442536354,6.17673507931189e-05,115.02227404003497,0.2752515375614166,0.0028676174115389585,0.000935305142775178,8.898709893401247e-06,8.706476364750415e-06,0.021994881331920624,0.01847940683364868,0.0,0.005242776125669479,3.521014514262788e-05,0.12759432196617126,7.856760930735618e-07,,,,
930,0.008324489928781986,6.143953807909503e-05,115.14553352398798,0.14198555052280426,0.0033416873775422573,0.0007862818310968578,7.992683094926178e-06,7.859402103349566e-06,0.026641881093382835,0.011978929862380028,0.0,0.010546348057687283,6.61995291011408e-05,0.12760046124458313,6.14151304034749e-07,,,,
931,0.00929864402860403,6.111630051968333e-05,115.26881172001595,0.34824711084365845,0.003241714322939515,0.0008814147440716624,9.03162253962364e-06,7.0597161538898945e-06,0.027409963309764862,0.019030094146728516,0.0,0.013543723151087761,5.385213444242254e-05,0.12760864198207855,1.0318308341084048e-06,,,,
932,0.009027529507875443,6.0797641305108106e-05,115.39139001001604,0.15789832174777985,0.003176042577251792,0.0008839633082970977,9.270077498513274e-06,1.0577459761407226e-05,0.03611316904425621,0.018099645152688026,0.0,0.0023574489168822765,2.38789216382429e-05,0.12762022018432617,9.049972504726611e-08,,,,
933,0.008855339139699936,6.048356358040719e-05,115.51892246201169,0.3445669710636139,0.002995351329445839,0.00096124381525442,8.596761290391441e-06,1.0091050171467941e-05,0.017211347818374634,0.020403526723384857,0.0,0.00815608724951744,5.062753189122304e-05,0.12762975692749023,0.00026364001678302884,,,,
934,0.008498753421008587,6.017407044540078e-05,115.64387916598935,0.32281607389450073,0.003290582913905382,0.001091723213903606,9.123156814894173e-06,8.108832844300196e-06,0.015223526395857334,0.014961326494812965,0.0,0.00813213363289833,6.016276165610179e-05,0.1276392936706543,6.864779038551205e-07,,,,
935,0.00820098165422678,5.9869164954661223e-05,115.77606988098705,0.2737370729446411,0.003408652264624834,0.0008651004172861576,1.3877662240702193e-05,6.879270586068742e-06,0.030203621834516525,0.009953275322914124,0.0,0.003911385778337717,2.428160405543167e-05,0.1276502013206482,1.5493978935410269e-06,,,,
936,0.009480634704232216,5.9568850117482746e-05,115.90408203902189,0.3965631425380707,0.00335626769810915,0.0007518922793678939,1.2179249097243883e-05,6.35547075944487e-06,0.033148229122161865,0.02008581906557083,0.0,0.012275652028620243,2.7465068342280574e-05,0.12765701115131378,3.370394665580534e-07,,,,
937,0.008629237301647663,5.927312889785146e-05,116.03173370199511,0.1634065955877304,0.0028877207078039646,0.0009027321357280016,8.571611033403315e-06,9.763851267052814e-06,0.02986619994044304,0.019862061366438866,0.0,0.0022215337958186865,3.375354572199285e-05,0.1276645064353943,6.856397476440179e-07,,,,
938,0.008949100971221924,5.8982004214416365e-05,116.15909266500967,0.272504597902298,0.002954066265374422,0.0008968095062300563,7.915532478364184e-06,1.1996677130809985e-05,0.040420833975076675,0.014192383736371994,0.0,0.007895655930042267,3.8205471355468035e-05,0.12767064571380615,1.3537644463212928e-06,,,,
939,0.007798807695508003,5.8695478940460573e-05,116.28683546202956,0.20542976260185242,0.00325798406265676,0.0009123610216192901,8.348707524419297e-06,1.2771425645041745e-05,0.03135678544640541,0.005130237899720669,0.0,0.005270747467875481,3.130036930087954e-05,0.12767814099788666,1.5217190139082959e-06,,,,
940,0.007001824211329222,5.841355590387286e-05,116.41387746599503,0.13653156161308289,0.003450072603300214,0.0009191838325932622,1.0001648661273066e-05,8.028597221709788e-06,0.0037963788490742445,0.007143009919673204,0.0,0.009143896400928497,4.322190216043964e-05,0.12768632173538208,8.58592500208033e-07,,,,
941,0.007721282076090574,5.8136237887119895e-05,116.54246171901468,0.152422696352005,0.0036764845717698336,0.0009129618993028998,1.0292044862580951e-05,8.524235454387963e-06,0.01759643666446209,0.007662918418645859,0.0,0.004482352174818516,3.2569449103903025e-05,0.12769654393196106,2.1384408910307684e-07,,,,
942,0.008138539269566536,5.786352762721838e-05,116.67220115300734,0.22333373129367828,0.002936064964160323,0.001117380685172975,1.1695499779307283e-05,7.150971214286983e-06,0.02427922934293747,0.009205901995301247,0.0,0.00956802163273096,3.764128268812783e-05,0.12770403921604156,9.511659300187603e-07,,,,
943,0.008790447376668453,5.759542781570865e-05,116.79903249099152,0.08670565485954285,0.0030372224282473326,0.000989035703241825,9.110905921261292e-06,9.105296157940757e-06,0.043342720717191696,0.009515445679426193,0.0,0.005385199561715126,7.524844841100276e-05,0.12771359086036682,2.0887082428089343e-06,,,,
944,0.0071579692885279655,5.733194109862747e-05,116.92254798003705,0.16419854760169983,0.0026626139879226685,0.000805108982603997,9.536603101878427e-06,7.061614269332495e-06,0.02170833945274353,0.0090410765260458,0.0,0.010546784847974777,7.345037010964006e-05,0.12772312760353088,1.1185122730239527e-06,,,,
945,0.008406917564570904,5.707307007648242e-05,117.04995978903025,0.1807429939508438,0.0030607653316110373,0.0009205681271851063,9.239410246664193e-06,7.195681519078789e-06,0.020176660269498825,0.01949188858270645,0.0,0.0036517176777124405,7.069426646921784e-05,0.12773403525352478,1.6288274764519883e-06,,,,
946,0.007037624251097441,5.6818817304225936e-05,117.17985889100237,0.10340160876512527,0.003321591764688492,0.0008546569151803851,1.0318861313862726e-05,7.729990102234297e-06,0.0036797092761844397,0.011220799759030342,0.0,0.007182350382208824,3.2628719054628164e-05,0.12774358689785004,6.746377039235085e-07,,,,
947,0.007989457808434963,5.65691852912303e-05,117.3076223609969,0.18796992301940918,0.0031748272012919188,0.0008984173182398081,1.045236422214657e-05,5.774854798801243e-06,0.007607582025229931,0.017549458891153336,0.0,0.011053250171244144,3.870442014886066e-05,0.1277531236410141,1.0787260862343828e-06,,,,
948,0.008796891197562218,5.632417650126269e-05,117.43634665798163,0.0362832173705101,0.0032723702024668455,0.001069213030859828,8.330555829161312e-06,9.955074347089976e-06,0.033215198665857315,0.012247743085026741,0.0,0.003238225821405649,2.74129106401233e-05,0.12776540219783783,6.155111123007373e-07,,,,
949,0.008398128673434258,5.608379335246091e-05,117.56458912801463,0.15769651532173157,0.0033202902413904667,0.00090726965572685,8.249942766269669e-06,7.473428468074417e-06,0.03182852268218994,0.010844936594367027,0.0,0.004743724130094051,6.472293171100318e-05,0.1277756243944168,4.598250029630435e-07,,,,
950,0.010259393602609634,5.584803821730962e-05,117.68959326902404,0.0936812087893486,0.003335197689011693,0.0010687325848266482,8.116217941278592e-06,9.73589612840442e-06,0.03395417332649231,0.025837190449237823,0.0,0.003042439930140972,4.622538108378649e-05,0.1277865320444107,6.475112854786857e-07,5.539262812922251,7.753042936137916,1.2063090962562824,1.0291738762651332
951,0.008266721852123737,5.56169134226168e-05,117.85833181103226,0.11619117856025696,0.003048340557143092,0.0009833087678998709,6.6728543970384635e-06,7.690359780099243e-06,0.026401398703455925,0.013154341839253902,0.0,0.001855617854744196,2.7275225875200704e-05,0.12779539823532104,0.00022477546008303761,,,,
952,0.008570609614253044,5.539042124949088e-05,117.98650939000072,0.0738990530371666,0.0032677040435373783,0.0009726947173476219,8.194538168027066e-06,8.539374903193675e-06,0.02064334601163864,0.019461404532194138,0.0,0.0011298225726932287,2.6838610210688785e-05,0.12780220806598663,7.369369541265769e-07,,,,
953,0.008042293600738049,5.516856393331816e-05,118.11421375500504,0.09819131344556808,0.003096332773566246,0.0011293803108856082,8.621913366368972e-06,8.78694118000567e-06,0.02151554822921753,0.01150381751358509,0.0,0.002381791826337576,3.9765545807313174e-05,0.12780630588531494,2.91770959393034e-07,,,,
954,0.007832431234419346,5.495134366374081e-05,118.24053865502356,0.21605758368968964,0.003009167965501547,0.0009323863196186721,9.689509170129895e-06,6.107284207246266e-06,0.013803853653371334,0.01374878827482462,0.0,0.011644969694316387,2.5146749976556748e-05,0.12780903279781342,2.471047366725543e-07,,,,
955,0.006685564760118723,5.473876258463517e-05,118.36695586598944,0.06893002241849899,0.00296758022159338,0.0008123294683173299,8.282120688818395e-06,7.943247510411311e-06,0.013282716274261475,0.009129560552537441,0.0,0.003690682351589203,4.065690882271156e-05,0.12781517207622528,9.739337656355929e-07,,,,
956,0.0060674580745399,5.453082279409069e-05,118.495336314023,0.17586621642112732,0.002916197059676051,0.0009256349876523018,7.608590294694295e-06,7.547610493929824e-06,0.0047541409730911255,0.003531287657096982,0.0,0.00823040772229433,1.547831379866693e-05,0.1278192549943924,2.775465418380918e-06,,,,
957,0.00750719103962183,5.432752634438913e-05,118.62194576702313,0.1304207295179367,0.0032055219635367393,0.0008259518072009087,7.57226280256873e-06,7.144124538172036e-06,0.010660509578883648,0.0165261197835207,0.0,0.0025645627174526453,5.9613001212710515e-05,0.12782403826713562,1.2986486126465024e-06,,,,
958,0.00942387618124485,5.412887524198437e-05,118.74764509103261,0.29909759759902954,0.003290028078481555,0.0011503498535603285,8.199424883059692e-06,9.39708661462646e-06,0.02741226740181446,0.018755976110696793,0.0,0.001915987697429955,3.8219244743231684e-05,0.1278267651796341,0.0001491259317845106,,,,
959,0.00936879776418209,5.393487144748267e-05,118.8755804640241,0.13904722034931183,0.0031212475150823593,0.0009176965686492622,9.11533243197482e-06,7.810778697603382e-06,0.03290674090385437,0.02002725377678871,0.0,0.00811026245355606,5.9816033171955496e-05,0.127827450633049,1.6774733921920415e-06,,,,
960,0.00830090045928955,5.374551687562306e-05,119.00340094900457,0.14309477806091309,0.0033257605973631144,0.0009412723011337221,1.1614243703661487e-05,8.388607966480777e-06,0.028804268687963486,0.007684736512601376,0.0,0.010156560689210892,4.781952520716004e-05,0.12783017754554749,4.0123859434970655e-07,,,,
961,0.008337259292602539,5.356081339525873e-05,119.1300754440017,0.2036275714635849,0.002798277884721756,0.000943039427511394,1.1971773346886039e-05,5.105337550048716e-06,0.022865373641252518,0.01863071136176586,0.0,0.005302537698298693,8.107507892418653e-05,0.12783494591712952,1.7533266145619564e-06,,,,
962,0.008305614814162254,5.338076282933854e-05,119.25607047002995,0.20349431037902832,0.0032240848522633314,0.0009203356457874179,9.666636287875008e-06,1.103473550756462e-05,0.01844949647784233,0.016075335443019867,0.0,0.005566985346376896,9.618283365853131e-05,0.12783971428871155,1.4635734260082245e-06,,,,
963,0.008393790572881699,5.3205366954888794e-05,119.38198211102281,0.21937693655490875,0.003114130347967148,0.001048958278261125,8.27441272122087e-06,8.577279004384764e-06,0.014833863824605942,0.01690143719315529,0.0,0.006520328111946583,0.00012742626131512225,0.12784449756145477,1.0246411363823427e-07,,,,
964,0.007401437498629093,5.303462750299601e-05,119.50997059099609,0.08214525133371353,0.0029091888573020697,0.0008470997563563287,1.0831405234057456e-05,5.842202881467529e-06,0.020336145535111427,0.012173466384410858,0.0,0.0036716617178171873,8.407377026742324e-05,0.12785063683986664,1.6518558823008789e-06,,,,
965,0.008018204011023045,5.286854615878964e-05,119.63533455203287,0.18617597222328186,0.0029576339293271303,0.0010013515129685402,1.1102672942797653e-05,6.312278856057674e-06,0.020619669929146767,0.015284355729818344,0.0,0.002222589682787657,8.408595022046939e-05,0.1278560906648636,1.227619804922142e-06,,,,
966,0.008064023219048977,5.270712456142551e-05,119.7630773850251,0.1322208046913147,0.002893270691856742,0.0011014608899131417,1.0198840755037963e-05,6.712623871862888e-06,0.02204684354364872,0.010518237948417664,0.0,0.009063809178769588,6.261173984967172e-05,0.1278601735830307,8.875690582499374e-07,,,,
967,0.0075146108865737915,5.255036430406964e-05,119.89352696901187,0.08172954618930817,0.002858885796740651,0.0008169286302290857,8.715016520000063e-06,6.5078193074441515e-06,0.03345328941941261,0.0068955495953559875,0.0,0.006209640763700008,6.883919559186324e-05,0.1278676837682724,2.3093694778708596e-07,,,,
968,0.008262444287538528,5.2398266933882417e-05,120.01985250803409,0.11927184462547302,0.0027950634248554707,0.0008358935592696071,9.605194463802036e-06,7.514525350416079e-06,0.02739081345498562,0.013928305357694626,0.0,0.013299497775733471,6.886729534016922e-05,0.1278751790523529,3.085161495164357e-07,,,,
969,0.008754241280257702,5.2250833952003546e-05,120.14557741803583,0.10612960159778595,0.003261255333200097,0.0008568702032789588,8.512915883329697e-06,6.255445441638585e-06,0.03447013720870018,0.01530972495675087,0.0,0.004430099856108427,2.6947671358357184e-05,0.12788541615009308,7.438783882207645e-07,,,,
970,0.009701663628220558,5.2108066813537e-05,120.2722840179922,0.1482681781053543,0.003076923545449972,0.0009418409317731857,1.0619161002978217e-05,6.217017926246626e-06,0.04002790525555611,0.020953886210918427,0.0,0.0064531550742685795,2.048717396974098e-05,0.12789565324783325,4.872605131822638e-06,,,,
971,0.007378707639873028,5.1969966927536814e-05,120.39900957199279,0.08060047775506973,0.002957084681838751,0.0007988146971911192,9.317755939264316e-06,5.3088951972313225e-06,0.03199644014239311,0.0058592380955815315,0.0,0.006720277480781078,2.7633195713860914e-05,0.12790587544441223,4.281166070541076e-07,,,,
972,0.008875628933310509,5.183653565699306e-05,120.5228826070088,0.09242545813322067,0.00297688040882349,0.0008447130094282329,7.953728527354542e-06,7.988105608092155e-06,0.02835269644856453,0.020433537662029266,0.0,0.00456593744456768,5.586554470937699e-05,0.12791679799556732,0.00017683579062577337,,,,
973,0.008188883773982525,5.1707774318818616e-05,120.65197016799357,0.3672719895839691,0.0032962746918201447,0.0010058155748993158,8.247406185546424e-06,7.699805792071857e-06,0.008219736628234386,0.018474701792001724,0.0,0.005644820164889097,5.245201464276761e-05,0.12792497873306274,4.314445050113136e-07,,,,
974,0.0064860256388783455,5.158368418383582e-05,120.78176609403454,0.287484735250473,0.0027567511424422264,0.0008454110356979072,9.436505933990702e-06,7.926787475298624e-06,0.008441859856247902,0.011418940499424934,0.0,0.0028350339271128178,3.0327013519126922e-05,0.12793315947055817,8.208925805774925e-07,,,,
975,0.008501135744154453,5.146426647676422e-05,120.91102897201199,0.2752401828765869,0.0031483029015362263,0.0009093123953789473,8.599266038800124e-06,6.924658009666018e-06,0.033925775438547134,0.01135566458106041,0.0,0.006434915587306023,9.68531021499075e-05,0.12793998420238495,5.746943543272209e-07,5.6742707863560415,7.9493569935283475,1.1646162048607116,1.0239686039299105
976,0.006846124771982431,5.134952237620838e-05,121.06894146703416,0.15350352227687836,0.0028243984561413527,0.0008075026562437415,9.186254828819074e-06,7.421490863634972e-06,0.017605599015951157,0.01108313724398613,0.0,0.001681039109826088,3.811610076809302e-05,0.12794749438762665,1.9345434338902123e-06,,,,
977,0.007610570639371872,5.123945301464625e-05,121.19235165900318,0.5110843181610107,0.0027302615344524384,0.0008748321561142802,7.619713414896978e-06,1.1248145710851531e-05,0.032212741672992706,0.009715305641293526,0.0,0.002221661852672696,0.00011899661330971867,0.1279529482126236,1.7658062461123336e-06,,,,
978,0.0084354467689991,5.113405947841802e-05,121.31723938602954,0.36656060814857483,0.0032530417665839195,0.0010953404707834125,8.504568540956825e-06,9.183483598462772e-06,0.01632499508559704,0.012010454200208187,0.0,0.007843950763344765,9.032867092173547e-05,0.12795567512512207,0.00018706648552324623,,,,
979,0.007944632321596146,5.10333428077153e-05,121.44479753402993,0.3328727185726166,0.0030354128684848547,0.000905989611055702,1.0659938197932206e-05,6.962405223021051e-06,0.02472613751888275,0.012521343305706978,0.0,0.0020895181223750114,3.560124969226308e-05,0.12795908749103546,0.00016454001888632774,,,,
980,0.008976757526397705,5.093730399657101e-05,121.57451261603273,0.48114460706710815,0.0034722627606242895,0.0008733507129363716,1.2031418009428307e-05,6.384701464412501e-06,0.020635997876524925,0.02003020979464054,0.0,0.002187491161748767,3.271002060500905e-05,0.1279611438512802,0.0002687654341571033,,,,
981,0.007539426442235708,5.0845943992849396e-05,121.70495831198059,0.19932496547698975,0.0024737801868468523,0.0008757085888646543,8.119062840705737e-06,8.597055057180114e-06,0.02330675907433033,0.011148124001920223,0.0,0.007931265980005264,2.732846769504249e-05,0.1279611438512802,0.00031506523373536766,,,,
982,0.007935346104204655,5.0759263698236864e-05,121.83297074498842,0.3809356093406677,0.0031196794006973505,0.0009318171069025993,6.57385589875048e-06,1.0397713595011737e-05,0.02029130980372429,0.009798942133784294,0.0,0.01257435604929924,3.076768553000875e-05,0.12796181440353394,4.1107961123998393e-07,,,,
983,0.009124761447310448,5.067726396823285e-05,121.96275554102613,0.45537617802619934,0.0028863605111837387,0.0009246109984815121,7.187999926827615e-06,1.0239275979984086e-05,0.03419332578778267,0.022181035950779915,0.0,0.0022264723666012287,4.510528378887102e-05,0.12796659767627716,2.7406465505919186e-06,,,,
984,0.006823087576776743,5.0599945612141705e-05,122.08977708703605,0.13373184204101562,0.0028985394164919853,0.0009204411180689931,9.252852578356396e-06,7.724484021309763e-06,0.012846890836954117,0.00821208581328392,0.0,0.005390996113419533,5.235968637862243e-05,0.12797001004219055,4.5966359607518825e-07,,,,
985,0.00812553707510233,5.0527309393064295e-05,122.21517517900793,0.15516868233680725,0.002767572645097971,0.0010123015381395817,9.410534403286874e-06,7.3869864536391106e-06,0.03936995938420296,0.009481102228164673,0.0,0.0017295500729233027,3.3669741242192686e-05,0.12797477841377258,6.543907034028962e-07,,,,
986,0.008310887962579727,5.045935602789076e-05,122.34089588100323,0.47815415263175964,0.00301907560788095,0.0009967793012037873,1.2989881724934094e-05,6.7907908487541135e-06,0.014604700729250908,0.01799107901751995,0.0,0.008625568822026253,1.1103318684035912e-05,0.12797752022743225,7.440646641043713e-07,,,,
987,0.009683365933597088,5.039608618729346e-05,122.47007065202342,0.42811521887779236,0.003236329648643732,0.000995846465229988,1.1999158232356422e-05,6.263136128836777e-06,0.031159251928329468,0.021198030561208725,0.0,0.008537350222468376,3.928443766199052e-05,0.12798228859901428,8.215879461204167e-07,,,,
988,0.007744694594293833,5.033750049572013e-05,122.59886255499441,0.25436463952064514,0.00281415693461895,0.0010117733618244529,7.896689567132853e-06,9.858667908702046e-06,0.027323151007294655,0.010262400843203068,0.0,0.003448661183938384,3.570715125533752e-05,0.12798911333084106,9.101008799916599e-07,,,,
989,0.00923987664282322,5.028359953138787e-05,122.72967979800887,0.6726447939872742,0.003106189426034689,0.0011242497712373734,7.61844739827211e-06,1.3640615179610904e-05,0.020362360402941704,0.02217225730419159,0.0,0.005161618813872337,5.0217546231579036e-05,0.12799593806266785,9.57914949140104e-07,,,,
990,0.009674825705587864,5.023438382627749e-05,122.86857956001768,0.4692053198814392,0.003298488911241293,0.0009719086810946465,6.70643294142792e-06,1.4267355254560243e-05,0.030444175004959106,0.022179028019309044,0.0,0.005485976114869118,7.97594984760508e-05,0.12800276279449463,6.086938242333417e-07,,,,
991,0.007018609903752804,5.018985386612814e-05,122.99754452501656,0.3261360228061676,0.0030356005299836397,0.0009286041604354978,1.4544770237989724e-05,5.891480213904288e-06,0.02007191814482212,0.0050521777011454105,0.0,0.005268849898129702,2.030729956459254e-05,0.1280095875263214,8.649876122035494e-07,,,,
992,0.009879066608846188,5.015001009043253e-05,123.12580506602535,0.7898817658424377,0.0032098309602588415,0.0008934130892157555,1.903523843793664e-05,8.049581992963795e-06,0.037015728652477264,0.020955435931682587,0.0,0.009886390529572964,4.243976218276657e-05,0.1280170977115631,4.547958667444618e-07,,,,
993,0.007641861215233803,5.0114852892432584e-05,123.25231059698854,0.32405513525009155,0.0029054107144474983,0.000878072518389672,1.3178385415812954e-05,8.52667108119931e-06,0.0110899917781353,0.01603395864367485,0.0,0.00862334668636322,4.587879084283486e-05,0.12802596390247345,2.8630719839384255e-07,,,,
994,0.008203825913369656,5.008438261911574e-05,123.38272647198755,0.4697504937648773,0.0027126437053084373,0.0008746482199057937,9.11039205675479e-06,1.5398325558635406e-05,0.03953080624341965,0.01166824996471405,0.0,0.00206408416852355,0.00012122041516704485,0.12803688645362854,9.71524627857434e-07,,,,
995,0.007865563035011292,5.005859957121122e-05,123.51361925300444,0.7004178166389465,0.0029003028757870197,0.0009592059068381786,6.867293905088445e-06,1.7281563486903906e-05,0.03177725523710251,0.007905316539108753,0.0,0.0035207406617701054,0.00012105015775887296,0.12804575264453888,8.316957860188268e-07,,,,
996,0.0065393950790166855,5.003750400318735e-05,123.64399150200188,0.13062889873981476,0.0029482883401215076,0.0009113321430049837,9.823670552577823e-06,9.193661753670312e-06,0.0077581992372870445,0.009064790792763233,0.0,0.0008427650318481028,0.00011349202395649627,0.12805326282978058,1.9680088314544264e-07,,,,
997,0.00963332038372755,5.0021096123248834e-05,123.78679734299658,0.42953258752822876,0.0027182972989976406,0.0011108650360256433,1.8291564629180357e-05,7.160345376178157e-06,0.03922537714242935,0.019117029383778572,0.0,0.007288696710020304,7.242961146403104e-05,0.12805871665477753,8.7884575350472e-07,,,,
998,0.008026250638067722,5.000937609333487e-05,123.92196936201071,0.6119361519813538,0.002914570039138198,0.0010255181696265936,1.643265932216309e-05,5.93776348978281e-06,0.025921590626239777,0.008870304562151432,0.0,0.010107718408107758,2.0069182937731966e-05,0.12806487083435059,3.096957925663446e-07,,,,
999,0.007528659887611866,5.000234402911735e-05,124.04926844598958,0.14888784289360046,0.002629159949719906,0.0008596035186201334,1.0619449312798679e-05,6.776591817470035e-06,0.016993237659335136,0.01468267198652029,0.0,0.008238241076469421,0.0001477564946981147,0.128073051571846,6.61779210986424e-07,,,,
1000,0.008185090497136116,5e-05,124.17729771899758,0.4533269703388214,0.0027471878565847874,0.001027110032737255,7.769615876895841e-06,1.3533332094084471e-05,0.018946195021271706,0.014712873846292496,0.0,0.010219130665063858,0.00010950413707178086,0.12808330357074738,3.513048341119429e-06,5.656821854323089,7.91859058915263,1.206191284258706,1.0655903128005515
