epoch,loss,learning_rate,training_seconds,gradient_norm,simulation,top,hot,cold,top_center,top_tail,top_tail_slope,top_tail_endpoint,sensor_tail,sensor_tail_slope,sensor_tail_endpoint,sensor_shape,pde,boundary,initial,interface,low_cooling,contact_prior,temporal,validation_score_k,validation_顶部_rmse_k,validation_热端_rmse_k,validation_冷端_rmse_k,validation_热端_tail_rate_rmse_k_per_s,validation_冷端_tail_rate_rmse_k_per_s
1,0.014078549109399319,2.9999933380225088e-05,0.6198113460559398,0.9953183531761169,0.0011478645028546453,0.0003612287691794336,2.089924919346231e-06,2.057787014564383e-06,0.00025400330196134746,0.00023227768542710692,1.9475077351671644e-05,0.0002337760670343414,2.1443643163365778e-06,3.4503749191117095e-08,2.2887297745910473e-06,2.4186603695852682e-05,0.015420925803482533,0.009061964228749275,0.0,0.011219021864235401,2.7475292881717905e-05,0.3594730794429779,8.05283573157567e-09,5.758536345195221,6.231144957705159,3.7454397163166417,4.111098387273513,0.00812442918786959,0.007817225450137421
2,0.13529318571090698,2.9999733521557854e-05,1.1039911730331369,71.55416870117188,0.001104352530092001,0.0005160482251085341,0.00015909114154055715,0.00019216389046050608,0.0009451195364817977,0.00033186684595420957,2.0454026525840163e-05,0.00034414950641803443,0.0002380572259426117,2.682759259187151e-07,0.0002460557734593749,4.534898471320048e-05,0.008711045607924461,0.009738605469465256,0.0,0.01030371617525816,0.00015904847532510757,0.35950854420661926,3.141661597538814e-09,,,,,,
3,0.03240283578634262,2.9999400425970832e-05,1.4940002650255337,27.212759017944336,0.0009727792930789292,0.00044019363122060895,2.4469509298796766e-05,2.8571543225552887e-05,0.00044429441913962364,0.00023955380311235785,1.8985512724611908e-05,0.00024246481189038604,3.740589818335138e-05,8.549013585934517e-08,3.9130412915255874e-05,2.502908137103077e-05,0.013613847084343433,0.010698683559894562,0.0,0.012445214204490185,1.0124259461008478e-05,0.3595348298549652,1.4069179599118797e-08,,,,,,
4,0.03639787808060646,2.9998934096751533e-05,1.9012385970563628,30.485713958740234,0.0010301474248990417,0.000434293644502759,3.128963726339862e-05,3.317720984341577e-05,0.0003737562510650605,0.0002913633070420474,1.7744823708198965e-05,0.0002909229078795761,4.29505089414306e-05,4.519821672488433e-08,4.362784602562897e-05,3.5493307223077863e-05,0.009167894721031189,0.011526492424309254,0.0,0.016583401709794998,0.000142555552884005,0.3595588505268097,3.259629011154175e-09,,,,,,
5,0.06331256777048111,2.9998334538502436e-05,2.31310738902539,44.15998458862305,0.0013106162659823895,0.0005068061291240156,6.211642903508618e-05,6.986959488131106e-05,0.00035015138564631343,0.00030013895593583584,1.7550682969158515e-05,0.0003009315696544945,9.043813042808324e-05,8.565352516143321e-08,9.239836072083563e-05,4.3505177018232644e-05,0.01906973496079445,0.0186762697994709,0.0,0.022446833550930023,0.00037580792559310794,0.359585165977478,3.731499109704828e-09,,,,,,
6,0.042068660259246826,2.999760175714094e-05,2.7256417880416848,34.17673110961914,0.001057635061442852,0.00041380239417776465,3.8227550248848274e-05,4.26266597060021e-05,0.0003650395374279469,0.000254813494393602,1.7724658391671255e-05,0.0002561400760896504,5.6060303904814646e-05,6.75076137213182e-08,5.734043224947527e-05,3.6801910027861595e-05,0.008995816111564636,0.01193020585924387,0.0,0.008578086271882057,0.00018780387472361326,0.3596126139163971,1.2976428820365982e-09,,,,,,
7,0.0209816824644804,2.9996735759899304e-05,3.142760747054126,9.659294128417969,0.0010835876455530524,0.00044544308912009,4.639110557036474e-06,4.821945822186535e-06,0.0006070073577575386,0.000231493977480568,1.8189233742305078e-05,0.00023452397726941854,6.659670816588914e-06,3.116726787766311e-08,6.837274668214377e-06,2.6417183107696474e-05,0.011519648134708405,0.03923185169696808,0.0,0.015096627175807953,0.00010781014862004668,0.3596377670764923,9.760261043822993e-09,,,,,,
8,0.029510362073779106,2.9995736555324565e-05,3.552172268042341,25.102319717407227,0.0009585291263647377,0.0004527008277364075,2.1570380340563133e-05,2.635985947563313e-05,0.0005537152173928916,0.0002685674116946757,1.8923583411378786e-05,0.00027601540205068886,3.0254443117883056e-05,4.485039539758873e-08,3.125049261143431e-05,2.5177154384437017e-05,0.005626368336379528,0.014554580673575401,0.0,0.009714442305266857,4.765581252286211e-06,0.3596663773059845,3.5390259611745023e-09,,,,,,
9,0.053159330040216446,2.9994604153278482e-05,3.9661764760385267,39.42408752441406,0.0009733940823934972,0.000496244989335537,5.2611208957387134e-05,6.183135701576248e-05,0.0005066808662377298,0.00028373562963679433,1.9352071831235662e-05,0.00029313506092876196,7.295403338503093e-05,6.257033646761556e-08,7.490944699384272e-05,2.970803325297311e-05,0.007620745338499546,0.02613360993564129,0.0,0.013095811009407043,1.9208873709430918e-05,0.35969266295433044,6.401290164603779e-09,,,,,,
10,0.0515182763338089,2.99933385649374e-05,4.376549441018142,39.114688873291016,0.0009857797995209694,0.0004553929902613163,5.308614345267415e-05,6.226441473700106e-05,0.0003975753206759691,0.00026590778725221753,1.9426903236308135e-05,0.0002743630320765078,7.103196548996493e-05,4.873098191637837e-08,7.263349834829569e-05,3.004640711878892e-05,0.024052098393440247,0.014123097062110901,0.0,0.01281062513589859,5.634893022943288e-05,0.3597189784049988,3.346552812644177e-09,,,,,,
11,0.031003639101982117,2.999193980279216e-05,4.792375062010251,26.59964370727539,0.0008388016140088439,0.0004209249746054411,2.6504689230932854e-05,3.1955994927557185e-05,0.00042120018042623997,0.00023899294319562614,1.9206645447411574e-05,0.0002445372228976339,3.423773523536511e-05,2.7507260469405992e-08,3.475496487226337e-05,2.646524808369577e-05,0.01732417568564415,0.007280333433300257,0.0,0.012336079962551594,8.02673093858175e-06,0.3597441613674164,1.7881394143159923e-09,,,,,,
12,0.015178730711340904,2.999040788064798e-05,5.2189437840133905,5.27999210357666,0.0009218667401000857,0.0004133816692046821,3.444101366767427e-06,4.441947567102034e-06,0.0003334504726808518,0.00023357187455985695,1.8772459952742793e-05,0.00023577260435558856,3.036363978026202e-06,4.1643005488367635e-08,3.069248805331881e-06,2.376131851633545e-05,0.027754807844758034,0.004180917050689459,0.0,0.010107184760272503,2.7018668333766982e-05,0.3597704768180847,3.588696451117812e-09,,,,,,
13,0.029992898926138878,2.9988742813624316e-05,5.627406855055597,23.802305221557617,0.0011218994623050094,0.0004790225939359516,1.8216447642771527e-05,1.654906736803241e-05,0.00021563404879998416,0.0002674174902494997,1.8237047697766684e-05,0.0002675705181900412,2.8618987926165573e-05,1.1653028053615344e-07,3.0100918593234383e-05,2.892878546845168e-05,0.012888663448393345,0.025790030136704445,0.0,0.010101240128278732,0.00012237756163813174,0.3597990572452545,3.3775968688587454e-09,,,,,,
14,0.051454246044158936,2.9986944618154714e-05,6.036668250046205,39.041358947753906,0.001184862689115107,0.0004883621586486697,4.85485652461648e-05,4.7896712203510106e-05,0.000503528630360961,0.00028844940243288875,1.8044907847070135e-05,0.00028835106058977544,7.134469342418015e-05,1.6388011658818868e-07,7.421655755024403e-05,3.603709046728909e-05,0.007998256012797356,0.016669515520334244,0.0,0.011198388412594795,0.00012448545021470636,0.35982653498649597,2.197921400437508e-09,,,,,,
15,0.05526084452867508,2.998501331198663e-05,6.4479123740457,41.626155853271484,0.0010039096232503653,0.0004679091216530651,5.427223368315026e-05,5.8376084780320525e-05,0.0002585391921456903,0.0002769932907540351,1.8075696061714552e-05,0.000277087208814919,8.233318658312783e-05,1.5551138687897037e-07,8.53025121614337e-05,3.8421712815761566e-05,0.006185038480907679,0.010663141496479511,0.0,0.016125695779919624,9.005775791592896e-05,0.3598528504371643,5.234032762757579e-09,,,,,,
16,0.04301745444536209,2.9982948914181273e-05,6.8601885120151564,34.23622131347656,0.0009813824435696006,0.00038034364115446806,3.7755522498628125e-05,3.910285886377096e-05,0.0004424786602612585,0.00024785209097899497,1.8291497326572426e-05,0.0002486078592482954,5.796028926852159e-05,1.0595064026119871e-07,5.988826887914911e-05,3.523626219248399e-05,0.016319263726472855,0.016349606215953827,0.0,0.015689406543970108,6.706007843604311e-05,0.35987916588783264,8.412946783664665e-09,,,,,,
17,0.024699822068214417,2.9980751445113417e-05,7.269285264017526,19.291019439697266,0.0009879001881927252,0.00045384251279756427,1.4040624591871165e-05,1.313319353357656e-05,0.00037824580795131624,0.00022898860333953053,1.8702328816289082e-05,0.00023162346042227,1.9801151211140677e-05,4.9505892718570976e-08,2.040514664258808e-05,2.900844265241176e-05,0.014064720831811428,0.018076281994581223,0.0,0.0073804836720228195,0.0001353672705590725,0.359905481338501,4.1661163407979984e-09,,,,,,
18,0.015988826751708984,2.99784209264712e-05,7.678681585006416,3.056109666824341,0.0010029081022366881,0.00044586765579879284,1.8158043531002477e-06,2.544033577578375e-06,0.0005668113008141518,0.00024491368094459176,1.933475687110331e-05,0.00025123037630692124,2.6041352612082846e-06,2.695636247551647e-08,2.7666756068356335e-06,2.4187122107832693e-05,0.017152797430753708,0.014548804610967636,0.0,0.006677328608930111,4.499770875554532e-05,0.35992950201034546,1.6825895121641565e-09,,,,,,
19,0.02145339734852314,2.9975957381255894e-05,8.089155121007934,17.793846130371094,0.0009093790431506932,0.0003905804769601673,1.1643933248706162e-05,1.4803167687205132e-05,0.0005401988746598363,0.00025015880237333477,1.9748162230825983e-05,0.0002569695352576673,1.661273927311413e-05,3.8564568427545964e-08,1.7280974134337157e-05,2.410287197562866e-05,0.0040377052500844,0.01231837272644043,0.0,0.01051228679716587,4.8714340664446354e-05,0.3599558174610138,8.028000486604014e-09,,,,,,
20,0.026590440422296524,2.9973360833781697e-05,8.497335152002051,22.141183853149414,0.0009741028770804405,0.0004170544561930001,1.7079479221138172e-05,2.2695034203934483e-05,0.000518946151714772,0.00024003774160519242,1.990148848562967e-05,0.0002450337342452258,2.4609104002593085e-05,4.197882930156993e-08,2.5477826056885533e-05,2.462001248204615e-05,0.010674580000340939,0.00947254803031683,0.0,0.02332594431936741,9.206129107042216e-06,0.35998213291168213,2.2600095128666453e-09,,,,,,
21,0.023530978709459305,2.9970631309675495e-05,8.910176564007998,17.249746322631836,0.0009879424469545484,0.000503182876855135,1.158443592430558e-05,1.5226874893414788e-05,0.000614396296441555,0.00023130999761633575,1.9822427930193953e-05,0.0002328739210497588,1.5957750292727724e-05,3.225585132327069e-08,1.6492882423335686e-05,2.4075223336694762e-05,0.011671268381178379,0.013265008106827736,0.0,0.015028906986117363,3.3747284760465845e-05,0.3600107431411743,5.991508622571473e-09,,,,,,
22,0.015615630894899368,2.9967768835876575e-05,9.323255049006548,4.450606346130371,0.0009964383207261562,0.00042735692113637924,2.80650738204713e-06,3.496595127217006e-06,0.00040722847916185856,0.0002440897369524464,1.954090294020716e-05,0.00024181895423680544,3.0790542950853705e-06,2.6842178257879823e-08,3.2184429983317386e-06,2.3813518055249006e-05,0.025440331548452377,0.0046881721355021,0.0,0.015661437064409256,1.340942890237784e-05,0.3600405156612396,2.353141681510351e-09,,,,,,
23,0.019197694957256317,2.9964773440636406e-05,9.731079020013567,14.475043296813965,0.0010761839803308249,0.00044575188076123595,7.9136425483739e-06,6.938216756680049e-06,0.0003734127094503492,0.00026725445059128106,1.9109747881884687e-05,0.0002636619028635323,1.1593117051234003e-05,5.107861156261606e-08,1.2088834409951232e-05,2.689989923965186e-05,0.0068093775771558285,0.005495418794453144,0.0,0.013415899127721786,2.984264210681431e-05,0.3600725531578064,2.222756645409163e-09,,,,,,
24,0.02560211718082428,2.9961645153518323e-05,10.14191985805519,23.018762588500977,0.0009248508722521365,0.0004013309662695974,1.7167731130030006e-05,1.7941272744792514e-05,0.0002034810313489288,0.00026661166339181364,1.895133391371928e-05,0.0002636555291246623,2.617397331050597e-05,7.343988528418777e-08,2.717289862630423e-05,2.9623470254591666e-05,0.005381694063544273,0.006374577060341835,0.0,0.0166702251881361,8.684361819177866e-05,0.36010462045669556,2.9305620152797474e-09,,,,,,
25,0.025828063488006592,2.9958384005397264e-05,10.553374833019916,22.1181583404541,0.0008526576566509902,0.0003892687091138214,1.6270758351311088e-05,1.66585341503378e-05,0.0004094129544682801,0.00024753250181674957,1.899877497635316e-05,0.0002461940748617053,2.4859187760739587e-05,7.147559699660633e-08,2.581363878562115e-05,2.9339335014810786e-05,0.004028269089758396,0.015700431540608406,0.0,0.016758494079113007,6.127446249593049e-05,0.36013665795326233,3.296881878611657e-09,1.1850622008262923,6.225716135298488,0.8613955648183941,0.5332460521807032,0.0033730319021926776,0.0037284526741908704
26,0.018719064071774483,2.995499002845944e-05,10.99242264404893,13.422734260559082,0.0010221900884062052,0.00036538299173116684,7.353894034167752e-06,6.731220310030039e-06,0.0005083422875031829,0.00023050566960591823,1.9229684767196886e-05,0.00023175097885541618,1.0576178283372428e-05,4.953517418471165e-08,1.1038986485800706e-05,2.6571933631203137e-05,0.01570630818605423,0.008938420563936234,0.0,0.014398445375263691,4.0547922253608704e-05,0.36016756296157837,6.115684847429748e-09,,,,,,
27,0.013926733285188675,2.9951463256202033e-05,11.401785243011545,2.764901876449585,0.0009762037661857903,0.00037862799945287406,2.46058789343806e-06,2.3096238237485522e-06,0.0006481739692389965,0.00023749249521642923,1.963943759619724e-05,0.0002426665450911969,2.3493864773627138e-06,2.8011440278419286e-08,2.470856998115778e-06,2.389318797213491e-05,0.005231804214417934,0.00524511281400919,0.0,0.011532513424754143,1.1602491213125177e-05,0.36019960045814514,1.4218191068948727e-09,,,,,,
28,0.020436454564332962,2.994780372343287e-05,11.806912419036962,12.757413864135742,0.001248084125109017,0.00045345324906520545,8.05085710453568e-06,8.909008101909421e-06,0.0006826241733506322,0.00024505468900315464,1.990763848880306e-05,0.0002515941741876304,9.109117854677606e-06,2.64820840811808e-08,9.383862561662681e-06,2.3742657504044473e-05,0.00964343175292015,0.011113916523754597,0.0,0.023607028648257256,5.73351135244593e-05,0.36023396253585815,1.6912817812908543e-08,,,,,,
29,0.019150106236338615,2.994401146627005e-05,12.22108287201263,13.825836181640625,0.0010288972407579422,0.0004335099074523896,9.701852832222357e-06,1.0050372111436445e-05,0.00047564832493662834,0.00023786613019183278,1.9910021364921704e-05,0.00024317535280715674,1.0423314961371943e-05,2.6887674309250542e-08,1.0732392183854245e-05,2.379942270636093e-05,0.005023367237299681,0.010965121909976006,0.0,0.010464589111506939,1.19067572086351e-05,0.36027058959007263,5.30232924234042e-09,,,,,,
30,0.01580113172531128,2.9940086522141625e-05,12.630155625054613,6.531506538391113,0.0010063874069601297,0.00038741398020647466,3.389664925634861e-06,4.413071565068094e-06,0.000442415417637676,0.0002292315475642681,1.968632022908423e-05,0.0002316507016075775,4.069132046424784e-06,2.6306846478973966e-08,4.2231413317495026e-06,2.372272683714982e-05,0.011664744466543198,0.012774255126714706,0.0,0.015282097272574902,4.551785605144687e-05,0.3603060841560364,2.5083621846277993e-09,,,,,,
31,0.017263568937778473,2.993602892978521e-05,13.037993835052475,7.861932277679443,0.0010125171393156052,0.0004215348162688315,3.491684765322134e-06,3.229037929486367e-06,0.00032976100919768214,0.00023747691011521965,1.9235454601584934e-05,0.00023676821729168296,4.805598109669518e-06,3.829478600891889e-08,5.057144335296471e-06,2.541640969866421e-05,0.00623073847964406,0.024759067222476006,0.0,0.014321309514343739,4.6532455598935485e-05,0.36034271121025085,1.607462607466914e-08,,,,,,
32,0.019330671057105064,2.9931838729247603e-05,13.447959225042723,12.484801292419434,0.0009958869777619839,0.0004359479062259197,6.3776983552088495e-06,5.617519491352141e-06,0.00034485640935599804,0.0002450549218337983,1.898902701213956e-05,0.00024360595853067935,9.326321560365614e-06,4.623445448714847e-08,9.73738860921003e-06,2.6575076844892465e-05,0.02346218004822731,0.01350023690611124,0.0,0.013392709195613861,2.514312473067548e-05,0.36038050055503845,8.568167841893626e-10,,,,,,
33,0.01786588504910469,2.9927515961884383e-05,13.854305618035141,8.84113597869873,0.0011213236721232533,0.00049378297990188,4.102589173271554e-06,3.4647550819499884e-06,0.0003619483613874763,0.00024021565332077444,1.8955070117954165e-05,0.00023930208408273757,5.924809556745458e-06,3.967754125255851e-08,6.211096660990734e-06,2.5765235477592796e-05,0.01825072430074215,0.009253750555217266,0.0,0.012974890880286694,1.2599610272445716e-05,0.36041828989982605,5.457549967502473e-09,,,,,,
34,0.015515951439738274,2.9923060670359536e-05,14.263255112047773,1.863468050956726,0.0009391169878654182,0.00045652437256649137,2.2941953830013517e-06,2.4833711904648226e-06,0.0004285057948436588,0.00023136740492191166,1.9096742107649334e-05,0.00023194344248622656,2.2555439045390813e-06,2.7694062154637322e-08,2.3808838705008384e-06,2.4057691916823387e-05,0.016368381679058075,0.012486102059483528,0.0,0.00996391661465168,1.5359850294771604e-05,0.36045607924461365,2.33451524778161e-09,,,,,,
35,0.017333531752228737,2.991847289864498e-05,14.66970243601827,8.551095962524414,0.001021978328935802,0.00042678089812397957,4.2471015149203595e-06,6.122150352894096e-06,0.00042013288475573063,0.00022955979511607438,1.9274806618341245e-05,0.00023134319053497165,5.5424934544134885e-06,2.578822133614267e-08,5.741384484281298e-06,2.3695061827311292e-05,0.01778312586247921,0.014857331290841103,0.0,0.012448483146727085,4.578023890644545e-06,0.36049386858940125,3.967434381024759e-09,,,,,,
36,0.016877735033631325,2.9913752692020165e-05,15.079703258001246,7.2132673263549805,0.0009961624164134264,0.00041833691648207605,3.954203293687897e-06,4.958463250659406e-06,0.0003844898601528257,0.00022936660388950258,1.924387652252335e-05,0.00023161034914664924,4.328881004767027e-06,2.5739005593550246e-08,4.4981948121858295e-06,2.371543632762041e-05,0.037951450794935226,0.008387838490307331,0.0,0.010105091147124767,5.575993418460712e-05,0.36053165793418884,5.271285630215061e-09,,,,,,
37,0.014186778105795383,2.9908900097071637e-05,15.497401215019636,2.2291293144226074,0.0009540244354866445,0.00039612999535165727,2.240138201159425e-06,2.025377852987731e-06,0.0002571001532487571,0.00022910181724000722,1.906109719129745e-05,0.00023078724916558713,2.3835195861465763e-06,3.0144818197186396e-08,2.5257081688323524e-06,2.445702557452023e-05,0.010146459564566612,0.009354563429951668,0.0,0.01543472334742546,3.635188841144554e-05,0.36056944727897644,5.0167243692555985e-09,,,,,,
38,0.01765022613108158,2.9903915161692543e-05,15.905665178026538,7.027924060821533,0.0011425674892961979,0.00047716242261230946,3.3714181881805416e-06,2.6524480745138135e-06,0.0003472935641184449,0.00022980566427577287,1.9012150005437434e-05,0.0002311617718078196,4.580944278131938e-06,3.564410278045216e-08,4.806411652680254e-06,2.5238503440050408e-05,0.017374932765960693,0.019343024119734764,0.0,0.006553713232278824,3.7441794120240957e-05,0.3606095314025879,1.9619861291175766e-09,,,,,,
39,0.017525624483823776,2.9898797935082182e-05,16.313423025014345,3.6300854682922363,0.0010463098296895623,0.00047670790809206665,2.393365321040619e-06,1.880076524685137e-06,0.0004893168807029724,0.00022834441915620118,1.916205474117305e-05,0.0002306217938894406,2.8282966013648547e-06,3.1344569606517325e-08,2.98742361337645e-06,2.4627121092635207e-05,0.015108603052794933,0.02191668376326561,0.0,0.016374336555600166,3.997343810624443e-05,0.3606473505496979,2.9181443372827687e-10,,,,,,
40,0.016247665509581566,2.9893548467745518e-05,16.722503244003747,4.967017650604248,0.0009148679673671722,0.0004164401616435498,2.715401024033781e-06,3.4586191759444773e-06,0.0005459562526084483,0.0002296356251463294,1.948041608557105e-05,0.00023286195937544107,3.2264574656437617e-06,2.5834964390014648e-08,3.370620788700762e-06,2.376381598878652e-05,0.006847572512924671,0.020229998975992203,0.0,0.016149427741765976,1.961000816663727e-05,0.3606874346733093,4.35238067808541e-09,,,,,,
41,0.016431914642453194,2.9888166811492668e-05,17.13265315402532,5.212846755981445,0.0010177684016525745,0.00045192649122327566,3.4087577205355046e-06,3.6391538742464036e-06,0.00036923945299349725,0.0002290522534167394,1.9559778593247756e-05,0.0002316328027518466,3.304732672404498e-06,2.579793623169735e-08,3.4500578749430133e-06,2.3756816517561674e-05,0.03192943334579468,0.0075031425803899765,0.0,0.011688360944390297,2.411854984529782e-05,0.36073097586631775,5.3768358654338044e-09,,,,,,
42,0.016026711091399193,2.9882653019438406e-05,17.54057004401693,2.4442553520202637,0.0010650705080479383,0.0004130081506446004,2.2524050109495874e-06,1.8704813555814326e-06,0.0003949326928704977,0.00023026471899356693,1.9472723579383455e-05,0.00023136084200814366,2.4098155790852616e-06,2.99426261562985e-08,2.5543818082951475e-06,2.4418875909759663e-05,0.019404487684369087,0.01901310309767723,0.0,0.01012076623737812,2.0597803086275235e-05,0.3607744872570038,1.1492519824685132e-08,,,,,,
43,0.015102391131222248,2.9877007146001644e-05,17.950740193016827,5.547032833099365,0.0010681821731850505,0.00037301305565051734,2.8897779884573538e-06,2.444238361931639e-06,0.0002848191652446985,0.00023052362666931003,1.9579814761527814e-05,0.00023156710085459054,3.612975660871598e-06,3.257830627489966e-08,3.799730166065274e-06,2.4914805180742405e-05,0.009589416906237602,0.010421458631753922,0.0,0.020174365490674973,5.107985998620279e-05,0.3608168959617615,3.793587666223175e-09,,,,,,
44,0.015178358182311058,2.9871229246904865e-05,18.357188213034533,0.5996782779693604,0.0008768637198954821,0.0003775092773139477,1.7929568230101722e-06,1.8923028619610704e-06,0.00038436567410826683,0.00022875734430272132,1.9877898012055084e-05,0.00023087304725777358,2.1508626559807453e-06,2.7786139611407634e-08,2.28037720262364e-06,2.4225864763138816e-05,0.008962688036262989,0.022263053804636,0.0,0.01696838065981865,3.0515271646436304e-05,0.36086156964302063,2.471109317170317e-09,,,,,,
45,0.015549292787909508,2.98653193791736e-05,18.76498007203918,4.890180587768555,0.0009409413323737681,0.0004074263561051339,2.697000581974862e-06,3.6045028082298813e-06,0.0004766423662658781,0.000229594690608792,2.016933103732299e-05,0.00023274478735402226,3.154684691253351e-06,2.5552628457603532e-08,3.301209062556154e-06,2.3801021598046646e-05,0.010410632006824017,0.01338580995798111,0.0,0.0164751335978508,1.174373483081581e-05,0.3609074056148529,7.965914150531717e-09,,,,,,
46,0.014834155328571796,2.9859277601135858e-05,19.17626051005209,2.0946359634399414,0.0008657667203806341,0.00039966119220480323,2.6120669645024464e-06,2.4340770323760808e-06,0.00038388065877370536,0.0002294129808433354,2.0142802895861678e-05,0.00023157735995482653,2.283800313307438e-06,2.6567935407229015e-08,2.407897682132898e-06,2.3944754502736032e-05,0.010877097025513649,0.0172170028090477,0.0,0.009802710264921188,2.8149032004876062e-05,0.3609543740749359,1.3659398057086491e-09,,,,,,
47,0.01585162803530693,2.985310397242156e-05,19.587373359012417,3.8592734336853027,0.0010935490718111396,0.00043914373964071274,2.5387478217453463e-06,1.8974309341501794e-06,0.00039147838833741844,0.00023134646471589804,1.9987042833236046e-05,0.0002323242515558377,2.8194008336868137e-06,3.125238379197981e-08,2.979518058054964e-06,2.4568842491135e-05,0.00923773180693388,0.013882750645279884,0.0,0.01593448407948017,1.5512685422436334e-05,0.3610002100467682,1.3665607312418615e-08,,,,,,
48,0.017027031630277634,2.984679855396192e-05,19.997910651029088,3.114384651184082,0.0008651920943520963,0.0004498780472204089,2.396783202129882e-06,1.8293928860657616e-06,0.00031751810456626117,0.00023272611724678427,1.992171019082889e-05,0.00023336468439083546,2.539173920013127e-06,3.078154264812838e-08,2.6883444661507383e-06,2.4442484573228285e-05,0.020541120320558548,0.030647017061710358,0.0,0.005497852806001902,7.390369137283415e-05,0.3610472083091736,1.49073713373582e-08,,,,,,
49,0.017269890755414963,2.9840361407988875e-05,20.407807413022965,2.6540286540985107,0.0011038072407245636,0.0005100601119920611,2.4641385607537813e-06,2.5652402655396145e-06,0.00039519937126897275,0.00023184053134173155,1.9873821656801738e-05,0.0002333691081730649,2.426229002594482e-06,2.6478875980728844e-08,2.543393293308327e-06,2.3886110284365714e-05,0.007585756480693817,0.024282563477754593,0.0,0.010344693437218666,4.125660052523017e-05,0.361090749502182,1.9868213740892315e-09,,,,,,
50,0.0151345981284976,2.983379259803445e-05,20.817322514019907,3.801569938659668,0.0008702799095772207,0.0004636269877664745,2.2862586774863303e-06,2.939793148470926e-06,0.00043039978481829166,0.00023249798687174916,1.9666054868139327e-05,0.0002340648352401331,2.705699216676294e-06,2.6052287438460553e-08,2.8242345706530614e-06,2.384629988227971e-05,0.013128586113452911,0.009330663830041885,0.0,0.009685284458100796,2.156943446607329e-05,0.36113202571868896,5.817661907769889e-09,1.1491691542508589,6.155384923228361,0.8053014442647761,0.657857139373013,0.003275066951822021,0.0036117242243217627
51,0.01360967755317688,2.9827092188930153e-05,21.25552874803543,1.416929841041565,0.001004109508357942,0.00036049805930815637,2.0466011392272776e-06,1.8604557681101141e-06,0.0003588703111745417,0.00023417202464770526,1.9309560229885392e-05,0.0002350913273403421,2.2094550331530627e-06,2.989272829267975e-08,2.342111429243232e-06,2.4312405003001913e-05,0.017307505011558533,0.005519770085811615,0.0,0.008993254043161869,3.5294349800096825e-05,0.3611733019351959,8.38811331504985e-09,,,,,,
52,0.015766693279147148,2.9820260246806312e-05,21.663312798016705,4.084662914276123,0.00085774454055354,0.0004547221469692886,2.189541419284069e-06,1.9016160877072252e-06,0.0005329234409146011,0.0002349729329580441,1.9093022274319082e-05,0.00023594681988470256,2.8634910904656863e-06,3.233656542533936e-08,3.0298542696982622e-06,2.4652221327414736e-05,0.012736532837152481,0.012691762298345566,0.0,0.012946821749210358,4.318152423365973e-05,0.36121341586112976,1.0809549699786203e-08,,,,,,
53,0.015324360691010952,2.9813296839091448e-05,22.07355703500798,0.43222281336784363,0.0008639428415335715,0.0004495179164223373,2.1008886506024282e-06,1.996715582208708e-06,0.00041703329770825803,0.00023239984875544906,1.9038960090256296e-05,0.0002341368090128526,2.094925093842903e-06,2.7991339024424633e-08,2.2136691768537275e-06,2.4108972866088152e-05,0.010717526078224182,0.015662766993045807,0.0,0.012724428437650204,2.400955418124795e-05,0.36125466227531433,2.0054480298625776e-09,,,,,,
54,0.014573419466614723,2.980620203451157e-05,22.484747530019376,3.633258581161499,0.0010324269533157349,0.00040258903754875064,2.4166297407646198e-06,2.9520688258344308e-06,0.00047692618682049215,0.00023113033967092633,1.892968430183828e-05,0.00023368651454802603,2.6824179713003105e-06,2.5829727690052096e-08,2.802429662551731e-06,2.3856100597186014e-05,0.012110020034015179,0.008673293516039848,0.0,0.006530256010591984,3.9307287806877866e-05,0.3612971007823944,3.700455053490259e-09,,,,,,
55,0.014132768847048283,2.9798975903089542e-05,22.898179306008387,0.8034152984619141,0.0008688045782037079,0.00038658216362819076,1.9171880012436304e-06,2.1227072011242853e-06,0.00047037581680342555,0.0002304147492395714,1.8772303519654088e-05,0.00023327984672505409,2.10659391086665e-06,2.7334579044691054e-08,2.225386197096668e-06,2.406345447525382e-05,0.01286271307617426,0.013302890583872795,0.0,0.004906778689473867,1.4080950677453075e-05,0.36133721470832825,2.129624254720852e-09,,,,,,
56,0.014582483097910881,2.979161851614437e-05,23.313802119053435,3.1390013694763184,0.0009061173186637461,0.0004657350364141166,2.4327928258571774e-06,1.8344489944865927e-06,0.0004607797018252313,0.00023140304256230593,1.867334867711179e-05,0.00023387129476759583,2.645977929205401e-06,3.038449847281299e-08,2.7970149858447257e-06,2.4501139705535024e-05,0.007015078328549862,0.009320556186139584,0.0,0.002191048115491867,6.2692342908121645e-06,0.3613739013671875,8.294979814138514e-09,,,,,,
57,0.014327996410429478,2.978412994629048e-05,23.720385182008613,1.6473548412322998,0.0008834591135382652,0.0003639744536485523,1.93555547411961e-06,1.8140397060051328e-06,0.0003618542687036097,0.0002312974102096632,1.8698168787523173e-05,0.0002337895566597581,2.2527660803461913e-06,2.8366915927335867e-08,2.38346501646447e-06,2.427270737825893e-05,0.012850774452090263,0.014756863936781883,0.0,0.014125309884548187,1.6652262274874374e-05,0.3614048659801483,1.5770396100123207e-09,,,,,,
58,0.015365966595709324,2.977651026743705e-05,24.13405725202756,2.510136842727661,0.0009570516995154321,0.0004549126315396279,2.3616928501724033e-06,2.463544888087199e-06,0.00042517477413639426,0.00023099726240616292,1.8790795365930535e-05,0.00023343281645793468,2.38850270761759e-06,2.557574063644097e-08,2.511915226932615e-06,2.3855085601098835e-05,0.011319211684167385,0.008672991767525673,0.0,0.018595131114125252,4.1460476495558396e-05,0.361438125371933,1.5211603088260972e-09,,,,,,
59,0.01614389382302761,2.9768759554787214e-05,24.54930046404479,2.211293935775757,0.0008510536863468587,0.00040692274342291057,2.2574758986593224e-06,2.312527158210287e-06,0.0005058093229308724,0.0002317752077942714,1.8802291378960945e-05,0.00023372378200292587,2.3155253074946813e-06,2.5472452591657202e-08,2.438940327920136e-06,2.388498978689313e-05,0.01914232224225998,0.01993817463517189,0.0,0.0173127930611372,4.156444265390746e-05,0.36147481203079224,2.5021535954294905e-09,,,,,,
60,0.015866806730628014,2.9760877884837402e-05,24.971014222013764,1.7466752529144287,0.0010644260328263044,0.00043168640695512295,1.9060083786825999e-06,1.856725248217117e-06,0.0003558954631444067,0.0002347361296415329,1.871349013526924e-05,0.00023591489298269153,2.2932599677005783e-06,2.7352793807722264e-08,2.4213441065512598e-06,2.4293538444908336e-05,0.012065871618688107,0.023140408098697662,0.0,0.005466913804411888,1.3410390238277614e-05,0.3615126609802246,9.710590553879683e-09,,,,,,
61,0.015056103467941284,2.975286533537649e-05,25.393541620054748,2.607950448989868,0.0008926992304623127,0.0004095469485037029,1.798181301637669e-06,1.9247986529080663e-06,0.0005636474816128612,0.00023715604038443416,1.8733036995399743e-05,0.0002376690972596407,2.434740963508375e-06,2.773585627835473e-08,2.5682325031084474e-06,2.4384897187701426e-05,0.012345077469944954,0.01680995523929596,0.0,0.004002689383924007,3.904801997123286e-05,0.36154821515083313,1.962607143468631e-08,,,,,,
62,0.015130233950912952,2.9744721985485115e-05,25.81750478304457,1.3267701864242554,0.0010004367213696241,0.0004071639268659055,1.968669494090136e-06,2.1768696569779422e-06,0.00032897511846385896,0.00023441693338099867,1.89282582141459e-05,0.0002349019341636449,2.163768840546254e-06,2.54578900182878e-08,2.2858823740534717e-06,2.3968057575984858e-05,0.01492906641215086,0.014631398022174835,0.0,0.013868998736143112,8.364708628505468e-05,0.36157917976379395,1.2045106245750503e-08,,,,,,
63,0.01564723625779152,2.9736447915534857e-05,26.234653590014204,2.506340503692627,0.0010473559377714992,0.0004622664419002831,2.1032305994594935e-06,2.5256717890442815e-06,0.0004698860866483301,0.00023253628751263022,1.9011251424672082e-05,0.00023327335657086223,2.3462284843844827e-06,2.4939676990243242e-08,2.4719577140785987e-06,2.3871420125942677e-05,0.013350814580917358,0.007111500017344952,0.0,0.019395019859075546,2.410642264294438e-05,0.3616124391555786,9.561578195871334e-10,,,,,,
64,0.014909456484019756,2.972804320718744e-05,26.65073283901438,0.7578941583633423,0.0010098606580868363,0.0004639201215468347,2.0595721252902877e-06,1.93258256331319e-06,0.0004588568117469549,0.00023211313236970454,1.905522913148161e-05,0.0002330096176592633,2.1451778593473136e-06,2.660233633378084e-08,2.269518063258147e-06,2.4145581846823916e-05,0.012782549485564232,0.0074192676693201065,0.0,0.00801932904869318,1.9501163478707895e-05,0.36164915561676025,6.724149237413712e-09,,,,,,
65,0.016022538766264915,2.9719507943393948e-05,27.06532634200994,2.62127423286438,0.0010572921019047499,0.00037345936289057136,2.1232242488622433e-06,1.809863078960916e-06,0.0005388774443417788,0.000232584192417562,1.9156212147208862e-05,0.00023309075913857669,2.4565438252466265e-06,2.859609615768477e-08,2.5975750759243965e-06,2.43022914219182e-05,0.02440735138952732,0.015984993427991867,0.0,0.01534316036850214,3.759377432288602e-05,0.36168354749679565,3.2161673324537787e-09,,,,,,
66,0.01417914405465126,2.9710842208393986e-05,27.47865941002965,0.42988401651382446,0.0008560204296372831,0.00042630702955648303,2.1392240796558326e-06,2.040978415607242e-06,0.0004995249910280108,0.00023288739612326026,1.934785905177705e-05,0.00023307278752326965,2.065653234240017e-06,2.7113200573580798e-08,2.185626271966612e-06,2.3955615688464604e-05,0.006491893902420998,0.009599696844816208,0.0,0.008362961933016777,6.236167973838747e-05,0.3617202639579773,5.122274160385132e-09,,,,,,
67,0.015522457659244537,2.9702046087714856e-05,27.892281828040723,2.4996769428253174,0.0009131758706644177,0.00047981616808101535,2.672372374945553e-06,2.3627962946193293e-06,0.0005799330538138747,0.0002321404463145882,1.947772761923261e-05,0.00023248576326295733,2.2858514512336114e-06,2.6049292500829324e-08,2.4003020371310413e-06,2.3809951017028652e-05,0.007450064644217491,0.014082571491599083,0.0,0.004338059574365616,3.809416011790745e-05,0.3617558181285858,2.0551185198058874e-09,,,,,,
68,0.01600663922727108,2.9693119668170726e-05,28.308028939005453,0.4367322027683258,0.0008981649298220873,0.0004637769307009876,1.798100470296049e-06,2.0102997950743884e-06,0.0003893044195137918,0.00023256395070347935,1.950314072018955e-05,0.00023264967603608966,2.061842224065913e-06,2.7914552447327878e-08,2.1841983652848285e-06,2.4008382752072066e-05,0.012692802585661411,0.017230577766895294,0.0,0.01839517429471016,4.693166556535289e-05,0.361786812543869,5.438923977862942e-09,,,,,,
69,0.015599573962390423,2.968406303786175e-05,28.72574128600536,2.18276309967041,0.0009516566642560065,0.0004999485681764781,1.754274649101717e-06,1.8508580978959799e-06,0.0003597978502511978,0.00023211032385006547,1.9454815628705546e-05,0.0002324004890397191,2.2588142201129813e-06,2.8976741006658813e-08,2.394627244939329e-06,2.4215731173171662e-05,0.009432082995772362,0.013497104868292809,0.0,0.010661045089364052,1.5987305232556537e-05,0.3618212342262268,9.226303276932413e-09,,,,,,
70,0.016411809250712395,2.967487628617321e-05,29.14279210701352,0.3518160581588745,0.001038042246364057,0.000459860370028764,1.8212529084848939e-06,2.0456832316995133e-06,0.0003156777529511601,0.0002308779367012903,1.951213926076889e-05,0.0002317056932952255,2.068005869659828e-06,2.676040899984855e-08,2.1855171326023992e-06,2.3980610421858728e-05,0.028598792850971222,0.014939337968826294,0.0,0.01333819143474102,5.738400432164781e-05,0.3618567883968353,3.209958521210865e-09,,,,,,
71,0.014756736345589161,2.966555950377463e-05,29.55150959501043,2.005715847015381,0.0008566773612983525,0.00038682096055708826,2.0849338397965766e-06,2.2049252947908826e-06,0.0003293793124612421,0.00023067081929184496,1.9488297766656615e-05,0.00023186062753666192,2.225650860054884e-06,2.5559057093005322e-08,2.3411050733557204e-06,2.3868735297583044e-05,0.016202209517359734,0.015409508720040321,0.0,0.014133577235043049,6.315635982900858e-05,0.36189350485801697,9.561580416317383e-10,,,,,,
72,0.01572020910680294,2.9656112782618912e-05,29.969358975009527,0.34273841977119446,0.0010459432378411293,0.0004404839128255844,1.8279055211678497e-06,2.0045113160449546e-06,0.00033573555992916226,0.00023100552789401263,1.943192728504073e-05,0.00023182964650914073,2.0699369542853674e-06,2.6646125306228896e-08,2.1898565591982333e-06,2.407558713457547e-05,0.00564973521977663,0.022094881162047386,0.0,0.011320425197482109,6.83655307511799e-05,0.36193138360977173,1.0666749261645236e-08,,,,,,
73,0.015982571989297867,2.964653621594136e-05,30.382401599024888,1.6495630741119385,0.0010776661802083254,0.0003781867562793195,1.875333964562742e-06,1.948465751411277e-06,0.0004069943097420037,0.00023189866624306887,1.9270173652330413e-05,0.00023248443903867155,2.202168161602458e-06,2.7735984176047168e-08,2.3317968498304253e-06,2.4237626348622143e-05,0.018062062561511993,0.024179842323064804,0.0,0.010601901449263096,1.249411616299767e-05,0.3619703948497772,2.0756079521788706e-08,,,,,,
74,0.015069025568664074,2.963682989825883e-05,30.79677460703533,0.12886996567249298,0.0010786409256979823,0.00044045806862413883,1.8366825997873093e-06,1.9186013560101856e-06,0.00037940143374726176,0.0002312877622898668,1.911371509777382e-05,0.00023239867005031556,2.0568368199747056e-06,2.6419021637025253e-08,2.1756468413514085e-06,2.405614941380918e-05,0.01774982176721096,0.009651301428675652,0.0,0.009369876235723495,1.6042287825257517e-05,0.3620094060897827,1.030663776546703e-09,,,,,,
75,0.01578267477452755,2.9626993925368757e-05,31.214543447014876,1.5078593492507935,0.0009960547322407365,0.0004139536467846483,1.874997906270437e-06,2.311180196556961e-06,0.00042110178037546575,0.00023072560725267977,1.9062181308981963e-05,0.00023251664242707193,2.138202944479417e-06,2.552331324068291e-08,2.2539238671015482e-06,2.391147063462995e-05,0.010776279494166374,0.0215236134827137,0.0,0.013525901362299919,3.455565092735924e-05,0.3620472848415375,1.8253922817734747e-09,1.0864904386294867,6.147702436656328,0.8236206625956721,0.704936531246638,0.0030643692671452494,0.0034435370642371473
76,0.014750953763723373,2.9617028394348224e-05,31.658346010022797,0.11778594553470612,0.000905892055016011,0.0004002526111435145,1.8911766801466001e-06,2.0122670321143232e-06,0.0003153886063955724,0.00023069174494594336,1.8959626686410047e-05,0.0002324910747120157,2.040630079136463e-06,2.6867814639786047e-08,2.1600217223749496e-06,2.4008837499422953e-05,0.024717966094613075,0.009200791828334332,0.0,0.015945127233862877,1.1845608241856098e-05,0.36208629608154297,2.3283064365386963e-09,,,,,,
77,0.01714872010052204,2.9606933403552998e-05,32.07350838900311,1.2112356424331665,0.0008822372183203697,0.000479196198284626,1.9843425889121136e-06,1.8020234620053088e-06,0.0005082111456431448,0.00023120715923141688,1.8920422007795423e-05,0.00023297386360354722,2.129139375028899e-06,2.8242553185009456e-08,2.2589338186662644e-06,2.41040215769317e-05,0.020938795059919357,0.02210875228047371,0.0,0.014803617261350155,3.9400343666784465e-05,0.3621264696121216,2.2786359465953865e-09,,,,,,
78,0.01566551811993122,2.959670905261656e-05,32.48642067902256,0.2856200933456421,0.000985868857242167,0.0004294527170713991,2.1458888568304246e-06,2.065146873064805e-06,0.0004452844150364399,0.00023304291244130582,1.8911729057435878e-05,0.0002344529057154432,2.0336665329523385e-06,2.7318440842805103e-08,2.1545188246818725e-06,2.396958734607324e-05,0.026053618639707565,0.011783129535615444,0.0,0.011606482788920403,3.4663264614209766e-06,0.3621666431427002,1.30385160446167e-08,,,,,,
79,0.014093203470110893,2.9586355442449126e-05,32.900831311999355,1.028285264968872,0.0009002293809317052,0.00035862030927091837,1.993952082557371e-06,2.219503585365601e-06,0.00037053166306577623,0.0002326281537534669,1.8994365746038966e-05,0.000234114850172773,2.0822446913371095e-06,2.5532504110969967e-08,2.1987812033330556e-06,2.3872577003203332e-05,0.00397026352584362,0.020619984716176987,0.0,0.007984975352883339,1.78878635779256e-05,0.3622068166732788,1.7695128695649487e-09,,,,,,
80,0.013549653813242912,2.9575872675236653e-05,33.316532182041556,0.15205524861812592,0.0009917999850586057,0.0003773753996938467,1.7760720538717578e-06,2.0097022570553236e-06,0.0003992500132881105,0.00023069922463037074,1.90355767699657e-05,0.000232994687394239,2.0699294509540778e-06,2.4836236178771287e-08,2.187750169468927e-06,2.3977478122105822e-05,0.003366071730852127,0.006049184128642082,0.0,0.01870536431670189,1.37504957820056e-05,0.36224469542503357,1.2231371471216335e-09,,,,,,
81,0.01544890832155943,2.956526085443982e-05,33.72921236901311,0.608144998550415,0.0010772445239126682,0.00040875314152799547,1.982837147807004e-06,1.7813430304158828e-06,0.0005515759694389999,0.00023069595044944435,1.906683246488683e-05,0.00023382814833894372,2.1085616026539356e-06,2.4757582650636323e-08,2.225990328952321e-06,2.4081664378172718e-05,0.019814414903521538,0.015876872465014458,0.0,0.0024329330772161484,3.877594645018689e-05,0.3622848689556122,1.73846881335038e-09,,,,,,
82,0.0148930000141263,2.955452008479301e-05,34.13988670601975,0.5770023465156555,0.0009935579728335142,0.0004103278915863484,1.9085832718701568e-06,2.0622217107302276e-06,0.0005992023507133126,0.00023155500821303576,1.908420199470129e-05,0.00023526207951363176,2.0869979380222503e-06,2.4661664710379227e-08,2.203942131018266e-06,2.4039472918957472e-05,0.014086284674704075,0.006369861774146557,0.0,0.017162075266242027,2.8761487556039356e-05,0.3623204827308655,2.489735528854453e-09,,,,,,
83,0.013786563649773598,2.9543650472303284e-05,34.54879803804215,0.47969287633895874,0.0007964912801980972,0.00040040333988144994,1.7577251583134057e-06,1.8703871091929614e-06,0.000477049732580781,0.00023073499323800206,1.9126820916426368e-05,0.00023355416487902403,2.0572183530020993e-06,2.5103243928015218e-08,2.1735995687777176e-06,2.39378132391721e-05,0.011018267832696438,0.009435787796974182,0.0,0.008062561973929405,4.2393374314997345e-05,0.36235836148262024,4.8118335982394456e-09,,,,,,
84,0.016100822016596794,2.9532652124249337e-05,34.96027486701496,0.2586168944835663,0.0009742788388393819,0.0003584114310797304,1.558502731313638e-06,1.9081460322922794e-06,0.0003015988622792065,0.00023418727505486459,1.912759216793347e-05,0.00023551349295303226,2.02559544959513e-06,2.664030596122302e-08,2.1423641101137036e-06,2.38962093135342e-05,0.04300243780016899,0.018116872757673264,0.0,0.01596628874540329,1.8407698007649742e-05,0.36239510774612427,1.3845662394373903e-09,,,,,,
85,0.014194324612617493,2.9521525149180412e-05,35.37515868601622,0.5518096089363098,0.0011184148024767637,0.00043617060873657465,2.160797976102913e-06,1.9659396457427647e-06,0.0003863675519824028,0.00023860231158323586,1.9109500499325804e-05,0.00023912951292004436,2.0138431864324957e-06,2.8128111395631095e-08,2.1337591533665545e-06,2.388338907621801e-05,0.016662947833538055,0.0020272822584956884,0.0,0.006622476503252983,5.365684501157375e-06,0.36243414878845215,1.7881394143159923e-09,,,,,,
86,0.016317030414938927,2.9510269656915274e-05,35.79246060200967,0.49725741147994995,0.0009101323666982353,0.0004627511079888791,1.7935693676918163e-06,1.9056165001529735e-06,0.00030320807127282023,0.00023627883638255298,1.9159280782332644e-05,0.00023712501570116729,2.011864808082464e-06,2.7439039484988825e-08,2.1293503777997103e-06,2.3851001969887875e-05,0.009029294364154339,0.023203406482934952,0.0,0.02044990099966526,3.832350193988532e-05,0.36246973276138306,6.811072150725295e-09,,,,,,
87,0.015708815306425095,2.949888575854108e-05,36.21377348905662,0.44555267691612244,0.0010946602560579777,0.0004148108419030905,2.079014166156412e-06,2.0333623069745954e-06,0.00044640578562393785,0.00023183433222584426,1.920148315548431e-05,0.00023407553089782596,2.036502110058791e-06,2.5428551708728264e-08,2.1518883386306698e-06,2.3853150196373463e-05,0.009611932560801506,0.011737911961972713,0.0,0.028369637206196785,2.792298619169742e-05,0.36250877380371094,5.3954627432517555e-09,,,,,,
88,0.017275141552090645,2.9487373566412305e-05,36.62888480705442,0.34301236271858215,0.0010716597316786647,0.00041860700002871454,2.0673239760071738e-06,1.9087740383838536e-06,0.00037966814124956727,0.0002339232014492154,1.9140599761158228e-05,0.00023751152912154794,2.066429942715331e-06,2.4295999878631847e-08,2.182430307584582e-06,2.3952958144946024e-05,0.0344657376408577,0.02293359488248825,0.0,0.014922471717000008,3.4786033211275935e-05,0.3625524342060089,8.692344621863413e-10,,,,,,
89,0.014910814352333546,2.9475733194149652e-05,37.04334075702354,0.9049519300460815,0.0009608276304788888,0.00041197234531864524,1.8277545450473554e-06,1.787842734302103e-06,0.000463932694401592,0.00023623470042366534,1.9006203729077242e-05,0.00024022448633331805,2.085321739286883e-06,2.393156606217417e-08,2.2004812763043446e-06,2.4011213099583983e-05,0.029373174533247948,0.006105650216341019,0.0,0.010139474645256996,1.3828529517923016e-05,0.36259719729423523,2.96781443864802e-09,,,,,,
90,0.018338821828365326,2.946396475663888e-05,37.45900122600142,0.49295297265052795,0.0010779505828395486,0.0005224663764238358,2.0463426153582986e-06,1.8869044424718595e-06,0.0005032757762819529,0.0002324839442735538,1.8853415895137005e-05,0.00023471994791179895,2.054085371128167e-06,2.4473479243170004e-08,2.1701803234464023e-06,2.3960375983733684e-05,0.032097358256578445,0.02260468527674675,0.0,0.008222585543990135,9.058765863301232e-05,0.3626396954059601,6.711731614927885e-09,,,,,,
91,0.015669921413064003,2.9452068370029732e-05,37.87374762404943,0.49953722953796387,0.000932344060856849,0.0004071100556757301,2.057629671980976e-06,2.0837051124544814e-06,0.0002305926027474925,0.00024072497035376728,1.883335062302649e-05,0.00024068243510555476,2.020972260652343e-06,2.53530991756179e-08,2.1374230527726468e-06,2.388876600889489e-05,0.009550453163683414,0.027642693370580673,0.0,0.01161166187375784,7.282911974471062e-05,0.36267876625061035,1.6080837772491918e-09,,,,,,
92,0.016033051535487175,2.9440044151734727e-05,38.295655863010325,0.8574403524398804,0.0009679280337877572,0.0004931312287226319,1.715123062240309e-06,2.1930495677224826e-06,0.00024446568568237126,0.0002485323348082602,1.8873606677516364e-05,0.00024760040105320513,2.018223312916234e-06,2.5444578000133333e-08,2.1331270545488223e-06,2.3836459149606526e-05,0.002211958169937134,0.0245209913700819,0.0,0.010028236545622349,9.438817505724728e-05,0.36271780729293823,4.271666576016742e-09,,,,,,
93,0.015167961828410625,2.9427892220428054e-05,38.707584561023396,0.66389399766922,0.0008713520364835858,0.00042121618753299117,1.5975959968272946e-06,2.257601863675518e-06,0.00047599952085874975,0.00023976490774657577,1.8916869521490298e-05,0.00023984965810086578,2.0227116692694835e-06,2.4891708250152078e-08,2.1385530999395996e-06,2.3863371097831987e-05,0.01410419400781393,0.012676974758505821,0.0,0.018425352871418,1.9005994545295835e-05,0.3627557158470154,1.2293458473422447e-09,,,,,,
94,0.017460335046052933,2.9415612696044367e-05,39.120454900024924,0.28655484318733215,0.0008559033740311861,0.0004874332225881517,1.7948625554708997e-06,1.9997121398773743e-06,0.00042269774712622166,0.0002314967568963766,1.899195194710046e-05,0.00023396678443532437,2.0335362478363095e-06,2.433150569913778e-08,2.1501482478925027e-06,2.390517693129368e-05,0.01707451418042183,0.03284936025738716,0.0,0.007101042661815882,6.070958625059575e-05,0.3627970814704895,5.494802834959955e-09,,,,,,
95,0.016322383657097816,2.9403205699777608e-05,39.53388709004503,0.9281546473503113,0.0010889889672398567,0.0004313710960559547,1.7205302356160246e-06,1.9102112673863303e-06,0.0006534205749630928,0.00023649673676118255,1.9114066162728705e-05,0.0002407133870292455,2.037993908743374e-06,2.3985895936107227e-08,2.1539058252528775e-06,2.388898064964451e-05,0.024179568514227867,0.010552171617746353,0.0,0.017871422693133354,1.4369762538990472e-05,0.36283499002456665,1.4652810076398737e-09,,,,,,
96,0.015617023222148418,2.9390671354079833e-05,39.946490444010124,0.7395753264427185,0.0012152071576565504,0.0005017120856791735,1.8387275986242457e-06,2.042266487478628e-06,0.0006422930164262652,0.00023447629064321518,1.9273258658358827e-05,0.00023821683134883642,2.0377806322358083e-06,2.488361872110545e-08,2.155285983462818e-06,2.386874803050887e-05,0.0026202695444226265,0.006267763674259186,0.0,0.011504463851451874,2.91690812446177e-05,0.36287522315979004,8.332232681595997e-09,,,,,,
97,0.014152544550597668,2.9378009782659968e-05,40.35921251401305,0.3278414011001587,0.0009326976141892374,0.00043008470674976707,1.92713719116e-06,1.8778113144435338e-06,0.000374077440937981,0.00023145295563153923,1.941092159540858e-05,0.00023317948216572404,1.9997219169454183e-06,2.6232626737510145e-08,2.1174025732761947e-06,2.377733471803367e-05,0.011697935871779919,0.004586481023579836,0.0,0.01649295911192894,1.3859757928003091e-05,0.3629142642021179,5.966673377599818e-09,,,,,,
98,0.016448674723505974,2.9365221110482612e-05,40.771609495044686,0.7730422019958496,0.0009175260784104466,0.00044191820779815316,1.92597008208395e-06,2.0058164409419987e-06,0.00039017718518152833,0.00024097405548673123,1.954640174517408e-05,0.00024013219808693975,1.975518443941837e-06,2.710093660596158e-08,2.0890997802780475e-06,2.3676728233112954e-05,0.0067153796553611755,0.030667200684547424,0.0,0.011957410722970963,1.7279096937272698e-05,0.3629544973373413,6.873160707243642e-09,,,,,,
99,0.014081290923058987,2.9352305463766795e-05,41.183465744019486,0.7220802307128906,0.0010558037320151925,0.0004360910679679364,1.894237129818066e-06,1.8987234398082364e-06,0.00030743901152163744,0.00024565603234805167,1.957117456186097e-05,0.00024402621784247458,1.9837732452288037e-06,2.6644880080084477e-08,2.0966626834706403e-06,2.36763935390627e-05,0.01068433653563261,0.004663553554564714,0.0,0.011236954480409622,5.3890718845650554e-05,0.3629935681819916,3.7128724539314817e-09,,,,,,
100,0.01491060946136713,2.9339262969984735e-05,41.59781162702711,0.3346611559391022,0.0008992551011033356,0.0005015701754018664,2.1415555693238275e-06,1.9814647203020286e-06,0.0003901598392985761,0.00023939406673889607,1.9549726857803762e-05,0.0002384771651122719,2.0142965695413295e-06,2.5260337821464418e-08,2.129265112671419e-06,2.3768163373460993e-05,0.008854877203702927,0.009684940800070763,0.0,0.006802598014473915,1.2273250831640325e-05,0.3630314767360687,1.9433596953888355e-09,1.0741490539630627,6.2579235222561005,0.8180828513904699,0.6594771577276617,0.0030161811841144005,0.003416281968299692
101,0.013320868834853172,2.9326093757860576e-05,42.0391829390428,0.3803853988647461,0.0009973937412723899,0.00040492319385521114,1.7430011212127283e-06,1.9007463833986549e-06,0.0004441804194357246,0.00023363794025499374,1.9549122953321785e-05,0.00023403034720104188,2.0596366994141135e-06,2.3878468979887657e-08,2.172960648749722e-06,2.3863633032306097e-05,0.002251577563583851,0.00445406511425972,0.0,0.00997474230825901,3.60335543518886e-05,0.3630671203136444,3.8494665233201886e-09,,,,,,
102,0.014483645558357239,2.931279795736914e-05,42.45338496303884,0.5555169582366943,0.0010694792727008462,0.000400441640522331,2.0236991531419335e-06,1.960391273314599e-06,0.0005181464366614819,0.0002336616744287312,1.9567994968383573e-05,0.0002352823066757992,2.080731519527035e-06,2.3116150771329558e-08,2.1939194994047284e-06,2.386084452155046e-05,0.005380044691264629,0.011124889366328716,0.0,0.011363481171429157,1.6668796888552606e-05,0.3631027340888977,5.134691782870959e-09,,,,,,
103,0.014312191866338253,2.9299375699734593e-05,42.86824619903928,0.5049482583999634,0.0009891424560919404,0.00042744592064991593,2.0484653759922367e-06,1.871711674539256e-06,0.00039018329698592424,0.00023432431044057012,1.9465891455183737e-05,0.00023621311993338168,2.0740358195325825e-06,2.3252013647834247e-08,2.1856722014490515e-06,2.3894977857708e-05,0.013351654633879662,0.00794282928109169,0.0,0.008123962208628654,2.1109393856022507e-05,0.36313721537590027,1.6267100999556305e-09,,,,,,
104,0.01570647954940796,2.928582711742921e-05,43.317667653027456,0.5845587253570557,0.00097763747908175,0.00045421053073368967,1.8116901401299401e-06,1.8840372604245204e-06,0.000509893405251205,0.00023301821784116328,1.940612492035143e-05,0.00023419639910571277,2.0488321297307266e-06,2.4485672156515648e-08,2.162047621823149e-06,2.388740176684223e-05,0.007552045397460461,0.017074819654226303,0.0,0.01316871214658022,4.07321349484846e-05,0.363169401884079,1.502533875097356e-09,,,,,,
105,0.014063193462789059,2.9272152344172027e-05,43.73236381303286,0.3818569481372833,0.0008438515360467136,0.00042134826071560383,2.0169918570900336e-06,2.0399224922584835e-06,0.00033126093330793083,0.0002336746547371149,1.93689684238052e-05,0.00023397417680826038,1.9826629795716144e-06,2.587757919059186e-08,2.0937495719408616e-06,2.3751190383336507e-05,0.011641371995210648,0.011669392697513103,0.0,0.00691438652575016,4.408274980960414e-05,0.3632027506828308,3.098199696793813e-09,,,,,,
106,0.013560126535594463,2.9258351514927534e-05,44.14297234604601,0.3463563024997711,0.001095097279176116,0.00036414206260815263,1.6720663325031637e-06,2.1518014818866504e-06,0.0003850591310765594,0.0002372673334321007,1.931362203322351e-05,0.00023653724929317832,1.9458425413176883e-06,2.7822324000226217e-08,2.057771780528128e-06,2.371446680626832e-05,0.010727426037192345,0.006738258991390467,0.0,0.01041279174387455,1.8689239368541166e-05,0.3632326126098633,5.88595838735273e-09,,,,,,
107,0.015732701867818832,2.924442476590434e-05,44.554784706037026,0.9218833446502686,0.0010144301922991872,0.00051253626588732,1.8340500673730276e-06,1.7771147895473405e-06,0.0004092555900570005,0.0002405182458460331,1.9309982235427015e-05,0.00023921218235045671,1.954889057742548e-06,2.8752964453815366e-08,2.0743232198583428e-06,2.375884650973603e-05,0.009521376341581345,0.013458099216222763,0.0,0.008065070025622845,2.2541411453858018e-05,0.36326250433921814,4.7435366745673946e-09,,,,,,
108,0.01513898465782404,2.923037223455384e-05,44.96455827500904,0.5254389643669128,0.0009539747261442244,0.0005091913044452667,2.208747218901408e-06,2.129649828930269e-06,0.0003637109184637666,0.00023502645490225405,1.933200292114634e-05,0.00023472230532206595,1.958248503797222e-06,2.6076090620108516e-08,2.0697441414085915e-06,2.3715407223789953e-05,0.009455174207687378,0.006810986436903477,0.0,0.012830337509512901,4.976607669959776e-05,0.36329010128974915,7.574757487915917e-10,,,,,,
109,0.015338276512920856,2.9216194059568842e-05,45.377051358052995,0.22807425260543823,0.0009300158126279712,0.00039927271427586675,1.6884666820260463e-06,1.849171439971542e-06,0.0005166589980944991,0.00023235012486111373,1.9321618310641497e-05,0.00023323012283071876,1.9933654584747273e-06,2.3933678150456217e-08,2.1061191546323244e-06,2.3802076611900702e-05,0.012751886621117592,0.017885493114590645,0.0,0.014739930629730225,4.60458395536989e-05,0.363319993019104,3.2658378223970885e-09,,,,,,
110,0.015481690876185894,2.9201890380882217e-05,45.789404041017406,0.5212658643722534,0.0009187784162349999,0.0004852356796618551,1.832599764384213e-06,1.9872229586326284e-06,0.0003871372900903225,0.00023282153415493667,1.934181636897847e-05,0.00023443660757038742,2.0343863980087917e-06,2.3093624790249123e-08,2.1466635189426597e-06,2.3903223336674273e-05,0.02158460021018982,0.008185208775103092,0.0,0.012572862207889557,2.1688527340302244e-05,0.363351047039032,4.488974525429512e-09,,,,,,
111,0.016070576384663582,2.918746133966549e-05,46.210377268027514,0.34536319971084595,0.0010301443981006742,0.0005018466035835445,1.921539478644263e-06,1.798280550247e-06,0.000475460197776556,0.00023282194160856307,1.9341203369549476e-05,0.00023431939189322293,2.0242141545168124e-06,2.2787251197087244e-08,2.1364112399169244e-06,2.3862390662543476e-05,0.012430631555616856,0.016198445111513138,0.0,0.0057425969280302525,2.437724469928071e-05,0.3633832335472107,1.8191833595082585e-09,,,,,,
112,0.01611110009253025,2.9172907078327473e-05,46.62318289000541,0.5679606795310974,0.0010194628266617656,0.00047449738485738635,2.094118599416106e-06,2.0403570033522556e-06,0.0004067052504979074,0.00023220249568112195,1.9294222511234693e-05,0.00023303364287130535,2.003499503189232e-06,2.315259983731721e-08,2.1161949916859157e-06,2.3754215362714604e-05,0.006364575121551752,0.020654384046792984,0.0,0.012005090713500977,6.318226223811507e-05,0.36341428756713867,4.88633933315441e-09,,,,,,
113,0.016408022493124008,2.9158227740512857e-05,47.03734770900337,0.2869478762149811,0.0010638193925842643,0.000465745193650946,1.7976575463762856e-06,1.9690096451085992e-06,0.00031766510801389813,0.00023411601432599127,1.9213071936974302e-05,0.00023388059344142675,1.975765599127044e-06,2.4702128342823926e-08,2.0901975403830875e-06,2.376039992668666e-05,0.030697990208864212,0.015794895589351654,0.0,0.007370446342974901,0.00010263432341162115,0.36344531178474426,1.210719524635806e-09,,,,,,
114,0.016054833307862282,2.9143423471100778e-05,47.4502910420415,1.174367070198059,0.0010067588882520795,0.0004541457165032625,2.1102046048326883e-06,2.006642489504884e-06,0.0005058946553617716,0.00023679298465140164,1.907414298329968e-05,0.00023608497576788068,1.9635238004411804e-06,2.623288253289502e-08,2.0803054212592542e-06,2.373425377300009e-05,0.017482707276940346,0.01465634722262621,0.0,0.013462211936712265,3.779535836656578e-05,0.3634740710258484,1.0201087086159077e-08,,,,,,
115,0.014429493807256222,2.912849441620339e-05,47.86318298400147,1.1550931930541992,0.001070913509465754,0.0004459661431610584,2.103365659422707e-06,2.005418082262622e-06,0.0003619148046709597,0.00023089237220119685,1.8975282728206366e-05,0.00023230185615830123,1.9834267277474282e-06,2.4979836865668403e-08,2.0908239548589336e-06,2.361456790822558e-05,0.007795374374836683,0.007756034843623638,0.0,0.01038321852684021,2.4539711375837214e-05,0.36350396275520325,2.539406462886973e-09,,,,,,
116,0.014638293534517288,2.9113440723164442e-05,48.27586272201734,0.35472720861434937,0.0009128927486017346,0.00048127915943041444,1.7818244941736339e-06,1.8399957752990304e-06,0.00038656414835713804,0.00023100851103663445,1.8887487385654822e-05,0.00023403755039907992,1.9837243598885834e-06,2.4912656826359125e-08,2.0965981093468145e-06,2.374884206801653e-05,0.00802266038954258,0.004335435573011637,0.0,0.018510494381189346,4.978694414603524e-05,0.3635327219963074,5.88595838735273e-09,,,,,,
117,0.015038330107927322,2.9098262540557807e-05,48.69148269802099,1.1985492706298828,0.0009289716253988445,0.0004324024193920195,1.8677874322747812e-06,1.9031356259802124e-06,0.0004132999456487596,0.00023153646907303482,1.8780416212393902e-05,0.0002350125869270414,2.0772995412698947e-06,2.449650793323599e-08,2.192243755416712e-06,2.3885670088930055e-05,0.017155228182673454,0.012634528800845146,0.0,0.009580585174262524,5.05686693941243e-05,0.36356377601623535,1.103927793622006e-08,,,,,,
118,0.014271726831793785,2.9082960018186024e-05,49.103228932013735,0.7482948899269104,0.0010956503683701158,0.000395695649785921,1.3232474884716794e-06,1.9013790506505757e-06,0.0003770842158701271,0.0002303133805980906,1.8711316442932002e-05,0.00023313440033234656,2.000243966904236e-06,2.3245597446930333e-08,2.1086661945446394e-06,2.3736472940072417e-05,0.01163358986377716,0.007107669021934271,0.0,0.0173508133739233,3.537064912961796e-05,0.3635936677455902,5.93562887729604e-09,,,,,,
119,0.014968659728765488,2.9067533307078808e-05,49.51693714503199,0.8196485638618469,0.0010171296307817101,0.0004425705410540104,2.170527977796155e-06,1.8947428088722518e-06,0.0004364134219940752,0.0002331168216187507,1.857712231867481e-05,0.0002340510254725814,1.9942376638937276e-06,2.355469774784069e-08,2.1015234779042657e-06,2.3696904463577084e-05,0.00787789560854435,0.014271793887019157,0.0,0.00816794391721487,1.2871082617493812e-05,0.3636247217655182,3.6632026301219867e-09,,,,,,
120,0.01655498519539833,2.905198255949157e-05,49.93014484300511,1.271926760673523,0.0009184345253743231,0.00047776903375051916,1.885436518023198e-06,1.8728323993855156e-06,0.0003379408153705299,0.00024530795053578913,1.8468463167664595e-05,0.0002445094578433782,2.0064965156052494e-06,2.5080820975631468e-08,2.121022362189251e-06,2.3845914256526157e-05,0.03223142400383949,0.018046637997031212,0.0,0.006897580809891224,3.317088703624904e-05,0.36365464329719543,9.015202806494926e-09,,,,,,
121,0.016421305015683174,2.903630792890391e-05,50.34482270904118,0.714647114276886,0.0009936565766111016,0.0005234565469436347,1.7645974139668397e-06,1.8708715288084932e-06,0.00032566371373832226,0.00024726861738599837,1.8490090951672755e-05,0.00024607175146229565,1.959637302206829e-06,2.4022504874210426e-08,2.0678003238572273e-06,2.3727057850919664e-05,0.022442802786827087,0.013986840844154358,0.0,0.00897766649723053,6.473429675679654e-05,0.3636833727359772,4.836668399121891e-09,,,,,,
122,0.01561941858381033,2.9020509570018102e-05,50.75474976503756,1.0937858819961548,0.001006211037747562,0.00044263931340537965,2.0290531210775953e-06,2.2759215880796546e-06,0.0004271712969057262,0.00023637161939404905,1.8518383512855507e-05,0.00023643727763555944,2.0167390175629407e-06,2.2801856403020793e-08,2.1234347968857037e-06,2.3651275114389136e-05,0.014418469741940498,0.013571983203291893,0.0,0.016539495438337326,7.408642886730377e-06,0.36371099948883057,4.687657373381171e-09,,,,,,
123,0.015935510396957397,2.9004587638757576e-05,51.166512089024764,0.6506866812705994,0.0011438850779086351,0.0004393775889184326,1.659564418332593e-06,1.8915782220574329e-06,0.0005337645998224616,0.00023117834643926471,1.850974149419926e-05,0.00023287060321308672,2.0019724615849555e-06,2.2875600080851655e-08,2.110276682287804e-06,2.3814804080757312e-05,0.0058144452050328255,0.01536351814866066,0.0,0.020705638453364372,6.847999884485034e-06,0.3637408912181854,4.197160841101777e-09,,,,,,
124,0.01467537134885788,2.898854229226536e-05,51.57866047904827,0.6796103715896606,0.0009824191220104694,0.00037507779779843986,1.8889616058004322e-06,1.9053517235079198e-06,0.0004573869227897376,0.00023246438649948686,1.8494039977667853e-05,0.00023499163216911256,2.0125000901316525e-06,2.2954919742801394e-08,2.1211703824519645e-06,2.37984841078287e-05,0.01845674403011799,0.015947837382555008,0.0,0.0054494645446538925,2.500280061212834e-05,0.3637731075286865,3.4396847592432778e-09,,,,,,
125,0.0151238227263093,2.8972373688902555e-05,51.988903250021394,0.9454178214073181,0.0012316628126427531,0.0004048892005812377,2.0536122065095697e-06,2.0072916413482744e-06,0.0004674693336710334,0.00023325732036028057,1.8439017367199995e-05,0.00023584914742968976,1.964921921171481e-06,2.289226230800523e-08,2.070035179713159e-06,2.363582098041661e-05,0.005598968826234341,0.015863560140132904,0.0,0.008545087650418282,8.858825458446518e-05,0.36380302906036377,3.4521023817291052e-09,1.0108408116924847,6.090421302225929,0.8090249646816926,0.6882713447879183,0.002806027121155845,0.0032432385718343362
126,0.017005963250994682,2.8956081988246736e-05,52.42848326504463,0.21483354270458221,0.001038175541907549,0.00046558043686673045,1.985636572499061e-06,2.035526904364815e-06,0.0006104506901465356,0.00023159864940680563,1.836924820963759e-05,0.0002331097930436954,1.9317708392918576e-06,2.4623737715501193e-08,2.0389873043313855e-06,2.363061321375426e-05,0.015531071461737156,0.020677272230386734,0.0,0.015319417230784893,3.8397683965740725e-05,0.3638317883014679,1.7881394143159923e-09,,,,,,
127,0.01502182800322771,2.8939667351090413e-05,52.83864417200675,0.5572267770767212,0.000996104907244444,0.0004468353872653097,2.0825775663979584e-06,1.8709836240304867e-06,0.0003724958223756403,0.00023679313017055392,1.833578608056996e-05,0.00023709938977845013,1.936758962983731e-06,2.6460384106030688e-08,2.0508748548309086e-06,2.3647702619200572e-05,0.017833534628152847,0.011628374457359314,0.0,0.0051996782422065735,0.00011250973329879344,0.36386170983314514,2.91814394870471e-09,,,,,,
128,0.014997795224189758,2.8923129939439438e-05,53.24895314703463,0.48267725110054016,0.0009677782654762268,0.0004198403039481491,1.7637046312302118e-06,1.9519970919645857e-06,0.000266810180619359,0.00024140372988767922,1.8401671695755795e-05,0.000241225614445284,1.9146477825415786e-06,2.5386341917510435e-08,2.02312799046922e-06,2.3610256903339177e-05,0.0289104413241148,0.008976742625236511,0.0,0.01372544839978218,1.397614414599957e-05,0.36388930678367615,2.7008357772473346e-09,,,,,,
129,0.016464509069919586,2.8906469916511374e-05,53.656848240003455,0.7937661409378052,0.0010607338044792414,0.0004445424710866064,1.7707677670841804e-06,2.093864168273285e-06,0.00038395015872083604,0.000237825617659837,1.8582895791041665e-05,0.00023810015409253538,1.955952939169947e-06,2.3250027680887797e-08,2.060356564470567e-06,2.3561722628073767e-05,0.007342521101236343,0.021618874743580818,0.0,0.024175018072128296,5.2735322242369875e-05,0.3639180660247803,2.042701119364665e-09,,,,,,
130,0.01509417686611414,2.888968744673393e-05,54.0676555140526,0.15988712012767792,0.0009844236774370074,0.0004756324633490294,1.76120283867931e-06,1.8879234175983584e-06,0.00039495358942076564,0.0002313488512299955,1.8712567907641642e-05,0.0002328686969121918,1.964200691872975e-06,2.2159568402457808e-08,2.070553364319494e-06,2.3656943085370585e-05,0.004890326410531998,0.01634194701910019,0.0,0.0053366245701909065,5.985581083223224e-05,0.3639514446258545,3.1789146870409013e-09,,,,,,
131,0.013321702368557453,2.887278269574331e-05,54.478586975019425,0.4727305769920349,0.0010094542521983385,0.00037506892113015056,1.6838707779243123e-06,1.7624251995584927e-06,0.00034789048368111253,0.00022998875647317618,1.8930881196865812e-05,0.0002325237001059577,1.9951332888012985e-06,2.172295410218794e-08,2.100177425745642e-06,2.3720913304714486e-05,0.008811741136014462,0.006044261157512665,0.0,0.012634248472750187,1.9553497622837313e-05,0.36398136615753174,1.583248532277537e-09,,,,,,
132,0.013597765006124973,2.8855755830382576e-05,54.88678457401693,0.32952365279197693,0.0010149425361305475,0.00030895048985257745,1.8664297840587096e-06,1.7614513581065694e-06,0.0003238095378037542,0.0002304462977917865,1.9156568669131957e-05,0.00023330743715632707,1.9765595880016917e-06,2.1662797777821652e-08,2.081210823234869e-06,2.3659164071432315e-05,0.019171927124261856,0.009901736862957478,0.0,0.01602945663034916,3.5861881769960746e-05,0.364011287689209,3.899137013263498e-09,,,,,,
133,0.01431859377771616,2.8838607018700012e-05,55.30138673703186,0.2099749594926834,0.0008511932101100683,0.00044213375076651573,2.0664449493779102e-06,1.8111202280124417e-06,0.00044757462455891073,0.00023011847224552184,1.9284558220533654e-05,0.00023242591123562306,1.9547446754586417e-06,2.2139102995311077e-08,2.0588506686181063e-06,2.3584483642480336e-05,0.009232335723936558,0.011814188212156296,0.0,0.005677857436239719,3.8956000935286283e-05,0.3640435039997101,9.660919175757954e-09,,,,,,
134,0.014978047460317612,2.882133642994748e-05,55.712966516031884,0.36554551124572754,0.000995454378426075,0.00041380428592674434,1.7757499790604925e-06,1.944177256518742e-06,0.000556588580366224,0.00023037618666421622,1.9269147742306814e-05,0.0002323396474821493,1.9331753264850704e-06,2.3033820184537035e-08,2.036387286352692e-06,2.354488788114395e-05,0.009856125339865685,0.01048760674893856,0.0,0.01843675784766674,3.0668281397083774e-05,0.36407342553138733,2.4586916946844894e-09,,,,,,
135,0.013938361778855324,2.8803944234578705e-05,56.12640382302925,0.40196481347084045,0.0009029696811921895,0.00039356498746201396,1.7856373233371414e-06,1.7422407836420462e-06,0.0005536001408472657,0.00023184422752819955,1.9220964531996287e-05,0.00023292089463211596,1.9284275367681403e-06,2.465451842681432e-08,2.0355209926492535e-06,2.356769982725382e-05,0.0044296844862401485,0.01000618003308773,0.0,0.012686735019087791,3.732334153028205e-05,0.36410680413246155,6.575137767583783e-09,,,,,,
136,0.01503688283264637,2.8786430604247638e-05,56.54282049002359,0.37630870938301086,0.0009966380894184113,0.000385994091629982,1.8406194612907711e-06,1.959475639523589e-06,0.00031371263321489096,0.00023557472741231322,1.915107168315444e-05,0.00023573775251861662,1.8994155652762856e-06,2.49554457099066e-08,2.003352619794896e-06,2.3535434593213722e-05,0.00815407931804657,0.025887060910463333,0.0,0.005517184268683195,7.749564247205853e-05,0.36414018273353577,1.3038515822572094e-09,,,,,,
137,0.015259434469044209,2.876879571180674e-05,56.95220803102711,0.7001461982727051,0.0010876484448090196,0.00042113650124520063,2.0144252630416304e-06,2.102165353790042e-06,0.000337646109983325,0.00023584548034705222,1.9105062165181153e-05,0.0002359166246606037,1.9193532807548763e-06,2.3761300482760817e-08,2.018636223510839e-06,2.3512027837568894e-05,0.016663486137986183,0.01120053045451641,0.0,0.01818682812154293,2.1643922082148492e-05,0.36417126655578613,5.27749510759179e-10,,,,,,
138,0.015711400657892227,2.8751039731305278e-05,57.364952433039434,0.39734283089637756,0.000885200803168118,0.0004739198775496334,1.7370607565680984e-06,2.0467882677621674e-06,0.00032350720721296966,0.00023502706608269364,1.899763083201833e-05,0.00023524725111201406,1.94222934624122e-06,2.3214878908106584e-08,2.0451575437618885e-06,2.3632739612367004e-05,0.018336281180381775,0.017483973875641823,0.0,0.00783691368997097,0.00011150257341796532,0.36420464515686035,3.0857820743079856e-09,,,,,,
139,0.01510564237833023,2.873316283798762e-05,57.7793409890146,0.49244171380996704,0.0007993475301191211,0.00040419059223495424,1.4998854567238595e-06,1.8475300294085173e-06,0.00042587489588186145,0.00023431633599102497,1.8952265236293897e-05,0.00023479206720367074,1.957293306986685e-06,2.226878947908517e-08,2.058219024547725e-06,2.3659251382923685e-05,0.022891758009791374,0.01885811984539032,0.0,0.0071133701130747795,3.598975672503002e-05,0.36423686146736145,2.241383079137904e-09,,,,,,
140,0.014068658463656902,2.871516520829147e-05,58.19291126000462,0.9589747786521912,0.0009584026411175728,0.0004107420681975782,1.7798827229853487e-06,1.999566393351415e-06,0.0004942327504977584,0.00023515336215496063,1.8879274648497812e-05,0.00023560543195344508,1.963663180504227e-06,2.15966107219856e-08,2.0630500330298673e-06,2.3543849238194525e-05,0.015103939920663834,0.0072465622797608376,0.0,0.00601623672991991,2.6115458240383305e-05,0.3642667829990387,8.276353824498983e-09,,,,,,
141,0.015110917389392853,2.869704701984618e-05,58.6033413290279,0.4241126477718353,0.0009571902337484062,0.0004091009614057839,1.6235048860835377e-06,1.8161890693590976e-06,0.0004232858482282609,0.0002356416662223637,1.879868250398431e-05,0.00023561868874821812,1.9376434465812054e-06,2.2646943875770376e-08,2.039033233813825e-06,2.3583364963997155e-05,0.01879543997347355,0.016529729589819908,0.0,0.008800700306892395,1.895137393148616e-05,0.3642944097518921,6.3640377412355065e-09,,,,,,
142,0.014777869917452335,2.867880845147095e-05,59.01667359104613,0.5127900838851929,0.0009448093478567898,0.00041685401811264455,1.9373387658561114e-06,1.8882358290284174e-06,0.0002711144625209272,0.00023654030519537628,1.8736485799308866e-05,0.00023627985501661897,1.9226934000471374e-06,2.365445794794141e-08,2.0263323676772416e-06,2.3527347366325557e-05,0.02525179274380207,0.008292064070701599,0.0,0.015721363946795464,2.4854634830262512e-05,0.36432090401649475,8.630255954322763e-10,,,,,,
143,0.013417643494904041,2.866044968317309e-05,59.4267083510058,0.7542068958282471,0.0009532865369692445,0.00042694428702816367,2.1403977825684706e-06,2.008897126870579e-06,0.00032183900475502014,0.00023549732577521354,1.872180109785404e-05,0.00023549569596070796,1.906531906570308e-06,2.321201542088147e-08,2.0049515114806127e-06,2.3416894691763446e-05,0.004528427962213755,0.006382381077855825,0.0,0.008157575502991676,9.10297421796713e-06,0.36434853076934814,2.4338564497128345e-09,,,,,,
144,0.014640437439084053,2.8641970896146227e-05,59.83796058205189,0.24094125628471375,0.0009613380534574389,0.00043706464930437505,1.8338439531362383e-06,1.8090593130182242e-06,0.0003022553282789886,0.0002348314446862787,1.868251638370566e-05,0.00023511119070462883,1.907101591314131e-06,2.334307680484926e-08,2.0104266695852857e-06,2.348786438233219e-05,0.024009957909584045,0.00724049424752593,0.0,0.010182096622884274,3.067730722250417e-05,0.36437615752220154,4.786998353267791e-09,,,,,,
145,0.014756741002202034,2.8623372272768527e-05,60.24908336205408,0.4371957778930664,0.0009069106890819967,0.0003796247183345258,1.7951891777556739e-06,1.8258892851008568e-06,0.00028341379947960377,0.00023292805417440832,1.8673054000828415e-05,0.0002337585319764912,1.937720298883505e-06,2.2676614364058878e-08,2.0423883597686654e-06,2.3561928173876368e-05,0.023876599967479706,0.01672203652560711,0.0,0.01050301268696785,1.983854963327758e-05,0.3644026517868042,1.4342367293807001e-09,,,,,,
146,0.013907005079090595,2.8604653996600906e-05,60.658588620019145,0.3889630138874054,0.0009798073442652822,0.00039164276677183807,1.8698158328334102e-06,1.8104726677847793e-06,0.0004532253078650683,0.00023178078117780387,1.8695665858103894e-05,0.00023295177379623055,1.9347958186699543e-06,2.1736871858024642e-08,2.0375289295770926e-06,2.352690171392169e-05,0.011327313259243965,0.007192010059952736,0.0,0.012431077659130096,2.7064783353125677e-05,0.3644302785396576,5.383044676676718e-09,,,,,,
147,0.015249894931912422,2.858581625238518e-05,61.07496097305557,0.24563008546829224,0.0008581918082199991,0.0004223097930662334,1.7515234276288538e-06,1.7732379546941957e-06,0.0004055126046296209,0.0002324862580280751,1.87364003068069e-05,0.00023366583627648652,1.9318599697726313e-06,2.1716806131166777e-08,2.03427271117107e-06,2.3562839487567544e-05,0.030500296503305435,0.005161002278327942,0.0,0.023639075458049774,4.2058672988787293e-05,0.364457905292511,2.6325384094860738e-09,,,,,,
148,0.016627516597509384,2.8566859226042282e-05,61.487437644042075,0.6050321459770203,0.001050666905939579,0.0004666194727178663,1.6097241086754366e-06,1.773541271177237e-06,0.00048376526683568954,0.00023247496574185789,1.878113835118711e-05,0.00023377547040581703,1.939079538715305e-06,2.2196209314984117e-08,2.0415952803887194e-06,2.3626475012861192e-05,0.017645597457885742,0.017893407493829727,0.0,0.01762300916016102,2.6403626179671846e-05,0.3644901514053345,2.1606685329800257e-09,,,,,,
149,0.014835713431239128,2.8547783104670414e-05,61.89867641305318,0.35884541273117065,0.0008624293259344995,0.00037784685264341533,1.828200197451224e-06,1.944000814546598e-06,0.0005238618468865752,0.00023167849576566368,1.8907840058091097e-05,0.00023313910060096532,1.911774688778678e-06,2.2094479135148504e-08,2.0116387986490736e-06,2.3522410629084334e-05,0.027833521366119385,0.007443922571837902,0.0,0.017719691619277,9.779080573935062e-05,0.3645246922969818,1.6745179465260662e-08,,,,,,
150,0.014681465923786163,2.8528588076543186e-05,62.311308944015764,0.4100843369960785,0.0010317099513486028,0.00040322422864846885,1.5119583167688688e-06,1.8834047068594373e-06,0.00035503818071447313,0.00023029248404782265,1.904961209220346e-05,0.0002321137726539746,1.9033691387448926e-06,2.2337905747349396e-08,2.0021834643557668e-06,2.351298462599516e-05,0.010399946011602879,0.01404227688908577,0.0,0.01351035013794899,0.00011817207996500656,0.36456039547920227,5.159527471931824e-09,0.9571880961542596,6.196451235158263,0.8019940726523299,0.6564366849511173,0.0026434103089926636,0.0030828793138656593
151,0.014975701458752155,2.8509274331107785e-05,62.75267727102619,0.5992132425308228,0.0007729532662779093,0.00045538105769082904,1.6913621720959782e-06,1.7721467884257436e-06,0.0003823660663329065,0.00023012625752016902,1.917826921271626e-05,0.0002319356717634946,1.9232263639423763e-06,2.3262563431103445e-08,2.0258655695215566e-06,2.3584507289342582e-05,0.027356591075658798,0.010356682352721691,0.0,0.007708084769546986,2.5261304472223856e-05,0.36459609866142273,4.284084198502569e-09,,,,,,
152,0.0156632699072361,2.8489842058983073e-05,63.16318904602667,0.12178563326597214,0.00107861019205302,0.0004444398800842464,1.7411573480785592e-06,1.8370423049418605e-06,0.0003621467330958694,0.00023004865215625614,1.92898660316132e-05,0.00023198308190330863,1.8892058051278582e-06,2.2835308755020378e-08,1.988552867260296e-06,2.3518316083936952e-05,0.023868853226304054,0.01410567108541727,0.0,0.008633582852780819,3.215795004507527e-05,0.36462950706481934,5.681068060425787e-09,,,,,,
153,0.015773965045809746,2.847029145195774e-05,63.57611218903912,0.32020655274391174,0.0009849444031715393,0.000395758863305673,1.7755621684045764e-06,1.9227361462981207e-06,0.000658084056340158,0.00023040530504658818,1.9375680494704284e-05,0.00023232470266520977,1.88844876447547e-06,2.230359896771006e-08,1.986040842893999e-06,2.3479369701817632e-05,0.012609942816197872,0.016717376187443733,0.0,0.01813683472573757,0.00014203741739038378,0.3646605908870697,5.358209431705063e-09,,,,,,
154,0.014178145676851273,2.845062270298837e-05,63.98851468000794,0.40904244780540466,0.0009931111708283424,0.0004029421543236822,1.9432095541560557e-06,2.0355450942588504e-06,0.0003392050857655704,0.00023090970353223383,1.9354170945007354e-05,0.00023257179418578744,1.8828284282790264e-06,2.2472439908938213e-08,1.9816282019746723e-06,2.3495114874094725e-05,0.003812616690993309,0.015483517199754715,0.0,0.009932665154337883,1.6652238628012128e-05,0.3646939992904663,4.259248509441704e-09,,,,,,
155,0.014988410286605358,2.843083600619759e-05,64.40042198903393,0.9563060998916626,0.0009613216971047223,0.000380474841222167,1.8507688537283684e-06,1.868910999291984e-06,0.0003576219896785915,0.00023186858743429184,1.9335853721713647e-05,0.00023309909738600254,1.932536861204426e-06,2.3363913470575426e-08,2.038824504779768e-06,2.360197322559543e-05,0.014635521918535233,0.019407710060477257,0.0,0.01212294027209282,7.716764230281115e-05,0.36472511291503906,6.059805990332734e-09,,,,,,
156,0.015759339556097984,2.8410931556872095e-05,64.81134390505031,0.4187692701816559,0.0011396922636777163,0.00043135671876370907,1.5000307485024678e-06,2.020635747612687e-06,0.00037264853017404675,0.0002320845815120265,1.929752943397034e-05,0.00023333642457146198,1.8852300627258956e-06,2.2385744813391284e-08,1.983651372938766e-06,2.3469756342819892e-05,0.014889054000377655,0.014987269416451454,0.0,0.01880459487438202,1.7502574337413535e-05,0.36475619673728943,2.0985804205508884e-09,,,,,,
157,0.013221540488302708,2.8390909551460777e-05,65.22252817900153,0.8891556859016418,0.001096933614462614,0.00034663709811866283,2.055960294455872e-06,2.095212721542339e-06,0.0005742527428083122,0.00023187432088889182,1.9116954717901535e-05,0.0002334688906557858,1.882844117062632e-06,2.2213242800717126e-08,1.9797466848103795e-06,2.3417886040988378e-05,0.014334587380290031,0.002645732369273901,0.0,0.005020117852836847,4.646660090656951e-05,0.36478960514068604,9.952734636442528e-09,,,,,,
158,0.016101049259305,2.8370770187572736e-05,65.629918318009,1.2066940069198608,0.000986726488918066,0.0004272439982742071,1.9774413431150606e-06,1.7989967773246462e-06,0.00036266318056732416,0.00023258298460859805,1.894920387712773e-05,0.00023395246535073966,1.9628801055660006e-06,2.350935446315816e-08,2.0718130144814495e-06,2.35687675740337e-05,0.03841494768857956,0.012142403051257133,0.0,0.013536974787712097,1.4578079571947455e-05,0.3648207187652588,1.8365682308285614e-08,,,,,,
159,0.014183680526912212,2.8350513663975373e-05,66.04394399304874,0.36165159940719604,0.0008833225001581013,0.00038844835944473743,1.6096158788059256e-06,1.7496507780379034e-06,0.0004215553344693035,0.0002327717375010252,1.8870257918024436e-05,0.00023412467271555215,1.8705675302044256e-06,2.2034964075601238e-08,1.969808863577782e-06,2.3435413822880946e-05,0.013412878848612309,0.009084917604923248,0.0,0.019316470250487328,2.9876635380787775e-05,0.3648529648780823,3.594904596226911e-09,,,,,,
160,0.014430124312639236,2.833014018059239e-05,66.46289478900144,1.395948052406311,0.0008373809978365898,0.0004513015737757087,2.0076297460036585e-06,2.139553089364199e-06,0.0005064303986728191,0.00023122654238250107,1.8731216187006794e-05,0.00023332364798989147,1.960687313840026e-06,2.076323468713781e-08,2.058605332422303e-06,2.3328782845055684e-05,0.0021531390957534313,0.012477001175284386,0.0,0.00954323448240757,5.2009861974511296e-05,0.364887535572052,1.4094014844090452e-09,,,,,,
161,0.014996292069554329,2.8309649938501845e-05,66.8823337580543,0.9813515543937683,0.0008924024878069758,0.0003775485965888947,1.5994769455573987e-06,1.671229028943344e-06,0.0005308776162564754,0.00023029290605336428,1.8524911865824834e-05,0.00023317892919294536,1.9543413145584054e-06,2.1361117319429468e-08,2.055364348052535e-06,2.3559352484880947e-05,0.024794595316052437,0.01583542302250862,0.0,0.00799384992569685,3.8130190660012886e-05,0.3649209439754486,7.4195365407092595e-09,,,,,,
162,0.014190582558512688,2.8289043139934157e-05,67.29842249304056,1.0014503002166748,0.0010204702848568559,0.0003536405274644494,1.5939785953378305e-06,1.7297879821853712e-06,0.00044301635352894664,0.00023024015536066145,1.849719774327241e-05,0.00023286532086785883,1.9463991520751733e-06,2.123837639089743e-08,2.0478942133195233e-06,2.3558914108434692e-05,0.023457471281290054,0.008998041041195393,0.0,0.011120119132101536,3.164187364745885e-05,0.3649532198905945,4.824250776636063e-09,,,,,,
163,0.017330914735794067,2.8268319988270108e-05,67.70893357100431,1.6775128841400146,0.0010467171669006348,0.00045192180550657213,2.0863203644694295e-06,2.0215763925079955e-06,0.0004937524790875614,0.00023167226754594594,1.8552313122199848e-05,0.00023383677762467414,1.991589215322165e-06,2.0473397199793908e-08,2.091583837682265e-06,2.330598908883985e-05,0.0172431617975235,0.021415095776319504,0.0,0.026868872344493866,3.1180148653220385e-05,0.36498546600341797,1.2417634698280722e-09,,,,,,
164,0.016817830502986908,2.8247480688038834e-05,68.12150964600733,0.7475678324699402,0.0008906858856789768,0.0005095060914754868,1.7214608760696137e-06,1.8237021777167683e-06,0.00041087213321588933,0.0002357401099288836,1.8524850020185113e-05,0.0002371155278524384,1.8721439118962735e-06,2.2160220325417868e-08,1.975170562218409e-06,2.3445134502253495e-05,0.026732658967375755,0.01510242372751236,0.0,0.017245691269636154,2.138933996320702e-05,0.36502349376678467,3.2037497099679513e-09,,,,,,
165,0.016660872846841812,2.822652544491582e-05,68.52989885001443,1.097422480583191,0.000995124108158052,0.0004348025540821254,1.6371863011954702e-06,1.7965840015676804e-06,0.0003818754921667278,0.0002338144986424595,1.8529493900132366e-05,0.00023539217363577336,1.886791096694651e-06,2.273031007860027e-08,1.992478928514174e-06,2.3446444174624048e-05,0.005507044494152069,0.034943606704473495,0.0,0.00832387525588274,0.00014385349641088396,0.3650626838207245,1.8129745482653448e-09,,,,,,
166,0.017406070604920387,2.8205454465720853e-05,68.94060955301393,1.870249629020691,0.0009416859247721732,0.0004521609516814351,2.0826000763918273e-06,2.0888326162094017e-06,0.0004097034106962383,0.00023069742019288242,1.857107417890802e-05,0.00023293544654734433,1.9617698399088113e-06,2.107117857974572e-08,2.0573168058035662e-06,2.3239088477566838e-05,0.02508590742945671,0.02762070670723915,0.0,0.014455731958150864,9.786199370864779e-05,0.36509957909584045,2.017865652348405e-09,,,,,,
167,0.016231728717684746,2.8184267958415995e-05,69.35079932905501,0.8683591485023499,0.0009877077536657453,0.00043726584408432245,1.882861283775128e-06,1.6591584426350892e-06,0.0003936763387173414,0.00023058302758727223,1.8536100469646044e-05,0.00023268593940883875,1.901060386444442e-06,2.2501335905644737e-08,2.0070217487955233e-06,2.3451673769159243e-05,0.011594535782933235,0.02502383105456829,0.0,0.014469705522060394,3.5963283153250813e-05,0.3651352822780609,2.017865652348405e-09,,,,,,
168,0.014038761146366596,2.8162966132103518e-05,69.76342145504896,1.1564663648605347,0.0007879178156144917,0.0004198509268462658,2.06497247745574e-06,1.8306940319234855e-06,0.00043793534860014915,0.00023194514506030828,1.86633515113499e-05,0.0002331249852431938,1.939474714163225e-06,2.2177584213523005e-08,2.045976088993484e-06,2.348757698200643e-05,0.003435400314629078,0.009415935724973679,0.0,0.01917356066405773,3.6765944969374686e-05,0.3651721775531769,1.0672955852442101e-08,,,,,,
169,0.01628776267170906,2.814154919702385e-05,70.1743515690323,1.5714284181594849,0.0010038812179118395,0.0005113137885928154,1.875578163890168e-06,2.299329935340211e-06,0.0005044721765443683,0.00023325842630583793,1.892044565465767e-05,0.00023367308313027024,1.9732055989152286e-06,2.0220346286237145e-08,2.0722925455629593e-06,2.3263757611857727e-05,0.027169421315193176,0.010293278843164444,0.0,0.006024698726832867,1.0469349945196882e-05,0.3652113676071167,1.1126199517264013e-08,,,,,,
170,0.014982081949710846,2.812001736455349e-05,70.58671747904737,0.1668103039264679,0.001065312884747982,0.0004869344993494451,1.6282453998428537e-06,1.9152582808601437e-06,0.0004469338455237448,0.0002347730187466368,1.9129905922454782e-05,0.00023451773449778557,1.8708177549342508e-06,2.07842347776932e-08,1.9701869860000443e-06,2.3400323698297143e-05,0.012185849249362946,0.0045672268606722355,0.0,0.013008954003453255,4.8462945414939895e-05,0.36524710059165955,1.5397867425548384e-09,,,,,,
171,0.013386406004428864,2.809837084720293e-05,70.99848859402118,1.956161618232727,0.0008106960449367762,0.0003967811353504658,1.8271679209647118e-06,1.8683599591895472e-06,0.00043231816380284727,0.00023788017279002815,1.9305631212773733e-05,0.00023678579600527883,1.9918988982681185e-06,2.193182524479198e-08,2.0976538053218974e-06,2.351206603634637e-05,0.009751479141414165,0.0058592078275978565,0.0,0.012469062581658363,6.3519682953483425e-06,0.3652816712856293,1.4963250638544423e-09,,,,,,
172,0.014267237856984138,2.8076609858614557e-05,71.40854310704162,2.0274243354797363,0.0009003576124086976,0.0003646543191280216,2.005638634727802e-06,2.3935833723953692e-06,0.00041425818926654756,0.00023249648802448064,1.9518394765327685e-05,0.0002324324013898149,2.014210622292012e-06,2.0300042535836837e-08,2.111764388246229e-06,2.3168977349996567e-05,0.021691808477044106,0.010550773702561855,0.0,0.012521769851446152,2.9312504921108484e-05,0.3653162717819214,8.593001865619954e-09,,,,,,
173,0.01552696991711855,2.8054734613560547e-05,71.81732408801327,0.15974003076553345,0.0009993207640945911,0.0004516310873441398,1.8390244349575369e-06,1.8182909116148949e-06,0.00035059748915955424,0.00023095319920685142,1.960469853656832e-05,0.00023172235523816198,1.8656578504305799e-06,2.1742129874269267e-08,1.964592229342088e-06,2.3290405806619674e-05,0.021163713186979294,0.010439041070640087,0.0,0.01864614523947239,1.4214104339771438e-05,0.3653497099876404,3.166496842510469e-09,,,,,,
174,0.015582060441374779,2.8032745327940735e-05,72.23259963304736,1.8223553895950317,0.00094310735585168,0.00040810962673276663,1.883401978375332e-06,1.714001655273023e-06,0.0003722317924257368,0.00023061057436279953,1.9611292373156175e-05,0.00023183741723187268,2.0867878447461408e-06,2.3485640099352167e-08,2.1997439034748822e-06,2.3424179744324647e-05,0.0335630401968956,0.012456010095775127,0.0,0.013372792862355709,1.438195067748893e-05,0.3653854429721832,1.3144067168013862e-08,,,,,,
175,0.013731546700000763,2.80106422187805e-05,72.64961909502745,1.8558861017227173,0.000869418669026345,0.00042374408803880215,2.116883479175158e-06,1.945484882526216e-06,0.00038587115705013275,0.00023180175048764795,1.970976882148534e-05,0.00023389465059153736,1.9262788555352017e-06,2.1116072446147882e-08,2.020317879214417e-06,2.3135702576837502e-05,0.01715961843729019,0.006744897924363613,0.0,0.002805158030241728,4.84341690025758e-05,0.3654211759567261,1.7881394143159923e-09,0.9262101862748084,6.1948362547893705,0.8024631260137468,0.6334170821865044,0.0025282161380726044,0.0030082717171251534
176,0.014046180061995983,2.7988425504228596e-05,73.09356463100994,0.36842215061187744,0.000954008661210537,0.00036748903221450746,1.5260879990819376e-06,1.7492111510364339e-06,0.0004657493846025318,0.00023005681578069925,1.968012293218635e-05,0.00023101865372154862,1.87840578291798e-06,2.2132155663712183e-08,1.9783858533628518e-06,2.3275866624317132e-05,0.01859039068222046,0.010825768113136292,0.0,0.008651343174278736,4.35134643339552e-05,0.3654523193836212,7.512669930598292e-10,,,,,,
177,0.01550945732742548,2.7966095403555027e-05,73.50234354101121,1.0611169338226318,0.0010783257894217968,0.0004318060236983001,1.838337084336672e-06,1.671541895120754e-06,0.0004383637569844723,0.00023274365230463445,1.966603122127708e-05,0.0002322730579180643,1.920390786835924e-06,2.2511683184234244e-08,2.0245897758286446e-06,2.3342223357758485e-05,0.02004762552678585,0.014748180285096169,0.0,0.008659209124743938,1.047049772751052e-05,0.3654811382293701,1.0430813990325305e-09,,,,,,
178,0.013546990230679512,2.794365213714888e-05,73.91292216302827,1.1368976831436157,0.0011773474980145693,0.00039923953590914607,2.029839379247278e-06,1.994179910980165e-06,0.0004581039247568697,0.00023437649360857904,1.9658702512970194e-05,0.00023343427164945751,1.8897133031714475e-06,2.072586191559367e-08,1.9860185602738056e-06,2.3187240003608167e-05,0.004193754866719246,0.0013678442919626832,0.0,0.013869631104171276,4.4272826926317066e-05,0.3655088245868683,1.6248474565827564e-08,,,,,,
179,0.01613888144493103,2.7921095926516126e-05,74.32485622103559,0.18298526108264923,0.0009037582785822451,0.0004310758667998016,1.80241909220058e-06,1.9023844970433856e-06,0.0004381350881885737,0.000233812999795191,1.9580229491111822e-05,0.00023303390480577946,1.8558537249191431e-06,2.0499388853068012e-08,1.9531460111466004e-06,2.332511758140754e-05,0.021980229765176773,0.024184081703424454,0.0,0.007930055260658264,9.25525546335848e-06,0.3655376434326172,1.2293459583645472e-09,,,,,,
180,0.014400848187506199,2.7898426994277463e-05,74.73471913003596,1.0258222818374634,0.0009589460096322,0.00038895808393135667,1.6169121863640612e-06,1.715209236863302e-06,0.00034078839235007763,0.00023203802993521094,1.9536950276233256e-05,0.00023189745843410492,1.908203330458491e-06,2.0470594108701334e-08,2.0057768779224716e-06,2.344487074878998e-05,0.015850437805056572,0.012006659992039204,0.0,0.015968535095453262,5.2160121413180605e-06,0.36556532979011536,1.0840594200089981e-08,,,,,,
181,0.015807980671525,2.7875645564166096e-05,75.14613258105237,0.9552413821220398,0.000965791754424572,0.0004275407118257135,1.8888247268478153e-06,2.0126856270508142e-06,0.0005671692197211087,0.00023155711824074388,1.9485218217596412e-05,0.00023226584016811103,1.874012014013715e-06,1.9887238522642292e-08,1.9711524146259762e-06,2.326170761079993e-05,0.030319297686219215,0.012485712766647339,0.0,0.00878497026860714,3.2534288038732484e-05,0.36559414863586426,1.8129746592876472e-09,,,,,,
182,0.01520565990358591,2.7852751861025543e-05,75.55287050205516,0.4898702800273895,0.0009651986765675247,0.0004966180422343314,1.61207663040841e-06,1.893552280307631e-06,0.0003467976930551231,0.0002317633479833603,1.9305067326058634e-05,0.00023258579312823713,1.8242562873638235e-06,2.0812237266909506e-08,1.9205967873858754e-06,2.330350616830401e-05,0.015052253380417824,0.012019806541502476,0.0,0.006611905992031097,2.0358733308967203e-05,0.36562299728393555,2.086162576020456e-09,,,,,,
183,0.014563963748514652,2.7829746110807415e-05,75.96553649503039,1.4260550737380981,0.0011792664881795645,0.0004085870459675789,1.5594181377309724e-06,1.8143522311220295e-06,0.00034931162372231483,0.000233035723795183,1.9093971786787733e-05,0.00023284884809982032,1.890784233182785e-06,2.3364483681120873e-08,1.9985568542324472e-06,2.3374115698970854e-05,0.006738348864018917,0.01412565540522337,0.0,0.009590367786586285,2.8681799449259415e-05,0.36565065383911133,9.462238104163134e-09,,,,,,
184,0.016288990154862404,2.780662854056918e-05,76.37518962501781,1.4880831241607666,0.0010537233902141452,0.0004506430123001337,1.702858185126388e-06,2.0873351331829326e-06,0.00048532470827922225,0.0002337801706744358,1.896933463285677e-05,0.00023343419888988137,1.8434742514727986e-06,2.2334500471288266e-08,1.932041413965635e-06,2.3139966287999414e-05,0.024845415726304054,0.01561843603849411,0.0,0.012216526083648205,3.891123924404383e-05,0.3656783401966095,1.3162693157653393e-09,,,,,,
185,0.014634473249316216,2.778339937847191e-05,76.78821546200197,0.409062922000885,0.0009826846653595567,0.00045954875531606376,1.6092712940007914e-06,1.8770040242088726e-06,0.0003677460481412709,0.00023722508922219276,1.8802415070240386e-05,0.00023628691269550472,1.7775137166609056e-06,2.389392506074728e-08,1.878177499747835e-06,2.3240747395902872e-05,0.001979706110432744,0.014675934799015522,0.0,0.010231344029307365,1.9171249732607976e-05,0.36570486426353455,4.911174578126065e-09,,,,,,
186,0.013548602350056171,2.7760058853778078e-05,77.20279317203676,0.8938356637954712,0.0009330028551630676,0.0003278023796156049,1.653564481784997e-06,1.753317746988614e-06,0.0004238730180077255,0.00023741848417557776,1.8712786186370067e-05,0.00023652095114812255,1.8270905002282234e-06,2.3008585259276515e-08,1.9314813926030183e-06,2.3308186428039335e-05,0.011720333248376846,0.010188897140324116,0.0,0.01763465814292431,8.145711763063446e-05,0.3657325506210327,4.377215923057065e-09,,,,,,
187,0.01506807655096054,2.7736607196849224e-05,77.61242667702027,1.1281555891036987,0.0010458090109750628,0.00042136473348364234,1.983087031476316e-06,1.918417865454103e-06,0.0003773787466343492,0.00023488224542234093,1.8721573724178597e-05,0.00023432905436493456,1.8557902876636945e-06,2.018476408238712e-08,1.951538706634892e-06,2.317229882464744e-05,0.013307148590683937,0.01840335875749588,0.0,0.005440257489681244,1.6447051166323945e-05,0.3657625615596771,9.890646524013391e-09,,,,,,
188,0.015380590222775936,2.7713044639143744e-05,78.02572085201973,0.3128111660480499,0.0010169135639443994,0.0004126521525904536,1.6750485656302772e-06,1.9307365164422663e-06,0.00045474577927961946,0.00023232852981891483,1.8609562175697647e-05,0.0002323618100490421,1.8412845292914426e-06,1.9760840075377928e-08,1.937835577336955e-06,2.3302030967897736e-05,0.010175047442317009,0.019870705902576447,0.0,0.01199938915669918,6.196399044711143e-05,0.3657902181148529,2.1935750993407055e-08,,,,,,
189,0.015525688417255878,2.768937141321456e-05,78.43740660400363,0.902396023273468,0.0009783933637663722,0.0005231673130765557,1.5363360716946772e-06,1.7293029941356508e-06,0.0004601218970492482,0.00023151576169766486,1.8581362382974476e-05,0.00023186131147667766,1.8819398519553943e-06,1.9665497674736798e-08,1.9773947315115947e-06,2.3342470740317367e-05,0.012606736272573471,0.011503593996167183,0.0,0.003929902333766222,9.257495548808947e-05,0.3658179044723511,4.457930913304153e-09,,,,,,
190,0.013979223556816578,2.7665587752706863e-05,78.84753647603793,1.0657559633255005,0.0009284286643378437,0.0003691188176162541,1.5136254205572186e-06,1.9241092559241224e-06,0.0005669874954037368,0.00023135171795729548,1.8635961168911308e-05,0.00023176291142590344,1.8663054106582422e-06,1.937556071140989e-08,1.9634449017758016e-06,2.3126125597627833e-05,0.010351145640015602,0.010091121308505535,0.0,0.013180661015212536,8.424530096817762e-05,0.36584213376045227,4.594524760648255e-09,,,,,,
191,0.013245878741145134,2.764169389235578e-05,79.25611993001075,0.24211467802524567,0.001043223193846643,0.00041255084215663373,1.9238295863033272e-06,1.7948448203242151e-06,0.00036779523361474276,0.0002324076631339267,1.8622615243657492e-05,0.00023246266937348992,1.803390659915749e-06,2.0787826571222467e-08,1.8999726307811216e-06,2.31571448239265e-05,0.004247479606419802,0.004451819695532322,0.0,0.00916040875017643,2.565536487963982e-05,0.36586636304855347,1.1697412816147335e-08,,,,,,
192,0.014513825066387653,2.7617690067984054e-05,79.66882934502792,0.8674148321151733,0.0010370432864874601,0.0004501967632677406,1.7930856301973108e-06,1.8584394183562836e-06,0.0004481356590986252,0.0002340835490031168,1.874816371127963e-05,0.00023386762768495828,1.8336843368160771e-06,2.2311189340484816e-08,1.9372150745766703e-06,2.318365113751497e-05,0.009559916332364082,0.00974693987518549,0.0,0.005998702719807625,4.4461750803748146e-05,0.36589059233665466,8.8723997038187e-09,,,,,,
193,0.014586610719561577,2.7593576516499753e-05,80.08249676600099,0.9061061143875122,0.001179872895590961,0.0004263466689735651,1.8785707425195142e-06,1.8801372334564803e-06,0.0004286772455088794,0.00023439625510945916,1.900964525702875e-05,0.00023408116248901933,1.7874945115181617e-06,2.1027323882094606e-08,1.8830381804946228e-06,2.305581801920198e-05,0.007744274102151394,0.012055499479174614,0.0,0.006040126550942659,3.404320887057111e-05,0.3659136891365051,1.0679166440041854e-09,,,,,,
194,0.016004692763090134,2.7569353475893893e-05,80.49158940801863,0.4219980835914612,0.0010294129606336355,0.0004855470615439117,1.8255855138704646e-06,1.675568455539178e-06,0.00048312137369066477,0.0002359505306230858,1.92522638826631e-05,0.0002350754220969975,1.7888478396343999e-06,2.070059679226688e-08,1.8878752143791644e-06,2.3166794562712312e-05,0.022250477224588394,0.014099895022809505,0.0,0.005688461009413004,3.6864832509309053e-05,0.36593443155288696,5.401671110405459e-09,,,,,,
195,0.01497948169708252,2.75450211852381e-05,80.90426110703265,0.8323378562927246,0.0008973564836196601,0.00044057489139959216,1.9802482711384073e-06,1.797195523067785e-06,0.00035733633558265865,0.000232081554713659,1.9486236851662397e-05,0.00023185710597317666,1.838202706494485e-06,1.996054521669066e-08,1.9360111309651984e-06,2.3271355530596338e-05,0.014622739516198635,0.01268050353974104,0.0,0.01610846444964409,1.992737452383153e-05,0.36595407128334045,6.767610472024899e-09,,,,,,
196,0.015439210459589958,2.7520579884682272e-05,81.3159232820035,1.0052331686019897,0.0007467662217095494,0.00039245205698534846,1.680379227764206e-06,1.9148842511640396e-06,0.0003446985501796007,0.00022936008463148028,1.9774526663240977e-05,0.00023054117627907544,1.8492260096536484e-06,1.9015800489796675e-08,1.946981228684308e-06,2.3158481781138107e-05,0.04385021701455116,0.01573348604142666,0.0,0.009019341319799423,2.1663661755155772e-05,0.36597713828086853,2.009173272199405e-08,,,,,,
197,0.014009312726557255,2.7496029815452166e-05,81.72785898303846,0.4975917935371399,0.000802983995527029,0.0004314033722039312,1.6045021311583696e-06,1.6665629800627357e-06,0.0004425125662237406,0.00023012069868855178,1.993290970858652e-05,0.00023248483194038272,1.824255718929635e-06,1.9504909687384497e-08,1.9171802705386654e-06,2.32813908951357e-05,0.01395056676119566,0.011662378907203674,0.0,0.0027153233531862497,5.976039028610103e-05,0.3660002052783966,1.0617078327612717e-09,,,,,,
198,0.013219323940575123,2.747137121984706e-05,82.14163482701406,0.5973284840583801,0.0009926578495651484,0.0004084212123416364,1.423365574737545e-06,1.8190352193414583e-06,0.00035839667543768883,0.00023092706396710128,2.0045019482495263e-05,0.00023378265905193985,1.8012974578596186e-06,2.037751833938728e-08,1.8946359432447935e-06,2.323683293070644e-05,0.00545047502964735,0.006337626837193966,0.0,0.00846925750374794,1.984351547434926e-05,0.3660198450088501,3.1540792200246415e-09,,,,,,
199,0.01607821136713028,2.7446604341237333e-05,82.55173940805253,0.6719551682472229,0.0011113662039861083,0.0004501553485170007,1.6781814338173717e-06,1.7912698240252212e-06,0.00045909962500445545,0.00022947555407881737,2.005388159886934e-05,0.0002309881238033995,1.7583076896698913e-06,2.1787007753459875e-08,1.8481032384443097e-06,2.3099208192434162e-05,0.027827994897961617,0.013262949883937836,0.0,0.01028920616954565,2.4190441763494164e-05,0.3660394549369812,1.4528633851540462e-09,,,,,,
200,0.015648404136300087,2.742172942406208e-05,82.96370126202237,0.6453834176063538,0.0010315189138054848,0.0005461617838591337,1.735000637381745e-06,1.8117827949026832e-06,0.00040463110781274736,0.00023216432600747794,1.9998686184408143e-05,0.00023201826843433082,1.7523386759421555e-06,2.426169132263567e-08,1.851434262789553e-06,2.3153243091655895e-05,0.008412402123212814,0.008861220441758633,0.0,0.011722170747816563,1.6173487892956473e-05,0.36606135964393616,6.960083620555224e-09,0.9359837646378693,6.220909359709185,0.7870252724124911,0.668211697322627,0.002297570987810065,0.0028484931371495405
201,0.013960927724838257,2.739674671382669e-05,83.40391343802912,0.7353858351707458,0.001132770674303174,0.0004225990269333124,1.6328172023349907e-06,2.0257721189409494e-06,0.000332303112372756,0.0002340149221708998,1.9888801034539938e-05,0.00023347021488007158,1.7373504306306131e-06,2.3218021283355483e-08,1.8309483493794687e-06,2.3121674530557357e-05,0.008222568780183792,0.008175591006875038,0.0,0.008084731176495552,1.90979044418782e-05,0.3660832941532135,2.533197651644059e-09,,,,,,
202,0.014174703508615494,2.7371656457100436e-05,83.8165061250329,1.2879021167755127,0.0009179635089822114,0.00041709106881171465,1.7888421552925138e-06,1.9911597064492526e-06,0.0004898520419374108,0.0002302077045897022,1.9745988538488746e-05,0.00023143470752984285,1.8055196733257617e-06,2.0377271425786603e-08,1.8934937315862044e-06,2.3070009774528444e-05,0.00285005709156394,0.009415533393621445,0.0,0.017612982541322708,7.047269173199311e-05,0.36610522866249084,4.072983728065083e-09,,,,,,
203,0.01563222147524357,2.7346458901514017e-05,84.23114339902531,1.350331425666809,0.0008572462247684598,0.0004573446640279144,1.7896288682095474e-06,1.5575169527437538e-06,0.00043670934974215925,0.0002304531808476895,1.951589911186602e-05,0.00023171321663539857,1.9148765204590745e-06,2.036777502212317e-08,2.011003516599885e-06,2.3355909434030764e-05,0.027095945551991463,0.016010772436857224,0.0,0.004810304380953312,2.156987648049835e-05,0.36612945795059204,1.2293457807288632e-08,,,,,,
204,0.01466696709394455,2.7321154295757125e-05,84.64586008799961,0.24889123439788818,0.001001274213194847,0.000371627596905455,1.7745794593793107e-06,1.7277191091125133e-06,0.0003169954870827496,0.0002313407021574676,1.9396860807319172e-05,0.0002322454674867913,1.8048397123493487e-06,1.8991951122870887e-08,1.8949292552861152e-06,2.3199874704005197e-05,0.008019967004656792,0.017148485407233238,0.0,0.02120422013103962,9.844171290751547e-05,0.3661513924598694,1.955777539919268e-09,,,,,,
205,0.014278952963650227,2.7295742889576016e-05,85.05848245503148,1.5683557987213135,0.0009761665714904666,0.0004375457938294858,1.984665914278594e-06,1.9692815840244293e-06,0.0004495238827075809,0.00023359761689789593,1.927341327245813e-05,0.0002336017496418208,1.8650171114131808e-06,1.85711517275422e-08,1.957863332791021e-06,2.3050346499076113e-05,0.005641457624733448,0.005732235964387655,0.0,0.017419612035155296,9.429571218788624e-05,0.3661779463291168,4.575898326919514e-09,,,,,,
206,0.015963101759552956,2.7270224933771e-05,85.47074365301523,1.9743072986602783,0.0011136333923786879,0.00042881909757852554,1.8405651189823402e-06,1.7658165916145663e-06,0.0003960162284784019,0.00024222089268732816,1.908231934066862e-05,0.00024070859944913536,1.9603771761467215e-06,2.0413315482414873e-08,2.0593292902049143e-06,2.3315849830396473e-05,0.020679578185081482,0.019021449610590935,0.0,0.007788823451846838,7.541827653767541e-05,0.366205632686615,4.240622075712963e-09,,,,,,
207,0.015595758333802223,2.7244600680194006e-05,85.88139236101415,0.7736632823944092,0.0009200552594847977,0.0004682030703406781,1.7198519799421774e-06,1.936923581524752e-06,0.0006178167532198131,0.00024209014372900128,1.9064105799770914e-05,0.00024057556584011763,1.776973249434377e-06,1.94697165056823e-08,1.8666645473786048e-06,2.300775668118149e-05,0.014354122802615166,0.01153683103621006,0.0,0.014285626821219921,1.3067570762359537e-05,0.3662321865558624,3.681828175672308e-09,,,,,,
208,0.015558315441012383,2.721887038174607e-05,86.29505450004945,1.4557102918624878,0.0009469102369621396,0.0005335226887837052,1.9876488295267336e-06,2.0657653294620104e-06,0.0004659544792957604,0.0002343837113585323,1.9072067516390234e-05,0.00023421208607032895,1.8270229702466168e-06,1.90081461681757e-08,1.9164785953762475e-06,2.2938058464205824e-05,0.016404781490564346,0.005052425432950258,0.0,0.012674875557422638,2.398361175437458e-05,0.366259902715683,7.698934267885704e-10,,,,,,
209,0.014646891504526138,2.719303429237485e-05,86.70355396904051,1.9812527894973755,0.001052064704708755,0.0004136475909035653,1.9894466731784632e-06,1.6490068901475752e-06,0.0004851592821069062,0.0002315469173481688,1.902744043036364e-05,0.0002322182263014838,2.016782673308626e-06,2.0789396870668497e-08,2.1207583813520614e-06,2.3235927073983476e-05,0.009009451605379581,0.012532203458249569,0.0,0.008764665573835373,6.635463796555996e-05,0.36628758907318115,5.550682580235389e-09,,,,,,
210,0.01558073703199625,2.7167092667072115e-05,87.1220621180255,0.5726089477539062,0.0010956325568258762,0.0004752713139168918,1.8919548665508046e-06,1.8082326960211503e-06,0.0003923996991943568,0.00022981870279181749,1.907899604702834e-05,0.00023151515051722527,1.7734022321747034e-06,1.9034112952454052e-08,1.8646945818545646e-06,2.3016906197881326e-05,0.015685895457863808,0.014153782278299332,0.0,0.007975245825946331,1.094553226721473e-05,0.3663141429424286,1.8936892054455257e-09,,,,,,
211,0.013991055078804493,2.7141045761871238e-05,87.53046664904105,1.443199872970581,0.0009503840119577944,0.00039942347211763263,2.0535110252239974e-06,2.013402081502136e-06,0.0004582667606882751,0.00022946055105421692,1.906366742332466e-05,0.00023116199008654803,1.8278624338563532e-06,1.8812240654142443e-08,1.918437874337542e-06,2.29572833632119e-05,0.014905971474945545,0.010293716564774513,0.0,0.0047853607684373856,2.1730540538555942e-05,0.3663383722305298,1.831600981994086e-09,,,,,,
212,0.014630773104727268,2.7114893833844652e-05,87.94426634401316,1.7791398763656616,0.0010995056945830584,0.0003984909853897989,1.9594788227550453e-06,1.7116462913691066e-06,0.0005221425672061741,0.00023155495000537485,1.9051369235967286e-05,0.00023229351791087538,1.9379904188099317e-06,2.0811240730722602e-08,2.040361323452089e-06,2.3266640710062347e-05,0.01284750085324049,0.014108752831816673,0.0,0.002894866280257702,2.5909394025802612e-05,0.36636030673980713,1.0306636655244006e-09,,,,,,
213,0.013593579642474651,2.7088637141101335e-05,88.35844425502,0.4083797335624695,0.0009363024728372693,0.00040644354885444045,1.4213700296750176e-06,1.8394839571556076e-06,0.00029090576572343707,0.0002341539948247373,1.9295746824354865e-05,0.00023414781026076525,1.7560181504450156e-06,1.939510951842749e-08,1.8463415472069755e-06,2.308461262146011e-05,0.013218089938163757,0.011490320786833763,0.0,0.0038196141831576824,2.5309731427114457e-05,0.3663799464702606,5.401671332450064e-10,,,,,,
214,0.01573324017226696,2.706227594278424e-05,88.76772824203363,1.6167876720428467,0.001056782784871757,0.00042508833575993776,1.7608084590392536e-06,2.125414084730437e-06,0.00037613179301843047,0.00023261790920514613,1.9522462025634013e-05,0.00023276312276721,1.8805917534336913e-06,1.877486965895514e-08,1.9710175820364384e-06,2.298691833857447e-05,0.009623941965401173,0.025570997968316078,0.0,0.006413904018700123,7.078322960296646e-05,0.36639726161956787,7.965912374174877e-09,,,,,,
215,0.01570051722228527,2.7035810499067757e-05,89.17903739603935,1.9338111877441406,0.0010715750977396965,0.00046631094301119447,1.7497943645139458e-06,1.611737275197811e-06,0.00035589002072811127,0.00023148907348513603,1.9660199541249312e-05,0.0002318020269740373,1.8877396996686002e-06,2.0314111282004887e-08,1.983764150281786e-06,2.3317434170166962e-05,0.008390071801841259,0.019909817725419998,0.0,0.007991260848939419,0.00011277839075773954,0.3664145767688751,2.5518240853728003e-09,,,,,,
216,0.014547600410878658,2.7009241071155122e-05,89.58872289099963,0.9151769876480103,0.0008462808909825981,0.0004527808341663331,1.467985384806525e-06,1.8269729480380192e-06,0.0004614762437995523,0.00022941894712857902,1.984628579521086e-05,0.00023172068176791072,1.765060346770042e-06,1.9001374695903905e-08,1.8534400396674755e-06,2.3082413463271223e-05,0.0063865212723612785,0.012964356690645218,0.0,0.011545606888830662,7.048906263662502e-05,0.3664318919181824,1.4466543518665276e-09,,,,,,
217,0.013945399783551693,2.6982567921275864e-05,90.00731519202236,0.6773010492324829,0.0009032743982970715,0.0004662597202695906,1.583490302436985e-06,2.0027923710586037e-06,0.0004069021379109472,0.00023044469708111137,1.9924464140785858e-05,0.00023295501887332648,1.7425015812477795e-06,1.9509858617539066e-08,1.8302565649719327e-06,2.305161251570098e-05,0.01425397489219904,0.00570248207077384,0.0,0.003300182055681944,1.6336911357939243e-05,0.36645036935806274,1.4528630520871388e-09,,,,,,
218,0.015408072620630264,2.6955791312683214e-05,90.41991188400425,1.237990140914917,0.000876760866958648,0.000451820669695735,1.6266708371404093e-06,1.6752396732044872e-06,0.0003608278348110616,0.00022975250612944365,1.9902330677723512e-05,0.00023099262034520507,1.803206032491289e-06,2.1575772279902594e-08,1.901266614368069e-06,2.313225922989659e-05,0.020379159599542618,0.017322871834039688,0.0,0.008734048344194889,4.62055868410971e-05,0.36646655201911926,1.7136335683787252e-09,,,,,,
219,0.015088390558958054,2.6928911509651473e-05,90.83151462802198,0.9730339050292969,0.0009222781518474221,0.0004660747654270381,1.9753720152948517e-06,1.944556288435706e-06,0.0003360413829796016,0.00023083246196620166,1.9924564185203053e-05,0.00023131343186832964,1.7322970506938873e-06,2.0591315319506975e-08,1.8172154341300484e-06,2.2917796741239727e-05,0.00645592762157321,0.014670995995402336,0.0,0.017002718523144722,3.1826515623833984e-05,0.3664827048778534,3.253420199911261e-09,,,,,,
220,0.013266931287944317,2.690192877747346e-05,91.24596515402663,0.37905415892601013,0.0007868182728998363,0.00039073446532711387,1.5925520528980996e-06,1.814609731809469e-06,0.00036372803151607513,0.00023274832346942276,1.986800089071039e-05,0.000232414691708982,1.7163119991892017e-06,2.0534059785859426e-08,1.806030013540294e-06,2.2984027964412235e-05,0.004712585359811783,0.010549686849117279,0.0,0.014544915407896042,1.7468159057898447e-05,0.3665034770965576,1.0685375251284768e-08,,,,,,
221,0.015051695518195629,2.6874843382457846e-05,91.65855939802714,0.542416512966156,0.0008291818667203188,0.0004885642556473613,1.726251866784878e-06,1.6602674577370635e-06,0.00037795581738464534,0.00023216467525344342,1.976077510335017e-05,0.00023216838599182665,1.7653054555921699e-06,1.983668340699296e-08,1.8578364233690081e-06,2.3069482267601416e-05,0.006692573428153992,0.015954788774251938,0.0,0.010517530143260956,5.387624696595594e-05,0.3665265738964081,2.452482661396971e-09,,,,,,
222,0.013689868152141571,2.684765559192654e-05,92.07094784401124,0.34056952595710754,0.0010003139032050967,0.00041277738637290895,1.3727883469982771e-06,1.7980564734898508e-06,0.00038340233732014894,0.00023174149100668728,1.9618519218056463e-05,0.00023218878777697682,1.7591977439224138e-06,1.8657958733570013e-08,1.8480866401660023e-06,2.301236781931948e-05,0.01161973923444748,0.008561434224247932,0.0,0.0058691296726465225,2.8800408472307026e-05,0.36654967069625854,1.7384689243726825e-09,,,,,,
223,0.014052869752049446,2.6820365674212052e-05,92.5189115110552,0.198562890291214,0.001033187611028552,0.0004162680997978896,1.5794728369655786e-06,1.7770762497093529e-06,0.0004844215582124889,0.0002319493651157245,1.9445451471256092e-05,0.00023248049546964467,1.7458330603403738e-06,1.864929188855058e-08,1.8338841982767917e-06,2.2993081074673682e-05,0.012645953334867954,0.007440223358571529,0.0,0.007334926165640354,4.668413384933956e-05,0.3665716350078583,2.0054480298625776e-09,,,,,,
224,0.01412331871688366,2.679297389865486e-05,92.9332077470026,0.31420329213142395,0.0009706713608466089,0.0004457302566152066,1.7105106735471054e-06,1.607431272532267e-06,0.0003633021260611713,0.00023201708972919732,1.923560739669483e-05,0.00023262854665517807,1.750071533024311e-06,1.9243662663370742e-08,1.8390486502539716e-06,2.299770130775869e-05,0.005015959031879902,0.009656507521867752,0.0,0.012577502056956291,2.0652216335292906e-05,0.3665924072265625,3.0485292068505032e-09,,,,,,
225,0.014761803671717644,2.6765480535600737e-05,93.34696136903949,0.17914266884326935,0.0009954181732609868,0.0003970877733081579,1.7569216197443893e-06,1.8277683011547197e-06,0.0005708089447580278,0.00023287651129066944,1.9096598407486454e-05,0.00023320032050833106,1.7381864836352179e-06,1.9495494996135676e-08,1.8263889387526433e-06,2.2955417080083862e-05,0.01944795250892639,0.008830900304019451,0.0,0.014724518172442913,8.175647963071242e-06,0.36661550402641296,3.3775968688587454e-09,0.9197602408492066,6.197525360063327,0.8077772522691263,0.6566295003049569,0.002248097531354858,0.002847403587091614
226,0.015593296848237514,2.6737885856398068e-05,93.79427734500496,0.396056205034256,0.0010505183599889278,0.00041164131835103035,1.8064978348775185e-06,1.8224593532067956e-06,0.000416463561123237,0.00023408311244565994,1.8987249859492294e-05,0.00023413466988131404,1.732789655761735e-06,1.9141875640116268e-08,1.8186619854532182e-06,2.2896248992765322e-05,0.011185484007000923,0.02469395101070404,0.0,0.007400740869343281,5.768359551439062e-05,0.36663976311683655,5.836288674565537e-10,,,,,,
227,0.014011903665959835,2.6710190133395194e-05,94.2074597850442,0.31342336535453796,0.0009620021446608007,0.0003979355678893626,1.8056259705190314e-06,1.8390662717138184e-06,0.00032764923525974154,0.0002332881122129038,1.8886061297962442e-05,0.00023357644386123866,1.7300483250437537e-06,1.8813473445788986e-08,1.816729991332977e-06,2.2947429897612892e-05,0.007034185342490673,0.01689937710762024,0.0,0.0053686173632740974,8.159747812896967e-05,0.366662859916687,7.177393790414044e-09,,,,,,
228,0.014490608125925064,2.6682393639937723e-05,94.61860232503386,0.26472485065460205,0.0009738135850057006,0.00043439026921987534,1.6281499028991675e-06,1.8104260561813135e-06,0.00041439500637352467,0.0002303767978446558,1.8745369743555784e-05,0.0002318120823474601,1.7391982964909403e-06,1.8389432199228395e-08,1.8267451196152251e-06,2.3005133698461577e-05,0.011366769671440125,0.014772569760680199,0.0,0.0027662254869937897,8.022824476938695e-05,0.36668479442596436,1.999239218619664e-09,,,,,,
229,0.015452971681952477,2.6654496650365825e-05,95.03128403704613,0.6386300921440125,0.000980725628323853,0.00047131837345659733,1.6069128605522565e-06,1.8081614143738989e-06,0.0003968913515564054,0.00022935139713808894,1.8672772057470866e-05,0.0002315574383828789,1.752087314343953e-06,1.8122356948424567e-08,1.840893105509167e-06,2.2992206140770577e-05,0.013324267230927944,0.012521699070930481,0.0,0.017263170331716537,2.666141517693177e-05,0.36670443415641785,2.8622646475184865e-09,,,,,,
230,0.014385849237442017,2.662649944001153e-05,95.44080421101535,0.8779461979866028,0.0009457296691834927,0.00045665641664527357,1.5542026403636555e-06,1.7454516409998178e-06,0.00031059220782481134,0.00022987928241491318,1.8536940842750482e-05,0.00023177977709565312,1.768578613337013e-06,1.92527274123222e-08,1.8608501477501704e-06,2.3093914933269843e-05,0.004275079816579819,0.00965455174446106,0.0,0.019221335649490356,1.059023998095654e-05,0.3667275309562683,2.2289654566520767e-09,,,,,,
231,0.014955638907849789,2.6598402285195985e-05,95.85219412203878,0.47275611758232117,0.0009343705605715513,0.00042519671842455864,1.5673538200644543e-06,1.8543518081060029e-06,0.0004995259223505855,0.00023066056019160897,1.845609767769929e-05,0.00023235799744725227,1.6984212152237887e-06,1.9350496316405952e-08,1.7844065496319672e-06,2.2928179532755166e-05,0.0183245986700058,0.014591667801141739,0.0,0.0071597350761294365,3.35315489792265e-05,0.36675411462783813,2.831220591303918e-09,,,,,,
232,0.01384739764034748,2.657020546322678e-05,96.2631303690141,0.8015678524971008,0.0009549277019686997,0.00039948616176843643,1.6834814005051157e-06,1.9863800844177604e-06,0.0003971937985625118,0.000230155696044676,1.8305479898117483e-05,0.00023208635684568435,1.686688278823567e-06,1.9916575055844987e-08,1.7703191588225309e-06,2.2891057597007602e-05,0.009197887033224106,0.009589594788849354,0.0,0.013341053389012814,1.9448427337920293e-05,0.36677950620651245,1.7161170262625092e-08,,,,,,
233,0.015580948442220688,2.654190925239516e-05,96.67507498303894,1.4088231325149536,0.0010979979997500777,0.0004596310609485954,1.9549077023839345e-06,1.671844870543282e-06,0.0003465301706455648,0.00023186096223071218,1.8169866962125525e-05,0.0002333169977646321,1.7982741837840877e-06,2.1597116983684828e-08,1.8971026065628394e-06,2.3065009372658096e-05,0.005490587558597326,0.012024112045764923,0.0,0.027208590880036354,1.9810528101515956e-05,0.3668060898780823,4.923592200611893e-09,,,,,,
234,0.01449357159435749,2.65135139319733e-05,97.08651540603023,0.7654136419296265,0.0009644528618082404,0.0003603242221288383,1.4169072528602555e-06,1.8437356175127206e-06,0.0003535387513693422,0.00023125299776438624,1.827236519602593e-05,0.00023261785099748522,1.7152494820038555e-06,1.8713553373572722e-08,1.798742005121312e-06,2.2896609152667224e-05,0.042520951479673386,0.004459064919501543,0.0,0.015310708433389664,3.0029814297449775e-06,0.3668384253978729,2.2538007016237316e-09,,,,,,
235,0.016117924824357033,2.6485019782211555e-05,97.50455709500238,0.6602128744125366,0.0010673216311261058,0.00044552230974659324,1.4928531300029135e-06,1.7328663943771971e-06,0.00048471480840817094,0.00023066371795721352,1.831352165027056e-05,0.00023205619072541595,1.7206054963025963e-06,1.789760872838997e-08,1.8057241959468229e-06,2.293516263307538e-05,0.01246995572000742,0.019894368946552277,0.0,0.016773836687207222,2.2672214981867e-05,0.3668719232082367,1.0927518889758403e-09,,,,,,
236,0.016218313947319984,2.6456427084335676e-05,97.9157957410207,1.426897644996643,0.001227982109412551,0.0005445089191198349,1.6562707969569601e-06,1.461285478399077e-06,0.00039727677358314395,0.00023223715834319592,1.835584953369107e-05,0.0002331387804588303,1.829985649237642e-06,1.8285598812894932e-08,1.917482222779654e-06,2.3139447876019403e-05,0.014058356173336506,0.005972661077976227,0.0,0.017218463122844696,2.3231215891428292e-05,0.3669065833091736,9.027620428980754e-09,,,,,,
237,0.017048608511686325,2.6427736120544047e-05,98.32922774204053,0.8563379049301147,0.0011212312383577228,0.00042043387657031417,1.6116975984914461e-06,1.7887148260342656e-06,0.00044877082109451294,0.00023083035193849355,1.8659971829038113e-05,0.0002317878679605201,1.7587689171705279e-06,1.7267007379473398e-08,1.8470149143468007e-06,2.289523217768874e-05,0.018892787396907806,0.026472333818674088,0.0,0.020744869485497475,1.2771739420713857e-05,0.3669424057006836,8.232891701709377e-09,,,,,,
238,0.01521345041692257,2.639894717400489e-05,98.73807490000036,0.3627459406852722,0.001089502009563148,0.00038704037433490157,2.062372686850722e-06,1.8239737755720853e-06,0.0003935507847927511,0.00023041309032123536,1.8961944078910165e-05,0.00023127153690438718,1.7257723357033683e-06,1.758501610993335e-08,1.8128384908777662e-06,2.2871017790748738e-05,0.011049172841012478,0.015149477869272232,0.0,0.02456524595618248,2.5441655452596024e-05,0.3669816851615906,1.4466545739111325e-09,,,,,,
239,0.014359250664710999,2.6370060528853495e-05,99.15449043101398,1.0168728828430176,0.0009386346209794283,0.0004427489766385406,1.6597905414528213e-06,1.7159550225187559e-06,0.0004376022843644023,0.00022974687453825027,1.923170748341363e-05,0.00023066315043251961,1.7758154626790201e-06,1.8891494590889124e-08,1.8670839381229598e-06,2.2929865735932253e-05,0.011350516229867935,0.008995091542601585,0.0,0.010393925942480564,6.782079435652122e-05,0.3670232892036438,4.687657373381171e-09,,,,,,
240,0.015275203622877598,2.6341076470189384e-05,99.56691778905224,0.6448562741279602,0.0009607970132492483,0.0004491544677875936,1.720065711197094e-06,1.8146806723962072e-06,0.00038508058059960604,0.0002291414566570893,1.9591181626310572e-05,0.00023018839419819415,1.681514163465181e-06,1.8867085671558925e-08,1.7663791140876128e-06,2.2745309252059087e-05,0.008588051423430443,0.016580358147621155,0.0,0.017250321805477142,3.3665437513263896e-05,0.3670625686645508,4.588315505316132e-09,,,,,,
241,0.01587894931435585,2.631199528407352e-05,99.97873207303928,0.3067260682582855,0.0010779928416013718,0.0004488980339374393,1.65269909757626e-06,1.7794729956222e-06,0.0004153692570980638,0.0002288770192535594,1.990824421227444e-05,0.00023019983200356364,1.6676774521329207e-06,1.9409851503837672e-08,1.7532534002384637e-06,2.275367296533659e-05,0.013473750092089176,0.015462290495634079,0.0,0.02107638120651245,3.487819049041718e-05,0.3671030104160309,2.0607064499245098e-08,,,,,,
242,0.015291715040802956,2.6282817257525465e-05,100.39217271801317,0.8516464829444885,0.0009319481905549765,0.00044274417450651526,1.6814914260976366e-06,1.7190307062264765e-06,0.0004531907325144857,0.00022929106489755213,2.018703889916651e-05,0.00023026858980301768,1.730115172904334e-06,1.9562111930326864e-08,1.8205143987870542e-06,2.2846972569823265e-05,0.007484356872737408,0.015092200599610806,0.0,0.021116985008120537,4.334749246481806e-05,0.3671446144580841,3.1354525642512954e-09,,,,,,
243,0.014582847245037556,2.6253542678520557e-05,100.80480589304352,0.6316421031951904,0.0007848499226383865,0.0003900905721820891,1.595866706338711e-06,1.7704536503515556e-06,0.0004335299599915743,0.00023022927052807063,2.0343684809631668e-05,0.00023089558817446232,1.693576450634282e-06,1.8012540792256004e-08,1.7766591327017522e-06,2.2778272978030145e-05,0.010391502641141415,0.02099667489528656,0.0,0.012261347845196724,4.081831139046699e-05,0.36718738079071045,8.915861826608307e-09,,,,,,
244,0.015148882754147053,2.6224171835987075e-05,101.21678101900034,0.38984960317611694,0.00107111397664994,0.00044311408419162035,1.6767075976531487e-06,1.867283572209999e-06,0.00040363194420933723,0.00023087287263479084,2.0334817236289382e-05,0.00023150235938373953,1.695880996521737e-06,1.7719283817996256e-08,1.7784677766030654e-06,2.2865089704282582e-05,0.019272752106189728,0.011422008275985718,0.0,0.010073733516037464,5.0008158723358065e-05,0.3672301471233368,1.955777539919268e-09,,,,,,
245,0.015183982439339161,2.6194705019803382e-05,101.63167997304117,1.0572699308395386,0.000938876299187541,0.0004649437905754894,1.5859126278883195e-06,1.7418315110262483e-06,0.0004006780218333006,0.00023164480808191001,2.0153298464720137e-05,0.00023202710144687444,1.7524641862110002e-06,1.8314906924388197e-08,1.8355658539803699e-06,2.3034392143017612e-05,0.02089044824242592,0.00976681336760521,0.0,0.012515265494585037,4.3726133299060166e-05,0.3672706186771393,2.3469330923120424e-09,,,,,,
246,0.013973946683108807,2.6165142520795056e-05,102.04348893003771,0.6985167860984802,0.0012245757970958948,0.00043259080848656595,1.4864375543766073e-06,1.930704456754029e-06,0.0003059699374716729,0.00023257755674421787,2.0055822460562922e-05,0.00023266083735506982,1.7094970417019795e-06,1.814796846133504e-08,1.7894062693812884e-06,2.2870761313242838e-05,0.004638467915356159,0.00657759141176939,0.0,0.011638260446488857,4.067086410941556e-05,0.36730992794036865,4.867712899425669e-09,,,,,,
247,0.01391072291880846,2.613548463073203e-05,102.45683798601385,0.6797488331794739,0.0009447582997381687,0.0004516516928561032,1.7581108977537951e-06,1.871124368335586e-06,0.00046098395250737667,0.0002321277861483395,1.9827995856758207e-05,0.0002327591646462679,1.6674157450324856e-06,1.9251981342449653e-08,1.745974714140175e-06,2.2859829186927527e-05,0.00796186551451683,0.007766966242343187,0.0,0.004412553273141384,4.777271533384919e-05,0.3673480749130249,5.985300255417769e-09,,,,,,
248,0.013993578031659126,2.61057316423257e-05,102.8700755390455,1.4722071886062622,0.0009393566870130599,0.0005090561462566257,1.7471606952312868e-06,1.6403600966441445e-06,0.0004182957054581493,0.0002324001834494993,1.957979293365497e-05,0.00023306027287617326,1.7717215996526647e-06,2.2362234730621822e-08,1.8701946373766987e-06,2.2999069187790155e-05,0.005469986237585545,0.0037292498163878918,0.0,0.004746484570205212,7.366086265392369e-06,0.3673827350139618,3.5328167058423787e-09,,,,,,
249,0.01590673066675663,2.6075883849226037e-05,103.2832477010088,0.7768748998641968,0.0009411749197170138,0.0004491340951062739,1.822800982154149e-06,1.9971012079622597e-06,0.00038549647433683276,0.00023156695533543825,1.94019539776491e-05,0.0002328390401089564,1.6453403759442153e-06,2.030992973800494e-08,1.7219430219483911e-06,2.2784442990086973e-05,0.038001708686351776,0.005943889729678631,0.0,0.021704424172639847,3.4917979064630345e-05,0.3674139678478241,1.4280280957734703e-08,,,,,,
250,0.014099747873842716,2.6045941546018735e-05,103.69269913202152,0.7455025911331177,0.0009071548120118678,0.00044526447891257703,1.7116103663283866e-06,1.822798594730557e-06,0.0004894809098914266,0.00023093576601240784,1.9197992514818907e-05,0.00023274082923308015,1.65861001732992e-06,1.9064193779172456e-08,1.7372566389894928e-06,2.2812193492427468e-05,0.013464349322021008,0.006998242810368538,0.0,0.006685746368020773,4.244628507876769e-05,0.3674486577510834,1.0927518889758403e-09,0.8195589089490543,6.233382210693993,0.7564279618211096,0.585094389769259,0.0020912370773696074,0.002703296039983051
251,0.014246100559830666,2.6015905028222226e-05,104.1371811190038,1.4469366073608398,0.000987820327281952,0.00043350900523364544,1.3859344107913785e-06,1.7010597730404697e-06,0.0003573975991457701,0.00023110683832783252,1.9009990865015425e-05,0.00023273113765753806,1.7793433926271973e-06,1.9202124335038206e-08,1.8682197833186365e-06,2.3042221073410474e-05,0.020131206139922142,0.005502110812813044,0.0,0.010829845443367958,4.138526855967939e-05,0.3674810230731964,1.6577541561701992e-09,,,,,,
252,0.015728043392300606,2.5985774592284814e-05,104.54573651601095,0.9225907325744629,0.0008963342988863587,0.0004975026822648942,2.0132645204284927e-06,1.875980842669378e-06,0.0005967076867818832,0.00023100321413949132,1.891682404675521e-05,0.00023271820100490004,1.7038140640579513e-06,1.7264341067857458e-08,1.7871261661639437e-06,2.2812977476860397e-05,0.0106935054063797,0.011934151872992516,0.0,0.014251566492021084,6.407650653272867e-05,0.36751222610473633,2.3717683372836973e-09,,,,,,
253,0.014287227764725685,2.5955550535581734e-05,104.9543578470475,0.4516769051551819,0.0008376191835850477,0.000372402835637331,1.5227994936140021e-06,1.7222372434844146e-06,0.0005496944067999721,0.00023359537590295076,1.8808048480423167e-05,0.0002346241963095963,1.6808842246973654e-06,1.714680841757854e-08,1.7649429082666757e-06,2.2847958462079987e-05,0.011025084182620049,0.014723995700478554,0.0,0.016236819326877594,2.969409615616314e-05,0.36754345893859863,3.7377079209477415e-09,,,,,,
254,0.01339153666049242,2.5925233156412234e-05,105.36429238505661,1.054216742515564,0.000803144765086472,0.0004327429924160242,1.5315494010792463e-06,1.72046509305801e-06,0.00041629941551946104,0.00023288642114493996,1.866210914158728e-05,0.00023417006013914943,1.7254603790206602e-06,1.7541697872047735e-08,1.8110047221853165e-06,2.2950425773160532e-05,0.011520289815962315,0.005421875976026058,0.0,0.008471734821796417,1.3431990737444721e-05,0.3675769865512848,1.2150655592790827e-08,,,,,,
255,0.01388902124017477,2.589482275399659e-05,105.77740413701395,0.9961053729057312,0.0007984241819940507,0.0004015974700450897,1.7709742223814828e-06,1.9425403934292262e-06,0.0005153397796675563,0.00022978773631621152,1.85702938324539e-05,0.00023209344362840056,1.6779213183326647e-06,1.711023500661213e-08,1.7629848798605963e-06,2.2732439902029e-05,0.0064494432881474495,0.013073087669909,0.0,0.009989083744585514,9.451195364817977e-05,0.3676082193851471,5.5072213456242025e-09,,,,,,
256,0.014368909411132336,2.586431962847322e-05,106.1953623300069,0.32905110716819763,0.0008792074513621628,0.0004441151104401797,1.6251171928161057e-06,1.7165000372187933e-06,0.00032430374994874,0.00022945462842471898,1.852880814112723e-05,0.00023185674217529595,1.6524861621292075e-06,1.8153485825678217e-08,1.7394365841028048e-06,2.278197462146636e-05,0.010520904324948788,0.01683769002556801,0.0,0.0045824190601706505,1.6235477232839912e-05,0.3676394522190094,1.2293459583645472e-09,,,,,,
257,0.014085638336837292,2.583372408089564e-05,106.60771922604181,0.5295984745025635,0.001071443664841354,0.00038461905205622315,1.4174802345223725e-06,1.811689799069427e-06,0.0003681969246827066,0.00022908007667865604,1.855963455454912e-05,0.00023172167129814625,1.6504213817825075e-06,1.849861952507581e-08,1.7384021475663758e-06,2.276939630974084e-05,0.011898484081029892,0.010874122381210327,0.0,0.014501823112368584,2.786075674521271e-05,0.36766836047172546,5.78661740746611e-09,,,,,,
258,0.015292737632989883,2.580303641322956e-05,107.02065347402822,0.9119589924812317,0.0009786406299099326,0.0005045859725214541,1.4547152886734693e-06,1.9608846741903108e-06,0.00044473851448856294,0.00022946318495087326,1.8610455299494788e-05,0.00023177918046712875,1.6455951481475495e-06,1.782376912728978e-08,1.72826764810452e-06,2.2656600776826963e-05,0.015131219290196896,0.013147457502782345,0.0,0.0028463387861847878,1.8179045582655817e-05,0.36769843101501465,4.93600982309772e-09,,,,,,
259,0.013019746169447899,2.577225692834987e-05,107.43514704704285,0.6412363648414612,0.0008305897354148328,0.00033297616755589843,1.4520653621730162e-06,1.6060621419455856e-06,0.00036780431400984526,0.00022970765712670982,1.8725513655226678e-05,0.00023161603894550353,1.645493625801464e-06,1.8163060389042585e-08,1.7324216514680302e-06,2.2770507712266408e-05,0.019224468618631363,0.005406743381172419,0.0,0.01880764402449131,4.732554953079671e-05,0.3677250146865845,5.544474213081685e-09,,,,,,
260,0.016453376039862633,2.574138593003766e-05,107.85711031005485,0.1362481713294983,0.0009725930285640061,0.00036335387267172337,1.6172518826351734e-06,1.8871695601774263e-06,0.00035646255128085613,0.00022943013755138963,1.879271621874068e-05,0.00023119564866647124,1.6336066437361296e-06,1.739990018734261e-08,1.7175929087898112e-06,2.2734588128514588e-05,0.032343313097953796,0.02706007845699787,0.0,0.018061580136418343,3.095951251452789e-05,0.3677539527416229,8.009374274919878e-10,,,,,,
261,0.01422685757279396,2.5710423722977213e-05,108.2722455660114,0.5296075344085693,0.0008687393856234848,0.00048148221685551107,1.6156135416167672e-06,1.6681190118106315e-06,0.0003914669796358794,0.0002289426774950698,1.889634586405009e-05,0.0002308020048076287,1.64481571118813e-06,1.6983477735266206e-08,1.7275569916819222e-06,2.2709338736603968e-05,0.011657187715172768,0.008060242049396038,0.0,0.0073058707639575005,2.1310901502147317e-05,0.3677840232849121,4.1661163407979984e-09,,,,,,
262,0.014535569585859776,2.567937061275302e-05,108.68536075903103,0.5443124175071716,0.0010611251927912235,0.000441725249402225,1.865242438725545e-06,1.6326928289345233e-06,0.0004368619993329048,0.00022959159105084836,1.8965616618515924e-05,0.00023090220929589123,1.6718956885597436e-06,1.7475681346468264e-08,1.7562705352247576e-06,2.2814934709458612e-05,0.007599616423249245,0.01047186367213726,0.0,0.011463049799203873,2.869976196961943e-05,0.36781176924705505,8.102506221518979e-09,,,,,,
263,0.01506971474736929,2.564822690584675e-05,109.09960890904767,0.1395626962184906,0.0010324370814487338,0.0004185686993878335,1.3956032489659265e-06,1.5323655588872498e-06,0.000386250379960984,0.00023064691049512476,1.904613418446388e-05,0.00023140115081332624,1.6413482626376208e-06,1.7359996107302322e-08,1.723057152958063e-06,2.2762338630855083e-05,0.02534398064017296,0.008807539008557796,0.0,0.01849721185863018,2.1088981156935915e-05,0.3678395450115204,2.135833288008371e-09,,,,,,
264,0.014232574962079525,2.5616992909634198e-05,109.50924910005415,0.3887121379375458,0.0009213719167746603,0.00040940981125459075,1.5004256965767127e-06,1.7584725355845876e-06,0.00046724462299607694,0.00023263669572770596,1.9083745428361e-05,0.00023260807211045176,1.630875658520381e-06,1.7617528769164892e-08,1.7109472310039564e-06,2.271482298965566e-05,0.01816374622285366,0.011626947671175003,0.0,0.006009459029883146,2.0402199879754335e-05,0.36786961555480957,1.347313371979908e-08,,,,,,
265,0.013661892153322697,2.5585668932382312e-05,109.92425985605223,0.5130314826965332,0.0008929154719226062,0.00039885210571810603,1.51892152189248e-06,1.8195178199675865e-06,0.0003573903813958168,0.00023160599812399596,1.9111505025648512e-05,0.0002319863997399807,1.6319340829795692e-06,1.761981671677404e-08,1.7106225413954235e-06,2.2678983441437595e-05,0.01820547692477703,0.01023495476692915,0.0,0.005102372728288174,3.1662471883464605e-05,0.3678973913192749,1.4466543518665276e-09,,,,,,
266,0.01377448346465826,2.5554255283246094e-05,110.34022806404391,0.9802283644676208,0.0009598849574103951,0.00036975531838834286,1.4415834357350832e-06,1.6657322703395039e-06,0.0005566270556300879,0.00023204604804050177,1.908889134938363e-05,0.0002323364606127143,1.6805986433610087e-06,1.8317320993332942e-08,1.764059447850741e-06,2.276747181895189e-05,0.00963498093187809,0.009162445552647114,0.0,0.014225459657609463,3.848227788694203e-05,0.367922842502594,2.6449560319719012e-09,,,,,,
267,0.016579369083046913,2.5522752272265582e-05,110.75528666505124,0.9059518575668335,0.0010666778543964028,0.0004211724444758147,1.7982006284000818e-06,1.8104559558196343e-06,0.0003997977764811367,0.0002324824599782005,1.9101042198599316e-05,0.00023257527209352702,1.6477004010084784e-06,1.751798528459858e-08,1.7245397430087905e-06,2.2603939214604907e-05,0.02333100698888302,0.026317019015550613,0.0,0.011425844393670559,2.9482413083314896e-05,0.3679494559764862,7.326405038199368e-10,,,,,,
268,0.01243578176945448,2.5491160210362775e-05,111.16751636203844,0.5192384719848633,0.000873167475219816,0.00035054300678893924,1.5700364883741713e-06,1.659357394601102e-06,0.0002659748133737594,0.00023409210552927107,1.89687852980569e-05,0.0002335906174266711,1.6214758034038823e-06,1.8268353940698034e-08,1.701956875876931e-06,2.267367744934745e-05,0.0077928416430950165,0.0054159462451934814,0.0,0.017081383615732193,1.5144252756726928e-05,0.3679749071598053,2.309680002809955e-09,,,,,,
269,0.016036922112107277,2.545947940933857e-05,111.5782594930497,0.1611059457063675,0.0009218112099915743,0.000454684195574373,1.7854813449957874e-06,1.76472963175911e-06,0.0005075326771475375,0.00023268551740329713,1.872303255368024e-05,0.0002327359834453091,1.6189003417821368e-06,1.807434202305558e-08,1.6988969946396537e-06,2.266666342620738e-05,0.01008232869207859,0.021427655592560768,0.0,0.01698041707277298,3.8173133361851797e-05,0.36800265312194824,1.19209286886246e-09,,,,,,
270,0.013467499986290932,2.5427710181869678e-05,111.99012979201507,0.3584631383419037,0.0009694057516753674,0.0004032677679788321,1.6263486486423062e-06,1.6920091638894519e-06,0.00038504868280142546,0.00023192804655991495,1.8522112441132776e-05,0.00023229444923345,1.6303649772453355e-06,1.7742859625968777e-08,1.7115147556978627e-06,2.2707343305228278e-05,0.0052468013018369675,0.005397794768214226,0.0,0.0180529672652483,5.368044730857946e-05,0.3680327534675598,2.129624254720852e-09,,,,,,
271,0.013719715178012848,2.5395852841505556e-05,112.40141074801795,0.6205037236213684,0.001086292671971023,0.00040812077349983156,1.678949047345668e-06,1.8318455659027677e-06,0.0003514835552778095,0.00023043988039717078,1.8392762285657227e-05,0.00023148974287323654,1.6310914361383766e-06,1.694508355853941e-08,1.7108279735111864e-06,2.2666870790999383e-05,0.002724885940551758,0.01385180838406086,0.0,0.004062669351696968,5.069833787274547e-05,0.36806514859199524,3.0795734851096768e-09,,,,,,
272,0.014399945735931396,2.536390770266529e-05,112.81631096103229,0.5079702734947205,0.000865614099893719,0.0003936249704565853,1.71960834904894e-06,1.7325349972452386e-06,0.00040034455014392734,0.00023168601910583675,1.8259312128066085e-05,0.000232521808356978,1.6212318314501317e-06,1.765695500921538e-08,1.7043006437233998e-06,2.2736956452718005e-05,0.019267968833446503,0.012144627049565315,0.0,0.015447976998984814,1.5774556231917813e-05,0.3680940866470337,1.240521640966108e-08,,,,,,
273,0.014488999731838703,2.5331875080634506e-05,113.23587391001638,0.21570447087287903,0.000950516783632338,0.00043562494101934135,1.387608563163667e-06,1.8043059526462457e-06,0.0004138324875384569,0.00023143512953538448,1.8132532204617746e-05,0.00023269277880899608,1.5953359024933889e-06,1.7548797970334817e-08,1.6765889085945673e-06,2.2687867385684513e-05,0.012689342722296715,0.014245694503188133,0.0,0.006109397858381271,4.633497155737132e-05,0.36812299489974976,3.371387613526622e-09,,,,,,
274,0.01419873908162117,2.5299755291562247e-05,113.65944312000647,0.4476509690284729,0.0009004094172269106,0.0004629126633517444,1.5783007256686687e-06,1.7984673377213767e-06,0.0003896393463946879,0.0002295757585670799,1.802918632165529e-05,0.00023180308926384896,1.5967732451827032e-06,1.73890839505475e-08,1.67681980656198e-06,2.2648830054095015e-05,0.01894848793745041,0.007988527417182922,0.0,0.0030493554659187794,2.2506143068312667e-05,0.36814963817596436,4.054357738425551e-09,,,,,,
275,0.01441231183707714,2.5267548652457864e-05,114.08334587403806,0.44778963923454285,0.001145662390626967,0.00041010542190633714,1.4598184634451172e-06,1.6813573893159628e-06,0.00034691410837695,0.00022898441238794476,1.791539580153767e-05,0.00023186896578408778,1.6013989352359204e-06,1.802502680448015e-08,1.6846531707415124e-06,2.2727470422978513e-05,0.019817620515823364,0.004877582658082247,0.0,0.01782022789120674,1.0472635040059686e-05,0.3681727647781372,1.7695128695649487e-09,0.8944599161856448,6.160764748318907,0.7712298696191368,0.6385672501624098,0.0018649713526974583,0.0025286979834646217
276,0.015268494375050068,2.5235255481187887e-05,114.53443883900763,0.19350969791412354,0.0009563435451127589,0.0004065262037329376,1.7989407297136495e-06,1.6592788369962364e-06,0.000363616127287969,0.00022905977675691247,1.7811194993555546e-05,0.00023216208501253277,1.5840580545045668e-06,1.7748778446957658e-08,1.6653415286782547e-06,2.2675432774121873e-05,0.019570831209421158,0.018432877957820892,0.0,0.013968154788017273,6.776524969609454e-05,0.3681982457637787,2.086162798065061e-09,,,,,,
277,0.01481012161821127,2.5202876096472868e-05,114.95128894102527,0.3744219243526459,0.0009048086358234286,0.00041256655822508037,1.7040723605532548e-06,1.6340807178494288e-06,0.00042269256664440036,0.00023018404317554086,1.772755967976991e-05,0.0002328560221940279,1.5846538872210658e-06,1.7377512762095648e-08,1.665561967456597e-06,2.2652904590358958e-05,0.0033796881325542927,0.02003517933189869,0.0,0.017079979181289673,3.49934671248775e-05,0.3682236969470978,1.2852252595507707e-09,,,,,,
278,0.01679225265979767,2.517041081788428e-05,115.3901022610371,0.7429113984107971,0.0009103730553761125,0.0005497109377756715,1.513584038548288e-06,1.5999094102880917e-06,0.0005090548074804246,0.00023236669949255884,1.7627518900553696e-05,0.00023433080059476197,1.6094115835585399e-06,1.7504170557458565e-08,1.6931838899836293e-06,2.273375866934657e-05,0.026471974328160286,0.014093790203332901,0.0,0.009719673544168472,6.8790241130045615e-06,0.36825263500213623,2.669791276943556e-09,,,,,,
279,0.013892061077058315,2.5137859965841302e-05,115.80596700904425,0.632697343826294,0.0009516935679130256,0.00040285519207827747,1.3405840491031995e-06,1.8150825553675531e-06,0.00037138332845643163,0.00023037394566927105,1.7593609300092794e-05,0.00023243515170179307,1.6124211015267065e-06,1.6516395362486946e-08,1.693485046416754e-06,2.2631711544818245e-05,0.00495234876871109,0.013802269473671913,0.0,0.012778019532561302,3.786687011597678e-05,0.36828041076660156,4.923592200611893e-09,,,,,,
280,0.01689901389181614,2.510522386160771e-05,116.2210584950517,0.4134919047355652,0.0011541518615558743,0.0004393933340907097,1.6337934312105062e-06,1.5771393009345047e-06,0.00042559258872643113,0.00022948620608076453,1.753632204781752e-05,0.00023144764418248087,1.602840711711906e-06,1.6770911770436214e-08,1.6840871239764965e-06,2.267569288960658e-05,0.022838981822133064,0.027482639998197556,0.0,0.008605090901255608,1.8005001038545743e-05,0.3683081865310669,1.266598714799727e-09,,,,,,
281,0.015029451809823513,2.507250282728867e-05,116.63388344302075,0.4716975688934326,0.0008822441450320184,0.0004433714202605188,1.6533267626073211e-06,1.5236282706609927e-06,0.0004384381463751197,0.00023184854944702238,1.7569100236869417e-05,0.00023280350433196872,1.606298837941722e-06,1.726175824501297e-08,1.6888161553652026e-06,2.2673786588711664e-05,0.022992730140686035,0.010872888378798962,0.0,0.013331589289009571,3.0420902476180345e-05,0.3683348298072815,1.9681951624050953e-09,,,,,,
282,0.016254859045147896,2.5039697185827585e-05,117.05128424003487,0.5705236792564392,0.0010265382006764412,0.00042734722956083715,1.6020946986827767e-06,1.8372884369455278e-06,0.0005687313969247043,0.00023534083447884768,1.7709273379296064e-05,0.00023518405214417726,1.5856892332521966e-06,1.6985438833216904e-08,1.6647052234475268e-06,2.2552398149855435e-05,0.012429684400558472,0.028209835290908813,0.0,0.006787946447730064,1.1226393326069228e-05,0.3683614432811737,2.377976926482006e-09,,,,,,
283,0.016465308144688606,2.5006807261002888e-05,117.46602924505714,0.48289695382118225,0.0010255867382511497,0.0004557291395030916,1.6106496332213283e-06,1.686953737589647e-06,0.0006282264366745949,0.00023651303490623832,1.7840886357589625e-05,0.00023560546105727553,1.5831371911190217e-06,1.7098079396760113e-08,1.6636071222819737e-06,2.2588774299947545e-05,0.018628505989909172,0.017369505017995834,0.0,0.0168407391756773,4.35593792644795e-05,0.3683869242668152,2.061327331048801e-09,,,,,,
284,0.01565094105899334,2.4973833377424862e-05,117.88163441402139,0.17339473962783813,0.0009491596138104796,0.00044583514682017267,1.4700467545480933e-06,1.6325155911545153e-06,0.0005330982967279851,0.0002311086282134056,1.810999856388662e-05,0.00023085302382241935,1.5994398836483015e-06,1.6351801690461798e-08,1.6792992028058507e-06,2.258637687191367e-05,0.02257504127919674,0.014860020019114017,0.0,0.01195681095123291,2.4894676244002767e-05,0.3684135377407074,8.319815947288589e-10,,,,,,
285,0.01375522743910551,2.4940775860532425e-05,118.2980090440251,0.49748021364212036,0.000962725083809346,0.0003525915089994669,1.783285597412032e-06,1.6928022432693979e-06,0.00048209491069428623,0.00022923863434698433,1.840399272623472e-05,0.00022974562307354063,1.6007001022444456e-06,1.5914535467231872e-08,1.6804291362859658e-06,2.25493531615939e-05,0.00929619837552309,0.01542573794722557,0.0,0.00953208189457655,6.898782885400578e-06,0.3684401512145996,4.842877654454014e-09,,,,,,
286,0.014296110719442368,2.4907635036589927e-05,118.712243401038,0.5353950262069702,0.000850902171805501,0.00048679427709430456,1.5112767641767277e-06,1.7137989516413654e-06,0.0005001737736165524,0.00022885909129399806,1.8650909623829648e-05,0.00022916737361811101,1.6096977333290852e-06,1.6362864840857583e-08,1.6905269148992375e-06,2.2570675355382264e-05,0.011375900357961655,0.006692822091281414,0.0,0.007469200063496828,2.874110941775143e-05,0.3684656322002411,3.278255666927521e-09,,,,,,
287,0.013937758281826973,2.487441123268392e-05,119.12836849904852,0.20124323666095734,0.0008814557804726064,0.00044950199662707746,1.39295548251539e-06,1.6860811911101337e-06,0.00041858822805806994,0.00022975860338192433,1.9004779460374266e-05,0.0002291252021677792,1.5714285837020725e-06,1.7022664167143375e-08,1.6533649613847956e-06,2.2499230908579193e-05,0.011391472071409225,0.007459175772964954,0.0,0.01010144967585802,4.4370746763888747e-05,0.36848878860473633,1.9681949403604904e-09,,,,,,
288,0.015641238540410995,2.4841104776719922e-05,119.53994612104725,0.8317186236381531,0.000947288703173399,0.0005038523231633008,2.0107313503103796e-06,1.7985992144531338e-06,0.00039603267214260995,0.0002320172352483496,1.9369146684766747e-05,0.00023043980763759464,1.5668572359572863e-06,1.7406636132477615e-08,1.6460944607388228e-06,2.240721914859023e-05,0.011519611813127995,0.014277515932917595,0.0,0.014020864851772785,2.530673737055622e-05,0.36851194500923157,3.253420199911261e-09,,,,,,
289,0.014772027730941772,2.4807715997419226e-05,119.95751797599951,1.1732075214385986,0.0011357623152434826,0.0004618296807166189,1.7115202126660733e-06,1.607478225196246e-06,0.0003969270037487149,0.00023405722458846867,1.9655102732940577e-05,0.00023172510555014014,1.595442427060334e-06,1.8596047368646396e-08,1.6839335330587346e-06,2.2514595912070945e-05,0.01630139723420143,0.01000990066677332,0.0,0.003052804619073868,4.99428206239827e-05,0.3685362637042999,2.5083621846277993e-09,,,,,,
290,0.015731405466794968,2.4774245224315596e-05,120.37086937605636,0.6597991585731506,0.000983168836683035,0.0004819686873815954,1.7034280972438864e-06,1.7705303889670176e-06,0.0005065470468252897,0.00022916070884093642,1.9888630049536005e-05,0.00022832727700006217,1.5711541436758125e-06,1.6565959271019892e-08,1.6509775377926417e-06,2.2449121388490312e-05,0.01331331953406334,0.01949448511004448,0.0,0.004039383493363857,2.5238692614948377e-05,0.3685570955276489,1.060466026103768e-08,,,,,,
291,0.013997622765600681,2.4740692787752042e-05,120.78455469501205,0.6020776033401489,0.0009128556121140718,0.0004653407377190888,1.4971096788940486e-06,1.6749395399529021e-06,0.00043465837370604277,0.00022967593395151198,2.0018509530927986e-05,0.00023073969350662082,1.5859058066780563e-06,1.5979708223312628e-08,1.6649755707476288e-06,2.254641367471777e-05,0.009640204720199108,0.005794552620500326,0.0,0.010439533740282059,3.581926284823567e-05,0.3685756325721741,3.8556748904738924e-09,,,,,,
292,0.01577814482152462,2.4707059018877587e-05,121.20179920800729,1.3803086280822754,0.0009661616641096771,0.0004704645252786577,1.7260817912756465e-06,1.6466401575598866e-06,0.00031768891494721174,0.00023036389029584825,1.9994937247247435e-05,0.0002310504060005769,1.6982710349111585e-06,1.647927660997084e-08,1.7766203654900892e-06,2.270946788485162e-05,0.017314672470092773,0.020389430224895477,0.0,0.008265070617198944,6.230045983102173e-05,0.3685941696166992,6.568929844519289e-09,,,,,,
293,0.015304606407880783,2.4673344249643934e-05,121.6139723570086,1.36393404006958,0.0011367626721039414,0.00045754999155178666,1.5401031987494207e-06,1.949446186699788e-06,0.00043187240953557193,0.0002310501877218485,1.9953753508161753e-05,0.00023104477440938354,1.6499261619173922e-06,1.619950218412214e-08,1.729032192088198e-06,2.2461856133304536e-05,0.01511513814330101,0.011840718798339367,0.0,0.011050843633711338,3.755968646146357e-05,0.368612676858902,3.886719834866881e-09,,,,,,
294,0.013880372047424316,2.463954881280225e-05,122.02735245402437,0.18309760093688965,0.0009900450240820646,0.00035959749948233366,1.3795738595945295e-06,1.659890358496341e-06,0.00030380935641005635,0.00023386049724649638,1.970332596101798e-05,0.0002318982733413577,1.54277677211212e-06,1.8160395853783484e-08,1.620677153368888e-06,2.2541031285072677e-05,0.015146922320127487,0.016885098069906235,0.0,0.008655892685055733,1.4530441148963291e-05,0.36863353848457336,4.762163108296136e-09,,,,,,
295,0.013719202019274235,2.4605673041899847e-05,122.44291099603288,1.3921810388565063,0.0008584292372688651,0.0004453436704352498,1.6322601368301548e-06,1.59223418449983e-06,0.0003211620496585965,0.00023876896011643112,1.9471726773190312e-05,0.00023573411453980953,1.6062858776422217e-06,2.0347467710735145e-08,1.6951183852143004e-06,2.2611766326008365e-05,0.012130508199334145,0.005948069971054792,0.0,0.012667346745729446,1.6558811694267206e-05,0.36865437030792236,9.809932866033932e-10,,,,,,
296,0.014442289248108864,2.4571717271276918e-05,122.86377779801842,1.799872636795044,0.0009947688085958362,0.0003980917390435934,1.8637390439835144e-06,2.0241366200934863e-06,0.0005237592267803848,0.00023619113198947161,1.9386858184589073e-05,0.00023386259272228926,1.6460344340885058e-06,1.7910968708179098e-08,1.7145534911833238e-06,2.2365542463376187e-05,0.018218325451016426,0.01009581983089447,0.0,0.00969021674245596,1.5536606952082366e-05,0.36867523193359375,1.4094017064536501e-09,,,,,,
297,0.015884242951869965,2.45376818360632e-05,123.28442729701055,0.9331029057502747,0.0010686407331377268,0.000420960335759446,1.7051611393981148e-06,1.5362596741397283e-06,0.000365235231583938,0.00023347568640019745,1.916579822136555e-05,0.00023220172442961484,1.5919931684038602e-06,1.850744979492447e-08,1.6752640021877596e-06,2.2585707483813167e-05,0.02196883037686348,0.01655079610645771,0.0,0.01984296925365925,7.748465577606112e-05,0.36869722604751587,1.4031926731661315e-09,,,,,,
298,0.015432191081345081,2.4503567072174712e-05,123.69693726702826,0.666800856590271,0.0010126500856131315,0.0004819566966034472,1.3977833077660762e-06,1.5772427559568314e-06,0.00035679148277267814,0.00023132794012781233,1.8999568055733107e-05,0.00023181215510703623,1.5944868891892838e-06,1.6813412884175705e-08,1.6732431049604202e-06,2.2584803446079604e-05,0.018306447193026543,0.009556430391967297,0.0,0.018222304061055183,4.0970462578115985e-05,0.36872154474258423,3.228585176984211e-09,,,,,,
299,0.014304772019386292,2.4469373316310386e-05,124.11242449603742,1.5618524551391602,0.0008367900736629963,0.00038486591074615717,1.7920310710906051e-06,1.8244818420498632e-06,0.00046425918117165565,0.0002308189432369545,1.887773942144122e-05,0.000232062375289388,1.6362621408916311e-06,1.5657530383350604e-08,1.7155279010694358e-06,2.2408523363992572e-05,0.008961128070950508,0.01748191937804222,0.0,0.013467027805745602,5.6473614677088335e-05,0.36874818801879883,4.2965018209883965e-09,,,,,,
300,0.015383142046630383,2.4435100905948797e-05,124.5314103300334,1.438097596168518,0.0010097416816279292,0.0003859924618154764,1.3222572761151241e-06,1.6467556633870117e-06,0.00040571874706074595,0.0002303330402355641,1.8728231225395575e-05,0.0002303675573784858,1.6396343198721297e-06,1.706988683736199e-08,1.72283375832194e-06,2.2597552742809057e-05,0.01120920479297638,0.028779063373804092,0.0,0.006686412263661623,5.112979488330893e-05,0.3687748312950134,1.4094014844090452e-09,0.9092606144084039,6.251100964387614,0.7775621888159732,0.6491336724174115,0.0016815166627195698,0.0024094998388069053
301,0.014168735593557358,2.4400750179344802e-05,124.97845151805086,0.8334395885467529,0.0009959375020116568,0.0004237675457261503,1.928052370203659e-06,1.66762708886381e-06,0.00039059342816472054,0.00023137980315368623,1.8653334336704575e-05,0.0002313563018105924,1.5325163076340687e-06,1.6748064268767848e-08,1.610254457773408e-06,2.2374359105015174e-05,0.020064277574419975,0.007681018207222223,0.0,0.007067669648677111,5.1600869483081624e-05,0.3688003122806549,8.276353824498983e-09,,,,,,
302,0.014188162982463837,2.4366321475526196e-05,125.39463419903768,0.3731788992881775,0.0009253757307305932,0.000490184233058244,1.4462109447777038e-06,1.7218566199517227e-06,0.00032169761834666133,0.00023235681874211878,1.855457048804965e-05,0.0002324575325474143,1.5144345297812833e-06,1.710581898350938e-08,1.594012246641796e-06,2.2414358681999147e-05,0.011904634535312653,0.008145801723003387,0.0,0.005414856597781181,6.104954081820324e-05,0.36882346868515015,4.5945247606482553e-10,,,,,,
303,0.013940086588263512,2.433181513429039e-05,125.81063047103817,0.3406055271625519,0.0009246889967471361,0.0003900902229361236,1.7431565311198938e-06,1.6140293155331165e-06,0.0003994994331151247,0.00022926081146579236,1.85074022738263e-05,0.00023057447106111795,1.5312720051952056e-06,1.6589583040627076e-08,1.6112401226564543e-06,2.244512870674953e-05,0.01598495990037918,0.0059031033888459206,0.0,0.021806612610816956,2.6728292141342536e-05,0.36884549260139465,1.0790923710146672e-08,,,,,,
304,0.01542229950428009,2.4297231496201035e-05,126.22739987703972,0.5642934441566467,0.0010475271847099066,0.0005207665963098407,1.7200903812408797e-06,1.7044992546288995e-06,0.0005055360961705446,0.0002273126010550186,1.8540358723839745e-05,0.00023016214254312217,1.537999878564733e-06,1.5575158940350775e-08,1.6171359220606973e-06,2.2423284463002346e-05,0.016657136380672455,0.007510282099246979,0.0,0.007374201435595751,1.3433198546408676e-05,0.36887097358703613,6.842117095118283e-09,,,,,,
305,0.013246656395494938,2.4262570902584687e-05,126.64192314300453,0.5235297679901123,0.0011221739696338773,0.0003542675985954702,1.4461642194874003e-06,1.5407044884341303e-06,0.00036853409255854785,0.00022720145352650434,1.856592825788539e-05,0.00023019274522084743,1.5602985286022886e-06,1.5477038317612823e-08,1.63814036113763e-06,2.2507918401970528e-05,0.0200929157435894,0.0054366737604141235,0.0,0.007627265062183142,2.6515986974118277e-05,0.3688952922821045,9.996197203321344e-10,,,,,,
306,0.013955291360616684,2.42278336955274e-05,127.05700249102665,0.14890635013580322,0.0009543714695610106,0.00046896282583475113,1.5558809991489397e-06,1.5691603039158508e-06,0.0003099702880717814,0.00022807781351730227,1.864459045464173e-05,0.00023006203991826624,1.5357964002760127e-06,1.557606665869571e-08,1.613772610653541e-06,2.2459125830209814e-05,0.009686852805316448,0.0073644244112074375,0.0,0.009806308895349503,2.149958527297713e-05,0.3689184784889221,5.8921676426848535e-09,,,,,,
307,0.015142367221415043,2.4193020217871394e-05,127.472809523053,0.4069185256958008,0.0011088403407484293,0.0004536281048785895,1.682480387898977e-06,1.7624905694901827e-06,0.00028751621721312404,0.00022939519840292633,1.873439396149479e-05,0.00023067307483870536,1.5259327028616099e-06,1.5799217933931686e-08,1.6027199762902455e-06,2.238783417851664e-05,0.019925735890865326,0.012243164703249931,0.0,0.010937497951090336,4.0662489482201636e-05,0.36894163489341736,9.499490083442197e-10,,,,,,
308,0.013368934392929077,2.4158130813211637e-05,127.89180112001486,0.6081340909004211,0.001026526209898293,0.00041763679473660886,1.4365194829224492e-06,1.6449047279820661e-06,0.00045964945456944406,0.0002311367861693725,1.8811577319866046e-05,0.00023167792824096978,1.5175222642938024e-06,1.6703143757013095e-08,1.5951154637150466e-06,2.2432475816458464e-05,0.006539127789437771,0.005589267238974571,0.0,0.008435336872935295,1.7555790691403672e-05,0.368964821100235,2.5518240853728003e-09,,,,,,
309,0.01503866259008646,2.4123165825892466e-05,128.31401296902914,0.40393567085266113,0.0008442266844213009,0.00045210003736428916,1.4748056855751202e-06,1.6217376241911552e-06,0.0005213553085923195,0.00022906952654011548,1.8846680177375674e-05,0.0002299945626873523,1.5110942968021845e-06,1.6471105368509598e-08,1.5853902368689887e-06,2.2376581910066307e-05,0.01970350742340088,0.008098365738987923,0.0,0.0202909205108881,2.2640339011559263e-05,0.3689868152141571,4.13507228458343e-09,,,,,,
310,0.015531409531831741,2.408812560100419e-05,128.73014739400242,0.6397064328193665,0.0009918675059452653,0.000406754610594362,1.5360283214249648e-06,1.5666321360185975e-06,0.00036889532930217683,0.00022946365061216056,1.886588506749831e-05,0.00023019766376819462,1.5347694670708734e-06,1.6692004223273216e-08,1.610434082977008e-06,2.243203744001221e-05,0.012826735153794289,0.0261850543320179,0.0,0.011068662628531456,4.693966911872849e-05,0.36901232600212097,4.259248953530914e-09,,,,,,
311,0.01585242711007595,2.4053010484379683e-05,129.14572341303574,0.8595167994499207,0.0008691577240824699,0.0004441027995198965,1.6540883507332182e-06,1.7103723166655982e-06,0.0003262737882323563,0.00023053260520100594,1.890595922304783e-05,0.00023130129557102919,1.5430704252139549e-06,1.574763786038602e-08,1.6141564174176892e-06,2.232535189250484e-05,0.020645372569561005,0.01888187974691391,0.0,0.02161574363708496,4.264288145350292e-05,0.36903780698776245,6.885579217907889e-09,,,,,,
312,0.013813675381243229,2.401782082259097e-05,129.55722146405606,0.4273237884044647,0.0008943783468566835,0.00041844649240374565,1.6755720935179852e-06,1.609587570783333e-06,0.0003919421578757465,0.00023178326955530792,1.8824815924745053e-05,0.00023185489408206195,1.5388895917567424e-06,1.630852253242665e-08,1.6124031390063465e-06,2.243140625068918e-05,0.009882504120469093,0.008460906334221363,0.0,0.015300411731004715,1.8103546608472243e-05,0.36906561255455017,1.5646219875264933e-09,,,,,,
313,0.015281992964446545,2.3982556962945804e-05,129.97446477902122,0.37898290157318115,0.0010502332588657737,0.00047682778676971793,1.96206929103937e-06,1.7079941017072997e-06,0.0002772174193523824,0.00023242431052494794,1.8805292711476795e-05,0.00023199267161544412,1.53520375079097e-06,1.646004932354117e-08,1.6092051282612374e-06,2.241257425339427e-05,0.006449924316257238,0.01498524472117424,0.0,0.01764758490025997,5.384155883803032e-05,0.3690934181213379,7.481624209049187e-09,,,,,,
314,0.01436640229076147,2.3947219253484244e-05,130.388633347,0.3107432425022125,0.0009390383493155241,0.00047095093759708107,1.5808390116944793e-06,1.8224825453216908e-06,0.0003901857999153435,0.0002349687711102888,1.8803088096319698e-05,0.00023362737556453794,1.5142085203478928e-06,1.6260846891213987e-08,1.5852506294322666e-06,2.2336182155413553e-05,0.014078294858336449,0.006378909572958946,0.0,0.011712979525327682,3.827490581898019e-05,0.36912354826927185,1.2566647278333676e-08,,,,,,
315,0.013891704380512238,2.391180804297521e-05,130.80528180103283,0.5795724987983704,0.0009457225096412003,0.0004130068700760603,1.6307147916450049e-06,1.657781467656605e-06,0.00042836315697059035,0.00023597331892233342,1.8802973499987274e-05,0.00023442380188498646,1.5091334262251621e-06,1.6322898588327917e-08,1.5805258044565562e-06,2.2304891899693757e-05,0.010703801177442074,0.010601027868688107,0.0,0.008783542551100254,7.356185233220458e-05,0.3691536784172058,1.8440189375468208e-09,,,,,,
316,0.014879349619150162,2.3876323680913066e-05,131.22292816400295,0.6694745421409607,0.0009991060942411423,0.00045298467739485204,1.5279972558346344e-06,1.6845773416207521e-06,0.0004188626480754465,0.00023197206610348076,1.8741369785857387e-05,0.00023139649420045316,1.5327990467994823e-06,1.656922776760439e-08,1.6096049648695043e-06,2.237993430753704e-05,0.008779936470091343,0.016902964562177658,0.0,0.007241757586598396,3.974681021645665e-05,0.36918264627456665,7.450580596923828e-09,,,,,,
317,0.014261828735470772,2.384076651751413e-05,131.63947046903195,0.4335888922214508,0.0008763246587477624,0.0003792160132434219,1.930499365698779e-06,1.613150288903853e-06,0.00038277555722743273,0.00022878407617099583,1.877722388599068e-05,0.0002295026497449726,1.505537284174352e-06,1.5502692463087442e-08,1.5783791695866967e-06,2.2285215891315602e-05,0.012403922155499458,0.016075875610113144,0.0,0.016089778393507004,6.069627124816179e-05,0.36920931935310364,2.048909486518369e-09,,,,,,
318,0.015276726335287094,2.3805136903713253e-05,132.05307070101844,0.5639856457710266,0.0009559872560203075,0.0004090472939424217,1.5567696891594096e-06,1.610350409464445e-06,0.0004030839481856674,0.00022785342298448086,1.88081685337238e-05,0.00022972424631007016,1.5135805142563186e-06,1.5177558765344656e-08,1.5868988612055546e-06,2.232594124507159e-05,0.02648741379380226,0.020134052261710167,0.0,0.005025804508477449,1.3232213859737385e-05,0.3692382872104645,1.601874966006278e-09,,,,,,
319,0.0158822163939476,2.376943519116034e-05,132.46815972204786,1.2275829315185547,0.0009741446119733155,0.0004885907983407378,1.5965820239216555e-06,1.548885734337091e-06,0.0003893956891261041,0.00022744754096493125,1.8854278096114285e-05,0.00022904416255187243,1.590728061273694e-06,1.5631988148356868e-08,1.666437128733378e-06,2.2426427676691674e-05,0.023546293377876282,0.007615833543241024,0.0,0.02500845119357109,1.9875564248650335e-05,0.36926376819610596,1.1548400014049776e-09,,,,,,
320,0.0158940888941288,2.3733661732216885e-05,132.88688509503845,1.4035738706588745,0.0011042803525924683,0.0004186884907539934,1.60594515818957e-06,1.8362700302532176e-06,0.0004152301116846502,0.00022757220722269267,1.8885390090872534e-05,0.0002293340367032215,1.5936783483994077e-06,1.4820819238536842e-08,1.6693593352101743e-06,2.220144961029291e-05,0.022533098235726357,0.020090002566576004,0.0,0.011288809590041637,4.369446833152324e-05,0.3692939281463623,1.48390721932401e-09,,,,,,
321,0.013336071744561195,2.3697816879952482e-05,133.30297915404662,0.40427398681640625,0.0009724635165184736,0.00035305850906297565,1.6249250620603561e-06,1.5522967942160903e-06,0.00046114373253658414,0.00022752828954253346,1.874876943475101e-05,0.00022939054179005325,1.5137336504267296e-06,1.5574974199239477e-08,1.5876946690696059e-06,2.2336074835038744e-05,0.022087182849645615,0.00689731677994132,0.0,0.006684476044028997,4.88582591060549e-05,0.36932405829429626,1.5770393879677158e-09,,,,,,
322,0.014042584225535393,2.366190098814135e-05,133.72163874603575,0.7586922645568848,0.0009979892056435347,0.00039967813063412905,1.633176452742191e-06,1.5091062550709466e-06,0.0003481234307400882,0.00022786784393247217,1.8618005924508907e-05,0.00022954221640247852,1.5399252788483864e-06,1.5934659813865437e-08,1.615618543837627e-06,2.2389591322280467e-05,0.009093174710869789,0.013256538659334183,0.0,0.013773014768958092,1.7472215404268354e-05,0.369351863861084,1.9185246724617855e-09,,,,,,
323,0.014489301480352879,2.3625914411258835e-05,134.13853984401794,0.8531123995780945,0.0008258951129391789,0.00042489307816140354,1.5446812540176325e-06,1.7536156065034447e-06,0.00032089470187202096,0.00023037569189909846,1.8477969206287526e-05,0.00023102473642211407,1.5076673207659042e-06,1.560115236998172e-08,1.5787616121087922e-06,2.2255258954828605e-05,0.021969251334667206,0.013333114795386791,0.0,0.011857124045491219,1.5475703548872843e-05,0.3693796992301941,1.4963248418098374e-09,,,,,,
324,0.013599812984466553,2.3589857504477934e-05,134.554358125024,0.4373798072338104,0.0008766430546529591,0.0003863581223413348,1.482830839449889e-06,1.5019699048934854e-06,0.0004025348462164402,0.00023388511908706278,1.8317141439183615e-05,0.00023368872643914074,1.4781885511183646e-06,1.640564306626402e-08,1.5510821640418726e-06,2.2356045519700274e-05,0.005551279988139868,0.009316141717135906,0.0,0.022630171850323677,2.9803837605868466e-05,0.3694075047969818,3.408640925073314e-09,,,,,,
325,0.012925566174089909,2.355373062366575e-05,134.97263315605232,0.48646828532218933,0.000878496968653053,0.0003481742169242352,1.444610461476259e-06,1.6414354604421533e-06,0.0004353339900262654,0.00023280055029317737,1.817421980376821e-05,0.00023271709505934268,1.4882591585774207e-06,1.631821078262874e-08,1.560982013870671e-06,2.239163950434886e-05,0.01883234642446041,0.007797072641551495,0.0,0.006483078934252262,2.7734538889490068e-05,0.36943766474723816,1.7322600021074663e-09,0.8920899676309416,6.069022241793077,0.7524051640018883,0.6368753112569115,0.0016773512053950047,0.002396249946868117
326,0.015116801485419273,2.351753412538002e-05,135.42324175004615,0.7801732420921326,0.0008971644565463066,0.00046720271348021924,1.4753098867004155e-06,1.7701374872558517e-06,0.00041030067950487137,0.00023025363043416291,1.8074988474836573e-05,0.00023096737277228385,1.4983299934101524e-06,1.547210004559929e-08,1.5674420410505263e-06,2.2306614482658915e-05,0.018923373892903328,0.010051345452666283,0.0,0.01738595776259899,2.632771065691486e-05,0.3694654703140259,2.0302830527896276e-09,,,,,,
327,0.013455048203468323,2.3481268366865562e-05,135.8421922850539,0.5826190114021301,0.001211964525282383,0.00034627210698090494,1.483850951444765e-06,1.5116600025066873e-06,0.00039516351534985006,0.0002301110653206706,1.8002201613853686e-05,0.0002310285926796496,1.5089576663740445e-06,1.606497335160384e-08,1.5816261793588637e-06,2.2405944037018344e-05,0.011855827644467354,0.008308449760079384,0.0,0.011711487546563148,3.53593859472312e-05,0.3694944679737091,2.1668771221783345e-09,,,,,,
328,0.013519142754375935,2.3444933706050785e-05,136.25772080000024,0.3693556487560272,0.0010090848663821816,0.00039000739343464375,1.7213342289323919e-06,1.6010324088711059e-06,0.0003716002684086561,0.0002303009241586551,1.7989126718020998e-05,0.0002310402487637475,1.4779732282477198e-06,1.5987680512807856e-08,1.5494561012019403e-06,2.2340285795507953e-05,0.017641665413975716,0.009589221328496933,0.0,0.0029047783464193344,2.222152215836104e-05,0.36952346563339233,1.4342367293807001e-09,,,,,,
329,0.014201059937477112,2.3408530501544105e-05,136.67406057700282,0.9606866240501404,0.0010389722883701324,0.00042380098602734506,1.4309871403384022e-06,1.7183022009703564e-06,0.00043545925291255116,0.00023168626648839563,1.8010650819633156e-05,0.0002318767801625654,1.479953766647668e-06,1.5706241640600638e-08,1.548558202557615e-06,2.2227679437492043e-05,0.012237134389579296,0.009475241415202618,0.0,0.010868752375245094,3.6869219911750406e-05,0.3695489466190338,2.33451524778161e-09,,,,,,
330,0.014264683239161968,2.337205911263046e-05,137.09291289100656,0.9592986106872559,0.000872611184604466,0.0004476852191146463,1.4085939028518624e-06,1.6538112959096907e-06,0.0003931635001208633,0.0002391743619227782,1.8042015653918497e-05,0.0002382396487519145,1.5073619579197839e-06,1.695574702864633e-08,1.5851398984523257e-06,2.234655767097138e-05,0.005896586924791336,0.013844231143593788,0.0,0.011975727044045925,2.2861167963128537e-05,0.3695744574069977,1.0244549653037893e-09,,,,,,
331,0.01580060087144375,2.333551989926774e-05,137.50970742700156,0.7067922353744507,0.0008452022448182106,0.0004517585039138794,1.4297097550297622e-06,1.6185402955670725e-06,0.0004165626596659422,0.0002450076281093061,1.8149354218621738e-05,0.00024342488904949278,1.4536874459736282e-06,1.578860420181627e-08,1.5252257981046569e-06,2.2225576685741544e-05,0.026754703372716904,0.015992367640137672,0.0,0.017116818577051163,2.8387557904352434e-05,0.36959996819496155,1.0927518889758403e-09,,,,,,
332,0.012437625788152218,2.329891322208322e-05,137.92856458004098,1.1395727396011353,0.0009889029897749424,0.0003015461261384189,1.7061940980056534e-06,1.7424333691451466e-06,0.00041146809235215187,0.00023539320682175457,1.8305665435036644e-05,0.00023499607050325722,1.5137793525354937e-06,1.4601161169025545e-08,1.5873291658863309e-06,2.2175936464918777e-05,0.013576739467680454,0.00947670079767704,0.0,0.0057960376143455505,2.48466258199187e-05,0.36962664127349854,7.661681067361314e-09,,,,,,
333,0.012753449380397797,2.3262239442370033e-05,138.3517411070061,1.4673044681549072,0.0009330278844572604,0.0004064144450239837,1.4138640835881233e-06,1.6322868532370194e-06,0.00032550038304179907,0.00022777383856009692,1.8346341676078737e-05,0.000229476805543527,1.617236534912081e-06,1.4754550470286176e-08,1.690321255409799e-06,2.2380201698979363e-05,0.001731685595586896,0.008935708552598953,0.0,0.005776380188763142,2.8862863473477773e-05,0.3696509897708893,1.1734665461560212e-09,,,,,,
334,0.014911188744008541,2.3225498922083574e-05,138.7714897330152,1.2879546880722046,0.000996916089206934,0.00042988915811292827,1.609826881576737e-06,1.6660126220813254e-06,0.0005412061000242829,0.00022937206085771322,1.845563565439079e-05,0.00023284014605451375,1.5025598258944228e-06,1.4110837831537992e-08,1.5767971035529627e-06,2.2181564418133348e-05,0.02340516820549965,0.003351750783622265,0.0,0.02187833935022354,3.532856499077752e-05,0.3696730434894562,1.8936894274901306e-09,,,,,,
335,0.014276959002017975,2.318869202383795e-05,139.19521097600227,0.5103611350059509,0.0009304181439802051,0.00045147162745706737,1.6229736274908646e-06,1.5904226984275738e-06,0.00035300577292218804,0.00022754442761652172,1.8529042790760286e-05,0.00023046987189445645,1.4981277445258456e-06,1.492301215932912e-08,1.571288294144324e-06,2.2229865862755105e-05,0.008817670866847038,0.010506121441721916,0.0,0.014190387912094593,5.123692244524136e-05,0.36969855427742004,2.8001765350893493e-09,,,,,,
336,0.014428975060582161,2.3151819110902386e-05,139.61297599005047,0.7475847601890564,0.0009234692552126944,0.0003636375186033547,1.4793683931202395e-06,1.5426035133714322e-06,0.0004564842092804611,0.0002289604744873941,1.8579054085421376e-05,0.0002302504435647279,1.4813266488999943e-06,1.6161326499286588e-08,1.5571739595543477e-06,2.220133137598168e-05,0.02577885240316391,0.015007946640253067,0.0,0.009246615692973137,3.821250356850214e-05,0.36972522735595703,5.712112449707263e-10,,,,,,
337,0.01441512443125248,2.3114880547197646e-05,140.03242827404756,1.5860600471496582,0.0010465818922966719,0.00043217334314249456,1.7907566416397458e-06,1.8412663393974071e-06,0.0003318976378068328,0.00023348964168690145,1.8728640498011373e-05,0.00023353750293608755,1.5166200455496437e-06,1.549792649768733e-08,1.5845980669837445e-06,2.2061019990360364e-05,0.02052416279911995,0.007049778010696173,0.0,0.012013433501124382,4.8978756240103394e-05,0.3697507381439209,1.2169282248564173e-09,,,,,,
338,0.014912338927388191,2.3077876697292436e-05,140.44799213600345,1.4307807683944702,0.0009195649763569236,0.00038797518936917186,1.5338434877776308e-06,1.4610511698265327e-06,0.0005187016213312745,0.00023514222993981093,1.8808543245540932e-05,0.00023482371761929244,1.523259811619937e-06,1.6248346668135127e-08,1.6008941656764364e-06,2.2289987100521103e-05,0.01327881496399641,0.016529036685824394,0.0,0.019095873460173607,5.980308196740225e-05,0.3697774112224579,8.85377371417917e-09,,,,,,
339,0.012363499961793423,2.3040807926399823e-05,140.8609641950461,0.49130183458328247,0.000925138418097049,0.0003468017093837261,1.7767929421097506e-06,1.688838892732747e-06,0.00032949773594737053,0.000228537930524908,1.9065731976297684e-05,0.0002296372113050893,1.4710899449710269e-06,1.4465538100694175e-08,1.5422203887283104e-06,2.2219810489332303e-05,0.006515238434076309,0.007938727736473083,0.0,0.009876027703285217,1.6885602235561237e-05,0.369805246591568,8.816520846721687e-10,,,,,,
340,0.01663285680115223,2.3003674600373606e-05,141.2785916730063,0.5594897270202637,0.0010206393199041486,0.0004748948267661035,1.4474271665676497e-06,1.5585878827550914e-06,0.0004846302908845246,0.00022834833362139761,1.9197308574803174e-05,0.0002312194847036153,1.4979744946685969e-06,1.4181775753741022e-08,1.5686280221416382e-06,2.227555523859337e-05,0.0184992253780365,0.02291257120668888,0.0,0.01287244912236929,5.0333317631157115e-05,0.3698330819606781,7.450581263057643e-10,,,,,,
341,0.014226057566702366,2.2966477085704726e-05,141.695808820019,0.9906003475189209,0.0008702602935954928,0.000351037917425856,1.4484946859738557e-06,1.5313469248212641e-06,0.0004302365705370903,0.00023012030578684062,1.9174460248905234e-05,0.00023358274484053254,1.53850749029516e-06,1.4632952627380291e-08,1.6056995946200914e-06,2.240382855234202e-05,0.016032960265874863,0.020645705983042717,0.0,0.009336442686617374,3.743451816262677e-05,0.3698597550392151,1.291433959771382e-09,,,,,,
342,0.014100049622356892,2.2929215749517634e-05,142.10851092304802,0.7051029801368713,0.0009606946259737015,0.00040687501314096153,1.3033907180215465e-06,1.7766867586033186e-06,0.00036830356111750007,0.0002293228026246652,1.9206912838853896e-05,0.0002322575164726004,1.4498526752504404e-06,1.5299056244089115e-08,1.517511009296868e-06,2.2224587155506015e-05,0.003930815029889345,0.01617520861327648,0.0,0.014446323737502098,2.0741272237501107e-05,0.36988529562950134,1.927837800508314e-08,,,,,,
343,0.016035860404372215,2.289189095956667e-05,142.52304881904274,0.19342024624347687,0.00100779440253973,0.000507037271745503,1.5956136394379428e-06,1.7072113678295864e-06,0.0003610778949223459,0.0002291962446179241,1.919380338222254e-05,0.0002302815264556557,1.404702175022976e-06,1.7842685551272552e-08,1.4742524854227668e-06,2.2176993297762237e-05,0.029261568561196327,0.009108887985348701,0.0,0.015636593103408813,2.3430808141711168e-05,0.36991196870803833,1.1858840576195462e-09,,,,,,
344,0.013490782119333744,2.285450308423245e-05,142.97998209903017,1.015745759010315,0.0009726177086122334,0.0003413305967114866,1.3106158576192684e-06,1.6026003777369624e-06,0.00029558001551777124,0.00023441841767635196,1.9131406588712707e-05,0.00023413519375026226,1.4145119848762988e-06,1.9855093569276505e-08,1.4918914530426264e-06,2.2198364604264498e-05,0.021936403587460518,0.010060189291834831,0.0,0.01460073422640562,1.69973645824939e-05,0.36993980407714844,1.0691584506616891e-08,,,,,,
345,0.014799288474023342,2.28170524925182e-05,143.39679818000877,1.1845085620880127,0.0010709255002439022,0.00047357528819702566,1.585029508532898e-06,1.8188369494964718e-06,0.0003120950423181057,0.000232106598559767,1.9041170162381604e-05,0.00023239637084770948,1.4459186559179216e-06,1.6821498860508655e-08,1.5091621889951057e-06,2.2098231056588702e-05,0.006787118501961231,0.012482590042054653,0.0,0.013286487199366093,5.2182949730195105e-05,0.36996763944625854,1.2759119094596372e-08,,,,,,
346,0.015230145305395126,2.277953955404615e-05,143.81133494403912,1.0406959056854248,0.0008418755023740232,0.0003930527891498059,1.4255335827328963e-06,1.5625882952008396e-06,0.00046894021215848625,0.0002304574882145971,1.8879400158766657e-05,0.00023131820489652455,1.4767705351914628e-06,1.5600711833485548e-08,1.5485902622458525e-06,2.230608333775308e-05,0.01858241856098175,0.022421229630708694,0.0,0.012317708693444729,8.711412374395877e-05,0.36999550461769104,1.0182461540608756e-09,,,,,,
347,0.013802050612866879,2.2741964639053848e-05,144.2299397320021,0.4993879497051239,0.0008567827171646059,0.00038746613427065313,1.6502924609085312e-06,1.6651982832627255e-06,0.0004222342395223677,0.00022994124446995556,1.8755450582830235e-05,0.0002319906052434817,1.4760726116946898e-06,1.389288240005726e-08,1.5457097788385e-06,2.224567833764013e-05,0.013728758320212364,0.009939207695424557,0.0,0.016630470752716064,3.781356645049527e-05,0.37002333998680115,5.749364984097838e-09,,,,,,
348,0.014364183880388737,2.270432811839055e-05,144.64589801203692,0.7265839576721191,0.0009509017691016197,0.00042796132038347423,1.6804842744022608e-06,1.698549340289901e-06,0.0004097156343050301,0.0002307936956640333,1.8502048988011666e-05,0.00023322063498198986,1.4839973800917505e-06,1.3696531020457314e-08,1.5537518720520893e-06,2.226063770649489e-05,0.02549833245575428,0.007624391466379166,0.0,0.00762976985424757,3.166209353366867e-05,0.3700523376464844,2.0985804205508884e-09,,,,,,
349,0.014840095303952694,2.2666630363513506e-05,145.0624158270075,0.9596121311187744,0.0009607787360437214,0.0004249493358656764,1.5005883824414923e-06,1.5538057596131694e-06,0.0004452310677152127,0.0002297251339768991,1.828748827392701e-05,0.0002312761644134298,1.4866473065922037e-06,1.4506952084047953e-08,1.5573832570225932e-06,2.229982055723667e-05,0.010809183120727539,0.017187420278787613,0.0,0.012160565704107285,3.96998439100571e-05,0.37008020281791687,3.18512327623921e-09,,,,,,
350,0.016156574711203575,2.2628871746484346e-05,145.4784616890247,1.0297130346298218,0.0010046244133263826,0.0004439838812686503,1.7446300262236036e-06,1.751728404997266e-06,0.0004981165984645486,0.00023059577506501228,1.8205155356554314e-05,0.00023181820870377123,1.4424667824641801e-06,1.5273844411467508e-08,1.5100024484127061e-06,2.2054238797863945e-05,0.012730169110000134,0.025022391229867935,0.0,0.012274515815079212,2.5072115022339858e-05,0.37010687589645386,3.4210581034699317e-09,0.8420492577617312,6.239369123942584,0.7434447363015871,0.6011505594607399,0.0014580617544419788,0.0021962262274879698
351,0.015725942328572273,2.2591052639965372e-05,145.92685478401836,0.55329829454422,0.0010275145759806037,0.000392119400203228,1.4676568298455095e-06,1.6528026662854245e-06,0.0004189731553196907,0.0002329478011233732,1.8131187971448526e-05,0.0002339590573683381,1.392721515003359e-06,1.787370074168848e-08,1.4692013792227954e-06,2.2110170903033577e-05,0.017604202032089233,0.02729610912501812,0.0,0.009905176237225533,1.61705265782075e-05,0.3701324164867401,4.849086021607718e-09,,,,,,
352,0.014690851792693138,2.2553173417215903e-05,146.33954203105532,0.2921689748764038,0.000978188938461244,0.0004938752390444279,1.524604158475995e-06,1.5658224583603442e-06,0.00034653558395802975,0.00023206700279843062,1.8187971363659017e-05,0.00023360752675216645,1.3833714547217824e-06,1.7584289579986034e-08,1.4586937595595373e-06,2.2090254788054153e-05,0.016770020127296448,0.009838391095399857,0.0,0.005314139649271965,2.852643774531316e-05,0.37015679478645325,4.824251220725273e-09,,,,,,
353,0.01629352569580078,2.2515234452088566e-05,146.7554405380506,0.6913319230079651,0.001057064044289291,0.0004259533016011119,1.692156160970626e-06,1.6843134744704003e-06,0.00043128314428031445,0.00022989089484326541,1.8346778233535588e-05,0.000232168662478216,1.4039023881196044e-06,1.5395604791024198e-08,1.4748961802979466e-06,2.20624751818832e-05,0.023496121168136597,0.024571562185883522,0.0,0.010615880601108074,2.1006413589930162e-05,0.3701799809932709,2.582867919542764e-09,,,,,,
354,0.014305062592029572,2.247723611902564e-05,147.17003603000194,0.8754062652587891,0.000882219523191452,0.0004568502481561154,1.2717300705844536e-06,1.6340063666575588e-06,0.00035922013921663165,0.00022864312632009387,1.846035593189299e-05,0.00023154767404776067,1.4581501091015525e-06,1.458607279403168e-08,1.530704139440786e-06,2.2244505089474842e-05,0.005646029952913523,0.014608013443648815,0.0,0.011826535686850548,2.377587225055322e-05,0.37020203471183777,7.779648036887465e-09,,,,,,
355,0.015810152515769005,2.2439178793055326e-05,147.5876598590403,0.7842555642127991,0.0009993708226829767,0.0005134660750627518,1.5522643934673397e-06,1.5898975789241376e-06,0.0004711176152341068,0.0002280590560985729,1.8579576135380194e-05,0.00023180714924819767,1.459543341297831e-06,1.3794426934055082e-08,1.5337027434725314e-06,2.2166574126458727e-05,0.013034431263804436,0.012740181758999825,0.0,0.015127584338188171,1.79668131750077e-05,0.3702252507209778,5.966673377599818e-09,,,,,,
356,0.013547193259000778,2.240106284978807e-05,148.0078618020052,0.34804633259773254,0.0009488019277341664,0.0003966897202190012,1.482393031437823e-06,1.5193012359304703e-06,0.0004121770616620779,0.00022813781106378883,1.8558175725047477e-05,0.0002315800084033981,1.449309252166131e-06,1.3873190596314089e-08,1.518148906143324e-06,2.229088386229705e-05,0.012123347260057926,0.008640818297863007,0.0,0.011484216898679733,2.1678490156773478e-05,0.3702496290206909,1.6577541561701992e-09,,,,,,
357,0.01564403623342514,2.2362888665412837e-05,148.43618024600437,0.5997076034545898,0.0009891993831843138,0.0004967205459252,1.303631847804354e-06,1.5071252619236475e-06,0.00047747042845003307,0.0002291414566570893,1.8524657207308337e-05,0.00023153120127972215,1.4412705695576733e-06,1.443705954784491e-08,1.5102190218385658e-06,2.2293963411357254e-05,0.01044691726565361,0.01550225354731083,0.0,0.013688476756215096,2.0055433196830563e-05,0.37027400732040405,2.9740234719355385e-09,,,,,,
358,0.01415969803929329,2.2324656616693423e-05,148.8685208740062,1.1714470386505127,0.0009551852708682418,0.00040303979767486453,1.5051367654450587e-06,1.6117771792778512e-06,0.0005430993624031544,0.00023112444614525884,1.8507615095586516e-05,0.00023268636141438037,1.4334094657897367e-06,1.5190945390486377e-08,1.4989282135502435e-06,2.208671321568545e-05,0.012632159516215324,0.01290610246360302,0.0,0.007511375471949577,3.1122533982852474e-05,0.3702983558177948,1.254181203336202e-09,,,,,,
359,0.013115533627569675,2.228636708096471e-05,149.29332515405258,1.3372915983200073,0.0008344863308593631,0.0003747553564608097,1.6912852061068406e-06,1.5869858316364116e-06,0.00047821691259741783,0.0002369589637964964,1.8460794308339246e-05,0.0002371549344388768,1.4403976820176467e-06,1.818825268173896e-08,1.5188199995463947e-06,2.223827141278889e-05,0.008189380168914795,0.009096701629459858,0.0,0.011184273287653923,4.411921327118762e-05,0.3703215718269348,1.5397867425548384e-09,,,,,,
360,0.015421955846250057,2.224802043612896e-05,149.71607042104006,1.0253336429595947,0.0010973347816616297,0.00040353223448619246,1.5906674661891884e-06,1.7284668274442083e-06,0.0003054144326597452,0.000235611543757841,1.8500088117434643e-05,0.0002357111661694944,1.4019888112670742e-06,1.6597667240603187e-08,1.4644153907283908e-06,2.2046584490453824e-05,0.02543116733431816,0.013823190703988075,0.0,0.021383890882134438,2.666821819730103e-05,0.37034478783607483,9.02141206182705e-09,,,,,,
361,0.013080380856990814,2.2209617060652077e-05,150.1383993840427,0.40887007117271423,0.0009836008539423347,0.0003753485798370093,1.5371358585980488e-06,1.553836909806705e-06,0.00037432584213092923,0.00023327527742367238,1.851538945629727e-05,0.00023362021602224559,1.4117298405835754e-06,1.601654275873443e-08,1.481475464970572e-06,2.2173433535499498e-05,0.01575526036322117,0.007145893760025501,0.0,0.006830919533967972,8.769355190452188e-06,0.3703714907169342,2.4586916946844894e-09,,,,,,
362,0.01357866171747446,2.2171157333559865e-05,150.56334731401876,0.38977816700935364,0.0009898471180349588,0.00043542246567085385,1.408642674505245e-06,1.5929424534988357e-06,0.000490264268592,0.00023185838654171675,1.856459493865259e-05,0.00023242317547556013,1.4335909099827404e-06,1.4778732904119352e-08,1.5016828456282383e-06,2.2177780920173973e-05,0.014242911711335182,0.005252016242593527,0.0,0.003216727636754513,6.0423171817092225e-06,0.37039586901664734,4.271666576016742e-09,,,,,,
363,0.014478289522230625,2.213264163443431e-05,150.9884877120494,0.8579804301261902,0.0008547861943952739,0.00046460446901619434,1.586733333169832e-06,1.5526063634752063e-06,0.00037165312096476555,0.00023146503372117877,1.8634960724739358e-05,0.00023194996174424887,1.4442427982430672e-06,1.3909520646393503e-08,1.51188191921392e-06,2.206790668424219e-05,0.01849912479519844,0.007155193947255611,0.0,0.015963658690452576,1.3452929124468938e-05,0.3704167604446411,6.450960654547089e-09,,,,,,
364,0.013385320082306862,2.2094070343409817e-05,151.41249763400992,0.884178102016449,0.0009901054436340928,0.0003823372535407543,1.6053467106758035e-06,1.4755821666767588e-06,0.00047348669613711536,0.0002338353224331513,1.8706412447500043e-05,0.00023328742827288806,1.4491070032818243e-06,1.4644363055538179e-08,1.5197581433312735e-06,2.2139451175462455e-05,0.007868015207350254,0.011220450513064861,0.0,0.006135677453130484,3.7377012631623074e-05,0.37043997645378113,4.904965322793942e-09,,,,,,
365,0.013844819739460945,2.2055443841169443e-05,151.8376234000316,0.37598472833633423,0.001124656293541193,0.00038208893965929747,1.6735909866838483e-06,1.6531582787138177e-06,0.00038727279752492905,0.00023278771550394595,1.884767880255822e-05,0.000232266858802177,1.4024990377947688e-06,1.4269259551724645e-08,1.4712745723954868e-06,2.199545815528836e-05,0.006335690151900053,0.015461871400475502,0.0,0.006181363947689533,5.8061545132659376e-05,0.3704608678817749,1.5646219875264933e-09,,,,,,
366,0.013338685967028141,2.2016762508941188e-05,152.26434364903253,0.8734390139579773,0.0010450935224071145,0.0004049281124025583,1.677074578765314e-06,1.7217832919413922e-06,0.0003362298011779785,0.00023003239766694605,1.893987791845575e-05,0.00023024409892968833,1.4113834367890377e-06,1.400454419098196e-08,1.4804235206611338e-06,2.196250352426432e-05,0.007307333406060934,0.00838079210370779,0.0,0.009748254902660847,1.9615021301433444e-05,0.37048178911209106,3.1044087300813317e-09,,,,,,
367,0.014923015609383583,2.1978026728494172e-05,152.68691721803043,1.542715311050415,0.0009140350157395005,0.00048207491636276245,1.4295053460955387e-06,1.5466209788428387e-06,0.00036916363751515746,0.000228576609515585,1.896613866847474e-05,0.0002295995072927326,1.5264143939930364e-06,1.460304233091847e-08,1.6000235518731643e-06,2.215273525507655e-05,0.018942050635814667,0.011273294687271118,0.0,0.008923386223614216,4.356041972641833e-05,0.3705015182495117,1.7757217918301649e-09,,,,,,
368,0.015181517228484154,2.193923688213492e-05,153.11439726001117,1.4855417013168335,0.0010736072435975075,0.00044922810047864914,1.5907530723779928e-06,1.7642034890741343e-06,0.00044959766091778874,0.00023018712818156928,1.913121741381474e-05,0.0002326123503735289,1.4428367194341263e-06,1.3381238339604806e-08,1.5138475646381266e-06,2.197077810706105e-05,0.01315587479621172,0.01041728537529707,0.0,0.01937618851661682,6.854887760709971e-05,0.37052008509635925,5.383044676676718e-09,,,,,,
369,0.013418066315352917,2.190039335270355e-05,153.5386502200272,0.7694635391235352,0.0009601165074855089,0.0004078653873875737,1.3810089285470895e-06,1.5103730675036786e-06,0.0005579848075285554,0.00022903323406353593,1.9206752767786384e-05,0.00023108096502255648,1.438487970517599e-06,1.397104654188297e-08,1.5079399418027606e-06,2.2123907911009155e-05,0.009768640622496605,0.008367449045181274,0.0,0.0038485885597765446,4.4309135773801245e-06,0.370540976524353,2.017865652348405e-09,,,,,,
370,0.014287309721112251,2.1861496523570014e-05,153.9609708560165,0.5289583802223206,0.0010650887852534652,0.00046460790326818824,1.5447028545167996e-06,1.4922860600563581e-06,0.0004710917710326612,0.0002281103952554986,1.931027145474218e-05,0.00022862227342557162,1.409853894074331e-06,1.4532659520227753e-08,1.4808210835326463e-06,2.2104233721620403e-05,0.0023925132118165493,0.012058904394507408,0.0,0.006346637383103371,1.8736745914793573e-05,0.37055957317352295,2.5207798071136267e-09,,,,,,
371,0.014684049412608147,2.182254677863031e-05,154.38304716005223,1.0759867429733276,0.00093703786842525,0.00042096327524632215,1.404220711265225e-06,1.8446039575792383e-06,0.00030378910014405847,0.00023166400205809623,1.9389879525988363e-05,0.0002303764777025208,1.4173540421325015e-06,1.4321417829421534e-08,1.4849659919491387e-06,2.198535730713047e-05,0.020542822778224945,0.01448814757168293,0.0,0.013364354148507118,2.0353259969851933e-05,0.37057697772979736,6.15293771488723e-09,,,,,,
372,0.014057996682822704,2.1783544502302707e-05,154.80591795401415,0.9944486021995544,0.0008479765965603292,0.0004099158104509115,1.5050763977342285e-06,1.4907412833053968e-06,0.0004271739744581282,0.00023531241458840668,1.9322247680975124e-05,0.00023298049927689135,1.3830125453750952e-06,1.539929783689331e-08,1.4540626125381095e-06,2.2112446458777413e-05,0.007456668186932802,0.019437899813055992,0.0,0.005405126139521599,2.0252726244507357e-05,0.3705955445766449,2.9305620152797474e-09,,,,,,
373,0.015603413805365562,2.174449007952392e-05,155.22689472604543,0.41381779313087463,0.001016683760099113,0.0004733549430966377,1.5616631117154611e-06,1.6515272136530257e-06,0.00037193502066656947,0.00022982046357356012,1.923058516695164e-05,0.00022897675808053464,1.3779572327621281e-06,1.4617119958870717e-08,1.445700036128983e-06,2.2104122763266787e-05,0.009880637750029564,0.023308537900447845,0.0,0.005880551878362894,3.8062942621763796e-05,0.3706129789352417,4.178534407373036e-09,,,,,,
374,0.016235988587141037,2.1705383895745328e-05,155.6479204260395,1.1042979955673218,0.0010623963316902518,0.00043885046034120023,1.3840085557603743e-06,1.674732175160898e-06,0.0005772499134764075,0.00022997382620815188,1.9101073121419176e-05,0.00023167009931057692,1.4195118183124578e-06,1.3901061635124279e-08,1.4871295661578188e-06,2.204162228736095e-05,0.01695028692483902,0.02151341363787651,0.0,0.014030803926289082,2.0974810468032956e-05,0.370629221200943,3.81842291119483e-09,,,,,,
375,0.014844107441604137,2.1666226336929192e-05,156.0680328560411,1.3873811960220337,0.0010123796528205276,0.00039154416299425066,1.5478187833650736e-06,1.48014328260615e-06,0.00032935719355009496,0.000231990561587736,1.8882483345805667e-05,0.00023440562654286623,1.4813269899605075e-06,1.469219057526061e-08,1.549777607579017e-06,2.2231388356885873e-05,0.015980949625372887,0.022494949400424957,0.0,0.006295664235949516,7.782344619045034e-05,0.3706454932689667,3.526608338688675e-09,0.86227319628861,6.176237343781231,0.7381873927581799,0.615588707642533,0.001391206734636237,0.0021815225783267875
376,0.014389586634933949,2.1627017789544795e-05,156.52280918700853,0.9310656785964966,0.0009751077159307897,0.00041775713907554746,1.254289145435905e-06,1.6181005548787653e-06,0.0005660028546117246,0.00023058554506860673,1.8792081391438842e-05,0.00023264583433046937,1.3779475693809218e-06,1.4547675064591203e-08,1.4433570640903781e-06,2.2027559680282138e-05,0.020632676780223846,0.007569738198071718,0.0,0.011170048266649246,1.249539855052717e-05,0.37066173553466797,6.283323639166838e-09,,,,,,
377,0.013458706438541412,2.1587758640564677e-05,156.9428440190386,0.33173462748527527,0.0010245728772133589,0.00041250744834542274,1.4662116427643923e-06,1.556739334773738e-06,0.0004445167141966522,0.00022865684877615422,1.8618880858412012e-05,0.00022858689771965146,1.3394295592661365e-06,1.6118923085173265e-08,1.4066521316635772e-06,2.2020929463906214e-05,0.009403597563505173,0.004512644372880459,0.0,0.013104666024446487,4.2276864405721426e-05,0.37067800760269165,2.0116568411054914e-09,,,,,,
378,0.013076387345790863,2.1548449277460786e-05,157.36146483005723,1.5177940130233765,0.0009345515863969922,0.00042094331001862884,1.4066474705032306e-06,1.5950640772643965e-06,0.0003002443991135806,0.00023802503710612655,1.8501335944165476e-05,0.00023553986102342606,1.3914212786403368e-06,1.8040799076857184e-08,1.4708151638842537e-06,2.208680598414503e-05,0.015224035829305649,0.005547158420085907,0.0,0.004619833547621965,1.0540017683524638e-05,0.37069541215896606,6.146729791822736e-10,,,,,,
379,0.013935953378677368,2.1509090088200673e-05,157.778248171031,1.7820045948028564,0.0009902891470119357,0.00044279074063524604,1.6979493011604063e-06,1.867265154942288e-06,0.00035674343234859407,0.00023682264145463705,1.8465127141098492e-05,0.00023452748428098857,1.4626342590418062e-06,1.489972856205668e-08,1.5251796412485419e-06,2.1881376596866176e-05,0.009056955575942993,0.009797537699341774,0.0,0.008580655790865421,2.064055843220558e-05,0.3707105219364166,6.0039262450573005e-09,,,,,,
380,0.01288218516856432,2.1469681461243636e-05,158.20110466802726,0.8493062257766724,0.000932344701141119,0.0003832599031738937,1.4056352029001573e-06,1.562927536724601e-06,0.0002412052999716252,0.0002306797687197104,1.834296199376695e-05,0.00022979386267252266,1.3971351791042252e-06,1.4516582602652761e-08,1.4679378637083573e-06,2.209157173638232e-05,0.01257515512406826,0.006815197877585888,0.0,0.012991008348762989,1.5097759387572296e-05,0.3707256019115448,9.62366852874652e-10,,,,,,
381,0.013610005378723145,2.1430223785536925e-05,158.6243372890167,0.7519625425338745,0.001208932138979435,0.0003712119651027024,1.3620605159303523e-06,1.4825913012828096e-06,0.00041312837856821716,0.0002267391246277839,1.8358523448114283e-05,0.00022812375391367823,1.4153083611745387e-06,1.3332245529795728e-08,1.4825562857367913e-06,2.210710044892039e-05,0.01489255577325821,0.0058856746181845665,0.0,0.011444139294326305,6.566030788235366e-05,0.3707418739795685,5.320956120158371e-09,,,,,,
382,0.014822153374552727,2.139071745051186e-05,159.05325037101284,1.4492515325546265,0.000915016804356128,0.00036497594555839896,1.6730134575482225e-06,1.5947573501762236e-06,0.0006932312389835715,0.0002273924183100462,1.8466458641341887e-05,0.0002300004125572741,1.4461991213465808e-06,1.2962291684459615e-08,1.521044737273769e-06,2.1929688955424353e-05,0.008417346514761448,0.022146698087453842,0.0,0.01104305312037468,4.6904024202376604e-05,0.3707593083381653,1.0592241750373432e-08,,,,,,
383,0.01449635811150074,2.1351162846080017e-05,159.47132862603758,0.9979981780052185,0.0008137373952195048,0.0004774282861035317,1.5941640185701544e-06,1.4462951867244556e-06,0.00044446601532399654,0.00022614550834987313,1.8508801076677628e-05,0.00022785624605603516,1.4309173366200412e-06,1.3569238177524312e-08,1.499747668276541e-06,2.2082371287979186e-05,0.011892784386873245,0.008256945759057999,0.0,0.0166701078414917,2.216908978880383e-05,0.3707778751850128,3.9736430812453705e-10,,,,,,
384,0.015716059133410454,2.131156036262938e-05,159.8915371830226,0.12925420701503754,0.0008658829028718174,0.0004944893880747259,1.7246868537768023e-06,1.516341399110388e-06,0.0004893412115052342,0.0002264154754811898,1.863401303126011e-05,0.0002278038882650435,1.3487006071954966e-06,1.3905139262249122e-08,1.418246938555967e-06,2.196137029386591e-05,0.033983416855335236,0.006290483754128218,0.0,0.014461066573858261,5.32229314558208e-05,0.370798796415329,7.295360315850985e-09,,,,,,
385,0.013598361052572727,2.127191039102047e-05,160.31249227904482,0.8713991641998291,0.0009956168942153454,0.0003763402928598225,1.5848030443521566e-06,1.705707063592854e-06,0.00041861398494802415,0.00022665475262328982,1.8756081772153266e-05,0.00022789029753766954,1.3545907222578535e-06,1.3974928769755479e-08,1.4224035567167448e-06,2.1880565327592194e-05,0.008078970946371555,0.012894646264612675,0.0,0.011499365791678429,2.5805878976825625e-05,0.3708208501338959,3.700455053490259e-09,,,,,,
386,0.015538862906396389,2.1232213322582495e-05,160.73605239001336,0.9468340277671814,0.0008898726664483547,0.0004655740922316909,1.3516508943212102e-06,1.4978762692408054e-06,0.00025540549540892243,0.0002277384337503463,1.877454087662045e-05,0.0002282598288729787,1.3789995136903599e-06,1.5368847527952312e-08,1.4530005501001142e-06,2.200564631493762e-05,0.018370959907770157,0.025440692901611328,0.0,0.004340957384556532,4.724570317193866e-05,0.37084293365478516,4.197160841101777e-09,,,,,,
387,0.013883077539503574,2.1192469549109497e-05,161.15903615305433,0.4023987948894501,0.0010408820817247033,0.0003664060204755515,1.7969775853998726e-06,1.674975919740973e-06,0.0004906993126496673,0.00022796372650191188,1.8849445041269064e-05,0.00022822331811767071,1.3272641581352218e-06,1.4550898264076295e-08,1.3943135854788125e-06,2.19141693378333e-05,0.002949446439743042,0.017878513783216476,0.0,0.009285733103752136,3.4673164918785915e-05,0.3708626627922058,7.183602601656958e-09,,,,,,
388,0.014647656120359898,2.115267946285648e-05,161.5790732030291,0.4330923855304718,0.0007903823279775679,0.00041438741027377546,1.3594566325991764e-06,1.5892806004558224e-06,0.0004588821902871132,0.00022778740094508976,1.889073428174015e-05,0.00022797223937232047,1.3425585621007485e-06,1.3948908694771944e-08,1.4088777788856532e-06,2.1949648726149462e-05,0.009869433008134365,0.017984537407755852,0.0,0.018634546548128128,3.4180346119683236e-05,0.37088125944137573,1.5708309097917095e-09,,,,,,
389,0.015561609528958797,2.1112843456535522e-05,162.00590772303985,0.6206451058387756,0.0008927836315706372,0.00041672689258120954,1.2266149269635207e-06,1.4999322957010008e-06,0.00037209357833489776,0.00022678515233565122,1.8881923097069375e-05,0.0002276775339851156,1.3740398117079167e-06,1.3857826886010116e-08,1.4402488659470691e-06,2.2073019863455556e-05,0.023329958319664,0.023482615128159523,0.0,0.01151775848120451,3.077352812397294e-05,0.3709021508693695,4.2530401422880004e-09,,,,,,
390,0.013334623537957668,2.1072961923311937e-05,162.42855844501173,0.5075680613517761,0.0010174025082960725,0.0003587935061659664,1.4764573279535398e-06,1.5321588762162719e-06,0.0004884744412265718,0.00022728844487573951,1.885860001493711e-05,0.00022878884919919074,1.3583853615273256e-06,1.3527752251718539e-08,1.4228482996259117e-06,2.1989242668496445e-05,0.005619709845632315,0.011854455806314945,0.0,0.01172245666384697,2.8107897378504276e-05,0.3709242343902588,5.4699675899883005e-09,,,,,,
391,0.014682576060295105,2.103303525680034e-05,162.85490358201787,0.1266436129808426,0.0009068213985301554,0.00042794886394403875,1.5426828667841619e-06,1.5187205235633883e-06,0.0005204491317272186,0.0002275113802170381,1.8758179066935554e-05,0.00022869007079862058,1.3408780432655476e-06,1.4149890148473787e-08,1.4051345260668313e-06,2.1997044314048253e-05,0.013328255154192448,0.015535915270447731,0.0,0.009997297078371048,2.833158941939473e-05,0.3709462881088257,2.533197429599454e-09,,,,,,
392,0.015500357374548912,2.0993063851060826e-05,163.27745757100638,0.4457225203514099,0.0009693892789073288,0.00046663632383570075,1.3079040854790946e-06,1.5981199794623535e-06,0.00028356132679618895,0.00022795962286181748,1.8653543520485982e-05,0.00022853424889035523,1.333158252236899e-06,1.508931291027693e-08,1.3993937955092406e-06,2.1977848518872634e-05,0.014456789009273052,0.02155463397502899,0.0,0.011205511167645454,3.7267869629431516e-05,0.3709695339202881,2.7753412901176944e-09,,,,,,
393,0.013013513758778572,2.095304810059502e-05,163.7010531280539,0.43679147958755493,0.000885769899468869,0.0004066623223479837,1.4194960158420145e-06,1.5915760513962596e-06,0.00027216935995966196,0.00022995195467956364,1.862436874944251e-05,0.0002295013255206868,1.3075554079478025e-06,1.5500374317412025e-08,1.3704384400625713e-06,2.1867741452297196e-05,0.017658691853284836,0.005134741775691509,0.0,0.009515933692455292,2.422720535832923e-05,0.37099161744117737,1.930942072903008e-09,,,,,,
394,0.015162855386734009,2.0912988400342237e-05,164.12480272602988,0.22723563015460968,0.0011455734493210912,0.0004406615043990314,1.6890611505004927e-06,1.5177746490735444e-06,0.0004461079079192132,0.00023340985353570431,1.8528020518715493e-05,0.00023212785890791565,1.3047333595750388e-06,1.589928366740878e-08,1.3716569355892716e-06,2.1879575797356665e-05,0.01325176376849413,0.010033993050456047,0.0,0.021035123616456985,1.024177618091926e-05,0.3710148334503174,1.167257757117568e-08,,,,,,
395,0.014571557752788067,2.0872885145675525e-05,164.54419535101624,0.7622511982917786,0.0008619624422863126,0.0004172596090938896,1.6009142882467131e-06,1.4103201237958274e-06,0.0003065358614549041,0.00023521660477854311,1.8452421500114724e-05,0.00023363005311693996,1.3385144939093152e-06,1.4734147235628825e-08,1.4063938351682737e-06,2.192688043578528e-05,0.027889223769307137,0.01150058675557375,0.0,0.01425948180258274,1.915794564411044e-05,0.371040403842926,3.793587222133965e-09,,,,,,
396,0.01527430023998022,2.083273873239783e-05,164.96841127600055,0.9227712154388428,0.0010211055632680655,0.0004328952054493129,1.776496674210648e-06,1.7162474250653759e-06,0.00032453739549964666,0.0002307449612999335,1.8388585885986686e-05,0.00023024278925731778,1.3663250229001278e-06,1.2826880890770553e-08,1.4315878615889233e-06,2.184435652452521e-05,0.02140982449054718,0.021483266726136208,0.0,0.0026418021880090237,4.934793105348945e-05,0.37106597423553467,1.974403751603404e-09,,,,,,
397,0.01353125087916851,2.0792549556738055e-05,165.39070688205538,0.504899263381958,0.0010952696902677417,0.0004350182134658098,1.3330584351933794e-06,1.4707661648571957e-06,0.00036514922976493835,0.00022971876023802906,1.8330592865822837e-05,0.00022964445815887302,1.3847175068804063e-06,1.2653877945467684e-08,1.4471706890617497e-06,2.1990656023263e-05,0.005032276269048452,0.006581207737326622,0.0,0.010671978816390038,3.293926056358032e-05,0.37108802795410156,1.0058284205527457e-09,,,,,,
398,0.0145192239433527,2.0752318015347116e-05,165.81234114803374,0.524341344833374,0.0008918748935684562,0.0004540651571005583,1.4908222283338546e-06,1.5442474250448868e-06,0.0003665632975753397,0.00022961811919230968,1.8296554117114283e-05,0.00022962532239034772,1.37845961489802e-06,1.2600533949580495e-08,1.4412530617846642e-06,2.1965839550830424e-05,0.018182123079895973,0.009531807154417038,0.0,0.01452550943940878,2.486084667907562e-05,0.37111011147499084,4.7435366745673946e-09,,,,,,
399,0.01516796089708805,2.0712044505294104e-05,166.23789493500954,1.0983115434646606,0.0009965323843061924,0.0004293065285310149,1.4370592680279515e-06,1.638700609873922e-06,0.0004040243511553854,0.00022925043595023453,1.8260676370118745e-05,0.00022950093261897564,1.3819180821883492e-06,1.2567457297052442e-08,1.4484985513263382e-06,2.1802479750476778e-05,0.038416482508182526,0.007553803734481335,0.0,0.012035434134304523,1.1140853530378081e-05,0.3711321949958801,4.414469234603757e-09,,,,,,
400,0.014431356452405453,2.0671729424062295e-05,166.66130586602958,0.7206161618232727,0.0009959106100723147,0.0004117672797292471,1.3993485481478274e-06,1.4176607692206744e-06,0.00039735756581649184,0.00023114077339414507,1.8152190023101866e-05,0.00023091703769750893,1.349550302620628e-06,1.4325271635584613e-08,1.4176757758832537e-06,2.1871053832001053e-05,0.010459083132445812,0.01930476538836956,0.0,0.00638617854565382,2.1544003175222315e-05,0.3711542785167694,1.695007134649984e-09,0.8124062886625827,6.228360019260752,0.734770777229895,0.5799880356608876,0.0012975224904719011,0.002086184372012233
401,0.016309397295117378,2.0631373169545266e-05,167.12534994102316,0.18389615416526794,0.0008435966446995735,0.0004860855988226831,1.5944290225888835e-06,1.5035805063234875e-06,0.0003658854402601719,0.00023191106447484344,1.809986133594066e-05,0.00023157181567512453,1.3013411717111012e-06,1.51893910782519e-08,1.3683046518053743e-06,2.179348302888684e-05,0.03045601397752762,0.02145008184015751,0.0,0.008367668837308884,3.989025572082028e-05,0.37117403745651245,1.1902301366717438e-08,,,,,,
402,0.013551664538681507,2.0590976140042953e-05,167.5477587550413,0.4487212002277374,0.0010443396167829633,0.0003139413602184504,1.3429498721961863e-06,1.5735108718217816e-06,0.00023682249593548477,0.00023305401555262506,1.8101145542459562e-05,0.0002324464439880103,1.294459593736974e-06,1.4653553037646816e-08,1.357219275632815e-06,2.174373366869986e-05,0.022496739402413368,0.01981939561665058,0.0,0.0041259159334003925,1.7232228856300935e-05,0.3711937665939331,1.930942294947613e-09,,,,,,
403,0.013945460319519043,2.0550538734257737e-05,167.97402523900382,0.2543765902519226,0.0010131783783435822,0.00039558851858600974,1.4649222066509537e-06,1.562752686368185e-06,0.00028131320141255856,0.00023423541279044002,1.807086846383754e-05,0.00023341670748777688,1.2999116734135896e-06,1.427108209384187e-08,1.3653398127644323e-06,2.1807563825859688e-05,0.005758609157055616,0.021797798573970795,0.0,0.004154916852712631,1.676394822425209e-05,0.3712112009525299,7.282943581543577e-09,,,,,,
404,0.014076723717153072,2.0510061351290474e-05,168.39953920803964,0.16234061121940613,0.0010304105235263705,0.00046400335850194097,1.529928226773336e-06,1.3950041193311336e-06,0.0003780854167416692,0.0002326455869479105,1.8064238247461617e-05,0.00023206838523037732,1.3160779417376034e-06,1.3352805972033366e-08,1.3809469692205312e-06,2.1849016775377095e-05,0.009012703783810139,0.009112996980547905,0.0,0.008171058259904385,1.057271128956927e-05,0.37122631072998047,8.506079729464489e-10,,,,,,
405,0.014375276863574982,2.046954439063661e-05,168.82144852203783,0.3033173382282257,0.0010205097496509552,0.00043540645856410265,1.3924076256444096e-06,1.5367961623269366e-06,0.0003930813109036535,0.0002308179100509733,1.805541069188621e-05,0.00023059417435433716,1.330000259258668e-06,1.2687962680502096e-08,1.3947554862170364e-06,2.185138873755932e-05,0.007331681903451681,0.015551848337054253,0.0,0.009599216282367706,2.0197123376419768e-05,0.37124142050743103,4.203369208255481e-09,,,,,,
406,0.016715556383132935,2.0428988252182177e-05,169.2648209630279,0.4132174253463745,0.0011448661098256707,0.00046009590732865036,1.185025212180335e-06,1.3743276667810278e-06,0.0004166931612417102,0.00022976558830123395,1.7998749171965756e-05,0.00022983457893133163,1.3373573892749846e-06,1.2724937548114212e-08,1.4010064433023217e-06,2.1907133486820385e-05,0.024181431159377098,0.025793366134166718,0.0,0.008267777971923351,9.629906344343908e-06,0.3712565302848816,2.5890769528302826e-09,,,,,,
407,0.012691588141024113,2.038839333619989e-05,169.68663094501244,0.5206740498542786,0.0008641506428830326,0.00037814475945197046,1.473032966714527e-06,1.4645102055510506e-06,0.0002812374150380492,0.000228949444135651,1.797624099708628e-05,0.0002293435827596113,1.3124858924129512e-06,1.2974371799145956e-08,1.3763628885499202e-06,2.1814175852341577e-05,0.010668194852769375,0.010257009416818619,0.0,0.007381841540336609,3.934922278858721e-05,0.37127164006233215,8.760641101446254e-09,,,,,,
408,0.01531701534986496,2.0347760043345182e-05,170.10705619404325,0.39853620529174805,0.001034360844641924,0.00042942664003930986,1.287750706069346e-06,1.5234485317705548e-06,0.00045191473327577114,0.0002295945887453854,1.795754724298604e-05,0.00022974296007305384,1.3024180134380003e-06,1.4277484083891068e-08,1.368390144307341e-06,2.1832944185007364e-05,0.02206348069012165,0.01623123697936535,0.0,0.010930117219686508,3.691402525873855e-05,0.3712855875492096,1.3597309944657354e-09,,,,,,
409,0.01450133416801691,2.030708877465225e-05,170.52899282600265,0.22212278842926025,0.0009518713341094553,0.000490653095766902,1.3702468777410104e-06,1.4644363091065316e-06,0.0004054560558870435,0.0002324603556189686,1.7998057955992408e-05,0.0002319470513612032,1.2760026493197074e-06,1.5239709938441592e-08,1.3419675042314338e-06,2.177744681830518e-05,0.004143094643950462,0.011378029361367226,0.0,0.013074586167931557,1.459033228456974e-05,0.37130069732666016,2.315888814052869e-09,,,,,,
410,0.014569546096026897,2.0266379931530097e-05,170.95433797402075,0.5210092663764954,0.0012680229265242815,0.0004920356441289186,1.4709564766235417e-06,1.4834752164460951e-06,0.0003531578404363245,0.00023460861120838672,1.8028091290034354e-05,0.0002336496690986678,1.2711370800388977e-06,1.484434086762576e-08,1.3336921256268397e-06,2.1724550606450066e-05,0.01155522558838129,0.0050883167423307896,0.0,0.00859623309224844,9.483118446951266e-06,0.37131696939468384,1.223137036099331e-09,,,,,,
411,0.015115137211978436,2.0225633915758567e-05,171.375373366056,0.47728654742240906,0.0009659967618063092,0.00039715360617265105,1.4207209915184649e-06,1.4899819689162541e-06,0.00040365170571021736,0.0002348694106331095,1.8049851860268973e-05,0.0002337681653443724,1.2968183682460221e-06,1.4212502286170547e-08,1.3624774055642774e-06,2.182290336349979e-05,0.01525513269007206,0.02087363228201866,0.0,0.016364196315407753,3.702955655171536e-05,0.3713332414627075,2.2600095128666453e-09,,,,,,
412,0.013860492967069149,2.018485112948439e-05,171.79576199903386,0.1833883374929428,0.0011337304022163153,0.00038913809112273157,1.422217223989719e-06,1.523118498880649e-06,0.0003901766031049192,0.00023105864238459617,1.813277049222961e-05,0.00023053449694998562,1.310064249082643e-06,1.2969151086394959e-08,1.373780378344236e-06,2.183376273023896e-05,0.017027806490659714,0.00877319648861885,0.0,0.009420269168913364,4.46738486061804e-05,0.37135183811187744,2.061327553093406e-09,,,,,,
413,0.014892750419676304,2.01440319752172e-05,172.21852931700414,0.0996902585029602,0.0009372328058816493,0.00048293182044290006,1.558400981593877e-06,1.2593316114362096e-06,0.0004467224352993071,0.00022865831851959229,1.8234703020425513e-05,0.0002287807292304933,1.3319644267539843e-06,1.2571035767905414e-08,1.3949572803539922e-06,2.1872398065170273e-05,0.021792540326714516,0.006631832104176283,0.0,0.012971889227628708,3.1572697480442e-05,0.37137043476104736,3.346552146510362e-09,,,,,,
414,0.013757451437413692,2.010317685582557e-05,172.64667526900303,0.355088472366333,0.0009436685941182077,0.0004837895685341209,1.6254037973340019e-06,1.4142923419058206e-06,0.00027499679708853364,0.00022764521418139338,1.8311997337150387e-05,0.00022849121887702495,1.3384791373027838e-06,1.252543579965959e-08,1.400896508130245e-06,2.188474900322035e-05,0.016673890873789787,0.0056177228689193726,0.0,0.003549369517713785,1.7785037925932556e-05,0.3713890314102173,1.8191833595082585e-09,,,,,,
415,0.013887112960219383,2.0062286174533037e-05,173.0744875910459,0.23650123178958893,0.000995497452095151,0.00046831596409901977,1.5344746771006612e-06,1.4405889032786945e-06,0.0003837408439721912,0.00022758878185413778,1.8336317225475796e-05,0.00022832100512459874,1.3149149253877113e-06,1.2701558915750866e-08,1.3782607766188448e-06,2.1834177459822968e-05,0.006212383043020964,0.009405981749296188,0.0,0.006671180482953787,2.2241376427700743e-05,0.37140530347824097,6.761401660781985e-09,,,,,,
416,0.015118579380214214,2.0021360334914112e-05,173.49778429302387,0.19555221498012543,0.0010557071072980762,0.0003795942466240376,1.4481320249615237e-06,1.501828364780522e-06,0.000461828603874892,0.0002285811206093058,1.829920438467525e-05,0.0002286512462887913,1.2875874517703778e-06,1.3619958494359707e-08,1.351571768282156e-06,2.1798517991555855e-05,0.011209988035261631,0.025555642321705818,0.0,0.009791177697479725,3.265417763032019e-05,0.37142157554626465,7.947286162490741e-10,,,,,,
417,0.015514391474425793,1.9980399740890313e-05,173.92028151004342,0.3902145028114319,0.0010530482977628708,0.0003991008270531893,1.6218534710787935e-06,1.4942404504836304e-06,0.0004145608691032976,0.00023047122522257268,1.828752829169389e-05,0.00022999790962785482,1.2565699307742761e-06,1.4776851742226427e-08,1.3200797184254043e-06,2.1738171199103817e-05,0.029121896252036095,0.017503855749964714,0.0,0.01318542193621397,1.4049730452825315e-05,0.37143784761428833,1.75088654685851e-09,,,,,,
418,0.014669699594378471,1.9939404796726168e-05,174.3442414480378,0.49311721324920654,0.0010475213639438152,0.0003932549152523279,1.282803964386403e-06,1.5951530940583325e-06,0.00040630841976962984,0.0002302581415278837,1.8313330656383187e-05,0.00022995007748249918,1.2611399142770097e-06,1.5222525462377234e-08,1.3276094250613824e-06,2.1783471311209723e-05,0.011277390643954277,0.02034090831875801,0.0,0.010586053133010864,3.749112511286512e-05,0.37145528197288513,6.854534273514901e-09,,,,,,
419,0.014034716412425041,1.989837590702522e-05,174.77235791704152,0.4384135603904724,0.0008038896485231817,0.0003682871756609529,1.1786976301664254e-06,1.689140276539547e-06,0.00043934647692367435,0.00022762335720472038,1.8398424799670465e-05,0.00022826646454632282,1.2718901416519657e-06,1.3890272043681762e-08,1.3347550975595368e-06,2.1756684873253107e-05,0.011685099452733994,0.021841231733560562,0.0,0.00946545135229826,2.7262967705610208e-05,0.3714715540409088,9.002784628897587e-10,,,,,,
420,0.012888890691101551,1.9857313476726046e-05,175.19726829003775,0.13539531826972961,0.0009993158746510744,0.00037833175156265497,1.2001258937743842e-06,1.5423642025780282e-06,0.00028264394495636225,0.00022635978530161083,1.842074198066257e-05,0.00022799942234996706,1.2794247368219658e-06,1.342796362990839e-08,1.3436808785627363e-06,2.1827245291206054e-05,0.018792755901813507,0.006740941666066647,0.0,0.005782926455140114,2.840750676114112e-05,0.3714878559112549,2.5083621846277993e-09,,,,,,
421,0.014294167049229145,1.9816217911098266e-05,175.61835516500287,0.4656069576740265,0.0009973294800147414,0.00040409009670838714,1.3618373486679047e-06,1.3827024076817906e-06,0.0004673594085033983,0.0002262029011035338,1.8440818166709505e-05,0.00022867962252348661,1.2985627790840226e-06,1.3179388247408497e-08,1.3629437489726115e-06,2.1866047973162495e-05,0.014579445123672485,0.015035382471978664,0.0,0.007344136945903301,4.5267970563145354e-05,0.37150412797927856,1.4839074413686149e-09,,,,,,
422,0.014004153199493885,1.977508961573851e-05,176.03921404405264,0.3094326853752136,0.0007548836292698979,0.0004309538926463574,1.6808979808047297e-06,1.5581360912619857e-06,0.00031532434513792396,0.00022635963978245854,1.8471486328053288e-05,0.0002288387913722545,1.2726235354421078e-06,1.285005080120527e-08,1.335815568381804e-06,2.1783778720418923e-05,0.0060221911408007145,0.018795572221279144,0.0,0.01113005168735981,3.674864274216816e-05,0.3715192377567291,1.9787503191537326e-08,,,,,,
423,0.015246056020259857,1.9733928996566457e-05,176.4612963850377,0.2354099303483963,0.0010068234987556934,0.0003963147755712271,1.4425504559767433e-06,1.4748472949577263e-06,0.0005515192169696093,0.00022642669500783086,1.846679333539214e-05,0.0002282301284139976,1.2680078498306102e-06,1.2981850261439831e-08,1.330875761595962e-06,2.176782800233923e-05,0.024754099547863007,0.01421375572681427,0.0,0.016291256994009018,2.843433503585402e-05,0.3715355098247528,1.541028638030184e-08,,,,,,
424,0.01574033871293068,1.9692736459820794e-05,176.88317761401413,0.3459920287132263,0.0008819507784210145,0.00044121869723312557,1.307237425862695e-06,1.410478716934449e-06,0.0005068163736723363,0.00022764837194699794,1.8460839783074334e-05,0.00022847592481411994,1.2779573808074929e-06,1.3239332297132478e-08,1.3415981356956763e-06,2.179966395488009e-05,0.033954471349716187,0.015184152871370316,0.0,0.011063306592404842,4.480475763557479e-05,0.3715529441833496,1.862645149230957e-09,,,,,,
425,0.014066440053284168,1.9651512412055236e-05,177.30831466504605,0.25284644961357117,0.0008135900134220719,0.0004636830126401037,1.7342180171908694e-06,1.4948985835872008e-06,0.0006782907876186073,0.00022946888930164278,1.8487802663003094e-05,0.0002294890582561493,1.2614726756510208e-06,1.2958393469375551e-08,1.3243201237855828e-06,2.1746418497059494e-05,0.011663111858069897,0.005996227730065584,0.0,0.008058787323534489,1.5371979316114448e-05,0.37157154083251953,3.843257712077275e-09,0.8291126383535204,6.299456906803742,0.7198995873973062,0.5919149287383183,0.0012325141615865238,0.0020393901964602455
426,0.013455213978886604,1.9610257260134484e-05,177.76510223501828,0.33988356590270996,0.0009910126682370901,0.0004234328807797283,1.3186953538024682e-06,1.4985971574787982e-06,0.00039407177246175706,0.0002298742183484137,1.8490194634068757e-05,0.0002297054888913408,1.2653022167796735e-06,1.2707938701339572e-08,1.3278304322739132e-06,2.1737627321272157e-05,0.0022683008573949337,0.011490263976156712,0.0,0.009344164282083511,1.9404884369578212e-05,0.37158897519111633,3.259629011154175e-09,,,,,,
427,0.01431435439735651,1.9568971411230236e-05,178.18765930802329,0.4612090289592743,0.0009741245885379612,0.00041736880666576326,1.293547256864258e-06,1.4547611044690711e-06,0.00043708999874070287,0.00022891216212883592,1.8468272173777223e-05,0.00022901083866599947,1.2846724075643579e-06,1.2758138545621023e-08,1.3471493502947851e-06,2.179427792725619e-05,0.011682839132845402,0.0119697917252779,0.0,0.01617533341050148,3.688439028337598e-05,0.3716064393520355,5.650023782166613e-10,,,,,,
428,0.015340114943683147,1.952765527281716e-05,178.60998026101151,0.2747807502746582,0.000968209991697222,0.00042646791553124785,1.4689870795336901e-06,1.5570308278256562e-06,0.00037443614564836025,0.00022792523668613285,1.8436760001350194e-05,0.00022844636987429112,1.2741974160235259e-06,1.2544485450405318e-08,1.3359780268729082e-06,2.1725607439293526e-05,0.009063217788934708,0.030690953135490417,0.0,0.0013563159154728055,6.68518478050828e-05,0.37162503600120544,8.475035784272222e-09,,,,,,
429,0.013479107990860939,1.9486309252668845e-05,179.03162908600643,0.13425976037979126,0.0008440861711278558,0.00040215119952335954,1.5474631709366804e-06,1.490333261244814e-06,0.0004010823031421751,0.00022738150437362492,1.842771416704636e-05,0.0002283751091454178,1.2682443184530712e-06,1.278678762872687e-08,1.3298416661200463e-06,2.1707955966121517e-05,0.019318614155054092,0.007289453409612179,0.0,0.010783533565700054,4.626192094292492e-05,0.3716413080692291,6.190191026433922e-09,,,,,,
430,0.014591207727789879,1.944493375885384e-05,179.45925336703658,0.27091941237449646,0.001040504197590053,0.00043539059697650373,1.4631784779339796e-06,1.4963646890464588e-06,0.0004988816799595952,0.00022740963322576135,1.8444399756845087e-05,0.00022858359443489462,1.2621353562281001e-06,1.3129958453816926e-08,1.3241540273156716e-06,2.1706800907850266e-05,0.01685701310634613,0.011099930852651596,0.0,0.00876510888338089,2.5590807126718573e-05,0.3716575801372528,2.3841859597695247e-09,,,,,,
431,0.013007957488298416,1.9403529199731545e-05,179.8825476890197,0.20352664589881897,0.0008839164511300623,0.0004238836409058422,1.414079861206119e-06,1.5032641158541082e-06,0.00034311198396608233,0.0002275001461384818,1.8457161786500365e-05,0.00022840623569209129,1.240931851498317e-06,1.3378083529858031e-08,1.3019250673096394e-06,2.1649910195264965e-05,0.003963395953178406,0.008495231159031391,0.0,0.009940951131284237,6.893153476994485e-05,0.3716738820075989,3.4024318917857954e-09,,,,,,
432,0.013306308537721634,1.9362095983948256e-05,180.30274196405662,0.19682104885578156,0.000942276616115123,0.00037538044853135943,1.4925733466952806e-06,1.40130441650399e-06,0.00032594846561551094,0.00022750614152755588,1.8487298802938312e-05,0.00022812340466771275,1.2348760947133997e-06,1.3531765929997164e-08,1.296478217227559e-06,2.1656573153450154e-05,0.016203178092837334,0.009784724563360214,0.0,0.012060903012752533,1.8743929103948176e-05,0.37168899178504944,1.1082738282652826e-08,,,,,,
433,0.01336663868278265,1.9320634520433074e-05,180.72137823503,0.45883482694625854,0.0007632032502442598,0.0003890796797350049,1.4810200354986591e-06,1.4287841167970328e-06,0.0002391647722106427,0.00022788789647165686,1.842494384618476e-05,0.0002281678607687354,1.2513845604189555e-06,1.351069123245452e-08,1.314550786446489e-06,2.170827065128833e-05,0.012623700313270092,0.009179743006825447,0.0,0.024019185453653336,7.64014184824191e-05,0.3717052638530731,2.4773181284132306e-09,,,,,,
434,0.015664106234908104,1.927914521839392e-05,181.1439889660105,0.41868308186531067,0.000928103516343981,0.0004709552740678191,1.3928178077549092e-06,1.55733550855075e-06,0.00042433603084646165,0.00022870130487717688,1.838434582168702e-05,0.00022858072770759463,1.2456957847462036e-06,1.2692110473722096e-08,1.3061735444352962e-06,2.1668332919944078e-05,0.01609758287668228,0.017964698374271393,0.0,0.014613104984164238,0.00011955311492783949,0.3717261850833893,8.897234948790356e-09,,,,,,
435,0.014587126672267914,1.923762848731344e-05,181.56319010903826,0.1873144954442978,0.0010445925872772932,0.0003990922123193741,1.3665202232004958e-06,1.4629135876020882e-06,0.0002946946187876165,0.000229115248657763,1.8330032617086545e-05,0.00022888528474140912,1.248526473318634e-06,1.2518074576917115e-08,1.3093008419673424e-06,2.1728730644099414e-05,0.01299986895173788,0.018958348780870438,0.0,0.013494813814759254,4.9541784392204136e-05,0.37174829840660095,1.3969838619232178e-09,,,,,,
436,0.013745642267167568,1.9196084736945017e-05,181.9872536820476,0.46663153171539307,0.0010070132557302713,0.0004179819952696562,1.2020681197100203e-06,1.5000867961134645e-06,0.0004149309825152159,0.00022893724963068962,1.8236536561744288e-05,0.0002287821553181857,1.2629478760572965e-06,1.2548649230836872e-08,1.3237722669146024e-06,2.1789935999549925e-05,0.007001684978604317,0.013262135908007622,0.0,0.006288728676736355,5.66582202736754e-05,0.37177038192749023,2.713253399733162e-09,,,,,,
437,0.014807765372097492,1.915451437730869e-05,182.40852659899974,0.540028989315033,0.0006899546133354306,0.0004518942441791296,1.4469591178567498e-06,1.5004695796960732e-06,0.0003906242782250047,0.00022848925436846912,1.8201460989075713e-05,0.00022849578817840666,1.2505452104960568e-06,1.2367625146225691e-08,1.3108403891237685e-06,2.169982690247707e-05,0.017066333442926407,0.01576302945613861,0.0,0.017856203019618988,4.078044003108516e-05,0.37179017066955566,1.8067658480447335e-09,,,,,,
438,0.014388469979166985,1.9112917818687136e-05,182.8319996810169,0.36842080950737,0.0007961524534039199,0.0004439822514541447,1.4381953405973036e-06,1.3044709703535773e-06,0.00020982863497920334,0.0002284166112076491,1.811382571759168e-05,0.0002284464135300368,1.2389187986627803e-06,1.2959147532853876e-08,1.300036501561408e-06,2.172934910049662e-05,0.011382274329662323,0.01915806159377098,0.0,0.01353730633854866,4.432060813996941e-05,0.37181225419044495,3.1975408987250376e-09,,,,,,
439,0.014052118174731731,1.907129547162159e-05,183.25612806901336,0.15321409702301025,0.0007292323280125856,0.00043120927875861526,1.4553679648088291e-06,1.5045604868646478e-06,0.00033264467492699623,0.00022747994808014482,1.8091790479957126e-05,0.00022799965518061072,1.223854951604153e-06,1.3037602997201247e-08,1.2842796195400297e-06,2.1677795302821323e-05,0.01179691031575203,0.014310359954833984,0.0,0.016820136457681656,3.7478173908311874e-05,0.3718343675136566,1.695007134649984e-09,,,,,,
440,0.014246664009988308,1.9029647746907805e-05,183.67903519701213,0.5792975425720215,0.000917432364076376,0.0003870075452141464,1.4408468587134848e-06,1.4539700714522041e-06,0.000408441002946347,0.00022725397138856351,1.800628706405405e-05,0.0002282734785694629,1.2218538358865771e-06,1.2907075408463697e-08,1.28087356188189e-06,2.1629472030326724e-05,0.02118794433772564,0.01434234157204628,0.0,0.011060337536036968,6.345816655084491e-05,0.3718564510345459,1.5335780423342271e-09,,,,,,
441,0.014322918839752674,1.8987975055592026e-05,184.1018341560266,0.7312734723091125,0.0009688063291832805,0.0003865340258926153,1.4784197901462903e-06,1.367568074783776e-06,0.00040010479278862476,0.00022710156918037683,1.789142334018834e-05,0.00022795471886638552,1.2604558605744387e-06,1.3521744612887687e-08,1.3230800277597154e-06,2.17150773096364e-05,0.011544795706868172,0.01740407571196556,0.0,0.015016360208392143,1.6814843547763303e-05,0.37187856435775757,1.098960700218754e-09,,,,,,
442,0.0137547068297863,1.8946277808966876e-05,184.52339022001252,0.4497748613357544,0.0009030397632159293,0.00038636193494312465,1.460705561839859e-06,1.514592327112041e-06,0.0005023269914090633,0.00022776481637265533,1.783348125172779e-05,0.00022807710047345608,1.2215583637953387e-06,1.3025919898268512e-08,1.2805066944565624e-06,2.1628380636684597e-05,0.018714481964707375,0.012208803556859493,0.0,0.005610201507806778,2.023618799285032e-05,0.37190181016921997,7.823109937632466e-10,,,,,,
443,0.01457441970705986,1.8904556418567357e-05,184.94809436803916,0.12373223900794983,0.0008813574095256627,0.0004047389084007591,1.574616590005462e-06,1.4539571111527039e-06,0.0003447420313023031,0.00023106375010684133,1.7758289686753415e-05,0.0002304166555404663,1.2274865639483323e-06,1.2960951423224287e-08,1.2870068530901335e-06,2.166401463910006e-05,0.020404204726219177,0.015536823309957981,0.0,0.015286088921129704,5.5293250625254586e-05,0.3719227612018585,1.3988464608871709e-08,,,,,,
444,0.01316941250115633,1.8862811296166752e-05,185.36893550900277,0.5607465505599976,0.0010336096165701747,0.0003797871759161353,1.4418399132409832e-06,1.2847971220253385e-06,0.0004078405909240246,0.0002346974506508559,1.774037446011789e-05,0.00023335976584348828,1.2440569889804465e-06,1.26602897054795e-08,1.3037595181231154e-06,2.17094348045066e-05,0.005707881413400173,0.012528469786047935,0.0,0.006161309313029051,3.34429059876129e-05,0.3719436824321747,2.8125943796197816e-09,,,,,,
445,0.013429749757051468,1.8821042853772554e-05,185.78941085905535,0.7605158686637878,0.0008107723551802337,0.00035238833515904844,1.6663614132994553e-06,1.46105230669491e-06,0.0003780740953516215,0.0002326552348677069,1.7775535525288433e-05,0.00023156548559200019,1.26025770441629e-06,1.198499255394836e-08,1.3204080460127443e-06,2.1644262233166955e-05,0.0175776407122612,0.015056187286973,0.0,0.010494556277990341,2.2937065295991488e-05,0.3719634711742401,7.015964476053682e-10,,,,,,
446,0.013278373517096043,1.877925150362243e-05,186.21118006203324,0.5403718948364258,0.0009820699924603105,0.0004026867391075939,1.1837081501653302e-06,1.2830022342313896e-06,0.0004349942319095135,0.00022924283985048532,1.7830900105764158e-05,0.0002288580872118473,1.2760483514284715e-06,1.1987459025419867e-08,1.3338625421965844e-06,2.1772930267616175e-05,0.012443994171917439,0.0060660624876618385,0.0,0.010872529819607735,2.7263145966571756e-05,0.37198206782341003,1.4901162526115286e-09,,,,,,
447,0.013747881166636944,1.8737437658180144e-05,186.63118999701692,0.3587062954902649,0.0008460719836875796,0.00042873466736637056,1.1199979326192988e-06,1.4806931858402095e-06,0.0003933032276108861,0.0002274597209179774,1.7967153326026164e-05,0.0002275414444738999,1.2506611710705329e-06,1.1938953825563203e-08,1.3092819699522806e-06,2.1731746528530493e-05,0.005265949293971062,0.014972463250160217,0.0,0.010468416847288609,3.25319888361264e-05,0.37200069427490234,1.0815758955118326e-08,,,,,,
448,0.015528346411883831,1.8695601730131457e-05,187.05274671001825,0.6772613525390625,0.0008886359864845872,0.00038177892565727234,1.4673832993139513e-06,1.4187602346282802e-06,0.00035963079426437616,0.00022717731189914048,1.8124124835594557e-05,0.00022728087787982076,1.2358049161775853e-06,1.2017942196962395e-08,1.2959942523593782e-06,2.159680298063904e-05,0.018242860212922096,0.02801368571817875,0.0,0.016237512230873108,8.880591485649347e-05,0.37201929092407227,5.873541208956112e-09,,,,,,
449,0.014968321658670902,1.865374413238009e-05,187.47200249001617,0.16927534341812134,0.0008828843710944057,0.00043789457413367927,1.55329178141983e-06,1.3379930123846862e-06,0.00043583876686170697,0.00022713317594025284,1.823410093493294e-05,0.00022721567074768245,1.1985418950644089e-06,1.3037874779797676e-08,1.2595573934959248e-06,2.162676173611544e-05,0.009322996251285076,0.020925363525748253,0.0,0.01159397978335619,9.848065383266658e-05,0.3720390796661377,6.649642614320328e-09,,,,,,
450,0.013728384859859943,1.861186527804365e-05,187.93395740300184,0.5655341148376465,0.0008933673962019384,0.0003912800457328558,1.7736532527123927e-06,1.4303931266113068e-06,0.00039541959995403886,0.00022648973390460014,1.8394715880276635e-05,0.00022686025477014482,1.2198236163385445e-06,1.373116997882562e-08,1.2844748198403977e-06,2.1649704649462365e-05,0.011358823627233505,0.01083691418170929,0.0,0.016937747597694397,6.263642717385665e-05,0.37205770611763,9.580205961867705e-09,0.8479698379430307,6.206870592091346,0.7093051477587247,0.6053773431738223,0.0010173028940462083,0.0018547480983585587
451,0.013685809448361397,1.8569965580449498e-05,188.39225115801673,0.4593803286552429,0.0008427755674347281,0.0004560038214549422,1.318536988037522e-06,1.636037609387131e-06,0.00047551095485687256,0.00022625741257797927,1.8642716895556077e-05,0.0002267188101541251,1.1901908010258921e-06,1.2823186068544601e-08,1.250251898454735e-06,2.157874041586183e-05,0.009298956021666527,0.00554498378187418,0.0,0.014163676649332047,2.4946923076640815e-05,0.37207746505737305,1.007070160596868e-08,,,,,,
452,0.015251550823450089,1.852804545313075e-05,188.8127901230473,0.2816051244735718,0.0010157197248190641,0.000437333423178643,1.4474771887762472e-06,1.5418388557009166e-06,0.000377305899746716,0.00022646419529337436,1.8796556105371565e-05,0.0002266105730086565,1.1965437352046138e-06,1.2449516972878882e-08,1.257329586223932e-06,2.1620086045004427e-05,0.02254365384578705,0.017364725470542908,0.0,0.009788756258785725,2.5546245524310507e-05,0.3720984160900116,1.6763807009212428e-09,,,,,,
453,0.015689967200160027,1.8486105309822134e-05,189.2405166440294,0.6336016654968262,0.0009713522158563137,0.0005136453546583652,1.3103981473250315e-06,1.3155458873370662e-06,0.0004786263161804527,0.00022819280275143683,1.8912651285063475e-05,0.00022738568077329546,1.2266275462025078e-06,1.2484671962909033e-08,1.2881880593340611e-06,2.169528124795761e-05,0.010100157931447029,0.018856121227145195,0.0,0.007743338122963905,3.3181291655637324e-05,0.372118204832077,3.0174853726805395e-09,,,,,,
454,0.014355801977217197,1.8444145564455937e-05,189.66640561603708,0.45382601022720337,0.0008941987762227654,0.0004666952299885452,1.380863750455319e-06,1.5043199255160289e-06,0.00044890400022268295,0.00022984683164395392,1.896996946015861e-05,0.00022835875279270113,1.2078576219209936e-06,1.2057692622136074e-08,1.268117785002687e-06,2.1616109734168276e-05,0.010048012249171734,0.00894351676106453,0.0,0.016329370439052582,2.482295167283155e-05,0.37213796377182007,1.2324502307592411e-08,,,,,,
455,0.014729991555213928,1.84021666311579e-05,190.0914024200174,0.29945042729377747,0.0009548032539896667,0.0004769608785863966,1.3965197922516381e-06,1.468101800128352e-06,0.00031849899096414447,0.00022986951807979494,1.899505514302291e-05,0.00022831781825516373,1.2046059509884799e-06,1.2097904900087997e-08,1.2641080502362456e-06,2.16312037082389e-05,0.0325717069208622,0.007550256326794624,0.0,0.004675538279116154,1.182577670988394e-05,0.3721589148044586,2.9678148827372297e-09,,,,,,
456,0.013325480744242668,1.836016892424315e-05,190.51085900102044,0.7116889953613281,0.0009584844228811562,0.00043217942584306,1.3444237083604094e-06,1.4056477084523067e-06,0.00038341496838256717,0.00022894120775163174,1.8988734154845588e-05,0.00022778520360589027,1.2315608728385996e-06,1.2415899419693233e-08,1.290693944611121e-06,2.1687585103791207e-05,0.004194386303424835,0.008158870041370392,0.0,0.01180614996701479,8.910858014132828e-06,0.3721775412559509,7.698933712774192e-10,,,,,,
457,0.014215972274541855,1.8318152858212094e-05,190.934805498051,0.549757719039917,0.0008565657772123814,0.0004387415829114616,1.2511637805801001e-06,1.5159242821027874e-06,0.0003367158933542669,0.00022796557459514588,1.9038086975342594e-05,0.0002278039901284501,1.2130356026318623e-06,1.2214928624132426e-08,1.2714439208139083e-06,2.1555068087764084e-05,0.007170913740992546,0.015490577556192875,0.0,0.016107967123389244,4.472846194403246e-05,0.37219616770744324,1.9433596953888355e-09,,,,,,
458,0.013017075136303902,1.8276118847746348e-05,191.35815202601952,0.32091042399406433,0.000894677999895066,0.00034524797229096293,1.390401848766487e-06,1.4706105275763548e-06,0.0004205616132821888,0.00022821861784905195,1.90455284609925e-05,0.00022872989939060062,1.2006422593913157e-06,1.2668207816091126e-08,1.2588502613652963e-06,2.1555852072197013e-05,0.006906453054398298,0.014526670798659325,0.0,0.011774962767958641,3.3486870961496606e-05,0.3722159266471863,1.862645149230957e-09,,,,,,
459,0.014573498629033566,1.8234067307704625e-05,191.77974525402533,0.8594639897346497,0.000905923661775887,0.0004783892654813826,1.502451937085425e-06,1.457984922126343e-06,0.0004148606676608324,0.0002280084736412391,1.9023867935175076e-05,0.0002284352231072262,1.2419620816217503e-06,1.361459123216946e-08,1.3046712865616428e-06,2.160372241633013e-05,0.014747275039553642,0.008469067513942719,0.0,0.014424692839384079,2.380369187449105e-05,0.3722357153892517,3.6880374310044317e-09,,,,,,
460,0.01364756841212511,1.819199865311864e-05,192.19997961103218,0.8050727844238281,0.0008476432412862778,0.00045706232776865363,1.4637114418292185e-06,1.473973497922998e-06,0.0003511580580379814,0.00022785090550314635,1.898039408843033e-05,0.00022773614909965545,1.1873406720042112e-06,1.3354326533487892e-08,1.2435310736691463e-06,2.1478663256857544e-05,0.0031161922961473465,0.008192908018827438,0.0,0.01917112059891224,6.177274826768553e-06,0.37225550413131714,3.2223759216520875e-09,,,,,,
461,0.016067100688815117,1.814991329918904e-05,192.62085789401317,0.39605990052223206,0.0008559391717426479,0.0004313573590479791,1.1590645954129286e-06,1.4662400644738227e-06,0.00038050342118367553,0.00022969426936469972,1.8844768419512548e-05,0.00022853523842059076,1.1767330079237581e-06,1.3902815787503187e-08,1.2367395356704947e-06,2.1546671632677317e-05,0.0358501672744751,0.02090579643845558,0.0,0.012783213518559933,0.00010688814654713497,0.3722776174545288,6.109476480276044e-09,,,,,,
462,0.014285651966929436,1.8107811661281278e-05,193.04266052303137,0.2518261969089508,0.0009135166183114052,0.0004119864897802472,1.215615043292928e-06,1.3977604567116941e-06,0.00029536557849496603,0.0002304335794178769,1.880433592305053e-05,0.00022915774025022984,1.1761275118260528e-06,1.323011300513599e-08,1.2355051239865134e-06,2.1557370928348973e-05,0.01882733777165413,0.016131501644849777,0.0,0.010714364238083363,4.532730235951021e-05,0.3722997307777405,6.1591469702193535e-09,,,,,,
463,0.013516725972294807,1.8065694154921515e-05,193.46866054803832,0.39403894543647766,0.0010325725888833404,0.00038231367943808436,1.3935004972154275e-06,1.3868834685126785e-06,0.00032947020372375846,0.0002293468569405377,1.8761304090730846e-05,0.0002284886286361143,1.1859351616294589e-06,1.219830281229406e-08,1.2443778132364969e-06,2.1541480236919597e-05,0.010569380596280098,0.01594524085521698,0.0,0.004717084113508463,3.8744059565942734e-05,0.37232068181037903,7.431955051373507e-09,,,,,,
464,0.014045760035514832,1.8023561195792534e-05,193.89107893704204,0.2477201670408249,0.001023698365315795,0.0004433532594703138,1.3724074960919097e-06,1.5001696738181636e-06,0.00031339324777945876,0.00022792397066950798,1.8688819181988947e-05,0.0002277170424349606,1.1972941820204142e-06,1.1883761530384618e-08,1.2559066817630082e-06,2.160955045837909e-05,0.010759585537016392,0.011470990255475044,0.0,0.010463790968060493,2.159042560379021e-05,0.37234047055244446,2.874682492048919e-09,,,,,,
465,0.013082511723041534,1.7981413199729643e-05,194.31331882905215,0.7308337092399597,0.0008549815975129604,0.00040308095049113035,1.0696925301090232e-06,1.3467852113535628e-06,0.00019792289822362363,0.00022807199275121093,1.8670187273528427e-05,0.00022791698575019836,1.207949708259548e-06,1.1751917661229072e-08,1.2661046184803126e-06,2.1638315956806764e-05,0.021088939160108566,0.00897988211363554,0.0,0.007387461606413126,5.164838512428105e-05,0.37235909700393677,1.6329190222208467e-09,,,,,,
466,0.01509007066488266,1.7939250582716536e-05,194.73831892001908,1.1850558519363403,0.0008661561296321452,0.0004141000681556761,1.6272922493953956e-06,1.4912751566953375e-06,0.0003616345056798309,0.00022642531257588416,1.8684904716792516e-05,0.0002271168923471123,1.2444954791135387e-06,1.1396418919673579e-08,1.306813601331669e-06,2.149023930542171e-05,0.00884214136749506,0.0275654848664999,0.0,0.01170260924845934,2.4887653125915676e-05,0.37237653136253357,5.165735839085528e-09,,,,,,
467,0.0160555150359869,1.789707376088123e-05,195.1593907440547,0.6795088648796082,0.0008864919655025005,0.000555198872461915,1.444311465093051e-06,1.3873481066184468e-06,0.0005452509503811598,0.00022565817926079035,1.8586881196824834e-05,0.00022709433687850833,1.2095094916730886e-06,1.1818544365382877e-08,1.2675548077822896e-06,2.161856355087366e-05,0.02177535556256771,0.010660332627594471,0.0,0.010401951149106026,3.271219611633569e-05,0.37239399552345276,9.499490083442197e-10,,,,,,
468,0.0143383564427495,1.7854883150491925e-05,195.58064791100333,0.47333675622940063,0.001107575255446136,0.000371685455320403,1.3336006077224738e-06,1.4022834875504486e-06,0.0004185888101346791,0.00022578303469344974,1.856879680417478e-05,0.00022775008983444422,1.1843617357953917e-06,1.2078959166217373e-08,1.2428885156623437e-06,2.156441769329831e-05,0.028419755399227142,0.007476459257304668,0.0,0.016283564269542694,4.663360596168786e-05,0.37241262197494507,2.8871001145347464e-09,,,,,,
469,0.014106404967606068,1.7812679167952917e-05,196.0036450830521,0.627476692199707,0.001078109024092555,0.0004519591748248786,1.4453853509621695e-06,1.4977744058342068e-06,0.00034270482137799263,0.00022593436005990952,1.856084418250248e-05,0.0002272305719088763,1.160693841484317e-06,1.2487364031699144e-08,1.2180078101664549e-06,2.1478201233549044e-05,0.012860359624028206,0.011910317465662956,0.0,0.0025621536187827587,7.025132072158158e-05,0.3724312484264374,5.830079530255716e-09,,,,,,
470,0.015578098595142365,1.7770462229800464e-05,196.42990824003937,0.45957544445991516,0.0009664501412771642,0.0004927722038701177,1.5357567235696479e-06,1.4936930483600008e-06,0.00035420909989625216,0.00022959584021009505,1.855797745520249e-05,0.00022917297610547394,1.1554895991139347e-06,1.3595105485819658e-08,1.2156815500929952e-06,2.151164153474383e-05,0.012916148640215397,0.016335846856236458,0.0,0.01710033230483532,5.2618375775637105e-05,0.37244755029678345,9.840976034070081e-09,,,,,,
471,0.014541329815983772,1.772823275269871e-05,196.8505784230074,0.4907216429710388,0.0010334961116313934,0.0004870585398748517,1.4748254670848837e-06,1.5587437474096077e-06,0.0003240125661250204,0.0002342267835047096,1.8562564946478233e-05,0.00023278198204934597,1.1520899079187075e-06,1.3286530986533762e-08,1.2088064522686182e-06,2.147246414097026e-05,0.011990444734692574,0.008299833163619041,0.0,0.013258147053420544,5.439723463496193e-05,0.37246501445770264,1.4528633851540462e-09,,,,,,
472,0.014889608137309551,1.768599115343555e-05,197.27109507104615,0.5555700659751892,0.0010385892819613218,0.0004316976701375097,1.3587508647106006e-06,1.5551477190456353e-06,0.00043238530633971095,0.0002329752896912396,1.8573671695776284e-05,0.00023169959604274482,1.1810873274953337e-06,1.2380798608546684e-08,1.237220885741408e-06,2.1488360289367847e-05,0.016090981662273407,0.013574715703725815,0.0,0.015262478031218052,2.2629234081250615e-05,0.37248364090919495,1.3696651812722394e-08,,,,,,
473,0.012705450877547264,1.7643737848918503e-05,197.69241479603807,0.840312659740448,0.0008919521933421493,0.0003241184167563915,1.4176225704432e-06,1.4096629001869587e-06,0.0003388447221368551,0.00023018242791295052,1.8530463421484455e-05,0.00022952639847062528,1.2115368690501782e-06,1.2144283800807898e-08,1.2687108892350807e-06,2.1609788745990954e-05,0.016497045755386353,0.01051412895321846,0.0,0.012677138671278954,1.5547511793556623e-05,0.3725034296512604,1.8564363379880433e-09,,,,,,
474,0.015008201822638512,1.760147325617064e-05,198.11376529705012,0.5559040904045105,0.0010271169012412429,0.0003859252610709518,1.5182362176346942e-06,1.533257773189689e-06,0.00048106577014550567,0.00022787410125602037,1.85394637810532e-05,0.00022876632283441722,1.2047091786371311e-06,1.1462517157667662e-08,1.2608742281372542e-06,2.153435707441531e-05,0.014480601996183395,0.017295705154538155,0.0,0.020304737612605095,5.252713162917644e-05,0.3725220561027527,1.752749057004621e-08,,,,,,
475,0.01617705635726452,1.7559197792326418e-05,198.53321116400184,0.6745616793632507,0.0009348941966891289,0.00044289749348536134,1.3824835605191765e-06,1.4380310631167958e-06,0.0005745253292843699,0.0002289875701535493,1.8460568753653206e-05,0.000230748817557469,1.192669287775061e-06,1.1627650842171988e-08,1.2474509958337876e-06,2.1568630472756922e-05,0.017558027058839798,0.02443750575184822,0.0,0.013237434439361095,4.689475099439733e-05,0.37254300713539124,4.563480704433687e-09,0.7879340326254943,6.143498645967921,0.6922275045191817,0.5310448181911448,0.0010701343771404024,0.001911429121559998
476,0.013716262765228748,1.7516911874627602e-05,198.9987394430209,0.8871344923973083,0.0010110695147886872,0.00039649882819503546,1.4893428215145832e-06,1.319733542004542e-06,0.00039410823956131935,0.00022775727848056704,1.8417784303892404e-05,0.00022898567840456963,1.2083166893717134e-06,1.2583702968527177e-08,1.2657510524149984e-06,2.1592260964098386e-05,0.015782620757818222,0.009385569021105766,0.0,0.011376183480024338,2.4059492716332898e-05,0.3725639581680298,8.568167508826718e-09,,,,,,
477,0.013817442581057549,1.7474615920419128e-05,199.42087517405162,0.1966816633939743,0.0009442835580557585,0.0003903286997228861,1.3704282082471764e-06,1.4405438832909567e-06,0.0003689415752887726,0.00023064047854859382,1.845605584094301e-05,0.00023008229618426412,1.144262228081061e-06,1.3512805097093405e-08,1.200454676109075e-06,2.1461641154019162e-05,0.009204447269439697,0.013538554310798645,0.0,0.017021631821990013,4.310068106860854e-05,0.37258490920066833,8.133551054889665e-10,,,,,,
478,0.014644038863480091,1.7432310347144988e-05,199.84599335002713,0.7593456506729126,0.0009169820696115494,0.0004185622092336416,1.2649456948565785e-06,1.4774399232919677e-06,0.0002592797973193228,0.000240462992223911,1.849536238296423e-05,0.00023830734426155686,1.1409404123696731e-06,1.3992419667374634e-08,1.1950892258028034e-06,2.140250217053108e-05,0.028100039809942245,0.011841630563139915,0.0,0.01629774458706379,6.425602623494342e-05,0.3726058602333069,9.375314968806947e-10,,,,,,
479,0.013294807635247707,1.7389995572344104e-05,200.26611602603225,0.8091439008712769,0.0009267206187359989,0.0004082992090843618,1.5272111113517894e-06,1.3701713896807632e-06,0.0003141057095490396,0.00024162455520126969,1.852330933616031e-05,0.00023929284361656755,1.1387294307496632e-06,1.3470354609523838e-08,1.1962858934566611e-06,2.1447673134389333e-05,0.010372393764555454,0.00883672758936882,0.0,0.012853346765041351,3.606508471420966e-05,0.37262800335884094,7.891406639259912e-09,,,,,,
480,0.01373246032744646,1.7347672013646236e-05,200.6856528830249,0.31184467673301697,0.0010362457251176238,0.0003958442248404026,1.5334596810134826e-06,1.4094164271227783e-06,0.0005157566047273576,0.00023139352560974658,1.850484113674611e-05,0.00023058215447235852,1.1674138704620418e-06,1.1905568086945095e-08,1.2242767297721002e-06,2.1492745872819796e-05,0.005812712013721466,0.011449466459453106,0.0,0.010679328814148903,8.67060516611673e-05,0.3726501166820526,1.1629115448386074e-08,,,,,,
481,0.01415020227432251,1.7305340088767807e-05,201.10869175801054,0.3883354961872101,0.0009616222814656794,0.00043515043216757476,1.585434233675187e-06,1.4300360362540232e-06,0.000364000879926607,0.00022659792739432305,1.8500990336178802e-05,0.0002278660103911534,1.201738655254303e-06,1.1150637746482062e-08,1.258274551219074e-06,2.1528987417696044e-05,0.02047574520111084,0.005204239394515753,0.0,0.017895560711622238,4.395800715428777e-06,0.37267106771469116,5.581726636449957e-09,,,,,,
482,0.012980140745639801,1.726300021550783e-05,201.52704185905168,0.6494446396827698,0.0011079901596531272,0.0003681230009533465,1.52373718265153e-06,1.419733052898664e-06,0.00033407745650038123,0.00022781218285672367,1.8460814317222685e-05,0.00023033979232423007,1.2188277196401032e-06,1.1115139031403487e-08,1.2735886230075266e-06,2.1571617253357545e-05,0.004123273771256208,0.012454355135560036,0.0,0.006294678431004286,7.616818038513884e-05,0.37269318103790283,1.1784336173548127e-08,,,,,,
483,0.01353179570287466,1.7220652811743764e-05,201.95613546203822,0.8319169282913208,0.0008673372794874012,0.000465424353023991,1.339048367299256e-06,1.3978349215904018e-06,0.0003053707187063992,0.00022693598293699324,1.8397509848000482e-05,0.0002292502613272518,1.1872896266140742e-06,1.1279887246473663e-08,1.243633732883609e-06,2.1514675609068945e-05,0.00930758100003004,0.00884842686355114,0.0,0.008108459413051605,5.5519514717161655e-05,0.37271299958229065,6.82970013876627e-10,,,,,,
484,0.01403126586228609,1.7178298295427385e-05,202.3824139900389,0.37599828839302063,0.0011260821484029293,0.00036829369491897523,1.0459998520673253e-06,1.3938661140855402e-06,0.00048485476872883737,0.0002276534796692431,1.8349608581047505e-05,0.00022789702052250504,1.1476602139737224e-06,1.2821255168660173e-08,1.20584491014597e-06,2.1472103981068358e-05,0.009784260764718056,0.017234988510608673,0.0,0.008606765419244766,8.382913620152976e-06,0.37273162603378296,2.427647416425316e-09,,,,,,
485,0.01371114980429411,1.7135937084580666e-05,202.80277336901054,0.5705194473266602,0.0009658842463977635,0.00034095929004251957,1.5939671129672206e-06,1.3795182667308836e-06,0.00035150497569702566,0.00023386480461340398,1.833931492001284e-05,0.0002327639958821237,1.1126941217298736e-06,1.4612128396152002e-08,1.1677338989102282e-06,2.1368605302996002e-05,0.03135375678539276,0.008749271742999554,0.0,0.014049193821847439,2.0082043192815036e-05,0.37274909019470215,1.670171889678329e-09,,,,,,
486,0.015530688688158989,1.7093569597291663e-05,203.23022197105456,0.7597371339797974,0.0009970056125894189,0.000414311041822657,1.1330668030495872e-06,1.5416371752507985e-06,0.00040632882155478,0.00023705569037701935,1.8310769519302994e-05,0.00023549929028376937,1.1033284863515291e-06,1.532620075295199e-08,1.1610968613240402e-06,2.13776329474058e-05,0.023220974951982498,0.019871007651090622,0.0,0.01645672880113125,5.84959570915089e-06,0.37276655435562134,1.0492902102754442e-09,,,,,,
487,0.01409860234707594,1.7051196251710375e-05,203.6520239500096,0.1550363004207611,0.0009762331028468907,0.00042000922258011997,1.3334746427062782e-06,1.4758893485122826e-06,0.00047612772323191166,0.00023029305157251656,1.8274040485266596e-05,0.0002298694453202188,1.1209958756808192e-06,1.3502896578643231e-08,1.1781257853726856e-06,2.1396986994659528e-05,0.01126614399254322,0.00907992199063301,0.0,0.017371200025081635,3.121551708318293e-05,0.37278518080711365,6.457170353968422e-09,,,,,,
488,0.014851401560008526,1.70088174660446e-05,204.07652528205654,0.323097288608551,0.0009396080276928842,0.00041059881914407015,1.3770140867563896e-06,1.50360233419633e-06,0.0003784912114497274,0.00022642801923211664,1.825467734306585e-05,0.00022721001005265862,1.1502630741233588e-06,1.177632835691611e-08,1.2071861874574097e-06,2.144551217497792e-05,0.027754975482821465,0.014812616631388664,0.0,0.012192756868898869,2.06633958441671e-05,0.37280499935150146,1.3646980434600664e-08,,,,,,
489,0.015427667647600174,1.6966433658555863e-05,204.4974906120333,0.32704150676727295,0.001049576560035348,0.0004857717431150377,1.2313516890571918e-06,1.3639325970871141e-06,0.0003984184586443007,0.0002258991589769721,1.8279104551766068e-05,0.0002270998083986342,1.1756408184737666e-06,1.1166276792096141e-08,1.231931946676923e-06,2.149015199393034e-05,0.022013835608959198,0.01639636978507042,0.0,0.0037932139821350574,1.1797570550697856e-05,0.3728247880935669,8.816520846721687e-10,,,,,,
490,0.013889078982174397,1.6924045247555214e-05,204.92499365704134,0.2834598422050476,0.0009338068775832653,0.000418702547904104,1.3788644537271466e-06,1.3342709053176804e-06,0.0005186737980693579,0.00022593502944801003,1.832063753681723e-05,0.00022693502251058817,1.1837832971650641e-06,1.1038703284782514e-08,1.239667881236528e-06,2.1492662199307233e-05,0.007149040699005127,0.014005377888679504,0.0,0.007760053500533104,3.2067589927464724e-05,0.3728422522544861,1.0803342664900129e-09,,,,,,
491,0.014727606438100338,1.688165265139917e-05,205.35118084901478,0.27211180329322815,0.0009071739041246474,0.00039546977495774627,1.1562938198039774e-06,1.3219226957517094e-06,0.00045918134856037796,0.00022601285309065133,1.8316766727366485e-05,0.0002268508105771616,1.1648583040368976e-06,1.1026299873151402e-08,1.2225251566633233e-06,2.1408861357485875e-05,0.02864735759794712,0.01379069872200489,0.0,0.01339965034276247,3.469554576440714e-05,0.37285855412483215,1.1424223789191501e-09,,,,,,
492,0.013627107255160809,1.6839256288485537e-05,205.77321082004346,0.1549314260482788,0.0008382918313145638,0.0003817849210463464,1.3798126019537449e-06,1.4645942201241269e-06,0.0004244335868861526,0.0002264584181830287,1.8279753930983134e-05,0.00022696450469084084,1.1450558758951956e-06,1.1536585020621715e-08,1.2026515605612076e-06,2.136344846803695e-05,0.01913928985595703,0.013097656890749931,0.0,0.008681561797857285,4.5418004447128624e-05,0.3728748559951782,2.1606685329800257e-09,,,,,,
493,0.016581248492002487,1.6796856577249296e-05,206.19490541605046,0.8226608037948608,0.001135406200774014,0.00045215425780043006,1.4099417739998898e-06,1.3203189155319706e-06,0.00044845810043625534,0.00022786772751715034,1.8268021449330263e-05,0.00022785486362408847,1.1462775546533521e-06,1.2585363862172017e-08,1.2061856295986217e-06,2.1347714209696278e-05,0.007426496595144272,0.030325861647725105,0.0,0.015279306098818779,4.7961861127987504e-05,0.3728911578655243,6.966292431798138e-09,,,,,,
494,0.016670018434524536,1.6754453936158488e-05,206.61504140100442,1.077297329902649,0.0009185152594000101,0.0004998738295398653,1.4975437352404697e-06,1.4726899735251209e-06,0.0005927728489041328,0.00022593264293391258,1.8313176042283885e-05,0.0002266587398480624,1.1547886060725432e-06,1.2039263808105716e-08,1.210451046063099e-06,2.1244528397801332e-05,0.013858355581760406,0.02489396557211876,0.0,0.012906458228826523,3.5805944207822904e-05,0.37290748953819275,1.2541810257005181e-08,,,,,,
495,0.01385420560836792,1.6712048783710055e-05,207.03979305300163,0.37192249298095703,0.0008438608492724597,0.0004981857491657138,1.1281696288278908e-06,1.3530680007534102e-06,0.00034563709050416946,0.00022611962049268186,1.83099000423681e-05,0.00022672860359307379,1.1446454664110206e-06,1.2675908322989926e-08,1.205140051752096e-06,2.1337364159990102e-05,0.006737149320542812,0.006217861082404852,0.0,0.015238184481859207,4.724005702883005e-05,0.37292495369911194,2.7691324788747806e-09,,,,,,
496,0.013512281700968742,1.6669641538425735e-05,207.4612123130355,1.0243688821792603,0.0009532612166367471,0.00043520316830836236,1.3976805348647758e-06,1.3984165434521856e-06,0.00040105119114741683,0.00022701661509927362,1.8391838239040226e-05,0.0002271997364005074,1.1927876357731293e-06,1.2383845948704675e-08,1.2543828233901877e-06,2.1391020709415898e-05,0.010218153707683086,0.008193287067115307,0.0,0.008783942088484764,1.7855787518783472e-05,0.37294241786003113,1.2094775847515393e-08,,,,,,
497,0.013776932843029499,1.6627232618847916e-05,207.8812188510201,1.2864161729812622,0.0008878870867192745,0.0004404469800647348,1.2498882142608636e-06,1.5690229702158831e-06,0.00039032672066241503,0.00022668333258479834,1.855523260019254e-05,0.0002269287797389552,1.2089842584828148e-06,1.1009934297590007e-08,1.2688501556112897e-06,2.1252864826237783e-05,0.008589344099164009,0.010668965987861156,0.0,0.011556221172213554,8.98643265827559e-05,0.3729598820209503,1.2082358225029566e-08,,,,,,
498,0.016183918341994286,1.658482244353552e-05,208.303270516044,0.4458402395248413,0.0009755653445608914,0.0004452052526175976,1.3043272701906972e-06,1.4142264035399421e-06,0.0003940972965210676,0.00022686172451358289,1.8583054043119773e-05,0.00022697712120134383,1.1497495506773703e-06,1.1152738288444652e-08,1.2067612260580063e-06,2.136228977178689e-05,0.00423648115247488,0.031286388635635376,0.0,0.01945612020790577,3.118186577921733e-05,0.3729773759841919,3.2410027994700386e-09,,,,,,
499,0.013899057172238827,1.6542411431059844e-05,208.72417954704724,0.7379385232925415,0.0011723411735147238,0.0004110364243388176,1.306842932535801e-06,1.3218508456702693e-06,0.0003315886133350432,0.0002255063154734671,1.8615264707477763e-05,0.00022648854064755142,1.1806172324213549e-06,1.1225292695371536e-08,1.2365399015834555e-06,2.1423400539788418e-05,0.006834753789007664,0.015228737145662308,0.0,0.005864215083420277,3.823258157353848e-05,0.3729960024356842,7.363658127701456e-09,,,,,,
500,0.014401858672499657,1.650000000000047e-05,209.147844430001,0.4341970682144165,0.0008914932841435075,0.0004165077698417008,1.275875433748297e-06,1.4349274124469957e-06,0.0003964108182117343,0.00022562990488950163,1.872029861260671e-05,0.00022672330669593066,1.1457236723799724e-06,1.1170558700257516e-08,1.2028224318783032e-06,2.1315277990652248e-05,0.009849661961197853,0.02187114767730236,0.0,0.007502490188926458,2.4716797270230018e-05,0.3730134665966034,2.626329820287765e-09,0.8021580269854387,6.217966307112304,0.7006416168700184,0.5726716605392099,0.0009224045047437542,0.001838094470977698
501,0.013949389569461346,1.6457588568941094e-05,209.60537824203493,0.5395969748497009,0.0009704928379505873,0.0004080753424204886,1.4444615317188436e-06,1.3434240599963232e-06,0.00041067181155085564,0.00022569815337192267,1.8732185708358884e-05,0.00022693633218295872,1.1290316024314961e-06,1.1647705910888817e-08,1.1851642511828686e-06,2.1298385036061518e-05,0.009202505461871624,0.012118019163608551,0.0,0.016575243324041367,2.845556809916161e-05,0.37302979826927185,1.454104925358024e-08,,,,,,
502,0.014458210207521915,1.641517755646542e-05,210.03447032702388,0.9205855131149292,0.0009272433235310018,0.0003692245518323034,1.1476038253022125e-06,1.3398274631981621e-06,0.0002383029059274122,0.0002257657761219889,1.8723705579759553e-05,0.00022678289678879082,1.174605358755798e-06,1.3009069377289961e-08,1.2359998891042778e-06,2.140006654371973e-05,0.007062404416501522,0.02980131469666958,0.0,0.011609310284256935,3.3882872230606154e-05,0.37304726243019104,4.234413264470049e-09,,,,,,
503,0.014604410156607628,1.637276738115302e-05,210.4618941290537,0.21250179409980774,0.0009996684966608882,0.00037343506119214,1.1768017884605797e-06,1.4642226915384526e-06,0.00040462551987729967,0.00022630352759733796,1.8781514881993644e-05,0.00022691434423904866,1.1039022638215101e-06,1.2824122208598965e-08,1.160107444775349e-06,2.130700886482373e-05,0.006808712612837553,0.025993697345256805,0.0,0.011272873729467392,7.711541547905654e-05,0.37306472659111023,1.4280281401823913e-09,,,,,,
504,0.013201463036239147,1.63303584615752e-05,210.88526221201755,0.6811265349388123,0.000921160273719579,0.0003920049057342112,1.4626509710069513e-06,1.5458299458259717e-06,0.00027926565962843597,0.00022746638569515198,1.8789292880683206e-05,0.00022752945369575173,1.118265117838746e-06,1.250603354208124e-08,1.1726629054464865e-06,2.1272924641380087e-05,0.019544633105397224,0.006443346850574017,0.0,0.013601485639810562,9.297124961449299e-06,0.3730833828449249,7.332613627397677e-09,,,,,,
505,0.011435027234256268,1.6287951216290883e-05,211.31070471199928,0.7640700340270996,0.0007749259239062667,0.0003439883585087955,1.6007805925255525e-06,1.2826866395698744e-06,0.0002465465513523668,0.00022833731782156974,1.8704660760704428e-05,0.0002281111665070057,1.130873897636775e-06,1.2636430568591095e-08,1.1894817362190224e-06,2.1388983441283926e-05,0.010330555960536003,0.007295913994312286,0.0,0.0037156157195568085,3.420412031118758e-05,0.3731008470058441,3.141661597538814e-09,,,,,,
506,0.015300655737519264,1.6245546063842447e-05,211.73257371102227,0.16167791187763214,0.000912984018214047,0.0005095265805721283,1.1138940863020252e-06,1.4299010899776476e-06,0.0004673232324421406,0.00022649040329270065,1.8633369109011255e-05,0.00022706505842506886,1.126063125411747e-06,1.156796258783288e-08,1.1820059171441244e-06,2.1366904547903687e-05,0.032080698758363724,0.005656948778778315,0.0,0.009332044050097466,6.306247814791277e-05,0.3731171488761902,7.084261177681128e-09,,,,,,
507,0.015546617098152637,1.620314342275164e-05,212.15520971704973,0.8315913081169128,0.000846969778649509,0.000434251589467749,1.3288456557347672e-06,1.4324649555419455e-06,0.0003185431123711169,0.00022566074039787054,1.8574217392597347e-05,0.00022732919023837894,1.1471881862235023e-06,1.107416736090272e-08,1.2040839010296622e-06,2.133656744263135e-05,0.03296094760298729,0.018199607729911804,0.0,0.01529622357338667,1.3108322491461877e-05,0.3731323182582855,8.549541519187187e-09,,,,,,
508,0.014097870327532291,1.61607437115154e-05,212.57630786701338,1.0486310720443726,0.0011933878995478153,0.0004115672199986875,1.4304831665867823e-06,1.2367693216219777e-06,0.00030752349994145334,0.00022552140580955893,1.8478784113540314e-05,0.00022727125906385481,1.1924848877242766e-06,1.1439578173622067e-08,1.2478712960728444e-06,2.1474672394106165e-05,0.012913761660456657,0.009488992393016815,0.0,0.014700491912662983,4.432089554029517e-05,0.3731486201286316,8.381903504606214e-10,,,,,,
509,0.014059358276426792,1.611834734860177e-05,212.99938077304978,0.14760296046733856,0.0011455750791355968,0.0003956387226935476,1.2297584817133611e-06,1.3358624073589453e-06,0.0003792077477555722,0.00022564292885363102,1.8485177861293778e-05,0.00022691804042551666,1.1203781014046399e-06,1.1362551788351993e-08,1.1764894907173584e-06,2.1327006834326312e-05,0.02813691273331642,0.008333103731274605,0.0,0.004443285521119833,7.365320925600827e-05,0.3731660842895508,4.3461723109317063e-10,,,,,,
510,0.013921466656029224,1.6075954752445724e-05,213.42082562600262,0.9872121810913086,0.0010273102670907974,0.0004202911804895848,1.589586645422969e-06,1.4056831787456758e-06,0.0005875130882486701,0.00022630131570622325,1.8464545064489357e-05,0.00022702520072925836,1.130111854763527e-06,1.1567026447778517e-08,1.1858663810926373e-06,2.1230862330412492e-05,0.009207509458065033,0.008982297033071518,0.0,0.009285246953368187,4.311934389988892e-05,0.37318241596221924,1.0586033383219728e-08,,,,,,
511,0.01544494554400444,1.6033566341445082e-05,213.83912515104748,1.1085339784622192,0.0008765463717281818,0.00046985919470898807,1.3099692068863078e-06,1.2573278809213662e-06,0.000610302435234189,0.000228739736485295,1.842023993958719e-05,0.00022857422300148755,1.1682717513394891e-06,1.2855606357220495e-08,1.2304542451602174e-06,2.1365010979934596e-05,0.02466154843568802,0.014703535474836826,0.0,0.006334166973829269,4.977307980880141e-05,0.3731975555419922,9.99619609309832e-10,,,,,,
512,0.01377987302839756,1.5991182533956337e-05,214.26116338500287,0.22360503673553467,0.0009447317570447922,0.00043858657591044903,1.3322915037861094e-06,1.4021654806128936e-06,0.00032854219898581505,0.00022885637008585036,1.8517874195822515e-05,0.00022861050092615187,1.096944288292434e-06,1.2020957562697276e-08,1.1542155107235885e-06,2.1257486878312193e-05,0.025557812303304672,0.005062285345047712,0.0,0.008609875105321407,1.2348798918537796e-05,0.373211532831192,1.75088654685851e-09,,,,,,
513,0.01597672328352928,1.594880374829057e-05,214.68196123704547,1.0049493312835693,0.0009396286914125085,0.0005509982584044337,1.3399264844338177e-06,1.5469713616766967e-06,0.0004066724213771522,0.00022840638121124357,1.8531678506406024e-05,0.00022819323930889368,1.1380839168850798e-06,1.1296818591688407e-08,1.1950666021220968e-06,2.119530108757317e-05,0.01073865033686161,0.014476966112852097,0.0,0.017790263518691063,3.8139936805237085e-05,0.37322667241096497,1.0244549653037893e-09,,,,,,
514,0.014360846020281315,1.590643040270928e-05,215.1045816700207,0.939650297164917,0.0009757154039107263,0.000503767398186028,1.1737039358195034e-06,1.2811468650397728e-06,0.00031374936224892735,0.00022805630578659475,1.850261469371617e-05,0.0002277756721014157,1.1540022342160228e-06,1.15652403209765e-08,1.2129628430557204e-06,2.134419628418982e-05,0.007520262151956558,0.011357699520885944,0.0,0.009715191088616848,1.0058625775855035e-05,0.3732430040836334,1.2976428820365982e-09,,,,,,
515,0.015893034636974335,1.5864062915420275e-05,215.52684835501714,0.22917379438877106,0.000929666799493134,0.00046384602319449186,1.4182378436089493e-06,1.3638617701872136e-06,0.00037280371179804206,0.0002268187381559983,1.854187939898111e-05,0.00022683000133838505,1.1136557986901607e-06,1.101931346170204e-08,1.170801283478795e-06,2.1264850147417746e-05,0.026010066270828247,0.01759597286581993,0.0,0.015886027365922928,0.0001191417541122064,0.3732593059539795,1.4236817946766678e-08,,,,,,
516,0.013864601030945778,1.5821701704573567e-05,215.94570615602424,1.004698395729065,0.0010752141242846847,0.000405298633268103,1.229230520038982e-06,1.4523748177452944e-06,0.0003136855666525662,0.00022575631737709045,1.8615968656376936e-05,0.00022660073591396213,1.1457681239335216e-06,1.0546528983468306e-08,1.2046482424921123e-06,2.1193784050410613e-05,0.007725316099822521,0.016561031341552734,0.0,0.007679711561650038,6.915371341165155e-05,0.37327563762664795,4.1226542180083925e-09,,,,,,
517,0.014078616164624691,1.5779347188257187e-05,216.36684171005618,0.5849571824073792,0.0010398728772997856,0.00046653347089886665,1.611577999938163e-06,1.3909170775150415e-06,0.00029493781039491296,0.0002260113978991285,1.86020988621749e-05,0.00022642088879365474,1.1376678230590187e-06,1.1087019302635781e-08,1.1947967095693457e-06,2.128196501871571e-05,0.00730862095952034,0.009323103353381157,0.0,0.01408285554498434,2.0358103938633576e-05,0.373291939496994,4.675239750895344e-09,,,,,,
518,0.012366638518869877,1.5736999784493123e-05,216.78966772003332,0.9317361116409302,0.0009515663259662688,0.0003362744755577296,1.235009108313534e-06,1.375772058054281e-06,0.00044481270015239716,0.00022748361516278237,1.8626498786034063e-05,0.00022685577278025448,1.1480341299829888e-06,1.1604354810401674e-08,1.2070192951796344e-06,2.1279978682287037e-05,0.007687068544328213,0.012188030406832695,0.0,0.0036160023882985115,1.6018733731471002e-05,0.3733082413673401,1.2728076370649433e-09,,,,,,
519,0.014835081063210964,1.5694659911233147e-05,217.21324961900245,1.3930087089538574,0.00104469561483711,0.0004036893951706588,1.5753930711071007e-06,1.5951152363413712e-06,0.00044414098374545574,0.00022963590163271874,1.8753396943793632e-05,0.00022818076831754297,1.1521736951181083e-06,1.1190790516479865e-08,1.2076102393621113e-06,2.1116173229529522e-05,0.007123992778360844,0.020141510292887688,0.0,0.015936195850372314,4.877032552030869e-05,0.3733222484588623,7.500251086867138e-09,,,,,,
520,0.01385493017733097,1.5652327986354722e-05,217.63699547800934,0.68232262134552,0.0009129833779297769,0.00043993242434225976,1.454961648050812e-06,1.3633859907713486e-06,0.00044927766430191696,0.00023368267284240574,1.8736653146333992e-05,0.00023130493354983628,1.0937113756881445e-06,1.2084710121484932e-08,1.1516999620653223e-06,2.1222102077445015e-05,0.015479307621717453,0.00441227201372385,0.0,0.016558604314923286,4.6182489313650876e-05,0.37333738803863525,1.6018748549839756e-09,,,,,,
521,0.012378545477986336,1.5610004427656844e-05,218.0631494250265,0.7656118869781494,0.0009623211226426065,0.00040108850225806236,1.3998563872519298e-06,1.2670345768128755e-06,0.00026421755319461226,0.00023161557328421623,1.871910171757918e-05,0.00022962984803598374,1.11844803996064e-06,1.1817355982657318e-08,1.1761613905036938e-06,2.1269595890771598e-05,0.008310754783451557,0.007053369656205177,0.0,0.004254005383700132,2.805444091791287e-05,0.3733537197113037,2.04270089732006e-09,,,,,,
522,0.013804593123495579,1.556768965285597e-05,218.49823852302507,0.9218480587005615,0.0008968644542619586,0.0003906931960955262,1.490752651989169e-06,1.5177363366092322e-06,0.00038802868220955133,0.00022715296654496342,1.873543078545481e-05,0.00022643407282885164,1.1314830317132873e-06,1.0859994681311491e-08,1.187489033327438e-06,2.1185500372666866e-05,0.02214350365102291,0.008820505812764168,0.0,0.01530742458999157,2.0519830286502838e-05,0.37336885929107666,1.6391278334637605e-09,,,,,,
523,0.014190657995641232,1.552538407958183e-05,218.95122140803142,0.1557927280664444,0.0009751311154104769,0.0004321153392083943,1.4112865756032988e-06,1.327123186456447e-06,0.0003229827561881393,0.00022580998484045267,1.86667875823332e-05,0.00022602101671509445,1.1174759038112825e-06,1.0995903743094004e-08,1.1713964340742677e-06,2.1286799892550334e-05,0.011189303360879421,0.015661001205444336,0.0,0.010290876030921936,2.398965079919435e-05,0.37338516116142273,4.849086465696928e-09,,,,,,
524,0.01357491035014391,1.5483088125373353e-05,219.41588666505413,0.7922131419181824,0.0009002155857160687,0.00038272826350294054,1.253720711247297e-06,1.2374239304335788e-06,0.00042600324377417564,0.00022560545767191797,1.861773125710897e-05,0.00022660341346636415,1.1570713240871555e-06,1.122341330983545e-08,1.210435584653169e-06,2.134545320586767e-05,0.018192730844020844,0.008694346994161606,0.0,0.015856830403208733,2.6160771085415035e-05,0.37340033054351807,2.7442972339031257e-09,,,,,,
525,0.01497107557952404,1.5440802207674537e-05,219.83720651303884,0.5489813685417175,0.0009108083322644234,0.00041544175473973155,1.3601409136754228e-06,1.3770594478046405e-06,0.00047038355842232704,0.00022530493151862174,1.860458723967895e-05,0.0002261732006445527,1.1040826848329743e-06,1.133374194495218e-08,1.1578235898923595e-06,2.123207741533406e-05,0.03778083994984627,0.008499200455844402,0.0,0.014677171595394611,1.624022115720436e-05,0.37341663241386414,2.1668773442229394e-09,0.7979925618356845,6.221924704526814,0.6952050924487313,0.5461638530817218,0.0007950907679375632,0.0017302700488361874
526,0.015136743895709515,1.5398526743830314e-05,220.2979516450432,0.17654773592948914,0.0009529619128443301,0.0005416998756118119,1.3851675930709462e-06,1.3145381672075018e-06,0.0004903437802568078,0.0002261348708998412,1.8597331290948205e-05,0.00022603102843277156,1.0880100944632431e-06,1.2010235472814657e-08,1.1418708254495868e-06,2.1208106772974133e-05,0.017361074686050415,0.007310880348086357,0.0,0.00791872013360262,2.5279397959820926e-05,0.3734329640865326,5.463759444879202e-10,,,,,,
527,0.012937813065946102,1.5356262151082448e-05,220.72669583000243,0.409962922334671,0.00097896798979491,0.0004139308293815702,1.0679877959773876e-06,1.3237338407634525e-06,0.000451069965492934,0.00022938917391002178,1.856917151599191e-05,0.00022835095296613872,1.0864093837881228e-06,1.282597139606878e-08,1.1425506727391621e-06,2.122054502251558e-05,0.006652032490819693,0.00621797377243638,0.0,0.008688289672136307,2.7498135750647634e-05,0.37344810366630554,1.5522043650406658e-09,,,,,,
528,0.014121456071734428,1.5314008846565403e-05,221.1477120250347,0.3310202956199646,0.0008420564699918032,0.00041776191210374236,1.2119644452468492e-06,1.325095126958331e-06,0.0003677980275824666,0.00023177493130788207,1.8568789528217167e-05,0.00023031726595945656,1.073782982530247e-06,1.2516080616364889e-08,1.127803216149914e-06,2.1173691493459046e-05,0.013984350487589836,0.02113443985581398,0.0,0.0026364822406321764,3.441407170612365e-05,0.37346211075782776,6.674478747470403e-09,,,,,,
529,0.014206431806087494,1.527176724730224e-05,221.56650318205357,0.41584107279777527,0.0007951073930598795,0.0004585210117511451,1.3413427950581536e-06,1.386730104968592e-06,0.000417485338402912,0.0002309296396560967,1.8576207367004827e-05,0.0002296886668773368,1.0828900940396124e-06,1.173776809082483e-08,1.137085746449884e-06,2.1163421479286626e-05,0.027007076889276505,0.00849238596856594,0.0,0.0065937587060034275,1.8824579456122592e-05,0.37347376346588135,6.724149237413712e-09,,,,,,
530,0.014661449007689953,1.522953777020049e-05,221.98371207801392,0.2546466588973999,0.001058097928762436,0.000479372451081872,1.518608769401908e-06,1.3288924947119085e-06,0.0004667526518460363,0.00022758998966310173,1.8601544070406817e-05,0.000227188051212579,1.1028309927496593e-06,1.1147220035923056e-08,1.1580699492697022e-06,2.1224132069619372e-05,0.01969350315630436,0.007308443076908588,0.0,0.007400243077427149,1.9166938727721572e-05,0.3734842538833618,1.9247334837046992e-09,,,,,,
531,0.013280685059726238,1.5187320832048042e-05,222.40446671302198,0.38041821122169495,0.0008725596708245575,0.00036551710218191147,1.3872349882149138e-06,1.2648660003833356e-06,0.00034564401721581817,0.0002253255370305851,1.8621120034367777e-05,0.00022576535411644727,1.116600515160826e-06,1.0615664791657764e-08,1.171215444628615e-06,2.1240781279630028e-05,0.01705382950603962,0.008318718522787094,0.0,0.02042500674724579,2.4901799406507052e-05,0.3734947443008423,1.4367202538778656e-08,,,,,,
532,0.012922635301947594,1.514511684950903e-05,222.82441420602845,0.6236003637313843,0.0009717017528600991,0.00036144256591796875,1.5843929759284947e-06,1.3290502920426661e-06,0.0003980605397373438,0.000224395320401527,1.8584265490062535e-05,0.00022591014567296952,1.1235089232286555e-06,1.0379007875371826e-08,1.1809346460722736e-06,2.1165627913433127e-05,0.010930350050330162,0.010000094771385193,0.0,0.010154136456549168,3.551248664734885e-05,0.373507559299469,4.71870098550653e-09,,,,,,
533,0.013017687946557999,1.5102926239119725e-05,223.24997515103314,0.3294661045074463,0.0009190555429086089,0.00035049227881245315,1.1392780834285077e-06,1.2532750588434283e-06,0.0003923289477825165,0.00022462847118731588,1.850368789746426e-05,0.00022689855541102588,1.1085805908805924e-06,1.0571350905763666e-08,1.163341835308529e-06,2.1214011212578043e-05,0.013393960893154144,0.013528628274798393,0.0,0.009143738076090813,2.5360885047120973e-05,0.3735203742980957,1.1896093887742154e-08,,,,,,
534,0.014350187964737415,1.5060749417284417e-05,223.677431359014,0.5756455063819885,0.0010250905761495233,0.00042533219675533473,1.606218006600102e-06,1.4015831766300835e-06,0.0005795797915197909,0.00022522702056448907,1.8379958419245668e-05,0.0002279337786603719,1.090937416847737e-06,1.1058880033942842e-08,1.1462325346656144e-06,2.1179866962484084e-05,0.006778773386031389,0.014466376975178719,0.0,0.008988691493868828,3.7386169424280524e-05,0.3735332190990448,2.110998043036716e-09,,,,,,
535,0.014420241117477417,1.5018586800271313e-05,224.13856222905451,0.2574569880962372,0.0009070884552784264,0.00036415131762623787,1.541535652904713e-06,1.3010264865442878e-06,0.00038373470306396484,0.00022458384046331048,1.8294102119398303e-05,0.00022649076709058136,1.0675397561499267e-06,1.1868895199995677e-08,1.1233790928599774e-06,2.115503593813628e-05,0.02555207908153534,0.019408343359827995,0.0,0.008877611719071865,6.855979154352099e-05,0.3735460340976715,2.4586916946844894e-09,,,,,,
536,0.013354174792766571,1.497643880420842e-05,224.56679775804514,0.4533199369907379,0.0008887117728590965,0.0004293599631637335,1.3597662018582923e-06,1.390288389302441e-06,0.000360826903488487,0.00022594405163545161,1.82276162377093e-05,0.00022681737027596682,1.0534766943237628e-06,1.2301138774262199e-08,1.1068963203797466e-06,2.1110783563926816e-05,0.009269531816244125,0.007067971862852573,0.0,0.015380768105387688,4.875440936302766e-05,0.3735576868057251,1.9681951624050953e-09,,,,,,
537,0.013938494957983494,1.4934305845079443e-05,224.99384109704988,0.3197014629840851,0.0008956600213423371,0.00043126405216753483,1.422370019099617e-06,1.4303702755569248e-06,0.00036831010947935283,0.00022962596267461777,1.8182754502049647e-05,0.00022952529252506793,1.0544969200054766e-06,1.2696889761798502e-08,1.1105207704531495e-06,2.1166406440897845e-05,0.0167671050876379,0.012043172493577003,0.0,0.00888010859489441,5.642243195325136e-06,0.3735705018043518,1.1970600510835538e-08,,,,,,
538,0.013572162948548794,1.489218833871968e-05,225.41672978404677,0.5805438160896301,0.0007779086590744555,0.00041367922676727176,1.154613528342452e-06,1.423635126229783e-06,0.00035742780892178416,0.00023198072449304163,1.8168506358051673e-05,0.00023142711143009365,1.0649036994436756e-06,1.1925678222723946e-08,1.1199703067177325e-06,2.1200074115768075e-05,0.019291291013360023,0.012389343231916428,0.0,0.007951032370328903,2.8109810955356807e-05,0.3735833466053009,1.2976428820365982e-09,,,,,,
539,0.012713457457721233,1.485008670081191e-05,225.8383133680327,0.6035425066947937,0.0009846489410847425,0.00034676206996664405,1.4195402400218882e-06,1.4308809568319703e-06,0.0003353736537974328,0.00022888282546773553,1.8157354134018533e-05,0.00022890299442224205,1.0852494369828491e-06,1.0865814026317366e-08,1.1391466614441015e-06,2.1186044250498526e-05,0.015044557861983776,0.009965045377612114,0.0,0.007873078808188438,2.869955096684862e-05,0.3735949993133545,8.183221211766067e-09,,,,,,
540,0.013782817870378494,1.480800134688231e-05,226.2601016970002,0.5745192766189575,0.0009101046598516405,0.0005160127766430378,1.32611410208483e-06,1.3342312286113156e-06,0.00029995251679793,0.00022863659251015633,1.813306698750239e-05,0.00022868564701639116,1.1007925877493108e-06,1.0758411050915129e-08,1.153550101662404e-06,2.1283563910401426e-05,0.004173115361481905,0.007890012115240097,0.0,0.00810523796826601,3.7037054426036775e-05,0.3736066520214081,8.443992172146864e-10,,,,,,
541,0.012948435731232166,1.4765932692296328e-05,226.68132519401843,0.31272387504577637,0.0009067899663932621,0.0003698818327393383,1.39433666390687e-06,1.3533243645724724e-06,0.0002980029094032943,0.00022698492102790624,1.8194336007582024e-05,0.00022744892339687794,1.0925377864623442e-06,1.0528545146826218e-08,1.1456444326540804e-06,2.1231069695204496e-05,0.014515609480440617,0.013159511610865593,0.0,0.005108906887471676,7.215562800411135e-05,0.37361830472946167,4.383425178389189e-09,,,,,,
542,0.01428455114364624,1.47238811522546e-05,227.10219595005037,1.2606415748596191,0.0007743202731944621,0.0004102785314898938,1.4300783277576556e-06,1.3741467910222127e-06,0.0004468282568268478,0.00022576046467293054,1.827288360800594e-05,0.0002269240649184212,1.144078510151303e-06,1.0397030791864381e-08,1.201228997160797e-06,2.1114901755936444e-05,0.021395022049546242,0.01713600382208824,0.0,0.00755276856943965,1.7462320101913065e-05,0.37362879514694214,6.10326722494392e-09,,,,,,
543,0.013813357800245285,1.4681847141788852e-05,227.52161381405313,0.9243785738945007,0.0009805881418287754,0.00040524936048313975,1.385659743391443e-06,1.3224947679191246e-06,0.00033232857822440565,0.0002258819149574265,1.8254500901093706e-05,0.0002269183605676517,1.131591830016987e-06,1.1128778787394822e-08,1.1853144314954989e-06,2.1252968508633785e-05,0.008133613504469395,0.01845797523856163,0.0,0.006096232682466507,2.4585109713370912e-05,0.3736392855644226,4.7683719195390495e-09,,,,,,
544,0.014082405716180801,1.4639831075757798e-05,227.94564054103103,0.6379227042198181,0.0010826824000105262,0.00046114897122606635,1.2426480680005625e-06,1.329352926404681e-06,0.00028127009863965213,0.00022696959786117077,1.8279861251357943e-05,0.0002273627178510651,1.0922925639533787e-06,1.189311316096564e-08,1.1481223509690608e-06,2.11770020541735e-05,0.011231723241508007,0.011941449716687202,0.0,0.006551560014486313,2.8409431251930073e-05,0.37364861369132996,9.934107980669182e-10,,,,,,
545,0.0147156473249197,1.4597833368843044e-05,228.36606353201205,1.283956527709961,0.0009087062790058553,0.0004416664014570415,1.5148780221352354e-06,1.5023006199044175e-06,0.0003814324445556849,0.000227767726755701,1.8358497982262634e-05,0.0002277854218846187,1.09879022147652e-06,1.1599260218986274e-08,1.1492223848108551e-06,2.1006449969718233e-05,0.01163712702691555,0.018909892067313194,0.0,0.011965260840952396,1.3426294572127517e-05,0.3736567795276642,6.717939982081589e-09,,,,,,
546,0.013416632078588009,1.4555854435545004e-05,228.78831466200063,0.4247170388698578,0.0010111532174050808,0.0004374263808131218,1.3263186247058911e-06,1.335005777036713e-06,0.00036443769931793213,0.0002295158337801695,1.8374226783635095e-05,0.00022900559997651726,1.059331566466426e-06,1.237971325451781e-08,1.1154629646625835e-06,2.1105468476889655e-05,0.01216585747897625,0.008893423713743687,0.0,0.003945587202906609,8.98557664186228e-06,0.37366610765457153,5.0167243692555985e-09,,,,,,
547,0.013324444182217121,1.4513894690178804e-05,229.20946240902413,1.0421258211135864,0.0009965433273464441,0.00039561180165037513,1.2723334066322423e-06,1.274433429898636e-06,0.00040285312570631504,0.00022968136181589216,1.839873038989026e-05,0.0002291162236360833,1.0905611134148785e-06,1.2061367016258373e-08,1.1481870387797244e-06,2.11480182770174e-05,0.012089659459888935,0.008119266480207443,0.0,0.012626823037862778,2.0004647012683563e-05,0.37367427349090576,1.0511527648304764e-08,,,,,,
548,0.013771537691354752,1.4471954546870184e-05,229.62905920902267,1.1791337728500366,0.0008934320649132133,0.0003896250855177641,1.3426949863060145e-06,1.4886117014611955e-06,0.0003381025162525475,0.000226256757741794,1.847339626692701e-05,0.00022669884492643178,1.1131228347949218e-06,1.0514713544296228e-08,1.1677910833896021e-06,2.1029894924140535e-05,0.036548830568790436,0.006260126829147339,0.0,0.008539386093616486,3.0469065677607432e-05,0.3736836016178131,7.289151504608071e-09,,,,,,
549,0.012794858776032925,1.4430034419551437e-05,230.05302552500507,0.4504569470882416,0.0009066004422493279,0.0004181955009698868,1.3223257155914325e-06,1.3302001207193825e-06,0.00023531480110250413,0.00022549998539034277,1.8479004211258143e-05,0.00022645895660389215,1.076292846846627e-06,1.0489348056808012e-08,1.1299291600153083e-06,2.113206937792711e-05,0.005600525997579098,0.013028851710259914,0.0,0.0039948029443621635,8.974736374511849e-06,0.37369292974472046,2.1917125891945943e-09,,,,,,
550,0.015809359028935432,1.4388134721957286e-05,230.47563029202865,1.2709596157073975,0.0011590811191126704,0.00042687923996709287,1.3766706388196326e-06,1.2914395028928993e-06,0.00040748793981038034,0.00022601737873628736,1.848587635322474e-05,0.00022657705994788557,1.1727730679922388e-06,1.0762249758045073e-08,1.2267796591913793e-06,2.1248255507089198e-05,0.01298538874834776,0.02374999225139618,0.0,0.014489264227449894,5.668809171766043e-05,0.3737010955810547,6.804863783571591e-09,0.7944019809571271,6.193929050255919,0.696717177463293,0.5630070660513318,0.0007682392213553794,0.0017282971638004694
551,0.014122465625405312,1.4346255867620836e-05,230.9393139440217,0.7965826988220215,0.0009479931904934347,0.0004800548776984215,1.5821879060240462e-06,1.4153378060655086e-06,0.0002892383490689099,0.0002264009672217071,1.8545119019108824e-05,0.00022677399101667106,1.0774876955110813e-06,1.0334886724194803e-08,1.1323957096465165e-06,2.1068743080832064e-05,0.015517988242208958,0.005244038067758083,0.0,0.015920963138341904,4.777413050760515e-05,0.37371158599853516,1.322478127008253e-08,,,,,,
552,0.015217562206089497,1.430439826986947e-05,231.35894212301355,0.4412190914154053,0.0009657116606831551,0.0004430839035194367,1.2143375442974502e-06,1.4216584531823173e-06,0.00048010662430897355,0.000227230935706757,1.8554064808995463e-05,0.00022736797109246254,1.065503056452144e-06,1.0509884518228318e-08,1.1198096672160318e-06,2.1082389139337465e-05,0.01200819294899702,0.016143418848514557,0.0,0.02144043520092964,3.330259642098099e-05,0.37372323870658875,2.6077033865590238e-09,,,,,,
553,0.014277373440563679,1.4262562341820784e-05,231.77921439905185,0.8526256680488586,0.0009360905387438834,0.00044328952208161354,1.1538202215888305e-06,1.2081268323527183e-06,0.0004298384301364422,0.0002284608781337738,1.8544427803135477e-05,0.00022838595032226294,1.0800604286487214e-06,1.1135409039297883e-08,1.1349698070262093e-06,2.1170919353608042e-05,0.01695559360086918,0.012049943208694458,0.0,0.009356195107102394,2.7737678465200588e-05,0.37373724579811096,4.904966433016966e-10,,,,,,
554,0.013411100022494793,1.4220748496378489e-05,232.1978362290538,0.27651357650756836,0.0008841216913424432,0.0003968440869357437,1.280308424611576e-06,1.3491469417203916e-06,0.00026910798624157906,0.00022695024381391704,1.860628617578186e-05,0.000227334356168285,1.0465735158504685e-06,1.0920696347227477e-08,1.1003570534739993e-06,2.1082354578538798e-05,0.025676079094409943,0.008702468127012253,0.0,0.009490571916103363,2.592532109702006e-05,0.3737512230873108,1.1610490346924962e-09,,,,,,
555,0.013955886475741863,1.4178957146228365e-05,232.62057708203793,0.6453723311424255,0.0008537353714928031,0.0004145917482674122,1.2593056908372091e-06,1.3686587863048771e-06,0.00048308560508303344,0.000224957155296579,1.8648959667189047e-05,0.00022622196411248296,1.0590649708319688e-06,1.0760254909314426e-08,1.1128236110380385e-06,2.1045460016466677e-05,0.012840511277318,0.014048019424080849,0.0,0.01110684685409069,2.2078795154811814e-05,0.3737640678882599,1.4404455406236139e-09,,,,,,
556,0.01359409186989069,1.4137188703834168e-05,233.04174784600036,0.49152958393096924,0.000985161168500781,0.00037010593223385513,1.4553241953763063e-06,1.2140340004407335e-06,0.0002903218555729836,0.0002240605535916984,1.8646091120899655e-05,0.0002263702335767448,1.0664450655895052e-06,1.1097781360547287e-08,1.1210377124371007e-06,2.1124480554135516e-05,0.014868457801640034,0.012457226403057575,0.0,0.017695946618914604,1.9551594959921204e-05,0.3737768828868866,1.4776986301257011e-09,,,,,,
557,0.013494438491761684,1.4095443581433554e-05,233.46090485702734,0.594251811504364,0.0009062201133929193,0.0004903515218757093,1.063301056092314e-06,1.3264752851682715e-06,0.0004542527021840215,0.00022451845870818943,1.8660341083887033e-05,0.00022751869983039796,1.0611238394631073e-06,1.0979163356239496e-08,1.1150375485158293e-06,2.111458707076963e-05,0.007811764720827341,0.006599641405045986,0.0,0.003113823477178812,2.3979289835551754e-05,0.37379205226898193,1.0120373428179619e-09,,,,,,
558,0.015535101294517517,1.4053722191034038e-05,233.88252658600686,0.47714442014694214,0.0009448576020076871,0.0005239310557954013,1.1605300187511602e-06,1.3765372841589851e-06,0.00043504737550392747,0.0002242679474875331,1.8699971406022087e-05,0.0002267032250529155,1.0450097533976077e-06,1.0969982255915056e-08,1.098085704143159e-06,2.106238935084548e-05,0.01418359111994505,0.012247394770383835,0.0,0.016824662685394287,4.5527420297730714e-05,0.37380486726760864,5.8921676426848535e-09,,,,,,
559,0.012162355706095695,1.4012024944408891e-05,234.30579391604988,0.1786024272441864,0.0010143696563318372,0.0003594231093302369,1.3724933296543895e-06,1.3267410849948647e-06,0.0002498233807273209,0.00022536428878083825,1.8714395991992205e-05,0.0002265379298478365,1.0375306374044158e-06,1.1454068804539475e-08,1.0912058314715978e-06,2.107759064529091e-05,0.005333016626536846,0.009931798093020916,0.0,0.00670971255749464,2.8082027711207047e-05,0.37381887435913086,1.6080837772491918e-09,,,,,,
560,0.014231531880795956,1.3970352253093107e-05,234.72311064304085,0.39944934844970703,0.0008849174482747912,0.0004127840220462531,1.2996850955460104e-06,1.3252329154056497e-06,0.00041777832666411996,0.0002276063896715641,1.872177017503418e-05,0.0002279100735904649,1.039141579894931e-06,1.1498992869007907e-08,1.0929228437817073e-06,2.1089674191898666e-05,0.025012193247675896,0.014454476535320282,0.0,0.004485740326344967,6.03464141022414e-05,0.3738328516483307,1.3783574281944766e-09,,,,,,
561,0.014835352078080177,1.3928704528379326e-05,235.1415338240331,0.4556241035461426,0.0007856840966269374,0.000426768499892205,1.1576556744330446e-06,1.4085293287280365e-06,0.00034687487641349435,0.00022844740306027234,1.8729015209828503e-05,0.00022844747581984848,1.0434148407512112e-06,1.0982390108438267e-08,1.0958491429846617e-06,2.1046955225756392e-05,0.031774550676345825,0.011198999360203743,0.0,0.020679542794823647,3.221251245122403e-05,0.3738456964492798,1.4634183642669996e-08,,,,,,
562,0.014362985268235207,1.3887082181313776e-05,235.55854526004987,0.38993367552757263,0.000980601878836751,0.0004730752552859485,1.3218725598562742e-06,1.3620808658743044e-06,0.00033186966902576387,0.00022706419986207038,1.869424886535853e-05,0.0002275232836836949,1.0481492154212901e-06,1.0695671903704351e-08,1.100630811379233e-06,2.106058491335716e-05,0.0032582078129053116,0.013466130942106247,0.0,0.016791898757219315,1.914532549562864e-05,0.3738596737384796,1.75088654685851e-09,,,,,,
563,0.014701398089528084,1.3845485622692213e-05,235.97833877202356,0.4528796672821045,0.0009935051202774048,0.00039783603278920054,1.3239739473647205e-06,1.1771907111324253e-06,0.0003077895089518279,0.00022601759701501578,1.8640135749592446e-05,0.00022698487737216055,1.0718048315538908e-06,1.0732562394366596e-08,1.1241295396757778e-06,2.1139578166184947e-05,0.03191488981246948,0.016079671680927277,0.0,0.007678482215851545,4.892036668024957e-05,0.37387484312057495,3.656993374789863e-09,,,,,,
564,0.014966041781008244,1.380391526305589e-05,236.39295280602528,0.47349315881729126,0.0009481650777161121,0.00046308315359055996,1.2775096820405452e-06,1.315791791967058e-06,0.00044801118201576173,0.00022556196199730039,1.859629264799878e-05,0.00022698595421388745,1.0629931921357638e-06,1.0533014460634149e-08,1.1148263183713425e-06,2.1121120880707167e-05,0.01857583224773407,0.015084289014339447,0.0,0.009201453067362309,3.057970752706751e-05,0.3738888204097748,3.228584954939606e-09,,,,,,
565,0.013916950672864914,1.3762371512687465e-05,236.81473063101294,0.8120076656341553,0.0009115022257901728,0.000467531819595024,1.2523694294941379e-06,1.3328487966646207e-06,0.0005070820916444063,0.00022584697580896318,1.8586066289572045e-05,0.00022717236424796283,1.0594942523312056e-06,1.0355588386801173e-08,1.112265977099014e-06,2.10204889299348e-05,0.002267422154545784,0.007693611551076174,0.0,0.017489882186055183,3.699026274261996e-05,0.373902827501297,3.638366719016517e-09,,,,,,
566,0.013452191837131977,1.372085478160698e-05,237.2408584440127,0.3374430537223816,0.0009077575523406267,0.00043727492447942495,1.3299780903253122e-06,1.328112716691976e-06,0.00046721281250938773,0.00022712945064995438,1.8522121536079794e-05,0.00022785169130656868,1.0470096185599687e-06,1.0938275174510181e-08,1.100164809031412e-06,2.1073026800877415e-05,0.0147587601095438,0.008173966780304909,0.0,0.0038661090657114983,1.3052097528998274e-05,0.37391799688339233,4.035731471230264e-10,,,,,,
567,0.013638206757605076,1.3679365479567821e-05,237.66665538103553,0.8745552897453308,0.0009455727995373309,0.00039729499258100986,1.3440549082588404e-06,1.2680241070484044e-06,0.00031109550036489964,0.00023071866598911583,1.8489941794541664e-05,0.00023043935652822256,1.0570113317953655e-06,1.1511692932231199e-08,1.1123898957521305e-06,2.1080402802908793e-05,0.009380213916301727,0.016509128734469414,0.0,0.010352070443332195,1.679733395576477e-05,0.37393081188201904,5.339582553887112e-09,,,,,,
568,0.012512600049376488,1.363790401605264e-05,238.09299472603016,0.9526481032371521,0.0008567877230234444,0.0003720634849742055,1.3514650163415354e-06,1.428269911230018e-06,0.0004520561487879604,0.00023108544701244682,1.850970511441119e-05,0.00023062700347509235,1.0542735253693536e-06,1.0811978867764083e-08,1.1060051292588469e-06,2.095696981996298e-05,0.013463507406413555,0.005856762640178204,0.0,0.008861894719302654,2.5356483092764392e-05,0.37394365668296814,1.4466545295022115e-08,,,,,,
569,0.014486674219369888,1.3596470800269345e-05,238.51204915705603,0.37314748764038086,0.0009386111632920802,0.0004273804370313883,1.1578435987757985e-06,1.319281864198274e-06,0.000435119669418782,0.0002302895300090313,1.843449535954278e-05,0.00022997870109975338,1.0271808150719153e-06,1.0834451558139335e-08,1.0796695733006345e-06,2.100552046613302e-05,0.01658424735069275,0.0157877579331398,0.0,0.010223780758678913,3.3184078347403556e-05,0.37395647168159485,1.030663776546703e-09,,,,,,
570,0.01303999312222004,1.355506624114705e-05,238.93635152903153,1.1003636121749878,0.0008511667838320136,0.0003768690803553909,1.2591910945047857e-06,1.2077899782525492e-06,0.0004805951321031898,0.00022795816767029464,1.8423221263219602e-05,0.0002282920468132943,1.0953299351967871e-06,1.0867275079817773e-08,1.1497152172523784e-06,2.1120740711921826e-05,0.014381728135049343,0.011141919530928135,0.0,0.005880081094801426,3.5999619285576046e-05,0.37396931648254395,1.4714898188827874e-09,,,,,,
571,0.01444993820041418,1.351369074733204e-05,239.3581483690068,0.5335373282432556,0.0009358172537758946,0.00044028036063537,1.1400010180295794e-06,1.328264602307172e-06,0.0003678420325741172,0.00022569137217942625,1.8476834156899713e-05,0.0002273138234158978,1.0475482667970937e-06,1.0073622824791073e-08,1.1009612990164896e-06,2.1012148863519542e-05,0.02135556749999523,0.013709881342947483,0.0,0.008236955851316452,5.6941200455185026e-05,0.37398096919059753,2.849847247077264e-09,,,,,,
572,0.014402863569557667,1.3472344727183725e-05,239.78722066699993,1.0417566299438477,0.0009043352911248803,0.00043138768523931503,1.432403905710089e-06,1.4002976058691274e-06,0.00044450824498198926,0.00022530612477567047,1.851731212809682e-05,0.00022738704865332693,1.062768888004939e-06,9.975492432090505e-09,1.1175022791576339e-06,2.098244658554904e-05,0.017571307718753815,0.009872717782855034,0.0,0.01710180565714836,0.00010384663619333878,0.3739926517009735,8.878608404039312e-10,,,,,,
573,0.015093197114765644,1.3431028588770646e-05,240.21355529903667,1.360587239265442,0.0008280602050945163,0.00042764711542986333,1.1065642411267618e-06,1.151331730397942e-06,0.000478196277981624,0.00022503254876937717,1.8490420188754797e-05,0.00022663621348328888,1.1234888006583788e-06,1.0691939777984771e-08,1.1783487252614577e-06,2.114377639372833e-05,0.0110639538615942,0.023845942690968513,0.0,0.014556048437952995,1.5730245650047436e-05,0.3740054666996002,1.560896834007508e-08,,,,,,
574,0.01287587359547615,1.3389742739866398e-05,240.63597670005402,0.10930344462394714,0.0008223812328651547,0.0003640515496954322,1.138949983214843e-06,1.2963823792233597e-06,0.0004087156557943672,0.00022540362260770053,1.8539152733865194e-05,0.00022666790755465627,1.0237577043881174e-06,1.0545814888018867e-08,1.0774750762720942e-06,2.1006726456107572e-05,0.01605881005525589,0.010762155055999756,0.0,0.009246503934264183,6.078887963667512e-05,0.37401947379112244,7.63684582238966e-09,,,,,,
575,0.014025910757482052,1.3348487587945646e-05,241.06677699100692,1.2623541355133057,0.0009618307813070714,0.00043966370867565274,1.523497076050262e-06,1.546823796161334e-06,0.0003010724321939051,0.0002262809284729883,1.8562408513389528e-05,0.00022711967176292092,1.0683255595722585e-06,1.0548495410489522e-08,1.1214785899937851e-06,2.09259451366961e-05,0.018439780920743942,0.011110791005194187,0.0,0.008676477707922459,2.5125049432972446e-05,0.37403348088264465,1.322478127008253e-09,0.8047720691653316,6.274784325225306,0.6661623275765182,0.5199539196692584,0.0006389860867738256,0.001589288027536159
576,0.014526438899338245,1.3307263540180083e-05,241.5296702220221,1.1090548038482666,0.0009529932867735624,0.00048164615873247385,1.1969507340836572e-06,1.2692210020759376e-06,0.00033133974648080766,0.00022914822329767048,1.8553777408669703e-05,0.0002291403798153624,1.041949644786655e-06,1.1727930626648231e-08,1.09962252281548e-06,2.106540159729775e-05,0.014360555447638035,0.012756174430251122,0.0,0.009702020324766636,2.5213392291334458e-05,0.37404629588127136,7.2581078924827125e-09,,,,,,
577,0.014872386120259762,1.326607100343442e-05,241.9521807700512,0.5326647162437439,0.0009681445080786943,0.00037326564779505134,1.4307655646916828e-06,1.236151774719474e-06,0.0005158506100997329,0.00022699918190483004,1.8537326468504034e-05,0.00022757782426197082,1.0234566616418306e-06,1.12976072941251e-08,1.0790598707899335e-06,2.105365820170846e-05,0.029351238161325455,0.015814177691936493,0.0,0.013239122927188873,2.180171213694848e-05,0.37405914068222046,1.1424223789191501e-09,,,,,,
578,0.013267136178910732,1.3224910384262361e-05,242.37370147905312,0.9749327301979065,0.0008880438399501145,0.0003666277916636318,1.4599025917050312e-06,1.341789356956724e-06,0.000423189252614975,0.0002244575007352978,1.854745096352417e-05,0.00022629843442700803,1.0382232176198158e-06,1.0280936990625378e-08,1.092114416678669e-06,2.098770346492529e-05,0.010268114507198334,0.01170500461012125,0.0,0.016784729436039925,2.6897767384070903e-05,0.37407195568084717,3.5141907162028474e-09,,,,,,
579,0.014807907864451408,1.3183782088902604e-05,242.7953861070564,0.44757577776908875,0.0011943397112190723,0.00046702910913154483,1.1518586688907817e-06,1.2663994084505248e-06,0.00036988811916671693,0.000224200077354908,1.8534570699557662e-05,0.00022647633159067482,1.0405756256659515e-06,1.0288816909564957e-08,1.0930281177934376e-06,2.1118812583154067e-05,0.01071507390588522,0.017144998535513878,0.0,0.002165457932278514,6.166984530864283e-05,0.3740859627723694,2.0551187418504924e-09,,,,,,
580,0.01356632448732853,1.314268652327482e-05,243.21790049300762,0.6595208644866943,0.0008089605253189802,0.00046053959522396326,1.4322922652354464e-06,1.2231898836034816e-06,0.00046502280747517943,0.0002242941118311137,1.8536393326940015e-05,0.00022642799012828618,1.0533794920775108e-06,1.0326853150388615e-08,1.105069031837047e-06,2.1144522179383785e-05,0.010960818268358707,0.003817051649093628,0.0,0.016680974513292313,2.8846976420027204e-05,0.374097615480423,4.631777628105738e-09,,,,,,
581,0.013522219844162464,1.3101624092975645e-05,243.63993669801857,0.478915274143219,0.0010142205283045769,0.00039059907430782914,1.1572396942938212e-06,1.4011042139827623e-06,0.0003833543451037258,0.00022483487555291504,1.853134381235577e-05,0.0002261225163238123,1.0292878869222477e-06,1.0314462173255379e-08,1.0824103355844272e-06,2.1033101802458987e-05,0.021342404186725616,0.009000247344374657,0.0,0.007991336286067963,1.538908327347599e-05,0.37411046028137207,1.6080837772491918e-09,,,,,,
582,0.014928705990314484,1.3060595203274698e-05,244.06469967204612,0.3979721963405609,0.0008978586993180215,0.000414922134950757,1.3561038940679282e-06,1.3248294408185757e-06,0.00036281553911976516,0.00022621350944973528,1.8467659174348228e-05,0.00022655898646917194,1.0160531473957235e-06,1.0692071228390887e-08,1.0683970685931854e-06,2.1012729121139273e-05,0.024227190762758255,0.020327402278780937,0.0,0.009914396330714226,1.0646779628586955e-05,0.37412330508232117,4.122655106186812e-09,,,,,,
583,0.014870570041239262,1.3019600259110546e-05,244.48624595900765,0.7398781180381775,0.001118394429795444,0.0004635608638636768,1.2192334679639316e-06,1.2857367437391076e-06,0.0002898875391110778,0.00022827817883808166,1.838714706536848e-05,0.00022783160966355354,1.0299168025085237e-06,1.1521875897813061e-08,1.0845926681213314e-06,2.1066718545625918e-05,0.006890116725116968,0.016816621646285057,0.0,0.015139483846724033,3.6673969589173794e-05,0.37413495779037476,3.0485292068505032e-09,,,,,,
584,0.013252227567136288,1.2978639665086745e-05,244.9123267190298,0.34565266966819763,0.000959866913035512,0.00039565726183354855,1.368749508401379e-06,1.2616150115718483e-06,0.00039986471529118717,0.00022911795531399548,1.8361914044362493e-05,0.0002283797221025452,9.996555263569462e-07,1.1366907415322203e-08,1.0518601811781991e-06,2.097659307764843e-05,0.015501832589507103,0.007657146081328392,0.0,0.011200536042451859,1.060630165738985e-05,0.37414780259132385,6.432335108996767e-09,,,,,,
585,0.014609348960220814,1.2937713825467817e-05,245.33794417104218,0.5062037110328674,0.0010490795830264688,0.00044385145884007215,1.1657374443529989e-06,1.2839476539738826e-06,0.00046976679004728794,0.00022795071708969772,1.8362150512984954e-05,0.0002274809667142108,1.0136158152818098e-06,1.0826841645439345e-08,1.0653606068444788e-06,2.0944436982972547e-05,0.015047039836645126,0.010296208783984184,0.0,0.015346434898674488,5.531656643142924e-05,0.37416061758995056,5.171944650328442e-09,,,,,,
586,0.012379486113786697,1.2896823144175283e-05,245.76162157702493,0.4140932857990265,0.0008335715974681079,0.00038501311792060733,1.1580060572669026e-06,1.2514410627773032e-06,0.0004949965514242649,0.00022707661264576018,1.833292299124878e-05,0.0002268912794534117,1.031041392707266e-06,1.0704218844637126e-08,1.0842770734598162e-06,2.1014207959524356e-05,0.007264028303325176,0.003239127341657877,0.0,0.014037498272955418,6.660286453552544e-05,0.3741746246814728,2.961605849449711e-09,,,,,,
587,0.013802134431898594,1.2855968024783648e-05,246.1811143690138,0.37721022963523865,0.0008706399821676314,0.0004464738885872066,1.409665628671064e-06,1.258877318832674e-06,0.0005456610233522952,0.0002258679742226377,1.8390708646620624e-05,0.00022625704878009856,1.0376299997005844e-06,1.0204953326820032e-08,1.0901576388278045e-06,2.1008887415518984e-05,0.0057641491293907166,0.011491017416119576,0.0,0.009243035688996315,3.0659150070277974e-05,0.374188631772995,5.817661907769889e-09,,,,,,
588,0.013546140864491463,1.2815148870516456e-05,246.60102371603716,0.39756327867507935,0.0010389171075075865,0.00034533109283074737,1.1198366109965718e-06,1.3288084801388322e-06,0.0004359045997262001,0.0002255789004266262,1.846316081355326e-05,0.00022605431149713695,1.0291596481692977e-06,9.876244710937954e-09,1.0822182048286777e-06,2.0957446395186707e-05,0.015591400675475597,0.011629976332187653,0.0,0.017273984849452972,1.0930156349786557e-05,0.3742026388645172,9.809931755810908e-10,,,,,,
589,0.014240842312574387,1.2774366084242281e-05,247.0271809710539,0.10008475929498672,0.0008728510001674294,0.00048303365474566817,1.3499052329279948e-06,1.3585221267931047e-06,0.00047944538528099656,0.00022599220392294228,1.8480497601558454e-05,0.00022603198885917664,1.0189116892433958e-06,1.001048399729143e-08,1.0719389820224023e-06,2.0948928067809902e-05,0.005576564930379391,0.011084762401878834,0.0,0.013210849836468697,2.1871865101275034e-05,0.37421780824661255,3.0671558626238493e-09,,,,,,
590,0.01232101395726204,1.2733620068470748e-05,247.45056071603904,0.13720640540122986,0.0008540769922547042,0.00043573914445005357,1.3163684116079821e-06,1.2827019872929668e-06,0.000386407773476094,0.00022630121384281665,1.850655098678544e-05,0.00022615192574448884,1.0098731308971765e-06,1.0247795501072687e-08,1.0631498525981442e-06,2.0944462448824197e-05,0.004938448779284954,0.004539635963737965,0.0,0.003914638888090849,5.824095569550991e-05,0.3742329776287079,3.0795734851096768e-09,,,,,,
591,0.014062615111470222,1.2692911225348598e-05,247.87470034504076,0.32638898491859436,0.000996762071736157,0.00039531319634988904,1.206679257848009e-06,1.2876855635113316e-06,0.00042019039392471313,0.00022693947539664805,1.8533575712353922e-05,0.00022657113731838763,9.98886662273435e-07,1.0512319015276717e-08,1.0522606999074924e-06,2.0913630578434095e-05,0.006692120805382729,0.01737266033887863,0.0,0.014542194083333015,4.926283872919157e-05,0.3742469549179077,2.173086155465853e-09,,,,,,
592,0.013784168288111687,1.2652239956655664e-05,248.29878339800052,0.2853635549545288,0.000924313033465296,0.000411224173149094,1.1779472970374627e-06,1.349920694337925e-06,0.0003771689662244171,0.00022600030933972448,1.8538383301347494e-05,0.00022605391859542578,9.96245262285811e-07,1.0555744722751115e-08,1.049537786457222e-06,2.0910330931656063e-05,0.014879121445119381,0.013158246874809265,0.0,0.010734118521213531,1.3712176951230504e-05,0.37426096200942993,2.5704505191015414e-09,,,,,,
593,0.014680922031402588,1.2611606663800958e-05,248.72274853201816,0.2639812231063843,0.0010743230814114213,0.0004898972110822797,1.1523399052748573e-06,1.3806122751702787e-06,0.0004670739290304482,0.00022450016695074737,1.8571114196674898e-05,0.000225507072173059,9.979441983887227e-07,1.042377828497365e-08,1.0510714218980866e-06,2.0909223167109303e-05,0.013447212055325508,0.01147393323481083,0.0,0.00475502572953701,2.8701961127808318e-05,0.37427496910095215,1.347313371979908e-09,,,,,,
594,0.013289589434862137,1.2571011747818669e-05,249.14871536404826,0.30589714646339417,0.001012100838124752,0.00042999914148822427,1.365531488772831e-06,1.2891368896816857e-06,0.0004342817119322717,0.0002241884940303862,1.8613804058986716e-05,0.00022570459987036884,1.0036204685093253e-06,1.04552633217736e-08,1.057092845258012e-06,2.0941788534400985e-05,0.013381237164139748,0.005798520520329475,0.0,0.0061370572075247765,1.989715383388102e-05,0.37428781390190125,1.955777317874663e-09,,,,,,
595,0.013130909763276577,1.2530455609364235e-05,249.571665305004,0.6517244577407837,0.0008311218698509037,0.00041352189145982265,9.763894013303798e-07,1.2369960131763946e-06,0.00045268289977684617,0.0002242294285679236,1.86449851753423e-05,0.00022560560319107026,1.021146658786165e-06,1.0524686011592621e-08,1.0748337899713079e-06,2.0987163225072436e-05,0.003431097837164998,0.015357947908341885,0.0,0.005113312974572182,3.01780819427222e-05,0.37429946660995483,9.747842533158746e-10,,,,,,
596,0.013162292540073395,1.2489938648710363e-05,249.99431228503818,0.3283438980579376,0.0010274993255734444,0.00040091932169161737,1.0729562518463354e-06,1.324616505371523e-06,0.0004003063077107072,0.00022537684708368033,1.8729826479102485e-05,0.0002259988832520321,9.969616030502948e-07,1.0364624714043202e-08,1.0495141395949759e-06,2.092065551551059e-05,0.007443618029356003,0.008713026531040668,0.0,0.012370910495519638,1.5844838344492018e-05,0.3743099868297577,1.614292699514408e-09,,,,,,
597,0.015382577665150166,1.2449461265743106e-05,250.4140184430289,0.37256231904029846,0.0009124384960159659,0.00046536893933080137,1.335454157924687e-06,1.330131340182561e-06,0.0005157063133083284,0.0002280609478475526,1.8806749721989036e-05,0.00022779936261940747,9.93524167824944e-07,1.0511665315959817e-08,1.0458943506819196e-06,2.0917956135235727e-05,0.008602290414273739,0.0215904600918293,0.0,0.013324996456503868,2.4534154363209382e-05,0.37432047724723816,1.115724579392463e-08,,,,,,
598,0.01402850542217493,1.2409023859957885e-05,250.83691468002507,0.6696375608444214,0.0010106133995577693,0.0004295129328966141,1.6423525721620535e-06,1.3047749689576449e-06,0.0003216440964024514,0.00023091708135325462,1.884437551780138e-05,0.00022999719658400863,1.00017177828704e-06,1.0779780623693114e-08,1.0532073702052003e-06,2.0976687665097415e-05,0.003561378689482808,0.016588348895311356,0.0,0.012253712862730026,4.011701457784511e-05,0.37433215975761414,8.878608070972405e-09,,,,,,
599,0.015522410161793232,1.2368626830455569e-05,251.26407082000514,0.30587512254714966,0.0009334367932751775,0.0004512784071266651,1.1683519005600829e-06,1.3812040151606197e-06,0.00040745612932369113,0.00022977271873969585,1.8871463907998987e-05,0.00022907515813130885,9.96206836134661e-07,1.0387834592506806e-08,1.0481587651156588e-06,2.09448735404294e-05,0.01971295289695263,0.017549850046634674,0.0,0.019207313656806946,7.650535553693771e-05,0.3743438124656677,1.4466543518665276e-09,,,,,,
600,0.013500910252332687,1.2328270575938541e-05,251.68619024701184,0.5491747856140137,0.000980231212452054,0.00037190335569903255,1.2872162642452167e-06,1.317382043453108e-06,0.0003435015387367457,0.00022706242452841252,1.8905962861026637e-05,0.00022713768703397363,1.0120040769834304e-06,1.0109316939121982e-08,1.0642787628967199e-06,2.0928677258780226e-05,0.01641600951552391,0.01545288972556591,0.0,0.006941045634448528,2.1300595108186826e-05,0.37435781955718994,5.066394859198908e-09,0.790276618753895,6.161763721611294,0.6636404987910106,0.5157117167360619,0.000630624490565561,0.001608993175840336
601,0.01362569723278284,1.228795549470673e-05,252.14854761905735,0.4213631749153137,0.0009854253148660064,0.00042121089063584805,1.0344696192987612e-06,1.2224209058331326e-06,0.0004655366064980626,0.00022542924853041768,1.8876817193813622e-05,0.00022635454661212862,1.015957764138875e-06,1.0189583399267121e-08,1.0663394505172619e-06,2.1000316337449476e-05,0.005387348122894764,0.012094154953956604,0.0,0.01030456367880106,6.039524669176899e-05,0.37437066435813904,1.912315639174267e-09,,,,,,
602,0.013343824073672295,1.2247681984653713e-05,252.56866061704932,0.5004140138626099,0.0008648338844068348,0.0003755069337785244,1.354155187982542e-06,1.2407081158016808e-06,0.00033477050601504743,0.00022530533897224814,1.8872924556490034e-05,0.00022705883020535111,1.0116658586412086e-06,1.021212625573753e-08,1.0619194199534832e-06,2.097408832923975e-05,0.008166402578353882,0.015439890325069427,0.0,0.01571347378194332,3.913788532372564e-05,0.37438350915908813,3.5141904941582425e-09,,,,,,
603,0.01466192863881588,1.2207450443262778e-05,252.9928955870564,0.5188480615615845,0.0010017745662480593,0.00041087379213422537,1.284580093852128e-06,1.3810765722155338e-06,0.0005047919112257659,0.00022556970361620188,1.8841803466784768e-05,0.000227180658839643,9.947103762897314e-07,1.050668352320372e-08,1.0452552032802487e-06,2.091803435178008e-05,0.006498904433101416,0.02187304198741913,0.0,0.009393872693181038,7.990010635694489e-05,0.37439632415771484,4.445513290818326e-09,,,,,,
604,0.013467592187225819,1.2167261267602998e-05,253.41658916900633,0.20765793323516846,0.0007714441162534058,0.00041544108535163105,1.2528946626844117e-06,1.278650756830757e-06,0.0003608503029681742,0.00022627419093623757,1.884656012407504e-05,0.00022700420231558383,9.812376902118558e-07,1.1376100950144519e-08,1.0329167707823217e-06,2.089143163175322e-05,0.012972860597074032,0.015618724748492241,0.0,0.006723617669194937,3.0303639505291358e-05,0.37440916895866394,7.847946292827146e-09,,,,,,
605,0.012584011070430279,1.2127114854325306e-05,253.83809439104516,0.40504956245422363,0.0008497504750266671,0.00036808382719755173,1.2934110600326676e-06,1.2817247352359118e-06,0.0004140852834098041,0.00022888090461492538,1.8874627130571753e-05,0.00022865281789563596,9.692016647022683e-07,1.2048644748574588e-08,1.021506477627554e-06,2.0861865777987987e-05,0.014864973723888397,0.008060988038778305,0.0,0.008614378049969673,1.0293694685969967e-05,0.3744208514690399,1.2169282248564173e-09,,,,,,
606,0.013999286107718945,1.2087011599658601e-05,254.2600785770337,0.47629937529563904,0.0010841733310371637,0.00037669047014787793,1.1636519730018335e-06,1.4058148281037575e-06,0.00040643196552991867,0.00022960396017879248,1.8933533283416182e-05,0.00022921335767023265,9.674656666902592e-07,1.1633396468369028e-08,1.0182000096392585e-06,2.082546052406542e-05,0.02593049593269825,0.010560204274952412,0.0,0.009298022836446762,4.39000032201875e-05,0.3744313418865204,1.583248532277537e-09,,,,,,
607,0.01604272425174713,1.2046951899405809e-05,254.6806743510533,0.3246322274208069,0.0010293694213032722,0.0004993620095774531,1.3730344790019444e-06,1.281990080315154e-06,0.0003657695488072932,0.00022732657089363784,1.9013670680578798e-05,0.0002276287996210158,9.789293926587561e-07,1.0813340445281483e-08,1.0300727808498777e-06,2.0833784219576046e-05,0.010571696795523167,0.021175451576709747,0.0,0.018413521349430084,4.2105541069759056e-05,0.37444186210632324,1.912315639174267e-09,,,,,,
608,0.014549130573868752,1.2006936148940002e-05,255.10566159605514,0.211878702044487,0.0009868998313322663,0.00043552834540605545,1.295191395911388e-06,1.2908298003821983e-06,0.0004877065948676318,0.000226401214604266,1.9081087884842418e-05,0.00022703924332745373,9.974851309380028e-07,1.0364969327270046e-08,1.0494371736058383e-06,2.0887089704046957e-05,0.023511573672294617,0.008362192660570145,0.0,0.013908091932535172,1.901535870274529e-05,0.37445470690727234,3.0485292068505032e-09,,,,,,
609,0.013052094727754593,1.1966964743200481e-05,255.52654496300966,0.638003408908844,0.0008559601265005767,0.00039740087231621146,1.2322564089117805e-06,1.2759987839672249e-06,0.0004593560006469488,0.00022602062381338328,1.916101246024482e-05,0.00022680984693579376,1.0158089480682975e-06,9.978072590399734e-09,1.0668873073882423e-06,2.092252907459624e-05,0.00910904724150896,0.011205697432160378,0.0,0.008178111165761948,2.5140223442576826e-05,0.37446752190589905,1.198301791127676e-09,,,,,,
610,0.013491567224264145,1.1927038076688884e-05,255.95191181404516,0.7093034386634827,0.000950526911765337,0.00040818832349032164,1.1599015579122351e-06,1.3162992900106474e-06,0.0003860646393150091,0.0002251731784781441,1.9256225641584024e-05,0.00022654811618849635,1.016016994981328e-06,9.674637091450222e-09,1.0702556210162584e-06,2.0833313101320527e-05,0.016373654827475548,0.004801229573786259,0.0,0.01921815052628517,3.576306698960252e-05,0.374479204416275,9.747842533158746e-10,,,,,,
611,0.013220878317952156,1.1887156543465292e-05,256.3769943480147,0.3008788526058197,0.0008550421916879714,0.00039939978159964085,1.2192041367597994e-06,1.2286344599488075e-06,0.00028915092116221786,0.00022489095863420516,1.928292476804927e-05,0.00022653222549706697,9.990211538024596e-07,9.75722080909236e-09,1.0511118944123155e-06,2.0863943063886836e-05,0.020417748019099236,0.007962270639836788,0.0,0.013678038492798805,1.5991914551705122e-05,0.3744920492172241,4.805624342907322e-09,,,,,,
612,0.015496151521801949,1.1847320537144335e-05,256.7999347320292,0.9632134437561035,0.0010551963932812214,0.00045357923954725266,1.3520632364816265e-06,1.2214277376187965e-06,0.00037180358776822686,0.00022493116557598114,1.928936762851663e-05,0.000226467804168351,1.0438666322443169e-06,1.0105488001954654e-08,1.0945220765279373e-06,2.0946128643117845e-05,0.028761297464370728,0.01298584695905447,0.0,0.015059349127113819,4.414092472870834e-05,0.3745048940181732,4.13507228458343e-09,,,,,,
613,0.015456304885447025,1.1807530450891315e-05,257.222004826006,0.39365309476852417,0.0010674528311938047,0.0005434965714812279,1.2747552773362258e-06,1.2862212770414772e-06,0.0006438262644223869,0.00022476255253423005,1.937739762070123e-05,0.00022652283951174468,9.864845651463838e-07,1.0069508782351022e-08,1.0383789685874945e-06,2.0841413061134517e-05,0.0037640929222106934,0.009614836424589157,0.0,0.013728201389312744,4.3003990867873654e-05,0.3745177090167999,4.30271063223131e-09,,,,,,
614,0.013603107072412968,1.1767786677418314e-05,257.6497647330398,0.5898576378822327,0.00088111701188609,0.0004385942011140287,1.331159182882402e-06,1.354811047349358e-06,0.00038176740054041147,0.00022513682779390365,1.9437393348198384e-05,0.00022651477775070816,9.86403620117926e-07,1.0298779606898734e-08,1.0381980928286794e-06,2.080644480884075e-05,0.010798342525959015,0.010068350471556187,0.0,0.011396663263440132,5.127918120706454e-05,0.37453171610832214,3.4210585475591415e-09,,,,,,
615,0.012815362773835659,1.172808960898034e-05,258.07416954502696,0.4685089886188507,0.0009335133945569396,0.0004051359719596803,1.3689850675291382e-06,1.2267735201021424e-06,0.0004131909809075296,0.00022569084831047803,1.94508411368588e-05,0.00022666611766908318,9.817210866458481e-07,1.0918041581930993e-08,1.0341783536205185e-06,2.087034772557672e-05,0.004546620883047581,0.007185854949057102,0.0,0.01244860328733921,4.321800952311605e-05,0.37454572319984436,1.5894572324981482e-09,,,,,,
616,0.01547655463218689,1.1688439637371423e-05,258.49313909205375,0.46177545189857483,0.0009719499503262341,0.0005123752634972334,1.2223629255458945e-06,1.2713467185676564e-06,0.0003981284098699689,0.00022565857216250151,1.9431590772001073e-05,0.00022662586707156152,9.778699450180284e-07,1.0969062991250667e-08,1.03005470464268e-06,2.0877798306173645e-05,0.018408283591270447,0.00995459221303463,0.0,0.019648972898721695,5.859184602741152e-05,0.3745597302913666,2.247591890380818e-09,,,,,,
617,0.013665052130818367,1.1648837153920783e-05,258.9170598970377,0.6455297470092773,0.0008645641501061618,0.00045612300164066255,1.394770379192778e-06,1.342655536973325e-06,0.00035065331030637026,0.00022513247677125037,1.9405892089707777e-05,0.0002265046932734549,9.83787913355627e-07,1.0496925106906474e-08,1.0344829206587747e-06,2.0823263184865937e-05,0.01283180434256792,0.012278995476663113,0.0,0.004402374383062124,1.4976920283515938e-05,0.3745749294757843,1.8191833595082585e-09,,,,,,
618,0.01316858921200037,1.1609282549488938e-05,259.3404929030221,0.2174380123615265,0.000956276839133352,0.0003673848696053028,1.283966298615269e-06,1.3222232837506454e-06,0.00034860437153838575,0.00022478065511677414,1.935587715706788e-05,0.00022667826851829886,9.800486395761254e-07,1.0459450194844067e-08,1.0306788453817717e-06,2.088287874357775e-05,0.012521500699222088,0.010904191061854362,0.0,0.015013891272246838,4.078478377778083e-05,0.3745889365673065,5.917003331745718e-09,,,,,,
619,0.013282489962875843,1.1569776214463868e-05,259.7623396340059,0.4260454773902893,0.0011010513408109546,0.0004004978691227734,1.3190481240599183e-06,1.2979661505596596e-06,0.00040501667535863817,0.00022483283828478307,1.928530582517851e-05,0.00022674827778246254,9.93429466689122e-07,1.0600755828704678e-08,1.0443376368129975e-06,2.0934832718921825e-05,0.004157825838774443,0.013802390545606613,0.0,0.003817107528448105,3.0226783565012738e-05,0.37460294365882874,6.37024655247842e-09,,,,,,
620,0.014911804348230362,1.1530318538757149e-05,260.1837124590529,0.18936671316623688,0.0009542789193801582,0.0004976393538527191,1.230012912856182e-06,1.1991237442998681e-06,0.0005606220802292228,0.0002249637764180079,1.925673677760642e-05,0.00022684648865833879,9.768432391865645e-07,1.0536101768821027e-08,1.0272490271745482e-06,2.08984492928721e-05,0.015745699405670166,0.00905863381922245,0.0,0.011070800945162773,4.060375067638233e-05,0.37461578845977783,8.841356091693342e-09,,,,,,
621,0.014169296249747276,1.149090991180011e-05,260.6018887270475,0.2620094418525696,0.0010077916085720062,0.00037251863977871835,1.1787622042902512e-06,1.2960529147676425e-06,0.0003876656701322645,0.00022532268485520035,1.9194523702026345e-05,0.00022684466966893524,9.682250947662396e-07,1.0618409262974637e-08,1.0185115115746157e-06,2.0875999325653538e-05,0.006802072748541832,0.01945212297141552,0.0,0.01988912560045719,7.459319476765813e-06,0.37462863326072693,1.6825895121641565e-09,,,,,,
622,0.01318434439599514,1.1451550722539994e-05,261.02529405005043,0.2437620609998703,0.0007956347544677556,0.00036102719604969025,1.1330441793688806e-06,1.2340345847405843e-06,0.00037647533463314176,0.00022613747569266707,1.9122488083667122e-05,0.00022707978496327996,9.653590495872777e-07,1.0976378916893736e-08,1.0165525736738346e-06,2.089078407152556e-05,0.005772707052528858,0.019872287288308144,0.0,0.011905403807759285,2.4973776817205362e-05,0.37464264035224915,1.45907219639696e-09,,,,,,
623,0.014099950902163982,1.14122413594361e-05,261.4509835880017,0.1537894606590271,0.0007908010156825185,0.0004900230560451746,1.1681062233037665e-06,1.208626827065018e-06,0.0003162059874739498,0.00022707649623043835,1.905952194647398e-05,0.00022759115381632,9.57835709414212e-07,1.103012703396189e-08,1.0089790976053337e-06,2.0855641196249053e-05,0.012269987724721432,0.014219190925359726,0.0,0.006940839346498251,1.2911282283312175e-05,0.37465548515319824,2.135833065963766e-09,,,,,,
624,0.013457824476063251,1.1372982210455981e-05,261.87232545402367,0.29389435052871704,0.0009992828126996756,0.0003865044564008713,1.0133103387488518e-06,1.2679563496931223e-06,0.0003329702594783157,0.00022799053112976253,1.9025230358238332e-05,0.00022814956901129335,9.569724852553918e-07,1.0787711168802616e-08,1.0074923011416104e-06,2.0809482521144673e-05,0.01145225204527378,0.01475236751139164,0.0,0.009816252626478672,2.8599606594070792e-05,0.37466830015182495,7.928660394895815e-09,,,,,,
625,0.014901799149811268,1.1333773663071582e-05,262.2959429230541,0.30956026911735535,0.0008630040101706982,0.0004487501864787191,1.3752853647019947e-06,1.3266243286125246e-06,0.0004531356389634311,0.00022845098283141851,1.9007431546924636e-05,0.00022842698672320694,9.5780137598922e-07,1.0505924130654876e-08,1.009003426588606e-06,2.0817917175008915e-05,0.004296388477087021,0.01930135488510132,0.0,0.021501924842596054,1.608203092473559e-05,0.3746799826622009,8.481245039604346e-09,0.796332319684197,6.208979844948081,0.6691052091363096,0.5180896598443415,0.000562095851062642,0.0015603972371892633
626,0.012829474173486233,1.129461610425544e-05,262.75513287703507,0.4180143475532532,0.0008797181653790176,0.0004319669387768954,1.3495831581167295e-06,1.2681728094321443e-06,0.0003994679427705705,0.00022753830126021057,1.8967222786159255e-05,0.00022782980522606522,9.71578970165865e-07,1.0113256898591771e-08,1.022963601826632e-06,2.0841831428697333e-05,0.0019146210979670286,0.0070846183225512505,0.0,0.011992796324193478,4.237028042552993e-05,0.37469282746315,3.371387613526622e-09,,,,,,
627,0.012541470117866993,1.125550992047685e-05,263.1797304600477,0.39548808336257935,0.000986028928309679,0.00036446674494072795,1.4452366485784296e-06,1.2921123015985359e-06,0.0003827295731753111,0.0002260422334074974,1.8941256712423638e-05,0.00022710875782649964,9.797676057132776e-07,9.591468952407922e-09,1.0311239293514518e-06,2.0826013496844098e-05,0.009521984495222569,0.006414978764951229,0.0,0.012875465676188469,1.5461344446521252e-05,0.3747056722640991,1.2231371471216335e-09,,,,,,
628,0.015737470239400864,1.1216455497698061e-05,263.60679229703965,0.13947273790836334,0.0008848309516906738,0.0004179662500973791,1.2556291721921298e-06,1.3448819800032652e-06,0.0003631649015005678,0.00022590544540435076,1.892722320917528e-05,0.00022706534946337342,9.905984370561782e-07,9.496377906259568e-09,1.0416085842734901e-06,2.084633888443932e-05,0.023087240755558014,0.02662019431591034,0.0,0.01473778672516346,3.779071266762912e-05,0.3747185170650482,1.2417634698280722e-09,,,,,,
629,0.01264625322073698,1.117745322137045e-05,264.03445237205597,0.29348984360694885,0.0007844375213608146,0.00038596801459789276,1.2963339486304903e-06,1.1829868071799865e-06,0.00034114252775907516,0.00022573646856471896,1.888084807433188e-05,0.00022703068680129945,9.931372915161774e-07,9.519288468595732e-09,1.044104237735155e-06,2.08405836019665e-05,0.009876913391053677,0.012145714834332466,0.0,0.008052951656281948,2.7641635824693367e-05,0.3747313618659973,1.0058285315750481e-09,,,,,,
630,0.014713368378579617,1.1138503476430749e-05,264.4524612680543,0.17419426143169403,0.000975696137174964,0.0003864545142278075,1.303841372646275e-06,1.2428918125806376e-06,0.0004342272295616567,0.00022595834161620587,1.884536504803691e-05,0.0002269771066494286,9.805219178815605e-07,9.774479892143972e-09,1.03185652733373e-06,2.0820541976718232e-05,0.03232712671160698,0.011210780590772629,0.0,0.01706109195947647,3.7772395444335416e-05,0.3747442066669464,1.2343129185410362e-08,,,,,,
631,0.013702294789254665,1.1099606647297216e-05,264.8776570170303,0.14871574938297272,0.0008039306849241257,0.00047922341036610305,1.286546421397361e-06,1.1902942560482188e-06,0.0002878389204852283,0.00022655315115116537,1.8835280570783652e-05,0.0002272256970172748,9.6823555395531e-07,1.0262521499271315e-08,1.019966020976426e-06,2.0809104171348736e-05,0.011604486033320427,0.011105057783424854,0.0,0.008875458501279354,1.4634901162935421e-05,0.37475821375846863,1.3224780159859506e-09,,,,,,
632,0.015782812610268593,1.106076311786584e-05,265.3008759970544,0.15411709249019623,0.0010045785456895828,0.00042955781100317836,1.1911156434507575e-06,1.206970409839414e-06,0.0003330772742629051,0.00022796013217885047,1.883633558463771e-05,0.00022817598073743284,9.54743882175535e-07,1.0752624568510782e-08,1.0066540880870889e-06,2.0795667296624742e-05,0.0234539657831192,0.02623647451400757,0.0,0.010813986882567406,9.52405207499396e-06,0.3747710585594177,1.3597312165103403e-09,,,,,,
633,0.012721623294055462,1.1021973271506587e-05,265.7257969320053,0.2863108515739441,0.0008602830348536372,0.00041748266085051,1.4419185845326865e-06,1.2836347877964727e-06,0.00032131728949025273,0.00023025422706268728,1.888074075395707e-05,0.0002299030456924811,9.448932587474701e-07,1.0991871413068566e-08,9.964101082005072e-07,2.077514182019513e-05,0.0020025025587528944,0.013833452016115189,0.0,0.0036396468058228493,3.115911749773659e-05,0.3747839033603668,2.60149457531611e-09,,,,,,
634,0.015971312299370766,1.0983237491059573e-05,266.1463835830218,0.3828963339328766,0.0009321295074187219,0.0005268071545287967,1.3320457128429553e-06,1.3131469813743024e-06,0.00038305469206534326,0.00023058262013364583,1.8937511413241737e-05,0.00023014447651803493,9.471261250837415e-07,1.0711886488934397e-08,9.978948583011515e-07,2.0769512047991157e-05,0.03269609063863754,0.013180717825889587,0.0,0.008143800310790539,2.169160870835185e-05,0.3747955858707428,4.9484274455835475e-09,,,,,,
635,0.013930926099419594,1.0944556158831313e-05,266.56575409701327,0.37566888332366943,0.0008616459090262651,0.0005183541215956211,1.0091125659528188e-06,1.1986001027253224e-06,0.0003113045240752399,0.00022918374452274293,1.8960501620313153e-05,0.0002290104457642883,9.515753731648147e-07,1.0366426828056774e-08,1.0026618610936566e-06,2.080718331853859e-05,0.003832313697785139,0.012887418270111084,0.0,0.0054746633395552635,3.2483512768521905e-05,0.3748072683811188,1.3721486169515629e-09,,,,,,
636,0.013024557381868362,1.0905929656590946e-05,266.9888933680486,0.2611847221851349,0.0009404731681570411,0.0003820882993750274,1.237838773704425e-06,1.3145981938578188e-06,0.0003739864914678037,0.00022631240426562726,1.8989127056556754e-05,0.00022698396060150117,9.603922990208957e-07,9.891104824077956e-09,1.0112305517395725e-06,2.0820454665226862e-05,0.010401669889688492,0.01105230301618576,0.0,0.010583357885479927,3.5728236980503425e-05,0.37481775879859924,4.321337065960051e-09,,,,,,
637,0.013610252179205418,1.0867358365566452e-05,267.41210993600544,0.2519806921482086,0.000891000556293875,0.0004383563937153667,1.1333370366628515e-06,1.1732606708392268e-06,0.000354865042027086,0.00022501118655782193,1.8972665202454664e-05,0.00022663614072371274,9.750078788783867e-07,9.646927701112418e-09,1.0248520538880257e-06,2.0863717509200796e-05,0.014392724260687828,0.01008908636868,0.0,0.009988900274038315,3.427119372645393e-05,0.3748282790184021,3.2844642561258297e-09,,,,,,
638,0.013513545505702496,1.0828842666440895e-05,267.8338345150114,0.3619563579559326,0.0009540792088955641,0.00048425569548271596,1.4542536064254818e-06,1.326067149420851e-06,0.0004554317274596542,0.0002254006831208244,1.8945122064906172e-05,0.0002275933074997738,9.753298400028143e-07,9.544037560260676e-09,1.0249023034702986e-06,2.085841515508946e-05,0.010304437950253487,0.0047271596267819405,0.0,0.0044622644782066345,1.2798307579942048e-05,0.37483760714530945,1.0617078327612717e-09,,,,,,
639,0.014273828826844692,1.0790382939348686e-05,268.25752249604557,0.4579227864742279,0.000957209849730134,0.00044304970651865005,1.2184800652903505e-06,1.2224829788465286e-06,0.00039212271803990006,0.00022563767561223358,1.8903516320278868e-05,0.00022773636737838387,9.67618461800157e-07,9.606219819602302e-09,1.017463887365011e-06,2.083381696138531e-05,0.018732966855168343,0.01360311172902584,0.0,0.0060575795359909534,4.888454350293614e-05,0.3748469650745392,1.3001264065337637e-08,,,,,,
640,0.013548989780247211,1.0751979563871795e-05,268.677903297008,0.2324162870645523,0.0009575028088875115,0.00048427237197756767,1.4156782981444849e-06,1.2466639418562409e-06,0.0004089765134267509,0.00022541213547810912,1.8896487745223567e-05,0.0002268873795401305,9.537627647659974e-07,9.965580360926651e-09,1.003836587187834e-06,2.0789080735994503e-05,0.007461685687303543,0.006237184628844261,0.0,0.006519036367535591,4.769629595102742e-05,0.3748551309108734,5.401671554494669e-09,,,,,,
641,0.014836187474429607,1.0713632919036043e-05,269.0991880010115,0.14636829495429993,0.001143685425631702,0.00041203078581020236,1.3314432862898684e-06,1.240552023773489e-06,0.00031194271286949515,0.00022600476222578436,1.8849019397748634e-05,0.0002267526724608615,9.466015171710751e-07,1.0699684693804556e-08,9.975794910133118e-07,2.078517536574509e-05,0.021315736696124077,0.016539502888917923,0.0,0.012432385236024857,1.5771074686199427e-05,0.37486329674720764,1.0430813990325305e-09,,,,,,
642,0.014261551201343536,1.067534338330733e-05,269.52085813804297,0.3847828805446625,0.0009346329024992883,0.0003868954663630575,1.1096060461568413e-06,1.2067824854966602e-06,0.0003734093043021858,0.0002269154356326908,1.8812545022228733e-05,0.00022717172396369278,9.417493629371165e-07,1.115938097484559e-08,9.933480669133132e-07,2.07766133826226e-05,0.006890542339533567,0.02161693200469017,0.0,0.017196383327245712,4.80902090203017e-05,0.37487149238586426,6.475796787697163e-09,,,,,,
643,0.015559539198875427,1.063711133458791e-05,269.9446217500372,0.34423890709877014,0.0008667349466122687,0.0004491925938054919,1.335802494395466e-06,1.2839594774050056e-06,0.0004790780076291412,0.00022717253887094557,1.8750488379737362e-05,0.00022731460921932012,9.356915029457014e-07,1.0880622625109027e-08,9.85090309768566e-07,2.0731775293825194e-05,0.015859639272093773,0.025020159780979156,0.0,0.010132982395589352,5.373859312385321e-05,0.3748808205127716,2.856055836275573e-09,,,,,,
644,0.013537505641579628,1.059893715021268e-05,270.36507412802894,0.258750855922699,0.0008001114474609494,0.0004130536108277738,8.974266165751033e-07,1.3219749916970613e-06,0.0004022532084491104,0.00022666589939035475,1.8654331142897718e-05,0.00022699785768054426,9.444094075661269e-07,1.0401265626569511e-08,9.936052265402395e-07,2.073853465844877e-05,0.01213059201836586,0.012964990921318531,0.0,0.012728733941912651,7.702720904489979e-05,0.37489017844200134,4.880130077822287e-09,,,,,,
645,0.01638743281364441,1.0560821206945414e-05,270.7851003870019,0.17314492166042328,0.0009072931716218591,0.0004158399533480406,1.1903723589057336e-06,1.158450231741881e-06,0.00045424740528687835,0.0002262754860566929,1.8501947124605067e-05,0.00022679359244648367,9.454920473217499e-07,1.0258796478979093e-08,9.95337813947117e-07,2.0773004507645965e-05,0.05448656901717186,0.014371240511536598,0.0,0.017325377091765404,5.719830733141862e-05,0.3748995065689087,8.195639722430315e-10,,,,,,
646,0.015161080285906792,1.05227638809751e-05,271.20914206904126,0.449440598487854,0.0009327625739388168,0.000524277042131871,1.176603632302431e-06,1.2684532748608035e-06,0.0005026547587476671,0.00022624290431849658,1.8375714716967195e-05,0.0002267700037918985,9.575111334925168e-07,1.0176409936946129e-08,1.0079635330839665e-06,2.0806297470699064e-05,0.01521462481468916,0.010155837051570415,0.0,0.011376632377505302,4.9254842451773584e-05,0.37491002678871155,1.0989608112410565e-09,,,,,,
647,0.011612487956881523,1.0484765547912167e-05,271.635644746013,0.09376263618469238,0.0008228032966144383,0.00033060446730814874,1.1997096862614853e-06,1.219971295540745e-06,0.00034459165181033313,0.00022680383699480444,1.8327758880332112e-05,0.00022708941833116114,9.486208796261053e-07,9.89209958390802e-09,9.986711120291147e-07,2.077313547488302e-05,0.011613279581069946,0.00444389134645462,0.0,0.013633619993925095,7.524572083639214e-06,0.3749205470085144,3.570069573299861e-09,,,,,,
648,0.01506830658763647,1.0446826582784832e-05,272.0578318450134,0.31308212876319885,0.0009931924287229776,0.00044161872938275337,1.2960297226527473e-06,1.2979996881767875e-06,0.0004606020520441234,0.00022722255380358547,1.8268310668645427e-05,0.00022737043036613613,9.502250577497762e-07,9.677021850507117e-09,1.0004639534599846e-06,2.0753981516463682e-05,0.018953317776322365,0.01817343384027481,0.0,0.008660801686346531,4.690777859650552e-05,0.3749310374259949,7.295360315850985e-09,,,,,,
649,0.014454440213739872,1.0408947360035354e-05,272.4783482590574,0.13595479726791382,0.0010076923063024879,0.0003892103850375861,1.151137325905438e-06,1.2294193538764375e-06,0.0004905747482553124,0.0002275397564517334,1.8249744243803434e-05,0.0002275750448461622,9.512002066003333e-07,9.636828224302008e-09,1.001407554213074e-06,2.0772187781403773e-05,0.015223623253405094,0.015555021353065968,0.0,0.017125733196735382,2.4302597012137994e-05,0.37494271993637085,6.668269492138279e-09,,,,,,
650,0.014450673013925552,1.0371128253516381e-05,272.9063100370113,0.2848493754863739,0.000831454643048346,0.0003989797260146588,9.793857316253707e-07,1.2556174624478444e-06,0.00041946308920159936,0.00022773865202907473,1.827067171689123e-05,0.00022769489441998303,9.521251627120364e-07,9.599999017950722e-09,1.0023140930570662e-06,2.0776191377080977e-05,0.04399232566356659,0.007563314866274595,0.0,0.012408618815243244,1.6913960280362517e-05,0.3749544024467468,4.892548144397324e-09,0.7951522662519834,6.199779002792783,0.6697994165764173,0.528370259986965,0.00044314665364549494,0.0014971310153485246
651,0.013124607503414154,1.0333369636487221e-05,273.3718907710281,0.36674776673316956,0.001059796428307891,0.0004324602778069675,1.3098508588882396e-06,1.2751863778248662e-06,0.00045562791638076305,0.00022752064978703856,1.8313914551981725e-05,0.00022750243078917265,9.443042472412344e-07,9.51055589837324e-09,9.949533250619425e-07,2.0721859982586466e-05,0.004640624392777681,0.004315314348787069,0.0,0.012322833761572838,1.377921307721408e-05,0.3749660849571228,1.198301791127676e-09,,,,,,
652,0.014832288026809692,1.0295671881610175e-05,273.7980311270221,0.19071444869041443,0.0011631653178483248,0.0003763937274925411,1.2101056654501008e-06,1.1952253089475562e-06,0.0003425471659284085,0.00022842157341074198,1.836767296481412e-05,0.00022814201656728983,9.416521038474457e-07,9.661689226447834e-09,9.921807304635877e-07,2.072416464216076e-05,0.03316642343997955,0.016206495463848114,0.0,0.008377580903470516,1.650373451411724e-05,0.3749777674674988,8.108715476851103e-09,,,,,,
653,0.015589164569973946,1.0258035360946866e-05,274.22059830103535,0.27784743905067444,0.0009826661553233862,0.00042023853166028857,1.238362301592133e-06,1.2158639037807006e-06,0.0003806020540650934,0.00022809114307165146,1.8427859686198644e-05,0.0002278327156091109,9.430941645405255e-07,9.711838444559362e-09,9.936060223481036e-07,2.0716965082101524e-05,0.008892208337783813,0.03206763043999672,0.0,0.01022530160844326,6.154171569505706e-05,0.37498944997787476,1.75088654685851e-09,,,,,,
654,0.013674701564013958,1.0220460445954568e-05,274.64099000004353,0.3059460520744324,0.0008581955917179585,0.0004316629783716053,1.2655054888455197e-06,1.2922714631713461e-06,0.00028974743327125907,0.00022712092322763056,1.8519664081395604e-05,0.00022703528520651162,9.421054301128606e-07,9.576302417713123e-09,9.930121223078459e-07,2.0679979570559226e-05,0.01845364086329937,0.00629816111177206,0.0,0.020148249343037605,3.797094905166887e-05,0.37500113248825073,4.4082604233608436e-09,,,,,,
655,0.01619131863117218,1.0182947507482517e-05,275.0697837510379,0.22238649427890778,0.001082000439055264,0.0004654094227589667,1.3516653325496009e-06,1.2672642242250731e-06,0.0004514832398854196,0.0002258406311739236,1.859902658907231e-05,0.00022608907602261752,9.419890147910337e-07,9.597711070341575e-09,9.929094630933832e-07,2.0681078240158968e-05,0.0230941791087389,0.02026454731822014,0.0,0.014696280471980572,1.3909986591897905e-05,0.37501397728919983,3.2161675544983837e-09,,,,,,
656,0.01250286865979433,1.0145496915768269e-05,275.4916684050113,0.2896939516067505,0.0009251291048713028,0.00037709344178438187,1.2940313354192767e-06,1.1476039389890502e-06,0.00029586616437882185,0.0002247150259790942,1.8657327018445358e-05,0.00022532767616212368,9.581935955793597e-07,9.646133669605206e-09,1.0088689350595814e-06,2.071889139187988e-05,0.014897044748067856,0.009099443443119526,0.0,0.005399277433753014,1.4917195585439913e-05,0.3750268220901489,4.08540179464012e-09,,,,,,
657,0.015404973179101944,1.010810904043404e-05,275.917136811011,0.29035019874572754,0.0010864034993574023,0.0004886713577434421,1.423092044205987e-06,1.2006187262159074e-06,0.0003434913814999163,0.00022424837516155094,1.869170955615118e-05,0.0002250240941066295,9.58383338911517e-07,9.564280922802482e-09,1.008631443255581e-06,2.0717448933282867e-05,0.00804008450359106,0.023343853652477264,0.0,0.00576127041131258,3.7261343095451593e-05,0.3750385046005249,1.1362136120851574e-08,,,,,,
658,0.013749788515269756,1.0070784250483074e-05,276.34231793601066,0.35608556866645813,0.0007879222393967211,0.0004717634874396026,1.1608098020587931e-06,1.22248241041234e-06,0.0003958208835683763,0.00022412861289922148,1.8696755432756618e-05,0.00022504152730107307,9.530973557048128e-07,9.430939584831322e-09,1.0035817012976622e-06,2.068520916509442e-05,0.008833101950585842,0.00956631451845169,0.0,0.014144201762974262,3.9053407817846164e-05,0.37504902482032776,2.0302834968788375e-09,,,,,,
659,0.013028484769165516,1.003352291429598e-05,276.76418665604433,0.2601502239704132,0.0010664798319339752,0.0004062074003741145,1.1938720945181558e-06,1.2317464097577613e-06,0.00047665665624663234,0.0002242821065010503,1.8661205103853717e-05,0.00022517467732541263,9.479787763666536e-07,9.581457405261062e-09,9.97561414806114e-07,2.0708495867438614e-05,0.005660611670464277,0.007946282625198364,0.0,0.007079804316163063,5.180324296816252e-05,0.37506070733070374,5.339582997976322e-09,,,,,,
660,0.014348538592457771,9.996325399627098e-06,277.1873270200449,0.2802674174308777,0.0009530710522085428,0.00049439916620031,1.2310197234910447e-06,1.2113449656681041e-06,0.0003735610225703567,0.00022485754743684083,1.8557717339717783e-05,0.00022538696066476405,9.476663649365946e-07,1.0055865473646008e-08,9.968948688765522e-07,2.0739604224218056e-05,0.0043968334794044495,0.012765258550643921,0.0,0.012544314377009869,4.4696509576169774e-05,0.3750711977481842,6.357828929992593e-09,,,,,,
661,0.013633064925670624,9.959192073600877e-06,277.6117182430462,0.501415491104126,0.0008843006216920912,0.0003946178767364472,1.1789786640292732e-06,1.2204839094920317e-06,0.000356355682015419,0.00022609042935073376,1.8456392353982665e-05,0.0002259842585772276,9.401802572028828e-07,1.0570136765863936e-08,9.896542678689002e-07,2.0737450540764257e-05,0.02687823213636875,0.010626038536429405,0.0,0.00764649361371994,3.789012407651171e-05,0.37508171796798706,8.6923440667519e-10,,,,,,
662,0.012077098712325096,9.922123302708265e-06,278.03663453500485,0.5141028761863708,0.0009531006799079478,0.0003724771086126566,1.395102344758925e-06,1.2957677881786367e-06,0.000462561467429623,0.00022658109082840383,1.8367312804912217e-05,0.00022633190383203328,9.302045214099053e-07,1.0536068906219498e-08,9.775884564078297e-07,2.0671792299253866e-05,0.005763850174844265,0.00515080476179719,0.0,0.0063849822618067265,3.337974339956418e-05,0.3750922381877899,7.450581263057643e-10,,,,,,
663,0.013018444180488586,9.885119452803058e-06,278.4571954320418,0.3301045894622803,0.0008480974356643856,0.00037808174965903163,1.2856587545684306e-06,1.3323806342668831e-06,0.0003708366712089628,0.00022735196398571134,1.8263492165715434e-05,0.00022682567941956222,9.243029808203573e-07,1.0715840659258902e-08,9.718157798488392e-07,2.0687495634774677e-05,0.012131991796195507,0.01215891633182764,0.0,0.011050199158489704,5.9237507230136544e-05,0.37510156631469727,8.00937483003139e-10,,,,,,
664,0.014114157296717167,9.848180889098306e-06,278.9166796520003,0.47724032402038574,0.0008590249344706535,0.0004936360055580735,1.3227897852630122e-06,1.228004521180992e-06,0.0003166011883877218,0.00022840077872388065,1.81851919478504e-05,0.00022754256497137249,9.400554290550645e-07,1.0839386277439189e-08,9.893491323964554e-07,2.0756444428116083e-05,0.004938584752380848,0.014523849822580814,0.0,0.00925367884337902,5.85368434258271e-05,0.3751120865345001,2.6387474427735924e-09,,,,,,
665,0.013565277680754662,9.811307976162742e-06,279.3378100920236,0.23200972378253937,0.0008768464322201908,0.00038692294037900865,1.1211132004973479e-06,1.2670446949414327e-06,0.00026984926080331206,0.0002290265547344461,1.812673144740984e-05,0.00022800233273301274,9.341857776234974e-07,1.037739849607533e-08,9.822007314141956e-07,2.0746923837577924e-05,0.021360598504543304,0.012390978634357452,0.0,0.012800974771380424,9.394194057676941e-05,0.37512144446372986,3.1044087300813317e-09,,,,,,
666,0.013352221809327602,9.774501077917116e-06,279.75777609302895,0.4502573013305664,0.0009513532277196646,0.000405423081247136,9.732796115713427e-07,1.3874332580599003e-06,0.0003982102498412132,0.00022948956757318228,1.8076609194395132e-05,0.00022832598187960684,9.457232863496756e-07,9.827258118377813e-09,9.934162790159462e-07,2.070871414616704e-05,0.0028896634466946125,0.014379972591996193,0.0,0.011538232676684856,5.408332799561322e-05,0.3751307725906372,5.215406995162652e-10,,,,,,
667,0.013619592413306236,9.73776055763066e-06,280.1805036070291,0.4155900180339813,0.0010303958551958203,0.00031129398848861456,1.1439556146797258e-06,1.2901653008157155e-06,0.00042865442810580134,0.00022812355018686503,1.8002103388425894e-05,0.0002273162390338257,9.5051427706494e-07,9.590134908421533e-09,9.986181339627365e-07,2.0706389477709308e-05,0.036809857934713364,0.010007062926888466,0.0,0.010158145800232887,2.9113012715242803e-05,0.37514013051986694,1.0182460430385731e-09,,,,,,
668,0.013995978981256485,9.701086777917467e-06,280.60061502602184,0.41503000259399414,0.0010113848838955164,0.0004642501880880445,1.2423259931892972e-06,1.2473708466131939e-06,0.0004620564286597073,0.00022650184109807014,1.7938453311217017e-05,0.00022620549134444445,9.499108273303136e-07,9.638704057124414e-09,9.97788902168395e-07,2.0756106096087024e-05,0.010032005608081818,0.008458059281110764,0.0,0.008234277367591858,0.00011855296907015145,0.3751494884490967,4.03573174878602e-09,,,,,,
669,0.013916080817580223,9.66448010073295e-06,281.02197522105416,0.3861529529094696,0.0008565922034904361,0.0003439092542976141,1.1144945801788708e-06,1.2399581237332313e-06,0.0005294698057696223,0.0002251063851872459,1.7873144315672107e-05,0.00022543745581060648,9.44568625982356e-07,9.685827251360024e-09,9.929713087331038e-07,2.0727133232867345e-05,0.013244564644992352,0.01831371709704399,0.0,0.018159180879592896,4.1405714000575244e-05,0.37515881657600403,3.4024316697411905e-09,,,,,,
670,0.014326939359307289,9.62794088737022e-06,281.4417746940162,0.3686641454696655,0.0009221730870194733,0.0004026316455565393,1.2621437690540915e-06,1.2947178902322776e-06,0.0004540630034171045,0.00022458212333731353,1.7848053175839595e-05,0.00022526516113430262,9.25407391605404e-07,9.728680083753716e-09,9.740640507516218e-07,2.0646515622502193e-05,0.024801602587103844,0.012256829999387264,0.0,0.012942444533109665,4.2548537749098614e-05,0.3751693367958069,3.632158129818208e-09,,,,,,
671,0.013538715429604053,9.591469498456578e-06,281.86618014704436,0.3726932406425476,0.0009654646273702383,0.0003478798025753349,1.3296797760631307e-06,1.1881814998560003e-06,0.0005090872873552144,0.0002244356437586248,1.7809048586059362e-05,0.00022514529700856656,9.169197596747836e-07,1.0018875507000757e-08,9.659574971010443e-07,2.0624136595870368e-05,0.017967162653803825,0.011416547000408173,0.0,0.015079831704497337,3.744231798918918e-05,0.37517985701560974,1.8812715829596982e-09,,,,,,
672,0.013142907992005348,9.555066293949894e-06,282.2890603750129,0.2913469970226288,0.0008088291506282985,0.00039816004573367536,1.2919683740619803e-06,1.2066366252838634e-06,0.000514125102199614,0.0002249576209578663,1.7799127817852423e-05,0.00022525766689796,9.178190225611615e-07,1.0354404444967713e-08,9.679879440227523e-07,2.063029387500137e-05,0.016876453533768654,0.007657443638890982,0.0,0.009404163807630539,5.580885772360489e-05,0.3751903772354126,5.898376009838557e-09,,,,,,
673,0.012957274913787842,9.51873163313511e-06,282.7102879390004,0.5515294671058655,0.0008575385436415672,0.00038651758222840726,1.1935514976357808e-06,1.211819949276105e-06,0.0004205338773317635,0.0002267906384076923,1.7834991012932733e-05,0.0002264068170916289,9.289614126828383e-07,1.0413137019327223e-08,9.802483873500023e-07,2.0639879949158058e-05,0.01616918109357357,0.007203115150332451,0.0,0.012814476154744625,1.6290239727823064e-05,0.37520086765289307,2.582868141587369e-09,,,,,,
674,0.01346923690289259,9.482465874620655e-06,283.1374594120425,0.42718976736068726,0.0010276070097461343,0.0004360118764452636,1.40131339776417e-06,1.2629177490453003e-06,0.0003177422331646085,0.00022809035726822913,1.7916187061928213e-05,0.00022735352104064077,9.152753364105592e-07,9.725285465833622e-09,9.648165359976701e-07,2.0592426153598353e-05,0.004601893946528435,0.011282018385827541,0.0,0.01151689887046814,9.667997801443562e-06,0.3752113878726959,9.87202097846307e-10,,,,,,
675,0.011760581284761429,9.446269376334919e-06,283.55834312405204,0.4124014377593994,0.0009854321833699942,0.0003611903521232307,1.3041667443758342e-06,1.2245130847077235e-06,0.0002861504617612809,0.00023033394245430827,1.8014488887274638e-05,0.00022908362734597176,9.224767154591973e-07,9.358607222509363e-09,9.726343250804348e-07,2.0611998479580507e-05,0.003660510992631316,0.00740521214902401,0.0,0.007164122071117163,1.1015577001671772e-05,0.3752219080924988,4.780789653047179e-10,0.7970264435953028,6.214391908815665,0.6503578558574112,0.5005779214514223,0.00044534151802135496,0.0014712544144925637
676,0.013634881004691124,9.410142495522732e-06,284.0238717800239,0.5929101705551147,0.0009284794796258211,0.00042169223888777196,1.3144579043000704e-06,1.0910237051575677e-06,0.00031207973370328546,0.00023096142103895545,1.8111652025254443e-05,0.0002295576996402815,9.42288238547917e-07,9.171862380696894e-09,9.916341241478221e-07,2.0685529307229444e-05,0.015438968315720558,0.008846016600728035,0.0,0.016552910208702087,1.733749195409473e-05,0.37523242831230164,4.153698718312171e-09,,,,,,
677,0.01371913030743599,9.374085588741828e-06,284.44622030004393,0.3383011519908905,0.0008412224124185741,0.0004270313656888902,1.1572151379368734e-06,1.1304239251330728e-06,0.0003661240334622562,0.0002280105254612863,1.8249555068905465e-05,0.00022708377218805254,9.503814908384811e-07,8.979033516709478e-09,9.99378698907094e-07,2.0702287656604312e-05,0.012201271951198578,0.014852636493742466,0.0,0.009245777502655983,5.2405659516807646e-05,0.3752429485321045,1.140559824364118e-08,,,,,,
678,0.013368223793804646,9.338099011859317e-06,284.8684247660567,0.444387286901474,0.0010573582258075476,0.0003490684903226793,1.273913539989735e-06,1.2524603789643152e-06,0.0003162262437399477,0.0002253783750347793,1.83872598427115e-05,0.0002250650868518278,9.58438931775163e-07,9.000991063601305e-09,1.0106106174134766e-06,2.0670795493060723e-05,0.014124799519777298,0.014750747010111809,0.0,0.011965000070631504,5.741846689488739e-05,0.37525346875190735,3.47693762670076e-09,,,,,,
679,0.012684784829616547,9.302183120048176e-06,285.2903959870455,0.34446823596954346,0.0008243076736107469,0.00036928756162524223,1.2931357105117058e-06,1.2359737411316019e-06,0.00045733124716207385,0.0002237803564639762,1.8483022358850576e-05,0.00022429779346566647,9.50544460920355e-07,9.019194280313059e-09,1.0012795428337995e-06,2.0672849132097326e-05,0.0198742114007473,0.0056828828528523445,0.0,0.010588949546217918,6.554093488375656e-06,0.3752639591693878,6.6123901909520555e-09,,,,,,
680,0.01260402426123619,9.266338267783768e-06,285.7106669960194,0.4689547121524811,0.000954820541664958,0.00039298844058066607,1.2648329175135586e-06,1.153882521975902e-06,0.0004777969734277576,0.00022368456120602787,1.8571974578662775e-05,0.00022491131676360965,9.515976557850081e-07,9.180661564300863e-09,9.991767910833005e-07,2.070439040835481e-05,0.0064065586775541306,0.007902268320322037,0.0,0.005716206505894661,4.2285184463253245e-05,0.37527331709861755,1.1542190314628442e-08,,,,,,
681,0.014757939614355564,9.23056480884031e-06,286.13371344003826,0.5296032428741455,0.0010541104711592197,0.00042796210618689656,1.2363879022814217e-06,1.0949781881208764e-06,0.00044510531006380916,0.00022403222101274878,1.86743800441036e-05,0.00022568505664821714,9.356630243928521e-07,9.657545874119933e-09,9.84445023277658e-07,2.066928573185578e-05,0.02248401939868927,0.009496539831161499,0.0,0.018934287130832672,3.3186057407874614e-05,0.3752826750278473,1.2132029603151295e-08,,,,,,
682,0.013269628398120403,9.194863096287395e-06,286.55054590303916,0.3671779930591583,0.000924611696973443,0.00038655009120702744,1.1064904583690804e-06,1.2780544693669071e-06,0.0002942783758044243,0.0002238121087430045,1.8784130588755943e-05,0.00022502175124827772,9.140770771409734e-07,1.0403091721400415e-08,9.635980404709699e-07,2.0631041479646228e-05,0.00884931068867445,0.014368018135428429,0.0,0.014464621432125568,2.8100916097173467e-05,0.37529200315475464,1.7074248681581139e-09,,,,,,
683,0.013622337952256203,9.159233482486517e-06,286.97215649305144,0.323261022567749,0.0008456877549178898,0.0004569762386381626,1.3766245956503553e-06,1.2663394954870455e-06,0.0004729329375550151,0.00022413456463254988,1.891788087959867e-05,0.00022446736693382263,8.958997455010831e-07,1.1086752849109871e-08,9.445840305488673e-07,2.059284997812938e-05,0.00911632739007473,0.008638113737106323,0.0,0.011469101533293724,1.1550584531505592e-05,0.3753025233745575,1.695007134649984e-09,,,,,,
684,0.014249803498387337,9.123676319087584e-06,287.397269875044,0.39160430431365967,0.0008678020676597953,0.0003775475488509983,1.2192615486128489e-06,1.2066880117345136e-06,0.00036177452420815825,0.00022590169101022184,1.9031745978281833e-05,0.00022523674124386162,8.924968710743997e-07,1.1578485725749488e-08,9.421264621778391e-07,2.060634142253548e-05,0.025227807462215424,0.02157764695584774,0.0,0.004079775884747505,6.356449739541858e-05,0.37531188130378723,1.3162692047430369e-09,,,,,,
685,0.014059252105653286,9.088191957025438e-06,287.82174505101284,0.3955651819705963,0.0010804712073877454,0.00045587646309286356,1.1676852409436833e-06,1.2098073511879193e-06,0.00023357861209660769,0.00022699347755406052,1.912855623231735e-05,0.00022591894958168268,8.928808483688044e-07,1.1101579211469925e-08,9.414233090865309e-07,2.061391933239065e-05,0.0031703731510788202,0.016383463516831398,0.0,0.011741350404918194,1.0926883078354876e-05,0.37532004714012146,4.693866184624085e-09,,,,,,
686,0.014110167510807514,9.052780746516406e-06,288.2458423820208,0.3376935124397278,0.0010912443976849318,0.00038320443127304316,1.183401082016644e-06,1.2379721283650724e-06,0.0005095332162454724,0.00022644484124612063,1.918797534017358e-05,0.0002255587314721197,9.051752272171143e-07,1.0375948988894379e-08,9.531522664474323e-07,2.0628116544685327e-05,0.023289185017347336,0.0076915728859603405,0.0,0.015654314309358597,2.2984695533523336e-05,0.3753282427787781,9.70438218672598e-09,,,,,,
687,0.011904444545507431,9.017443037054844e-06,288.66512006003177,0.23751752078533173,0.0010146264685317874,0.000369029090506956,1.1895812122020288e-06,1.2124363593102316e-06,0.0003443740715738386,0.00022513658041134477,1.9221824913984165e-05,0.00022485498629976064,9.202212822856382e-07,9.829551395057479e-09,9.682407835498452e-07,2.0667595890699886e-05,0.011687454767525196,0.004123834427446127,0.0,0.0036268034018576145,7.533507414336782e-06,0.3753375709056854,5.767991417826579e-09,,,,,,
688,0.012575148604810238,8.982179177409671e-06,289.08734090201324,0.19871537387371063,0.0009124649805016816,0.0004191286279819906,1.1218737654417055e-06,1.2066100225638365e-06,0.00040310516487807035,0.00022437190636992455,1.9215372958569787e-05,0.0002248524979222566,9.336066568721435e-07,9.506287312888162e-09,9.811012660065899e-07,2.0691921235993505e-05,0.004439860116690397,0.006166836712509394,0.0,0.01000591553747654,1.0110148650710471e-05,0.37534576654434204,2.489735528854453e-09,,,,,,
689,0.012897523120045662,8.946989515620957e-06,289.5081613410148,0.3169597089290619,0.0009958632290363312,0.00036370428279042244,1.067212906491477e-06,1.1232197039134917e-06,0.00047468984848819673,0.00022454951249528676,1.9201437680749223e-05,0.00022547169646713883,9.348947855869483e-07,9.38231181635274e-09,9.82234496404999e-07,2.0686304196715355e-05,0.010644546709954739,0.007361931726336479,0.0,0.014665513299405575,4.159305535722524e-05,0.37535393238067627,2.2972623803241277e-09,,,,,,
690,0.013312107883393764,8.911874398996444e-06,289.93128388002515,0.2355719804763794,0.0010284323943778872,0.00034082867205142975,1.2340694865997648e-06,1.28182261960319e-06,0.00035384553484618664,0.0002248271048301831,1.9182371033821255e-05,0.00022566253028344363,9.257449846700183e-07,9.464249828283755e-09,9.73190481090569e-07,2.0663424947997555e-05,0.004792544990777969,0.015693260356783867,0.0,0.020474281162023544,3.945604112232104e-05,0.375363290309906,5.693485682911614e-09,,,,,,
691,0.0147174634039402,8.876834174108169e-06,290.36584284104174,0.19842378795146942,0.0009664609679020941,0.00036873738281428814,1.3577058552982635e-06,1.2808131941710599e-06,0.0004320788139011711,0.0002250635006930679,1.9171064195688814e-05,0.00022555443865712732,9.11443180484639e-07,9.685400037540148e-09,9.592835112925968e-07,2.0629906430258416e-05,0.02420038729906082,0.021028103306889534,0.0,0.011248288676142693,2.2506988898385316e-05,0.37537381052970886,1.7819306030730786e-09,,,,,,
692,0.014022785238921642,8.841869186788996e-06,290.7837772690109,0.19876573979854584,0.0008609335054643452,0.0003755397046916187,1.2027667253278196e-06,1.2126597539463546e-06,0.0003665188269224018,0.0002256526204291731,1.9156614143867046e-05,0.0002255944418720901,9.034153549691837e-07,1.0035622999282623e-08,9.516720638202969e-07,2.061708437395282e-05,0.026590360328555107,0.010885956697165966,0.0,0.020348921418190002,5.9028541727457196e-05,0.3753843307495117,5.3085389417617534e-09,,,,,,
693,0.01268972922116518,8.806979782129239e-06,291.204038727039,0.22247907519340515,0.0008519792463630438,0.00033997255377471447,1.2043933566019405e-06,1.2154840760558727e-06,0.0004234347434248775,0.00022716897365171462,1.9106215404463e-05,0.00022637493384536356,8.978886398836039e-07,1.0396496996634141e-08,9.468148505220597e-07,2.0606385078281164e-05,0.012642456218600273,0.016016559675335884,0.0,0.003596425289288163,7.654773071408272e-05,0.3753960132598877,1.198301791127676e-09,,,,,,
694,0.01217282097786665,8.772166304473224e-06,291.6269092990551,0.21403974294662476,0.0008723249775357544,0.0003040830488316715,1.2615919331437908e-06,1.2386964272081968e-06,0.0003275565104559064,0.00022892064589541405,1.905878889374435e-05,0.00022761273430660367,8.901234878067044e-07,1.0393339522352107e-08,9.383231258652813e-07,2.0576026145135984e-05,0.007942399010062218,0.014417367056012154,0.0,0.013121183961629868,5.174797843210399e-05,0.37540653347969055,2.1047890097491972e-09,,,,,,
695,0.013318309560418129,8.737429097415941e-06,292.0528178110253,0.5117637515068054,0.0007940030773170292,0.0003779074177145958,1.0321393801859813e-06,1.2555158264149213e-06,0.00038961245445534587,0.00023047115246299654,1.9016886653844267e-05,0.00022883091878611594,8.90188971425232e-07,1.020273909801972e-08,9.384033319292939e-07,2.0574063455569558e-05,0.006438883952796459,0.014138691127300262,0.0,0.021428130567073822,6.292746547842398e-05,0.3754170536994934,5.234033206846789e-09,,,,,,
696,0.013097422197461128,8.702768503799591e-06,292.4747660680441,0.21193110942840576,0.0009069765219464898,0.0004322358581703156,1.3184553608880378e-06,1.2097826811441337e-06,0.0003228160785511136,0.00022902181081008166,1.8980241293320432e-05,0.00022781058214604855,8.963222626334755e-07,9.724355543028196e-09,9.446225135434361e-07,2.058442260022275e-05,0.007086504250764847,0.008717644959688187,0.0,0.012060388922691345,3.999663022113964e-05,0.37542757391929626,2.489735528854453e-09,,,,,,
697,0.013837114907801151,8.668184865710233e-06,292.89575008902466,0.1732294261455536,0.0008687342051416636,0.0004597181105054915,1.0186325880567892e-06,1.1622336160144187e-06,0.00033268146216869354,0.0002271507546538487,1.8927266864920966e-05,0.0002265817456645891,9.078523248717829e-07,9.310316073651848e-09,9.5590326054662e-07,2.0613579181372188e-05,0.022410115227103233,0.007132566999644041,0.0,0.010166711173951626,4.274001912563108e-05,0.3754380941390991,1.0803343775123153e-09,,,,,,
698,0.013508979231119156,8.633678524474424e-06,293.3193985930411,0.20118868350982666,0.0008101807325147092,0.0003490583912935108,1.1906945474038366e-06,1.1786947879954823e-06,0.00028132874285802245,0.00022571851150132716,1.8866441678255796e-05,0.00022583499958273023,9.174372053166735e-07,9.006055456950435e-09,9.65179651757353e-07,2.0624684111680835e-05,0.008742667734622955,0.02309788204729557,0.0,0.014031574130058289,0.0001286519691348076,0.375448614358902,1.583248532277537e-09,,,,,,
699,0.014988977462053299,8.599249820655814e-06,293.7442381000146,0.1992083191871643,0.0009483408648520708,0.0004238304099999368,1.2332325241004582e-06,1.1850702321680728e-06,0.00035904557444155216,0.00022478692699223757,1.8838089090422727e-05,0.0002256289590150118,9.210945108861779e-07,8.857873545764505e-09,9.69470079326129e-07,2.0611489162547514e-05,0.03861994296312332,0.011872472241520882,0.0,0.011029336601495743,5.360435534385033e-05,0.37545913457870483,1.4466543518665276e-09,,,,,,
700,0.013861412182450294,8.564899094051808e-06,294.168776120001,0.3639601767063141,0.0010738811688497663,0.00038122115074656904,1.1628546872088918e-06,1.25908809422981e-06,0.00038024975219741464,0.00022449549578595906,1.880860327219125e-05,0.0002257502928841859,9.206029858432885e-07,8.857471200940381e-09,9.690895694802748e-07,2.060747647192329e-05,0.020155461505055428,0.014191748574376106,0.0,0.007457285188138485,1.766704735928215e-05,0.3754696547985077,1.8253922817734747e-09,0.7824913682347667,6.101062350630509,0.6487019300688032,0.5043256440884669,0.0003908507702435967,0.0014398151975608038
701,0.013307799585163593,8.530626683690213e-06,294.6469620190328,0.5752485990524292,0.0009247151319868863,0.0004340127343311906,1.3555852547142422e-06,1.131208705373865e-06,0.0003216335317119956,0.00022425958013627678,1.878632974694483e-05,0.00022552617883775383,9.1395349954837e-07,9.115228571943135e-09,9.620139280741569e-07,2.0620878785848618e-05,0.006964750587940216,0.010770844295620918,0.0,0.01172541081905365,1.788215377018787e-05,0.37548014521598816,2.607703164514419e-09,,,,,,
702,0.013504855334758759,8.49643292782589e-06,295.0701243360527,0.4907468259334564,0.000917597149964422,0.0004166377184446901,1.2050397799612256e-06,1.1255233403062448e-06,0.0004288118798285723,0.00022515346063300967,1.877465911093168e-05,0.00022564099344890565,9.193063306156546e-07,9.777767040475283e-09,9.688531008578138e-07,2.0638652131310664e-05,0.018679127097129822,0.006933911703526974,0.0,0.012197490781545639,1.2260443327249959e-05,0.375490665435791,3.5824876398748984e-09,,,,,,
703,0.013187311589717865,8.4623181639374e-06,295.4937424400123,0.1427985280752182,0.0009245497058145702,0.0004017546016257256,1.35933021283563e-06,1.160244664788479e-06,0.0002988102496601641,0.0002275874139741063,1.8822889614966698e-05,0.00022721158165950328,8.886449904821347e-07,1.0157934937637947e-08,9.380034384776081e-07,2.059186590486206e-05,0.013720139861106873,0.01230660267174244,0.0,0.007822404615581036,2.9741815524175763e-05,0.37550118565559387,6.438543920239681e-09,,,,,,
704,0.013262166641652584,8.428282728723689e-06,295.92978602001676,0.43379685282707214,0.0008689631358720362,0.0004400185716804117,1.5143029941100394e-06,1.3468928727888851e-06,0.00036492059007287025,0.0002310557902092114,1.8860280761145987e-05,0.00022985818213783205,8.804935305306572e-07,1.0217948265278665e-08,9.282998121307173e-07,2.055244658549782e-05,0.0065642474219202995,0.006395597942173481,0.0,0.017580505460500717,4.352886389824562e-05,0.3755105435848236,9.499491193665222e-10,,,,,,
705,0.013829611241817474,8.394326958100755e-06,296.3845548440004,0.5784767270088196,0.0007762308814562857,0.00043802670552395284,1.4088734587858198e-06,1.2401911817505606e-06,0.0004014023288618773,0.00023374587181024253,1.888536280603148e-05,0.00023202293959911913,8.814276952762157e-07,1.010950168023328e-08,9.294784604207962e-07,2.0576277165673673e-05,0.021739892661571503,0.009587875567376614,0.0,0.010633022524416447,3.625772296800278e-05,0.37552106380462646,1.6329190222208467e-09,,,,,,
706,0.013892090879380703,8.360451187198352e-06,296.8151988310274,0.567225992679596,0.0010158331133425236,0.00041051380685530603,1.2655967793762102e-06,1.2417357311278465e-06,0.00040705708670429885,0.0002316795289516449,1.8931024897028692e-05,0.00023028803116176277,8.895262908481527e-07,9.6910515168247e-09,9.378635468237917e-07,2.0620978830265813e-05,0.013346822932362556,0.011575727723538876,0.0,0.014004862867295742,1.1261756299063563e-05,0.3755315840244293,3.911554968816233e-10,,,,,,
707,0.013534960336983204,8.326655750356669e-06,297.2809844990261,0.22657369077205658,0.0009705802076496184,0.00048150145448744297,1.4209178971213987e-06,1.1294954447294003e-06,0.0002626509522087872,0.00022689547040499747,1.8987215298693627e-05,0.00022661757247988135,9.015167279358138e-07,9.191760241833435e-09,9.496842494627344e-07,2.0638288333429955e-05,0.005662435200065374,0.00912599265575409,0.0,0.009147558361291885,4.759828880196437e-05,0.3755421042442322,7.438162974438001e-09,,,,,,
708,0.014039906673133373,8.292940981123012e-06,297.74244861199986,0.15796342492103577,0.0009049154468812048,0.00042056222446262836,1.228358200933144e-06,1.0850566241060733e-06,0.00037148891715332866,0.00022418753360398114,1.9061721104662865e-05,0.00022506166715174913,9.163112508758786e-07,9.007309564879051e-09,9.635446076572407e-07,2.0685509298346005e-05,0.02097742259502411,0.01294596679508686,0.0,0.010391623713076115,1.7043279513018206e-05,0.3755514621734619,1.8750629937613894e-09,,,,,,
709,0.013568220660090446,8.259307212248552e-06,298.1644575300161,0.43068990111351013,0.0008748662658035755,0.0003867630730383098,1.0133509249499184e-06,1.12123484541371e-06,0.00043379771523177624,0.00022359153081197292,1.912660627567675e-05,0.00022538260964211076,9.243660770152928e-07,8.956610564325729e-09,9.709650612421683e-07,2.0695551938842982e-05,0.024644866585731506,0.012275433167815208,0.0,0.005533177871257067,3.87769759981893e-05,0.37556082010269165,4.979471057708906e-09,,,,,,
710,0.013673108071088791,8.225754775685003e-06,298.5849651590106,0.2158462405204773,0.0008403706015087664,0.0004609074385371059,1.1779355872931774e-06,1.1839588296425063e-06,0.0006037016864866018,0.00022373867977876216,1.9183024051017128e-05,0.00022587670537177473,9.1568097104755e-07,8.964407882672276e-09,9.633588433644036e-07,2.065671287709847e-05,0.018871523439884186,0.0037841543089598417,0.0,0.007252814248204231,9.489684998698067e-06,0.3755689859390259,2.7505062671906444e-09,,,,,,
711,0.015474285930395126,8.192284002581373e-06,299.0137051810161,0.4732043445110321,0.0007370884413830936,0.0004911420401185751,1.3421133644442307e-06,1.148737283074297e-06,0.0005313108558766544,0.00022377660206984729,1.9223616618546657e-05,0.0002259489701827988,9.041037856150069e-07,9.117162136362822e-09,9.520248340777471e-07,2.0616218534996733e-05,0.013570218347012997,0.020779330283403397,0.0,0.013137247413396835,5.5788310419302434e-05,0.3755771815776825,3.6756195864739993e-09,,,,,,
712,0.013415194116532803,8.158895223280664e-06,299.44150804303354,0.14087732136249542,0.0007932399166747928,0.00039248092798516154,1.3730782484344672e-06,1.2237231885592337e-06,0.00044630811316892505,0.0002235264691989869,1.9288156181573868e-05,0.00022516577155329287,8.941960913944058e-07,9.656188737494631e-09,9.423707751921029e-07,2.059929829556495e-05,0.012074998579919338,0.010357171297073364,0.0,0.019903631880879402,7.130705853342079e-06,0.3755853474140167,6.227443449802195e-09,,,,,,
713,0.014844047836959362,8.125588767316674e-06,299.86901499301894,0.28429466485977173,0.0008872635080479085,0.0004400947073008865,1.3065307484794175e-06,1.142434371104173e-06,0.0003914949484169483,0.0002237650624010712,1.932896520884242e-05,0.0002248433156637475,8.850415156302915e-07,1.0274012751665396e-08,9.341106306237634e-07,2.0575089365593158e-05,0.00775599991902709,0.020689556375145912,0.0,0.018985604867339134,3.4245043934788555e-05,0.37559470534324646,1.4218193289394776e-09,,,,,,
714,0.01538069173693657,8.092364963410662e-06,300.29605350102065,0.20792347192764282,0.0009695723420009017,0.00043112359708175063,1.2383352441247553e-06,1.1571739833016181e-06,0.00038686254993081093,0.0002251948171760887,1.93435244000284e-05,0.00022529737907461822,8.763463483774103e-07,1.0753673507224448e-08,9.257382771465927e-07,2.0563038560794666e-05,0.018531499430537224,0.025137875229120255,0.0,0.008745593950152397,5.9298148698871955e-05,0.3756040632724762,8.102506221518979e-09,,,,,,
715,0.015924636274576187,8.059224139468157e-06,300.73261753405677,0.4035145938396454,0.0010022121714428067,0.0004621591360773891,1.2076991424692096e-06,1.1886288575624349e-06,0.0005004919948987663,0.0002272353885928169,1.938508648891002e-05,0.0002265280782012269,8.699826139491051e-07,1.0614295220534586e-08,9.179349831356376e-07,2.0538849639706314e-05,0.042469315230846405,0.011168115772306919,0.0,0.01061955839395523,4.813767736777663e-05,0.37561342120170593,3.0485292068505032e-09,,,,,,
716,0.013828489929437637,8.026166622575721e-06,301.1677856390015,0.3850863575935364,0.0009274353506043553,0.0003938262816518545,1.1420274859119672e-06,1.328837129221938e-06,0.00039457561797462404,0.0002277854218846187,1.9407521904213354e-05,0.00022684050782117993,8.785593195170804e-07,1.0167208408518036e-08,9.256349358111038e-07,2.053098432952538e-05,0.023567011579871178,0.008392746560275555,0.0,0.017009399831295013,3.247183485655114e-05,0.3756227493286133,3.806005288709002e-09,,,,,,
717,0.014070697128772736,7.993192738997694e-06,301.61793479300104,0.26290589570999146,0.0010149101726710796,0.0004739839059766382,1.0188190344706527e-06,1.2738436225845362e-06,0.0003903456381522119,0.00022771881776861846,1.9407136278459802e-05,0.00022671505575999618,8.815368346404284e-07,9.77478187280667e-09,9.290639582104632e-07,2.0554885850287974e-05,0.01891818270087242,0.006646289490163326,0.0,0.008134400472044945,2.0303679775679484e-05,0.37563326954841614,1.7819306030730786e-09,,,,,,
718,0.013169519603252411,7.960302814172993e-06,302.11952118203044,0.4909289479255676,0.0009404005249962211,0.0003774444048758596,1.19322271530109e-06,1.2195716863061534e-06,0.0005943341529928148,0.00022744601301383227,1.9380504454602487e-05,0.00022650296159554273,8.974229785962962e-07,9.495567887540801e-09,9.44951693782059e-07,2.0607656551874243e-05,0.014994881115853786,0.008462806232273579,0.0,0.007903868332505226,1.610605977475643e-05,0.3756426274776459,4.873921710668583e-09,,,,,,
719,0.013858573511242867,7.927497172711902e-06,302.6189428160433,0.051601674407720566,0.0009953969856724143,0.00043555349111557007,1.2871172430095612e-06,1.1538209037098568e-06,0.00044675986282527447,0.0002265213115606457,1.9365888874744996e-05,0.00022600957890972495,8.980055099527817e-07,9.109774268267756e-09,9.449785238757613e-07,2.058970130747184e-05,0.006372144445776939,0.012245260179042816,0.0,0.01223218534141779,2.7433561626821756e-05,0.3756519854068756,1.5956661547633644e-09,,,,,,
720,0.01268572174012661,7.89477613839286e-06,303.1212954550283,0.1769077032804489,0.000782471674028784,0.0004096467746421695,1.1050758530473104e-06,1.2373901654427755e-06,0.0003479291626717895,0.0002261883782921359,1.9346336557646282e-05,0.000226054951781407,9.032173693412915e-07,8.915878701998281e-09,9.503495448370813e-07,2.0579613192239776e-05,0.003194093471392989,0.014114917255938053,0.0,0.007186919916421175,3.302296681795269e-05,0.37566134333610535,4.128863473340516e-09,,,,,,
721,0.013795164413750172,7.862140034159263e-06,303.6347226270009,0.333406537771225,0.0010154384654015303,0.00042183545883744955,1.2868174508184893e-06,1.2166195801910362e-06,0.0002215751155745238,0.00022609591542277485,1.929679638124071e-05,0.00022624325356446207,9.030678711496876e-07,8.896651415568613e-09,9.50140190525417e-07,2.0567484170896932e-05,0.01197261642664671,0.017952127382159233,0.0,0.005526612512767315,1.9538780179573223e-05,0.3756695091724396,7.574757487915917e-10,,,,,,
722,0.013517176732420921,7.829589182116284e-06,304.1550472320523,0.39570167660713196,0.0009262855164706707,0.0003760218096431345,1.2268163800399634e-06,1.1985541732428828e-06,0.0005391279701143503,0.0002260632172692567,1.922715273394715e-05,0.00022632651962339878,9.086124919122085e-07,9.056588368139273e-09,9.54766733229917e-07,2.0590543499565683e-05,0.011135315522551537,0.011029431596398354,0.0,0.016575172543525696,2.231620419479441e-05,0.3756777048110962,2.446274072198662e-09,,,,,,
723,0.015095756389200687,7.797123903527687e-06,304.6653598039993,0.42865562438964844,0.001084333285689354,0.0004922380321659148,1.1357831226632698e-06,1.1718919949998963e-06,0.00042046926682814956,0.0002259757020510733,1.917469489853829e-05,0.0002261559566250071,9.003930472317734e-07,9.320890725916797e-09,9.471892781220959e-07,2.0563165890052915e-05,0.010940789245069027,0.01507387775927782,0.0,0.010971522890031338,3.318681410746649e-05,0.3756859004497528,1.862645149230957e-09,,,,,,
724,0.014946963638067245,7.764744518812667e-06,305.1805413380498,0.24893052875995636,0.0009071464883163571,0.0003899958392139524,1.190381567539589e-06,1.1287219194855425e-06,0.0003652457380667329,0.00022633865592069924,1.9148112187394872e-05,0.0002260961919091642,8.819988579489291e-07,9.61984980563102e-09,9.289728950534482e-07,2.05061132874107e-05,0.026057256385684013,0.014211786910891533,0.0,0.028236934915184975,4.850528057431802e-05,0.37569406628608704,5.997717433814387e-09,,,,,,
725,0.013483652845025063,7.732451347542687e-06,305.6777943240013,0.3939112722873688,0.0009522178443148732,0.0003962055779993534,1.1174228120580665e-06,1.1887593700521393e-06,0.00026218805578537285,0.000227248267037794,1.913243431772571e-05,0.00022656805231235921,8.753149813855998e-07,9.938609935034037e-09,9.224112318406696e-07,2.0489198504947126e-05,0.014850787818431854,0.014635512605309486,0.0,0.010488756000995636,3.733755147550255e-05,0.3757045865058899,2.2724272241703147e-08,0.7940985045987546,6.191562853950713,0.6530996743602427,0.5075833278677757,0.00042212390607982553,0.0013764263169471255
726,0.01373273879289627,7.700244708438298e-06,306.1440493730479,0.21683655679225922,0.0009783233981579542,0.00041606355807743967,1.2641796729440102e-06,1.1990969142061658e-06,0.00043402714072726667,0.00022704391449224204,1.9103641534456983e-05,0.0002264723734697327,8.745963668843615e-07,1.0059795663153182e-08,9.223032293448341e-07,2.050030161626637e-05,0.01898094452917576,0.008144902065396309,0.0,0.011227399110794067,3.346181983943097e-05,0.37571394443511963,7.202228147207279e-09,,,,,,
727,0.012924733571708202,7.668124919366038e-06,306.5650095580495,0.266450434923172,0.0009585123043507338,0.00040617011836729944,1.0773186431833892e-06,1.139838218477962e-06,0.000365386571502313,0.000227783209993504,1.904454802570399e-05,0.0002270391705678776,8.822821655485313e-07,1.0100605685181563e-08,9.308714083999803e-07,2.0524297724477947e-05,0.006388431414961815,0.008134115487337112,0.0,0.013928515836596489,4.441320925252512e-05,0.37572330236434937,1.0865430777329266e-09,,,,,,
728,0.013656825758516788,7.63609229733525e-06,306.9911804560106,0.28280383348464966,0.0011039365781471133,0.0004492291482165456,1.340557332696335e-06,1.1467675449239323e-06,0.0003808462934102863,0.00022846006322652102,1.9021132175112143e-05,0.00022754787642043084,8.806227356217278e-07,9.755395602439876e-09,9.285524242841348e-07,2.05286851269193e-05,0.009382091462612152,0.006852342281490564,0.0,0.011178185231983662,1.4939171705918852e-05,0.3757326602935791,2.0985804205508884e-09,,,,,,
729,0.012882690876722336,7.604147158494985e-06,307.415799635055,0.49432137608528137,0.0009272724273614585,0.0003748279996216297,1.3334786217455985e-06,1.1271594075878966e-06,0.0003901238087564707,0.00022825282940175384,1.898090158647392e-05,0.0002273930294904858,8.822675567898841e-07,9.25427201536877e-09,9.294832921113994e-07,2.052568015642464e-05,0.006248037796467543,0.010394737124443054,0.0,0.016072314232587814,3.2524803827982396e-05,0.37574201822280884,2.353141681510351e-09,,,,,,
730,0.014107943512499332,7.572289818130855e-06,307.8443500720314,0.5336281061172485,0.0008601248846389353,0.0005072635831311345,1.2702380445261952e-06,1.2116572634113254e-06,0.0004411313566379249,0.00022603842080570757,1.8928476492874324e-05,0.00022589354193769395,8.953705901149078e-07,8.885354674248447e-09,9.432214937987737e-07,2.0528137611108832e-05,0.011211956851184368,0.00819705706089735,0.0,0.009287552908062935,1.4425494555325713e-05,0.3757525384426117,4.495183780761636e-09,,,,,,
731,0.012483534403145313,7.540520590661966e-06,308.26925545500126,0.24232546985149384,0.000869578740093857,0.0004012793069705367,1.1845069138871622e-06,1.1246078202020726e-06,0.0003570642729755491,0.00022484442160930485,1.8844875739887357e-05,0.0002252767008030787,8.993952178570908e-07,8.865725042994654e-09,9.455752092435432e-07,2.0588477127603255e-05,0.005438158754259348,0.007800581865012646,0.0,0.012101611122488976,1.534979855932761e-05,0.37576189637184143,2.8188029688180904e-09,,,,,,
732,0.014633026905357838,7.508839789637759e-06,308.69075280905236,0.3532572388648987,0.0011160527355968952,0.00041741676977835596,1.3023367273490294e-06,1.056259293363837e-06,0.0004302582237869501,0.00022407417418435216,1.8752527466858737e-05,0.00022508445545099676,9.062499657375156e-07,8.875261414686975e-09,9.517332273389911e-07,2.061289706034586e-05,0.008986836299300194,0.020949535071849823,0.0,0.007151441648602486,7.287345943041146e-05,0.3757712244987488,1.4199564191130776e-08,,,,,,
733,0.014325756579637527,7.477247727734951e-06,309.1140873810509,0.338491827249527,0.0009987491648644209,0.000419607968069613,1.1970678315265104e-06,1.2176649306638865e-06,0.0004163925477769226,0.00022380681184586138,1.867446189862676e-05,0.0002252360718557611,8.941917712945724e-07,8.888565439235663e-09,9.404945444657642e-07,2.0578441763063893e-05,0.02403799071907997,0.010449507273733616,0.0,0.012255242094397545,5.068607424618676e-05,0.3757805824279785,1.4776984080810962e-09,,,,,,
734,0.014772947877645493,7.445744716754433e-06,309.5438902300084,0.36800307035446167,0.0008938777609728277,0.0004817371955141425,1.1902091046067653e-06,1.1580343652894953e-06,0.000396255956729874,0.00022376184642780572,1.860029442468658e-05,0.00022523454390466213,8.866925327311037e-07,9.020086011446438e-09,9.330817078989639e-07,2.0565315935527906e-05,0.019220778718590736,0.011854859068989754,0.0,0.01365693286061287,4.251914651831612e-05,0.37578877806663513,5.109856537899304e-09,,,,,,
735,0.013230809010565281,7.414331067618215e-06,309.97165231604595,0.2379404604434967,0.0009542261832393706,0.0003598639159463346,1.4197696600604104e-06,1.165946855508082e-06,0.0005073328502476215,0.00022409987286664546,1.8510971131036058e-05,0.00022528409317601472,8.805112656773417e-07,9.470079831430667e-09,9.270722216569993e-07,2.0566916646203026e-05,0.017693093046545982,0.010440271347761154,0.0,0.008820717222988605,4.318928040447645e-05,0.37579694390296936,3.414849514271623e-09,,,,,,
736,0.01350407674908638,7.38300709036632e-06,310.4018988290336,0.35525429248809814,0.000974040012806654,0.0004305762122385204,1.2603298955582432e-06,1.2054974831698928e-06,0.0004609145689755678,0.00022536920732818544,1.8453005395713262e-05,0.00022607107530348003,8.757389764468826e-07,9.996947269996781e-09,9.232132356373768e-07,2.0563104044413194e-05,0.010715756565332413,0.00643153628334403,0.0,0.014125955291092396,2.212056642747484e-05,0.375805139541626,5.6624420707862555e-09,,,,,,
737,0.01259506307542324,7.351773094153767e-06,310.82771226303885,0.16416478157043457,0.0009737304644659162,0.0004161642864346504,1.021005346046877e-06,1.1747063126676949e-06,0.0002942397550214082,0.0002275285660289228,1.8436241589370184e-05,0.00022768623603042215,8.603744277024816e-07,1.019162887416769e-08,9.070098485608469e-07,2.0524588762782514e-05,0.008525968529284,0.005019419826567173,0.0,0.011895859614014626,2.4861848942236975e-05,0.3758133351802826,1.8347055430467663e-08,,,,,,
738,0.013484679162502289,7.320629387247489e-06,311.2563005630509,0.414307564496994,0.0009132442064583302,0.00040849295328371227,1.0532439773669466e-06,1.2527764283731813e-06,0.000460960844065994,0.00022963098308537155,1.841134508140385e-05,0.00022936023015063256,8.61036255628278e-07,1.0131412153668862e-08,9.068758117791731e-07,2.05020605790196e-05,0.006608990021049976,0.007576477248221636,0.0,0.02403949201107025,1.3198252418078482e-05,0.3758215010166168,3.141661597538814e-09,,,,,,
739,0.01382562704384327,7.2895762770232975e-06,311.6778669760097,0.4141303300857544,0.0010910360142588615,0.0004092773306183517,1.3522106883101515e-06,1.2222567420394626e-06,0.00040636747144162655,0.0002315616438863799,1.83855154318735e-05,0.0002309000410605222,8.604305321568972e-07,1.00644808043171e-08,9.070701594282582e-07,2.052818854281213e-05,0.003713347017765045,0.017791058868169785,0.0,0.006219982169568539,6.526279321406037e-05,0.37583205103874207,3.5328171499315886e-09,,,,,,
740,0.012660105712711811,7.258614069962854e-06,312.1047488230397,0.5547166466712952,0.001021521631628275,0.0003282658290117979,1.036139565258054e-06,1.16888645607105e-06,0.00042158761061728,0.00023060865350998938,1.8396445739199407e-05,0.00023005003458820283,8.704159881744999e-07,9.59873247552423e-09,9.170659609480936e-07,2.0553223293973133e-05,0.014416114427149296,0.01011503767222166,0.0,0.01135089062154293,8.203403922379948e-06,0.3758413791656494,1.1237960562127114e-09,,,,,,
741,0.012984366156160831,7.227743071650636e-06,312.5300510520465,0.22637194395065308,0.000954235321842134,0.00040425019687972963,1.070969233296637e-06,1.2144657830504002e-06,0.0003290365857537836,0.00022717760293744504,1.843187965278048e-05,0.00022727003670297563,8.802717275102623e-07,8.999793799091549e-09,9.266487950299052e-07,2.0554251022986136e-05,0.003240779973566532,0.016308095306158066,0.0,0.004059912636876106,4.125724080950022e-05,0.37585073709487915,1.6018748549839756e-09,,,,,,
742,0.013872162438929081,7.196963586770939e-06,312.95917062001536,0.4915991425514221,0.0009204834350384772,0.0004120216181036085,9.964588798538898e-07,1.2053035334247397e-06,0.00040608865674585104,0.00022461297339759767,1.845991391746793e-05,0.0002255609433632344,8.94101674475678e-07,8.696752651360384e-09,9.413356565346476e-07,2.054477772617247e-05,0.011410254053771496,0.014920159243047237,0.0,0.013059105724096298,4.434243601281196e-05,0.37585893273353577,8.959323061219493e-09,,,,,,
743,0.014156489633023739,7.1662759191048575e-06,313.3857894540415,0.2050478607416153,0.0008490339387208223,0.00037136496393941343,1.0150231446459657e-06,1.2057263347742264e-06,0.00045354882604442537,0.00022395756968762726,1.8488211935618892e-05,0.00022536423057317734,8.939068152358232e-07,8.653844751904671e-09,9.397546705258719e-07,2.0574501832015812e-05,0.013018039986491203,0.021984510123729706,0.0,0.01396436057984829,2.794607644318603e-05,0.3758671283721924,1.259148341148375e-08,,,,,,
744,0.014728115871548653,7.135680371527277e-06,313.8156225020066,0.44235438108444214,0.0009724738774821162,0.00047228121547959745,1.0955211564578349e-06,1.210426603392989e-06,0.000327892426867038,0.0002237430599052459,1.8519214791012928e-05,0.00022544997045770288,9.001469152281061e-07,8.683453067703795e-09,9.452621156924579e-07,2.0586132450262085e-05,0.025411617010831833,0.012407983653247356,0.0,0.007325488142669201,4.7347552026622e-05,0.3758752942085266,3.259629011154175e-09,,,,,,
745,0.013243946246802807,7.105177246003898e-06,314.241030187055,0.38365450501441956,0.0009140335023403168,0.0004367676447145641,1.2571393881444237e-06,1.1452332273620414e-06,0.0004282262525521219,0.0002236650325357914,1.8578735762275755e-05,0.0002253280399600044,8.891703942026652e-07,8.799443840246113e-09,9.350139862362994e-07,2.0555693481583148e-05,0.01047383714467287,0.008223017677664757,0.0,0.008006807416677475,2.475496512488462e-05,0.3758834898471832,3.6880372089598268e-09,,,,,,
746,0.013493194244801998,7.074766843588261e-06,314.66463295702124,0.3680011034011841,0.0008673517149873078,0.0004618510138243437,1.3867855841454002e-06,1.2813686680601677e-06,0.00036239420296624303,0.0002238544257124886,1.8630764316185378e-05,0.00022519852791447192,8.709363896741706e-07,8.977890431083324e-09,9.176682738143427e-07,2.0490722818067297e-05,0.0038256091065704823,0.01080678217113018,0.0,0.01134459674358368,8.271112164948136e-05,0.37589049339294434,7.51266937548678e-10,,,,,,
747,0.012584254145622253,7.044449464418756e-06,315.0940440490376,0.19918808341026306,0.000843412708491087,0.00037398975109681487,1.1622688589341124e-06,1.20822903681983e-06,0.0002958021068479866,0.00022451278346125036,1.8673434169613756e-05,0.0002253424027003348,8.616024160801317e-07,9.359337305170357e-09,9.082724545805831e-07,2.0473089534789324e-05,0.00835961289703846,0.014356757514178753,0.0,0.008179311640560627,2.8110220227972604e-05,0.37589752674102783,7.897616782770456e-09,,,,,,
748,0.014493303373456001,7.01422540771567e-06,315.52035989804426,0.21228303015232086,0.0009977460140362382,0.0003961525799240917,1.2995327551834635e-06,1.1141578397655394e-06,0.0004291927325539291,0.00022570670989807695,1.8682272639125586e-05,0.0002259978500660509,8.567018880967225e-07,9.865846806178524e-09,9.040526265380322e-07,2.0475947167142294e-05,0.0023804455995559692,0.020818887278437614,0.0,0.021136870607733727,8.560808782931417e-05,0.37590453028678894,1.0815759843296746e-08,,,,,,
749,0.012638544663786888,6.984094971778257e-06,315.94869304203894,0.3859882652759552,0.0008264576899819076,0.00038016907637938857,1.295460947403626e-06,1.1316794825688703e-06,0.0002871591132134199,0.00022646151774097234,1.873503606475424e-05,0.00022648893354926258,8.586597459725454e-07,1.0048945675578125e-08,9.066792472367524e-07,2.048329042736441e-05,0.009565828368067741,0.011766048148274422,0.0,0.012615572661161423,1.6360547306248918e-05,0.37591272592544556,2.514571217915318e-09,,,,,,
750,0.014138628728687763,6.954058453981744e-06,316.37489668501075,0.17010490596294403,0.001009261468425393,0.0004154552589170635,1.3991251535117044e-06,1.2159630387031939e-06,0.0003492352261673659,0.00022604051628150046,1.8801809346769005e-05,0.0002261797635583207,8.567188842789619e-07,9.714366200341829e-09,9.03830141396611e-07,2.046992813120596e-05,0.02244018390774727,0.01261502131819725,0.0,0.009504977613687515,1.0840127288247459e-05,0.3759209215641022,1.1920929798847624e-09,0.7940146166951193,6.190908782415461,0.6495571945345884,0.5088247749199934,0.00031944143446420404,0.0013372335438396367
751,0.012655937112867832,6.9241161507744395e-06,316.84323711600155,0.09330765157938004,0.0009663270902819932,0.0004070793220307678,1.0395492608950008e-06,1.241049858435872e-06,0.0002644806227181107,0.00022568994609173387,1.8850916603696533e-05,0.00022592066670767963,8.629161811768427e-07,9.390108246520867e-09,9.09867253540142e-07,2.048347596428357e-05,0.0016002405900508165,0.007039710879325867,0.0,0.019909437745809555,1.4031407772563398e-05,0.3759279251098633,1.7757216808078624e-09,,,,,,
752,0.013993154279887676,6.894268357674781e-06,317.27021259703906,0.12151239812374115,0.0010568964062258601,0.00043332530185580254,1.3708671531276195e-06,1.1787567473220406e-06,0.0003977968299295753,0.0002254909195471555,1.8910910512204282e-05,0.00022577340132556856,8.699382760823937e-07,9.125523448005879e-09,9.167590064862452e-07,2.0500854589045048e-05,0.003202324267476797,0.01685059629380703,0.0,0.008401474915444851,5.723530921386555e-05,0.3759361207485199,9.623667196478891e-09,,,,,,
753,0.013185853138566017,6.864515369268446e-06,317.7007043030462,0.18382211029529572,0.000812979182228446,0.0004168861487414688,1.3269791452330537e-06,1.2152730732850614e-06,0.00036632793489843607,0.00022558450291398913,1.8975313651026227e-05,0.00022579218784812838,8.776754611972137e-07,8.961441366750478e-09,9.241472866960976e-07,2.052726995316334e-05,0.015168348327279091,0.011210689321160316,0.0,0.0068575674667954445,3.9620626921532676e-05,0.3759442865848541,2.986441094421366e-09,,,,,,
754,0.013903666287660599,6.83485747920541e-06,318.1260518800118,0.21119070053100586,0.0010589229641482234,0.0004029948031529784,1.0682005040507647e-06,1.1382156799299992e-06,0.0003829551860690117,0.00022523978259414434,1.903802876768168e-05,0.00022552315203938633,8.818312267067085e-07,8.860454592252154e-09,9.279858090849302e-07,2.054119249805808e-05,0.024981696158647537,0.012013556435704231,0.0,0.003461793065071106,4.284276292310096e-05,0.3759513199329376,1.5087424642956648e-09,,,,,,
755,0.013502971269190311,6.8052949801970824e-06,318.5595352150267,0.16030190885066986,0.0008586557232774794,0.0004132995381951332,1.0410693676021765e-06,1.1592508144531166e-06,0.0002921372652053833,0.00022461163462139666,1.910017635964323e-05,0.00022511386487167329,8.81358971582813e-07,8.83321860101205e-09,9.27900941860571e-07,2.0530189431156032e-05,0.004900253843516111,0.018643848598003387,0.0,0.011632725596427917,3.7375411920947954e-05,0.3759571611881256,5.631397570482477e-09,,,,,,
756,0.01626736856997013,6.775828164013385e-06,318.98314839904197,0.22682885825634003,0.0010318160057067871,0.0004343896871432662,1.093676473828964e-06,1.240386268364091e-06,0.00038876684266142547,0.00022408721270039678,1.9141738448524848e-05,0.00022485016961582005,8.796282031653391e-07,8.869378120834881e-09,9.25990548239497e-07,2.0522275008261204e-05,0.013766956515610218,0.035310063511133194,0.0,0.008464673534035683,4.3376021494623274e-05,0.3759641647338867,1.5211600867814923e-09,,,,,,
757,0.013063066639006138,6.746457321479906e-06,319.4063365270267,0.318310409784317,0.0008722579223103821,0.00042379237129352987,1.2367106592137134e-06,1.2193388556624996e-06,0.000313804077450186,0.0002236582658952102,1.9156261259922758e-05,0.00022483769862446934,8.769727628532564e-07,8.920689964497797e-09,9.235322977474425e-07,2.0498682715697214e-05,0.01334044337272644,0.010399436578154564,0.0,0.006681403145194054,2.0709860109491274e-05,0.3759700357913971,2.309680002809955e-09,,,,,,
758,0.01454145461320877,6.717182742475e-06,319.8266091160476,0.3078499734401703,0.0010171227622777224,0.0004859212494920939,1.1258059657848207e-06,1.1538285207279841e-06,0.0003279666125308722,0.00022369732323568314,1.9121180230285972e-05,0.00022507476387545466,8.70039457367966e-07,9.135364464896156e-09,9.158546845355886e-07,2.0507148292381316e-05,0.005683817435055971,0.0175605658441782,0.0,0.008322184905409813,4.320838343119249e-05,0.3759758770465851,1.167257623890805e-09,,,,,,
759,0.013928106985986233,6.688004715926939e-06,320.2483197480324,0.38851815462112427,0.0009778747335076332,0.0004195494984742254,1.1937477211176883e-06,1.0759031283669174e-06,0.00030354689806699753,0.00022396340500563383,1.9080494894296862e-05,0.00022516063472721726,8.694337338965852e-07,9.513453136378303e-09,9.154910003417172e-07,2.0511692127911374e-05,0.01195064838975668,0.017092252150177956,0.0,0.00951844546943903,2.207985016866587e-05,0.37598171830177307,2.6201210090448512e-09,,,,,,
760,0.014169189147651196,6.658923529811068e-06,320.66988980502356,0.15580029785633087,0.0010753764072433114,0.00041864876402541995,1.1286174412816763e-06,1.1910138937309966e-06,0.00048142828745767474,0.00022432528203353286,1.905116550915409e-05,0.00022526585962623358,8.559553634768235e-07,9.786218946317149e-09,9.018751825351501e-07,2.0473335098358802e-05,0.02321993187069893,0.008853490464389324,0.0,0.008802514523267746,2.3521030016127042e-05,0.37598755955696106,2.874682492048919e-09,,,,,,
761,0.012976262718439102,6.62993947114696e-06,321.093738153053,0.2937125265598297,0.001071567414328456,0.00039043399738147855,1.0178272304983693e-06,1.1520181715241051e-06,0.00043006878695450723,0.00022486293164547533,1.90249575098278e-05,0.00022546328546013683,8.510345423928811e-07,1.0006597328526823e-08,8.966928817244479e-07,2.0458504877751693e-05,0.01547329593449831,0.0044472962617874146,0.0,0.011290619149804115,4.557170541374944e-06,0.37599343061447144,4.904966210972361e-09,,,,,,
762,0.014802438206970692,6.601052825995567e-06,321.51627607800765,0.10760197043418884,0.0008789155981503427,0.0004562448593787849,1.2287750905670691e-06,1.1769208185796742e-06,0.0003682859241962433,0.00022625013662036508,1.8974056729348376e-05,0.0002262467023683712,8.49454579565645e-07,1.0306441922125487e-08,8.956617421063129e-07,2.0460669475141913e-05,0.011651488952338696,0.014492804184556007,0.0,0.02491217851638794,1.7503538401797414e-05,0.3759992718696594,4.4144687905145474e-09,,,,,,
763,0.014174631796777248,6.572263879456408e-06,321.9414546780172,0.16267694532871246,0.0010243242140859365,0.00042619387386366725,1.1220159876756952e-06,1.22513199585228e-06,0.0003175006713718176,0.00022776142577640712,1.894940396596212e-05,0.00022728230396751314,8.514168712281389e-07,1.0296783869989667e-08,8.978422556538135e-07,2.0467046851990744e-05,0.01908315159380436,0.015973582863807678,0.0,0.005140721332281828,3.7460209568962455e-05,0.37600627541542053,2.3407240590245237e-09,,,,,,
764,0.014694137498736382,6.543572915664776e-06,322.36613017803757,0.15497982501983643,0.0010628511663526297,0.00044402846833691,1.2125443618060672e-06,1.24823577607458e-06,0.00026198651175945997,0.00022908239043317735,1.8938571884064004e-05,0.0002282484492752701,8.532253445991955e-07,9.954255197897055e-09,8.989744628706831e-07,2.0463034161366522e-05,0.013363854959607124,0.019672848284244537,0.0,0.010465692728757858,1.056022483680863e-05,0.37601330876350403,1.1983018133321366e-08,,,,,,
765,0.013578909449279308,6.5149802177888935e-06,322.7934615420527,0.4870005249977112,0.0008560302085243165,0.0004437043680809438,1.2621743508134387e-06,1.2597204204212176e-06,0.0004325238987803459,0.00023010079166851938,1.8925733456853777e-05,0.00022899812029208988,8.578125516578439e-07,9.548969615025271e-09,9.030900400830433e-07,2.0455863705137745e-05,0.01042405515909195,0.009341271594166756,0.0,0.012835129164159298,2.4976419808808714e-05,0.37602031230926514,1.1175871339474952e-09,,,,,,
766,0.014342003501951694,6.486486068027142e-06,323.2231050240225,0.2517346441745758,0.0009231428848579526,0.0004172395565547049,1.3159545915186754e-06,1.2078969575668452e-06,0.0004063701198901981,0.00022896901646163315,1.891253486974165e-05,0.00022810636437498033,8.658252568238822e-07,9.129169420418748e-09,9.112288807955338e-07,2.046581357717514e-05,0.0127247404307127,0.017999494448304176,0.0,0.012984717264771461,3.3653879654593766e-05,0.37602734565734863,9.561579306094359e-10,,,,,,
767,0.015309215523302555,6.45809074760528e-06,323.64488154504215,0.306559681892395,0.001164980698376894,0.0004365229979157448,1.0032915724877967e-06,1.1663506711556693e-06,0.0003590061969589442,0.00022743652516510338,1.890093699330464e-05,0.00022704403090756387,8.715849162399536e-07,8.880560287138906e-09,9.169942813969101e-07,2.048373789875768e-05,0.033292245119810104,0.014721415936946869,0.0,0.007004508748650551,3.0592211260227486e-05,0.37603434920310974,4.867712899425669e-09,,,,,,
768,0.01480257697403431,6.42979453677366e-06,324.06873150501633,0.19427092373371124,0.0008654746343381703,0.0004320172010920942,1.230094653692504e-06,1.1690826795529574e-06,0.00034133935696445405,0.00022608494327869266,1.8850198102882132e-05,0.00022636662470176816,8.757155569583119e-07,8.768402892656013e-09,9.208977189700818e-07,2.049469912890345e-05,0.018370551988482475,0.015399843454360962,0.0,0.02335509844124317,3.928659498342313e-05,0.37604138255119324,1.6329190222208467e-09,,,,,,
769,0.01529473252594471,6.401597714804457e-06,324.490240002051,0.269110769033432,0.0010362117318436503,0.00046384436427615583,1.0192198942604591e-06,1.1850306691485457e-06,0.0004650386981666088,0.00022541082580573857,1.8812626876751892e-05,0.00022647051082458347,8.765969141677488e-07,8.68897664929591e-09,9.218682635037112e-07,2.0486560970311984e-05,0.029983852058649063,0.013640673831105232,0.0,0.0065903733484447,2.5816292691160925e-05,0.37604954838752747,2.247591890380818e-09,,,,,,
770,0.012589996680617332,6.373500559988912e-06,324.912225854001,0.589036762714386,0.0007612170302309096,0.00037359556881710887,1.3441822375170887e-06,1.1679878753056983e-06,0.00041202595457434654,0.00022528394765686244,1.877378781500738e-05,0.00022687013552058488,8.710632073416491e-07,8.715351995647325e-09,9.168704195872124e-07,2.045970904873684e-05,0.017152603715658188,0.007551831193268299,0.0,0.011434309184551239,2.5196088245138526e-05,0.37605658173561096,1.415610295651959e-09,,,,,,
771,0.014341620728373528,6.345503349634613e-06,325.3362695440301,0.29296329617500305,0.0008877814398147166,0.0004017414175905287,1.3670304497281904e-06,1.2496930139604956e-06,0.00046061910688877106,0.00022474757861346006,1.8742246538749896e-05,0.00022635665663983673,8.678854896970734e-07,8.984524235700064e-09,9.137738743447699e-07,2.046503868768923e-05,0.018421679735183716,0.017900262027978897,0.0,0.010286776348948479,3.612828004406765e-05,0.37606358528137207,8.133550721822758e-09,,,,,,
772,0.014256233349442482,6.317606360062712e-06,325.75702853803523,0.2931365370750427,0.0009579461184330285,0.0004531749873422086,1.236045591213042e-06,1.2287403023947263e-06,0.00044317671563476324,0.00022432897822000086,1.8724051187746227e-05,0.00022577620984520763,8.603968808529316e-07,9.350517693462734e-09,9.06968125491403e-07,2.045369183178991e-05,0.018294472247362137,0.007563103921711445,0.0,0.015877824276685715,1.2478822100092657e-05,0.37607061862945557,3.011276339393021e-09,,,,,,
773,0.013340490870177746,6.289809866605244e-06,326.2167528050486,0.3436659276485443,0.0009772549383342266,0.0004643804277293384,1.3861399565939792e-06,1.1668096249195514e-06,0.00038019646308384836,0.00022418596199713647,1.8693446691031568e-05,0.00022553716553375125,8.462111509288661e-07,9.597878936062898e-09,8.925839551920944e-07,2.0417593987076543e-05,0.015492457896471024,0.0056015560403466225,0.0,0.0023481175303459167,5.286935265758075e-05,0.3760776221752167,1.1964392143681835e-08,,,,,,
774,0.014238855801522732,6.262114143602367e-06,326.63770505203865,0.3359763026237488,0.0009603793732821941,0.00044207923929207027,1.134334866037534e-06,1.120973479373788e-06,0.0003059723530896008,0.00022461368644144386,1.866265847638715e-05,0.00022564371465705335,8.406086635659449e-07,9.925378741115765e-09,8.871982117852895e-07,2.04121861315798e-05,0.020091723650693893,0.013284876011312008,0.0,0.010612599551677704,3.163900692015886e-05,0.37608465552330017,1.3597309944657354e-09,,,,,,
775,0.014211381785571575,6.234519464399694e-06,327.0637123430497,0.1951853483915329,0.0010877058375626802,0.00044604396680369973,1.1740519312297693e-06,1.169030610981281e-06,0.00041299592703580856,0.00022648152662441134,1.864429395936895e-05,0.0002268652751808986,8.390402399527375e-07,1.0172324316215509e-08,8.862757567840163e-07,2.0421415683813393e-05,0.01275544986128807,0.013783464208245277,0.0,0.00570716243237257,3.426000694162212e-05,0.37609049677848816,3.1478704087817277e-09,0.7991783711064827,6.231170424787495,0.6514756108527744,0.5004520917303682,0.0003733084555460377,0.0013056145055543198
776,0.012284067459404469,6.207026101345567e-06,327.53075864101993,0.7270213961601257,0.0009777989471331239,0.00033617601729929447,1.2052248621330364e-06,1.2131926041547558e-06,0.0002604764304123819,0.00022989741410128772,1.8645358068170026e-05,0.0002295186131959781,8.40539200908097e-07,1.0109657111456727e-08,8.880301720637362e-07,2.0437108105397783e-05,0.00868069939315319,0.01084119826555252,0.0,0.014030280523002148,1.5174720829236321e-05,0.37609633803367615,8.816520846721687e-10,,,,,,
777,0.014264787547290325,6.179634325788377e-06,327.9575141830137,0.2923433482646942,0.0007955911569297314,0.00043701461981981993,9.751112202138756e-07,1.215204179061402e-06,0.0004773596301674843,0.00023026202688924968,1.8654498489922844e-05,0.00022981257643550634,8.438596523774322e-07,9.484585561381209e-09,8.901954515749821e-07,2.0425413822522387e-05,0.02594536542892456,0.012277649715542793,0.0,0.008675245568156242,1.5082102436281275e-05,0.3761022090911865,3.2223761436966925e-09,,,,,,
778,0.014090375043451786,6.152344408073885e-06,328.37976230005734,0.4620535671710968,0.0009985103970393538,0.00045055706868879497,1.1802899280155543e-06,1.2210339264129288e-06,0.0003788479953072965,0.00022958531917538494,1.8659135093912482e-05,0.00022925420489627868,8.546485332772136e-07,9.032657288798873e-09,9.013938324642368e-07,2.0426819901331328e-05,0.018928181380033493,0.005991767160594463,0.0,0.016061237081885338,4.862810601480305e-05,0.3761080503463745,2.0737449535346286e-09,,,,,,
779,0.012439197860658169,6.125156617542574e-06,328.801075624011,0.17103536427021027,0.0009327125735580921,0.0003594238660298288,1.0531002772040665e-06,1.247540240001399e-06,0.00032448532874695957,0.00022780190920457244,1.865484045993071e-05,0.00022781529696658254,8.584296438129968e-07,8.784276417372894e-09,9.050372682395391e-07,2.0462019165279344e-05,0.009573777206242085,0.00770930852741003,0.0,0.01643741875886917,2.5035722501343116e-05,0.3761150538921356,1.123795945190409e-09,,,,,,
780,0.013707642443478107,6.098071222526954e-06,329.2239956850535,0.3943350613117218,0.0008518214453943074,0.0004137549549341202,1.0754304184956709e-06,1.1254226137680234e-06,0.0004429697000887245,0.0002263134520035237,1.8633343643159606e-05,0.00022667774464935064,8.681462873028067e-07,8.679959861979114e-09,9.13835492610815e-07,2.0489791495492682e-05,0.020504213869571686,0.010176831856369972,0.0,0.0113684656098485,3.308914165245369e-05,0.3761220872402191,1.098960700218754e-09,,,,,,
781,0.013990018516778946,6.071088490348936e-06,329.64262128504924,0.1751265674829483,0.0009230803116224706,0.00041048176353797317,1.1694568229358993e-06,1.1534450550243491e-06,0.0002550081699155271,0.00022492115385830402,1.8630435079103336e-05,0.00022576951596420258,8.675164053784101e-07,8.583743493773e-09,9.13351129838702e-07,2.04758980544284e-05,0.018893040716648102,0.01629091612994671,0.0,0.010675104334950447,7.949246355565265e-05,0.3761290907859802,3.9612255697818455e-09,,,,,,
782,0.01309124194085598,6.0442086873172e-06,330.07201994705247,0.14300453662872314,0.0009777824161574244,0.00038226874312385917,1.3086449826005264e-06,1.1085079449912882e-06,0.00041922935633920133,0.0002244868373963982,1.8626864402904175e-05,0.0002255776198580861,8.661962738187867e-07,8.56514326130764e-09,9.120774393522879e-07,2.0459838196984492e-05,0.008113155141472816,0.01576472818851471,0.0,0.0035732549149543047,1.4478569937637076e-05,0.3761361241340637,3.76875197716231e-09,,,,,,
783,0.013225767761468887,6.017432078724547e-06,330.4907352620503,0.48731666803359985,0.0008299410692416131,0.00043825956527143717,1.2321648910074146e-06,1.0995195225405041e-06,0.00045777083141729236,0.00022448363597504795,1.861657619883772e-05,0.00022565094695892185,8.625570444564801e-07,8.621464431257664e-09,9.084966450245702e-07,2.044472421403043e-05,0.014414198696613312,0.009453652426600456,0.0,0.003044733079150319,5.2768835303140804e-05,0.3761419653892517,4.060566993757675e-09,,,,,,
784,0.014428188093006611,5.9907589288452885e-06,330.91176585602807,0.2473394125699997,0.0009819109691306949,0.0003532312694005668,1.096989194593334e-06,1.1842688536489732e-06,0.00036446884041652083,0.00022503793297801167,1.8606022422318347e-05,0.00022581417579203844,8.590832294430584e-07,8.869162293478894e-09,9.047382150129124e-07,2.0443545508896932e-05,0.023023130372166634,0.020937036722898483,0.0,0.013737762346863747,5.5574517318746075e-05,0.3761466443538666,2.024074463591319e-09,,,,,,
785,0.014242577366530895,5.96418950093265e-06,331.3347280890448,0.21170271933078766,0.0009478952270001173,0.00044856680324301124,1.2887730918009765e-06,1.1422404213590198e-06,0.0002920862170867622,0.00022613098553847522,1.8604190699988976e-05,0.00022634731431026012,8.539835789633798e-07,9.24076459796197e-09,9.001004741548968e-07,2.0427583876880817e-05,0.02217855677008629,0.010236646048724651,0.0,0.013644687831401825,3.027974526048638e-05,0.37615132331848145,1.362214430145059e-08,,,,,,
786,0.013839954510331154,5.937724057216162e-06,331.75459274300374,0.10955658555030823,0.0009714672924019396,0.000435137510066852,1.1416552752052667e-06,1.1436596878411365e-06,0.0005079596303403378,0.00022738351253792644,1.858367795648519e-05,0.00022713467478752136,8.450377890767413e-07,9.524288913098644e-09,8.911893019103445e-07,2.0407400370459072e-05,0.003995066042989492,0.00863507017493248,0.0,0.021110480651259422,2.888251947297249e-05,0.37615716457366943,7.810691649012824e-09,,,,,,
787,0.014139693230390549,5.9113628588990675e-06,332.17352939303964,0.07643456012010574,0.0010545820696279407,0.00043824518797919154,1.0987629366354668e-06,1.1793835028583999e-06,0.0004578126536216587,0.00022856754367239773,1.8560878743301146e-05,0.00022793958487454802,8.398305340051593e-07,9.660553246249037e-09,8.856954423208663e-07,2.0386773030622862e-05,0.01407713070511818,0.009957227855920792,0.0,0.01247083768248558,2.4825094442348927e-05,0.3761630356311798,8.568168397005138e-10,,,,,,
788,0.012821229174733162,5.885106166155749e-06,332.5950504760258,0.22637242078781128,0.000806710624601692,0.0003720147942658514,1.1798384775829618e-06,1.2352267049209331e-06,0.0005015966016799212,0.0002296684106113389,1.853128196671605e-05,0.00022871463443152606,8.384533316529996e-07,9.681792256799326e-09,8.840199257065251e-07,2.0374776795506477e-05,0.02381649613380432,0.006784481927752495,0.0,0.006125424988567829,3.8841353671159595e-05,0.3761688768863678,8.381903504606214e-10,,,,,,
789,0.01411506999284029,5.85895423812916e-06,333.0230545049999,0.27445167303085327,0.0007575488998554647,0.0005268938839435577,1.3951730579719879e-06,1.1891714848388801e-06,0.0003454466350376606,0.00022986768453847617,1.851301931310445e-05,0.00022880446340423077,8.405415883316891e-07,9.5336014638292e-09,8.86057364368753e-07,2.037316153291613e-05,0.006154148373752832,0.011728995479643345,0.0,0.010338171385228634,3.526121872710064e-05,0.3761747181415558,2.2289654566520767e-09,,,,,,
790,0.01440935954451561,5.832907332928277e-06,333.45021537702996,0.24374578893184662,0.0008765975944697857,0.0004651421622838825,1.3531152944779024e-06,1.1027816526620882e-06,0.0003286524151917547,0.00022935499146115035,1.8503511455492117e-05,0.0002283641806570813,8.47656451696821e-07,9.331059480643944e-09,8.934322863751731e-07,2.0398583728820086e-05,0.026845715939998627,0.008222827687859535,0.0,0.013880077749490738,1.7417547496734187e-05,0.3761805593967438,3.4521021596845003e-09,,,,,,
791,0.012680154293775558,5.806965707625542e-06,333.8711158790393,0.4122827649116516,0.0010229535400867462,0.0003676540800370276,8.980293841887033e-07,1.1483300568215782e-06,0.0003747464797925204,0.00022811777307651937,1.848877582233399e-05,0.00022741938300896436,8.600889032095438e-07,9.041185577984834e-09,9.056080898517394e-07,2.042944834101945e-05,0.022651629522442818,0.006849998142570257,0.0,0.002895008074119687,3.028551691386383e-05,0.37618643045425415,2.8808910812472277e-09,,,,,,
792,0.012847867794334888,5.781129618254318e-06,334.2957826520433,0.15826858580112457,0.0010163293918594718,0.0003475596895441413,1.2522112911028671e-06,1.176284627035784e-06,0.0003087661461904645,0.00022657791851088405,1.849913678597659e-05,0.0002263440255774185,8.611679618297785e-07,8.705040244194606e-09,9.066092161447159e-07,2.0415025574038737e-05,0.019224919378757477,0.008938543498516083,0.0,0.012548273429274559,1.3971113730804063e-05,0.376191109418869,4.731119052081567e-09,,,,,,
793,0.014484968967735767,5.755399319806381e-06,334.7170457590255,0.2644454836845398,0.0010481495410203934,0.0003974636783823371,1.161327304544102e-06,1.180644972009759e-06,0.0004023060901090503,0.00022533726587425917,1.8514525436330587e-05,0.00022561504738405347,8.668171176395845e-07,8.55228954321774e-09,9.129404929808516e-07,2.040235631284304e-05,0.01244890782982111,0.02073116973042488,0.0,0.011524712666869164,2.7734773539123125e-05,0.376196950674057,6.68689636995623e-09,,,,,,
794,0.013473906554281712,5.729775066229387e-06,335.13777327601565,0.462820827960968,0.0009602313512004912,0.0003790268092416227,1.199181383526593e-06,1.2319300140006817e-06,0.00032287329668179154,0.0002243722992716357,1.852566856541671e-05,0.00022525046369992197,8.659905574859295e-07,8.526768624506076e-09,9.122674669015396e-07,2.0412422600202262e-05,0.014637495391070843,0.015902675688266754,0.0,0.009632335975766182,3.0522161978296936e-05,0.376202791929245,5.842497152741544e-09,,,,,,
795,0.014616389758884907,5.704257110424375e-06,335.5598827050417,0.31093281507492065,0.0009602098143659532,0.00044873086153529584,1.081101117961225e-06,1.12413840724912e-06,0.00031660450622439384,0.00022389026707969606,1.8522157915867865e-05,0.00022498297039419413,8.628107934782747e-07,8.690687280932252e-09,9.085537158171064e-07,2.0439911168068647e-05,0.028226323425769806,0.007773791439831257,0.0,0.019406624138355255,2.041301559074782e-05,0.376208633184433,6.1591469702193535e-09,,,,,,
796,0.01409217994660139,5.678845704243256e-06,335.98140635801246,0.4417818486690521,0.0009612299036234617,0.0004192808992229402,1.0082310382131254e-06,1.1722113413270563e-06,0.0002911962219513953,0.0002236055734101683,1.8525519408285618e-05,0.00022470646945293993,8.586820854361576e-07,8.962879327611972e-09,9.049992968357401e-07,2.0439292711671442e-05,0.0140249477699399,0.012483563274145126,0.0,0.02148311585187912,3.9905913581606e-05,0.37621450424194336,9.189050631519535e-10,,,,,,
797,0.012740926817059517,5.653541098486369e-06,336.4035440770094,0.1633838415145874,0.0009252183954231441,0.0003737264487426728,1.204513182528899e-06,1.1319215218463796e-06,0.0002724712248891592,0.00022355680994223803,1.8537797586759552e-05,0.00022457397426478565,8.380980034417007e-07,9.195899153269238e-09,8.846949413054972e-07,2.0397168555064127e-05,0.006268809083849192,0.016371726989746094,0.0,0.006967503577470779,5.3232954087434337e-05,0.37622150778770447,6.457170353968422e-10,,,,,,
798,0.012488785199820995,5.628343542899945e-06,336.8252860950306,0.4946666359901428,0.0009314297931268811,0.00037261698162183166,1.436391357856337e-06,1.1944971447519492e-06,0.0005254283314570785,0.00022386049386113882,1.8546843421063386e-05,0.00022468040697276592,8.306521408485423e-07,9.42978850559939e-09,8.769757187110372e-07,2.0368734112707898e-05,0.009490957483649254,0.0051120915450155735,0.0,0.010837276466190815,2.9672239179490134e-05,0.37622854113578796,4.35238067808541e-09,,,,,,
799,0.012520452961325645,5.603253286173689e-06,337.2500954120187,0.22320809960365295,0.0009170228731818497,0.00037594366585835814,1.2895861800643615e-06,1.150823322859651e-06,0.00029881170485168695,0.0002252143167424947,1.8529088265495375e-05,0.00022552101290784776,8.23566438157286e-07,9.824886681997214e-09,8.703577805135865e-07,2.0384066374390386e-05,0.014335029758512974,0.0065270052291452885,0.0,0.013495009392499924,9.260720617021434e-06,0.37623438239097595,2.539406462886973e-09,,,,,,
800,0.013534984551370144,5.5782705759383e-06,337.673010057013,0.33843594789505005,0.0008506480953656137,0.0004011698765680194,1.1647834980976768e-06,1.163622414424026e-06,0.0003695652703754604,0.00022647379955742508,1.850290209404193e-05,0.0002264475915580988,8.284742989417282e-07,9.998441186098717e-09,8.762628453951038e-07,2.0417564883246087e-05,0.008533913642168045,0.01914784498512745,0.0,0.00800219364464283,2.4224202206823975e-05,0.37624022364616394,7.140140700911957e-10,0.7925433162828361,6.179437096060507,0.6409393579342664,0.5060282325950761,0.0003201568499467729,0.0012653261902729712
801,0.013545100577175617,5.553395658763049e-06,338.1404686810565,0.411281555891037,0.0008891382603906095,0.00036837797961197793,1.2323246210144134e-06,1.2101248785256757e-06,0.00026807328686118126,0.00022706239542458206,1.8490933143766597e-05,0.0002269008255098015,8.289086395052436e-07,9.74418590260484e-09,8.761964522818744e-07,2.042732376139611e-05,0.023856161162257195,0.012678216211497784,0.0,0.01592446118593216,2.3270262317964807e-05,0.3762460947036743,3.5514435836603298e-09,,,,,,
802,0.01448825467377901,5.528628780153319e-06,338.5589358220459,0.2454199194908142,0.0009235147736035287,0.0004930819850414991,1.2297591638343874e-06,1.1810709565907018e-06,0.00041649103513918817,0.00022637765505351126,1.8495913536753505e-05,0.00022636042558588088,8.330766831932124e-07,9.213790619355677e-09,8.795876738076913e-07,2.0417041014297865e-05,0.026598943397402763,0.005175116006284952,0.0,0.00982336513698101,3.017968629137613e-05,0.3762530982494354,1.0033448738511197e-08,,,,,,
803,0.014764336869120598,5.503970184548209e-06,338.98314682400087,0.35315096378326416,0.0009481740416958928,0.0004882034263573587,9.362273658553022e-07,1.1276077884758706e-06,0.0003598657203838229,0.0002257243759231642,1.8493828974897042e-05,0.00022583197278436273,8.415124170824129e-07,8.886194002855063e-09,8.882425390766002e-07,2.042678534053266e-05,0.009435012005269527,0.01844978891313076,0.0,0.009514492005109787,2.389733344898559e-05,0.3762589395046234,8.506080284576001e-09,,,,,,
804,0.011333692818880081,5.479420115318103e-06,339.40264220605604,0.12188052386045456,0.0008463977137580514,0.0003282810212112963,1.1145930329803377e-06,1.1360416465322487e-06,0.00040475523564964533,0.00022496809833683074,1.8471320800017565e-05,0.00022524555970449,8.449694064438518e-07,8.734301282231627e-09,8.912358566703915e-07,2.0460367522900924e-05,0.01099349558353424,0.006498650647699833,0.0,0.0032468396238982677,2.7042031433666125e-05,0.3762648105621338,3.3713880576158317e-09,,,,,,
805,0.016097085550427437,5.454978814762271e-06,339.82489839103073,0.42201536893844604,0.0009137689485214651,0.000446933729108423,1.2311937780395965e-06,1.2007020586679573e-06,0.0003800115082412958,0.0002243345370516181,1.8462795196683146e-05,0.0002247642114525661,8.540481530872057e-07,8.663884720760961e-09,8.994730933409301e-07,2.048982059932314e-05,0.01913311332464218,0.030151695013046265,0.0,0.012120483443140984,3.742675471585244e-05,0.3762706518173218,6.3392029403530614e-09,,,,,,
806,0.014136596582829952,5.4306465241064804e-06,340.2485580530483,0.2495112270116806,0.0008548080222681165,0.00045038177631795406,1.117257625082857e-06,1.1827158914456959e-06,0.00046354997903108597,0.00022381244343705475,1.8455075405654497e-05,0.00022441269538830966,8.501675665684161e-07,8.588752820060108e-09,8.958569424066809e-07,2.0469786250032485e-05,0.023074612021446228,0.0074166543781757355,0.0,0.013525165617465973,1.5949261069181375e-05,0.37627649307250977,8.673717744045462e-09,,,,,,
807,0.013648275285959244,5.406423483500617e-06,340.67453609604854,0.4229133725166321,0.001156637561507523,0.00038898875936865807,1.184819439004059e-06,1.222094851982547e-06,0.00040158210322260857,0.00022352121595758945,1.8443193766870536e-05,0.0002242944174213335,8.500684884893417e-07,8.546978236267933e-09,8.969291229732335e-07,2.0415425751707517e-05,0.007685512769967318,0.015521829947829247,0.0,0.007659316062927246,2.8754642698913813e-05,0.37628236413002014,1.5149514975831835e-09,,,,,,
808,0.013865151442587376,5.382309932016312e-06,341.0983849100303,0.5573120713233948,0.001188692171126604,0.00045268231770023704,1.3139000429873704e-06,1.179561536446272e-06,0.00037279570824466646,0.00022358652495313436,1.8422253560856916e-05,0.0002243336202809587,8.441134013992269e-07,8.640917315005936e-09,8.905237223189033e-07,2.0401121219038032e-05,0.0023215878754854202,0.012075934559106827,0.0,0.008595611900091171,2.82882774627069e-05,0.37628820538520813,7.51266937548678e-10,,,,,,
809,0.013541145250201225,5.358306107644588e-06,341.5202119760215,0.26976248621940613,0.0009997747838497162,0.00041473068995401263,1.3107760423736181e-06,1.1574218206078513e-06,0.0003217254707124084,0.0002242004993604496,1.839502147049643e-05,0.0002245115756522864,8.426873137068469e-07,8.970931553164974e-09,8.885778015610413e-07,2.0426958144525997e-05,0.01012231595814228,0.013312475755810738,0.0,0.010690360330045223,1.9127726773149334e-05,0.3762940466403961,3.0795734851096768e-09,,,,,,
810,0.014464565552771091,5.334412247293499e-06,341.94241585599957,0.5184758901596069,0.0010738897835835814,0.0004368624067865312,1.0286378255841555e-06,1.0701196515583433e-06,0.00034226890420541167,0.00022500795603264123,1.837989839259535e-05,0.0002249002136522904,8.452204269815411e-07,9.32138810583183e-09,8.917991181078833e-07,2.042529740720056e-05,0.020076939836144447,0.012331576086580753,0.0,0.01232299953699112,5.345589670469053e-05,0.3762999176979065,2.849847025032659e-09,,,,,,
811,0.013648579828441143,5.310628586785796e-06,342.3689152900479,0.09545965492725372,0.0011029690504074097,0.00037498908932320774,1.0113546977663646e-06,1.1616812116699293e-06,0.00034394155954942107,0.0002252875128760934,1.840216100390535e-05,0.0002250340476166457,8.290115829368006e-07,9.391798450053557e-09,8.752392091082584e-07,2.0379968191264197e-05,0.012045728042721748,0.01685282215476036,0.0,0.009288208559155464,2.1620940970024094e-05,0.3763057589530945,1.6887983234070703e-09,,,,,,
812,0.015116510912775993,5.2869553608566106e-06,342.79396032501245,0.4562493860721588,0.0010539579670876265,0.0005582435987889767,1.146768454418634e-06,1.2579105259646894e-06,0.0003847471089102328,0.00022559764329344034,1.840243385231588e-05,0.00022520868515130132,8.285851436085068e-07,9.40843492003296e-09,8.742221098145819e-07,2.0343035430414602e-05,0.0212191641330719,0.00561458058655262,0.0,0.007525404449552298,3.358287358423695e-05,0.37631043791770935,5.4699675899883005e-09,,,,,,
813,0.014782722108066082,5.263392803151126e-06,343.21872228803113,0.25192809104919434,0.00098445697221905,0.00045875069918110967,1.2684879493463086e-06,1.1793108569690958e-06,0.00037672556936740875,0.00022582602105103433,1.8422759239911102e-05,0.00022533349692821503,8.269057616416831e-07,9.48325151739482e-09,8.728810598768177e-07,2.0350373233668506e-05,0.017901886254549026,0.016819780692458153,0.0,0.008546162396669388,3.153508441755548e-05,0.3763151168823242,3.234793544137915e-09,,,,,,
814,0.013624979183077812,5.239941146222265e-06,343.65245690202573,0.3199942409992218,0.0010295952670276165,0.0004220496630296111,1.1953970897593535e-06,1.140443032454641e-06,0.00034683625563047826,0.00022593436005990952,1.84553337021498e-05,0.0002253612328786403,8.357892511412501e-07,9.500364939185602e-09,8.825668373901863e-07,2.0381947251735255e-05,0.010730799287557602,0.013683628290891647,0.0,0.007359746377915144,2.379648867645301e-05,0.3763197958469391,4.71870098550653e-09,,,,,,
815,0.014518285170197487,5.216600621528429e-06,344.07610926701454,0.3113016188144684,0.0008234358392655849,0.00041458517080172896,9.324468805971264e-07,1.0664058436304913e-06,0.0003037324349861592,0.0002255910512758419,1.847089697548654e-05,0.00022511326824314892,8.420529411523603e-07,9.30965526890759e-09,8.88746967575571e-07,2.039732862613164e-05,0.010104565881192684,0.026501942425966263,0.0,0.01313338428735733,1.114642418542644e-05,0.37632447481155396,3.4769381818122724e-10,,,,,,
816,0.01379711925983429,5.193371459431164e-06,344.49923669802956,0.2029583752155304,0.0008350909338332713,0.0004764974000863731,1.0972655672958354e-06,1.2264436008990742e-06,0.0003764815046451986,0.00022577992058359087,1.8493332390789874e-05,0.00022521136270370334,8.390225048060529e-07,9.049712978992375e-09,8.852063615449879e-07,2.038766979239881e-05,0.016546931117773056,0.008131402544677258,0.0,0.009590170346200466,3.276657298556529e-05,0.3763291537761688,4.327545877202965e-09,,,,,,
817,0.015117048285901546,5.170253889192925e-06,344.92494697804796,0.24491176009178162,0.0009198148618452251,0.00045471591874957085,1.0559077736616018e-06,1.1923482361453352e-06,0.00040881166933104396,0.00022563530365005136,1.853996036516037e-05,0.00022508537222165614,8.410463010477542e-07,8.806043894082904e-09,8.873730052982864e-07,2.0362396753625944e-05,0.02061041258275509,0.020757881924510002,0.0,0.007392439991235733,3.7174955650698394e-05,0.3763338327407837,3.3775968688587454e-09,,,,,,
818,0.013982631266117096,5.147248138974793e-06,345.3494532390032,0.5026067495346069,0.0010452854912728071,0.0003568950924091041,1.0436140200908994e-06,1.1873687526531285e-06,0.0004215444205328822,0.00022497493773698807,1.858611540228594e-05,0.0002246581279905513,8.479471489408752e-07,8.658537886674367e-09,8.948916274675867e-07,2.0347393729025498e-05,0.005241672974079847,0.019079823046922684,0.0,0.021943794563412666,1.2435813914635219e-05,0.37633851170539856,7.947286162490741e-10,,,,,,
819,0.014170724898576736,5.1243544358342415e-06,345.77405077702133,0.16805607080459595,0.0009402030846104026,0.00042101345025002956,1.2165683074272238e-06,1.2566767964017345e-06,0.00038370740367099643,0.0002246880321763456,1.8610737242852338e-05,0.00022449357493314892,8.395759323320817e-07,8.72348238090126e-09,8.85999384081515e-07,2.037192098214291e-05,0.004134147893637419,0.01766647771000862,0.0,0.018863849341869354,3.49243673554156e-05,0.37634435296058655,1.2107194136135035e-09,,,,,,
820,0.015314506366848946,5.1015730057228696e-06,346.19820819201414,0.4682396650314331,0.0007726262556388974,0.0005434152553789318,1.2624948340089759e-06,1.072025270332233e-06,0.00037803221493959427,0.00022456124133896083,1.863563375081867e-05,0.00022443187481258065,8.506057156409952e-07,8.868301648590204e-09,8.970066005531407e-07,2.0406863768585026e-05,0.013615739531815052,0.01649373024702072,0.0,0.012655012309551239,1.4057634871278424e-05,0.3763502240180969,8.164594333948116e-09,,,,,,
821,0.01335048396140337,5.0789040734842035e-06,346.6246817020001,0.38446497917175293,0.0009494308033026755,0.0004227316821925342,9.83351355898776e-07,1.1740904710677569e-06,0.00027404940919950604,0.00022438848100136966,1.866571619757451e-05,0.00022434760467149317,8.449887332062644e-07,8.887541369517749e-09,8.915373541640292e-07,2.0388786651892588e-05,0.012012888677418232,0.007334631867706776,0.0,0.018956245854496956,6.880436558276415e-05,0.3763560652732849,1.7881393032936899e-09,,,,,,
822,0.012053725309669971,5.056347862851447e-06,347.0524808970513,0.18384908139705658,0.0009258230566047132,0.00031682857661508024,9.558126521369559e-07,1.1030153928004438e-06,0.00028763149748556316,0.00022426698706112802,1.8705988622969016e-05,0.00022428839292842895,8.301785214825941e-07,8.80913564316188e-09,8.76826334206271e-07,2.0345418306533247e-05,0.01925148256123066,0.007261820137500763,0.0,0.012397797778248787,5.676667933585122e-05,0.3763630986213684,7.289151504608071e-09,,,,,,
823,0.013842436484992504,5.0339045964452974e-06,347.47512753203046,0.4578401744365692,0.0010434973519295454,0.00040483110933564603,1.2195448562124511e-06,1.099644123314647e-06,0.00031712473719380796,0.00022394090774469078,1.873328073997982e-05,0.00022413177066482604,8.314899559991318e-07,8.749386992690233e-09,8.783619023233769e-07,2.031361873378046e-05,0.024174146354198456,0.01149233803153038,0.0,0.007645282428711653,2.7868818506249227e-05,0.3763689398765564,4.9298005677655965e-09,,,,,,
824,0.01341325044631958,5.011574495771731e-06,347.90004234504886,0.18815311789512634,0.0009911718079820275,0.0004109539440833032,1.207015770887665e-06,1.1780592785726185e-06,0.00029252521926537156,0.00022366382472682744,1.8729622752289288e-05,0.00022403847833629698,8.26414520815888e-07,8.840070009341616e-09,8.730653462407645e-07,2.0322553609730676e-05,0.011805634945631027,0.012826560065150261,0.0,0.009264572523534298,7.763078610878438e-05,0.3763747811317444,8.071462387349015e-10,,,,,,
825,0.011753479950129986,4.989357781219824e-06,348.32496276602615,0.3273904323577881,0.0009777647210285068,0.0003273041802458465,1.037778815771162e-06,1.1755433888538391e-06,0.0004634165670722723,0.00022346721380017698,1.8722808817983605e-05,0.00022398839064408094,8.312835007018293e-07,8.94603413570394e-09,8.779163636063458e-07,2.034876888501458e-05,0.006191379390656948,0.006964339409023523,0.0,0.007976089604198933,5.922308628214523e-05,0.37638065218925476,1.19209286886246e-09,0.7918964498369653,6.174393497269517,0.6440057236146659,0.4910828874384654,0.0002829699197367725,0.0012893931791532554
826,0.013655772432684898,4.967254672059581e-06,348.7978347610333,0.27294766902923584,0.0009655110770836473,0.00038331779069267213,1.3102289813105017e-06,1.1309261935821269e-06,0.0004733082605525851,0.0002234637941000983,1.8733227989287116e-05,0.00022400876332540065,8.315739137287892e-07,8.957995234482041e-09,8.782267286733259e-07,2.0348987163743004e-05,0.016085011884570122,0.013334076851606369,0.0,0.010233675129711628,1.2907810742035508e-05,0.37638649344444275,1.3969838619232178e-09,,,,,,
827,0.013406270183622837,4.9452653864397705e-06,349.2234392510145,0.14484572410583496,0.0010118214413523674,0.0003572434070520103,1.1099446055595763e-06,1.1683354159686132e-06,0.00031865909113548696,0.00022387393983080983,1.8740051018539816e-05,0.00022419456217903644,8.276098810711119e-07,8.91934703872721e-09,8.740929615669302e-07,2.034410135820508e-05,0.0224393829703331,0.011196069419384003,0.0,0.013996776193380356,2.8525664674816653e-05,0.37639233469963074,1.1424223789191501e-09,,,,,,
828,0.014720575883984566,4.923390141385762e-06,349.64599518704927,0.16605079174041748,0.0009811649797484279,0.00041826273081824183,1.1413575293772737e-06,1.1752642876672326e-06,0.0003406286705285311,0.00022440458997152746,1.8738630387815647e-05,0.0002244868373963982,8.249907637036813e-07,8.843705323613449e-09,8.713645343050302e-07,2.032619340752717e-05,0.03410869464278221,0.012131566181778908,0.0,0.012659259140491486,1.4645308510807808e-05,0.3763982057571411,4.03573130469681e-09,,,,,,
829,0.013948554173111916,4.901629152797387e-06,350.0710078860284,0.27316856384277344,0.0007552957977168262,0.0004025984962936491,9.727672249937314e-07,1.1951819942623843e-06,0.00043903058394789696,0.00022507521498482674,1.8743396140052937e-05,0.0002249010867672041,8.249562029050139e-07,8.854996735863097e-09,8.71242946232087e-07,2.0320094336057082e-05,0.0045893569476902485,0.022875525057315826,0.0,0.014685969799757004,8.529561455361545e-06,0.3764040470123291,9.189050631519535e-10,,,,,,
830,0.013618860393762589,4.879982635446827e-06,350.4911338170059,0.21373164653778076,0.0010700529674068093,0.0004431609413586557,1.1241941137996037e-06,1.1515520554894465e-06,0.00035503366962075233,0.0002254545543109998,1.8738264770945534e-05,0.00022516916214954108,8.252947623077489e-07,8.907891313469918e-09,8.714517889529816e-07,2.0330631741671823e-05,0.01110420934855938,0.007438997738063335,0.0,0.013031719252467155,1.0730252142820973e-05,0.3764098882675171,1.1927138388045933e-08,,,,,,
831,0.013628221116960049,4.858450802976464e-06,350.9164527870016,0.28891798853874207,0.001036686124280095,0.0004311416996642947,1.1009893796654069e-06,1.0809351351781515e-06,0.0002908057067543268,0.00022615886700805277,1.8733413526206277e-05,0.00022566849656868726,8.346535196324112e-07,9.009069046328477e-09,8.808421512185305e-07,2.0369199773995206e-05,0.008354073390364647,0.012234579771757126,0.0,0.013031459413468838,1.9550483557395637e-05,0.37641575932502747,2.017865652348405e-09,,,,,,
832,0.015068428590893745,4.837033867896785e-06,351.33862449403387,0.2855567932128906,0.0008570963400416076,0.00046029299846850336,1.0907551768468693e-06,1.1543354503373848e-06,0.00032961260876618326,0.00022686130250804126,1.874864028650336e-05,0.0002261763729620725,8.363558094970358e-07,8.998481959565652e-09,8.823956250125775e-07,2.037150079559069e-05,0.018600042909383774,0.014442169107496738,0.0,0.025461405515670776,2.9246493795653805e-05,0.37642160058021545,1.7819304920507761e-09,,,,,,
833,0.01206018403172493,4.815732041584306e-06,351.7594404860283,0.34289559721946716,0.0009744187700562179,0.00035972075420431793,1.2568747251862078e-06,1.0742314771050587e-06,0.00034901470644399524,0.00022720269043929875,1.8773991541820578e-05,0.00022642612748313695,8.298144962282095e-07,8.86671536193262e-09,8.755287126405165e-07,2.03578092623502e-05,0.006069470662623644,0.010861866176128387,0.0,0.0031236237846314907,4.247983451932669e-05,0.37642860412597656,5.7369469175228005e-09,,,,,,
834,0.01328203920274973,4.794545534279446e-06,352.1858313990524,0.4332961440086365,0.0011450218735262752,0.00039378111250698566,1.1681670457619475e-06,1.2152429462730652e-06,0.00036956422263756394,0.00022689673642162234,1.8804332285071723e-05,0.00022620472009293735,8.357723118024296e-07,8.682285113081889e-09,8.819808385851502e-07,2.0319839677540585e-05,0.007192438468337059,0.014406870119273663,0.0,0.003932951018214226,2.4900118660298176e-05,0.37643447518348694,2.669791498988161e-09,,,,,,
835,0.013954917900264263,4.773474555084482e-06,352.61456723103765,0.6828235983848572,0.001260412042029202,0.00038356956792995334,1.2696393696387531e-06,1.2640159638976911e-06,0.0004616258083842695,0.00022602012904826552,1.881298521766439e-05,0.0002256235311506316,8.427255124843214e-07,8.617966784640885e-09,8.892944833860383e-07,2.030782343354076e-05,0.02760271355509758,0.007653745822608471,0.0,0.004482967779040337,1.3497623513103463e-05,0.3764403164386749,1.7322600021074663e-09,,,,,,
836,0.012614772655069828,4.752519311961464e-06,353.03766095702304,0.05764191225171089,0.0009078900329768658,0.0003686299314722419,9.8707255347108e-07,1.1467672038634191e-06,0.00045193018740974367,0.00022586641716770828,1.8798322344082408e-05,0.00022556188923772424,8.325687304022722e-07,8.759974079453059e-09,8.779229005995148e-07,2.0350671547930688e-05,0.005107894539833069,0.010982241481542587,0.0,0.012626897543668747,1.4198229109751992e-05,0.3764449954032898,3.3279259348262258e-09,,,,,,
837,0.012817113660275936,4.731680011730191e-06,353.46398542501265,0.5627995729446411,0.0009222238440997899,0.0003429462667554617,1.1752440514101181e-06,1.0869728157558711e-06,0.00040572797297500074,0.00022569434077013284,1.877823524409905e-05,0.00022550454013980925,8.508700375386979e-07,8.936805073744836e-09,8.960087143350393e-07,2.039184619206935e-05,0.01655936986207962,0.00878942757844925,0.0,0.015772847458720207,4.527181226876564e-05,0.37644967436790466,4.054357738425551e-09,,,,,,
838,0.01418998371809721,4.710956860066137e-06,353.8976091880468,0.42922377586364746,0.0010850818362087011,0.0003827613254543394,1.1776477322200662e-06,1.1234164958295878e-06,0.0005125760217197239,0.00022517674369737506,1.8783279301715083e-05,0.0002252579142805189,8.456607929474558e-07,8.910202353717978e-09,8.90710907697212e-07,2.0378858607728034e-05,0.011065229773521423,0.016143420711159706,0.0,0.014285806566476822,1.4381352229975164e-05,0.37645554542541504,7.469207474741779e-09,,,,,,
839,0.015105977654457092,4.6903500614984476e-06,354.32274361903546,0.08125144243240356,0.0009508638177067041,0.0004457580507732928,9.446702051718603e-07,1.1560075563465944e-06,0.0004303056630305946,0.0002248038217658177,1.8791937691275962e-05,0.00022515554155688733,8.304809284709336e-07,8.804502016346305e-09,8.757033356232569e-07,2.0328585378592834e-05,0.03068297728896141,0.01566539891064167,0.0,0.008383998647332191,1.1728941899491474e-05,0.376461386680603,5.966673821689028e-09,,,,,,
840,0.013550329022109509,4.6698598194079e-06,354.752955279022,0.5329252481460571,0.0007658370304852724,0.0003844713210128248,1.1083674280598643e-06,1.2296593467908679e-06,0.0003677004133351147,0.00022453899146057665,1.87920086318627e-05,0.00022516859462484717,8.366699830730795e-07,8.733763046109289e-09,8.82379481481621e-07,2.028785274887923e-05,0.020315997302532196,0.01587594300508499,0.0,0.01097213476896286,2.5560742869856767e-05,0.376467227935791,1.2492138878883452e-08,,,,,,
841,0.01338301319628954,4.649486336024916e-06,355.1788210890372,0.37280699610710144,0.0008742209756746888,0.0004377008881419897,8.564492190998862e-07,1.1949714462389238e-06,0.00033877065288834274,0.00022441778855863959,1.8772650946630165e-05,0.00022519228514283895,8.292085453831533e-07,8.834158293780092e-09,8.746019375394098e-07,2.0286941435188055e-05,0.010477754287421703,0.014858841896057129,0.0,0.004689433611929417,1.1511813681863714e-05,0.3764730989933014,1.2728076370649433e-09,,,,,,
842,0.014475084841251373,4.629229812427549e-06,355.6013693980058,0.35106590390205383,0.0008677950245328248,0.0004787519574165344,1.2090497421013424e-06,1.1386741789465304e-06,0.0003733335470315069,0.00022429066302720457,1.875547422969248e-05,0.00022509045084007084,8.252422958321404e-07,9.09895270240213e-09,8.707952474651393e-07,2.031149051617831e-05,0.01975470595061779,0.00901847705245018,0.0,0.015939492732286453,6.25027169007808e-05,0.37647777795791626,4.656612873077393e-10,,,,,,
843,0.014328770339488983,4.609090448539507e-06,356.0290291850106,0.45804619789123535,0.0008905204012989998,0.0004983990220353007,1.0675471457943786e-06,1.0596207857815898e-06,0.0003697468782775104,0.00022435831488110125,1.8750099116005003e-05,0.00022495903249364346,8.38317191664828e-07,9.412147505827306e-09,8.85069084688439e-07,2.033235432463698e-05,0.01598874107003212,0.006421040277928114,0.0,0.01789979450404644,1.3299892088980414e-05,0.37648245692253113,6.649643502498748e-09,,,,,,
844,0.014683621935546398,4.589068443128184e-06,356.4536468370352,0.4340713620185852,0.0010137154022231698,0.00043073337292298675,1.2890853895441978e-06,1.0919259239017265e-06,0.00039368108264170587,0.0002247238007839769,1.8771977920550853e-05,0.00022504106163978577,8.328082685693516e-07,9.508970499894076e-09,8.798613180260872e-07,2.032237171079032e-05,0.026185771450400352,0.015079059638082981,0.0,0.006811675615608692,2.9705199267482385e-05,0.3764882981777191,1.123795945190409e-09,,,,,,
845,0.01369683351367712,4.569163993802692e-06,356.87682176200906,0.06864258646965027,0.0008734703878872097,0.0004295070539228618,1.1017120868928032e-06,1.0930810958598158e-06,0.00032037324854172766,0.00022483601060230285,1.8803064449457452e-05,0.00022507963876705617,8.16356077848468e-07,9.245303189686638e-09,8.624591600892018e-07,2.029228926403448e-05,0.0178875420242548,0.00852503813803196,0.0,0.017914041876792908,3.737599035957828e-05,0.376492977142334,2.042701119364665e-09,,,,,,
846,0.013148057274520397,4.5493772970119086e-06,357.3004150020424,0.4300808310508728,0.0007637956878170371,0.0003895351546816528,1.2192739404781605e-06,1.2433770280040335e-06,0.0003619953931774944,0.0002248917007818818,1.8830296539817937e-05,0.0002251141850138083,8.200005936487287e-07,8.960000741353724e-09,8.657851822135854e-07,2.0265380953787826e-05,0.026941150426864624,0.008398265577852726,0.0,0.010170195251703262,2.2092641302151605e-05,0.37649884819984436,6.6496439465879575e-09,,,,,,
847,0.014345875941216946,4.529708548042539e-06,357.723576198041,0.49513283371925354,0.001030914718285203,0.00044156180229038,1.312214408244472e-06,1.1608470913415658e-06,0.0004644262953661382,0.0002247997181257233,1.8834594811778516e-05,0.00022507610265165567,8.223046279454138e-07,8.795534078842593e-09,8.683808800924453e-07,2.0273218979127705e-05,0.01899651810526848,0.010924933478236198,0.0,0.009503222070634365,2.830472294590436e-05,0.37650352716445923,2.3966033602107473e-09,,,,,,
848,0.015488062985241413,4.510157941017201e-06,358.149762443034,0.3994632065296173,0.0009809343609958887,0.00042958580888807774,9.18499608815182e-07,1.1599818208196666e-06,0.0003813245566561818,0.00022529014677274972,1.883583900053054e-05,0.00022540333156939596,8.219391247621388e-07,8.813834995180514e-09,8.680501082380943e-07,2.0317585949669592e-05,0.027710281312465668,0.020610235631465912,0.0,0.013593671843409538,2.550549470470287e-05,0.3765082061290741,2.402812615542871e-09,,,,,,
849,0.015064453706145287,4.49072566889249e-06,358.57214825000847,0.33077186346054077,0.0008980206330306828,0.00040653342148289084,1.0636998695190414e-06,1.141467691923026e-06,0.000308260292513296,0.0002250769321108237,1.88329959200928e-05,0.00022528591216541827,8.271121032521478e-07,8.736062540037892e-09,8.73111275723204e-07,2.0333171050879173e-05,0.004918771795928478,0.035585563629865646,0.0,0.009387675672769547,2.0592628061422147e-05,0.37651288509368896,7.556130832142571e-09,,,,,,
850,0.01337135024368763,4.471411923457085e-06,358.9947762170341,0.10924913734197617,0.0010485119419172406,0.0004211516061332077,1.1341325034663896e-06,1.1135832664876943e-06,0.000304133805911988,0.00022488311515189707,1.8839951735571958e-05,0.00022516248282045126,8.233045605265943e-07,8.59952820064791e-09,8.693138511262077e-07,2.0324179786257446e-05,0.007628527004271746,0.01433903630822897,0.0,0.005962108261883259,1.5173945030255709e-05,0.37651756405830383,3.346552812644177e-09,0.7956049548206056,6.203308602344548,0.6412568733096535,0.5025396588619323,0.0002414477065450859,0.0012843729194606248
851,0.01354909222573042,4.452216895329856e-06,359.4653624360217,0.21394716203212738,0.0009170399280264974,0.00042902491986751556,1.1161282600369304e-06,1.126123606809415e-06,0.0002935442025773227,0.0002247343072667718,1.88425892702071e-05,0.00022504683875013143,8.220673635150888e-07,8.486309432953476e-09,8.68265829012671e-07,2.0304501958889887e-05,0.018909068778157234,0.011282211169600487,0.0,0.008005114272236824,2.675189716683235e-05,0.3765222430229187,4.650404061834479e-09,,,,,,
852,0.016846807673573494,4.433140773957988e-06,359.88600885204505,0.14323431253433228,0.0010110686998814344,0.00045383768156170845,1.1823082104456262e-06,1.1886772881553043e-06,0.000448401493486017,0.00022460005129687488,1.884199991764035e-05,0.00022493701544590294,8.214794320338115e-07,8.454405175939428e-09,8.67612016008934e-07,2.0304312783991918e-05,0.02571118250489235,0.030069908127188683,0.0,0.013478914275765419,2.0828387278015725e-05,0.37652692198753357,8.096297854365275e-09,,,,,,
853,0.012220116332173347,4.414183747615092e-06,360.3126594540081,0.1609698086977005,0.0010985368862748146,0.0003713895275723189,1.1813643823188613e-06,1.1302452094241744e-06,0.00044279813300818205,0.00022431818069890141,1.8838325559045188e-05,0.00022475505829788744,8.205956874007825e-07,8.451511490648045e-09,8.666040116622753e-07,2.0305085854488425e-05,0.003971118479967117,0.005809343885630369,0.0,0.008004698902368546,1.3233426216174848e-05,0.37653160095214844,5.681067616336577e-09,,,,,,
854,0.01502531673759222,4.3953460033993635e-06,360.7352132750093,0.22412504255771637,0.000906432222109288,0.00044708335190080106,9.311976896242413e-07,1.1414322216296569e-06,0.0003821385034825653,0.0002240658359369263,1.881753996713087e-05,0.00022461179469246417,8.212040256694308e-07,8.492503589252465e-09,8.668876034789719e-07,2.0319481336628087e-05,0.011787005700170994,0.022041551768779755,0.0,0.015427468344569206,6.550185207743198e-05,0.3765362799167633,4.3027101881421e-09,,,,,,
855,0.011837453581392765,4.376627727231737e-06,361.15950553904986,0.07731568068265915,0.0008071204065345228,0.00036178919253870845,1.1987372090516146e-06,1.0979524631693494e-06,0.0002813779574353248,0.00022381854068953544,1.880490526673384e-05,0.00022449076641350985,8.190186235879082e-07,8.50741699309765e-09,8.647613753964833e-07,2.0306813894421794e-05,0.011515403166413307,0.009662169963121414,0.0,0.00543280178681016,1.9000261090695858e-05,0.3765409588813782,1.3535221832228217e-09,,,,,,
856,0.013124201446771622,4.358029103854037e-06,361.5826030030148,0.3138013184070587,0.0009842519648373127,0.0003758903476409614,1.1629639402599423e-06,1.067840230462025e-06,0.0004581487155519426,0.00022358489513862878,1.880872150650248e-05,0.00022440763132181019,8.170888463610027e-07,8.51991543981967e-09,8.629119179204281e-07,2.029273491643835e-05,0.020356707274913788,0.006405406631529331,0.0,0.011075299233198166,4.079249993083067e-05,0.37654563784599304,5.743156172854924e-09,,,,,,
857,0.013868061825633049,4.339550316827172e-06,362.00959109701216,0.16835081577301025,0.0010746440384536982,0.0003985122893936932,9.997073675549473e-07,1.1676225994960987e-06,0.0003481933381408453,0.00022350033395923674,1.8804466890287586e-05,0.0002243722992716357,8.174063168553403e-07,8.624606806506563e-09,8.630448746771435e-07,2.030582800216507e-05,0.016664525493979454,0.010586746968328953,0.0,0.017242368310689926,2.307028989889659e-05,0.3765491545200348,1.6329189111985443e-09,,,,,,
858,0.013570869341492653,4.321191548529307e-06,362.4735575010418,0.18117700517177582,0.0009166878880932927,0.0004461771750357002,1.2027185221086256e-06,1.1053584785258863e-06,0.00033507062471471727,0.0002235610445495695,1.8793698473018594e-05,0.00022438581800088286,8.165654321601323e-07,8.753657354532152e-09,8.622980089967314e-07,2.030573523370549e-05,0.007854348979890347,0.011270109564065933,0.0,0.013711625710129738,1.995768070628401e-05,0.37655383348464966,3.141661597538814e-09,,,,,,
859,0.014561026357114315,4.302952980154075e-06,362.9016022650176,0.15069453418254852,0.000866645248606801,0.00047916267067193985,1.2450467465896509e-06,1.1679014733090298e-06,0.0003808907640632242,0.0002236964355688542,1.8763657863019034e-05,0.0002244485222036019,8.132700486385147e-07,8.85104967096595e-09,8.589635172029375e-07,2.029275128734298e-05,0.017700444906949997,0.012328825891017914,0.0,0.01281915232539177,5.814124597236514e-05,0.3765585124492645,2.626329820287765e-09,,,,,,
860,0.014542237855494022,4.284834791708783e-06,363.32898816501256,0.4157344698905945,0.0010433137649670243,0.0003755885118152946,1.2440473255992401e-06,1.1296392585791182e-06,0.0004625308501999825,0.00022401260503102094,1.8737002392299473e-05,0.00022458689636550844,8.105829465421266e-07,8.911356985663588e-09,8.561918320992845e-07,2.0283085177652538e-05,0.028105877339839935,0.01233326829969883,0.0,0.01765206642448902,8.257778063125443e-06,0.3765631914138794,3.861884145806016e-09,,,,,,
861,0.014428057707846165,4.266837162012633e-06,363.7603265880025,0.10230747610330582,0.0010395359713584185,0.00046297264634631574,9.280864787797327e-07,1.102079750125995e-06,0.00032564159482717514,0.0002250058896606788,1.870668347692117e-05,0.0002251191035611555,8.119901622194448e-07,9.056650540628652e-09,8.576865866416483e-07,2.0299017705838196e-05,0.026520349085330963,0.009184958413243294,0.0,0.008404253050684929,2.907993803091813e-05,0.37656790018081665,6.444752287393385e-09,,,,,,
862,0.01325218752026558,4.248960268694963e-06,364.1908578260336,0.15347881615161896,0.0008896196377463639,0.0004687272012233734,1.0204845466432744e-06,1.1264889963058522e-06,0.00028849911177530885,0.0002259954926557839,1.869367406470701e-05,0.00022574955073650926,8.152218811119383e-07,9.124418554051772e-09,8.609739552412066e-07,2.0309749743319117e-05,0.0016971677541732788,0.011700669303536415,0.0,0.01059944462031126,1.774644260876812e-05,0.3765725791454315,1.0617078327612717e-09,,,,,,
863,0.013616048730909824,4.2312042881935e-06,364.6164782070555,0.3922484219074249,0.000825422874186188,0.0003627923724707216,1.075124487215362e-06,1.1373233519407222e-06,0.00048172366223298013,0.00022725816234014928,1.8692859157454222e-05,0.00022661891125608236,8.16149849924841e-07,9.079116125576547e-09,8.617267894805991e-07,2.031898475252092e-05,0.00435516657307744,0.025368481874465942,0.0,0.0072988709434866905,4.780047675012611e-05,0.3765772581100464,1.7136335683787252e-09,,,,,,
864,0.012441842816770077,4.2135693957526005e-06,365.04320207005367,0.23650594055652618,0.0009036706760525703,0.00038948305882513523,1.0997007393598324e-06,1.0810144885908812e-06,0.000313831347739324,0.00022777148114982992,1.8712973542278633e-05,0.0002269744873046875,8.122889312289772e-07,8.87480133826557e-09,8.575344736527768e-07,2.029651659540832e-05,0.005056390538811684,0.007799271494150162,0.0,0.016386860981583595,5.767103175458033e-06,0.37658193707466125,2.129624254720852e-09,,,,,,
865,0.013336124829947948,4.19605576542153e-06,365.4709017590503,0.36184534430503845,0.0008773694862611592,0.0003790970367845148,1.161492264145636e-06,1.1589298765102285e-06,0.0004177237278781831,0.00022774591343477368,1.8717519196798094e-05,0.00022692802303936332,8.185493243217934e-07,8.697645270672183e-09,8.639708539703861e-07,2.0275510905776173e-05,0.011592155322432518,0.0170401930809021,0.0,0.0077058095484972,3.692462632898241e-05,0.3765866160392761,3.588696229073207e-09,,,,,,
866,0.012965754605829716,4.178663570052753e-06,365.89558664005017,0.3477078676223755,0.0008187718922272325,0.0002976757241412997,1.1293481065877131e-06,1.1266716910540708e-06,0.00032136638765223324,0.00022728147450834513,1.8719587387749925e-05,0.0002265752846142277,8.207529731407703e-07,8.602897061393833e-09,8.662217965138552e-07,2.0277953808545135e-05,0.008460205979645252,0.02724612131714821,0.0,0.008954028598964214,3.562864367268048e-05,0.376591295003891,1.1858841686418486e-09,,,,,,
867,0.014903840608894825,4.161392981300215e-06,366.32147447403986,0.2966635525226593,0.000892004813067615,0.00038931076414883137,1.0975784334732452e-06,1.1728707249858417e-06,0.00041837288881652057,0.000226368589210324,1.8714816178544424e-05,0.00022591817833017558,8.204532377931173e-07,8.538459717044589e-09,8.655125611767289e-07,2.0299945390434004e-05,0.035648684948682785,0.01587003841996193,0.0,0.014594505541026592,2.9830016501364298e-05,0.37659481167793274,5.227824395603875e-09,,,,,,
868,0.01338071096688509,4.144244169617653e-06,366.7474528880557,0.17714877426624298,0.0010162841062992811,0.0003956652362830937,1.2196766192573705e-06,1.1217402970942203e-06,0.0005487907910719514,0.0002251285914098844,1.870857158792205e-05,0.00022513508156407624,8.261631023742666e-07,8.488590275135266e-09,8.707033316568413e-07,2.0322720956755802e-05,0.008000947535037994,0.014256742782890797,0.0,0.0033487884793430567,1.2275095286895521e-05,0.3765994906425476,3.160288031267555e-09,,,,,,
869,0.012284916825592518,4.127217304256915e-06,367.1718927830225,0.31418710947036743,0.000951611902564764,0.0003914325498044491,1.1552336900422233e-06,1.1797089882747969e-06,0.00035027050762437284,0.0002243453054688871,1.870079358923249e-05,0.00022476942103821784,8.299222713503696e-07,8.438869159022033e-09,8.741775445741951e-07,2.0327246602391824e-05,0.009942863136529922,0.005761995911598206,0.0,0.00814822968095541,9.856839824351482e-06,0.37660300731658936,3.253420199911261e-09,,,,,,
870,0.013825729489326477,4.110312553266292e-06,367.5929200880346,0.254546195268631,0.0011163032613694668,0.00038386505912058055,1.3427141993815894e-06,1.210504592563666e-06,0.0003811055503319949,0.00022405583877116442,1.871014137577731e-05,0.00022470037220045924,8.271367732959334e-07,8.43609360146047e-09,8.715352919352881e-07,2.03180006792536e-05,0.017940346151590347,0.012039732187986374,0.0,0.011768437922000885,1.2653873454837594e-05,0.3766065239906311,6.432335108996767e-09,,,,,,
871,0.014544261619448662,4.0935300834888505e-06,368.0205949890078,0.07408689707517624,0.0009011347428895533,0.0004563423281069845,1.083345637198363e-06,1.1827935395558598e-06,0.0004318268911447376,0.00022392329992726445,1.8711389202508144e-05,0.00022465521760750562,8.208587587432703e-07,8.463988621087992e-09,8.656658678773965e-07,2.0292067347327247e-05,0.002870518248528242,0.019591979682445526,0.0,0.01607881486415863,1.9202132534701377e-05,0.37661001086235046,1.2045106023705898e-09,,,,,,
872,0.013907029293477535,4.076870060560789e-06,368.44412997504696,0.6255425214767456,0.0008263150230050087,0.0004957467317581177,1.2675520792981843e-06,1.0922408364422154e-06,0.0003754285571631044,0.00022376715787686408,1.871279346232768e-05,0.00022461163462139666,8.163469829014502e-07,8.526676253950427e-09,8.613191653239483e-07,2.026994843618013e-05,0.00825701653957367,0.012943501584231853,0.0,0.006796287372708321,1.5982486729626544e-05,0.3766135275363922,3.3279261568708307e-09,,,,,,
873,0.014035136438906193,4.060332648909808e-06,368.8693256980041,0.3667907416820526,0.0011284282663837075,0.00045008290908299387,1.5158886981225805e-06,1.1830391031253384e-06,0.0003274654154665768,0.00022400075977202505,1.8717431885306723e-05,0.0002245390205644071,8.108694373731851e-07,8.758980207801415e-09,8.558517947676592e-07,2.0274090275052004e-05,0.022932635620236397,0.0031395209953188896,0.0,0.014163626357913017,1.5324987543863244e-05,0.37661704421043396,1.354143108756034e-08,,,,,,
874,0.015375558286905289,4.043918011753485e-06,369.29206556704594,0.38817161321640015,0.00104775361251086,0.00045159304863773286,1.174301587525406e-06,1.0885563597184955e-06,0.00041656786925159395,0.0002245557407150045,1.8755636119749397e-05,0.00022467898088507354,8.152234727276664e-07,9.011307255946122e-09,8.607288464190788e-07,2.0289920939831063e-05,0.01719369739294052,0.021713782101869583,0.0,0.009547348134219646,3.6543635360430926e-05,0.3766205608844757,4.625568816862824e-09,,,,,,
875,0.013421992771327496,4.027626311097664e-06,369.7130036490271,0.4081213176250458,0.0008744465885683894,0.00040854542749002576,9.681882602308178e-07,1.1064082627854077e-06,0.0004425957449711859,0.0002248053642688319,1.8791713955579326e-05,0.0002247626835014671,8.123817565319769e-07,9.06187036520123e-09,8.580135499869357e-07,2.0289568055886775e-05,0.009514092467725277,0.014515850692987442,0.0,0.009242447093129158,4.240115231368691e-05,0.37662407755851746,1.6801060098714515e-08,0.7916066031888568,6.172133571417273,0.6396912457033226,0.49766504920536797,0.00028660950858382865,0.0012439837060178817
876,0.013654849492013454,4.01145770773485e-06,370.1841190070263,0.21854858100414276,0.0008836938068270683,0.0003728094743564725,1.4313026213130797e-06,1.1884279729201808e-06,0.0005321248318068683,0.00022494549921248108,1.88442318176385e-05,0.00022478742175735533,8.02566262336768e-07,8.933838557823037e-09,8.478424433633336e-07,2.0254130504326895e-05,0.012924488633871078,0.017993582412600517,0.0,0.0070274583995342255,2.837675310729537e-05,0.3766275942325592,8.75443273429255e-10,,,,,,
877,0.012698963284492493,3.995412361242635e-06,370.60815348505275,0.29999688267707825,0.0009866527980193496,0.00044156014337204397,9.720595244289143e-07,1.1919998996745562e-06,0.00037601147778332233,0.0002252993144793436,1.8915914552053437e-05,0.00022494317090604454,8.043507477850653e-07,8.81645245698337e-09,8.496425607518177e-07,2.0242136088199914e-05,0.009427770972251892,0.004023101646453142,0.0,0.006641262210905552,1.4220588127500378e-05,0.37663108110427856,2.3469328702674375e-09,,,,,,
878,0.013398240320384502,3.979490429982107e-06,371.03214051702525,0.4425075650215149,0.0009889909997582436,0.000379312492441386,1.1256945526838535e-06,1.192340619127208e-06,0.00034069325192831457,0.00022560720390174538,1.8961052774102427e-05,0.00022509282280225307,8.037615089051542e-07,8.792450323369394e-09,8.491670087096281e-07,2.0247389329597354e-05,0.025522129610180855,0.009154614061117172,0.0,0.00964600034058094,3.4475109714549035e-05,0.3766345977783203,8.443991617035351e-10,,,,,,
879,0.013430609367787838,3.963692071096302e-06,371.4531725280103,0.0911102443933487,0.0009952883701771498,0.00043334157089702785,1.0622998161124997e-06,1.118856062021223e-06,0.00034829851938411593,0.00022500776685774326,1.900187817227561e-05,0.00022465545043814927,8.044769401749363e-07,8.720627775460343e-09,8.499049499732791e-07,2.026565562118776e-05,0.014693442732095718,0.005411675199866295,0.0,0.015329649671912193,3.8430182030424476e-05,0.37663811445236206,3.340343779356658e-09,,,,,,
880,0.01552655827254057,3.948017440508638e-06,371.87762912001926,0.1324208825826645,0.000947772990912199,0.0005498697282746434,1.208561911880679e-06,1.0857665984076448e-06,0.0005118160042911768,0.0002244273346150294,1.9040113329538144e-05,0.00022426828218158334,8.083540592451754e-07,8.678090246405645e-09,8.538033284821722e-07,2.0276476789149456e-05,0.018940400332212448,0.00889931432902813,0.0,0.013432097621262074,1.8068278222926892e-05,0.3766416311264038,6.395082241539285e-10,,,,,,
881,0.013706962577998638,3.9324666929214e-06,372.30291584000224,0.18795578181743622,0.0007103552343323827,0.0004811362596228719,1.3056613852313603e-06,1.1323068065394182e-06,0.0004475560272112489,0.0002239929308416322,1.9073864677920938e-05,0.00022399320732802153,8.11984762094653e-07,8.620126834557595e-09,8.573194349992264e-07,2.02829633053625e-05,0.007350724656134844,0.014341553673148155,0.0,0.005226651206612587,5.219798913458362e-05,0.37664514780044556,9.33806099112644e-09,,,,,,
882,0.015006034635007381,3.917039981814184e-06,372.7282627770328,0.2921321988105774,0.0010017754975706339,0.0003783412976190448,1.242193775397027e-06,1.0578950195849757e-06,0.0004249485209584236,0.00022378754511009902,1.9130242435494438e-05,0.00022385214106179774,8.138840712490492e-07,8.537890394677561e-09,8.590777724748477e-07,2.0287880033720285e-05,0.015496661886572838,0.029790518805384636,0.0,0.006318935193121433,5.70316260564141e-05,0.3766486644744873,1.4094014844090452e-09,,,,,,
883,0.014227643609046936,3.901737459442403e-06,373.1512684330228,0.2623661458492279,0.0009997810702770948,0.00041433863225392997,9.606467301637167e-07,1.1691970485117054e-06,0.0005065487930551171,0.000223469891352579,1.917769441206474e-05,0.00022370081569533795,8.113810281429323e-07,8.430398601433353e-09,8.566785254515707e-07,2.0270566892577335e-05,0.027445368468761444,0.008773336187005043,0.0,0.01069431658834219,7.55623204895528e-06,0.37665215134620667,3.0795734851096768e-09,,,,,,
884,0.014189193025231361,3.8865592768357685e-06,373.57335271302145,0.26065924763679504,0.0010195731883868575,0.0004512979357969016,1.1008739875251194e-06,1.1705276392603992e-06,0.0004402396734803915,0.0002230939280707389,1.920378053910099e-05,0.00022363961033988744,8.132109314828995e-07,8.358900238647493e-09,8.590096740590525e-07,2.0247271095286123e-05,0.010054557584226131,0.012332400307059288,0.0,0.012738536112010479,1.1401403753552586e-05,0.3766556680202484,3.005067750194712e-09,,,,,,
885,0.012466618791222572,3.871505583796822e-06,374.0021768370061,0.30383309721946716,0.000844308640807867,0.00040152238216251135,1.2449031601136085e-06,1.0912565358012216e-06,0.00029268948128446937,0.00022294785594567657,1.9207287550671026e-05,0.000223735929466784,8.119831704789249e-07,8.380291127707551e-09,8.576821528549772e-07,2.0236982891219668e-05,0.003515149001032114,0.009662309661507607,0.0,0.01452485378831625,2.407167266937904e-05,0.37665918469429016,2.3034711915670414e-09,,,,,,
886,0.01287011243402958,3.856576528899434e-06,374.4322539080167,0.2677827477455139,0.0008676507277414203,0.0004043973458465189,1.024494622470229e-06,1.1427067647673539e-06,0.00027265839162282646,0.00022292732319328934,1.9199796952307224e-05,0.00022383482428267598,8.075957680375723e-07,8.508489024450228e-09,8.528157877663034e-07,2.024721834459342e-05,0.005586384795606136,0.012294221669435501,0.0,0.013129565864801407,0.00011689987150020897,0.3766627013683319,1.4094014844090452e-09,,,,,,
887,0.013486267998814583,3.841772259487347e-06,374.85791201901156,0.25638383626937866,0.0008579509449191391,0.00038964382838457823,1.067738480742264e-06,1.0875318139369483e-06,0.0003282932739239186,0.0002230796671938151,1.9171571693732403e-05,0.00022386285127140582,8.114383831525629e-07,8.728921585543503e-09,8.565200459997868e-07,2.0259674784028903e-05,0.006700017489492893,0.018817637115716934,0.0,0.014961587265133858,1.38089253596263e-05,0.37666621804237366,1.1610488126478913e-09,,,,,,
888,0.013227812014520168,3.827092921672729e-06,375.28699344903,0.33107417821884155,0.0011011498281732202,0.00042165545164607465,1.2218940810271306e-06,1.0769495020213071e-06,0.00030386753496713936,0.00022325552708934993,1.9137885828968138e-05,0.0002239137829747051,8.123852239805274e-07,8.904986081859079e-09,8.576823233852338e-07,2.025960202445276e-05,0.013190966099500656,0.005228911526501179,0.0,0.013718729838728905,6.5406029534642585e-06,0.3766697347164154,8.506080284576001e-10,,,,,,
889,0.012926883064210415,3.812538660334713e-06,375.7090431890101,0.4129451513290405,0.0008668337250128388,0.0004129768058191985,9.826733275986044e-07,1.0805651982082054e-06,0.00038289371877908707,0.00022351877123583108,1.910610262711998e-05,0.00022398708097171038,8.028287084016483e-07,8.991090538756907e-09,8.479457278554037e-07,2.0235063857398927e-05,0.010716680437326431,0.009727722965180874,0.0,0.009822745807468891,2.9044356779195368e-05,0.37667322158813477,9.002785184009099e-10,,,,,,
890,0.012832018546760082,3.7981096191179857e-06,376.1352628200548,0.24284586310386658,0.0008512375643476844,0.00037962847272865474,1.0944127097900491e-06,1.2217932408020715e-06,0.00043749151518568397,0.00022415340936277062,1.907334808493033e-05,0.00022416742285713553,7.957166303640406e-07,9.083178653668256e-09,8.404905429415521e-07,2.0213374227751046e-05,0.007777255028486252,0.010098212398588657,0.0,0.016200348734855652,1.956442793016322e-05,0.3766767382621765,8.692344621863413e-10,,,,,,
891,0.012429391033947468,3.783805940431355e-06,376.55709396104794,0.2991097569465637,0.0009242795058526099,0.00035784271312877536,1.2024920579278842e-06,1.1029403594875475e-06,0.00037462287582457066,0.0002252149279229343,1.9036606317968108e-05,0.0002247040392830968,7.939479473861866e-07,9.198149797384758e-09,8.384357670365716e-07,2.0203991880407557e-05,0.011469218879938126,0.010009941644966602,0.0,0.008349178358912468,6.977315206313506e-05,0.37668025493621826,5.463758889767689e-10,,,,,,
892,0.013714732602238655,3.7696277654463556e-06,376.9806814970216,0.15633462369441986,0.0008499752730131149,0.0004213559441268444,1.2544314813567325e-06,1.1707863905030536e-06,0.00037339300615713,0.00022653082851320505,1.9008328308700584e-05,0.00022555142641067505,7.933120969028096e-07,9.308701365284833e-09,8.37992502056295e-07,2.0217088604113087e-05,0.015516280196607113,0.012337066233158112,0.0,0.012068582698702812,0.00010448579268995672,0.37668377161026,6.63722588001292e-09,,,,,,
893,0.012014133855700493,3.755575234095856e-06,377.40523227502126,0.3322852849960327,0.0009224649984389544,0.0003292308538220823,1.1742647529899841e-06,1.2155389867984923e-06,0.00036056595854461193,0.00022765653557144105,1.8987559087690897e-05,0.00022635533241555095,7.958810215313861e-07,9.274700119021873e-09,8.406663027926697e-07,2.0229763322276995e-05,0.009089085273444653,0.01044780109077692,0.0,0.009774350561201572,1.8872920918511227e-05,0.37668728828430176,1.6080837772491918e-09,,,,,,
894,0.013531414791941643,3.741648485072662e-06,377.83140591700794,0.11809825152158737,0.0010562253883108497,0.0003871277440339327,1.2848765891249059e-06,1.171932126453612e-06,0.0004925263929180801,0.00022793165408074856,1.8959419321618043e-05,0.00022658679517917335,7.999720992302173e-07,9.106959630855727e-09,8.445300636594766e-07,2.0244367988198064e-05,0.007349696010351181,0.010408945381641388,0.0,0.017376596108078957,6.359341568895616e-06,0.3766908049583435,2.036492308121751e-09,,,,,,
895,0.01449153944849968,3.7278476558281635e-06,378.2551058680401,0.38209813833236694,0.0008934841025620699,0.0004312767123337835,1.1396919035178144e-06,1.183740891974594e-06,0.00040326721500605345,0.00022793114476371557,1.8949547666125e-05,0.00022660808463115245,8.04188744041312e-07,8.894522451896592e-09,8.48527520247444e-07,2.02496194106061e-05,0.027878999710083008,0.009359636344015598,0.0,0.017043741419911385,5.591136869043112e-05,0.3766954839229584,6.631017512859216e-09,,,,,,
896,0.01407349482178688,3.7141728825709773e-06,378.6815358630265,0.24395021796226501,0.001063028583303094,0.00047030847053974867,1.0186022336711176e-06,1.1388153779989807e-06,0.00029758643358945847,0.00022721453569829464,1.892596628749743e-05,0.00022611470194533467,8.087196761152882e-07,8.655764105469643e-09,8.528863872925285e-07,2.0253020920790732e-05,0.006495102308690548,0.011541344225406647,0.0,0.014567794278264046,4.024584268336184e-05,0.37670016288757324,8.673717744045462e-09,,,,,,
897,0.013290492817759514,3.7006243002655934e-06,379.1064362550387,0.23526720702648163,0.0009389551123604178,0.00040578990592621267,1.2253767636138946e-06,1.114761175813328e-06,0.00035989805473946035,0.00022619933588430285,1.889566919999197e-05,0.00022545216779690236,8.132167295116233e-07,8.479528190719066e-09,8.575375431973953e-07,2.025134745053947e-05,0.009046412073075771,0.015188018791377544,0.0,0.007083731237798929,9.941716598405037e-06,0.3767048418521881,1.3783574281944766e-09,,,,,,
898,0.012795898132026196,3.687202042631045e-06,379.5336015600478,0.2363256812095642,0.0010983673855662346,0.00043268909212201834,1.2581153896462638e-06,1.1398904007364763e-06,0.00028907059459015727,0.0002252359699923545,1.885839446913451e-05,0.00022490853734780103,8.155290629474621e-07,8.38236502431755e-09,8.598717613494955e-07,2.0255591152817942e-05,0.008635779842734337,0.0060048229061067104,0.0,0.005403517279773951,3.1858249712968245e-05,0.376709520816803,7.338821994551381e-09,,,,,,
899,0.01477732416242361,3.673906242139604e-06,379.9600132170017,0.22623436152935028,0.0008578765555284917,0.0004158614610787481,1.2985359489903203e-06,1.1400543371564709e-06,0.00043759425170719624,0.00022462871856987476,1.8810385881806724e-05,0.00022468058159574866,8.157921911333688e-07,8.363358894314388e-09,8.596683755968115e-07,2.027311893471051e-05,0.010939432308077812,0.024314802139997482,0.0,0.013798516243696213,2.6419989808346145e-05,0.3767130374908447,7.109096422652783e-09,,,,,,
900,0.016132909804582596,3.66073703001545e-06,380.3819669400109,0.3067009150981903,0.0009088101796805859,0.00041685428004711866,1.1916713447135407e-06,1.0495784863451263e-06,0.0005500465049408376,0.00022434139100369066,1.8766324501484632e-05,0.00022462251945398748,8.193007374757144e-07,8.40499403409467e-09,8.627201850686106e-07,2.029210918408353e-05,0.031035080552101135,0.019833045080304146,0.0,0.02270854264497757,6.359124381560832e-05,0.3767165541648865,2.719461766886866e-09,0.7889648457459876,6.151535865770313,0.6317053559030155,0.4743168700579277,0.0002595277810095742,0.0012664928753820844
901,0.01442048791795969,3.6476945362333892e-06,380.85725537705,0.28609219193458557,0.0009392211213707924,0.00047532329335808754,1.0937272918454255e-06,1.080456286217668e-06,0.0003171502612531185,0.00022411806276068091,1.8745196939562447e-05,0.00022459276078734547,8.162062385963509e-07,8.44118730469745e-09,8.597548912803177e-07,2.028785638685804e-05,0.021102340891957283,0.011363237164914608,0.0,0.010492879897356033,2.1923671738477424e-05,0.37672123312950134,4.2095780194983945e-09,,,,,,
902,0.013595216907560825,3.6347788895175688e-06,381.2837702210527,0.27072396874427795,0.0008280194597318769,0.00037536767194978893,1.1594270290515851e-06,1.0527393214943004e-06,0.0005247702356427908,0.0002238931047031656,1.872820212156512e-05,0.00022456429724115878,8.068371926128748e-07,8.46343262139726e-09,8.508754945069086e-07,2.0259101802366786e-05,0.018255509436130524,0.014355553314089775,0.0,0.010737198404967785,3.285524871898815e-05,0.3767259120941162,4.507601403247463e-09,,,,,,
903,0.013410449028015137,3.6219902173402097e-06,381.7052320720395,0.255302369594574,0.0009717544307932258,0.0003546699299477041,1.0157585847991868e-06,1.140141648647841e-06,0.0004682860744651407,0.00022379429719876498,1.8712327801040374e-05,0.00022448152594733983,8.009876637515845e-07,8.549913665945041e-09,8.453099553662469e-07,2.0240526282577775e-05,0.009870948269963264,0.016910351812839508,0.0,0.010438863188028336,0.00011668619845295325,0.3767305910587311,1.2535602778029897e-08,,,,,,
904,0.01343652792274952,3.609328645920341e-06,382.12954786303453,0.4163607656955719,0.0009041321463882923,0.0004415478033479303,1.071214683179278e-06,1.1334599321344285e-06,0.0003296099021099508,0.00022379503934644163,1.8695569451665506e-05,0.00022438802989199758,7.964003998495173e-07,8.68145377808105e-09,8.408251233049668e-07,2.021756154135801e-05,0.004433102905750275,0.0135438097640872,0.0,0.012412937358021736,1.8017395632341504e-05,0.37673527002334595,5.898376453927767e-09,,,,,,
905,0.014408007264137268,3.596794300222564e-06,382.55651315604337,0.22972576320171356,0.0008235480636358261,0.0003999239706899971,1.4236828747016261e-06,1.1819169003501884e-06,0.00036580482264980674,0.00022410279780160636,1.8691425793804228e-05,0.00022446578077506274,7.902673928583681e-07,8.928253691919963e-09,8.348788469447754e-07,2.0215426047798246e-05,0.018368637189269066,0.022381553426384926,0.0,0.010351663455367088,4.2715932067949325e-05,0.3767399489879608,7.580966077114226e-09,,,,,,
906,0.014491789042949677,3.584387303955808e-06,382.9814166430151,0.42341116070747375,0.0009085345081984997,0.0004039015620946884,1.3334368986761547e-06,1.1616594974839245e-06,0.000429654901381582,0.0002248533710371703,1.8682580048334785e-05,0.00022490706760436296,7.896568376963842e-07,9.21262977016113e-09,8.349036306753987e-07,2.0229490473866463e-05,0.04075025022029877,0.007627456448972225,0.0,0.011656018905341625,8.357016486115754e-05,0.37674465775489807,2.4835272727230517e-10,,,,,,
907,0.01427424419671297,3.5721077795721195e-06,383.4042090350413,0.3208998441696167,0.0008456080104224384,0.0005266674561426044,1.1501010703796055e-06,1.0884884886763757e-06,0.00027460488490760326,0.00022505763627123088,1.8680539142224006e-05,0.00022507240646518767,7.905627512627689e-07,9.242031140388463e-09,8.360896117665106e-07,2.0231178496032953e-05,0.016995582729578018,0.010570773854851723,0.0,0.006193505134433508,2.9103155611664988e-05,0.37674933671951294,1.4652807855952688e-09,,,,,,
908,0.013110345229506493,3.5599558482654455e-06,383.82431249605725,0.33938997983932495,0.0008820260991342366,0.0003188046393916011,1.0472306257724995e-06,1.151055698755954e-06,0.00039103865856304765,0.00022579745564144105,1.86952074727742e-05,0.00022560056822840124,7.896733222878538e-07,9.173752424374015e-09,8.352051281690365e-07,2.0230498193996027e-05,0.00918083731085062,0.024883847683668137,0.0,0.005208279006183147,7.116036431398243e-05,0.3767528533935547,4.513810214490377e-09,,,,,,
909,0.013273770920932293,3.5479316299704412e-06,384.24716483801603,0.18397796154022217,0.0010173518676310778,0.00034096016315743327,1.2022061355310143e-06,1.2137184057792183e-06,0.0003141884517390281,0.0002260160690639168,1.870938649517484e-05,0.00022577332856599241,7.881000669840432e-07,8.92598350787921e-09,8.331898015967454e-07,2.0221945305820554e-05,0.018070748075842857,0.018585707992315292,0.0,0.004791951738297939,3.083595947828144e-05,0.37675634026527405,1.4547259397090784e-08,,,,,,
910,0.015332354232668877,3.536035243361287e-06,384.6844513580436,0.5529016256332397,0.0009345011203549802,0.0004707201733253896,1.0326751862521633e-06,1.2082994089723798e-06,0.00029889147845096886,0.00022579700453206897,1.873008113761898e-05,0.0002256287116324529,7.93607568994048e-07,8.63891891356161e-09,8.387138450416387e-07,2.0210003640386276e-05,0.017227021977305412,0.02395791932940483,0.0,0.009431099519133568,2.916651101259049e-05,0.3767598569393158,2.539406462886973e-09,,,,,,
911,0.013799668289721012,3.5242668058505173e-06,385.1035036430112,0.4997694194316864,0.000836614693980664,0.0003889633808284998,9.498116924078204e-07,1.2453488125174772e-06,0.00045209829113446176,0.0002245663636131212,1.873783185146749e-05,0.00022482970962300897,8.032349683162465e-07,8.374540172439993e-09,8.487929221701052e-07,2.020985266426578e-05,0.02249309793114662,0.016034185886383057,0.0,0.007385156583040953,7.664399163331836e-06,0.37676337361335754,4.637986883437861e-09,,,,,,
912,0.012489410117268562,3.5126264335878588e-06,385.52622809505556,0.33805111050605774,0.0010272454237565398,0.0003925749915651977,1.045386170517304e-06,1.2039294006171986e-06,0.0002902438282035291,0.00022328176419250667,1.87242931133369e-05,0.00022415388957597315,8.049399866649765e-07,8.229133818815626e-09,8.505593314112048e-07,2.0224371837684885e-05,0.01185016892850399,0.008363524451851845,0.0,0.004735785536468029,1.889062150439713e-05,0.3767668902873993,1.1300047564333227e-09,,,,,,
913,0.012289615347981453,3.501114241459084e-06,385.95039485703455,0.10819311439990997,0.0009701079688966274,0.0003385280433576554,1.236314687957929e-06,1.1996417015325278e-06,0.00043094201828353107,0.0002226958458777517,1.8702065062825568e-05,0.00022399480803869665,8.051001145759074e-07,8.206397339449722e-09,8.498386137034686e-07,2.0257171854609624e-05,0.007360939867794514,0.013633809983730316,0.0,0.003608336905017495,2.3860702640376985e-05,0.3767692446708679,2.3841859597695247e-09,,,,,,
914,0.01294223964214325,3.4897303430848857e-06,386.3743408860173,0.2847294807434082,0.0008991605718620121,0.00038600416155532,1.1104052646260243e-06,1.0998228390235454e-06,0.000353215349605307,0.00022240470570977777,1.8683682355913334e-05,0.0002240632165921852,8.128779427352129e-07,8.209060098351983e-09,8.569909368816298e-07,2.0281375327613205e-05,0.008110253140330315,0.017797229811549187,0.0,0.002124641090631485,4.8935737140709534e-05,0.37677156925201416,1.2703239349320938e-08,,,,,,
915,0.01427671778947115,3.478474850819744e-06,386.7967805620283,0.4680776298046112,0.0007973429164849222,0.000436536967754364,1.2547565120257786e-06,1.0611536254145904e-06,0.00039385686977766454,0.00022234981588553637,1.8663655282580294e-05,0.00022423238260671496,8.141768148561823e-07,8.224570358095207e-09,8.580351504861028e-07,2.0282423065509647e-05,0.0071959407068789005,0.024368800222873688,0.0,0.006380234844982624,5.673908890457824e-05,0.3767739236354828,1.4292697692042111e-08,,,,,,
916,0.013188226148486137,3.467347875750819e-06,387.21832957305014,0.19945842027664185,0.000848895579110831,0.00039194070268422365,1.0770809240057133e-06,1.2632332300199778e-06,0.000470512721221894,0.00022238734527491033,1.8653663573786616e-05,0.00022431921388488263,8.031402103370056e-07,8.248722593862112e-09,8.473891739413375e-07,2.0255640265531838e-05,0.01508846040815115,0.009989552199840546,0.0,0.011566871777176857,4.30762956966646e-05,0.37677624821662903,1.060466026103768e-08,,,,,,
917,0.013160166330635548,3.4563495276968663e-06,387.63642701500794,0.6459096670150757,0.0010120741790160537,0.000397327181417495,1.1655986327241408e-06,1.119171656682738e-06,0.0004394130955915898,0.00022245482250582427,1.8650129277375527e-05,0.00022433241247199476,7.982057468325365e-07,8.271676676940842e-09,8.429214517491346e-07,2.022353874053806e-05,0.0072915637865662575,0.011898836120963097,0.0,0.00872085988521576,3.298084993730299e-05,0.37677860260009766,2.7753415121622993e-09,,,,,,
918,0.015499203465878963,3.445479915207143e-06,388.06025996705284,0.5190536975860596,0.0009351315093226731,0.000464452663436532,1.1466470368759474e-06,1.0979404123645509e-06,0.0005680357571691275,0.00022267400345299393,1.8635000742506236e-05,0.0002241385809611529,7.927305887278635e-07,8.451333854964105e-09,8.371711714971752e-07,2.021674663410522e-05,0.028653129935264587,0.01528890710324049,0.0,0.009273909032344818,3.467051647021435e-05,0.3767809271812439,3.116826352567159e-09,,,,,,
919,0.01445579994469881,3.434739145560333e-06,388.4868902170565,0.15732786059379578,0.0008801280637271702,0.00040616627666167915,1.1239364994253265e-06,1.1369561434548814e-06,0.00039812567410990596,0.00022347705089487135,1.862552198872436e-05,0.0002243367925984785,7.901159051471041e-07,8.783363369957442e-09,8.345928108610678e-07,2.023295746766962e-05,0.03126596659421921,0.014980481006205082,0.0,0.009064331650733948,4.6895052946638316e-05,0.3767832815647125,2.4773183504578355e-09,,,,,,
920,0.013140869326889515,3.424127324763495e-06,388.91314702900127,0.300292432308197,0.0008758843177929521,0.0004411920381244272,1.1275632232354837e-06,1.0499475138203707e-06,0.00038863785448484123,0.00022457611339632422,1.861668351921253e-05,0.0002249566896352917,7.928310878924094e-07,9.0529557184027e-09,8.376966320611245e-07,2.0242096070433035e-05,0.021468354389071465,0.004229915793985128,0.0,0.006305680610239506,4.503619857132435e-05,0.37678563594818115,2.3717681152390924e-09,,,,,,
921,0.013391065411269665,3.4136445575510195e-06,389.3340556640178,0.4874444007873535,0.0010339863365516067,0.00041300998418591917,1.2109536555726663e-06,1.0984563232341316e-06,0.0003100843168795109,0.00022588216233998537,1.8636312233866192e-05,0.0002258336025988683,7.888983191151056e-07,9.15727227379648e-09,8.337868848684593e-07,2.0234991097822785e-05,0.014527532272040844,0.013295537792146206,0.0,0.0035491986200213432,3.4298805985599756e-05,0.3767879605293274,5.234032762757579e-09,,,,,,
922,0.012561706826090813,3.4032909473835856e-06,389.7574018620071,0.5307021737098694,0.001058901660144329,0.0003520060272421688,1.1699112292262726e-06,1.1862521205330268e-06,0.00045864455751143396,0.00022654575877822936,1.86602210305864e-05,0.00022630082094110548,7.823202281542763e-07,9.007927737059163e-09,8.265670885521104e-07,2.0208437490509823e-05,0.013698987662792206,0.010450364090502262,0.0,0.0013264615554362535,2.893921555369161e-05,0.3767891228199005,2.874682492048919e-09,,,,,,
923,0.014638635329902172,3.393066596447145e-06,390.18489878304536,0.662497878074646,0.0008583154994994402,0.00044455466559156775,1.2733669336739695e-06,1.2057557796651963e-06,0.0003993918653577566,0.00022598516079597175,1.8677197658689693e-05,0.0002258684835396707,7.934758059491287e-07,8.74329408873109e-09,8.375581614927796e-07,2.0183280867058784e-05,0.009644470177590847,0.023935748264193535,0.0,0.007944086566567421,2.253570346510969e-05,0.376790314912796,4.110237483700985e-09,,,,,,
924,0.013473757542669773,3.3829716056519145e-06,390.60856542602414,0.4694150984287262,0.000884680193848908,0.00040070293471217155,1.1729980542440899e-06,1.1587485460040625e-06,0.00030914024682715535,0.00022577575873583555,1.868459912657272e-05,0.00022570246073883027,7.914666184660746e-07,8.646240168275199e-09,8.356993816960312e-07,2.0197954654577188e-05,0.025455085560679436,0.010688791051506996,0.0,0.008336829952895641,4.599148087436333e-05,0.37679147720336914,2.756714856388953e-09,,,,,,
925,0.013074025511741638,3.373006074631379e-06,391.0317300330498,0.13481976091861725,0.0009530504466965795,0.0004003239737357944,1.2762160395141109e-06,1.1361747738192207e-06,0.00047597679076716304,0.00022574620379600674,1.8695416656555608e-05,0.00022566296684090048,7.930643732834142e-07,8.64721538818003e-09,8.371430340048391e-07,2.0239709556335583e-05,0.0027064704336225986,0.01228641252964735,0.0,0.010922676883637905,1.0942314474959858e-05,0.37679263949394226,1.4944623316637262e-08,0.7958797191309956,6.205450931649982,0.6303732013326097,0.4673806435717663,0.0002624055466154955,0.0012337613143446507
926,0.011938247829675674,3.3631701017413043e-06,391.50473268300993,0.611746072769165,0.0008560493006370962,0.00034214812330901623,1.147126226896944e-06,1.0536936088101356e-06,0.0004083134699612856,0.00022576370975002646,1.8700411601457745e-05,0.00022564487881027162,8.102929314190987e-07,8.611422686044534e-09,8.541392162442207e-07,2.027469417953398e-05,0.012327536940574646,0.008919934742152691,0.0,0.006139131262898445,1.6570707884966396e-05,0.37679383158683777,1.5211600867814923e-09,,,,,,
927,0.013670592568814754,3.3534637840587736e-06,391.92806041199947,0.48432713747024536,0.0007851670379750431,0.0004052466247230768,9.44919861467497e-07,1.0882376955123618e-06,0.00045236898586153984,0.00022526839165948331,1.8722019376582466e-05,0.00022526273096445948,8.072035484474327e-07,8.444796861795112e-09,8.507410029778839e-07,2.0271407265681773e-05,0.0064758919179439545,0.015498960390686989,0.0,0.019511736929416656,4.1438324842602015e-05,0.3767949938774109,1.3454506841981129e-08,,,,,,
928,0.012914317660033703,3.343887217381219e-06,392.35723602800863,0.2136254459619522,0.000841232540551573,0.00044762794277630746,1.0849915952348965e-06,1.1244358120165998e-06,0.000421017874032259,0.00022469741816166788,1.8744740373222157e-05,0.00022485331282950938,8.008710210560821e-07,8.273487672738611e-09,8.450617201560817e-07,2.0225688786013052e-05,0.008069475181400776,0.008421500213444233,0.0,0.005935411900281906,1.7755639419192448e-05,0.37679731845855713,7.636845600345055e-10,,,,,,
929,0.01336839608848095,3.334440496225496e-06,392.7945620820392,0.4987475872039795,0.0010772454552352428,0.0004133283509872854,1.2656098533625482e-06,1.1168706350872526e-06,0.0003555058210622519,0.00022442694171331823,1.8752674805000424e-05,0.00022467061353381723,8.070318244790542e-07,8.21555801167051e-09,8.519358516423381e-07,2.01957027456956e-05,0.009545929729938507,0.014348132535815239,0.0,0.002690983470529318,1.364870240649907e-05,0.37679967284202576,6.960084952822854e-09,,,,,,
930,0.013070612214505672,3.3251237138269224e-06,393.272675654036,0.39129525423049927,0.0008782813674770296,0.00037740470725111663,1.1690303836076055e-06,1.1060876659030328e-06,0.00047873202129267156,0.00022435648133978248,1.8731534510152414e-05,0.00022462640481535345,8.027799367482658e-07,8.256853867294467e-09,8.472242143398034e-07,2.0197998310322873e-05,0.015427886508405209,0.006984523497521877,0.0,0.017347419634461403,2.4455144739476964e-05,0.3768008351325989,4.8366688432111005e-09,,,,,,
931,0.014726746827363968,3.3159369621383793e-06,393.7895133480197,0.13908030092716217,0.0008347047842107713,0.00045817880891263485,1.2076089888068964e-06,1.089599550141429e-06,0.0003641392686404288,0.00022426762734539807,1.871933818620164e-05,0.000224579285713844,7.992845780790958e-07,8.396270345656376e-09,8.429924491792917e-07,2.02253031602595e-05,0.01602570153772831,0.021641666069626808,0.0,0.006577976047992706,6.412286893464625e-05,0.3768031895160675,1.2603900145791158e-09,,,,,,
932,0.014294957742094994,3.306880331829399e-06,394.21701668802416,0.3343364894390106,0.0008514743531122804,0.0004148418956901878,1.2988657545065507e-06,1.0615958672133274e-06,0.0005485343863256276,0.00022434214770328254,1.87173682206776e-05,0.00022461784828919917,8.091173526736384e-07,8.561007014407096e-09,8.52776338433614e-07,2.0250514353392646e-05,0.026023346930742264,0.014784729108214378,0.0,0.004382419399917126,2.8183239919599146e-05,0.37680551409721375,1.0368724767673143e-09,,,,,,
933,0.014736296609044075,3.2979539122852673e-06,394.7870315880282,0.5767231583595276,0.0009180647903122008,0.0004076149489264935,1.031954525387846e-06,1.1338996728227357e-06,0.0003659990325104445,0.00022432855621445924,1.8732735043158755e-05,0.00022460213222075254,8.10994038147328e-07,8.645933746720402e-09,8.548265668650856e-07,2.025027060881257e-05,0.017545273527503014,0.0248195081949234,0.0,0.00869186595082283,2.4813547497615218e-05,0.3768078684806824,5.625188759239563e-09,,,,,,
934,0.01313832402229309,3.2891577916061373e-06,395.31746931001544,0.24793095886707306,0.0008248072117567062,0.00045765534741804004,1.0748606200650102e-06,1.0283122264809208e-06,0.00020550875342451036,0.0002241012261947617,1.8759968952508643e-05,0.0002244827337563038,7.93975118540402e-07,8.588081357174815e-09,8.377504627787857e-07,2.0212419258314185e-05,0.012193392962217331,0.007739837747067213,0.0,0.01459602639079094,2.7866779419127852e-05,0.376810222864151,2.179294966708767e-09,,,,,,
935,0.013118021190166473,3.280492056606171e-06,395.7705237379996,0.4838395416736603,0.0009572341223247349,0.0003508683294057846,1.3237639677754487e-06,1.160717602033401e-06,0.0004780530871357769,0.00022378381981980056,1.8793560229823925e-05,0.00022433690901380032,7.940463433442346e-07,8.491818803690876e-09,8.380886242775887e-07,2.0166988178971224e-05,0.023604126647114754,0.007604463957250118,0.0,0.011824527755379677,1.5518113286816515e-05,0.37681254744529724,4.339963055599583e-09,,,,,,
936,0.014525733888149261,3.271956792812677e-06,396.2737332440447,0.5670977830886841,0.0009693892206996679,0.0003563591744750738,1.2550441397252143e-06,1.1197297453691135e-06,0.0005266516236588359,0.00022363211610354483,1.8828653992386535e-05,0.00022426039504352957,7.965788313413213e-07,8.49974313155144e-09,8.407201903537498e-07,2.0154730009380728e-05,0.019671987742185593,0.019485974684357643,0.0,0.016594385728240013,2.0762543499586172e-05,0.37681490182876587,2.607703164514419e-09,,,,,,
937,0.01285842526704073,3.263552084465261e-06,396.78384976804955,0.2442127764225006,0.0009064209880307317,0.0003697119536809623,1.0166727406613063e-06,1.2352393241599202e-06,0.00030667358078062534,0.0002236213331343606,1.88456670002779e-05,0.00022423897462431341,7.870122544773039e-07,8.62544347057792e-09,8.309727945743361e-07,2.017435326706618e-05,0.023857546970248222,0.011825249530375004,0.0,0.003025420941412449,1.873906330729369e-05,0.3768172264099121,1.73846881335038e-09,,,,,,
938,0.013459627516567707,3.2552780145150003e-06,397.39965405105613,0.2113061547279358,0.0009655703906901181,0.00037301285192370415,1.0800036989166983e-06,1.0239482435281388e-06,0.00032049190485849977,0.0002237701992271468,1.88647500181105e-05,0.00022428514785133302,7.90875105849409e-07,8.823461072893224e-09,8.352164400093898e-07,2.0202027371851727e-05,0.025264782831072807,0.011819297447800636,0.0,0.010116128250956535,1.631322447792627e-05,0.37681958079338074,3.3341347460691395e-09,,,,,,
939,0.014034421183168888,3.247134664623625e-06,398.00731517601525,0.683426558971405,0.000770094629842788,0.0004626481677405536,9.484608654020121e-07,1.1327374522807077e-06,0.0005518004763871431,0.00022388041543308645,1.889010309241712e-05,0.00022431943216361105,8.005475820027641e-07,8.918485505660101e-09,8.453416739939712e-07,2.0214707546983846e-05,0.020876502618193626,0.005598176270723343,0.0,0.015436206944286823,2.3181924916571006e-05,0.376821905374527,7.022172177073571e-09,,,,,,
940,0.012411016039550304,3.2391221151627107e-06,398.59802762104664,0.2281709462404251,0.0009058807627297938,0.00041656458051875234,1.0923833997367183e-06,1.1528825325513026e-06,0.000283155677607283,0.0002235823922092095,1.892380532808602e-05,0.00022415933199226856,7.88865463619004e-07,8.768402892656013e-09,8.332689276357996e-07,2.0188894268358126e-05,0.001399376429617405,0.007149209268391132,0.0,0.01559627614915371,1.3083032172289677e-05,0.3768242597579956,1.9619861291175766e-09,,,,,,
941,0.0142942164093256,3.231240445212889e-06,399.18732682603877,0.2460704892873764,0.0010957126505672932,0.0004924603854306042,1.086711108655436e-06,1.126898723669001e-06,0.0004102399107068777,0.00022336101392284036,1.894930210255552e-05,0.0002240548055851832,7.854948194108147e-07,8.586414246281038e-09,8.29703594718012e-07,2.0158606275799684e-05,0.008027697913348675,0.009479900822043419,0.0,0.011241747066378593,1.3823675544699654e-05,0.37682777643203735,9.872019868240045e-10,,,,,,
942,0.013954290188848972,3.2234897325630564e-06,399.7765185170574,0.5096686482429504,0.0011171785881742835,0.00041700032306835055,1.324356389886816e-06,1.1152105798828416e-06,0.00038117796066217124,0.00022325584723148495,1.8960057786898687e-05,0.000224008530494757,7.896625788816891e-07,8.487577751736808e-09,8.339604278262414e-07,2.0139170374022797e-05,0.01777822896838188,0.010590625926852226,0.0,0.010301176458597183,9.962070180336013e-06,0.3768312931060791,2.0116570631500963e-09,,,,,,
943,0.014269664883613586,3.2158700537096214e-06,400.35190342302667,0.30633780360221863,0.0009047844796441495,0.00043947476660832763,1.141010670835385e-06,1.1245330142628518e-06,0.0004780904564540833,0.00022318659466691315,1.8949058357975446e-05,0.00022398489818442613,7.858429853513371e-07,8.497188730416383e-09,8.30092801606952e-07,2.0149956981185824e-05,0.0216301791369915,0.009263725951313972,0.0,0.014302590861916542,5.332238652044907e-05,0.37683480978012085,6.3392024962638516e-09,,,,,,
944,0.014418810606002808,3.2083814838557353e-06,401.0180582810426,0.27802371978759766,0.0009857031982392073,0.0004697816912084818,1.2000790547972429e-06,1.1477832231321372e-06,0.0003832862130366266,0.00022328145860228688,1.892921318358276e-05,0.00022402290778700262,7.896338729551644e-07,8.599169376566351e-09,8.339474106833222e-07,2.0177632904960774e-05,0.013226432725787163,0.00924727227538824,0.0,0.01878395862877369,4.851318954024464e-05,0.3768382966518402,3.6756198085186043e-09,,,,,,
945,0.014506404288113117,3.2010240969105597e-06,401.5732666969998,0.3672921061515808,0.000907888519577682,0.0005041161784902215,1.3358052228795714e-06,1.0975192026307923e-06,0.00038403598591685295,0.00022329509374685585,1.891031934064813e-05,0.00022404112678486854,7.961997425809386e-07,8.60394244739382e-09,8.405644393860712e-07,2.0195459001115523e-05,0.014254014939069748,0.012538934126496315,0.0,0.007687612436711788,3.33789866999723e-05,0.37684181332588196,3.209958521210865e-09,,,,,,
946,0.011783822439610958,3.193797965488533e-06,402.07107232901035,0.31898266077041626,0.0009024378377944231,0.00033136282581835985,1.1552986052265624e-06,1.1307414524708292e-06,0.00041035955655388534,0.00022325252939481288,1.8911590814241208e-05,0.00022403980256058276,7.918146138763404e-07,8.50412718023108e-09,8.359596677109948e-07,2.0185938410577364e-05,0.0021908003836870193,0.010363567620515823,0.0,0.01113542728126049,1.7087801097659394e-05,0.3768453299999237,1.5335779313119247e-09,,,,,,
947,0.01326824352145195,3.1867031609086567e-06,402.522957385052,0.345022976398468,0.0009802159620448947,0.00040676072239875793,1.2847312973462977e-06,1.082357357518049e-06,0.0004017115570604801,0.00022309247287921607,1.8906212062574923e-05,0.00022401117894332856,7.875349865571479e-07,8.342077251199953e-09,8.316430921695428e-07,2.0162324290140532e-05,0.002668706700205803,0.016097618266940117,0.0,0.007876736111938953,1.434941623301711e-05,0.37684884667396545,5.420297100044991e-09,,,,,,
948,0.013418860733509064,3.1797397531937875e-06,402.9711380530498,0.341030478477478,0.0008870703750289977,0.0003922612813767046,1.4605218439101009e-06,1.1138312174807652e-06,0.0004167032311670482,0.00022306694881990552,1.8900433133239858e-05,0.00022400400484912097,7.891286486483295e-07,8.267885931445562e-09,8.333038294949802e-07,2.016377038671635e-05,0.02608424238860607,0.008954847231507301,0.0,0.007057134993374348,5.008715015719645e-05,0.3768523633480072,5.0601860479559946e-09,,,,,,
949,0.01399289257824421,3.1729078110699473e-06,403.43031238403637,0.12436651438474655,0.0008410668233409524,0.00039569378714077175,1.2577852430695202e-06,1.1243653261772124e-06,0.00043551268754526973,0.00022312253713607788,1.8888636986957863e-05,0.00022400030866265297,7.899204774730606e-07,8.283148389409689e-09,8.338085422110453e-07,2.018368468270637e-05,0.02215261198580265,0.01395350880920887,0.0,0.012941578403115273,6.685785774607211e-05,0.37685588002204895,4.718701540618042e-10,,,,,,
950,0.014603666961193085,3.166207401965647e-06,403.87424541200744,0.18841378390789032,0.001063224975951016,0.000449889077572152,1.1261287227171124e-06,1.0887940788961714e-06,0.00038149632746353745,0.00022318206902127713,1.8864158846554346e-05,0.00022402273316401988,7.929646699267323e-07,8.309130272721177e-09,8.365694839085336e-07,2.0201929146423936e-05,0.014534102752804756,0.014138415455818176,0.0,0.014224633574485779,9.706689525046386e-06,0.3768593966960907,1.4839074413686149e-09,0.7964712945482266,6.210063427905076,0.6289597046210491,0.4772672101864856,0.00025607561871436975,0.001229271481299616
951,0.012849420309066772,3.1596385920112194e-06,404.3699116880307,0.2125575840473175,0.0008147108601406217,0.0003996464656665921,1.4791547755521606e-06,1.106270133277576e-06,0.00042078280239365995,0.00022339282440952957,1.88323301699711e-05,0.00022412546968553215,7.939734132378362e-07,8.3560376396008e-09,8.374781828024425e-07,2.0214856704114936e-05,0.015653451904654503,0.007951018400490284,0.0,0.008981716819107533,4.4927262933924794e-05,0.37686288356781006,3.3341347460691395e-09,,,,,,
952,0.013630328699946404,3.1532014460381666e-06,404.8070795080275,0.27622175216674805,0.0009710073936730623,0.00042756408220157027,1.0762329338831478e-06,1.1298097888357006e-06,0.0004539703659247607,0.0002237827720819041,1.8803384591592476e-05,0.00022434229322243482,7.910211365924624e-07,8.398453488211999e-09,8.344886737177148e-07,2.0215969925629906e-05,0.011922058649361134,0.013971308246254921,0.0,0.003671680809929967,1.9956723917857744e-05,0.3768664002418518,1.2728076370649433e-09,,,,,,
953,0.013504713773727417,3.1468960275785205e-06,405.2395603170153,0.26964429020881653,0.0009301754762418568,0.0004419952747412026,9.6531402959954e-07,1.169731376648997e-06,0.0003872252709697932,0.0002239749883301556,1.8786426153383218e-05,0.00022446738148573786,7.870024774092599e-07,8.400833806376795e-09,8.305737537739333e-07,2.0203733583912253e-05,0.01065836288034916,0.010669272392988205,0.0,0.010036831721663475,2.6210085707134567e-05,0.37686875462532043,2.353142125599561e-09,,,,,,
954,0.013832845725119114,3.1407223988642167e-06,405.66675085003953,0.5082511305809021,0.0008964304579421878,0.0004966717096976936,1.1477740144982818e-06,1.2078784266122966e-06,0.00030551053350791335,0.0002238353481516242,1.8761928004096262e-05,0.00022441806504502892,7.886082471486588e-07,8.403254092570478e-09,8.32309467568848e-07,2.0183359083603136e-05,0.00809461623430252,0.011212094686925411,0.0,0.009274337440729141,1.174582212115638e-05,0.37687110900878906,4.228204453227136e-09,,,,,,
955,0.013053080067038536,3.1346806208264774e-06,406.0946361620445,0.3450455963611603,0.0009717784123495221,0.00042030721670016646,1.3488746617440484e-06,1.0701453447836684e-06,0.00023379670165013522,0.00022410808014683425,1.8740174709819257e-05,0.0002245911891805008,7.847747838241048e-07,8.516750860110278e-09,8.282523822344956e-07,2.0190345821902156e-05,0.0037133279256522655,0.008022291585803032,0.0,0.02231511101126671,1.0094630852108821e-05,0.3768734335899353,1.0412186668418144e-08,,,,,,
956,0.011737062595784664,3.128770753095213e-06,406.5169002110488,0.14568497240543365,0.0009253915632143617,0.00037900786264799535,1.0251254707327462e-06,1.052411562341149e-06,0.000450991268735379,0.000223981449380517,1.872082066256553e-05,0.00022454941063188016,7.831863513274584e-07,8.646015459135015e-09,8.265651558758691e-07,2.0215513359289616e-05,0.0029725334607064724,0.003916911315172911,0.0,0.008560390211641788,3.111254045506939e-05,0.37687695026397705,2.09237138726337e-09,,,,,,
957,0.012635627761483192,3.122992853998432e-06,406.93891669705044,0.311161607503891,0.0009029876673594117,0.0003809039480984211,9.867305834632134e-07,1.1032581141989795e-06,0.00030426750890910625,0.00022373012325260788,1.8696491679293104e-05,0.00022444577189162374,7.856079946577665e-07,8.762504499770785e-09,8.290525101983803e-07,2.0224630134180188e-05,0.003616111120209098,0.01191114354878664,0.0,0.015411583706736565,6.974632560741156e-05,0.3768804669380188,3.930181513567277e-09,,,,,,
958,0.014325201511383057,3.1173469805616645e-06,407.3627557720174,0.3384423553943634,0.0009923632023856044,0.000424651283537969,1.117067313316511e-06,1.1258495078436681e-06,0.0002550231001805514,0.00022376683773472905,1.867882747319527e-05,0.00022450537653639913,7.836530926397245e-07,8.866401834950466e-09,8.272629088423855e-07,2.0219733414705843e-05,0.01806320995092392,0.020941194146871567,0.0,0.004674654453992844,4.412028647493571e-05,0.37688398361206055,1.3100605045224256e-08,,,,,,
959,0.01396323461085558,3.1118331885074055e-06,407.7883615620085,0.10864894092082977,0.0010902414796873927,0.00031154308817349374,9.855767757471767e-07,1.0910833907473716e-06,0.00043021293822675943,0.000224060655455105,1.8673761587706394e-05,0.0002246977383038029,7.777804853503767e-07,8.885688629334254e-09,8.212504667426401e-07,2.0200215658405796e-05,0.018319735303521156,0.020709402859210968,0.0,0.015130643732845783,7.21531387171126e-06,0.3768875002861023,6.413708231178816e-09,,,,,,
960,0.013038705103099346,3.106451532254553e-06,408.2153933220543,0.24220716953277588,0.0009119313326664269,0.0003582524077501148,1.2179762052255683e-06,1.1690653991536237e-06,0.0002987673506140709,0.00022428279044106603,1.8677726984606124e-05,0.00022485227964352816,7.760867219985812e-07,8.84660344979693e-09,8.193865141947754e-07,2.0182507796562277e-05,0.021073652431368828,0.01168339978903532,0.0,0.011640703305602074,4.058331251144409e-05,0.37689098715782166,1.2169282248564173e-09,,,,,,
961,0.014012150466442108,3.1012020649178825e-06,408.63706981402356,0.29949113726615906,0.0008589594508521259,0.0004940096405334771,1.0753333299362566e-06,1.1427125627960777e-06,0.0002972067450173199,0.0002244011702714488,1.867277933342848e-05,0.00022494446602649987,7.760356197650253e-07,8.822951258480316e-09,8.193907774511899e-07,2.0177909391350113e-05,0.018080923706293106,0.011013716459274292,0.0,0.005971443839371204,1.849957334343344e-05,0.3768945038318634,1.364077029109012e-08,,,,,,
962,0.013898958452045918,3.0960848383075193e-06,409.06268541904865,0.22904908657073975,0.0010435747681185603,0.00046484125778079033,9.251488108930062e-07,1.0715821190387942e-06,0.0002842546091414988,0.00022415310377255082,1.866740785771981e-05,0.00022481167980004102,7.762161544633273e-07,8.780483895520774e-09,8.19698243503808e-07,2.018442864937242e-05,0.01444181427359581,0.010445600375533104,0.0,0.008863378316164017,3.573965295800008e-05,0.37689802050590515,2.3407240590245237e-09,,,,,,
963,0.013885146006941795,3.091099902928421e-06,409.4875775890541,0.16125011444091797,0.0008939687977544963,0.00044393748976290226,1.2882460396212991e-06,1.135774482463603e-06,0.0004180731193628162,0.00022373184037860483,1.8660110072232783e-05,0.0002245748182758689,7.778346002851322e-07,8.706194876140216e-09,8.214007607421081e-07,2.0191600924590603e-05,0.012681281194090843,0.01099670585244894,0.0,0.0137121407315135,3.384500087122433e-05,0.3769003748893738,1.614292477469803e-09,,,,,,
964,0.012916120700538158,3.086247307979889e-06,409.91248505102703,0.16733220219612122,0.00103802012745291,0.00039739208295941353,1.1878441910084803e-06,1.1429972346377326e-06,0.0002557683037593961,0.00022336942492984235,1.863762918219436e-05,0.00022439216263592243,7.800030061844154e-07,8.628837200319595e-09,8.235124369093683e-07,2.0198727725073695e-05,0.012903834693133831,0.010487796738743782,0.0,0.007220910862088203,3.8222446164581925e-05,0.3769038915634155,9.903063258320799e-09,,,,,,
965,0.01447501964867115,3.0815271013550762e-06,410.33803612104384,0.12925468385219574,0.0009574993746355176,0.00041409838013350964,1.2089017218386289e-06,1.1789837799369707e-06,0.0004231357597745955,0.0002230760728707537,1.8610684492159635e-05,0.0002242599439341575,7.808739610482007e-07,8.53226378438876e-09,8.243216029768519e-07,2.0195748220430687e-05,0.01514081098139286,0.020348932594060898,0.0,0.00903736799955368,2.852007673936896e-05,0.37690621614456177,1.6639631894577178e-09,,,,,,
966,0.013281934894621372,3.0769393296405165e-06,410.7622355550411,0.09167543798685074,0.0009181749192066491,0.00040863273898139596,1.047242676577298e-06,1.0192075023951475e-06,0.00045550469076260924,0.00022280011035036296,1.859978146967478e-05,0.00022416033607441932,7.818010772098205e-07,8.422022190757161e-09,8.252018233179115e-07,2.0192783267702907e-05,0.007029894273728132,0.010100439190864563,0.0,0.014984671026468277,8.927282033255324e-05,0.3769085705280304,2.911935581551006e-09,,,,,,
967,0.012653925456106663,3.0724840381156655e-06,411.1850517230341,0.14748120307922363,0.0008980603888630867,0.0003379152331035584,1.1944300695176935e-06,1.1041241805287427e-06,0.00033119096769951284,0.0002225819043815136,1.8581986296339892e-05,0.0002241238544229418,7.826728278814699e-07,8.333859824460887e-09,8.261374091489415e-07,2.0185978428344242e-05,0.023811373859643936,0.009863365441560745,0.0,0.009410363622009754,3.272897083661519e-05,0.37691208720207214,7.605801322085881e-09,,,,,,
968,0.015107323415577412,3.0681612707524495e-06,411.6088072610437,0.2611718475818634,0.0009205745300278068,0.0004343897453509271,1.0603166629152838e-06,1.0749588454928016e-06,0.00049697479698807,0.00022247215383686125,1.8570357497083023e-05,0.00022412311227526516,7.832452411093982e-07,8.286823671710408e-09,8.267065823019948e-07,2.018439772655256e-05,0.02246042527258396,0.020425230264663696,0.0,0.008590007200837135,2.7654485165840015e-05,0.3769156038761139,1.1424223789191501e-09,,,,,,
969,0.014316964894533157,3.0639710702148394e-06,412.03582955599995,0.38193050026893616,0.001084173796698451,0.0004457320901565254,1.0903013389906846e-06,1.1521267424541293e-06,0.0004395467694848776,0.00022246460139285773,1.8567148799775168e-05,0.00022410594101529568,7.824936574252206e-07,8.287147856833599e-09,8.260553840955254e-07,2.0183208107482642e-05,0.021378712728619576,0.00954554881900549,0.0,0.008107233792543411,4.3172924051759765e-05,0.37691792845726013,5.358208987615853e-09,,,,,,
970,0.014677208848297596,3.0599134778584215e-06,412.4591758560273,0.24225126206874847,0.0009860993595793843,0.0004412632843013853,1.2780600400219555e-06,1.0293908871972235e-06,0.00032469036523252726,0.00022265236475504935,1.8576385627966374e-05,0.00022409611847251654,7.819207326065225e-07,8.335724999142258e-09,8.255539682977542e-07,2.0180275896564126e-05,0.02796456404030323,0.01480102352797985,0.0,0.0077922893688082695,2.7890260753338225e-05,0.37692028284072876,3.7128726759760866e-09,,,,,,
971,0.013127661310136318,3.055988533729995e-06,412.8837672030204,0.22425419092178345,0.0009229551651515067,0.0003937575966119766,1.1720184147634427e-06,1.0995457842000178e-06,0.0003808080218732357,0.00022310050553642213,1.8588882085168734e-05,0.0002242379414383322,7.839065574444248e-07,8.42087288788207e-09,8.27682129056484e-07,2.0186422261758707e-05,0.024521147832274437,0.006007936783134937,0.0,0.010007616132497787,9.707900062494446e-06,0.376922607421875,1.2107194136135035e-09,,,,,,
972,0.013440493494272232,3.0521962765671722e-06,413.3075604090118,0.25601065158843994,0.0009145445073954761,0.00040194299072027206,1.0432157750983606e-06,1.1090203315688996e-06,0.00025604278198443353,0.00022354403336066753,1.861015880422201e-05,0.00022444335627369583,7.823304599696712e-07,8.448317601050803e-09,8.262947517323482e-07,2.018546365434304e-05,0.014910101890563965,0.015843477100133896,0.0,0.009474929422140121,3.234439282095991e-05,0.37692496180534363,1.2870877696968819e-08,,,,,,
973,0.0140070216730237,3.048536743798004e-06,413.7350772570353,0.15812702476978302,0.0010825350182130933,0.0004255204403307289,1.0231196938548237e-06,1.1063152669521514e-06,0.00045789708383381367,0.000224200077354908,1.8634980733622797e-05,0.00022481412452179939,7.770953516228474e-07,8.452174071749141e-09,8.21143544271763e-07,2.016755024669692e-05,0.006655475124716759,0.010013928636908531,0.0,0.02071373164653778,1.5543630070169456e-05,0.37692728638648987,2.2848447578383002e-09,,,,,,
974,0.012640895321965218,3.045009971540598e-06,414.1594374020351,0.15239493548870087,0.0009864981984719634,0.000420314579969272,1.1987713151029311e-06,1.1523483181008487e-06,0.00036344968248158693,0.00022513761359732598,1.866075945144985e-05,0.00022540353529620916,7.739189982203243e-07,8.467239354104095e-09,8.180958843695407e-07,2.014906203839928e-05,0.004957987926900387,0.009052157402038574,0.0,0.004468386527150869,5.633025284623727e-05,0.3769308030605316,3.55144313957112e-09,,,,,,
975,0.013826114125549793,3.0416159946027737e-06,414.57746558700455,0.22716024518013,0.0009684119722805917,0.0004367837100289762,1.0270121038047364e-06,1.1570967899388052e-06,0.0003684832190629095,0.00022597963106818497,1.8672817532205954e-05,0.00022597207862418145,7.73007627685729e-07,8.475952384401353e-09,8.17185878076998e-07,2.013866469496861e-05,0.015617921948432922,0.009802499786019325,0.0,0.01380842924118042,2.0104767827433534e-05,0.37693315744400024,3.011276339393021e-09,0.7941135243845515,6.191679962782017,0.6349392086768614,0.4920802567371552,0.00028492476410464976,0.0011981995178840096
976,0.012327847070991993,3.038354846481713e-06,415.05998523300514,0.2788531482219696,0.0010541677474975586,0.0003622219664976001,1.0825817753357114e-06,1.1547134590728092e-06,0.0002915443910751492,0.00022663413255941123,1.868866092991084e-05,0.00022642592375632375,7.716986374362023e-07,8.513858062997315e-09,8.159806270668923e-07,2.014171695918776e-05,0.007012943737208843,0.01129491999745369,0.0,0.006052777171134949,5.833084287587553e-05,0.376936674118042,9.17042353165698e-09,,,,,,
977,0.012749114073812962,3.0352265593636313e-06,415.4968938080128,0.3352523148059845,0.0008500820840708911,0.00038359849713742733,1.285789721805486e-06,1.123404558711627e-06,0.0002577191626187414,0.00022667046869173646,1.8706787159317173e-05,0.0002264307695440948,7.734654445812339e-07,8.485697478022303e-09,8.177862582670059e-07,2.0156416212557815e-05,0.01845754124224186,0.011732643470168114,0.0,0.006555943284183741,2.848163239832502e-05,0.37693899869918823,2.849847247077264e-09,,,,,,
978,0.01353776641190052,3.0322311641234605e-06,415.9199131850037,0.5374403595924377,0.0009931563399732113,0.00037193793104961514,1.3932370848124265e-06,1.0448608236401924e-06,0.0004228938778396696,0.0002261035842821002,1.8710898075369187e-05,0.0002259977482026443,7.762466225358367e-07,8.402373019578135e-09,8.204825689972495e-07,2.016188773268368e-05,0.023690108209848404,0.008088890463113785,0.0,0.014955063350498676,1.5207164324237965e-05,0.37694135308265686,7.22085458093602e-09,,,,,,
979,0.012551631778478622,3.029368690324541e-06,416.3446119920118,0.13610467314720154,0.0008769851410761476,0.00041041322401724756,1.1542176707735052e-06,1.0668544518921408e-06,0.0003030150546692312,0.0002246653602924198,1.8720753359957598e-05,0.00022498831094708294,7.791208531671145e-07,8.233776327415399e-09,8.231485253418214e-07,2.0168077753623948e-05,0.0066999588161706924,0.009535212069749832,0.0,0.01014427188783884,2.0528153982013464e-05,0.3769437074661255,4.507601403247463e-09,,,,,,
980,0.013500399887561798,3.026639166218335e-06,416.77093854302075,0.06873710453510284,0.0009389003389514983,0.00038416392635554075,1.1467534477560548e-06,1.1674658253468806e-06,0.00042169116204604506,0.00022380787413567305,1.8734104742179625e-05,0.00022444820206146687,7.823595638001279e-07,8.127754469455795e-09,8.262346682386124e-07,2.0173627490294166e-05,0.018700556829571724,0.013900211080908775,0.0,0.007503081113100052,1.0168427252210677e-05,0.37694603204727173,2.961605893858632e-08,,,,,,
981,0.012148282490670681,3.0240426187441417e-06,417.1943699440453,0.19050657749176025,0.0008418557117693126,0.00036331836599856615,1.0106014087796211e-06,1.048979925144522e-06,0.0003111542609985918,0.00022325506142806262,1.874417284852825e-05,0.0002241522743133828,7.84842484335968e-07,8.065400791679167e-09,8.28624251880683e-07,2.0181265426799655e-05,0.016502756625413895,0.006564918905496597,0.0,0.01093926839530468,2.6961697585647926e-05,0.37694838643074036,1.5137096909256798e-08,,,,,,
982,0.012763422913849354,3.021579073528838e-06,417.61638873105403,0.11049867421388626,0.0009209901327267289,0.00034936596057377756,1.058737780113006e-06,1.111017581933993e-06,0.0004669209010899067,0.0002228017256129533,1.8740944142336957e-05,0.0002239965251646936,7.86215878179064e-07,8.034088949671059e-09,8.299650176013529e-07,2.0181099898763932e-05,0.007767476141452789,0.012861987575888634,0.0,0.012626465409994125,4.94273699587211e-05,0.3769507110118866,3.0174849285913297e-09,,,,,,
983,0.014440154656767845,3.0192485548866186e-06,418.0418292340473,0.19375315308570862,0.0010378804290667176,0.00036299636121839285,1.278658487535722e-06,1.1048459782614373e-06,0.000539894332177937,0.0002225739590357989,1.873745168268215e-05,0.0002240243775304407,7.863408200137201e-07,8.018819386279574e-09,8.301866500914912e-07,2.017699989664834e-05,0.017879342660307884,0.02028193697333336,0.0,0.00859841424971819,0.00010496046888874844,0.3769530653953552,5.6003530701786985e-09,,,,,,
984,0.012615513056516647,3.017051085818765e-06,418.46722876204876,0.13597646355628967,0.0008080558618530631,0.0003578021132852882,1.2732023151329486e-06,1.1059080406994326e-06,0.0003995259467046708,0.00022250658366829157,1.8729686416918412e-05,0.00022411181998904794,7.858399726501375e-07,8.041700638727889e-09,8.295889983855886e-07,2.0179639250272885e-05,0.007815148681402206,0.00986991822719574,0.0,0.020709043368697166,2.2387534045265056e-05,0.37695541977882385,3.1044087300813317e-09,,,,,,
985,0.013242854736745358,3.014986688013407e-06,418.8918729600264,0.5840650200843811,0.0009309976012445986,0.00038542886613868177,1.1289844223938417e-06,1.1029982260879478e-06,0.00048512290231883526,0.0002224967465735972,1.8719440049608238e-05,0.00022418025764636695,7.841571232347633e-07,8.107352122976863e-09,8.276717267108324e-07,2.017737460846547e-05,0.026705052703619003,0.006258572451770306,0.0,0.006867584306746721,3.209216083632782e-05,0.3769589066505432,6.215026271405577e-09,,,,,,
986,0.013140630908310413,3.013055381845317e-06,419.317138435028,0.4566105604171753,0.001085905241779983,0.0003490798990242183,1.17242871056078e-06,1.0782284789456753e-06,0.0004791772225871682,0.0002226257638540119,1.8712809833232313e-05,0.00022407216602005064,7.846823564250371e-07,8.29508017829994e-09,8.278702807729132e-07,2.0191915609757416e-05,0.0032647643238306046,0.015001366846263409,0.0,0.01370162982493639,1.7428674254915677e-05,0.37696242332458496,1.7819306030730786e-09,,,,,,
987,0.01443167682737112,3.0112571863757093e-06,419.74280296301004,0.7159998416900635,0.0007759675499983132,0.00042702615610323846,9.437662811251357e-07,1.0327377140129101e-06,0.00032872692099772394,0.00022312370128929615,1.871584936452564e-05,0.00022410403471440077,7.86829673415923e-07,8.535705475765099e-09,8.303757113026222e-07,2.0198860511300154e-05,0.018707256764173508,0.020184088498353958,0.0,0.013296259567141533,5.924352444708347e-05,0.3769659399986267,1.347313371979908e-09,,,,,,
988,0.013234233483672142,3.0095921193520462e-06,420.1670427550562,0.17438927292823792,0.000940013094805181,0.00042913862853311,1.2074591495547793e-06,1.1317745247652056e-06,0.00033986763446591794,0.00022349099162966013,1.8733613615040667e-05,0.00022423993505071849,7.723391490799258e-07,8.625539393847248e-09,8.159432809407008e-07,2.0166886315564625e-05,0.011738545261323452,0.009356871247291565,0.0,0.010403652675449848,1.885887104435824e-05,0.37696945667266846,2.4338564497128345e-09,,,,,,
989,0.016148332506418228,3.008060197207866e-06,420.5937939020223,0.39146867394447327,0.001228631241247058,0.000467898091301322,1.4085970860833186e-06,1.1499408856252558e-06,0.0004889776464551687,0.00022405908384826034,1.8750017261481844e-05,0.00022452519624494016,7.69476343975839e-07,8.72413430386132e-09,8.128625950121204e-07,2.0131141354795545e-05,0.010344114154577255,0.025376759469509125,0.0,0.010426289401948452,2.9987286325194873e-05,0.3769729733467102,4.023313682210983e-09,,,,,,
990,0.013725174590945244,3.0066614350626236e-06,421.0223391420441,0.31524571776390076,0.0007982805836945772,0.00037332469946704805,9.609184417058714e-07,1.1672245818772353e-06,0.0003163799992762506,0.000224774528760463,1.877316572063137e-05,0.0002249537647003308,7.679423106310423e-07,8.867464984518847e-09,8.112073146548937e-07,2.01246039068792e-05,0.016179068014025688,0.01958993449807167,0.0,0.01596050150692463,2.2334155801218003e-05,0.37697649002075195,2.6139121978019375e-09,,,,,,
991,0.01271582767367363,3.005395846721537e-06,421.44770256703487,0.21187788248062134,0.0007538558566011488,0.0004926483379676938,9.522584036858461e-07,1.151002152255387e-06,0.00026329379761591554,0.0002253756974823773,1.878674083855003e-05,0.00022534026356879622,7.641541515113204e-07,9.00260221925464e-09,8.076724498096155e-07,2.013442644965835e-05,0.009581895545125008,0.005078923888504505,0.0,0.007011280860751867,5.755148777097929e-06,0.3769800066947937,1.0120372317956594e-09,,,,,,
992,0.013633296824991703,3.004263444675451e-06,421.8765169820399,0.12818805873394012,0.0008384502725675702,0.00038304267218336463,9.793093340704218e-07,1.1534959867276484e-06,0.00033991533564403653,0.00022567991982214153,1.880078525573481e-05,0.00022553645248990506,7.644798643013928e-07,9.092132380317253e-09,8.085231684162864e-07,2.0147977920714766e-05,0.011002179235219955,0.019349295645952225,0.0,0.01498471200466156,1.2426244211383164e-05,0.37698352336883545,2.6449560319719012e-09,,,,,,
993,0.013385102152824402,3.0032642401007156e-06,422.3021873680409,0.45239701867103577,0.0008789110579527915,0.00038455621688626707,1.0923197351075942e-06,1.092911134037422e-06,0.00032991974148899317,0.00022575924231205136,1.8814176655723713e-05,0.0002255689905723557,7.689498033869313e-07,9.071949413907987e-09,8.133928304232541e-07,2.01583570742514e-05,0.011514891870319843,0.020678378641605377,0.0,0.004731074906885624,2.592408054624684e-05,0.3769870102405548,3.6011138515590346e-09,,,,,,
994,0.012256140820682049,3.002398242859079e-06,422.72854476905195,0.2283119261264801,0.000998909818008542,0.0003401979338377714,9.444611350772902e-07,1.0908102012763266e-06,0.0002475458604749292,0.00022509026166517287,1.883102231658995e-05,0.0002250696998089552,7.69916994158848e-07,8.835843168242263e-09,8.14118152447918e-07,2.0156965547357686e-05,0.019018910825252533,0.008813563734292984,0.0,0.007984179072082043,2.7461079298518598e-05,0.37699052691459656,3.1292441970975915e-09,,,,,,
995,0.013650443404912949,3.0016654614975823e-06,423.15333789301803,0.151402086019516,0.00099720130674541,0.0004228882899042219,1.0749776038210257e-06,1.1509587238833774e-06,0.0003554951399564743,0.00022446020739153028,1.884625271486584e-05,0.0002246223302790895,7.694643500144593e-07,8.564457587567631e-09,8.133205255944631e-07,2.014321944443509e-05,0.02184337191283703,0.009083481505513191,0.0,0.008462074212729931,3.5314601518621203e-06,0.3769940435886383,2.489735972943663e-09,,,,,,
996,0.01275491714477539,3.0010659032484827e-06,423.5731744170189,0.2595234811306,0.0008555019740015268,0.0004604633431881666,1.0969615686917678e-06,1.136320861405693e-06,0.00033958529820665717,0.00022386487398762256,1.8867078324547037e-05,0.00022423165501095355,7.723002681814251e-07,8.345339530535512e-09,8.16196404684888e-07,2.013919220189564e-05,0.004343351349234581,0.010349145159125328,0.0,0.002310850191861391,2.82858654827578e-05,0.37699756026268005,1.347313371979908e-09,,,,,,
997,0.013359074480831623,3.0005995740291774e-06,424.00055611203425,0.22732281684875488,0.000971693079918623,0.00038304980262182653,1.0777910119941225e-06,1.2180003068351652e-06,0.0003130117547698319,0.0002235254942206666,1.8881732103182003e-05,0.0002240271569462493,7.742475531813398e-07,8.230635728523339e-09,8.180849135897006e-07,2.0143525034654886e-05,0.016840392723679543,0.012568634003400803,0.0,0.012732934206724167,9.164582479570527e-06,0.3769999146461487,2.35935071479787e-09,,,,,,
998,0.014188161119818687,3.000266478442149e-06,424.42397242900915,0.2693362832069397,0.001018173643387854,0.0004986341809853911,1.0140299764316296e-06,1.099451765185222e-06,0.0004406701191328466,0.00022308711777441204,1.8882221411331557e-05,0.0002238268789369613,7.766977887513349e-07,8.135014439858423e-09,8.204764867514314e-07,2.0145118469372392e-05,0.013936886563897133,0.008783504366874695,0.0,0.005483473185449839,1.086557222151896e-05,0.3770022392272949,7.388493150628506e-10,,,,,,
999,0.013062607496976852,3.000066619774914e-06,424.84834141505416,0.1087939515709877,0.0009123279596678913,0.0003850450739264488,1.0567903245828347e-06,1.188400119644939e-06,0.000360482488758862,0.00022293825168162584,1.8891494619310834e-05,0.00022376159904524684,7.79873744249926e-07,8.09083289254886e-09,8.233896551246289e-07,2.0158589904895052e-05,0.006871044635772705,0.010483273304998875,0.0,0.020144933834671974,5.357975896913558e-05,0.37700459361076355,9.064873296438236e-10,,,,,,
1000,0.015117635950446129,3e-06,425.27476494800067,0.2884899973869324,0.00107540562748909,0.000457193236798048,1.0310039897376555e-06,1.0799628853419563e-06,0.00047420314513146877,0.00022284679289441556,1.8896242181654088e-05,0.00022372082457877696,7.830973345335224e-07,8.083512526013692e-09,8.264642019639723e-07,2.0157836843281984e-05,0.01257981825619936,0.01841006986796856,0.0,0.011728961020708084,4.591784090735018e-05,0.3770081102848053,2.4586916946844894e-09,0.7920184369885158,6.175344627528327,0.6335546106010437,0.4728728110327097,0.00025167831481339386,0.0012257145289219001
