epoch,loss,learning_rate,training_seconds,gradient_norm,simulation,top,hot,cold,pde,boundary,initial,interface,low_cooling,contact_prior,validation_score_k,validation_顶部_rmse_k,validation_热端_rmse_k,validation_冷端_rmse_k
1,2.0008974075317383,0.0009999976559708827,0.3219927889876999,10.07851505279541,0.3177742660045624,0.8075352907180786,0.004473820328712463,0.002246204065158963,1.258683914784342e-05,0.004002764355391264,0.0,9.319448872702196e-05,0.00044647997128777206,0.0,146.58222067828333,206.97229791509986,8.810640193774987,13.881573641701038
2,1.5037243366241455,0.0009999906239066651,0.6608473359956406,2.6009750366210938,0.2655965983867645,0.5921249985694885,0.001306231482885778,0.003433141391724348,3.318962990306318e-05,0.013309336267411709,0.0,0.00016572461754549295,0.005142946727573872,6.836571628809907e-07,,,,
3,1.366502046585083,0.0009999789038767511,0.9785434509976767,3.7881109714508057,0.2251359075307846,0.44127702713012695,0.009710665792226791,0.014570895582437515,0.00024127848155330867,0.028331449255347252,0.0,0.0013356889830902219,0.01308457925915718,9.462382877245545e-09,,,,
4,1.2699956893920898,0.0009999624959968127,1.299015082011465,4.470715045928955,0.2105599194765091,0.38744521141052246,0.011079898104071617,0.015114175155758858,0.0006251525483094156,0.044441673904657364,0.0,0.003692669328302145,0.01794455572962761,2.761235009529628e-07,,,,
5,1.0187660455703735,0.0009999414004287887,1.6276982969720848,3.0064308643341064,0.1775953322649002,0.3376639783382416,0.005737585946917534,0.008415736258029938,0.0008220564923249185,0.05193646624684334,0.0,0.007098742760717869,0.01871994137763977,1.3559119906858541e-06,,,,
6,0.8484494686126709,0.0009999156173808841,1.9565476079587825,2.3299455642700195,0.16166694462299347,0.3090011477470398,0.0023554961662739515,0.002632950199767947,0.0014591525541618466,0.053947772830724716,0.0,0.013896821066737175,0.01273324154317379,3.551191184669733e-06,,,,
7,0.6524909734725952,0.0009998851471075673,2.2834863549796864,2.6020913124084473,0.14218305051326752,0.2367900013923645,0.000767599674873054,0.0006286875577643514,0.0033889017067849636,0.08542519062757492,0.0,0.026945747435092926,0.012705748900771141,6.978461897233501e-06,,,,
8,0.49651166796684265,0.0009998499899095672,2.618640622997191,2.396010637283325,0.11542890220880508,0.17426645755767822,0.0004461721400730312,0.00037684047129005194,0.004366706125438213,0.11571146547794342,0.0,0.04463576897978783,0.010298460721969604,1.1617408745223656e-05,,,,
9,0.40060585737228394,0.0009998101461338716,2.956487993011251,0.8528469800949097,0.08860886096954346,0.12474699318408966,0.0009414774249307811,0.0006837529945187271,0.007735472172498703,0.26542335748672485,0.0,0.09372711926698685,0.014635237865149975,1.7687943909550086e-05,,,,
10,0.4639798700809479,0.0009997656161737222,3.2780099830124527,3.519399404525757,0.07675287872552872,0.14274071156978607,0.0007927234983071685,0.0017383398953825235,0.02916216291487217,0.36853450536727905,0.0,0.15952131152153015,0.030147287994623184,2.46684649027884e-05,,,,
11,0.5337912440299988,0.0009997164004686117,3.5974189679836854,4.748922824859619,0.07688874006271362,0.15023885667324066,0.0009477991843596101,0.006954459007829428,0.028262726962566376,0.45531243085861206,0.0,0.22375532984733582,0.0192699134349823,3.296045179013163e-05,,,,
12,0.45470473170280457,0.0009996624995042794,3.919665649998933,4.3260016441345215,0.068323515355587,0.12313272058963776,0.0009012300870381296,0.0068429820239543915,0.011447317898273468,0.34747040271759033,0.0,0.18032903969287872,0.018337760120630264,4.3112981074955314e-05,,,,
13,0.32955193519592285,0.000999603913812706,4.237789553008042,2.5142009258270264,0.0634891539812088,0.09167449176311493,0.0003803208819590509,0.00390035891905427,0.011647598817944527,0.2567100524902344,0.0,0.1222180426120758,0.0075426772236824036,5.55040460312739e-05,,,,
14,0.272749662399292,0.0009995406439721089,4.561215784982778,0.9018680453300476,0.05510083958506584,0.07592631131410599,0.0006346823647618294,0.0013718827394768596,0.01162992138415575,0.1970278024673462,0.0,0.09847624599933624,0.020522376522421837,7.006358646322042e-05,,,,
15,0.26661616563796997,0.0009994726906069353,4.880576090014074,1.8786890506744385,0.05045003443956375,0.08356252312660217,0.0013492403086274862,0.0008342663641087711,0.005419457331299782,0.10750474780797958,0.0,0.09741610288619995,0.011313678696751595,8.640564192319289e-05,,,,
16,0.3008182644844055,0.0009994000543878578,5.216754955006763,2.412278652191162,0.04439103975892067,0.09388875961303711,0.002639134181663394,0.0011277319863438606,0.006254155188798904,0.07131882011890411,0.0,0.07739803940057755,0.01966647058725357,0.00010445918451296166,,,,
17,0.3206654489040375,0.0009993227360317665,5.549680007970892,2.6883959770202637,0.046187158674001694,0.08612214028835297,0.005283137783408165,0.0022744087036699057,0.009288706816732883,0.0844467282295227,0.0,0.038529496639966965,0.01582283526659012,0.00012379941472318023,,,,
18,0.30489978194236755,0.0009992407363017626,5.875956508971285,3.275780200958252,0.03569313883781433,0.06693500280380249,0.007384485565125942,0.003338561160489917,0.010281947441399097,0.08079065382480621,0.0,0.06256787478923798,0.01638449914753437,0.0001437503524357453,,,,
19,0.2689061164855957,0.00099915405600715,6.20465205196524,3.372699499130249,0.03164733201265335,0.050046857446432114,0.007452591322362423,0.003011547727510333,0.006295882631093264,0.090642049908638,0.0,0.07171216607093811,0.01955888234078884,0.00016430974937975407,,,,
20,0.19972321391105652,0.0009990626960034283,6.530926861974876,1.7820566892623901,0.0327775664627552,0.04389500617980957,0.004611054435372353,0.0013804605696350336,0.010015959851443768,0.06724163889884949,0.0,0.169834703207016,0.003523612394928932,0.0001859825715655461,,,,
21,0.1623895913362503,0.000998966657192284,6.850781415996607,1.6219733953475952,0.0319092757999897,0.03486822918057442,0.002494141459465027,0.0015263778623193502,0.015528353862464428,0.08560436964035034,0.0,0.12052816152572632,0.005175190977752209,0.00021046157053206116,,,,
22,0.1632205843925476,0.0009988659405215812,7.17241285496857,2.193938970565796,0.0319201834499836,0.025246737524867058,0.0012600215850397944,0.0035969894379377365,0.0109087023884058,0.10465805977582932,0.0,0.22952932119369507,0.009748859331011772,0.00023730481916572899,,,,
23,0.19125401973724365,0.000998760546985353,7.491682054998819,2.916923761367798,0.03695341572165489,0.02903146669268608,0.0009063566103577614,0.005252406001091003,0.016825851052999496,0.16922521591186523,0.0,0.2521207928657532,0.0042799366638064384,0.0002671909751370549,,,,
24,0.21480776369571686,0.0009986504776237908,7.808037957001943,3.7257015705108643,0.03757968917489052,0.03320859372615814,0.000813593971543014,0.005680005997419357,0.012822452932596207,0.15721851587295532,0.0,0.25684288144111633,0.01666947267949581,0.00030076465918682516,,,,
25,0.16822899878025055,0.000998535733523235,8.140742994961329,2.85029935836792,0.03476981446146965,0.023027699440717697,0.0010508899576961994,0.003759214421734214,0.010419780388474464,0.17959804832935333,0.0,0.23673957586288452,0.008984641171991825,0.0003378304827492684,23.971620084276932,32.0162749832998,10.374621320712277,11.8675095407133
26,0.12805359065532684,0.0009984163158161632,8.483113155001774,1.3064080476760864,0.028471888974308968,0.017600979655981064,0.00123493536375463,0.0021223670337349176,0.016619708389043808,0.14540556073188782,0.0,0.24693459272384644,0.0030880814883857965,0.0003782356216106564,,,,
27,0.13016121089458466,0.0009982922256811804,8.803514467959758,1.9179350137710571,0.02667115069925785,0.02677898481488228,0.0017900678794831038,0.0008583403541706502,0.015374057926237583,0.07958648353815079,0.0,0.21544718742370605,0.00394788384437561,0.00042186217615380883,,,,
28,0.15413497388362885,0.000998163464343006,9.121841345971916,1.9941940307617188,0.0268023069947958,0.03133472800254822,0.002864958718419075,0.0003078663721680641,0.011059191077947617,0.11388197541236877,0.0,0.26771438121795654,0.007607629988342524,0.00046799308620393276,,,,
29,0.13857559859752655,0.000998030033072462,9.440805526974145,2.1565206050872803,0.02565804496407509,0.021570181474089622,0.004485452082008123,0.0005965734599158168,0.01381213590502739,0.07900558412075043,0.0,0.17735730111598969,0.0014973807847127318,0.0005175580154173076,,,,
30,0.1434367299079895,0.0009978919331864618,9.7656397469691,2.859480142593384,0.02415967918932438,0.018672127276659012,0.005213623866438866,0.0007047880790196359,0.009277461096644402,0.10340195894241333,0.0,0.20793083310127258,0.0015474963001906872,0.0005686616059392691,,,,
31,0.13124579191207886,0.0009977491660479953,10.087294531986117,2.121352195739746,0.02642684057354927,0.01769334264099598,0.0034456606954336166,0.00022382038878276944,0.01637674681842327,0.19509555399417877,0.0,0.17579978704452515,0.0036184450145810843,0.0006218377966433764,,,,
32,0.11028511077165604,0.0009976017330661164,10.409814916958567,0.8858421444892883,0.025827903300523758,0.020399034023284912,0.0013284510932862759,0.00015882783918641508,0.012258322909474373,0.13911226391792297,0.0,0.21737201511859894,0.0033929324708878994,0.0006769437459297478,,,,
33,0.11189030855894089,0.000997449635695929,10.729834639991168,2.0110702514648438,0.028640933334827423,0.022818323224782944,0.00022653989435639232,0.001215941272675991,0.004609646275639534,0.0982273519039154,0.0,0.2352963387966156,0.0013691423228010535,0.0007343888282775879,,,,
34,0.11898740381002426,0.000997292875438573,11.058132726000622,1.8271393775939941,0.03216610848903656,0.01803596317768097,8.56815604493022e-05,0.0020521758124232292,0.007649269886314869,0.13012197613716125,0.0,0.2746850848197937,0.0022410820238292217,0.0007950332947075367,,,,
35,0.11993648111820221,0.000997131453841209,11.392639880010393,2.06605863571167,0.026755886152386665,0.017084360122680664,5.6656834203749895e-05,0.0022852327674627304,0.013535402715206146,0.1601072996854782,0.0,0.3250562846660614,0.0026518062222748995,0.0008590334909968078,,,,
36,0.11507068574428558,0.0009969653724970025,11.727880669990554,1.9163289070129395,0.02931787073612213,0.016501430422067642,0.00020936700457241386,0.0014643025351688266,0.018314382061362267,0.1589445173740387,0.0,0.24797867238521576,0.006803224328905344,0.0009272525203414261,,,,
37,0.09877848625183105,0.0009967946330451097,12.062184790964238,1.0141831636428833,0.026588646695017815,0.013134400360286236,0.0004888385883532465,0.0007038472103886306,0.006034751422703266,0.14881031215190887,0.0,0.30778974294662476,0.0034209254663437605,0.0009977163281291723,,,,
38,0.09678659588098526,0.0009966192371706599,12.405620386998635,0.40441280603408813,0.02587379701435566,0.013937684707343578,0.0006541143520735204,0.0002587009221315384,0.007826877757906914,0.13406525552272797,0.0,0.31369996070861816,0.004425338003784418,0.001072196289896965,,,,
39,0.10218466073274612,0.0009964391866047397,12.733545880008023,1.6493109464645386,0.026697224006056786,0.020881226286292076,0.0006856084801256657,9.74865397438407e-05,0.006115816533565521,0.11684252321720123,0.0,0.24414095282554626,0.001695795450359583,0.001150003750808537,,,,
40,0.11305094510316849,0.0009962544831243754,13.063219233008567,1.4731677770614624,0.028726890683174133,0.019529152661561966,0.0011800758074969053,5.173030513105914e-05,0.006504828110337257,0.11912371218204498,0.0,0.358539879322052,0.0027818516828119755,0.001229733694344759,,,,
41,0.09882564842700958,0.0009960651285525156,13.391872742970008,1.4341615438461304,0.024510715156793594,0.01461508683860302,0.0016367339994758368,0.00011122132127638906,0.01281357929110527,0.10987517237663269,0.0,0.24105532467365265,0.003922930918633938,0.0013133103493601084,,,,
42,0.09725835919380188,0.0009958711247580138,13.709716840006877,1.5398341417312622,0.028601136058568954,0.012819988653063774,0.001491824514232576,6.347311136778444e-05,0.00988761242479086,0.09712650626897812,0.0,0.2649858295917511,0.004006541334092617,0.0013984930701553822,,,,
43,0.09648512303829193,0.000995672473655609,14.038768380996771,1.141539454460144,0.027366038411855698,0.015004729852080345,0.0007588582811877131,0.00015800957044120878,0.003871246939525008,0.08704817295074463,0.0,0.35051918029785156,0.0035151317715644836,0.001485396409407258,,,,
44,0.1010713204741478,0.0009954691772059074,14.359896921960171,0.8271645903587341,0.028588591143488884,0.013256683014333248,0.0001783054758561775,0.0006412864313460886,0.005823112558573484,0.15526483952999115,0.0,0.38072434067726135,0.0029180124402046204,0.0015762060647830367,,,,
45,0.08687648177146912,0.0009952612374153629,14.682633915974293,1.3454757928848267,0.03223592787981033,0.013533636927604675,7.329262734856457e-05,0.0009628852712921798,0.005305682308971882,0.05772782117128372,0.0,0.21374765038490295,0.00048438317026011646,0.0016710350755602121,,,,
46,0.09586301445960999,0.0009950486563362572,15.004370516980998,1.2613446712493896,0.028201431035995483,0.015249482356011868,7.605547580169514e-05,0.00098863011226058,0.004376871511340141,0.09827186912298203,0.0,0.2836942672729492,0.0022832457907497883,0.0017667894717305899,,,,
47,0.09464768320322037,0.0009948314360666798,15.332349564996548,0.5964072942733765,0.02952415496110916,0.014313730411231518,0.0002016859652940184,0.0005506802699528635,0.0036928122863173485,0.10496765375137329,0.0,0.33200547099113464,0.0016888589598238468,0.0018633174477145076,,,,
48,0.08461645990610123,0.000994609578750507,15.653864133986644,0.9189543128013611,0.025462932884693146,0.014192822389304638,0.0005277394084259868,0.00023304205387830734,0.007461598142981529,0.12368710339069366,0.0,0.19162875413894653,0.0008348774863407016,0.0019629194866865873,,,,
49,0.08831866830587387,0.000994383086577381,15.980222274956759,0.7681710720062256,0.02653575874865055,0.013985651545226574,0.0008190073422156274,0.00010267792094964534,0.005329197738319635,0.10803532600402832,0.0,0.24060013890266418,0.0014926862204447389,0.0020613893866539,,,,
50,0.09395243227481842,0.0009941519617826882,16.30427677195985,0.7776197195053101,0.026323985308408737,0.015303755179047585,0.0007650646148249507,7.025978993624449e-05,0.0037309732288122177,0.11852318048477173,0.0,0.2592089772224426,0.0036662244237959385,0.002160850213840604,24.387357866522844,34.15030699173272,6.452167355783899,2.2035190022312245
51,0.09016549587249756,0.0009939162066475368,16.645732453966048,0.9035933613777161,0.02911991812288761,0.015937665477395058,0.0005975921521894634,6.908958312124014e-05,0.007387939374893904,0.08704295009374619,0.0,0.19453752040863037,0.0037005965132266283,0.002260024193674326,,,,
52,0.09270208328962326,0.000993675823498735,16.978600048983935,0.9149228930473328,0.026785442605614662,0.016280725598335266,0.00044130181777291,8.879542292561382e-05,0.003111843019723892,0.08515442907810211,0.0,0.3162747919559479,0.003567097010090947,0.0023576244711875916,,,,
53,0.08914421498775482,0.0009934308147087675,17.302618646994233,0.29148805141448975,0.02643139846622944,0.014382129535079002,0.00038488226709887385,0.00013105434481985867,0.007604547776281834,0.10745072364807129,0.0,0.30028724670410156,0.0026470613665878773,0.0024567204527556896,,,,
54,0.08189623802900314,0.0009931811826957716,17.62360093498137,0.6329455971717834,0.026085974648594856,0.013882778584957123,0.00034078850876539946,0.00018697119958233088,0.007055044174194336,0.05898807570338249,0.0,0.28848937153816223,0.002088535111397505,0.002556506311520934,,,,
55,0.08704505115747452,0.000992926929923515,17.942314877989702,0.9193693995475769,0.029527852311730385,0.014125032350420952,0.00023836962645873427,0.0003473336691968143,0.0047347466461360455,0.10250502824783325,0.0,0.21946114301681519,0.001947142998687923,0.002657688455656171,,,,
56,0.07483110576868057,0.00099266805890137,18.26167609496042,0.592200517654419,0.02579827979207039,0.01268726121634245,0.00013964006211608648,0.0004898603074252605,0.006703575141727924,0.07103599607944489,0.0,0.18720318377017975,0.0005616081762127578,0.0027572275139391422,,,,
57,0.08113186061382294,0.0009924045721842888,18.581588945002295,0.7313223481178284,0.027137018740177155,0.012223083525896072,9.622301877243444e-05,0.00046416683471761644,0.005713098216801882,0.05077245086431503,0.0,0.3546066880226135,0.0008486902806907892,0.0028538054320961237,,,,
58,0.0824030190706253,0.000992136472372779,18.902233294968028,0.9121139645576477,0.027256492525339127,0.015388397499918938,0.00013913695875089616,0.000302240252494812,0.0032276492565870285,0.04266390576958656,0.0,0.29477208852767944,0.0007866343948990107,0.0029523568227887154,,,,
59,0.08199617266654968,0.0009918637621128773,19.22791201400105,0.2135310173034668,0.02621692791581154,0.014443663880228996,0.00040382944280281663,8.162931044353172e-05,0.005378034431487322,0.07098601758480072,0.0,0.2686707079410553,0.0012332345359027386,0.0030533187091350555,,,,
60,0.08002389222383499,0.0009915864440961245,19.549015453958418,0.8412855863571167,0.025705382227897644,0.014477640390396118,0.0007572245667688549,2.847788346116431e-05,0.003573400666937232,0.06470954418182373,0.0,0.197257399559021,0.0009905464248731732,0.003156299702823162,,,,
61,0.07512068003416061,0.0009913045210595366,19.866148260014597,1.1212823390960693,0.02620626799762249,0.013489846140146255,0.0008203155593946576,3.363233554409817e-05,0.00514174485579133,0.05172700434923172,0.0,0.1191796213388443,0.002003215719014406,0.0032558711245656013,,,,
62,0.07626534253358841,0.0009910179957855808,20.187662662006915,0.4987475275993347,0.024067141115665436,0.01314728707075119,0.0005193752585910261,3.4333381336182356e-05,0.002424101810902357,0.037668466567993164,0.0,0.3041089177131653,0.0012696919729933143,0.003350361716002226,,,,
63,0.0767517015337944,0.0009907268711021456,20.50649884098675,0.4379056990146637,0.025469230487942696,0.013754177838563919,0.00022268274915404618,0.00015484784671571106,0.0033179656602442265,0.042964596301317215,0.0,0.29904234409332275,0.0005808810237795115,0.003446203889325261,,,,
64,0.07518284767866135,0.0009904311498825141,20.827566104999278,0.8506430387496948,0.0275874026119709,0.013467773795127869,0.00010602291149552912,0.00034771786886267364,0.001975428778678179,0.046364925801754,0.0,0.2201767861843109,0.0003748387098312378,0.003545100800693035,,,,
65,0.08696934580802917,0.0009901308350453355,21.152852530009113,0.7768607139587402,0.028667133301496506,0.014669097028672695,0.00012525307829491794,0.00032052811002358794,0.00717425812035799,0.056538913398981094,0.0,0.3574850559234619,0.0006157050374895334,0.003643439384177327,,,,
66,0.08061234652996063,0.000989825929554596,21.50282698997762,0.6217516660690308,0.029198743402957916,0.012140106409788132,0.00029052229365333915,0.0001636566303204745,0.003711340483278036,0.04468608275055885,0.0,0.3362998962402344,0.0011186792980879545,0.0037470918614417315,,,,
67,0.07295967638492584,0.0009895164364195894,21.824472187960055,0.8723265528678894,0.02384401485323906,0.012692060321569443,0.0004100367077626288,7.932005973998457e-05,0.0050512030720710754,0.05536412447690964,0.0,0.22037097811698914,0.002026601694524288,0.0038531452883034945,,,,
68,0.08175742626190186,0.0009892023586948885,22.17571710800985,0.3387676775455475,0.026177577674388885,0.013234930112957954,0.00033258713665418327,8.247193181887269e-05,0.0028487564995884895,0.039385534822940826,0.0,0.40975022315979004,0.00038693900569342077,0.003957557957619429,,,,
69,0.0905260294675827,0.0009888836994803132,22.503517586970702,0.7668410539627075,0.029401518404483795,0.015310692600905895,0.0002239035675302148,0.00010109590220963582,0.00495577696710825,0.03602023422718048,0.0,0.4654168486595154,0.00012840495037380606,0.004067988600581884,,,,
70,0.08754096925258636,0.0009885604619209016,22.83492833096534,1.1476515531539917,0.030487723648548126,0.015583834610879421,0.00026972085470333695,6.06986868660897e-05,0.0035887081176042557,0.05411447212100029,0.0,0.33317190408706665,0.0003277320065535605,0.004181788302958012,,,,
71,0.08685165643692017,0.0009882326492068776,23.166492818971165,0.593021035194397,0.027485990896821022,0.012804314494132996,0.0005183342145755887,2.1445082893478684e-05,0.003011592198163271,0.053764376789331436,0.0,0.44229865074157715,0.0007130018202587962,0.00429853331297636,,,,
72,0.07952461391687393,0.0009879002645736207,23.48626393196173,1.16719388961792,0.026066210120916367,0.01270670723170042,0.0005401590606197715,2.2451735276263207e-05,0.004209553357213736,0.061840906739234924,0.0,0.27792972326278687,0.0021234117448329926,0.0044191679917275906,,,,
73,0.08578607439994812,0.0009875633113016326,23.83115883899154,0.2963632345199585,0.026430802419781685,0.014270234853029251,0.00026667152997106314,0.00010120504884980619,0.0057839686051011086,0.05875528231263161,0.0,0.3769844174385071,0.002117548370733857,0.004539800807833672,,,,
74,0.08158770203590393,0.0009872217927165065,24.155695766967256,1.2083816528320312,0.03089517541229725,0.01571330428123474,9.693862375570461e-05,0.0003136488958261907,0.003051239065825939,0.037141889333724976,0.0,0.21850547194480896,0.0003633551823440939,0.0046624490059912205,,,,
75,0.07698209583759308,0.0009868757121888926,24.493758163996972,0.751695990562439,0.0264076367020607,0.012904922477900982,0.00010751506488304585,0.00027863727882504463,0.0029648910276591778,0.045976631343364716,0.0,0.3106725811958313,0.0006187689723446965,0.004783301148563623,22.50228072371558,31.595436474303,4.21829951570484,3.3276550704630856
76,0.08232074975967407,0.0009865250731344664,24.849774149013683,0.6362237930297852,0.024593094363808632,0.012034131214022636,0.00024402575218118727,0.00012302152754273266,0.00378882372751832,0.06947042047977448,0.0,0.4240987300872803,0.001642600167542696,0.004905165638774633,,,,
77,0.0734374150633812,0.0009861698790138934,25.171676230966114,0.43581029772758484,0.024168647825717926,0.012949994765222073,0.0003549761022441089,6.341016705846414e-05,0.004548310302197933,0.049330566078424454,0.0,0.2522795498371124,0.0014054363127797842,0.005033703986555338,,,,
78,0.0728943794965744,0.0009858101333327964,25.501700403983705,0.28903093934059143,0.024402648210525513,0.013462728820741177,0.0003555722942110151,5.5108270316850394e-05,0.007005468476563692,0.037005241960287094,0.0,0.24369007349014282,0.0012190071865916252,0.005161711946129799,,,,
79,0.07368770241737366,0.0009854458396417198,25.821108083007857,0.5446617007255554,0.02665473148226738,0.013422708958387375,0.00029191127396188676,7.241220737341791e-05,0.00367450388148427,0.061602815985679626,0.0,0.1787622570991516,0.0012569093378260732,0.00528910756111145,,,,
80,0.07720527052879333,0.0009850770015360957,26.147089733975008,0.4499327540397644,0.023779043927788734,0.013421634212136269,0.00023293655249290168,0.00010849982936633751,0.002408759668469429,0.018448324874043465,0.0,0.41314226388931274,0.0005407893331721425,0.005413143429905176,,,,
81,0.06778513640165329,0.000984703622656207,26.46612436097348,0.26575613021850586,0.023959452286362648,0.012431466951966286,0.000285924703348428,0.00011905567953363061,0.009795418940484524,0.05020881071686745,0.0,0.1755041778087616,0.0006215379107743502,0.005545432213693857,,,,
82,0.08062545210123062,0.0009843257066871525,26.792538653011434,0.5602656602859497,0.0249116662889719,0.013869102112948895,0.0002911366173066199,0.000123725738376379,0.003604385070502758,0.03181339055299759,0.0,0.40190649032592773,0.0003644110984168947,0.00567256473004818,,,,
83,0.07927240431308746,0.0009839432573588102,27.11496272101067,0.21786092221736908,0.027318639680743217,0.01290353387594223,0.00020633060194086283,0.00018705509137362242,0.005981335416436195,0.03613503277301788,0.0,0.3524441719055176,0.0006722594262100756,0.005805206019431353,,,,
84,0.07800846546888351,0.000983556278445801,27.433639456983656,0.6484363675117493,0.024382485076785088,0.014242107048630714,0.00016150173905771226,0.0001967171992873773,0.005393600091338158,0.027274949476122856,0.0,0.36484161019325256,0.00031438141013495624,0.005940556526184082,,,,
85,0.0687999427318573,0.0009831647737674498,27.749256782990415,0.146951362490654,0.02513483166694641,0.012675592675805092,0.0002601835585664958,0.0001155080390162766,0.003718308173120022,0.03041965700685978,0.0,0.21657566726207733,0.0004942675586789846,0.00608014315366745,,,,
86,0.08002982288599014,0.0009827687471877502,28.066694984969217,0.42244869470596313,0.023458564653992653,0.012951578013598919,0.0003575239679776132,7.059250492602587e-05,0.005352363921701908,0.05150855705142021,0.0,0.40965649485588074,0.0004794329288415611,0.006216688081622124,,,,
87,0.08265480399131775,0.0009823682026153246,28.39733573497506,0.3439006507396698,0.024426182731986046,0.013541030697524548,0.0003115912841167301,8.093447831925005e-05,0.005847376771271229,0.04272196441888809,0.0,0.44529449939727783,0.00038565305294469,0.006361441221088171,,,,
88,0.0719270333647728,0.0009819631440033862,28.715507296961732,0.11475638300180435,0.020763101056218147,0.013680653646588326,0.00022819757577963173,0.00012509981752373278,0.004653937183320522,0.04889804869890213,0.0,0.28986620903015137,0.0006473215180449188,0.00651740375906229,,,,
89,0.06640215218067169,0.0009815535753497,29.046821422991343,0.5623542666435242,0.023350872099399567,0.01189600583165884,0.00020785164088010788,0.0001569667219882831,0.0035859057679772377,0.033815737813711166,0.0,0.23230579495429993,0.00042825049604289234,0.006672761868685484,,,,
90,0.0705074891448021,0.0009811395006965433,29.367600275960285,0.08354754000902176,0.021995700895786285,0.012025314383208752,0.00023256283020600677,0.00013130281877238303,0.006318714004009962,0.05759521573781967,0.0,0.2813912630081177,0.0006706594140268862,0.006826009601354599,,,,
91,0.0788780152797699,0.0009807209241306657,29.689755797968246,0.5676203370094299,0.023207180202007294,0.012430332601070404,0.00025750172790139914,0.00011504703434184194,0.005760477855801582,0.05909769609570503,0.0,0.4085731506347656,0.00045124764437787235,0.006980518810451031,,,,
92,0.07481149584054947,0.0009802978497832487,30.01254041097127,0.26025816798210144,0.022845784202218056,0.013116385787725449,0.000230015954002738,0.0001083839888451621,0.0014553518267348409,0.0594475083053112,0.0,0.32050156593322754,0.0002992006193380803,0.007141914684325457,,,,
93,0.07112222909927368,0.0009798702818298657,30.32696534501156,0.3278120458126068,0.02025129832327366,0.012508410029113293,0.00017798184126149863,0.00012580629845615476,0.00187975587323308,0.04483960568904877,0.0,0.35079991817474365,0.0006909771473146975,0.007305318024009466,,,,
94,0.0695422813296318,0.0009794382244904397,30.649962025985587,0.4858912527561188,0.01892392709851265,0.014772262424230576,0.00018975837156176567,0.00011585552420001477,0.005758484825491905,0.0762845128774643,0.0,0.18529918789863586,0.0008288848912343383,0.007471558637917042,,,,
95,0.07580167800188065,0.000979001682029202,30.991142340004444,0.24822111427783966,0.022064590826630592,0.013611787930130959,0.0002827154821716249,6.386023596860468e-05,0.004433979280292988,0.0337967686355114,0.0,0.3776240050792694,0.000557541789021343,0.007632669527083635,,,,
96,0.07069036364555359,0.0009785606587546505,31.324247389973607,0.4320180118083954,0.02376639097929001,0.011674916371703148,0.0003156329912599176,4.9355974624631926e-05,0.0024601295590400696,0.03635489195585251,0.0,0.30249351263046265,0.0010332770179957151,0.007800214923918247,,,,
97,0.07380244135856628,0.0009781151590195069,31.647485753986984,0.19674858450889587,0.019233565777540207,0.013645137660205364,0.00021245202515274286,0.00010072370059788227,0.006941555067896843,0.028671953827142715,0.0,0.41016900539398193,0.00041614670772105455,0.007971792481839657,,,,
98,0.06984873116016388,0.0009776651872206738,31.973324911959935,0.36396828293800354,0.021798552945256233,0.013891056180000305,0.00015910463116597384,0.00013712618965655565,0.0011787565890699625,0.056226976215839386,0.0,0.22199785709381104,0.0005160864675417542,0.008150402456521988,,,,
99,0.06979066878557205,0.0009772107477991911,32.298305647971574,0.37554067373275757,0.021171530708670616,0.012715745717287064,0.0001897081092465669,0.00011994938540738076,0.005404516588896513,0.04096422716975212,0.0,0.29762694239616394,0.0008347423281520605,0.00832890160381794,,,,
100,0.07036566734313965,0.0009767518452401926,32.62215007800842,0.3371411859989166,0.02012771926820278,0.0131914047524333,0.00020053621847182512,0.00011887284927070141,0.003245776053518057,0.04617378115653992,0.0,0.3072347342967987,0.0005111382924951613,0.008509159088134766,22.680360644852257,31.88452078820951,3.6941525061534963,3.27153502136286
101,0.06979822367429733,0.0009762884840728611,32.97340813296614,0.3302430510520935,0.02033243700861931,0.013780283741652966,0.00016593254986219108,0.00012854387750849128,0.0017904577543959022,0.0315374955534935,0.0,0.30788499116897583,0.0003142469795420766,0.008687611669301987,,,,
102,0.0654151439666748,0.0009758206688703845,33.30042232997948,0.25156670808792114,0.019178491085767746,0.012668239884078503,0.00021303984976839274,9.556945587974042e-05,0.0029288395307958126,0.0454961359500885,0.0,0.25771868228912354,0.00022322502627503127,0.00886504352092743,,,,
103,0.06539379805326462,0.0009753484042499097,33.62567923596362,0.2158781737089157,0.019321145489811897,0.013061627745628357,0.00026834860909730196,6.790744373574853e-05,0.00339880445972085,0.02888394519686699,0.0,0.265722393989563,0.00023333994613494724,0.009046263061463833,,,,
104,0.064053013920784,0.000974871694872498,33.952993765997235,0.20295798778533936,0.018950125202536583,0.012478592805564404,0.00021071810624562204,6.892257806612179e-05,0.006917714141309261,0.04982665926218033,0.0,0.23421651124954224,0.00030068852356635034,0.009228218346834183,,,,
105,0.06840850412845612,0.0009743905454430785,34.275823589996435,0.4437667727470398,0.01945282146334648,0.013310572132468224,0.0002098756085615605,9.723714174469933e-05,0.00679880753159523,0.05373181775212288,0.0,0.2587472200393677,0.000603517924901098,0.009409208782017231,,,,
106,0.0658116564154625,0.0009739049607104018,34.59324795700377,0.29709434509277344,0.021456696093082428,0.012875127606093884,0.00012000551214441657,0.00016097180196084082,0.005334610119462013,0.03111455589532852,0.0,0.24323883652687073,0.0002452113840263337,0.009590836241841316,,,,
107,0.06534641981124878,0.0009734149454669931,34.91564247797942,0.6717069149017334,0.019493259489536285,0.013905293308198452,0.00010342271707486361,0.0001477425976190716,0.00492571946233511,0.036091819405555725,0.0,0.23164379596710205,8.34876045701094e-05,0.009773257188498974,,,,
108,0.0664568766951561,0.0009729205045491051,35.23650247597834,0.6713210344314575,0.018435411155223846,0.012626700103282928,0.0002603323955554515,6.08439149800688e-05,0.003094743937253952,0.049739204347133636,0.0,0.27935805916786194,0.00044978284859098494,0.009956255555152893,,,,
109,0.06491973996162415,0.00097242164283667,35.55783974897349,0.26574090123176575,0.018791822716593742,0.013145208358764648,0.0002293137222295627,7.097826892277226e-05,0.005081904120743275,0.05053124576807022,0.0,0.2233578860759735,0.00034933071583509445,0.010137109085917473,,,,
110,0.07165437191724777,0.0009719183652532516,35.87726029497571,0.2041928619146347,0.018895288929343224,0.013497039675712585,0.00015098036965355277,0.00010989940346917138,0.0036543188616633415,0.045080285519361496,0.0,0.36409905552864075,0.0002501879062037915,0.010319591499865055,,,,
111,0.06479021906852722,0.0009714106767659962,36.19922054500785,0.4670051336288452,0.01949555240571499,0.014434276148676872,0.00013968785060569644,0.00011175026884302497,0.0027210800908505917,0.03943640738725662,0.0,0.1927797496318817,0.00018253616872243583,0.01050917524844408,,,,
112,0.0692993700504303,0.0009708985823855846,36.52009878400713,0.1791084259748459,0.019827643409371376,0.014471734873950481,0.00022090470883995295,6.311813922366127e-05,0.0039018611423671246,0.05720768868923187,0.0,0.23185425996780396,0.00016875963774509728,0.010693185031414032,,,,
113,0.06407787650823593,0.0009703820871661813,36.833113778964616,0.576303243637085,0.018074853345751762,0.012328512966632843,0.00030099760624580085,5.16923246323131e-05,0.0056772418320178986,0.05681520700454712,0.0,0.2224900722503662,0.0007183254929259419,0.010877997614443302,,,,
114,0.06452858448028564,0.0009698611962053858,37.17626990599092,0.5750614404678345,0.01863384060561657,0.013818461447954178,0.00014481703692581505,0.00011363488010829315,0.003353963838890195,0.04808653146028519,0.0,0.2112303376197815,0.00012437660188879818,0.0110603803768754,,,,
115,0.061490245163440704,0.0009693359146441815,37.49882070696913,0.15568006038665771,0.01629064232110977,0.012218906544148922,0.00014004253898747265,0.00011749661643989384,0.0017542759887874126,0.05893547832965851,0.0,0.24119505286216736,0.00013414002023637295,0.011242863722145557,,,,
116,0.06415136903524399,0.0009688062476668852,37.826446911960375,0.5763787627220154,0.01797626167535782,0.012118266895413399,0.0002068397297989577,8.948768663685769e-05,0.005387987941503525,0.03037767857313156,0.0,0.31051182746887207,0.00013111834414303303,0.011425413191318512,,,,
117,0.06763714551925659,0.0009682722005010961,38.168850580987055,0.14672592282295227,0.01769990660250187,0.013094942085444927,0.0001583267585374415,0.0001064945463440381,0.003396926447749138,0.06562227010726929,0.0,0.2830543518066406,0.00020273476548027247,0.01161909382790327,,,,
118,0.062016282230615616,0.0009677337784176445,38.4884826070047,0.4827520549297333,0.01860596053302288,0.013101070187985897,0.00012046202027704567,0.00011615444964263588,0.0021267859265208244,0.028979457914829254,0.0,0.23317065834999084,0.00016737845726311207,0.011819586157798767,,,,
119,0.06444533169269562,0.0009671909867305388,38.81001675396692,0.5124074816703796,0.01742095686495304,0.014239962212741375,0.00019170604355167598,7.300879224203527e-05,0.003628981066867709,0.03466418385505676,0.0,0.2416663020849228,0.00015409517800435424,0.012022001668810844,,,,
120,0.06159265339374542,0.0009666438307969138,39.13265883701388,0.635911226272583,0.01728244498372078,0.012513082474470139,0.0002800431102514267,4.456063834368251e-05,0.004238101653754711,0.04955173283815384,0.0,0.2125677615404129,0.00023031624732539058,0.012222973629832268,,,,
121,0.06190219894051552,0.0009660923160169777,39.455450726964045,0.525397777557373,0.016438819468021393,0.01247452199459076,0.00020156170648988336,7.462864596163854e-05,0.0025383909232914448,0.07355061173439026,0.0,0.20068924129009247,0.00022356963017955422,0.012417320162057877,,,,
122,0.06263051927089691,0.0009655364478339585,39.774314893991686,0.6804760694503784,0.01634308136999607,0.013084746897220612,7.120012014638633e-05,0.00023598282132297754,0.0050714933313429356,0.035234060138463974,0.0,0.26304709911346436,0.00010416912118671462,0.012613628059625626,,,,
123,0.06484094262123108,0.0009649762317340511,40.09813590196427,0.5974783301353455,0.016586486250162125,0.013493111357092857,8.48981726448983e-05,0.000155294532305561,0.006281614303588867,0.04012542963027954,0.0,0.28815028071403503,0.0001193513598991558,0.012814282439649105,,,,
124,0.05756836384534836,0.0009644116732463621,40.41511099500349,0.6408726572990417,0.016875052824616432,0.012456072494387627,0.00022961034846957773,4.236534732626751e-05,0.0047951932065188885,0.05752846598625183,0.0,0.13446572422981262,0.0003324860008433461,0.013027620501816273,,,,
125,0.06817419081926346,0.0009638427779428558,40.736611693981104,0.7176482677459717,0.014696923084557056,0.01261897012591362,0.00028264461434446275,3.594244481064379e-05,0.003340841270983219,0.07577575743198395,0.0,0.342387855052948,0.00017621487495489419,0.013232406228780746,22.399677605360804,31.534120850658034,2.889193348514498,3.135798693076059
126,0.06276504695415497,0.0009632695514382992,41.14082721999148,0.5439810156822205,0.01564856804907322,0.012940104119479656,9.664394019637257e-05,0.0001305342884734273,0.00716394605115056,0.053450874984264374,0.0,0.2603551745414734,0.00022998839267529547,0.013450289145112038,,,,
127,0.06006249785423279,0.0009626919993902064,41.47201272798702,0.6074692010879517,0.017304087057709694,0.012980550527572632,7.212262426037341e-05,0.00013533384480979294,0.004043175373226404,0.059943825006484985,0.0,0.16454268991947174,0.000285400019492954,0.013669727370142937,,,,
128,0.05862067639827728,0.0009621101274987831,41.79446458799066,0.3781530261039734,0.016342660412192345,0.012916678562760353,0.00018790729518514127,5.278701428323984e-05,0.005091356113553047,0.029602257534861565,0.0,0.21017906069755554,0.00030009145848453045,0.013878355734050274,,,,
129,0.06698638200759888,0.0009615239415068697,42.12146913696779,0.4007225036621094,0.01695677451789379,0.013206358067691326,0.00024383500567637384,4.241852366249077e-05,0.005667354911565781,0.054125815629959106,0.0,0.2974608838558197,0.00017127634782809764,0.01408720575273037,,,,
130,0.057355452328920364,0.0009609334471998856,42.45284051296767,0.17171788215637207,0.014072256162762642,0.013429957441985607,0.00016526713443454355,7.524591637775302e-05,0.0025912532582879066,0.05399205535650253,0.0,0.16583506762981415,0.00018331612227484584,0.014308108948171139,,,,
131,0.05835738405585289,0.000960338650405771,42.78692040796159,0.9543846845626831,0.016690561547875404,0.014044919982552528,0.00010621012188494205,0.00015204002556856722,0.0049180155619978905,0.023870348930358887,0.0,0.15788689255714417,0.00045267754467204213,0.01452222466468811,,,,
132,0.061113059520721436,0.0009597395569949304,43.10850129800383,0.3523256182670593,0.01717027835547924,0.012703604996204376,0.00017265405040234327,5.4422311222879216e-05,0.002641409868374467,0.03637496381998062,0.0,0.24572697281837463,0.00019415283168200403,0.014734689146280289,,,,
133,0.06052077189087868,0.0009591361728801735,43.42927114898339,0.8528417348861694,0.015213385224342346,0.012618220411241055,0.00025076710153371096,3.8847007090225816e-05,0.0033094901591539383,0.033043272793293,0.0,0.2706068456172943,0.000159698145580478,0.014955692924559116,,,,
134,0.06511877477169037,0.0009585285040166583,43.751909143989906,0.5359759330749512,0.014687106013298035,0.013199242763221264,0.00010385130008216947,0.00012022683949908242,0.002547859214246273,0.042309507727622986,0.0,0.34391042590141296,0.00022336392430588603,0.015179752372205257,,,,
135,0.055820923298597336,0.0009579165564018309,44.071210094960406,0.9549989104270935,0.015450178645551205,0.013361173681914806,8.19404813228175e-05,0.00011153076775372028,0.0027406159788370132,0.030014682561159134,0.0,0.1674271523952484,0.00018842137069441378,0.015410923399031162,,,,
136,0.06214834749698639,0.0009573003360753673,44.388143802993,1.0070525407791138,0.016204724088311195,0.013079149648547173,0.00031359787681140006,3.478799408185296e-05,0.004370848182588816,0.05497436970472336,0.0,0.2083749771118164,0.00015109835658222437,0.015635253861546516,,,,
137,0.058521464467048645,0.0009566798491191136,44.70883306401083,0.34944021701812744,0.014047716744244099,0.012127090245485306,0.00018531786918174475,4.371628165245056e-05,0.003329919185489416,0.03447525203227997,0.0,0.2810640037059784,0.0002461482654325664,0.015856880694627762,,,,
138,0.06120835989713669,0.000956055101657025,45.03350453998428,0.916157066822052,0.015474587678909302,0.013104189187288284,3.796648161369376e-05,0.00016432760457973927,0.002996527124196291,0.058521002531051636,0.0,0.2272750437259674,0.00012067699572071433,0.01609168015420437,,,,
139,0.06287603080272675,0.0009554260998551071,45.35460574895842,0.1771879345178604,0.015894485637545586,0.012406392022967339,6.332472548820078e-05,9.041129669640213e-05,0.003221596824005246,0.046710655093193054,0.0,0.3107665479183197,0.00024461009888909757,0.016318945214152336,,,,
140,0.05824517086148262,0.0009547928499213538,45.67067195195705,1.0406147241592407,0.01586255058646202,0.01295023038983345,0.00021036835096310824,4.721391451312229e-05,0.003957679495215416,0.024582315236330032,0.0,0.22227704524993896,0.00011981467832811177,0.016553692519664764,,,,
141,0.057471297681331635,0.0009541553581056861,45.988899682008196,0.29801905155181885,0.015321915037930012,0.012522740289568901,7.393588748527691e-05,8.658715523779392e-05,0.0043329354375600815,0.03727731481194496,0.0,0.22796377539634705,0.00013931367720942944,0.016790611669421196,,,,
142,0.061642810702323914,0.0009535136306998909,46.32676444097888,0.993198573589325,0.01665339432656765,0.01392853818833828,5.682401388185099e-05,9.654417226556689e-05,0.004404367879033089,0.03737402334809303,0.0,0.231410413980484,5.349001003196463e-05,0.017027471214532852,,,,
143,0.05988695099949837,0.0009528676740375587,46.6494680789765,0.5231455564498901,0.015449315309524536,0.012552067637443542,0.00023517505906056613,2.2290198103291914e-05,0.0024925428442656994,0.04867664724588394,0.0,0.23243948817253113,0.00012730741582345217,0.01727275550365448,,,,
144,0.05866618826985359,0.0009522174944940209,46.97504776198184,1.3787544965744019,0.01532492320984602,0.01248073112219572,0.00029399056802503765,2.2190408344613388e-05,0.004755464382469654,0.03421732783317566,0.0,0.22826775908470154,0.00012758729280903935,0.017511466518044472,,,,
145,0.06254757195711136,0.000951563098486287,47.297157206980046,1.534872055053711,0.015224405564367771,0.013718690723180771,9.931084787240252e-05,0.00027004076400771737,0.004831498954445124,0.04053445905447006,0.0,0.23444510996341705,0.0001572473847772926,0.017749525606632233,,,,
146,0.05903252959251404,0.0009509044924729818,47.614843748975545,0.446916401386261,0.01635023020207882,0.013088291510939598,5.89065566600766e-05,9.98001778498292e-05,0.0021581940818578005,0.023101259022951126,0.0,0.24792338907718658,8.645698108011857e-05,0.01798689179122448,,,,
147,0.06313633918762207,0.0009502416829542803,47.93430769001134,1.2575079202651978,0.014943894930183887,0.012331925332546234,0.00032861653016880155,4.161307879257947e-05,0.004077946301549673,0.02969541773200035,0.0,0.32854947447776794,0.00020715605933219194,0.01822892390191555,,,,
148,0.053606826812028885,0.000949574676471845,48.251778148987796,0.33506062626838684,0.013740645721554756,0.012116795405745506,0.0001631615887163207,3.7051791878184304e-05,0.003336795140057802,0.02469763718545437,0.0,0.2147696167230606,0.00023688239161856472,0.018484242260456085,,,,
149,0.05992776155471802,0.0009489034796087608,48.57149474095786,1.3655521869659424,0.01402995828539133,0.014735272154211998,3.0192346457624808e-05,0.00015664704551454633,0.002217223634943366,0.027233462780714035,0.0,0.2312716841697693,0.000142337114084512,0.018739767372608185,,,,
150,0.058303315192461014,0.0009482280989894695,48.88862318301108,0.26727333664894104,0.014381280168890953,0.012158739380538464,7.48222810216248e-05,6.139279867056757e-05,0.0026330274995416403,0.05698618292808533,0.0,0.24277135729789734,0.0002545678580645472,0.018997574225068092,22.82030978010422,32.13339346128003,3.982715898744569,1.4471272351455176
151,0.059971485286951065,0.0009475485412797054,49.233023189008236,1.2904292345046997,0.015929915010929108,0.012325383722782135,0.00018945660849567503,3.330308391014114e-05,0.005677548237144947,0.03032076545059681,0.0,0.2712084650993347,0.0002675646683201194,0.019262170419096947,,,,
152,0.05389067158102989,0.0009468648131864284,49.55082979396684,0.45304808020591736,0.014890945516526699,0.013098779134452343,4.828374949283898e-05,0.00011405562690924853,0.002478900831192732,0.037517253309488297,0.0,0.1439644694328308,8.534817607142031e-05,0.019534729421138763,,,,
153,0.06134866178035736,0.0009461769214577592,49.86906445299974,1.3872547149658203,0.013896901160478592,0.013963787816464901,4.166613143752329e-05,0.0001219665864482522,0.003191494382917881,0.04889257997274399,0.0,0.2462836056947708,0.000505044765304774,0.0197965856641531,,,,
154,0.055227335542440414,0.000945484872882911,50.18828959396342,1.1541248559951782,0.014895648695528507,0.012329177930951118,0.0003060955205000937,3.7398240237962455e-05,0.003042179625481367,0.0421234592795372,0.0,0.15305496752262115,0.0002011199831031263,0.020072344690561295,,,,
155,0.058318011462688446,0.0009447886742921243,50.503631177998614,0.9922744631767273,0.015572375617921352,0.012107126414775848,0.0002271760895382613,2.090832822432276e-05,0.00289787445217371,0.05652642250061035,0.0,0.20187696814537048,0.00013880709593649954,0.02034212090075016,,,,
156,0.05941639468073845,0.0009440883325565978,50.82303507899633,1.5017985105514526,0.014356845058500767,0.01343880221247673,7.562244718428701e-05,0.00024124921765178442,0.002864606911316514,0.053420595824718475,0.0,0.18202894926071167,0.0004058859485667199,0.02061287686228752,,,,
157,0.052731599658727646,0.0009433838545884216,51.155224173970055,0.6154525279998779,0.014582335948944092,0.012964259833097458,4.565667768474668e-05,9.538296581013128e-05,0.002244427567347884,0.0333612859249115,0.0,0.14211635291576385,0.0002352985175093636,0.02088569849729538,,,,
158,0.0702979564666748,0.0009426752473405091,51.484047492966056,2.0714805126190186,0.014789705164730549,0.013441990129649639,0.0004259949491824955,4.446248567546718e-05,0.004444572608917952,0.06432492285966873,0.0,0.34280526638031006,0.00010356715210946277,0.021141450852155685,,,,
159,0.057752374559640884,0.0009419625178065278,51.81139357300708,0.8002564907073975,0.014501039870083332,0.013267154805362225,6.419139390345663e-05,5.873915506526828e-05,0.0034526707604527473,0.029984768480062485,0.0,0.2388588935136795,0.00035224773455411196,0.02141578309237957,,,,
160,0.06195199117064476,0.0009412456730208301,52.15277826896636,0.9531697034835815,0.015117212198674679,0.014284268021583557,4.329566581873223e-05,0.00012407696340233088,0.0024222827050834894,0.04979134723544121,0.0,0.22412022948265076,0.00026455544866621494,0.02170059271156788,,,,
161,0.05387270078063011,0.0009405247200583851,52.48397132201353,0.28985050320625305,0.013196243904531002,0.01216675341129303,0.0001363652409054339,2.983554259117227e-05,0.0039006397128105164,0.04412005841732025,0.0,0.19640065729618073,0.00023187774058897048,0.021988697350025177,,,,
162,0.05890467017889023,0.000939799666034707,52.81707735999953,1.3206136226654053,0.014957728795707226,0.012767328880727291,0.00026106572477146983,1.9524493836797774e-05,0.00318730715662241,0.03148316219449043,0.0,0.2380773425102234,0.0003725609858520329,0.022271301597356796,,,,
163,0.06506655365228653,0.0009390705181057868,53.14135876100045,0.7705979943275452,0.01358219888061285,0.014051377773284912,4.6953296987339854e-05,0.00018055757391266525,0.002506465185433626,0.03788983076810837,0.0,0.3385455906391144,0.00024235286400653422,0.0225537046790123,,,,
164,0.05830099806189537,0.0009383372834680197,53.4727447059704,1.198508381843567,0.013621969148516655,0.014341525733470917,4.5590866648126394e-05,0.00013915664749220014,0.004057908430695534,0.030161693692207336,0.0,0.21412011981010437,0.00020056804351042956,0.02285691536962986,,,,
165,0.061253003776073456,0.0009375999693581359,53.80118335498264,1.1667625904083252,0.015427243895828724,0.013033516705036163,0.0003580096527002752,3.0523064197041094e-05,0.004839213564991951,0.08568759262561798,0.0,0.1372293084859848,0.00017805058450903744,0.023158665746450424,,,,
166,0.05350550636649132,0.0009368585830531277,54.1243942839792,0.7394691705703735,0.01406072173267603,0.011369459331035614,0.00022173309116624296,1.9848703232128173e-05,0.003444027155637741,0.07269033789634705,0.0,0.13346140086650848,0.00015229608106892556,0.023446038365364075,,,,
167,0.06284619122743607,0.000936113131870179,54.44848646700848,1.3148623704910278,0.014681504108011723,0.013682405464351177,4.295314647606574e-05,0.00022769845963921398,0.005124468356370926,0.05793443322181702,0.0,0.23497158288955688,0.0002713905996643007,0.023729894310235977,,,,
168,0.05566830933094025,0.0009353636231665917,54.76367686298909,0.324774831533432,0.014429155737161636,0.012451346032321453,3.956243017455563e-05,0.00010585035488475114,0.0033295101020485163,0.03214910626411438,0.0,0.22023732960224152,0.0004650601767934859,0.024018118157982826,,,,
169,0.058288026601076126,0.0009346100643397144,55.08258415898308,1.2817597389221191,0.01580014079809189,0.012609410099685192,0.0002772435254883021,2.3931284886202775e-05,0.003106991294771433,0.028732215985655785,0.0,0.2207884043455124,0.00016500627680215985,0.024315813556313515,,,,
170,0.052808523178100586,0.0009338524628268683,55.39925991697237,0.22641465067863464,0.012024740688502789,0.01265034731477499,7.617371011292562e-05,5.161088483873755e-05,0.0038007861003279686,0.027513302862644196,0.0,0.2196791172027588,0.000255305232712999,0.024611154571175575,,,,
171,0.06178927421569824,0.0009330908261052745,55.71531297499314,1.2431997060775757,0.015855276957154274,0.014131954871118069,3.757374361157417e-05,0.00011071952758356929,0.0022191843017935753,0.011206008493900299,0.0,0.29620516300201416,0.00012043480819556862,0.02490255795419216,,,,
172,0.051667895168066025,0.0009323251616919799,56.03713697596686,0.5733839869499207,0.013739473186433315,0.01284509152173996,0.00017127778846770525,1.9700109987752512e-05,0.00256232894025743,0.04260489344596863,0.0,0.11407722532749176,0.00021079034195281565,0.02520173229277134,,,,
173,0.05284421518445015,0.0009315554771437833,56.35294447699562,0.9843968152999878,0.014553064480423927,0.012282001785933971,0.00016821915050968528,1.8757174984784797e-05,0.006725859362632036,0.0405866876244545,0.0,0.1476006805896759,5.689225145033561e-05,0.025490814819931984,,,,
174,0.057798855006694794,0.0009307817800571602,56.671115798002575,0.7927123308181763,0.01483206544071436,0.013056694529950619,5.362059164326638e-05,0.00016541124205105007,0.0033328700810670853,0.03514689952135086,0.0,0.2144668698310852,0.0002326271787751466,0.025779709219932556,,,,
175,0.05656620115041733,0.0009300040780681889,56.988124046009034,0.7178688645362854,0.014870291575789452,0.013290142640471458,5.114456143928692e-05,9.47670778259635e-05,0.0038611488416790962,0.031595900654792786,0.0,0.20190468430519104,0.00018256259500049055,0.02606961503624916,21.924499786610493,30.81737810276719,4.726405249347574,0.987051535354103
176,0.051585547626018524,0.0009292223788524738,57.33110451401444,0.6618912220001221,0.013161720708012581,0.012163793668150902,0.0002507346507627517,2.2945154341869056e-05,0.002384304068982601,0.03006565570831299,0.0,0.1631983071565628,4.73798208986409e-05,0.026359284296631813,,,,
177,0.057390034198760986,0.0009284366901250704,57.64915835298598,0.9192110300064087,0.013733133673667908,0.013213957659900188,0.00027343531837686896,1.6953357771853916e-05,0.004824439063668251,0.02923927642405033,0.0,0.21944649517536163,0.00016097324260044843,0.026645570993423462,,,,
178,0.0531204529106617,0.0009276470196404096,57.96885891299462,0.7320922017097473,0.01261880062520504,0.012449812144041061,4.7902005462674424e-05,0.0001686743926256895,0.003161915112286806,0.032947249710559845,0.0,0.19526895880699158,0.00019305064051877707,0.026938099414110184,,,,
179,0.055726297199726105,0.0009268533751922201,58.29055699298624,0.8983333110809326,0.013550924137234688,0.01256085466593504,4.22329903813079e-05,0.00018150030518881977,0.002965653780847788,0.03622693568468094,0.0,0.21310463547706604,0.0003628949634730816,0.027230022475123405,,,,
180,0.05630803480744362,0.0009260557646134523,58.608350463968236,0.8589633107185364,0.014138923026621342,0.01269523799419403,0.00022464750509243459,2.1629133698297665e-05,0.002822583308443427,0.027620995417237282,0.0,0.2239181399345398,0.00018920993898063898,0.027523836120963097,,,,
181,0.05571582540869713,0.0009252541957762005,58.93552899797214,0.6560550928115845,0.013362215831875801,0.01187546830624342,0.0002189684601034969,2.418972144369036e-05,0.0028038546442985535,0.03745068982243538,0.0,0.2423481047153473,0.00014059495879337192,0.027826860547065735,,,,
182,0.05397701635956764,0.0009244486765916255,59.26225492998492,0.9564725160598755,0.014785249717533588,0.014116874895989895,3.185954847140238e-05,8.901383262127638e-05,0.004944185726344585,0.020362498238682747,0.0,0.14405372738838196,0.00023500168754253536,0.02813282422721386,,,,
183,0.053961992263793945,0.0009236392150098764,59.577861263998784,0.3993988633155823,0.013166879303753376,0.012542370706796646,3.412921432754956e-05,7.446724339388311e-05,0.0040808855555951595,0.04820507764816284,0.0,0.1879531294107437,0.00017377336916979402,0.028426310047507286,,,,
184,0.05316922068595886,0.0009228258190200126,59.89780425495701,1.138819694519043,0.013674023561179638,0.012581239454448223,0.00017708228551782668,1.5801684639882296e-05,0.0038241432048380375,0.03056340292096138,0.0,0.179976224899292,0.00012879580026492476,0.02872649021446705,,,,
185,0.056270670145750046,0.0009220084966499235,60.21814498095773,0.2890467047691345,0.014188357628881931,0.012394232675433159,4.2476698581594974e-05,5.8145044022239745e-05,0.001377887325361371,0.037543997168540955,0.0,0.2449958324432373,0.00018551014363765717,0.02903214655816555,,,,
186,0.05720588564872742,0.0009211872559662515,60.53720321896253,0.6529743671417236,0.014902650378644466,0.01279316283762455,2.991660585394129e-05,7.099002687027678e-05,0.0029848022386431694,0.03809820115566254,0.0,0.2265997976064682,0.0003894488327205181,0.0293430145829916,,,,
187,0.0516187883913517,0.0009203621050743103,60.852156910987105,0.39204898476600647,0.014550259336829185,0.01153508760035038,0.00013831777323503047,1.5832518329261802e-05,0.002754701767116785,0.023464716970920563,0.0,0.19648447632789612,0.00011876658390974626,0.029657837003469467,,,,
188,0.054337698966264725,0.0009195330521180062,61.178416209004354,0.43963751196861267,0.011897260323166847,0.011421609669923782,0.00011707140947692096,1.6632784536341205e-05,0.0020833471789956093,0.043098337948322296,0.0,0.27177149057388306,0.00022764566529076546,0.02996179275214672,,,,
189,0.05009859427809715,0.0009187001052797571,61.503063311974984,0.3698006868362427,0.012393072247505188,0.012205110862851143,3.9098038541851565e-05,7.61533883633092e-05,0.004363715648651123,0.033318184316158295,0.0,0.1623183935880661,0.000446576887043193,0.030281567946076393,,,,
190,0.056823957711458206,0.000917863272780412,61.827495498000644,0.39747583866119385,0.013977575115859509,0.012826915830373764,3.6092336813453585e-05,6.98534568073228e-05,0.002987023675814271,0.04791882261633873,0.0,0.2136526256799698,0.0004786298086401075,0.030601372942328453,,,,
191,0.051260679960250854,0.00091702256287917,62.16181632800726,0.7707801461219788,0.012336330488324165,0.011593952775001526,0.00016692641656845808,1.3128306818543933e-05,0.0027266412507742643,0.015970975160598755,0.0,0.24018816649913788,0.0001621341216377914,0.03092285618185997,,,,
192,0.05168148875236511,0.0009161779838734982,62.489058598002885,0.20050811767578125,0.013003100641071796,0.012224208563566208,7.437532622134313e-05,3.0408953534788452e-05,0.0038992948830127716,0.02782251313328743,0.0,0.19818909466266632,0.00026420666836202145,0.03125613555312157,,,,
193,0.05067932605743408,0.0009153295440990506,62.81298473698553,0.4757041335105896,0.01346385758370161,0.013764053583145142,5.241413600742817e-05,4.9293907068204135e-05,0.0022023210767656565,0.025189030915498734,0.0,0.11527557671070099,0.000245894945692271,0.031587474048137665,,,,
194,0.049214884638786316,0.0009144772519295853,63.13993678695988,0.19864873588085175,0.013821477070450783,0.012039676308631897,0.00010150219168281183,1.6613830666756257e-05,0.007744965143501759,0.012290949001908302,0.0,0.16667279601097107,0.00015101447934284806,0.03189704939723015,,,,
195,0.054602574557065964,0.0009136211157768814,63.46658953896258,0.5111618041992188,0.014509092085063457,0.0123482970520854,0.00012278169742785394,1.4266843209043145e-05,0.0028864876367151737,0.015531659126281738,0.0,0.2437414973974228,0.00010963330714730546,0.03220505267381668,,,,
196,0.05003345385193825,0.0009127611440906577,63.791981580958236,0.34724217653274536,0.014581283554434776,0.012053611688315868,4.4448905100580305e-05,8.540270937373862e-05,0.0034109805710613728,0.013867129571735859,0.0,0.16826379299163818,4.3462496250867844e-05,0.032515570521354675,,,,
197,0.046549055725336075,0.0009118973453584873,64.13667932496173,0.3609630763530731,0.012968350201845169,0.0111145731061697,3.559297329047695e-05,7.172918412834406e-05,0.0026330342516303062,0.026206862181425095,0.0,0.14618393778800964,0.00018397536769043654,0.032823774963617325,,,,
198,0.05490504577755928,0.0009110297281057149,64.45570586796384,0.44533571600914,0.015105954371392727,0.0117525365203619,0.00011821066436823457,1.632214116398245e-05,0.004309917334467173,0.022579360753297806,0.0,0.24843037128448486,2.0619045244529843e-05,0.033120933920145035,,,,
199,0.06062125414609909,0.0009101583008953727,64.78354510199279,0.2541559934616089,0.013483010232448578,0.011566532775759697,9.058076830115169e-05,2.006477734539658e-05,0.0027662517968565226,0.02354767918586731,0.0,0.4065883755683899,4.280227585695684e-05,0.033419083803892136,,,,
200,0.04757838696241379,0.0009092830723280953,65.11384621396428,0.20543871819972992,0.013040726073086262,0.011265206150710583,4.002252535428852e-05,5.766869435319677e-05,0.002970390487462282,0.0222222488373518,0.0,0.17166095972061157,4.2785344703588635e-05,0.03375430777668953,22.11740959822048,31.198110461370717,2.0882393808356365,2.39045872383756
201,0.047653019428253174,0.0009084040510420354,65.45500747300684,0.3222244679927826,0.013418533839285374,0.012044057250022888,2.7647945898934267e-05,6.467140337917954e-05,0.0030239326879382133,0.028799619525671005,0.0,0.12161508202552795,7.717704284004867e-05,0.034085918217897415,,,,
202,0.05216047540307045,0.0009075212457127782,65.77679635101231,0.32726994156837463,0.013100197538733482,0.012875343672931194,8.401081140618771e-05,1.5779110981384292e-05,0.0018080893205478787,0.02701474353671074,0.0,0.18625541031360626,0.0001726349291857332,0.034404996782541275,,,,
203,0.0472925566136837,0.0009066346650532561,66.10241578699788,0.2043079435825348,0.013989469967782497,0.011667328886687756,9.0605448349379e-05,1.680155037320219e-05,0.005874129943549633,0.024192750453948975,0.0,0.11632335931062698,0.0003304871788714081,0.03472769632935524,,,,
204,0.05328575149178505,0.0009057443178136618,66.42273094301345,0.3881697654724121,0.012485945597290993,0.012069150805473328,5.307333776727319e-05,5.1074101065751165e-05,0.0015296174678951502,0.02955925278365612,0.0,0.23535674810409546,0.0007847542292438447,0.03503333404660225,,,,
205,0.051860395818948746,0.0009048502127813635,66.74651841097511,0.1459449827671051,0.014026643708348274,0.01151167880743742,6.182673678267747e-05,3.2645490136928856e-05,0.004273833706974983,0.03790231794118881,0.0,0.18922117352485657,0.00036533206002786756,0.03535788133740425,,,,
206,0.05577533692121506,0.0009039523587808167,67.07166500895983,0.18116506934165955,0.013667576014995575,0.012861562892794609,0.00011356158938724548,1.6133264580275863e-05,0.002411504043266177,0.035728998482227325,0.0,0.22043631970882416,0.0003367072204127908,0.035690054297447205,,,,
207,0.0486748032271862,0.0009030507646734779,67.38988964696182,0.13952535390853882,0.01211282517760992,0.012110844254493713,8.79914005054161e-05,2.957314245577436e-05,0.0042808265425264835,0.018012724816799164,0.0,0.17437224090099335,0.00039469150942750275,0.03602631017565727,,,,
208,0.05036164075136185,0.0009021454393577171,67.71693207300268,0.28861039876937866,0.01245722733438015,0.012278353795409203,4.347154754213989e-05,6.463938188971952e-05,0.002855588449165225,0.02039351686835289,0.0,0.19014304876327515,0.0005409485893324018,0.03636596351861954,,,,
209,0.04824492707848549,0.0009012363917687298,68.03577698295703,0.3625847399234772,0.013644165359437466,0.012476267293095589,6.711090099997818e-05,3.083109550061636e-05,0.004308657255023718,0.023886527866125107,0.0,0.11292164772748947,0.0003819200792349875,0.036715250462293625,,,,
210,0.04698600620031357,0.0009003236308784483,68.35395733697806,0.4562951624393463,0.012919358909130096,0.012145621702075005,6.440396828111261e-05,2.3700471501797438e-05,0.003760881721973419,0.028350306674838066,0.0,0.11295121908187866,0.00018666370306164026,0.037058498710393906,,,,
211,0.047675784677267075,0.0008994071656954544,68.68212150898762,0.34510374069213867,0.013329235836863518,0.011030941270291805,0.0001191633491544053,1.1345084203639999e-05,0.003939500078558922,0.029678884893655777,0.0,0.1529119908809662,0.00013173528714105487,0.03738489747047424,,,,
212,0.0526052787899971,0.0008984870052648894,69.0028219979722,0.5137984156608582,0.013673217035830021,0.012555545195937157,6.700373342027888e-05,1.703043199086096e-05,0.004402715712785721,0.031097950413823128,0.0,0.18986383080482483,0.00011979878763668239,0.037710875272750854,,,,
213,0.04937027767300606,0.0008975631586683652,69.32343764597317,0.601456880569458,0.013987568207085133,0.011750164441764355,3.535636642482132e-05,0.00011096896196249872,0.0060790712013840675,0.02552630938589573,0.0,0.1472431719303131,0.00016234267968684435,0.03804013133049011,,,,
214,0.04918063059449196,0.0008966356350238747,69.63871830300195,0.18089193105697632,0.01390806119889021,0.012704191729426384,5.7510223996359855e-05,2.1949439542368054e-05,0.0021817439701408148,0.03277016431093216,0.0,0.10690942406654358,0.00029965187422931194,0.03836297243833542,,,,
215,0.052841655910015106,0.000895704443485702,69.95415866101393,0.6175015568733215,0.011964299716055393,0.012331771664321423,0.00020431296434253454,2.0960360416211188e-05,0.005861666984856129,0.033770445734262466,0.0,0.20189562439918518,0.00015750082093290985,0.038667671382427216,,,,
216,0.049053486436605453,0.0008947695932443316,70.27353026298806,0.26711001992225647,0.013927238062024117,0.011021636426448822,5.65312584512867e-05,2.6953021006193012e-05,0.0038292130921036005,0.03528306633234024,0.0,0.16791974008083344,9.339168900623918e-05,0.038986001163721085,,,,
217,0.051611438393592834,0.0008938310935263577,70.59089844999835,0.8938611745834351,0.01333580818027258,0.012084185145795345,3.368801480974071e-05,0.00017552534700371325,0.004280273802578449,0.02233222685754299,0.0,0.18597576022148132,0.00022978679044172168,0.03931130841374397,,,,
218,0.04484308138489723,0.000892888953594394,70.91348041599849,0.6706752777099609,0.01242056768387556,0.010910178534686565,0.00011942194396397099,1.950817386386916e-05,0.003572644665837288,0.034572821110486984,0.0,0.1058904379606247,0.00024278729688376188,0.03963303193449974,,,,
219,0.05386237055063248,0.0008919431827469809,71.23819396697218,0.31870320439338684,0.013413973152637482,0.011881278827786446,0.00010236011439701542,1.8820281184162013e-05,0.004843418020755053,0.019840259104967117,0.0,0.2596293091773987,0.0002264265058329329,0.03994463011622429,,,,
220,0.052754778414964676,0.0008909937903184951,71.56381536601111,0.9300443530082703,0.01188949029892683,0.013526780530810356,3.2874420867301524e-05,5.899828829569742e-05,0.0029960088431835175,0.01972079649567604,0.0,0.20747774839401245,0.0003569620312191546,0.040269311517477036,,,,
221,0.053249746561050415,0.0008900407856790567,71.88665723899612,0.43866488337516785,0.012856981717050076,0.012082912027835846,0.00013272832438815385,1.2016417713311967e-05,0.0021072253584861755,0.024239633232355118,0.0,0.24032558500766754,0.00019327588961459696,0.04061337187886238,,,,
222,0.05155467614531517,0.0008890841782344365,72.21195841598092,0.7408990263938904,0.013638888485729694,0.012264898978173733,0.00011432018800405785,2.3435946786776185e-05,0.006091177463531494,0.03245624154806137,0.0,0.16594240069389343,0.0001201440318254754,0.04098283126950264,,,,
223,0.047406744211912155,0.0008881239774259638,72.5351196799893,1.073346495628357,0.01290859840810299,0.011257031932473183,7.208900933619589e-05,0.00020886810671072453,0.0028718095272779465,0.013490509241819382,0.0,0.15096384286880493,9.233471064362675e-05,0.04134698212146759,,,,
224,0.04693252593278885,0.0008871601927304331,72.85425422695698,0.5896580219268799,0.012791492976248264,0.009944158606231213,0.00021581375040113926,8.997583790915087e-06,0.004762426950037479,0.014141891151666641,0.0,0.20376315712928772,0.0001224135048687458,0.0417189784348011,,,,
225,0.048180703073740005,0.0008861928336600101,73.17738445097348,0.4032042324542999,0.012647733092308044,0.01275617815554142,0.00011590861686272547,7.80792015575571e-06,0.004091125912964344,0.016335025429725647,0.0,0.13691195845603943,5.7706402003532276e-05,0.0420883372426033,21.974557279329318,30.984111035903524,2.269837805079895,2.5183791331595113
226,0.05008872225880623,0.0008852219097621384,73.52006157301366,1.1614054441452026,0.012606744654476643,0.013152132742106915,2.323661101399921e-05,6.717306678183377e-05,0.0032978435046970844,0.028605327010154724,0.0,0.13956007361412048,0.00022773929231334478,0.042448315769433975,,,,
227,0.0478488989174366,0.0008842474306194447,73.83570778201101,1.4019343852996826,0.011965951882302761,0.012050873599946499,0.00016129450523294508,1.238724507857114e-05,0.0053513022139668465,0.04452166333794594,0.0,0.10354824364185333,0.00010443462088005617,0.04280193895101547,,,,
228,0.04710185155272484,0.0008832694058496449,74.16014799999539,0.7353259325027466,0.013195067644119263,0.011772200465202332,2.8076636226614937e-05,0.00015656005416531116,0.003046446479856968,0.025711268186569214,0.0,0.10298459231853485,0.0006001963629387319,0.04313523694872856,,,,
229,0.04828210175037384,0.0008822878451054484,74.48037777497666,0.3536754548549652,0.012283275835216045,0.012216996401548386,3.187606489518657e-05,4.235116648487747e-05,0.0031819106079638004,0.016322512179613113,0.0,0.17642775177955627,0.00016636138025205582,0.04346266761422157,,,,
230,0.04945099353790283,0.0008813027580744639,74.80219079996459,0.8828336596488953,0.011953825131058693,0.010941322892904282,0.00025412195827811956,4.151796019868925e-05,0.0022860278841108084,0.012113272212445736,0.0,0.22500786185264587,3.83108745154459e-05,0.04379573091864586,,,,
231,0.04984387010335922,0.0008803141544791022,75.1194593399996,0.4479622542858124,0.013526791706681252,0.012274856679141521,3.0707094992976636e-05,3.55847914761398e-05,0.003188837319612503,0.022362522780895233,0.0,0.1689765453338623,0.00021577897132374346,0.04414568841457367,,,,
232,0.04945725202560425,0.0008793220440764821,75.4414170620148,0.48839908838272095,0.013314690440893173,0.011238913051784039,2.9005735996179283e-05,7.064343662932515e-05,0.005382932256907225,0.022125110030174255,0.0,0.2011633813381195,8.392876770813018e-05,0.044494226574897766,,,,
233,0.04992429167032242,0.0008783264366583325,75.75931707397103,0.5663806200027466,0.010445531457662582,0.011285325512290001,6.852250953670591e-05,2.930283335444983e-05,0.003475426696240902,0.030116280540823936,0.0,0.25204554200172424,9.731602040119469e-05,0.044865138828754425,,,,
234,0.045784540474414825,0.0008773273420508967,76.08163155795773,0.6598661541938782,0.011533848941326141,0.011889643035829067,6.644285167567432e-05,2.0282215700717643e-05,0.005263954401016235,0.010114440694451332,0.0,0.1647472083568573,4.6880519221303985e-05,0.04526923969388008,,,,
235,0.05010337755084038,0.0008763247701148352,76.40606065496104,0.4946525990962982,0.01306418888270855,0.011518372222781181,0.00015562257613055408,1.4300570910563692e-05,0.0030617928132414818,0.03157259523868561,0.0,0.17705512046813965,9.442736336495727e-05,0.04567800462245941,,,,
236,0.04481172561645508,0.0008753187307451283,76.7319068639772,0.35471558570861816,0.011688418686389923,0.011279581114649773,7.363453187281266e-05,2.3977632736205123e-05,0.003637160174548626,0.01945009082555771,0.0,0.1445666402578354,0.00018673366867005825,0.046093523502349854,,,,
237,0.053746938705444336,0.0008743092338709782,77.05775717296638,0.8166319131851196,0.01348883006721735,0.012239987030625343,3.67306056432426e-05,0.0001534631010144949,0.0036327755078673363,0.024005774408578873,0.0,0.21933293342590332,0.0002808223944157362,0.04651256650686264,,,,
238,0.048416126519441605,0.0008732962894557116,77.37719989201287,0.372026264667511,0.01136096939444542,0.01082213968038559,0.00010141717939404771,1.3292947187437676e-05,0.0038242056034505367,0.026421111077070236,0.0,0.22435683012008667,0.000165675301104784,0.046938467770814896,,,,
239,0.04419904947280884,0.0008722799074966811,77.69890283799032,0.7002213597297668,0.012014749459922314,0.011099244467914104,0.0001981504465220496,2.0596022295649163e-05,0.00189787067938596,0.02244243025779724,0.0,0.10567415505647659,0.00012812146451324224,0.04738748073577881,,,,
240,0.04666607454419136,0.0008712600980251661,78.01943545299582,1.1708123683929443,0.011996847577393055,0.010723988525569439,2.9416760298772715e-05,0.0001657016691751778,0.004651782102882862,0.03562871366739273,0.0,0.1375739574432373,0.0005480897380039096,0.04781943932175636,,,,
241,0.047058288007974625,0.0008702368711062745,78.33820203697542,1.025930643081665,0.012110957875847816,0.011616810224950314,0.00014440700761042535,1.1978829206782393e-05,0.005208095069974661,0.029906125739216805,0.0,0.1337185651063919,0.00016465270891785622,0.048255037516355515,,,,
242,0.042911939322948456,0.0008692102368388428,78.65797973098233,0.18415690958499908,0.011134795844554901,0.010606735944747925,5.6358519941568375e-05,4.756810812978074e-05,0.004148290492594242,0.01973288506269455,0.0,0.13869260251522064,0.0003603785880841315,0.04869471490383148,,,,
243,0.04639889672398567,0.0008681802053553369,78.97559280501446,0.7504366040229797,0.012976442463696003,0.010440096259117126,3.348508107592352e-05,5.871974281035364e-05,0.002584191970527172,0.040633201599121094,0.0,0.14108365774154663,0.00032434987952001393,0.04915161058306694,,,,
244,0.04884197190403938,0.0008671467868217514,79.29571882699383,1.1113158464431763,0.012356095016002655,0.011125247925519943,0.00028278640820644796,4.406942753121257e-05,0.008753225207328796,0.04126513749361038,0.0,0.12487649917602539,0.00010921807552222162,0.049603838473558426,,,,
245,0.047775998711586,0.0008661099914375104,79.61405315197771,0.6897209882736206,0.013341302052140236,0.010166319087147713,4.7996632929425687e-05,0.00011572695075301453,0.004856375511735678,0.03033658303320408,0.0,0.17622847855091095,0.0003268711734563112,0.050049178302288055,,,,
246,0.04504317045211792,0.0008650698294353655,79.92869816196617,0.6811333894729614,0.011895245872437954,0.011638450436294079,3.246343840146437e-05,7.491566066164523e-05,0.0019382336176931858,0.021873977035284042,0.0,0.12436804920434952,0.00024400456459261477,0.05051751062273979,,,,
247,0.05090270936489105,0.0008640263110812959,80.2497981999768,1.8579128980636597,0.013004899956285954,0.011778326705098152,0.00043196993647143245,0.00010984260006807745,0.004468007478863001,0.026551026850938797,0.0,0.11850690096616745,6.820893031544983e-05,0.05097080022096634,,,,
248,0.05350079387426376,0.0008629794466744064,80.56501551298425,2.311499834060669,0.013224465772509575,0.01239573210477829,0.0001385688956361264,0.00035727545036934316,0.0018508776556700468,0.018078522756695747,0.0,0.16444283723831177,0.00035247381310909986,0.05140751600265503,,,,
249,0.05012868344783783,0.0008619292465468258,80.88376167899696,1.536131739616394,0.013035091571509838,0.011089573614299297,0.00029388899565674365,4.343110413174145e-05,0.005073297768831253,0.026189833879470825,0.0,0.1706140637397766,8.604246249888092e-05,0.05185173824429512,,,,
250,0.045303937047719955,0.0008608757210636058,81.20769671496237,0.2864307761192322,0.011888748966157436,0.011537358164787292,3.2170399208553135e-05,4.1123021219391376e-05,0.009054690599441528,0.029167314991354942,0.0,0.11726097762584686,0.0003227093257009983,0.05231226980686188,20.756823425185935,29.248120815889582,2.141277770915474,2.8093881546391515
251,0.04094530642032623,0.0008598188806226174,81.56346669699997,0.4891773760318756,0.010488050058484077,0.010726002976298332,2.2457781597040594e-05,8.34352322272025e-05,0.006695790681988001,0.017938898876309395,0.0,0.11215522885322571,0.0001571084576426074,0.05276913940906525,,,,
252,0.043124567717313766,0.0008587587356544492,81.88773822697112,0.7237853407859802,0.01206240151077509,0.010632283985614777,0.0001467208785470575,1.1028207154595293e-05,0.003612352069467306,0.026707667857408524,0.0,0.10396741330623627,0.00011713004641933367,0.05321875587105751,,,,
253,0.047691795974969864,0.0008576952966223038,82.20889751595678,0.6445884704589844,0.012570413760840893,0.01134335808455944,2.6169218472205102e-05,5.166327900951728e-05,0.005588855594396591,0.025934819132089615,0.0,0.16975624859333038,0.00024194228171836585,0.05366188660264015,,,,
254,0.041586436331272125,0.0008566285740218953,82.53282777999993,0.47243160009384155,0.012774838134646416,0.010557658970355988,6.269541336223483e-05,1.0985902918037027e-05,0.007446418981999159,0.01397878397256136,0.0,0.1004464402794838,0.00011281875777058303,0.054125044494867325,,,,
255,0.046945035457611084,0.0008555585783813451,82.85753133299295,1.3717122077941895,0.011843089945614338,0.011104116216301918,0.00013829812814947218,1.0437493983772583e-05,0.0031692935153841972,0.03391489386558533,0.0,0.15351776778697968,0.00012594264990184456,0.054571475833654404,,,,
256,0.04821448028087616,0.0008544853202610782,83.17811582796276,2.2375199794769287,0.011530421674251556,0.011320015415549278,0.00018004525918513536,0.0003769343893509358,0.0028469811659306288,0.02232658676803112,0.0,0.10811403393745422,0.000638506724499166,0.05501079559326172,,,,
257,0.048622794449329376,0.0008534088102537189,83.49955762299942,2.2709662914276123,0.01092751044780016,0.011495526880025864,0.0005871908506378531,0.00022764617460779846,0.004814247600734234,0.008481570519506931,0.0,0.10729417204856873,4.684372470364906e-05,0.05543660372495651,,,,
258,0.04182548448443413,0.0008523290589839864,83.8167511500069,1.240722417831421,0.011616190895438194,0.011100835166871548,2.7249232516624033e-05,0.00010097285121446475,0.004818847868591547,0.02246451936662197,0.0,0.07209845632314682,0.0005772266304120421,0.05586089938879013,,,,
259,0.04507330805063248,0.0008512460771085899,84.13605925999582,0.507479190826416,0.011276508681476116,0.01160139124840498,3.566210943972692e-05,6.0137477703392506e-05,0.0023073330521583557,0.024265162646770477,0.0,0.13233274221420288,0.00042124727042391896,0.056255143135786057,,,,
260,0.044022999703884125,0.000850159875316123,84.45650116400793,1.0631649494171143,0.012337899766862392,0.010213539004325867,0.0001384222268825397,1.831336339819245e-05,0.008738590404391289,0.035444632172584534,0.0,0.11147298663854599,7.896158786024898e-05,0.05665985122323036,,,,
261,0.04085076227784157,0.0008490704643269592,84.77504115499323,1.228237509727478,0.00984695740044117,0.010801522992551327,5.2456009143497795e-05,0.00010304049646947533,0.0024385179858654737,0.014699370600283146,0.0,0.11746744811534882,0.00032348016975447536,0.05707922205328941,,,,
262,0.04341796785593033,0.000847977854893145,85.10599600197747,0.8428075313568115,0.01271330937743187,0.010919961147010326,0.00011257534788455814,2.089497138513252e-05,0.004110986366868019,0.018625006079673767,0.0,0.10697062313556671,5.595878610620275e-05,0.05749739706516266,,,,
263,0.047255199402570724,0.0008468820577982946,85.4206330429879,1.8505018949508667,0.012682370841503143,0.011707624420523643,0.00023793612490408123,5.27495976712089e-05,0.005866434425115585,0.020951692014932632,0.0,0.115655317902565,2.1538760847761296e-05,0.05792306363582611,,,,
264,0.05379394441843033,0.0008457830838574825,85.74006736499723,3.035149097442627,0.011833990924060345,0.010495038703083992,0.0005291780107654631,0.0008340598433278501,0.005229189991950989,0.024077992886304855,0.0,0.08541498333215714,0.00033912662183865905,0.0583590567111969,,,,
265,0.0504288412630558,0.0008446809439171382,86.06124683300732,2.5861828327178955,0.012105410918593407,0.010913798585534096,0.0006002570735290647,0.00024433434009552,0.007819975726306438,0.011830593459308147,0.0,0.12780921161174774,2.661594407982193e-05,0.05878512188792229,,,,
266,0.046403899788856506,0.0008435756488549379,86.3783693619771,1.3679932355880737,0.010708517394959927,0.012862230651080608,5.6190074246842414e-05,2.444147685309872e-05,0.004087559413164854,0.02039939910173416,0.0,0.13177181780338287,0.00027249197592027485,0.05920763313770294,,,,
267,0.04775702953338623,0.0008424672095796976,86.69721079600276,1.113937258720398,0.011877130717039108,0.010639681480824947,2.2706382878823206e-05,0.0001294605026487261,0.00898299552500248,0.025296786800026894,0.0,0.19016192853450775,0.0005323087680153549,0.059633519500494,,,,
268,0.052512332797050476,0.0008413556370312655,87.01675047801109,2.5912835597991943,0.012177527882158756,0.012865583412349224,0.00033487938344478607,5.151162622496486e-05,0.0029788948595523834,0.011175258085131645,0.0,0.18761694431304932,3.2326210202882066e-05,0.06008150056004524,,,,
269,0.052227865904569626,0.0008402409421804138,87.33694728900446,2.3860559463500977,0.011113392189145088,0.011809313669800758,0.0002007427392527461,0.0005352991865947843,0.006825323216617107,0.03612443804740906,0.0,0.10318829119205475,0.0009617520845495164,0.06054758280515671,,,,
270,0.04138948768377304,0.0008391231360287306,87.65290317201288,1.1259377002716064,0.010376502759754658,0.010755236260592937,0.00028178340289741755,6.425636820495129e-05,0.0019043679349124432,0.023243913426995277,0.0,0.0705198273062706,3.54927615262568e-05,0.06101735308766365,,,,
271,0.04499640315771103,0.0008380022296085116,87.97024618496653,1.3169769048690796,0.012314592488110065,0.01079025398939848,0.0003451955853961408,8.234151027863845e-05,0.004757947754114866,0.019158385694026947,0.0,0.0920020192861557,1.0625915820128284e-05,0.06147238239645958,,,,
272,0.049165915697813034,0.0008368782339826503,88.29025063395966,1.9909170866012573,0.011442744173109531,0.011095638386905193,0.00020292476983740926,0.00039877029485069215,0.002847665688022971,0.020039763301610947,0.0,0.14011596143245697,0.00030085741309449077,0.061923883855342865,,,,
273,0.042855940759181976,0.00083575116024453,88.60706501000095,1.4685585498809814,0.012345355935394764,0.011016188189387321,0.00011348599218763411,1.5221941794152372e-05,0.0052870213985443115,0.01891220733523369,0.0,0.09911048412322998,1.763835462043062e-05,0.062395140528678894,,,,
274,0.040796760469675064,0.0008346210195179135,88.92645871796412,0.21491938829421997,0.01194972824305296,0.01020482461899519,6.205616955412552e-05,1.2659241292567458e-05,0.00784832239151001,0.017613720148801804,0.0,0.10772988945245743,8.7087566498667e-05,0.06285909563302994,,,,
275,0.03794373944401741,0.0008334878229568333,89.24239285499789,1.0655465126037598,0.00972328707575798,0.011166579090058804,2.616949495859444e-05,3.448313145781867e-05,0.0053612245246768,0.017440231516957283,0.0,0.06156456097960472,0.00012714012700598687,0.06331661343574524,19.788997390125235,27.836782267458045,3.9525455798115936,1.0110194129252246
276,0.043185122311115265,0.0008323515817454821,89.59205763996579,1.0528931617736816,0.010640548542141914,0.00971687026321888,0.00020272808615118265,2.5289231416536495e-05,0.009927133098244667,0.03682282939553261,0.0,0.12917864322662354,0.00012933042307849973,0.06375940889120102,,,,
277,0.044218599796295166,0.000831212307098102,89.90664476796519,1.061947226524353,0.011962702497839928,0.010720702819526196,2.1769785234937444e-05,0.00011986934987362474,0.005038577131927013,0.03305214270949364,0.0,0.10721710324287415,0.00041589682223275304,0.06420278549194336,,,,
278,0.041863471269607544,0.0008300700102588737,90.22323605197016,0.9738215208053589,0.011588262394070625,0.010195652022957802,0.00010943949746433645,1.5057801647344604e-05,0.01243746280670166,0.018835393711924553,0.0,0.1189931258559227,0.00011921780242118984,0.06464381515979767,,,,
279,0.036954861134290695,0.000828924702501806,90.54065474896925,0.7234408855438232,0.011023643426597118,0.01010912749916315,2.097130345646292e-05,8.904290007194504e-05,0.004146893508732319,0.013590612448751926,0.0,0.05306696146726608,0.0003279830270912498,0.06508587300777435,,,,
280,0.0392255038022995,0.0008277763951306239,90.85514861496631,0.7095420956611633,0.010839811526238918,0.01052473857998848,0.00012174807488918304,1.637337845750153e-05,0.005451020319014788,0.021194566041231155,0.0,0.0680462196469307,9.516318823443726e-05,0.06552112847566605,,,,
281,0.04109173268079758,0.0008266250994786576,91.17809179995675,0.42194032669067383,0.010938148945569992,0.010313358157873154,3.7932401028228924e-05,3.402166476007551e-05,0.004851154983043671,0.01355882827192545,0.0,0.13827775418758392,0.00022906559752300382,0.06593286246061325,,,,
282,0.04251091927289963,0.0008254708269087304,91.50084493699251,0.22384898364543915,0.010966244153678417,0.010257525369524956,2.758556183835026e-05,2.391722591710277e-05,0.002388525754213333,0.028531022369861603,0.0,0.14673733711242676,0.00013884413056075573,0.06636013090610504,,,,
283,0.0401621088385582,0.0008243135888130465,91.82751389296027,0.2833119034767151,0.011592811904847622,0.009977360256016254,8.533137588528916e-05,7.227866262837779e-06,0.0034681400284171104,0.022864218801259995,0.0,0.10083466023206711,0.0001206069573527202,0.06681490689516068,,,,
284,0.03790932893753052,0.0008231533966130789,92.19537092297105,0.40921589732170105,0.011127695441246033,0.01030687801539898,4.208055906929076e-05,2.302544999110978e-05,0.0030885739251971245,0.017765354365110397,0.0,0.0684143602848053,9.786843293113634e-05,0.06726974993944168,,,,
285,0.03764766827225685,0.0008219902617594562,92.5172609880101,0.3288680911064148,0.011421809904277325,0.01029252354055643,5.456549843074754e-05,1.1449323210399598e-05,0.006329305004328489,0.01387252938002348,0.0,0.06287592649459839,6.543373456224799e-05,0.06771770119667053,,,,
286,0.035370223224163055,0.0008208241957318497,92.8411503219977,0.264151394367218,0.009736118838191032,0.009751706384122372,2.978694647026714e-05,3.71501300833188e-05,0.006448755040764809,0.019069215282797813,0.0,0.05914975330233574,0.0002063130959868431,0.06816115975379944,,,,
287,0.036409810185432434,0.0008196552100388604,93.16072592098499,0.24459224939346313,0.010210621170699596,0.009056014940142632,4.719301068689674e-05,2.529725679778494e-05,0.004711993038654327,0.019249727949500084,0.0,0.09402346611022949,0.0004319149302318692,0.06859257817268372,,,,
288,0.038928136229515076,0.000818483316217905,93.47896571800811,0.508879542350769,0.011198912747204304,0.00945250317454338,9.614542796043679e-05,1.2543072443804704e-05,0.008636525832116604,0.02539675682783127,0.0,0.08925177156925201,0.00023421725200023502,0.0690273642539978,,,,
289,0.03822222724556923,0.0008173085258351027,93.7953550319653,0.6873796582221985,0.010156755335628986,0.010207757353782654,2.4266693799290806e-05,4.633166827261448e-05,0.0038316678255796432,0.01274433359503746,0.0,0.10187533497810364,0.0003147269890177995,0.06946302205324173,,,,
290,0.03995703533291817,0.0008161308504851601,94.11666974198306,0.9501456022262573,0.009743344970047474,0.00980842299759388,7.356597780017182e-05,1.163718661700841e-05,0.005707965232431889,0.03585784137248993,0.0,0.11397778242826462,0.00010485430539119989,0.0698874443769455,,,,
291,0.0375458188354969,0.0008149503017912574,94.43604894395685,1.2651515007019043,0.01042933389544487,0.00979270227253437,3.054762055398896e-05,9.757893712958321e-05,0.004863042384386063,0.007629746105521917,0.0,0.09679515659809113,0.0003336061490699649,0.07032226026058197,,,,
292,0.04404257982969284,0.0008137668914049339,94.75703079201048,1.981440782546997,0.010989881120622158,0.010379571467638016,0.0002548092161305249,8.829415310174227e-05,0.005422739777714014,0.023639429360628128,0.0,0.12300135940313339,6.628103619732428e-06,0.07074625045061111,,,,
293,0.04645833000540733,0.0008125806310059719,95.08105511200847,2.440385103225708,0.010870612226426601,0.010940099135041237,0.0002260159089928493,0.0003718835941981524,0.00490762572735548,0.016828179359436035,0.0,0.10809412598609924,0.0003244164981879294,0.07120051980018616,,,,
294,0.04054740443825722,0.000811391532302283,95.39970227901358,2.126507520675659,0.011083337478339672,0.009203583002090454,0.00047294190153479576,0.00020575289090629667,0.00803835503757,0.010925041511654854,0.0,0.0536973662674427,1.899889321066439e-05,0.07165829092264175,,,,
295,0.03800196945667267,0.0008101996070297912,95.72326549596619,1.3367974758148193,0.010256449691951275,0.009996438398957253,3.189663766534068e-05,0.00013426376972347498,0.0067624375224113464,0.010631135664880276,0.0,0.08935980498790741,0.0001497203338658437,0.07209344953298569,,,,
296,0.041502296924591064,0.0008090048669523178,96.0470886779949,1.2356868982315063,0.010874375700950623,0.010269904509186745,5.989492638036609e-05,3.4191780287073925e-05,0.011785988695919514,0.0217701755464077,0.0,0.12261879444122314,0.0001774478587321937,0.07254020124673843,,,,
297,0.034625064581632614,0.0008078073238614648,96.36372660298366,0.9127200841903687,0.010480920784175396,0.009148906916379929,1.8907037883764133e-05,8.7082022218965e-05,0.0063560171984136105,0.014915097504854202,0.0,0.051805898547172546,0.00031380783184431493,0.07302647083997726,,,,
298,0.03796081244945526,0.0008066069895764995,96.68605110200588,1.3780837059020996,0.010121322236955166,0.00972434226423502,0.00029256497509777546,6.667156412731856e-05,0.005885598715394735,0.008373282849788666,0.0,0.07013438642024994,8.660418825456873e-05,0.07350660860538483,,,,
299,0.040832046419382095,0.0008054038759442362,97.004664417007,1.6932611465454102,0.010749857872724533,0.0096542127430439,5.8892343076877296e-05,0.00023463227262254804,0.003947706893086433,0.02456676959991455,0.0,0.0906968042254448,0.000575619051232934,0.07399506866931915,,,,
300,0.042639173567295074,0.000804197994838921,97.32594145898474,2.2145233154296875,0.01138033252209425,0.009137350134551525,0.00029717705911025405,8.193038956960663e-05,0.0031309747137129307,0.030940823256969452,0.0,0.11661802232265472,3.704929622472264e-05,0.07448618113994598,19.97579036966233,27.818265038587832,4.042223482269492,5.663699619147376
301,0.043516915291547775,0.0008029893581621136,97.66726135200588,2.7466843128204346,0.010898703709244728,0.010584673844277859,0.00020946822769474238,0.0003796638920903206,0.004055479541420937,0.021788127720355988,0.0,0.04485880583524704,0.0008580262074247003,0.07498309761285782,,,,
302,0.0462244376540184,0.00080177797784257,97.98810576996766,3.4176385402679443,0.010457557626068592,0.009533358737826347,0.0006360408733598888,0.00039411403122358024,0.005132659338414669,0.009989985264837742,0.0,0.09882881492376328,0.00012608402175828815,0.07545913010835648,,,,
303,0.05422826483845711,0.0008005638658361248,98.31120031297905,3.8343467712402344,0.010126062668859959,0.01220923475921154,0.00044748454820364714,0.0006651569856330752,0.004727223888039589,0.022385166957974434,0.0,0.09939029812812805,0.0010369950905442238,0.0759308934211731,,,,
304,0.04837404191493988,0.0007993470341255734,98.63451301597524,3.574211359024048,0.011106923222541809,0.011662817560136318,0.0006137724267318845,0.0004030620330013335,0.0055017974227666855,0.010978544130921364,0.0,0.04511929675936699,6.781048432458192e-05,0.07641783356666565,,,,
305,0.0405283123254776,0.0007981274947205537,98.95846649201121,2.558723211288452,0.01053868979215622,0.010023320093750954,0.00023526865697931498,0.00033148445072583854,0.009209008887410164,0.01297000888735056,0.0,0.04452710971236229,0.00021477133850567043,0.07687089592218399,,,,
306,0.035887591540813446,0.000796905259657427,99.28090656700078,0.7241335511207581,0.01058550551533699,0.009231038391590118,6.53264723950997e-05,1.4585120879928581e-05,0.0030625085346400738,0.013886702246963978,0.0,0.08728431165218353,5.758394763688557e-05,0.07729506492614746,,,,
307,0.037767864763736725,0.0007956803409991601,99.60129017999861,1.0501036643981934,0.010936212725937366,0.008675554767251015,0.00015414626977872103,4.098436329513788e-05,0.006609725765883923,0.024096032604575157,0.0,0.09208380430936813,0.00010723790910560638,0.07772625237703323,,,,
308,0.03864089027047157,0.0007944527508352057,99.93180740898242,1.8178813457489014,0.010740543715655804,0.00944201834499836,8.02294016466476e-05,0.00024905899772420526,0.002879721811041236,0.013310054317116737,0.0,0.06870758533477783,0.0007348970975726843,0.07815704494714737,,,,
309,0.03606187552213669,0.0007932225012813829,100.25058851001086,1.4373092651367188,0.010136227123439312,0.009623449295759201,0.00023068072914611548,4.205218283459544e-05,0.00782095082104206,0.005375424399971962,0.0,0.05618010461330414,0.00013523822417482734,0.07858527451753616,,,,
310,0.037117891013622284,0.0007919896044797583,100.56621103099314,0.3767962157726288,0.009304980747401714,0.008850427344441414,2.709995533223264e-05,5.171676093596034e-05,0.006135786883533001,0.023160193115472794,0.0,0.1157599687576294,0.0008340661297552288,0.07901736348867416,,,,
311,0.038781844079494476,0.0007907540725985256,100.88549049798166,1.428812026977539,0.010568629018962383,0.009489079937338829,2.135835529770702e-05,0.0001066304394043982,0.005327790975570679,0.017386332154273987,0.0,0.0908968448638916,0.0013258358230814338,0.07946568727493286,,,,
312,0.03937145695090294,0.0007895159178318857,101.21008793596411,2.6486618518829346,0.010458523407578468,0.008833421394228935,0.0005010452587157488,0.00023260897432919592,0.007091660983860493,0.010452833026647568,0.0,0.048114702105522156,2.40121444221586e-05,0.07993091642856598,,,,
313,0.04525770619511604,0.000788275152399926,101.5351510529872,2.7904767990112305,0.010495365597307682,0.01028760802000761,0.00025274883955717087,0.0003940569586120546,0.0033776441123336554,0.02317126840353012,0.0,0.09623930603265762,0.0003406961332075298,0.08039101958274841,,,,
314,0.03973030298948288,0.0007870317885485008,101.85869542398723,1.8948975801467896,0.010768032632768154,0.01023269072175026,0.0001290551299462095,4.8733891162555665e-05,0.004975744057446718,0.00763506256043911,0.0,0.11108410358428955,7.163490226957947e-05,0.08086436986923218,,,,
315,0.03687145933508873,0.000785785838549109,102.20037310296902,0.3009340167045593,0.010748754255473614,0.00892580021172762,4.411414192873053e-05,1.5324141713790596e-05,0.007626318838447332,0.02144564688205719,0.0,0.10104873776435852,1.705318754829932e-05,0.08135325461626053,,,,
316,0.0358966588973999,0.0007845373146987742,102.53090263996273,1.5058153867721558,0.010118629783391953,0.009611779823899269,4.516201443038881e-05,6.77966745570302e-05,0.005385072901844978,0.018792394548654556,0.0,0.06144975125789642,0.0001220480480697006,0.08185343444347382,,,,
317,0.04093528538942337,0.0007832862293199228,102.86952540196944,2.1699674129486084,0.010085556656122208,0.008997197262942791,0.00032636901596561074,0.00013824060442857444,0.008216144517064095,0.02485782280564308,0.0,0.10378998517990112,4.081848601344973e-05,0.08232942223548889,,,,
318,0.03800341859459877,0.0007820325947602623,103.19931657001143,1.7895234823226929,0.010819998569786549,0.00859319232404232,8.956698002293706e-05,0.00025812844978645444,0.00976534467190504,0.028922006487846375,0.0,0.04733490198850632,0.0006900627631694078,0.08280843496322632,,,,
319,0.03387383371591568,0.0007807764233926599,103.52114534098655,0.6154521703720093,0.009827308356761932,0.007898304611444473,7.341180753428489e-05,1.8159375031245872e-05,0.008258899673819542,0.02243436686694622,0.0,0.08392615616321564,0.0003982636262662709,0.08325251191854477,,,,
320,0.03510016202926636,0.0007795177276150196,103.84109526500106,0.6729215979576111,0.009055791422724724,0.008054514415562153,0.00017152901273220778,1.634330692468211e-05,0.010026328265666962,0.02834440767765045,0.0,0.07347114384174347,0.0009635981405153871,0.08370660990476608,,,,
321,0.033986713737249374,0.0007782565198501609,104.16317016998073,0.9746267795562744,0.010012270882725716,0.009164470247924328,2.3626829715794884e-05,6.206638499861583e-05,0.01191861741244793,0.022170549258589745,0.0,0.032804470509290695,0.00025121221551671624,0.0841519832611084,,,,
322,0.03336375951766968,0.000776992812545695,104.4862657400081,0.8854766488075256,0.010191758163273335,0.008033527992665768,9.700393275124952e-05,1.181629704660736e-05,0.00487009109929204,0.025240512564778328,0.0,0.0558188259601593,0.00037367851473391056,0.08456303179264069,,,,
323,0.031801220029592514,0.0007757266181739029,104.80326738196891,0.7213097214698792,0.00928514078259468,0.008235513232648373,2.9449181965901516e-05,8.079664985416457e-05,0.008711817674338818,0.010958563536405563,0.0,0.06063837930560112,0.00029425820684991777,0.08497118949890137,,,,
324,0.03005369007587433,0.0007744579492316118,105.13147127599223,0.5348348021507263,0.009849886409938335,0.007818668149411678,7.157117943279445e-05,1.2610929843503982e-05,0.005647722166031599,0.010019315406680107,0.0,0.0452103354036808,9.442036389373243e-05,0.0853903666138649,,,,
325,0.027893872931599617,0.000773186818240072,105.45573682297254,0.4972081780433655,0.008981664665043354,0.007747606839984655,5.154619429958984e-05,1.5247470400936436e-05,0.005828371737152338,0.009044825099408627,0.0,0.027799399569630623,7.738340354990214e-05,0.08580442517995834,18.506435287451364,26.01587130612262,2.5660304651414725,3.117203267834447
326,0.03139824420213699,0.0007719132377448333,105.81152027699864,1.0420966148376465,0.010186498053371906,0.008061427623033524,6.80000230204314e-05,0.00010255064989905804,0.004331604577600956,0.009579552337527275,0.0,0.0393904484808445,0.00015314049960579723,0.08618757128715515,,,,
327,0.03345169126987457,0.000770637220315621,106.1337747949874,1.1705918312072754,0.010538528673350811,0.00911251176148653,6.209534330992028e-05,2.9250437364680693e-05,0.003696747589856386,0.015866145491600037,0.0,0.03760359063744545,3.648432539193891e-05,0.08656594902276993,,,,
328,0.038087569177150726,0.000769358778546212,106.45902557397494,1.557456374168396,0.0110670430585742,0.009894104674458504,3.4987479011761025e-05,4.6530731196980923e-05,0.006245938129723072,0.008974885568022728,0.0,0.09323842823505402,0.00045848172158002853,0.08694179356098175,,,,
329,0.034519340842962265,0.0007680779250543103,106.78103775001364,1.844829797744751,0.010294964537024498,0.00856810063123703,0.00024202439817599952,0.00011657174763968214,0.005976356565952301,0.009469999931752682,0.0,0.040781170129776,0.00012998904276173562,0.08734718710184097,,,,
330,0.03539269044995308,0.0007667946724814228,107.10564164101379,2.3674116134643555,0.009000666439533234,0.008302886970341206,0.00018999874009750783,0.00035447123809717596,0.0031606105621904135,0.014907389879226685,0.0,0.03253263235092163,0.0009784066351130605,0.0877416655421257,,,,
331,0.03689948469400406,0.0007655090334927343,107.42575938400114,2.632692337036133,0.009847251698374748,0.00890202634036541,0.0003426276962272823,0.0001366148208035156,0.0078027937561273575,0.016680477187037468,0.0,0.04366089031100273,0.00012638693442568183,0.08813193440437317,,,,
332,0.0365668386220932,0.0007642210207769827,107.74475424695993,2.6918601989746094,0.008277353830635548,0.00894303247332573,0.00015049327339511365,0.0003212641167920083,0.004478549584746361,0.019519127905368805,0.0,0.03676848113536835,0.0015830579213798046,0.08852420747280121,,,,
333,0.035212308168411255,0.0007629306470463337,108.07023119198857,2.4511218070983887,0.009700552560389042,0.007791613694280386,0.00040597416227683425,0.0002108016051352024,0.0017147967591881752,0.024452248588204384,0.0,0.01968628726899624,0.00015657460608053952,0.08891336619853973,,,,
334,0.03469238057732582,0.0007616379250362545,108.38829219801119,1.953019142150879,0.010099105536937714,0.00814961176365614,7.943635864648968e-05,0.0001689714554231614,0.00440272968262434,0.010290466248989105,0.0,0.07840443402528763,0.0005512996576726437,0.08926918357610703,,,,
335,0.03440007194876671,0.00076034286750539,108.70420572999865,1.4977670907974243,0.009162954986095428,0.008373863995075226,9.014891111291945e-05,1.5141891708481126e-05,0.0034212726168334484,0.01871805265545845,0.0,0.10285115987062454,0.0001614168577361852,0.08963713049888611,,,,
336,0.034308258444070816,0.0007590454872354349,109.02866096899379,0.8261417746543884,0.009625596925616264,0.008461665362119675,3.1301187846111134e-05,5.1350561989238486e-05,0.010251021943986416,0.025246210396289825,0.0,0.0708327516913414,0.00026397869805805385,0.09002701193094254,,,,
337,0.03452451527118683,0.0007577457970310089,109.3461577789858,0.7040865421295166,0.009466109797358513,0.008880584500730038,9.118962771026418e-05,1.7831100194598548e-05,0.006199398078024387,0.015295103192329407,0.0,0.0842796191573143,6.314839265542105e-05,0.09042175114154816,,,,
338,0.031189551576972008,0.0007564438097195293,109.66830032598227,0.5107209086418152,0.009213610552251339,0.007663132157176733,6.588628457393497e-05,9.75434886640869e-06,0.005930858664214611,0.03212444856762886,0.0,0.040646735578775406,0.0002611119416542351,0.09083689749240875,,,,
339,0.031390685588121414,0.0007551395381510855,109.9885468329885,1.1987823247909546,0.009044501930475235,0.007601054385304451,5.076351953903213e-05,0.00015105110651347786,0.008897405117750168,0.011005913838744164,0.0,0.06665261834859848,0.00015659591008443385,0.0912385955452919,,,,
340,0.03386629745364189,0.0007538329951983111,110.30644901096821,1.9380275011062622,0.009059499949216843,0.00786252785474062,0.00025450304383412004,5.7777142501436174e-05,0.011401582509279251,0.03457384184002876,0.0,0.035798508673906326,4.990660818293691e-05,0.09164463728666306,,,,
341,0.042866017669439316,0.0007525241937562579,110.6287067089579,3.229464292526245,0.00936981476843357,0.010673239827156067,0.00013879987818654627,0.0003230630827601999,0.011943517252802849,0.03328042849898338,0.0,0.0404687263071537,0.0014904021518304944,0.09203306585550308,,,,
342,0.048119690269231796,0.0007512131467422675,110.95717417798005,4.672726154327393,0.01033218577504158,0.009020445868372917,0.000931907445192337,0.0006414221134036779,0.0058569516986608505,0.02095729485154152,0.0,0.026574458926916122,0.00020362171926535666,0.09239796549081802,,,,
343,0.059646736830472946,0.0007498998670958446,111.28432122198865,5.962863922119141,0.008585365489125252,0.00998258963227272,0.0010358577128499746,0.0015843010041862726,0.011900204233825207,0.010713343508541584,0.0,0.039871491491794586,0.001141939079388976,0.09274325519800186,,,,
344,0.03381511569023132,0.0007485843677785294,111.60863261396298,2.4161791801452637,0.00990584772080183,0.008334752172231674,0.000309742521494627,0.00012919362052343786,0.006377293728291988,0.010981565341353416,0.0,0.022907176986336708,0.0001949349243659526,0.09308744221925735,,,,
345,0.03364187106490135,0.0007472666617737688,111.9391245850129,1.3463813066482544,0.009518424049019814,0.00812441948801279,0.00016373180551454425,6.13814772805199e-05,0.005689368583261967,0.02307634986937046,0.0,0.05515401065349579,0.00018025592726189643,0.09341419488191605,,,,
346,0.04588649794459343,0.0007459467620867891,112.27258579799673,4.09182071685791,0.009363911114633083,0.00905805453658104,0.0004169715684838593,0.0005944707663729787,0.005684069357812405,0.026350684463977814,0.0,0.07271753996610641,0.0016431616386398673,0.0937444418668747,,,,
347,0.051112763583660126,0.0007446246817444675,112.60033584898338,5.164870738983154,0.010059496387839317,0.009155575186014175,0.0009987507946789265,0.000865165377035737,0.0027131482493132353,0.014311332255601883,0.0,0.04697079211473465,9.352997585665435e-05,0.09409399330615997,,,,
348,0.04055275768041611,0.0007433004337952032,112.92789607396116,3.4456119537353516,0.009002511389553547,0.01010038610547781,0.000288878072751686,0.00033585861092433333,0.0029797193128615618,0.015836963430047035,0.0,0.046809498220682144,0.0009345069993287325,0.09444360435009003,,,,
349,0.02953452803194523,0.0007419740313087886,113.25276176299667,0.28269797563552856,0.008628823794424534,0.007194891571998596,2.382594539085403e-05,1.8085716874338686e-05,0.00856282189488411,0.034185461699962616,0.0,0.03950543701648712,0.00018005745369009674,0.09478799253702164,,,,
350,0.03990653529763222,0.0007406454873762811,113.5721860069898,3.2083513736724854,0.009305870160460472,0.008730295114219189,0.00033005228033289313,0.0002711649576667696,0.011718976311385632,0.023787692189216614,0.0,0.08054988831281662,4.055835961480625e-05,0.09513653814792633,19.381046749730757,26.525489591574246,6.373063194758128,7.394644131477077
351,0.05263667181134224,0.0007393148151098729,113.92394826200325,4.593934535980225,0.008988944813609123,0.010452533140778542,0.0006050170632079244,0.0006538219749927521,0.007552981376647949,0.031101325526833534,0.0,0.08448987454175949,0.0023465037811547518,0.0954892635345459,,,,
352,0.03606632351875305,0.0007379820276427619,114.25105549296131,2.8843166828155518,0.00938371755182743,0.007168209180235863,0.00044575074571184814,0.0003160676860716194,0.00756762595847249,0.006872114725410938,0.0,0.06587039679288864,0.00027304660761728883,0.09584913402795792,,,,
353,0.029353078454732895,0.0007366471381290221,114.57432497898117,0.7471519112586975,0.008738971315324306,0.007188656833022833,7.628270395798609e-05,2.0776511519216e-05,0.0069314828142523766,0.021335091441869736,0.0,0.04896571487188339,0.00024162324552889913,0.0962090864777565,,,,
354,0.04041677713394165,0.0007353101597434746,114.90561041398905,3.266180992126465,0.010351305827498436,0.007516134064644575,0.00030862059793435037,0.0005808086134493351,0.005304927937686443,0.020460069179534912,0.0,0.062439121305942535,0.0006091301329433918,0.09657030552625656,,,,
355,0.035001806914806366,0.0007339711056815561,115.22845924895955,2.720341920852661,0.00903638731688261,0.00814998708665371,0.0003316534566693008,0.0001713958045002073,0.010315177962183952,0.00827779434621334,0.0,0.061785630881786346,0.00010518910130485892,0.09694230556488037,,,,
356,0.02836076356470585,0.0007326299891591895,115.5593399819918,0.4852754473686218,0.009066278114914894,0.007570383604615927,4.8014422645792365e-05,1.2523271834652405e-05,0.006627227179706097,0.005938923917710781,0.0,0.04782456159591675,0.00013452579150907695,0.09733465313911438,,,,
357,0.03575121983885765,0.0007312868234126536,115.8830483329948,2.1981236934661865,0.00933417584747076,0.008505801670253277,7.33138294890523e-05,0.00022680815891362727,0.0027345390990376472,0.02468905970454216,0.0,0.06565675884485245,0.000418008683482185,0.09774269908666611,,,,
358,0.03182490915060043,0.000729941621698452,116.20292588800658,1.8445805311203003,0.00997242983430624,0.0077498904429376125,0.00020837501506321132,4.4026161049259827e-05,0.007367144338786602,0.01743018999695778,0.0,0.03142499178647995,4.7897614422254264e-05,0.09816354513168335,,,,
359,0.029628705233335495,0.0007285943972931825,116.52671679697232,0.3592721223831177,0.009585740976035595,0.007274686358869076,4.845583316637203e-05,1.9391982277738862e-05,0.009777302853763103,0.015640292316675186,0.0,0.052218277007341385,5.2733732445631176e-05,0.09857332706451416,,,,
360,0.032034214586019516,0.0007272451634934059,116.84723524498986,1.958974003791809,0.009092873893678188,0.007495669648051262,5.6224183936137706e-05,0.0002480252296663821,0.006461825221776962,0.02296985313296318,0.0,0.03154265508055687,0.0006113174022175372,0.09898035228252411,,,,
361,0.0289053525775671,0.0007258939336155157,117.17545815597987,1.4687061309814453,0.009199335239827633,0.007475865539163351,0.0002420306409476325,5.583971505984664e-05,0.004063863307237625,0.004127501510083675,0.0,0.020509686321020126,3.476275014691055e-05,0.09939303249120712,,,,
362,0.02908095344901085,0.0007245407209956044,117.49782748700818,0.8965775370597839,0.00949651375412941,0.007411198224872351,9.35234347707592e-05,1.4234399714041501e-05,0.005720763001590967,0.011284143663942814,0.0,0.04286522418260574,2.6979365429724567e-05,0.09977041929960251,,,,
363,0.03498059883713722,0.0007231855389893349,117.8181486389949,2.2592689990997314,0.009380750358104706,0.007719113491475582,0.00012696620251517743,0.0003517093718983233,0.006708880886435509,0.012845354154706001,0.0,0.06667528301477432,0.0003209708374924958,0.10015033185482025,,,,
364,0.028123684227466583,0.0007218284009718065,118.14028160995804,0.9101361632347107,0.009029273875057697,0.0067062280140817165,0.00015157496090978384,2.4617038434371352e-05,0.003592750523239374,0.012632152996957302,0.0,0.04361584037542343,0.00019585320842452347,0.1005345955491066,,,,
365,0.031748514622449875,0.0007204693203374231,118.46206035895739,1.607439637184143,0.008957901038229465,0.007697781082242727,0.00020827844855375588,5.581559889833443e-05,0.004913582466542721,0.019954560324549675,0.0,0.04601730778813362,0.00011119831469841301,0.10090930014848709,,,,
366,0.034684374928474426,0.0007191083104997624,118.7812589929672,2.734606981277466,0.008978261612355709,0.008700232021510601,0.00013626266445498914,0.0002888391900341958,0.011344701051712036,0.010466852225363255,0.0,0.03253909945487976,0.0007124742260202765,0.1012834832072258,,,,
367,0.032334133982658386,0.0007177453848914415,119.10428874200443,1.6700198650360107,0.009157387539744377,0.007665700279176235,0.00012593850260600448,2.6967900339514017e-05,0.006209761835634708,0.029323149472475052,0.0,0.05880343168973923,3.166935857734643e-05,0.10163707286119461,,,,
368,0.026600588113069534,0.0007163805569639864,119.43272782297572,0.31159263849258423,0.008464106358587742,0.0068595558404922485,3.069212834816426e-05,1.219775640493026e-05,0.005035179201513529,0.022809896618127823,0.0,0.019803933799266815,0.00036354444455355406,0.10198397189378738,,,,
369,0.029695522040128708,0.0007150138401876973,119.749610511004,1.371984601020813,0.009365614503622055,0.0072559635154902935,3.0720657377969474e-05,7.462028588633984e-05,0.008249551989138126,0.011846003122627735,0.0,0.058029476553201675,0.00016370665980502963,0.10231254249811172,,,,
370,0.028521403670310974,0.0007136452480515175,120.07574165298138,0.847183108329773,0.008926473557949066,0.007462277077138424,8.060414984356612e-05,3.370461126905866e-05,0.00399567699059844,0.017366936430335045,0.0,0.02667953260242939,0.00015419558621942997,0.1026410385966301,,,,
371,0.02763165906071663,0.0007122747940628984,120.3974828000064,0.7128962874412537,0.008302286267280579,0.006829108111560345,3.675608604680747e-05,1.275608428841224e-05,0.007974958047270775,0.0201718732714653,0.0,0.047430068254470825,0.0002856464998330921,0.10295046865940094,,,,
372,0.029820909723639488,0.0007109024917476679,120.72611551597947,1.5600614547729492,0.009064366109669209,0.006572704762220383,6.068810398573987e-05,0.00013979872164782137,0.009405627846717834,0.02454358898103237,0.0,0.035956647247076035,0.0007805252680554986,0.1032683402299881,,,,
373,0.02851010300219059,0.0007095283546498957,121.05837501096539,1.2703940868377686,0.009455137886106968,0.007019300013780594,0.00011329981498420238,5.483143468154594e-05,0.004340459126979113,0.013493416830897331,0.0,0.030038733035326004,0.00016318027337547392,0.10357318818569183,,,,
374,0.02820325270295143,0.00070815239633176,121.39972768700682,0.32919934391975403,0.008054003119468689,0.006983749568462372,1.3408894119493198e-05,1.3544937246479094e-05,0.008633323013782501,0.03125530108809471,0.0,0.02699298970401287,0.0009015088435262442,0.10385698080062866,,,,
375,0.026933301240205765,0.0007067746303734145,121.7313686349662,0.41684871912002563,0.007829010486602783,0.006680482532829046,2.2333293600240722e-05,2.4056460460997187e-05,0.009618244133889675,0.023356731981039047,0.0,0.044451452791690826,0.00013613820192404091,0.10413007438182831,16.207794341503106,22.863805637849712,2.0546817120757286,1.0205176319718128
376,0.024768242612481117,0.0007053950703728524,122.09546057798434,0.5188534259796143,0.008494672365486622,0.0064016953110694885,2.28341141337296e-05,1.2960619642399251e-05,0.00612644525244832,0.008623841218650341,0.0,0.03433166444301605,0.00012254589819349349,0.10439613461494446,,,,
377,0.028666049242019653,0.0007040137299457742,122.43125094799325,0.6739825010299683,0.00829679798334837,0.007100287824869156,1.3792870959150605e-05,1.7234007827937603e-05,0.010211143642663956,0.012884225696325302,0.0,0.0606805719435215,0.0009207301191054285,0.10466808825731277,,,,
378,0.026180563494563103,0.000702630622725452,122.76541264000116,0.8246580362319946,0.008590549230575562,0.006449099630117416,4.587465082295239e-05,2.3129410692490637e-05,0.018710453063249588,0.014377948828041553,0.0,0.024821322411298752,0.0002824270923156291,0.10496387630701065,,,,
379,0.027542948722839355,0.0007012457623625962,123.0914355199784,0.7460641860961914,0.008305463939905167,0.006774871610105038,2.857228355424013e-05,4.482863732846454e-05,0.007075296714901924,0.01761130802333355,0.0,0.04947054386138916,0.00026007421547546983,0.10523656010627747,,,,
380,0.025272686034440994,0.0006998591625252189,123.41108803998213,0.6669265627861023,0.008240547962486744,0.006439550779759884,3.073571861023083e-05,8.223883924074471e-06,0.014459451660513878,0.01354741957038641,0.0,0.030083730816841125,7.602180994581431e-05,0.10551518201828003,,,,
381,0.02835828997194767,0.0006984708368985012,123.73259220598266,0.9942016005516052,0.008780868723988533,0.007503553293645382,1.229330064234091e-05,1.6732330550439656e-05,0.008354307152330875,0.01516732294112444,0.0,0.03493249788880348,0.0004931900184601545,0.10579851269721985,,,,
382,0.02937176451086998,0.0006970807991846562,124.0643246260006,1.6058900356292725,0.008472290821373463,0.0072215041145682335,0.00011552854994079098,2.7394205972086638e-05,0.0070127942599356174,0.01435365341603756,0.0,0.05877388268709183,0.0001964668626897037,0.10607229173183441,,,,
383,0.032582301646471024,0.000695689063102795,124.38654310000129,2.5416712760925293,0.00866668950766325,0.006840081419795752,0.00012345699360594153,0.00028912146808579564,0.010088224895298481,0.02008889801800251,0.0,0.05473295599222183,0.0007533627795055509,0.10635200887918472,,,,
384,0.032209526747465134,0.000694295642388791,124.71659771498526,2.863220453262329,0.009010696783661842,0.00664712255820632,0.00038581847911700606,0.00016325210162904114,0.015317574143409729,0.011726356111466885,0.0,0.04341793805360794,0.0001978250511456281,0.10664206743240356,,,,
385,0.031042465940117836,0.0006929005507951441,125.03721176000545,2.4881725311279297,0.00925319455564022,0.006889490410685539,7.352182001341134e-05,0.00019876286387443542,0.009538816288113594,0.020752687007188797,0.0,0.03022223338484764,0.0011171926744282246,0.10693002492189407,,,,
386,0.02727236971259117,0.0006915038020908449,125.35923300799914,1.5335642099380493,0.008279589004814625,0.006378992460668087,0.00011765927774831653,2.8439910238375887e-05,0.017291156575083733,0.029487045481801033,0.0,0.010016394779086113,0.00035251033841632307,0.10720900446176529,,,,
387,0.02466018684208393,0.0006901054100612394,125.70304782700259,0.2989683747291565,0.007530447095632553,0.006383133586496115,1.2688399692706298e-05,2.8392923923092894e-05,0.006142402999103069,0.02046077325940132,0.0,0.029107490554451942,3.6626872315537184e-05,0.10746145993471146,,,,
388,0.026144523173570633,0.0006887053885078925,126.03348520299187,1.2090263366699219,0.007884511724114418,0.006134996190667152,2.860256063286215e-05,6.07646579737775e-05,0.01146409660577774,0.020595001056790352,0.0,0.03783653303980827,0.00046410918002948165,0.10770419239997864,,,,
389,0.031680405139923096,0.0006873037512484514,126.35351504100254,2.584796190261841,0.008933564648032188,0.0061432672664523125,0.0002495381922926754,0.00012300797970965505,0.01206093467772007,0.02870270051062107,0.0,0.059148166328668594,0.0001961712259799242,0.10795033723115921,,,,
390,0.0316353440284729,0.0006859005121165104,126.67247328296071,3.3482260704040527,0.0071242377161979675,0.006910379976034164,0.0002204836782766506,0.00038235820829868317,0.009606210514903069,0.010134868323802948,0.0,0.0534181073307991,0.00038901937659829855,0.10820366442203522,,,,
391,0.032546550035476685,0.0006844956849614727,126.99754955800017,2.544668674468994,0.009119145572185516,0.006364555563777685,0.00032708124490454793,0.0001857479801401496,0.016152482479810715,0.01934335008263588,0.0,0.04895710200071335,0.0002717103052418679,0.10847173631191254,,,,
392,0.027135014533996582,0.0006830892836484155,127.30955503397854,0.7695918083190918,0.007947603240609169,0.005597889423370361,2.2071835701353848e-05,4.596232247422449e-05,0.00868809875100851,0.035115305334329605,0.0,0.04103241115808487,0.0012049946235492826,0.108741395175457,,,,
393,0.026736192405223846,0.000681681322057952,127.64353252196452,1.140197992324829,0.007646864280104637,0.006247384008020163,5.020618482376449e-05,7.754938997095451e-05,0.010409044101834297,0.013509164564311504,0.0,0.05803406983613968,0.00043492793338373303,0.10900571942329407,,,,
394,0.027149509638547897,0.0006802718140860947,127.96064695599489,2.2253105640411377,0.007645867299288511,0.0054664211347699165,0.0001867293321993202,0.00016735470853745937,0.0071142553351819515,0.01462150365114212,0.0,0.058067627251148224,0.00019942133803851902,0.10929180681705475,,,,
395,0.03148799017071724,0.0006788607736441179,128.28012676897924,2.6771671772003174,0.008235259912908077,0.006949394475668669,0.00015493253886234015,0.0001782189356163144,0.013345642015337944,0.018212810158729553,0.0,0.059770189225673676,0.0004357736906968057,0.10957826673984528,,,,
396,0.029919341206550598,0.0006774482146584213,128.60088766296394,2.74704647064209,0.008198728784918785,0.0065581463277339935,0.00022248327150009573,0.00014694266428705305,0.007153768558055162,0.029858138412237167,0.0,0.026417100802063942,0.0001358244044240564,0.10987710952758789,,,,
397,0.03026861511170864,0.0006760341510703923,128.9321608999744,2.760106325149536,0.008262612856924534,0.006456696894019842,0.000174437984242104,0.000274062214884907,0.006555512547492981,0.02287895977497101,0.0,0.02011766843497753,0.0008758908370509744,0.11015990376472473,,,,
398,0.026683621108531952,0.0006746185968362667,129.26260949199786,2.450613021850586,0.007814604789018631,0.005833357572555542,0.00026016641641035676,0.000145327125210315,0.011778605170547962,0.013395130634307861,0.0,0.01851702108979225,0.00018265929247718304,0.11040946841239929,,,,
399,0.02382800541818142,0.0006732015659269941,129.58753106498625,1.5760645866394043,0.0072653936222195625,0.0059771547093987465,2.8432248655008152e-05,0.00010884820949286222,0.011584267020225525,0.016844024881720543,0.0,0.011124128475785255,0.000305041263345629,0.11063330620527267,,,,
400,0.024497047066688538,0.000671783072328097,129.91621992801083,0.4692375957965851,0.007938272319734097,0.0055801658891141415,4.985566920368001e-05,1.3339413271751255e-05,0.008042091503739357,0.020863132551312447,0.0,0.018009524792432785,0.0012667691335082054,0.11082815378904343,14.964714171351874,21.08387861864281,2.4151526780899637,0.9369328957969455
401,0.02684267982840538,0.0006703631300395349,130.27613979100715,0.9364503026008606,0.008106853812932968,0.006182139273732901,5.441969187813811e-05,1.1673410881485324e-05,0.019330771639943123,0.01828567311167717,0.0,0.05289875715970993,0.00015956861898303032,0.11100157350301743,,,,
402,0.03037571907043457,0.0006689417530755646,130.6050374559709,2.555161714553833,0.007537524681538343,0.00707991560921073,6.666557601420209e-05,0.00013733655214309692,0.011929890140891075,0.02453281171619892,0.0,0.023983184248209,0.0022782236337661743,0.11118275672197342,,,,
403,0.03432544320821762,0.0006675189554646032,130.93339173996355,4.414801597595215,0.007964394986629486,0.006567615084350109,0.0005488899769261479,0.0004507169360294938,0.010149287059903145,0.019741304218769073,0.0,0.008069158531725407,0.00023333673016168177,0.11135899275541306,,,,
404,0.04408489912748337,0.0006660947512490885,131.26474318496184,5.771801471710205,0.007963862270116806,0.006454546935856342,0.000927311833947897,0.0009329033782705665,0.00658887205645442,0.016156747937202454,0.0,0.030958062037825584,0.001005271216854453,0.1115054339170456,,,,
405,0.026933662593364716,0.0006646691544853414,131.59578723000595,2.789616346359253,0.007787029258906841,0.00553272245451808,0.0001978814252652228,0.00024004970327951014,0.011687470600008965,0.018744859844446182,0.0,0.012911452911794186,0.0004857962194364518,0.11164942383766174,,,,
406,0.02456267736852169,0.0006632421792434262,131.92528905899962,0.724465012550354,0.008374041877686977,0.005452693440020084,2.937349745479878e-05,3.122258931398392e-05,0.012482738122344017,0.018422910943627357,0.0,0.03816445916891098,0.0001908668491523713,0.11177118122577667,,,,
407,0.031095854938030243,0.0006618138396070123,132.2595791160129,3.504110813140869,0.007121664006263018,0.006293474696576595,0.0003263752441853285,0.00036753443419001997,0.005863053724169731,0.017763882875442505,0.0,0.03675670549273491,0.00042887311428785324,0.11189620196819305,,,,
408,0.040426965802907944,0.0006603841496732357,132.5909639399615,5.060431480407715,0.009319336153566837,0.0064671579748392105,0.0006970838876441121,0.0005108950426802039,0.015630554407835007,0.023253656923770905,0.0,0.05193213000893593,0.00027800712268799543,0.11202128976583481,,,,
409,0.038271766155958176,0.0006589531235525585,132.92965136200655,4.6520586013793945,0.00753298494964838,0.00839051604270935,0.00030492193764075637,0.0005661051836796105,0.007183731999248266,0.02083011530339718,0.0,0.020380403846502304,0.0016740916762501001,0.11217007786035538,,,,
410,0.024592790752649307,0.0006575207753686309,133.2557516769739,1.7923085689544678,0.007251362316310406,0.005267368629574776,0.00020329549442976713,8.704543870408088e-05,0.01092039979994297,0.007697862572968006,0.0,0.04416058957576752,0.00026713398983702064,0.11231130361557007,,,,
411,0.027885856106877327,0.0006560871192581513,133.58528630097862,2.4245386123657227,0.007236990612000227,0.00626605749130249,0.0001956506457645446,4.705339597421698e-05,0.010477859526872635,0.02772533893585205,0.0,0.02842361107468605,0.0008596353000029922,0.11246732622385025,,,,
412,0.036388300359249115,0.0006546521693707266,133.9157191530103,4.722248554229736,0.007164521608501673,0.006072211544960737,0.0004794697160832584,0.0008000584202818573,0.009426923468708992,0.016493113711476326,0.0,0.017002064734697342,0.0012006835313513875,0.11262857168912888,,,,
413,0.03228314593434334,0.0006532159398687327,134.2485100569902,3.7763679027557373,0.007904496975243092,0.0054711876437067986,0.0005151991499587893,0.0004494901222642511,0.012467623688280582,0.01204208005219698,0.0,0.021938489750027657,0.0007520912913605571,0.11277520656585693,,,,
414,0.023223580792546272,0.0006517784449271755,134.57813237101072,0.6465168595314026,0.008287864737212658,0.005816984921693802,1.8766811990644783e-05,1.0109020877280273e-05,0.008292119950056076,0.011362655088305473,0.0,0.025290081277489662,8.469398017041385e-05,0.1129174456000328,,,,
415,0.028678856790065765,0.0006503396987335492,134.91194653697312,2.61767840385437,0.0075037237256765366,0.005242861341685057,0.00026034150505438447,0.0003453848185017705,0.011188589036464691,0.01591677777469158,0.0,0.04164927825331688,0.00028552470030263066,0.11305080354213715,,,,
416,0.028573861345648766,0.000648899715487698,135.23792450496694,2.4674594402313232,0.00791704561561346,0.005966690834611654,0.00017276352446060628,9.288518049288541e-05,0.009747564792633057,0.023884376510977745,0.0,0.05583260580897331,0.000286308815702796,0.1131906509399414,,,,
417,0.02740604057908058,0.0006474585094016755,135.56673258298542,1.421012043952942,0.00818983931094408,0.007572057656943798,1.7248763469979167e-05,8.72834243637044e-06,0.017980337142944336,0.018322288990020752,0.0,0.018198205158114433,5.78032158955466e-05,0.11335562914609909,,,,
418,0.02506696805357933,0.0006460160946996036,135.8973351159948,1.1867085695266724,0.007977216504514217,0.0057521178387105465,1.87041332537774e-05,4.7558707592543215e-05,0.015406254678964615,0.02171943336725235,0.0,0.028665592893958092,0.0004338454455137253,0.11350658535957336,,,,
419,0.02860981971025467,0.0006445724856175332,136.22642291797092,2.4553263187408447,0.00743524357676506,0.006983539089560509,0.0001627907040528953,1.805850479286164e-05,0.012112518772482872,0.030106892809271812,0.0,0.02915162406861782,0.00021145303617231548,0.11365507543087006,,,,
420,0.02754119597375393,0.000643127696403303,136.55433290597284,2.187204599380493,0.007243300788104534,0.005149818025529385,4.337786231189966e-05,0.00023983194842003286,0.01310639176517725,0.02372542954981327,0.0,0.03312235698103905,0.002368374029174447,0.11380752176046371,,,,
421,0.024458449333906174,0.0006416817413163997,136.8794812039705,0.9978427886962891,0.007744216360151768,0.005035182926803827,0.00013744403258897364,4.306568007450551e-05,0.012757247313857079,0.020791586488485336,0.0,0.0278073288500309,0.0006174102309159935,0.11397166550159454,,,,
422,0.02562118135392666,0.0006402346346278156,137.2105278429808,1.66495943069458,0.008096020668745041,0.005643991753458977,0.00013597564247902483,0.00011370037100277841,0.005814993754029274,0.021524444222450256,0.0,0.021364757791161537,0.00011484541755635291,0.1141391396522522,,,,
423,0.026824122294783592,0.00063878639061991,137.53570560796652,2.6437883377075195,0.007101912051439285,0.0051720705814659595,0.0002162576129194349,0.0002699742908589542,0.008529404178261757,0.028111707419157028,0.0,0.016566339880228043,0.00033549952786415815,0.11429320275783539,,,,
424,0.025942891836166382,0.0006373370235862664,137.86414981196867,1.5402190685272217,0.008554790169000626,0.0062673818320035934,3.9245358493644744e-05,3.201276558684185e-05,0.018999120220541954,0.013573036529123783,0.0,0.0297344122081995,0.00023234420223161578,0.1144312396645546,,,,
425,0.022673416882753372,0.0006358865478315523,138.18747187400004,0.7456452250480652,0.008247376419603825,0.0053785135969519615,3.0668255931232125e-05,3.923298936570063e-05,0.012999585829675198,0.010219525545835495,0.0,0.022662583738565445,5.0362526962999254e-05,0.11457516252994537,15.820538493479816,22.240462810383086,2.390149403074925,2.4836599375962756
426,0.02777472697198391,0.0006344349776713777,138.5462559890002,2.3399932384490967,0.008276444859802723,0.007398995570838451,6.156849849503487e-05,5.870757740922272e-05,0.004257246386259794,0.012487120926380157,0.0,0.03336942940950394,0.0002527572796680033,0.11472499370574951,,,,
427,0.025313600897789,0.0006329823274321542,138.87412557698553,1.8368383646011353,0.007558143697679043,0.00536813959479332,0.00013010685506742448,7.095538603607565e-05,0.016807150095701218,0.021237913519144058,0.0,0.03204329311847687,0.0003273641923442483,0.11487751454114914,,,,
428,0.02630276419222355,0.0006315286114509533,139.20928517600987,1.0662583112716675,0.006975900381803513,0.006086322478950024,1.4812045264989138e-05,5.296943345456384e-05,0.009051688015460968,0.03789021447300911,0.0,0.01405363716185093,0.0014170878566801548,0.11503206938505173,,,,
429,0.024762505665421486,0.0006300738440753645,139.53329941199627,1.4332789182662964,0.007338174618780613,0.0051668742671608925,3.37674719048664e-05,9.077681897906587e-05,0.01523098535835743,0.026037342846393585,0.0,0.036846231669187546,0.000522361253388226,0.11518284678459167,,,,
430,0.026184946298599243,0.0006286180396633549,139.86021377897123,2.128977060317993,0.007287868298590183,0.0057587227784097195,0.00022577440540771931,0.00015590101247653365,0.010969012975692749,0.011790644377470016,0.0,0.027174584567546844,0.0003612833097577095,0.11535315960645676,,,,
431,0.022190403193235397,0.0006271612125831259,140.18841156398412,0.9142544865608215,0.007087416015565395,0.0055518499575555325,2.183908327424433e-05,2.2843956685392186e-05,0.006107703782618046,0.010096742771565914,0.0,0.03877706825733185,0.00018302584066987038,0.11551840603351593,,,,
432,0.02442457713186741,0.0006257033772129731,140.51383008400444,1.3841164112091064,0.008062939159572124,0.005195160862058401,5.3484938689507544e-05,0.00010780361481010914,0.009956646710634232,0.018898827955126762,0.0,0.030502449721097946,0.00032990434556268156,0.11568896472454071,,,,
433,0.028046131134033203,0.0006242445479411426,140.840906900994,2.9066884517669678,0.008125725202262402,0.006434317212551832,0.00014268452650867403,8.458059164695442e-05,0.006638070102781057,0.021911388263106346,0.0,0.032538317143917084,0.0005132989026606083,0.11586159467697144,,,,
434,0.02817300148308277,0.0006227847391656907,141.1717697319691,3.0338633060455322,0.007297920528799295,0.0059287636540830135,0.00011792135774157941,0.00022687336604576558,0.011020250618457794,0.02307119034230709,0.0,0.03410385921597481,0.0008902443223632872,0.11603760719299316,,,,
435,0.023650871589779854,0.0006213239652943405,141.50229171896353,1.8349719047546387,0.0073678456246852875,0.005310611799359322,0.00018207202083431184,8.983012958196923e-05,0.010494988411664963,0.01713304966688156,0.0,0.006748003885149956,0.00025110362912528217,0.11622089892625809,,,,
436,0.022063404321670532,0.0006198622407443405,141.84015996998642,0.44380977749824524,0.007194512523710728,0.005101601593196392,4.766074562212452e-05,1.1133082807646133e-05,0.00841086357831955,0.014757883735001087,0.0,0.03785828500986099,0.00017213384853675961,0.11636854708194733,,,,
437,0.024690434336662292,0.0006183995799423215,142.1768889729865,2.0622525215148926,0.007322941906750202,0.004710693843662739,8.262920891866088e-05,0.0002731185522861779,0.01707771047949791,0.015883328393101692,0.0,0.022342916578054428,0.0007127350545488298,0.11652736365795135,,,,
438,0.02414027787744999,0.0006169359973241556,142.51057551597478,1.6843698024749756,0.007246650755405426,0.004934330005198717,0.00015590130351483822,3.874853427987546e-05,0.024873273447155952,0.022863278165459633,0.0,0.02377530373632908,0.0002430306631140411,0.11668237298727036,,,,
439,0.023094238713383675,0.0006154715073348123,142.84559812996304,0.6154487729072571,0.007375649176537991,0.005481732543557882,2.4722654416109435e-05,9.995737855206244e-06,0.016293885186314583,0.02201016992330551,0.0,0.017059817910194397,0.0004224056610837579,0.11683162301778793,,,,
440,0.021902183070778847,0.0006140061244282163,143.17706096696202,0.8398922681808472,0.007292547263205051,0.004572595003992319,1.9732839064090513e-05,3.270299202995375e-05,0.015518559142947197,0.02407185174524784,0.0,0.026146821677684784,0.00033266880200244486,0.1169646605849266,,,,
441,0.023495808243751526,0.0006125398630671055,143.5053549889708,1.6655486822128296,0.008359989151358604,0.005081728100776672,6.390486669261009e-05,2.6048317522509024e-05,0.009122738614678383,0.01751263067126274,0.0,0.03347691521048546,7.448582618962973e-05,0.11709842085838318,,,,
442,0.021501433104276657,0.0006110727377228873,143.86960750899743,1.6856436729431152,0.006649297662079334,0.004488532431423664,7.435966836055741e-05,8.951420750236139e-05,0.007976219989359379,0.02139965631067753,0.0,0.027048170566558838,0.00022790963703300804,0.11723748594522476,,,,
443,0.022160695865750313,0.0006096047628754967,144.20441712799948,0.9270196557044983,0.006752978079020977,0.004597011022269726,4.6196550101740286e-05,4.4209020416019484e-05,0.014592595398426056,0.02363560162484646,0.0,0.03909620642662048,0.00014426480629481375,0.11737532168626785,,,,
444,0.020257359370589256,0.0006081359530132532,144.53086338896537,0.6289342641830444,0.006631341762840748,0.004641851410269737,2.95029349217657e-05,2.6723486371338367e-05,0.015968499705195427,0.012613068334758282,0.0,0.030071532353758812,9.920600132318214e-05,0.11753547191619873,,,,
445,0.021565530449151993,0.0006066663226327166,144.8599756140029,1.2460263967514038,0.006820373702794313,0.004649955779314041,4.607041773851961e-05,9.143137140199542e-05,0.010612109676003456,0.016598504036664963,0.0,0.025607967749238014,0.00048167785280384123,0.11769508570432663,,,,
446,0.019940368831157684,0.0006051958862385455,145.1858497139765,0.9206298589706421,0.006942713633179665,0.004786230623722076,3.9865677535999566e-05,1.1588863344513811e-05,0.016890574246644974,0.01117811631411314,0.0,0.012767610140144825,0.00019207608420401812,0.11785218119621277,,,,
447,0.019735557958483696,0.0006037246583433539,145.5096508389688,0.7153081297874451,0.006251060403883457,0.004643747117370367,3.227345223422162e-05,7.41559551897808e-06,0.009718483313918114,0.014347187243402004,0.0,0.02472759038209915,0.0005250964313745499,0.11799299716949463,,,,
448,0.019538573920726776,0.0006022526534675668,145.83544511697255,0.23164157569408417,0.006894243415445089,0.0041843438521027565,2.849796692316886e-05,9.80861295829527e-06,0.01953924261033535,0.01552487164735794,0.0,0.017241504043340683,0.000382918311515823,0.1181325912475586,,,,
449,0.023157401010394096,0.000600779886139278,146.1712529810029,0.475999653339386,0.006944634951651096,0.004688286688178778,1.5432324289577082e-05,1.2640952263609506e-05,0.00970793329179287,0.037961795926094055,0.0,0.023504137992858887,0.0009804266737774014,0.11825062334537506,,,,
450,0.01981864869594574,0.0005993063708941068,146.50485621998087,0.7530750036239624,0.006365987006574869,0.004154343623667955,2.720169140957296e-05,1.3160648450138979e-05,0.009572120383381844,0.02126481384038925,0.0,0.03367900103330612,0.0003329457831569016,0.11836740374565125,13.602433537320332,19.112609704116004,2.2375139984886205,2.124764516763384
451,0.019586462527513504,0.0005978321222750534,146.8628855869756,1.394587755203247,0.0069382572546601295,0.004162279423326254,5.289522960083559e-05,3.9927763282321393e-05,0.009698721580207348,0.012422582134604454,0.0,0.02590981498360634,0.00025423330953344703,0.11849868297576904,,,,
452,0.021347273141145706,0.0005963571548323567,147.2300033629872,1.5673742294311523,0.006364733912050724,0.004537982400506735,7.865080260671675e-05,9.954172128345817e-05,0.008895870298147202,0.014918144792318344,0.0,0.039232753217220306,0.00010776206181617454,0.11864054203033447,,,,
453,0.01952536217868328,0.0005948814831233498,147.57251949701458,1.1863834857940674,0.006139484234154224,0.0040567778050899506,5.427567521110177e-05,4.050111601827666e-05,0.010896020568907261,0.0229361392557621,0.0,0.018681542947888374,0.00043325964361429214,0.1188015565276146,,,,
454,0.019811544567346573,0.000593405121712317,147.902241483971,0.914013147354126,0.00769133260473609,0.004086598753929138,2.752907130343374e-05,1.2072290701325983e-05,0.006787045393139124,0.01524224504828453,0.0,0.028340552002191544,0.00015144815552048385,0.11894688755273819,,,,
455,0.019876647740602493,0.0005919280851703489,148.22748251695884,0.8142854571342468,0.00608514528721571,0.004581533372402191,1.7334559743176214e-05,2.2099993657320738e-05,0.02431970089673996,0.014555951580405235,0.0,0.025879358872771263,0.00014944626309443265,0.11909560114145279,,,,
456,0.018372252583503723,0.0005904503880752003,148.56373802298913,0.8277595639228821,0.006632806733250618,0.0037007867358624935,5.830141526530497e-05,1.972498830582481e-05,0.0069760652258992195,0.017318367958068848,0.0,0.02321244217455387,0.0001971028686966747,0.1192430928349495,,,,
457,0.0174880251288414,0.0005889720450111447,148.8888731909683,0.6309293508529663,0.006025675218552351,0.003819650039076805,1.9560819055186585e-05,3.961784022976644e-05,0.014926486648619175,0.01747741922736168,0.0,0.009461328387260437,0.00014475188800133765,0.1193774938583374,,,,
458,0.019829176366329193,0.0005874930705688314,149.22062790195923,0.43204039335250854,0.007088220678269863,0.00414179265499115,3.0434070140472613e-05,1.4671749340777751e-05,0.008907213807106018,0.021859925240278244,0.0,0.013876121491193771,0.0005616839043796062,0.11947043240070343,,,,
459,0.016518250107765198,0.0005860134793451411,149.55104103998747,0.2779136896133423,0.005921301897615194,0.0036197183653712273,2.4627426682855003e-05,1.0495197784621269e-05,0.016232158988714218,0.010891325771808624,0.0,0.017491720616817474,0.00011140588321723044,0.11955219507217407,,,,
460,0.01898999512195587,0.0005845332859430417,149.8851737069781,1.0517454147338867,0.006380242295563221,0.0043800221756100655,1.6319238056894392e-05,2.9956994694657624e-05,0.01276345830410719,0.01685933955013752,0.0,0.013701405376195908,0.00025815170374698937,0.11961881071329117,,,,
461,0.02051669918000698,0.0005830525049714447,150.2176972029847,1.8868327140808105,0.005929016508162022,0.003894137218594551,0.00010194326023338363,5.047808735980652e-05,0.028283575549721718,0.024377284571528435,0.0,0.022621620446443558,0.00017253728583455086,0.11967290937900543,,,,
462,0.022097544744610786,0.0005815711510450604,150.5495105299633,3.036761522293091,0.0061673191376030445,0.003515053540468216,0.00015930361405480653,0.00021842611022293568,0.015070588327944279,0.024146385490894318,0.0,0.023909077048301697,0.0006394702941179276,0.11973164230585098,,,,
463,0.029081961140036583,0.000580089238784254,150.88065997196827,4.4987287521362305,0.00766405276954174,0.0041351402178406715,0.00041614443762227893,0.0004281369037926197,0.014018658548593521,0.021867211908102036,0.0,0.02927989326417446,0.00023338099708780646,0.11978775262832642,,,,
464,0.035258930176496506,0.000578606782814901,151.22105812298832,6.149162769317627,0.006794719025492668,0.00501443212851882,0.0006963632768020034,0.0007689622580073774,0.011058974079787731,0.021505434066057205,0.0,0.006845670286566019,0.0006164617370814085,0.1198570728302002,,,,
465,0.021460896357893944,0.0005771237977682437,151.5592429380049,3.3682756423950195,0.006582291331142187,0.0035982211120426655,0.00025010050740092993,0.00019618478836491704,0.012991261668503284,0.016315510496497154,0.0,0.007993115112185478,0.00041864404920488596,0.11989537626504898,,,,
466,0.018040483817458153,0.0005756402982807457,151.89534178195754,0.9325534105300903,0.006516302935779095,0.0034853643737733364,2.3793914806446992e-05,4.475424066185951e-05,0.008589433506131172,0.0250251367688179,0.0,0.013747411780059338,0.0001287034247070551,0.11991122364997864,,,,
467,0.019373122602701187,0.000574156298993948,152.23145322897471,1.541145920753479,0.006523234769701958,0.0035803653299808502,2.274927101098001e-05,8.089041511993855e-05,0.021709652617573738,0.016914110630750656,0.0,0.023013712838292122,0.0006052646785974503,0.11991651356220245,,,,
468,0.022937173023819923,0.0005726718145543243,152.56760466500418,3.864211320877075,0.006237713620066643,0.0037233675830066204,0.00041708769276738167,0.0002449033781886101,0.013220785185694695,0.008228816092014313,0.0,0.019252242520451546,6.635566387558356e-05,0.11992575973272324,,,,
469,0.03167308494448662,0.0005711868596131371,152.90289581299294,5.454969882965088,0.006096055265516043,0.004639316815882921,0.00037824182072654366,0.0007132491446100175,0.01864447444677353,0.025650881230831146,0.0,0.0025336556136608124,0.0016395649872720242,0.11992707848548889,,,,
470,0.027670681476593018,0.0005697014488262916,153.24023874098202,4.440893650054932,0.006400550249963999,0.004475903697311878,0.00047287423512898386,0.0003048147482331842,0.022654544562101364,0.018901478499174118,0.0,0.026131484657526016,9.207109542330727e-05,0.11991585046052933,,,,
471,0.021808071061968803,0.000568215596854193,153.57416283496423,2.615981101989746,0.005958237685263157,0.004395801108330488,9.28172012208961e-05,0.00013574608601629734,0.016304973512887955,0.026440590620040894,0.0,0.012779484502971172,0.0005543963052332401,0.11992113292217255,,,,
472,0.018324902281165123,0.0005667293183616004,153.9042077389895,0.42114290595054626,0.006118417717516422,0.00419018417596817,2.0799561752937734e-05,1.7385602404829115e-05,0.008694881573319435,0.013309713453054428,0.0,0.028917981311678886,0.00011272417032159865,0.11992641538381577,,,,
473,0.018773354589939117,0.0005652426280174821,154.2359876150149,1.749074935913086,0.006592683959752321,0.0035478156059980392,7.918237679405138e-05,7.273386290762573e-05,0.026652932167053223,0.010896741412580013,0.0,0.0194434504956007,5.143178714206442e-05,0.11995349824428558,,,,
474,0.021307917311787605,0.0005637555404948722,154.56646548199933,2.5486276149749756,0.006151203531771898,0.0034589001443237066,0.00019290232739876956,0.00018963319598697126,0.016105353832244873,0.018024031072854996,0.0,0.029774006456136703,0.0001972102909348905,0.11997596174478531,,,,
475,0.019236665219068527,0.0005622680704707236,154.89660376898246,2.0074288845062256,0.006603446323424578,0.003545941784977913,8.897828956833109e-05,0.0001044416130753234,0.018710903823375702,0.02209494635462761,0.0,0.003823535982519388,0.00015090074157342315,0.12002221494913101,12.515120037889178,17.642903050158964,1.4120108645561267,1.405378061184738
476,0.017970163375139236,0.0005607802326257654,155.26135701895691,1.2370413541793823,0.006155550014227629,0.004092108458280563,1.5159882423176896e-05,1.2949963092978578e-05,0.013379009440541267,0.008301369845867157,0.0,0.028716588392853737,0.00029433428426273167,0.12004467844963074,,,,
477,0.015551825985312462,0.0005592920416443561,155.5922935839626,0.12683147192001343,0.00550500676035881,0.0033676400780677795,1.4641746020060964e-05,9.49136938288575e-06,0.00982500147074461,0.015210157260298729,0.0,0.015315712429583073,0.0001720738655421883,0.12008235603570938,,,,
478,0.018642475828528404,0.0005578035122143401,155.92282719898503,1.3065992593765259,0.0060358536429703236,0.0038513168692588806,4.973619797965512e-05,9.80467302724719e-06,0.022667985409498215,0.01563228666782379,0.0,0.02148042805492878,0.00041781188338063657,0.12012002617120743,,,,
479,0.018284037709236145,0.0005563146590269017,156.2781761349761,2.0349020957946777,0.005355161614716053,0.003435594728216529,4.166625876678154e-05,0.00013119295181240886,0.015836181119084358,0.019959090277552605,0.0,0.006166801787912846,0.0011128660989925265,0.12017093598842621,,,,
480,0.02038746140897274,0.0005548254967764211,156.61356773297302,2.6729514598846436,0.0056704264134168625,0.0035037673078477383,0.00023960339603945613,0.00020144687732681632,0.016361307352781296,0.016395041719079018,0.0,0.011407341808080673,0.00015085373888723552,0.1202073022723198,,,,
481,0.017272381111979485,0.0005533360401603284,156.94939694396453,2.086350917816162,0.006108160130679607,0.0034971449058502913,6.404588202713057e-05,7.393984560621902e-05,0.02451246604323387,0.00841611810028553,0.0,0.010387836955487728,8.321486529894173e-05,0.1202344223856926,,,,
482,0.016725001856684685,0.0005518463038789588,157.28262918896507,1.2563841342926025,0.006253114901483059,0.003939572721719742,9.066932761925273e-06,8.947536116465926e-06,0.011993853375315666,0.009491963312029839,0.0,0.011965974234044552,0.0001451603602617979,0.12025029212236404,,,,
483,0.016147946938872337,0.0005503563026354084,157.60892689198954,0.3873254954814911,0.0061692348681390285,0.0034203636460006237,1.457616872357903e-05,1.7100790500990115e-05,0.009431254118680954,0.015128733590245247,0.0,0.010760074481368065,0.00017851460142992437,0.1202615350484848,,,,
484,0.01714976131916046,0.0005488660511353877,157.93867569498252,1.202393651008606,0.0054203541949391365,0.0038632673677057028,1.1197495041415095e-05,1.962998794624582e-05,0.022702999413013458,0.015619007870554924,0.0,0.01633295975625515,6.0638627473963425e-05,0.12026021629571915,,,,
485,0.018779736012220383,0.0005473755640870773,158.27458893699804,1.8789339065551758,0.0061905356124043465,0.00326260132715106,0.0001526635605841875,6.734224734827876e-05,0.027254831045866013,0.015058429911732674,0.0,0.01671597734093666,3.930376988137141e-05,0.12025492638349533,,,,
486,0.017707914113998413,0.0005458848562009829,158.60555119998753,2.078871488571167,0.0055623441003263,0.0030615876894444227,4.534683466772549e-05,0.00019422515470068902,0.012337691150605679,0.018028056249022484,0.0,0.010386025533080101,0.0005674359854310751,0.12024698406457901,,,,
487,0.017111919820308685,0.0005443939421897894,158.94263887999114,1.6495249271392822,0.006297558080404997,0.0035047789569944143,9.98376272036694e-05,1.1344188351358753e-05,0.016859207302331924,0.01083352416753769,0.0,0.010026312433183193,0.00014512459165416658,0.12023375928401947,,,,
488,0.015808502212166786,0.000542902836768216,159.28259207098745,0.6260926127433777,0.0059282355941832066,0.003130979835987091,1.2661344953812659e-05,2.968374428746756e-05,0.012602875009179115,0.011137440800666809,0.0,0.022859374061226845,0.0001877823960967362,0.12021656334400177,,,,
489,0.01562436018139124,0.0005414115546528715,159.61492700100644,0.8677610754966736,0.005314541980624199,0.0033112112432718277,9.284466614190023e-06,1.5455456377821974e-05,0.021228769794106483,0.015971913933753967,0.0,0.0028776261024177074,0.0005172649398446083,0.12022053450345993,,,,
490,0.01617622748017311,0.000539920110562108,159.9507670159801,2.1331231594085693,0.005105874035507441,0.0032006679102778435,0.0001132340039475821,6.83933321852237e-05,0.012432530522346497,0.012462257407605648,0.0,0.01450121495872736,0.00013961386866867542,0.1202172264456749,,,,
491,0.019641675055027008,0.0005384285192158769,160.29171700397274,3.2568836212158203,0.0055489917285740376,0.0030998308211565018,0.00022734473168384284,0.0002539875276852399,0.021863045170903206,0.012106338515877724,0.0,0.006779379677027464,0.00031673163175582886,0.12021193653345108,,,,
492,0.022112788632512093,0.0005369367953355825,160.62067384499824,3.729470729827881,0.005983978044241667,0.003561417106539011,0.00021120900055393577,0.0003165205125696957,0.021427245810627937,0.014769468456506729,0.0,0.013433601707220078,0.00038850208511576056,0.1201927587389946,,,,
493,0.022708803415298462,0.0005354449536439371,160.96714008395793,3.625412940979004,0.006168341729789972,0.004162884782999754,0.00024200444750022143,0.0001884728844743222,0.01383933611214161,0.0199592188000679,0.0,0.018095990642905235,0.00019706031889654696,0.12016961723566055,,,,
494,0.019987324252724648,0.000533953008864816,161.30745818896685,2.7366888523101807,0.006067104637622833,0.0036497784312814474,0.00011086417362093925,0.00014036060019861907,0.017934678122401237,0.01786276325583458,0.0,0.023839736357331276,0.00011327172978781164,0.12014581263065338,,,,
495,0.01785251870751381,0.0005324609757231119,161.65420204401016,1.5738897323608398,0.005371581297367811,0.0030848635360598564,4.495041139307432e-05,8.403812535107136e-05,0.016560735180974007,0.019784703850746155,0.0,0.02855667844414711,0.0006668458809144795,0.120136559009552,,,,
496,0.014516295865178108,0.0005309688689445896,161.990785114991,0.23559631407260895,0.005093950778245926,0.0030756238847970963,1.7867027054307982e-05,9.442008376936428e-06,0.015776563435792923,0.011037113144993782,0.0,0.015416190028190613,0.0002144960017176345,0.12016168236732483,,,,
497,0.016043050214648247,0.0005294767032557405,162.32740615296643,1.0743119716644287,0.005080041941255331,0.0028818356804549694,8.443436672678217e-05,2.751726788119413e-05,0.016080692410469055,0.02078082412481308,0.0,0.009608314372599125,0.0005970986094325781,0.12019077688455582,,,,
498,0.016490858048200607,0.0005279844933836377,162.66821962897666,1.445479154586792,0.005283254198729992,0.0029736445285379887,1.7752681742422283e-05,7.531778828706592e-05,0.009630371816456318,0.024066919460892677,0.0,0.012740650214254856,0.0006841516587883234,0.12021523714065552,,,,
499,0.014295530505478382,0.0005264922540557899,163.00811552797677,1.63107168674469,0.004525728058069944,0.0031109123956412077,7.149793236749247e-05,2.2295203962130472e-05,0.0076162018813192844,0.016224268823862076,0.0,0.007101943716406822,0.00013145543925929815,0.12025624513626099,,,,
500,0.015719110146164894,0.000524999999999997,163.34000126598403,1.6317524909973145,0.005141986533999443,0.0028978046029806137,3.896011912729591e-05,6.65900734020397e-05,0.022395797073841095,0.015774156898260117,0.0,0.014659813605248928,0.0001755328557919711,0.12028469145298004,11.11879522262024,15.587138370298199,2.416145970628214,1.6597898388720482
501,0.016468415036797523,0.0005235077459442042,163.7064330019639,1.7278207540512085,0.0057769580744206905,0.0027499403804540634,7.68191457609646e-05,5.959050031378865e-05,0.01805049180984497,0.014231240376830101,0.0,0.02479369193315506,0.0001418344909325242,0.12031114846467972,,,,
502,0.016928667202591896,0.0005220155066163564,164.03634512698045,2.131096124649048,0.005251600407063961,0.0029587894678115845,6.528634548885748e-05,7.765761256450787e-05,0.016788017004728317,0.024376526474952698,0.0,0.011240638792514801,0.0003706029965542257,0.12035945057868958,,,,
503,0.01825237087905407,0.0005205232967442535,164.3658640459762,2.9515950679779053,0.005519063677638769,0.003196274396032095,0.0001368071389151737,0.00010265468154102564,0.014807920902967453,0.02162853069603443,0.0,0.015647444874048233,0.00014011954772286117,0.12039915472269058,,,,
504,0.02028610184788704,0.0005190311310554044,164.69353272399167,3.8343682289123535,0.006034815683960915,0.002747470512986183,0.0002184752665925771,0.0002958524855785072,0.021247530356049538,0.01329063344746828,0.0,0.011287595145404339,0.0005368067650124431,0.12044151872396469,,,,
505,0.020726533606648445,0.0005175390242768822,165.02791448496282,4.302387237548828,0.005046704318374395,0.002485398668795824,0.0003678122884593904,0.0003535931173246354,0.01438360009342432,0.01755492016673088,0.0,0.009607037529349327,0.00041948043508455157,0.12047130614519119,,,,
506,0.01983165368437767,0.000516046991135178,165.36316080600955,3.7383828163146973,0.005221252795308828,0.003749686758965254,0.00018071997328661382,0.00027421198319643736,0.017708415165543556,0.008262725546956062,0.0,0.012321415357291698,0.00011345236271154135,0.12049249559640884,,,,
507,0.01719829812645912,0.000514555046356057,165.69097788399085,2.256420373916626,0.0053483955562114716,0.003308395389467478,0.00010423193452879786,2.807171222229954e-05,0.025412123650312424,0.020040713250637054,0.0,0.009684888646006584,3.0632378184236586e-05,0.12051963806152344,,,,
508,0.014245780184864998,0.0005130632046644116,166.0233012730023,0.4768955409526825,0.005056345835328102,0.0024756016209721565,1.7595939425518736e-05,3.585130980354734e-05,0.023631570860743523,0.016185585409402847,0.0,0.011745731346309185,0.00019579242507461458,0.12054215371608734,,,,
509,0.016011971980333328,0.0005115714807841171,166.35204466601135,1.4154542684555054,0.0051093571819365025,0.0028264401480555534,1.4510287655866705e-05,3.7693604099331424e-05,0.032467424869537354,0.02231689915060997,0.0,0.009162790141999722,0.0002939367841463536,0.12055804580450058,,,,
510,0.01732776127755642,0.000510079889437886,166.68598272197414,2.8700242042541504,0.005489975214004517,0.0026534320786595345,0.00020806866814382374,0.00012648434494622052,0.01248629204928875,0.014568203128874302,0.0,0.018312320113182068,6.806293822592124e-05,0.1205785796046257,,,,
511,0.018623828887939453,0.0005085884453471227,167.0165202979697,3.842538833618164,0.004865704569965601,0.0024101741146296263,0.000204497468075715,0.0003592532011680305,0.024860702455043793,0.012267982587218285,0.0,0.00653166975826025,0.00038324351771734655,0.12061037123203278,,,,
512,0.020946253091096878,0.000507097163231778,167.3481280609849,4.243114948272705,0.006202165503054857,0.0038643693551421165,0.0002299699408467859,0.00020186029723845422,0.019347062334418297,0.007250742055475712,0.0,0.012448931112885475,0.0002615367993712425,0.12063620984554291,,,,
513,0.02026023156940937,0.0005056060578102047,167.6765442659962,4.011341094970703,0.004797901958227158,0.0036036341916769743,0.0002365745312999934,0.0002232752158306539,0.01411895826458931,0.019078750163316727,0.0,0.014597639441490173,0.00019219337264075875,0.12066403031349182,,,,
514,0.017409777268767357,0.0005041151437990112,168.00476380396867,3.0185258388519287,0.00522862421348691,0.0027038343250751495,0.00016174849588423967,0.0002289027179358527,0.01565728895366192,0.011571725830435753,0.0,0.01233577448874712,0.00018946114869322628,0.12068589776754379,,,,
515,0.014374664053320885,0.0005026244359129166,168.33248924196232,1.224547028541565,0.00482674315571785,0.0023703398182988167,3.325023135403171e-05,5.1465507567627355e-05,0.02342705801129341,0.021223507821559906,0.0,0.009782624430954456,5.65375667065382e-05,0.12070975452661514,,,,
516,0.014170837588608265,0.0005011339488646064,168.65878623799654,1.0913140773773193,0.004889667499810457,0.0025972998701035976,1.6222060366999358e-05,6.693796603940427e-05,0.010479548014700413,0.018458832055330276,0.0,0.010469464585185051,0.00024091941304504871,0.12071704119443893,,,,
517,0.014078734442591667,0.0004996436973645857,168.9899992219871,2.3723344802856445,0.004323051776736975,0.002463625045493245,0.00017121828568633646,8.232044638134539e-05,0.01748756878077984,0.007246812339872122,0.0,0.010350659489631653,5.572441659751348e-05,0.12072698026895523,,,,
518,0.014758399687707424,0.0004981536961210353,169.31624563300284,2.566887140274048,0.004765554331243038,0.0028742123395204544,4.031571370433085e-05,0.00011990782513748854,0.01293125469237566,0.011096888221800327,0.0,0.004463558085262775,0.000542023335583508,0.12073361128568649,,,,
519,0.014052539132535458,0.0004966639598396658,169.6471294760122,1.5125612020492554,0.004769061226397753,0.0022318135015666485,9.12597170099616e-05,3.451985685387626e-05,0.01133336964994669,0.021662143990397453,0.0,0.010299739427864552,0.00019345825421623886,0.1207263171672821,,,,
520,0.013035176321864128,0.0004951745032235731,169.97572335996665,0.44737160205841064,0.004880434367805719,0.0027340806555002928,2.3627406335435808e-05,7.285313586180564e-06,0.01823820360004902,0.00971940066665411,0.0,0.005104497075080872,0.00011765197268687189,0.1207263171672821,,,,
521,0.014318213798105717,0.0004936853409730923,170.30543073295848,2.201260805130005,0.004260878078639507,0.002633980941027403,8.188762876670808e-05,9.644441888667643e-05,0.023374300450086594,0.007918758317828178,0.0,0.012724083848297596,0.0002885309513658285,0.12072698026895523,,,,
522,0.01743815839290619,0.0004921964877856541,170.63966630399227,3.7116105556488037,0.005258061923086643,0.0025574376340955496,0.0001940660149557516,0.00024256188771687448,0.017084836959838867,0.01118272915482521,0.0,0.00884506106376648,0.00016342410526704043,0.12075018137693405,,,,
523,0.02086988091468811,0.000490707958355638,170.96462285198504,4.390733242034912,0.005215284414589405,0.0030049551278352737,0.00028564734384417534,0.0002842696849256754,0.02003438211977482,0.019432034343481064,0.0,0.006923384964466095,0.0005336517933756113,0.12077337503433228,,,,
524,0.01801253668963909,0.0004892197673742286,171.30461393698351,3.6010894775390625,0.005310941021889448,0.002580039668828249,0.00019419232557993382,0.000257768522715196,0.02230117842555046,0.011585581116378307,0.0,0.0091808857396245,0.00016845838399603963,0.12078796327114105,,,,
525,0.014171196147799492,0.0004877319295292704,171.65392710000742,1.4912240505218506,0.004305417649447918,0.002306588925421238,4.639003236661665e-05,5.48685020476114e-05,0.04050899296998978,0.015676941722631454,0.0,0.008201436139643192,0.00011599231947911903,0.12080784887075424,10.056135960533204,14.093062577241387,1.6315874061669735,2.1476914934110924
526,0.011555043049156666,0.0004862444595051218,172.02793843497057,1.0032072067260742,0.003927531186491251,0.0022768692579120398,2.2863494450575672e-05,3.592902430682443e-05,0.016577858477830887,0.008655310608446598,0.0,0.009150393307209015,0.00021308411669451743,0.12082044780254364,,,,
527,0.015447106212377548,0.0004847573719825118,172.36669826996513,2.6889889240264893,0.005120167508721352,0.0024005495943129063,0.00015510681259911507,0.00011981785064563155,0.017084598541259766,0.012847465462982655,0.0,0.0091633852571249,5.861308818566613e-05,0.1208343654870987,,,,
528,0.016329186037182808,0.0004832706816383937,172.70318452996435,3.133204936981201,0.004131558816879988,0.0028115520253777504,9.617709292797372e-05,0.00018732220632955432,0.020551754161715508,0.01497909240424633,0.0,0.013895023614168167,0.00039844022830948234,0.12084099650382996,,,,
529,0.014166509732604027,0.00048178440314580105,173.03985410998575,2.421674966812134,0.0045756688341498375,0.0026760604232549667,0.00012570820399560034,7.088100392138585e-05,0.018007894977927208,0.007399031892418861,0.0,0.009480183944106102,3.7671761674573645e-05,0.12085027992725372,,,,
530,0.01139073260128498,0.0004802985511737024,173.37174741498893,0.9238256812095642,0.0042400117963552475,0.0022023278288543224,1.6028940081014298e-05,3.1106195820029825e-05,0.01568935066461563,0.005953115876764059,0.0,0.012649193406105042,0.00014162164006847888,0.12085359543561935,,,,
531,0.013202603906393051,0.0004788131403868571,173.69963763997657,0.785237193107605,0.005243927706032991,0.002359568141400814,1.4646002455265261e-05,2.152500019292347e-05,0.023529473692178726,0.008065158501267433,0.0,0.014800024218857288,3.398098488105461e-05,0.12085890024900436,,,,
532,0.01382681168615818,0.0004773281854456697,174.0435699709924,2.061044931411743,0.00451651681214571,0.00241503631696105,7.601054676342756e-05,6.153759750304744e-05,0.01718323305249214,0.014758112840354443,0.0,0.011371554806828499,8.031443576328456e-05,0.12087547779083252,,,,
533,0.014360695146024227,0.00047584370100604606,174.37474464497063,2.4047062397003174,0.0039543528109788895,0.002395365620031953,8.568003249820322e-05,0.00012697042257059366,0.028946246951818466,0.010164985433220863,0.0,0.01586981490254402,0.00011091632768511772,0.12089072912931442,,,,
534,0.012426094152033329,0.0004743597017192483,174.70668054296402,1.763633131980896,0.004030829761177301,0.0021656632889062166,7.132570317480713e-05,3.630015271482989e-05,0.01985054276883602,0.014865843579173088,0.0,0.007231232710182667,2.6076413632836193e-05,0.12092985957860947,,,,
535,0.012959633953869343,0.00047287620223175023,175.05034316098318,0.545346736907959,0.0044061653316020966,0.0021163816563785076,1.1884498235303909e-05,1.6548499843338504e-05,0.02758232317864895,0.013313384726643562,0.0,0.021384337916970253,0.0001357325236313045,0.12097032368183136,,,,
536,0.011639160104095936,0.00047139321718509295,175.38469646300655,0.9411316514015198,0.003788731759414077,0.0020786477252840996,1.2733331459457986e-05,3.071592436754145e-05,0.018989305943250656,0.016517192125320435,0.0,0.0048380629159510136,0.0002945215965155512,0.1210300400853157,,,,
537,0.01370726153254509,0.0004699107612157401,175.7147207389935,2.078789234161377,0.004556434694677591,0.0021615433506667614,0.00011026139691239223,4.5419554226100445e-05,0.023226456716656685,0.00756987277418375,0.0,0.023986663669347763,3.220378130208701e-05,0.12108179926872253,,,,
538,0.013388479128479958,0.0004684288489549337,176.05329378898023,2.485826253890991,0.0036117066629230976,0.0021152328699827194,7.720092980889603e-05,0.0001354159612674266,0.01581468991935253,0.017462847754359245,0.0,0.007360451854765415,0.0003939324233215302,0.12116345018148422,,,,
539,0.012608055025339127,0.00046694749502854924,176.3788040439831,2.1121339797973633,0.004329260438680649,0.0020568070467561483,7.944610115373507e-05,8.550500206183642e-05,0.022750290110707283,0.008470728993415833,0.0,0.0065400442108511925,8.28508855192922e-05,0.12122852355241776,,,,
540,0.010849324986338615,0.0004654667140569523,176.71073847200023,1.0659643411636353,0.00437699630856514,0.002200827933847904,2.9748684028163552e-05,2.149286592612043e-05,0.008613057434558868,0.006727975327521563,0.0,0.006118931341916323,2.7576727006817237e-05,0.1212836503982544,,,,
541,0.01272902823984623,0.000463986520654853,177.04827721399488,0.3651164472103119,0.004328573122620583,0.0021710782311856747,1.4051975085749291e-05,1.0673618817236274e-05,0.02880765125155449,0.01810302399098873,0.0,0.008024631068110466,3.78013210138306e-05,0.12132483720779419,,,,
542,0.01173177920281887,0.00046250692943116263,177.38357281696517,1.3139116764068604,0.004008076619356871,0.0018900518771260977,2.6815290766535327e-05,1.7148668121080846e-05,0.03438740596175194,0.011531921103596687,0.0,0.009376591071486473,4.1208557377103716e-05,0.121358722448349,,,,
543,0.014888793230056763,0.00046102795498884937,177.70880617696093,2.3724820613861084,0.004254343919456005,0.002523557050153613,4.015273225377314e-05,7.456410094164312e-05,0.02502841129899025,0.01380827184766531,0.0,0.02429036796092987,0.0004720014112535864,0.12139859050512314,,,,
544,0.014546753838658333,0.00045954961192479384,178.04203288198914,3.0328216552734375,0.004327959846705198,0.0019455598667263985,0.00019294796220492572,0.00013871429837308824,0.0214875228703022,0.012566672638058662,0.0,0.010652084834873676,2.594008037704043e-05,0.12146439403295517,,,,
545,0.014611226506531239,0.00045807191482964514,178.36954175599385,2.9293410778045654,0.0045493971556425095,0.002046428620815277,7.09419691702351e-05,0.00020804179075639695,0.014423738233745098,0.014933470636606216,0.0,0.005799939855933189,0.0005530747002921999,0.12152821570634842,,,,
546,0.012587575241923332,0.0004565948782876771,178.7027684969944,2.4212911128997803,0.0042551117949187756,0.002042012056335807,0.00010830680548679084,4.209471808280796e-05,0.025758791714906693,0.008870803751051426,0.0,0.008612147532403469,1.7225409465027042e-05,0.12157143652439117,,,,
547,0.011811235919594765,0.00045511851687664426,179.03839055798016,1.700708031654358,0.004011113196611404,0.0021922485902905464,3.0925639293855056e-05,5.185325426282361e-05,0.009136809036135674,0.014041301794350147,0.0,0.009772426448762417,0.00011663342593237758,0.1216113418340683,,,,
548,0.012302771210670471,0.00045364284516763735,179.36801388696767,0.8016607165336609,0.003943917341530323,0.0017985434969887137,2.612987555039581e-05,1.5566907677566633e-05,0.03783508017659187,0.020527346059679985,0.0,0.004781835246831179,3.957762601203285e-05,0.12164127826690674,,,,
549,0.009878847748041153,0.00045216787772494075,179.69794744398678,0.3450017273426056,0.004026453942060471,0.0017375217285007238,1.9527080439729616e-05,7.112162620614981e-06,0.01199503056704998,0.01092820055782795,0.0,0.00580410473048687,6.521936484205071e-06,0.12165790796279907,,,,
550,0.012705513276159763,0.0004506936291058874,180.02730955096195,1.3732067346572876,0.0043062735348939896,0.0017821158980950713,3.850949724437669e-05,5.572149166255258e-05,0.03120829164981842,0.01832335814833641,0.0,0.0065267193131148815,5.193582910578698e-05,0.1216745376586914,9.698367903067293,13.575495123351407,2.3875540271630205,1.394564452467315
551,0.010881158523261547,0.00044922011386071606,180.39191232295707,1.9446674585342407,0.0037405332550406456,0.0019842933397740126,7.337827992159873e-05,4.094191172043793e-05,0.01754099316895008,0.006059424020349979,0.0,0.00812919158488512,1.7689399101072922e-05,0.12169516831636429,,,,
552,0.010886088013648987,0.00044774734653242734,180.71846522996202,1.987140417098999,0.0036066025495529175,0.001749248942360282,3.46316046488937e-05,7.211357296910137e-05,0.018484722822904587,0.014101956970989704,0.0,0.0023444094695150852,0.00014017033390700817,0.12171246856451035,,,,
553,0.011913998983800411,0.00044627534165664025,181.05886499298504,1.4417754411697388,0.004455807153135538,0.0017248822841793299,6.406522879842669e-05,3.3529438951518387e-05,0.0266242865473032,0.01364164799451828,0.0,0.0037495470605790615,2.7913903977605514e-05,0.1217111349105835,,,,
554,0.010647728107869625,0.0004448041137614485,181.39312525297282,0.40861326456069946,0.0035864836536347866,0.0017363519873470068,1.1948594874411356e-05,2.5142460799543187e-05,0.04315823316574097,0.00663775997236371,0.0,0.004348086193203926,5.68405375815928e-05,0.12169782817363739,,,,
555,0.011383899487555027,0.00044333367736727747,181.7285099689616,0.7996618747711182,0.0036769008729606867,0.001602030242793262,1.5752308172523044e-05,3.765298970392905e-05,0.028634589165449142,0.015820244327187538,0.0,0.013901513069868088,0.00013837935694027692,0.12167520821094513,,,,
556,0.011202186346054077,0.000441864046986741,182.06548815098358,1.464665412902832,0.0038768236991018057,0.0017910072347149253,5.8660865761339664e-05,4.01804136345163e-05,0.02462104707956314,0.009100498631596565,0.0,0.008508125320076942,6.676580233033746e-05,0.12166190147399902,,,,
557,0.009673752821981907,0.0004403952371244972,182.4086263309582,1.7153297662734985,0.0035294832196086645,0.0016875903820618987,2.8537824618979357e-05,3.583416764740832e-05,0.014378122054040432,0.00800069235265255,0.0,0.00461856322363019,0.0002538135740906,0.12165258824825287,,,,
558,0.010897164233028889,0.00043892726227710686,182.7456663089688,1.6613861322402954,0.00401423079892993,0.0016741706058382988,3.436908809817396e-05,4.258971239323728e-05,0.021701939404010773,0.010254764929413795,0.0,0.010339340195059776,1.5821984561625868e-05,0.12164127826690674,,,,
559,0.010925301350653172,0.0004374601369328888,183.08383988100104,1.4586856365203857,0.0034844076726585627,0.0018335127970203757,5.0762213504640386e-05,3.792831194004975e-05,0.014286531135439873,0.01473444327712059,0.0,0.009619338437914848,9.658790804678574e-05,0.12163794785737991,,,,
560,0.010480995289981365,0.0004359938755717779,183.41494211298414,0.993327260017395,0.00395160261541605,0.001468909322284162,1.946370321093127e-05,3.343243588460609e-05,0.025277290493249893,0.009955144487321377,0.0,0.012886806391179562,3.725345595739782e-05,0.12163928151130676,,,,
561,0.009526265785098076,0.000434528492665182,183.74609336996218,0.41851475834846497,0.0036132719833403826,0.0014230007072910666,1.7600372302695177e-05,8.208593499148265e-06,0.02053695358335972,0.010838588699698448,0.0,0.011183511465787888,1.7368067346978933e-05,0.12165191769599915,,,,
562,0.008516278117895126,0.00043306400267583865,184.0822941219667,0.49079251289367676,0.003056148299947381,0.0013771214289590716,1.5949690350680612e-05,9.939625670085661e-06,0.019692614674568176,0.00902698002755642,0.0,0.007344770710915327,7.076718611642718e-05,0.1216585710644722,,,,
563,0.010716259479522705,0.0004316004200576726,184.42228801798774,1.1063276529312134,0.003619060618802905,0.001609134254977107,3.5148317692801356e-05,1.2808210158254951e-05,0.03800560161471367,0.008063036017119884,0.0,0.010226326063275337,5.980904461466707e-05,0.12165657430887222,,,,
564,0.010561720468103886,0.0004301377592556539,184.7535139019601,1.5236685276031494,0.003642656374722719,0.0014983806759119034,1.9149863874190487e-05,5.849671288160607e-05,0.026745926588773727,0.010801997035741806,0.0,0.00770395714789629,0.00022148685820866376,0.1216559112071991,,,,
565,0.0102002564817667,0.0004286760347056538,185.08484925498487,1.72758948802948,0.003364431206136942,0.001610685489140451,8.477123628836125e-05,3.968215605709702e-05,0.008403714746236801,0.015691354870796204,0.0,0.004601017571985722,2.8896869480377063e-05,0.12165191769599915,,,,
566,0.010456047020852566,0.0004272152608343035,185.42050447000656,1.4234793186187744,0.003946569748222828,0.0014446994755417109,1.7597471014596522e-05,6.362840940710157e-05,0.024719826877117157,0.012240936048328876,0.0,0.0029441420920193195,7.888810068834573e-05,0.12163994461297989,,,,
567,0.009084591642022133,0.00042575545205885166,185.75326653697994,0.9469273686408997,0.003401117632165551,0.0015484498580917716,2.7725000109057873e-05,7.489688869100064e-06,0.015218026004731655,0.007452814839780331,0.0,0.011749979108572006,1.9122289813822135e-05,0.1216246485710144,,,,
568,0.010111978277564049,0.0004242966227870213,186.0879709320143,0.4284327030181885,0.0033053404185920954,0.0016292964573949575,7.27808856026968e-06,1.700742905086372e-05,0.02935079112648964,0.011579930782318115,0.0,0.010892150923609734,1.344699012406636e-05,0.12160070240497589,,,,
569,0.010038288310170174,0.0004228387874168684,186.41825714096194,0.28396570682525635,0.0036077231634408236,0.0014341127825900912,1.2156861885159742e-05,8.28204611025285e-06,0.020782960578799248,0.016750525683164597,0.0,0.009899630211293697,2.719882468227297e-05,0.1215694397687912,,,,
570,0.008893020451068878,0.00042138196033663955,186.75407637498574,0.793579638004303,0.003328832797706127,0.0013227014569565654,2.028681592491921e-05,1.4253824701881967e-05,0.018087778240442276,0.012081771157681942,0.0,0.006536097265779972,1.2473533388401847e-05,0.12153419852256775,,,,
571,0.010458205826580524,0.00041992615592462997,187.08985195698915,1.216050386428833,0.0027576677966862917,0.0014353174483403563,3.068390651606023e-05,3.9454946090700105e-05,0.035582300275564194,0.013432532548904419,0.0,0.016365960240364075,6.634276360273361e-05,0.12150561064481735,,,,
572,0.0092880604788661,0.00041847138854904115,187.41847225901438,1.324134111404419,0.0032988679595291615,0.001511167734861374,3.8141126424307004e-05,2.198647962359246e-05,0.02218267321586609,0.009771833196282387,0.0,0.003023712895810604,6.569407560164109e-06,0.12150827050209045,,,,
573,0.010118065401911736,0.0004170176725678403,187.74403195496416,1.3615822792053223,0.002947666449472308,0.0014966933522373438,2.0612778826034628e-05,3.1844476325204596e-05,0.024078693240880966,0.018533244729042053,0.0,0.006665828637778759,0.00014039207599125803,0.1214962974190712,,,,
574,0.010324517264962196,0.0004155650223286168,188.0712700089789,1.2892484664916992,0.003327038139104843,0.0014489220920950174,3.9448452298529446e-05,2.9020284273428842e-05,0.030737698078155518,0.015065320767462254,0.0,0.004391307942569256,3.047844802495092e-05,0.12148632854223251,,,,
575,0.00985399354249239,0.00041411345216844225,188.40668662596727,1.1090210676193237,0.0032162624411284924,0.0013504175003618002,1.6241199773503467e-05,3.6081204598303884e-05,0.03013288788497448,0.010412542149424553,0.0,0.011752377264201641,0.0001566816063132137,0.12147236615419388,8.793202822855157,12.375603390743366,1.5439566115635792,0.7659914797981051
576,0.008747472427785397,0.00041266297641372803,188.77272026700666,1.0108503103256226,0.003223179839551449,0.0013578056823462248,2.729694824665785e-05,1.1562047802726738e-05,0.02237747237086296,0.010002687573432922,0.0,0.0030187945812940598,2.853891419363208e-05,0.12147103995084763,,,,
577,0.009972430765628815,0.00041121360938008443,189.11310460296227,0.9810876250267029,0.003289729356765747,0.0014735308941453695,1.417258863511961e-05,2.0235493138898164e-05,0.03033515065908432,0.011666681617498398,0.0,0.009143100120127201,0.0001295146648772061,0.12146439403295517,,,,
578,0.008838342502713203,0.0004097653653721788,189.44059998297598,0.9899459481239319,0.0032162040006369352,0.0014203616883605719,3.884324542013928e-05,2.4078055503196083e-05,0.016955558210611343,0.008080843836069107,0.0,0.006480097770690918,5.087190220365301e-05,0.12146372348070145,,,,
579,0.00940730981528759,0.0004083182586835948,189.77577079896582,0.7552939653396606,0.0033705122768878937,0.0014251540414988995,1.4930532415746711e-05,1.3936102732259315e-05,0.02638777531683445,0.009670881554484367,0.0,0.007856771349906921,9.704452531877905e-05,0.12146306037902832,,,,
580,0.008683349005877972,0.00040687230359669137,190.10343813698273,0.6665579676628113,0.002731176558881998,0.0014491587644442916,8.814131433609873e-06,6.570343884959584e-06,0.02165450155735016,0.010587558150291443,0.0,0.01244499534368515,1.4807303159614094e-05,0.12147236615419388,,,,
581,0.008823452517390251,0.00040542751438246114,190.4355446129921,0.37680354714393616,0.0029610944911837578,0.0012316859792917967,1.0000698239309713e-05,1.292726938117994e-05,0.027578048408031464,0.009975535795092583,0.0,0.013283300213515759,7.596406703669345e-06,0.12148832529783249,,,,
582,0.009618224576115608,0.00040398390530039087,190.7662172910059,0.4086773097515106,0.0035296338610351086,0.0016088869888335466,8.642738976050168e-06,6.803522410336882e-06,0.02201351523399353,0.013055634684860706,0.0,0.003168833442032337,3.013953028130345e-05,0.12153353542089462,,,,
583,0.009596684947609901,0.00040254149059831893,191.10271690197987,0.6218156218528748,0.003992273937910795,0.0013679563999176025,2.2120464564068243e-05,1.032122781907674e-05,0.01112830638885498,0.013548124581575394,0.0,0.009645556099712849,2.9002607334405184e-05,0.12157277017831802,,,,
584,0.009182860143482685,0.0004011002845122963,191.44227762898663,0.911848247051239,0.0027323539834469557,0.0013829679228365421,1.1643269317573868e-05,4.4484942918643355e-05,0.027633216232061386,0.006906867492944002,0.0,0.01742415502667427,5.8123179769609123e-05,0.12161067873239517,,,,
585,0.008586500771343708,0.0003996603012664452,191.7738399169757,0.8133835792541504,0.003124433336779475,0.001507756533101201,2.6879130018642172e-05,8.276006155938376e-06,0.016171753406524658,0.008393888361752033,0.0,0.005712250713258982,3.975179060944356e-05,0.12166256457567215,,,,
586,0.009238827042281628,0.000398221555072819,192.11509913398186,0.8209466338157654,0.0027244992088526487,0.001570139778777957,1.0432016097183805e-05,1.2019222594972234e-05,0.03521111607551575,0.008462056517601013,0.0,0.007732607424259186,3.444187677814625e-05,0.12170248478651047,,,,
587,0.007851921021938324,0.00039678406013126153,192.463673293998,0.6516712307929993,0.0031287488527595997,0.001309327781200409,2.2543119484907947e-05,1.0228754035779275e-05,0.008969753980636597,0.008200788870453835,0.0,0.007475993596017361,1.2695712939603254e-05,0.12173575907945633,,,,
588,0.009703917428851128,0.0003953478306292678,192.7961180479615,0.6270151138305664,0.0031422714237123728,0.0013125431723892689,1.3623163795273285e-05,2.225751813966781e-05,0.04810001701116562,0.007870226167142391,0.0,0.004985075909644365,1.4708441995026078e-05,0.12176769971847534,,,,
589,0.008015980012714863,0.0003939128807418432,193.12455917301122,0.20241917669773102,0.0030319925863295794,0.0011905271094292402,9.115537977777421e-06,7.973673746164422e-06,0.021499544382095337,0.010282482951879501,0.0,0.0038599935360252857,1.4029637895873748e-05,0.12178634107112885,,,,
590,0.008319257758557796,0.00039247922463136336,193.45411968795815,0.7872096300125122,0.0029347871895879507,0.0013505214592441916,1.9537581465556286e-05,1.3108045095577836e-05,0.02300993911921978,0.00909961387515068,0.0,0.002854133490473032,3.200825449312106e-05,0.12179698795080185,,,,
591,0.008937542326748371,0.00039104687644743593,193.78356916899793,1.540102481842041,0.0026312547270208597,0.0016048410907387733,2.1021533029852435e-05,3.72834547306411e-05,0.01920023374259472,0.010628672316670418,0.0,0.005065097473561764,0.00011562940198928118,0.12179366499185562,,,,
592,0.009980604983866215,0.0003896158503267587,194.11206705099903,2.3823177814483643,0.0030891178175807,0.0013346964260563254,8.210270607378334e-05,4.929729038849473e-05,0.027950823307037354,0.009786449372768402,0.0,0.007865789346396923,1.6834517737152055e-05,0.12178434431552887,,,,
593,0.011554467491805553,0.0003881861603929821,194.44167557399487,3.095693826675415,0.003262758022174239,0.0013284155866131186,8.655809506308287e-05,0.00018126890063285828,0.028183218091726303,0.00891774334013462,0.0,0.004441930912435055,0.0003118197782896459,0.12175771594047546,,,,
594,0.01225544884800911,0.0003867578207565683,194.76859588897787,3.5483860969543457,0.0032538962550461292,0.0013333311071619391,0.00019778641581069678,0.00014925823779776692,0.03588595986366272,0.005990157835185528,0.0,0.006602294277399778,1.9295612219139002e-05,0.12172045558691025,,,,
595,0.011496822349727154,0.0003853308455146531,195.09710267698392,3.626237154006958,0.003026593942195177,0.0014771202113479376,0.00011063643614761531,0.00017512968042865396,0.013884133659303188,0.012944509275257587,0.0,0.002915834542363882,0.00040219927905127406,0.1216772049665451,,,,
596,0.011160030029714108,0.0003839052487509058,195.42329334298847,3.197688341140747,0.002855887869372964,0.001232034876011312,0.00011868313595186919,0.00014771764108445495,0.03181222453713417,0.007992662489414215,0.0,0.01107640191912651,0.00011073658970417455,0.12162930518388748,,,,
597,0.009406715631484985,0.00038248104453539127,195.75137526897015,2.206268548965454,0.003012292319908738,0.0011288056848570704,7.930711581138894e-05,8.018049265956506e-05,0.01743479073047638,0.012115241028368473,0.0,0.0050070565193891525,8.672996773384511e-05,0.12159006297588348,,,,
598,0.008397475816309452,0.00038105824692442983,196.07738598698052,0.8452465534210205,0.0034100180491805077,0.0012416187673807144,1.278996205655858e-05,1.2021062502753921e-05,0.0067807710729539394,0.011708641424775124,0.0,0.012226607650518417,1.333313684881432e-05,0.12154417484998703,,,,
599,0.008523141033947468,0.0003796368699604595,196.40678663598374,0.5041100382804871,0.0026348161045461893,0.0012477453565225005,1.2632464859052561e-05,1.2367914678179659e-05,0.03419247269630432,0.009706511162221432,0.0,0.006214698776602745,3.029694562428631e-05,0.12152355909347534,,,,
600,0.008683055639266968,0.00037821692767189743,196.73337014595745,1.3382588624954224,0.0030756692867726088,0.0012538274750113487,1.547657848277595e-05,2.9655951948370785e-05,0.01982613280415535,0.010418960824608803,0.0,0.00627907644957304,0.00017974301590584219,0.12150561064481735,8.523851705057874,11.903342315452,2.3466232042822854,1.3184970757402656
601,0.009666268713772297,0.00037679843407300044,197.1044093189994,2.1225905418395996,0.003210894763469696,0.0013678763061761856,6.763565033907071e-05,4.011858254671097e-05,0.021552622318267822,0.010587780736386776,0.0,0.007505802437663078,8.884119779395405e-06,0.12149563431739807,,,,
602,0.009206662885844707,0.0003753814031637277,197.4394554879982,2.425116539001465,0.002740631578490138,0.0010092927841469646,5.384176620282233e-05,0.00010713605297496542,0.02888505719602108,0.0065267798490822315,0.0,0.00611027842387557,0.00031373504316434264,0.12148832529783249,,,,
603,0.009552419185638428,0.00037396584892960226,197.76797927898588,2.1816909313201904,0.0031784402672201395,0.0011945146834477782,8.08517070254311e-05,6.688080611638725e-05,0.013417515903711319,0.01385088637471199,0.0,0.005879946984350681,3.619356721173972e-05,0.12146838009357452,,,,
604,0.008609763346612453,0.000372551785341573,198.09509211900877,1.3698203563690186,0.0027630391996353865,0.001162396278232336,2.4200806365115568e-05,2.8100967028876767e-05,0.03693114221096039,0.008132725022733212,0.0,0.0030874295625835657,6.326261791400611e-05,0.12145043164491653,,,,
605,0.008100694976747036,0.00037113922635587646,198.4168423829833,0.30168575048446655,0.002878471277654171,0.0011370419524610043,1.111953861254733e-05,6.084654160076752e-06,0.03250069543719292,0.007586694322526455,0.0,0.005004586651921272,2.074222356895916e-05,0.12142251431941986,,,,
606,0.008490576408803463,0.00036972818591389983,198.75231570197502,0.7777525782585144,0.0028208515141159296,0.0012248201528564095,1.2767695807269774e-05,8.511350642947946e-06,0.029364248737692833,0.009738466702401638,0.0,0.00841667503118515,2.3011658413452096e-05,0.1213899478316307,,,,
607,0.009381122887134552,0.00036831867794204237,199.08641660999274,1.4453346729278564,0.002885706489905715,0.0012041510781273246,2.0219318685121834e-05,3.876339178532362e-05,0.04232451319694519,0.009877534583210945,0.0,0.0038745994679629803,7.821716280886903e-05,0.12136071175336838,,,,
608,0.00956614501774311,0.0003669107163515789,199.41071985301096,1.574211835861206,0.002838875399902463,0.001205278793349862,6.098910671425983e-05,4.081978113390505e-05,0.04322704300284386,0.004936159588396549,0.0,0.010264817625284195,9.081670214072801e-06,0.1213328093290329,,,,
609,0.007990282960236073,0.0003655043150385217,199.73698972800048,1.1492124795913696,0.0024912813678383827,0.0012826721649616957,1.143433473771438e-05,3.0212242563720793e-05,0.023245492950081825,0.008635210804641247,0.0,0.006110576447099447,6.4557243604213e-05,0.12131021916866302,,,,
610,0.007362848613411188,0.0003640994878834841,200.06263445597142,0.8441644310951233,0.0025341128930449486,0.0012235114118084311,1.789025918697007e-05,5.2212626542313956e-06,0.025200825184583664,0.005599868018180132,0.0,0.003859640331938863,1.6291918655042537e-05,0.12129560112953186,,,,
611,0.007914800196886063,0.00036269624875154294,200.39391653897474,0.28405624628067017,0.0026496208738535643,0.0010909864213317633,8.525250450475141e-06,9.99847543425858e-06,0.026461925357580185,0.006978451739996672,0.0,0.014713943004608154,2.0036244677612558e-05,0.12129361182451248,,,,
612,0.008926860056817532,0.0003612946114921019,200.7219545529806,0.25804129242897034,0.0029799744952470064,0.0012334506027400494,6.511346782644978e-06,5.381863502407214e-06,0.03871544823050499,0.008126875385642052,0.0,0.00952785275876522,1.4905783245922066e-05,0.12129361182451248,,,,
613,0.007473265752196312,0.000359894589938755,201.06010384199908,0.39717137813568115,0.0028572927694767714,0.0010782787576317787,1.4518495845550206e-05,9.745242095959838e-06,0.019758744165301323,0.006080063991248608,0.0,0.009843998588621616,7.3346809585927986e-06,0.12130025774240494,,,,
614,0.006936825346201658,0.0003584961979091495,201.40307081997162,0.44851401448249817,0.002500089118257165,0.001020633615553379,1.3098278941470198e-05,1.1800008905993309e-05,0.02070041187107563,0.008487978018820286,0.0,0.0027755461633205414,2.57950432569487e-06,0.12131154537200928,,,,
615,0.007116280030459166,0.0003570994492048505,201.73958159500035,0.34279096126556396,0.002867115195840597,0.0009444797178730369,7.789479241182562e-06,7.146099505916936e-06,0.017229963093996048,0.00786229781806469,0.0,0.008717454969882965,5.9433459682622924e-06,0.12130557000637054,,,,
616,0.007627356331795454,0.00035570435761120354,202.07813365897164,0.16619278490543365,0.0029845156241208315,0.0010493164882063866,1.2366423106868751e-05,6.213357664819341e-06,0.02626083418726921,0.007319147698581219,0.0,0.0029936691280454397,4.245238233124837e-05,0.12131752818822861,,,,
617,0.007885674946010113,0.0003543109368971996,202.41770128597273,0.303524374961853,0.0028768775518983603,0.001245442545041442,1.09082739072619e-05,6.817042958573438e-06,0.021176952868700027,0.007612796500325203,0.0,0.007625044323503971,1.796237484086305e-05,0.12131752818822861,,,,
618,0.00905606895685196,0.00035291920081533847,202.7567267139675,0.2153937667608261,0.0027176495641469955,0.0012097416911274195,9.090321327676065e-06,7.613557500008028e-06,0.028857041150331497,0.016428939998149872,0.0,0.009926960803568363,4.84803385916166e-05,0.12132284045219421,,,,
619,0.006718221586197615,0.00035152916310149347,203.13509765599156,0.255134254693985,0.002499728463590145,0.0012930255616083741,7.571870810352266e-06,1.290802720177453e-05,0.01013500802218914,0.005632313899695873,0.0,0.003847704268991947,4.3941327021457255e-05,0.12133479863405228,,,,
620,0.00651549594476819,0.0003501408374747756,203.46378464100417,0.16985444724559784,0.0026701625902205706,0.0010857273591682315,1.3634073184221052e-05,6.538416982948547e-06,0.010240365751087666,0.006355526391416788,0.0,0.0036659161560237408,1.9945433450629935e-05,0.12134144455194473,,,,
621,0.007442818023264408,0.00034875423763739837,203.79796007997356,0.14204925298690796,0.00291678705252707,0.001034272718243301,9.875238902168348e-06,6.087600922910497e-06,0.022684330120682716,0.007601968944072723,0.0,0.00534183531999588,1.5008323316578753e-05,0.12134410440921783,,,,
622,0.007843416184186935,0.0003473693772745425,204.12917719298275,0.270600289106369,0.0025001203175634146,0.0010240052361041307,1.1356467439327389e-05,7.604136953887064e-06,0.034929413348436356,0.011068693362176418,0.0,0.0023805084638297558,1.1962361895712093e-05,0.12135141342878342,,,,
623,0.008109807968139648,0.0003459862700542203,204.4581829580129,0.5289182066917419,0.0026119083631783724,0.0012964115012437105,1.274820533581078e-05,6.672808922303375e-06,0.025257371366024017,0.010598774068057537,0.0,0.005270901136100292,3.2212776659434894e-06,0.12135406583547592,,,,
624,0.007868335582315922,0.0003446049296271422,204.78502037696308,0.8296880722045898,0.0026152399368584156,0.0010023022769019008,1.235505442309659e-05,1.834754402807448e-05,0.02600904181599617,0.011346500366926193,0.0,0.006767393089830875,4.6635028411401436e-05,0.121358722448349,,,,
625,0.0077718994580209255,0.00034322536962658006,205.11674242600566,0.9927721619606018,0.002782996743917465,0.0011384314857423306,2.771297840808984e-05,1.5989207895472646e-05,0.017289895564317703,0.008736619725823402,0.0,0.007885800674557686,2.1222856958047487e-05,0.12134809046983719,7.705297840232331,10.801806537049261,1.2950831577253143,1.5656212548544417
626,0.0071109081618487835,0.0003418476036682344,205.48786031198688,0.9250985980033875,0.002553129568696022,0.0010146790882572532,1.1933730093005579e-05,1.6081408830359578e-05,0.018278446048498154,0.010043693706393242,0.0,0.003466346999630332,3.532592018018477e-05,0.12133347243070602,,,,
627,0.007174976170063019,0.00034047164535009884,205.81904202897567,0.7066197991371155,0.0024084404576569796,0.0009883665479719639,1.987738323805388e-05,6.798351932957303e-06,0.02998727187514305,0.005923748016357422,0.0,0.005802463740110397,1.9879140381817706e-05,0.1213042363524437,,,,
628,0.008688116446137428,0.0003390975082523267,206.15070936497068,0.41636061668395996,0.002551693469285965,0.0010938006453216076,1.0593881597742438e-05,1.1889660527231172e-05,0.04431130737066269,0.01238554622977972,0.0,0.0022597331553697586,3.5597906389739364e-05,0.12128165364265442,,,,
629,0.006439957767724991,0.00033772520593709597,206.4810159819899,0.12805922329425812,0.0022119751665741205,0.000977078452706337,1.0984479558828752e-05,6.634445526287891e-06,0.01870293915271759,0.006907476112246513,0.0,0.006447260268032551,2.812004640873056e-05,0.12125907093286514,,,,
630,0.008482509292662144,0.00033635475194847687,206.83192398800747,0.2133692502975464,0.0028237714432179928,0.0010644851718097925,8.929078830988146e-06,5.05611296830466e-06,0.043356217443943024,0.0077879587188363075,0.0,0.00596062745898962,2.4040089556365274e-05,0.12123648822307587,,,,
631,0.007518236059695482,0.00033498615981229703,207.1649247399764,0.16481462121009827,0.002183295786380768,0.0009218835039064288,1.1284979336778633e-05,6.395104719558731e-06,0.03659866005182266,0.010703269392251968,0.0,0.0053948694840073586,2.314961420779582e-05,0.1212192252278328,,,,
632,0.008789874613285065,0.00033361944303600795,207.49439703597454,0.3198113441467285,0.002727559534832835,0.0009862718870863318,8.723092832951806e-06,7.797370926709846e-06,0.041819699108600616,0.014606199227273464,0.0,0.004764855373650789,1.3516211765818298e-05,0.12120328843593597,,,,
633,0.006596315186470747,0.0003322546151085528,207.8282297499827,0.23163864016532898,0.002584123285487294,0.0009321658872067928,8.157744559866842e-06,7.341469427046832e-06,0.00955144502222538,0.011906495317816734,0.0,0.0038267490454018116,1.2127653462812304e-05,0.12118137627840042,,,,
634,0.007088505197316408,0.00033089168950023196,208.15927824599203,0.08876357227563858,0.0023949057795107365,0.0009167528478428721,8.132141374517232e-06,5.891256932955002e-06,0.034907326102256775,0.0051704044453799725,0.0,0.006495959125459194,1.149582203652244e-05,0.12115946412086487,,,,
635,0.006973159499466419,0.00032953067966257104,208.49039158597589,0.2509976625442505,0.002531582722440362,0.0010365070775151253,1.1976522728218697e-05,9.395645975018851e-06,0.022567369043827057,0.007752023637294769,0.0,0.0023780441842973232,1.1213784091523848e-05,0.12115415185689926,,,,
636,0.007536823861300945,0.00032817159902818777,208.81856890796917,0.2300058901309967,0.002949429675936699,0.0009562689810991287,8.69009363668738e-06,5.531628175958758e-06,0.0270574651658535,0.0069679319858551025,0.0,0.006997513584792614,1.1956290109083056e-05,0.12114087492227554,,,,
637,0.0066686333157122135,0.0003268144610106593,209.15315625199582,0.08202986419200897,0.0024354474153369665,0.0009264335967600346,8.92117532202974e-06,8.185590559151024e-06,0.0227526668459177,0.007219498977065086,0.0,0.004238356836140156,1.6609130398137495e-05,0.12114021182060242,,,,
638,0.006945932283997536,0.00032545927900438974,209.48668532801094,0.07182415574789047,0.002390613779425621,0.0011861661914736032,7.069093044265173e-06,7.506275778723648e-06,0.024760346859693527,0.005415305495262146,0.0,0.0026387288235127926,4.6053733058215585e-06,0.12114286422729492,,,,
639,0.006707931403070688,0.00032410606638447876,209.82085115398513,0.12296697497367859,0.0020925821736454964,0.0010555842891335487,9.291498827224132e-06,7.680542694288306e-06,0.016055282205343246,0.01106647215783596,0.0,0.0055737425573170185,2.5214418201358058e-05,0.1211475133895874,,,,
640,0.007216284051537514,0.00032275483650658825,210.15443210100057,0.20404618978500366,0.0028949417173862457,0.0010724443709477782,8.280016118078493e-06,8.679302482050844e-06,0.019203243777155876,0.0052336170338094234,0.0,0.007624971214681864,2.0935618522344157e-05,0.12115149945020676,,,,
641,0.00785856693983078,0.00032140560270681184,210.4833639569697,0.15989968180656433,0.002749005099758506,0.000951420224737376,6.701477104797959e-06,6.3675156525278e-06,0.030749324709177017,0.010286742821335793,0.0,0.00745069095864892,1.619986505829729e-05,0.12115681171417236,,,,
642,0.00628367904573679,0.0003200583783015424,210.8142479279777,0.12814894318580627,0.0022380526643246412,0.0008301723282784224,1.0034151273430325e-05,7.19198305887403e-06,0.021033436059951782,0.008248575031757355,0.0,0.004174898844212294,6.5882941271411255e-06,0.12115813791751862,,,,
643,0.009382021613419056,0.0003187131765873406,211.1503495349898,0.37952372431755066,0.002243881579488516,0.0011894635390490294,8.14740178611828e-06,1.1167350749019533e-05,0.05571281164884567,0.014404915273189545,0.0,0.0032813982106745243,5.470749601954594e-05,0.12115547806024551,,,,
644,0.0069268690422177315,0.0003173700108408048,211.48994319100166,0.6551432609558105,0.0025193295441567898,0.001130101503804326,2.352067531319335e-05,6.1712044043815695e-06,0.020963797345757484,0.004984295926988125,0.0,0.002652350813150406,5.003051774110645e-05,0.12114950269460678,,,,
645,0.00966955628246069,0.0003160288943184381,211.8201544219628,0.5378371477127075,0.002461824333295226,0.0008896184153854847,9.955068890121765e-06,1.7717778973747045e-05,0.07296386361122131,0.010841380804777145,0.0,0.0037322924472391605,0.00011168134369654581,0.12114021182060242,,,,
646,0.007622635457664728,0.0003146898402565197,212.16086753597483,0.0975789800286293,0.00241468264721334,0.0010046628303825855,1.1042369806091301e-05,6.942125764908269e-06,0.03926447406411171,0.0066202981397509575,0.0,0.004433471709489822,5.073469219496474e-05,0.12112029641866684,,,,
647,0.0061653610318899155,0.00031335286187097214,212.49450145900482,0.6036691069602966,0.0020297931041568518,0.0009468927746638656,1.5250792785082012e-05,8.00063025963027e-06,0.022208241745829582,0.005531866103410721,0.0,0.004114313051104546,1.8843131329049356e-05,0.12111100554466248,,,,
648,0.008034034632146358,0.00031201797235723265,212.83132422401104,0.9414812922477722,0.002657915698364377,0.0009946735808625817,1.920284194056876e-05,1.7243406546185724e-05,0.03406083583831787,0.007399434689432383,0.0,0.00874295923858881,2.1095787815283984e-05,0.12108113616704941,,,,
649,0.0076270210556685925,0.00031068518489012144,213.16250687098363,0.7911527752876282,0.00224954797886312,0.0011096697999164462,1.1760281267925166e-05,1.1798590094258543e-05,0.027124587446451187,0.010520916432142258,0.0,0.007334844209253788,2.640909588080831e-05,0.12107250839471817,,,,
650,0.008579501882195473,0.0003093545126237132,213.49636855296558,0.3107576072216034,0.002283948939293623,0.0010162413818761706,8.80477819009684e-06,7.995606210897677e-06,0.05466237664222717,0.010549754835665226,0.0,0.003525876672938466,9.625871825846843e-06,0.12105193734169006,7.291659078256244,10.248247863113932,1.1542277064495927,1.1347943990399334
651,0.00595190841704607,0.0003080259686912058,213.86078779300442,0.25608304142951965,0.002204677788540721,0.000953566050156951,7.487712991860462e-06,7.160516815929441e-06,0.01910817250609398,0.00440644659101963,0.0,0.003299953881651163,1.1544998415047303e-05,0.12102074921131134,,,,
652,0.0077683161944150925,0.0003066995662047912,214.18943562498316,0.4196028709411621,0.0025106945540755987,0.000930506270378828,1.0133715477422811e-05,9.982550182030536e-06,0.03235344588756561,0.012570470571517944,0.0,0.0035929903388023376,2.008786759688519e-05,0.12098956108093262,,,,
653,0.008159141056239605,0.0003053753182555267,214.51677821896737,0.2959686517715454,0.0023689193185418844,0.000993417459540069,8.924811481847428e-06,1.0387375368736684e-05,0.034110553562641144,0.011544059962034225,0.0,0.010039757005870342,0.00012739318481180817,0.1209510862827301,,,,
654,0.0072023747488856316,0.0003040532379132052,214.84488671598956,0.11619551479816437,0.0027365735732018948,0.000929723959416151,1.2380281987134367e-05,5.675678949046414e-06,0.032274890691041946,0.0035347375087440014,0.0,0.005508480593562126,6.223669333849102e-05,0.12091460824012756,,,,
655,0.00855195801705122,0.00030273333822622564,215.1766568889725,0.3546064794063568,0.0023481620009988546,0.0012388144386932254,9.968653102987446e-06,6.592621502932161e-06,0.0384657122194767,0.013294163160026073,0.0,0.0034443691838532686,1.4755312804481946e-05,0.12087945640087128,,,,
656,0.007366242818534374,0.0003014156322214651,215.50792627496412,0.5168285369873047,0.0024767837021499872,0.0009109910461120307,9.033609785547014e-06,1.0188169653702062e-05,0.026784133166074753,0.008666910231113434,0.0,0.010452655144035816,2.5878016458591446e-05,0.12085094302892685,,,,
657,0.007012045942246914,0.0003001001329041497,215.8375076369848,0.4884190857410431,0.0027010829653590918,0.0009404632146470249,8.472753506794106e-06,7.1363019742420875e-06,0.0255112387239933,0.007286448031663895,0.0,0.00248475419357419,2.4660566850798205e-05,0.12084165960550308,,,,
658,0.006929659750312567,0.00029878685325772684,216.18746846995782,0.1591707170009613,0.0022623559925705194,0.0008742091013118625,1.2212101864861324e-05,5.367099220165983e-06,0.026795359328389168,0.007743219844996929,0.0,0.010061023756861687,5.117832643009024e-06,0.1208343654870987,,,,
659,0.007291169371455908,0.00029747580624373655,216.51712365599815,0.4566084146499634,0.002489232225343585,0.0008914609206840396,7.684006050112657e-06,6.2616245486424305e-06,0.034193255007267,0.008124276995658875,0.0,0.0044356705620884895,1.4845228179183323e-05,0.1208396703004837,,,,
660,0.006566682364791632,0.00029616700480168337,216.84599978796905,0.8248965740203857,0.0022019806783646345,0.0009211114956997335,1.8620927221491e-05,1.12188381535816e-05,0.019118349999189377,0.009971189312636852,0.0,0.0026241103187203407,1.899061317089945e-05,0.12084829062223434,,,,
661,0.009493183344602585,0.000294860461848909,217.19350559497252,0.9136632680892944,0.002342884661629796,0.0011780228232964873,1.4738190657226369e-05,2.6768961106427014e-05,0.060436926782131195,0.010027866810560226,0.0,0.003644518554210663,5.147443516761996e-05,0.12084829062223434,,,,
662,0.00695948489010334,0.00029355619028046526,217.54938772995956,0.5460776686668396,0.0027226039674133062,0.0009914436377584934,1.3882115126762073e-05,4.787765192304505e-06,0.019162949174642563,0.006781604140996933,0.0,0.005988827906548977,1.070192865881836e-05,0.12084364891052246,,,,
663,0.006726129446178675,0.00029225420296898584,217.88967896299437,0.08403321355581284,0.002344590611755848,0.0008541926508769393,9.395949746249244e-06,6.992841008468531e-06,0.028487633913755417,0.0073394435457885265,0.0,0.003981941379606724,3.1015519198263064e-05,0.1208270713686943,,,,
664,0.006651564035564661,0.0002909545127645595,218.22467679798137,0.521687924861908,0.0024289351422339678,0.0009097759029828012,6.2394710766966455e-06,1.0837728041224182e-05,0.02353088930249214,0.005733179394155741,0.0,0.0065030185505747795,3.647329504019581e-05,0.12081845849752426,,,,
665,0.00752114737406373,0.0002896571324946045,218.55987118399935,0.605070948600769,0.0023485207930207253,0.0009126783697865903,1.9573455574573018e-05,8.406186680076644e-06,0.042465418577194214,0.006031380966305733,0.0,0.0041604600846767426,1.2219631571497303e-05,0.12082177400588989,,,,
666,0.006043181288987398,0.00028836207496374,218.88866617396707,0.3085324168205261,0.0019161127274855971,0.0008847406134009361,7.139346962503623e-06,1.1023842489521485e-05,0.015594864264130592,0.01039636880159378,0.0,0.0042138914577662945,2.5063640350708738e-05,0.12081713229417801,,,,
667,0.007561426144093275,0.0002870693529536611,219.22034608200192,0.23716337978839874,0.0027162572368979454,0.0009392727515660226,8.162230187735986e-06,1.1878495570272207e-05,0.039585258811712265,0.004266773350536823,0.0,0.004539879504591227,1.2471267837099731e-05,0.12080983817577362,,,,
668,0.006005580071359873,0.0002857789792230118,219.5513565299916,0.681090772151947,0.0021144901402294636,0.0008545825257897377,1.1441919014032464e-05,7.351621661655372e-06,0.022723166272044182,0.0053910743445158005,0.0,0.003316666465252638,3.209526767022908e-05,0.12079591304063797,,,,
669,0.006662475876510143,0.0002844909665072604,219.88348762498936,0.9500987529754639,0.002355670090764761,0.0008802106603980064,1.3354353541217279e-05,1.4338640539790504e-05,0.02332625910639763,0.007368183694779873,0.0,0.004751666449010372,7.959079084685072e-06,0.12078066915273666,,,,
670,0.007265329826623201,0.00028320532751857186,220.2119122679578,0.6375076174736023,0.002138084964826703,0.000986349186860025,1.5066891137394123e-05,1.354274991172133e-05,0.04023701697587967,0.004329453222453594,0.0,0.005929312668740749,6.4277528508682735e-06,0.12076078355312347,,,,
671,0.00856740865856409,0.00028192207494568447,220.53907003696077,0.08437090367078781,0.002573914360255003,0.0009621352655813098,5.8488722061156295e-06,5.076411071058828e-06,0.05041927099227905,0.01071033626794815,0.0,0.004598396364599466,1.7312249838141724e-05,0.12074089795351028,,,,
672,0.007055953610688448,0.00028064122145378265,220.8759812230128,0.5393484830856323,0.0020097438246011734,0.001035932102240622,9.483898793405388e-06,1.9300918211229146e-05,0.03377771005034447,0.004054522607475519,0.0,0.008950626477599144,2.390822373854462e-05,0.12072035670280457,,,,
673,0.007237077224999666,0.00027936277968437366,221.21625659195706,0.34000876545906067,0.002232959959656,0.0011287883389741182,1.0876443411689252e-05,6.0162947193020955e-06,0.026787597686052322,0.005997112952172756,0.0,0.009834513068199158,2.608840077300556e-05,0.12070776522159576,,,,
674,0.006170040927827358,0.0002780867622551614,221.5577411649865,0.41831639409065247,0.0019237323431298137,0.0008642847533337772,1.0544208635110408e-05,7.809029739291873e-06,0.024088792502880096,0.005668968893587589,0.0,0.008629245683550835,1.069409518095199e-05,0.1207137256860733,,,,
675,0.006495389621704817,0.00027681318175992264,221.90099002298666,1.1535764932632446,0.0020830498542636633,0.0010975301265716553,1.662440445215907e-05,1.214548228745116e-05,0.02283041924238205,0.005115401931107044,0.0,0.0024056504480540752,3.550673136487603e-05,0.12073029577732086,7.176699919012775,10.078444107357617,1.4296843197558524,0.908855547275357
676,0.006979239173233509,0.0002755420507683828,222.27741657500155,1.0863521099090576,0.00225037126801908,0.0010292262304574251,2.1523734176298603e-05,1.940464244398754e-05,0.029829898849129677,0.003518559504300356,0.0,0.005562424659729004,1.8918295609182678e-05,0.12074089795351028,,,,
677,0.00679092388600111,0.00027427338182609186,222.60894404101418,0.4061599671840668,0.0022527624387294054,0.0008013875922188163,8.271558726846706e-06,1.0187588486587629e-05,0.022389035671949387,0.013798447325825691,0.0,0.001877782866358757,3.6857098166365176e-05,0.12075217068195343,,,,
678,0.00724859070032835,0.00027300718745429983,222.9424835689715,0.8104255199432373,0.0022002828773111105,0.0009218361228704453,1.2696134945144877e-05,1.5104193153092638e-05,0.03258070349693298,0.01008969359099865,0.0,0.002445690566673875,4.558799264486879e-05,0.12075547873973846,,,,
679,0.007076003588736057,0.0002717434801498338,223.27555101300823,1.338262677192688,0.002234387444332242,0.0008731699781492352,2.702546407817863e-05,3.062959876842797e-05,0.03229226544499397,0.005445747636258602,0.0,0.004499196074903011,1.3831453543389216e-05,0.1207462027668953,,,,
680,0.006331459153443575,0.0002704822723849751,223.60317310597748,0.9021357893943787,0.0024637540336698294,0.000953421404119581,1.0092660886584781e-05,1.3902312275604345e-05,0.014223705977201462,0.007063073106110096,0.0,0.0025310306809842587,5.612918539554812e-05,0.12073957175016403,,,,
681,0.007130815181881189,0.000269223576607335,223.93702136498177,0.04530830308794975,0.002364082494750619,0.0008528929902240634,5.388570571085438e-06,6.947096608200809e-06,0.03290310874581337,0.00907917506992817,0.0,0.005025561898946762,1.250730019819457e-05,0.12073095887899399,,,,
682,0.007000757846981287,0.00026796740523973243,224.2670020989608,0.6835077404975891,0.0021948940120637417,0.0008585079340264201,1.4282212760008406e-05,8.737056305108126e-06,0.03486691787838936,0.006903720088303089,0.0,0.005904262885451317,8.999974852486048e-06,0.12072432786226273,,,,
683,0.006796056870371103,0.00026671377068007197,224.59764605696546,0.6704689860343933,0.002030677394941449,0.0008985979366116226,9.417008186574094e-06,1.9764098396990448e-05,0.030386339873075485,0.008274279534816742,0.0,0.0037420738954097033,2.1795800421386957e-05,0.12072764337062836,,,,
684,0.007753294892609119,0.0002654626853012207,224.93377164099365,0.09185375273227692,0.0019297990947961807,0.0008862321265041828,6.7063228925690055e-06,5.798930942546576e-06,0.04766830429434776,0.011752119287848473,0.0,0.0031959707848727703,8.682754560140893e-05,0.12072565406560898,,,,
685,0.00629926985129714,0.000264214161450886,225.2749954299652,0.7926333546638489,0.002023457083851099,0.0008216823334805667,1.3492037396645173e-05,1.7047033907147124e-05,0.023128753527998924,0.008696839213371277,0.0,0.003410675097256899,9.674234206613619e-06,0.12072764337062836,,,,
686,0.007097904570400715,0.00026296821145149415,225.60122156399302,0.8754244446754456,0.002354325959458947,0.0008209253428503871,1.209694892168045e-05,1.727605558698997e-05,0.04012267291545868,0.0045442418195307255,0.0,0.004000494256615639,2.6687441277317703e-05,0.12072764337062836,,,,
687,0.006459832191467285,0.0002617248476000689,225.94982270000037,0.31650790572166443,0.0026074866764247417,0.0009575492586009204,5.920746389165288e-06,5.039448296884075e-06,0.025241483002901077,0.00289566139690578,0.0,0.0029684454202651978,6.874609425722156e-06,0.12070776522159576,,,,
688,0.0057526640594005585,0.00026048408216810924,226.27770034095738,0.5508736968040466,0.0021285435650497675,0.0008825956610962749,8.529375008947682e-06,6.687115728709614e-06,0.01092151552438736,0.009128430858254433,0.0,0.0017289173556491733,4.0707898733671755e-05,0.1206911951303482,,,,
689,0.005982617381960154,0.00025924592740146933,226.60928900900763,0.7707250714302063,0.0020857646595686674,0.0009664639364928007,1.11354256659979e-05,1.6027790479711257e-05,0.021686352789402008,0.002875925274565816,0.0,0.0034838507417589426,2.5523435397190042e-05,0.12066668272018433,,,,
690,0.006183865014463663,0.00025801039552023655,226.93849283998134,0.29321861267089844,0.002004686975851655,0.0010015261359512806,9.862935257842764e-06,5.894155037822202e-06,0.013746123760938644,0.010274739004671574,0.0,0.003268376924097538,1.9713792426045984e-05,0.12064217031002045,,,,
691,0.00759418960660696,0.0002567774987186121,227.26674007700058,0.6991121172904968,0.002429255982860923,0.0008976545068435371,2.5069799448829144e-05,8.375560355489142e-06,0.03865814208984375,0.00860829371958971,0.0,0.0015766702126711607,4.197927410132252e-05,0.12062162905931473,,,,
692,0.007637674454599619,0.00025554724916478945,227.61232952499995,0.9856457710266113,0.0018540277378633618,0.0010247721802443266,8.271252227132209e-06,2.8932918212376535e-05,0.031581416726112366,0.012162832543253899,0.0,0.004698642063885927,0.0002111773210344836,0.12059712409973145,,,,
693,0.006237027235329151,0.0002543196590008351,227.94268700300017,0.6499947905540466,0.002279821550473571,0.0008933634380809963,1.7428959836252034e-05,5.2923933253623545e-06,0.018052535131573677,0.006586797535419464,0.0,0.003944206517189741,6.417536496883258e-05,0.12057328224182129,,,,
694,0.007611337583512068,0.000253094740342568,228.28972284396878,0.19162617623806,0.002378391567617655,0.0009725121781229973,1.3238014616945293e-05,5.3457079047802836e-06,0.03553248941898346,0.009581713937222958,0.0,0.004021096043288708,4.5684129872825e-05,0.12055010348558426,,,,
695,0.0066038756631314754,0.00025187250527944143,228.6164089019876,0.6218162775039673,0.0021459327545017004,0.0008736783638596535,8.257369700004347e-06,1.043437805492431e-05,0.024794476106762886,0.00845446065068245,0.0,0.0051818592473864555,5.887939187232405e-05,0.12052559852600098,,,,
696,0.006772683002054691,0.00025065296587442176,228.94156575400848,0.4981970191001892,0.0022935059387236834,0.0009588905377313495,1.4363230548042338e-05,1.0291917533322703e-05,0.015022242441773415,0.012952674180269241,0.0,0.0028425382915884256,5.8297709983889945e-06,0.12050838023424149,,,,
697,0.007053809706121683,0.0002494361341638703,229.26442014996428,0.13811029493808746,0.0026252439711242914,0.0008956127567216754,7.657108653802425e-06,4.7993348744057585e-06,0.036120373755693436,0.004041185136884451,0.0,0.0035614632070064545,4.0738150346442126e-06,0.12049183249473572,,,,
698,0.007031924556940794,0.00024822202215742524,229.594097743975,0.5292841196060181,0.002438411582261324,0.0008745227823965251,1.1291573173366487e-05,1.0669546099961735e-05,0.024775121361017227,0.009107198566198349,0.0,0.00605365913361311,5.222413165029138e-05,0.12047329545021057,,,,
699,0.009212242439389229,0.00024701064183788165,229.9207414590055,0.38413718342781067,0.00236397422850132,0.0011074658250436187,7.235581051645568e-06,6.888978077768115e-06,0.06613771617412567,0.009016511961817741,0.0,0.0031880266033113003,3.6842509416601388e-06,0.12046733498573303,,,,
700,0.007227845955640078,0.00024580200516107414,230.25195042596897,0.15196621417999268,0.0019674228969961405,0.0009714985499158502,6.771393600502051e-06,9.101067917072214e-06,0.04312102124094963,0.005023550242185593,0.0,0.00749971391633153,4.849689048569417e-06,0.12045939266681671,7.1004840284894275,9.968037656643544,1.1021698489089942,1.3149775400980388
701,0.006820112932473421,0.00024459612405575886,230.6165930730058,0.5922646522521973,0.002650378504768014,0.0008932588389143348,5.801414772577118e-06,8.985854947241023e-06,0.027928099036216736,0.006162292789667845,0.0,0.0015377423260360956,2.5366771296830848e-05,0.12045607715845108,,,,
702,0.005802119616419077,0.00024339301042349573,230.94617604400264,0.4466913640499115,0.0018708041170611978,0.0008021760731935501,1.2880835129180923e-05,6.042925633664709e-06,0.018690723925828934,0.007297910284250975,0.0,0.006599015556275845,2.2996071493253112e-05,0.12045145034790039,,,,
703,0.006414245348423719,0.00024219267613853038,231.28567473299336,0.3053019046783447,0.0022128161508589983,0.0008835027692839503,1.0711900358728599e-05,7.552383067377377e-06,0.025430571287870407,0.00545076746493578,0.0,0.005813078489154577,2.407219108135905e-05,0.12044946104288101,,,,
704,0.006074827164411545,0.00024099513304767762,231.62176609400194,0.6955503821372986,0.0020786698441952467,0.0009084859630092978,1.0126294000656344e-05,1.5158107089519035e-05,0.02393440343439579,0.0038310550153255463,0.0,0.00381330749951303,3.5395773011259735e-05,0.1204540953040123,,,,
705,0.006954512093216181,0.00023980039297020407,231.9595355039928,0.5485432147979736,0.002059801248833537,0.0008267395896837115,6.921843123564031e-06,8.672193871461786e-06,0.038309235125780106,0.008885769173502922,0.0,0.0026337699964642525,2.910431066993624e-05,0.12046005576848984,,,,
706,0.006805489771068096,0.00023860846769771215,232.29937073297333,0.17494964599609375,0.002630656585097313,0.0009456101106479764,7.202035703812726e-06,6.83855887473328e-06,0.023147832602262497,0.0055789523757994175,0.0,0.005945303477346897,1.0188665328314528e-05,0.12046600878238678,,,,
707,0.0060054222121834755,0.0002374193689940233,232.63408949400764,0.2862284481525421,0.0017926085274666548,0.000966706546023488,6.937711987120565e-06,1.0653324352460913e-05,0.022110462188720703,0.006902886088937521,0.0,0.0031837783753871918,2.800271613523364e-05,0.1204865351319313,,,,
708,0.006455069407820702,0.00023623310859506133,232.97186823398806,0.23416128754615784,0.002101162215694785,0.0008498838869854808,5.486689587996807e-06,8.419489859079476e-06,0.02714814431965351,0.006990786641836166,0.0,0.0056756651028990746,5.431061072158627e-05,0.12049778550863266,,,,
709,0.005850228015333414,0.00023504969820873777,233.30293614801485,0.17505551874637604,0.0018153685377910733,0.0009369947947561741,6.318947271211073e-06,8.426733074884396e-06,0.028810467571020126,0.002830677665770054,0.0,0.0032688698265701532,5.870968379895203e-06,0.12050771713256836,,,,
710,0.0067614116705954075,0.0002338691495148352,233.6306941480143,0.10589610785245895,0.001992942066863179,0.000758138601668179,1.1541795174707659e-05,7.705688403802924e-06,0.04677287116646767,0.004378604236990213,0.0,0.0031149424612522125,6.954895070521161e-06,0.12051169574260712,,,,
711,0.007257153280079365,0.0002326914741648927,233.96473628201056,0.0891541913151741,0.002399860881268978,0.0009756040526553988,1.1127473044325598e-05,7.405692940665176e-06,0.023617371916770935,0.011434361338615417,0.0,0.003758651204407215,8.800169598544016e-05,0.12051301449537277,,,,
712,0.006579219363629818,0.00023151668378209006,234.29636764596216,0.14663584530353546,0.002159419935196638,0.0008574862731620669,1.4172745977703016e-05,7.500940682803048e-06,0.0260453000664711,0.007452069316059351,0.0,0.005969374906271696,2.1635725715896115e-05,0.1205136775970459,,,,
713,0.006091927643865347,0.00023034478996113487,234.62860785401426,0.11870261281728745,0.0020724080968648195,0.0007374662673100829,1.0092171578435227e-05,9.196821338264272e-06,0.01084688026458025,0.01469509955495596,0.0,0.0035045454278588295,4.410819019540213e-05,0.12050771713256836,,,,
714,0.006533674895763397,0.00022917580426814563,234.96435322298203,0.19720964133739471,0.0019562230445444584,0.0008424278348684311,9.029353350342717e-06,6.792486146878218e-06,0.016274500638246536,0.015663085505366325,0.0,0.00351573689840734,5.8061446907231584e-05,0.12049580365419388,,,,
715,0.008000152185559273,0.00022800973824053903,235.2968549039797,0.07060995697975159,0.0021752403117716312,0.0009024980245158076,7.160600489442004e-06,5.153463916940382e-06,0.05636947602033615,0.007009401917457581,0.0,0.004356224089860916,3.906340862158686e-05,0.12048587203025818,,,,
716,0.0068819778971374035,0.00022684660338691633,235.62467293901136,0.1855921447277069,0.0021625831723213196,0.0009016519179567695,9.013338058139198e-06,5.690620582754491e-06,0.029850918799638748,0.009333799593150616,0.0,0.004161492455750704,1.4568446204066277e-05,0.12048190087080002,,,,
717,0.006398479454219341,0.00022568641118694878,235.9598008369794,0.2594746947288513,0.0021086344495415688,0.0009586752275936306,8.752485882723704e-06,6.668866262771189e-06,0.025631798431277275,0.006552593316882849,0.0,0.0030712352599948645,7.3939199864980765e-06,0.12047594040632248,,,,
718,0.0059172483161091805,0.0002245291730912649,236.29195800301386,0.3292166590690613,0.0021439664997160435,0.0007835011347196996,9.220313586411066e-06,7.431711765093496e-06,0.022473230957984924,0.006836408283561468,0.0,0.002113546710461378,6.3108177528192755e-06,0.12046932429075241,,,,
719,0.006253290921449661,0.00022337490052133763,236.62248857796658,0.2596004009246826,0.002071768743917346,0.0008688978268764913,8.201637683669105e-06,5.352332664187998e-06,0.024361073970794678,0.007300681434571743,0.0,0.004689596593379974,5.132262685947353e-06,0.12045343220233917,,,,
720,0.0066560544073581696,0.00022222360486937138,236.9600096399663,0.10268048197031021,0.0018931063823401928,0.0010984954424202442,7.544040272478014e-06,6.6108077589888126e-06,0.032019730657339096,0.0062755560502409935,0.0,0.0014540066476911306,2.720170641623554e-06,0.12044615298509598,,,,
721,0.0066212741658091545,0.00022107529749818935,237.2907755979686,0.31409162282943726,0.0019664422143250704,0.0009813766228035092,7.533783900726121e-06,7.177097359090112e-06,0.02741945907473564,0.006782650016248226,0.0,0.007356662768870592,7.4640447564888746e-06,0.1204342395067215,,,,
722,0.005935716442763805,0.00021992998974112158,237.62269106699387,0.11767119914293289,0.0019033445278182626,0.0009016545373015106,7.341625860135537e-06,5.921442607359495e-06,0.024191949516534805,0.004708169959485531,0.0,0.005619066767394543,1.4629700672230683e-05,0.1204342395067215,,,,
723,0.006252880673855543,0.00021878769290189322,237.9561151730013,0.0716899111866951,0.002144726924598217,0.0008711874252185225,7.330939297389705e-06,6.362054591591004e-06,0.021075401455163956,0.006393288262188435,0.0,0.00801028311252594,1.4800409189774655e-05,0.12043555825948715,,,,
724,0.007856374606490135,0.00021764841825451292,238.2882034679642,0.12989947199821472,0.002463799435645342,0.0010112746385857463,8.03026523499284e-06,8.336337486980483e-06,0.04380987957119942,0.00590346148237586,0.0,0.005487049464136362,3.07259033434093e-05,0.12044218182563782,,,,
725,0.006832529790699482,0.00021651217704316185,238.63808460300788,0.24280187487602234,0.0019623422995209694,0.0009544298518449068,7.435804491251474e-06,8.708416316949297e-06,0.031244710087776184,0.007669133134186268,0.0,0.006066735368221998,4.6952831326052547e-05,0.1204468160867691,6.945169526633254,9.772953624171858,1.0206142969753829,0.9373475295121093
726,0.006548396777361631,0.00021537898048208155,239.00753421196714,0.16999806463718414,0.002047018613666296,0.0007908227271400392,7.463598649337655e-06,6.0060528994654305e-06,0.039046429097652435,0.005684627220034599,0.0,0.0025263794232159853,1.7485675925854594e-05,0.12044747173786163,,,,
727,0.00517319655045867,0.00021424883975546506,239.33697577600833,0.22254052758216858,0.0020382709335535765,0.0007529509020969272,7.2154225563281216e-06,8.528650141670369e-06,0.015563719905912876,0.00433925399556756,0.0,0.002616648096591234,8.190659173124004e-06,0.12044879794120789,,,,
728,0.0057439557276666164,0.0002131217660173448,239.66892259800807,0.40035051107406616,0.0019256152445450425,0.0008904155110940337,5.792552656203043e-06,6.268157449085265e-06,0.017569895833730698,0.006413301452994347,0.0,0.005352598614990711,9.004981620819308e-06,0.12044218182563782,,,,
729,0.007330317981541157,0.00021199777039148366,240.01493471499998,0.23549789190292358,0.002071652328595519,0.0009926599450409412,9.56453186518047e-06,5.969310223008506e-06,0.033398400992155075,0.009623464196920395,0.0,0.006970942951738834,1.674908708082512e-05,0.12044482678174973,,,,
730,0.006189387757331133,0.00021087686397126435,240.35270511801355,0.11651130765676498,0.001981294946745038,0.0009875188115984201,5.304743353917729e-06,5.313634574122261e-06,0.024990366771817207,0.005216927733272314,0.0,0.004540486726909876,8.193472240236588e-06,0.12044284492731094,,,,
731,0.005507947411388159,0.00020975905781958124,240.71770113299135,0.304338276386261,0.0019089992856606841,0.0009597740136086941,6.991600002947962e-06,9.416983630217146e-06,0.012753089889883995,0.005134036298841238,0.0,0.004540176130831242,1.6805841369205154e-05,0.12044085562229156,,,,
732,0.008076632395386696,0.00020864436296872958,241.05294984095963,0.3476453423500061,0.002245459007099271,0.001013615052215755,8.105920642265119e-06,9.883553502731957e-06,0.0430951789021492,0.011606021784245968,0.0,0.003445560112595558,1.5970341337379068e-05,0.12043952941894531,,,,
733,0.007843926548957825,0.00020753279042029748,241.38937454897678,0.313551664352417,0.0021472303196787834,0.0010145637206733227,1.199946018459741e-05,4.77188041259069e-06,0.04934769496321678,0.007410034071654081,0.0,0.003010151442140341,2.051781484624371e-05,0.12044151872396469,,,,
734,0.0069564953446388245,0.00020642435114505707,241.72651026799576,0.37923339009284973,0.0018369244644418359,0.0009930537780746818,1.2944226909894496e-05,6.36679760646075e-06,0.036222588270902634,0.008240727707743645,0.0,0.003190265968441963,2.5199120500474237e-05,0.12043821066617966,,,,
735,0.007277926430106163,0.00020531905608285687,242.06224390200805,0.29967594146728516,0.002477918518707156,0.0008480611140839756,4.597732640831964e-06,9.713981853565201e-06,0.04190802201628685,0.005225219298154116,0.0,0.0041283052414655685,1.600212272023782e-05,0.12042827904224396,,,,
736,0.007438536733388901,0.00020421691614251248,242.4030229439959,0.36547166109085083,0.0022890958935022354,0.0008476064540445805,6.797733931307448e-06,1.1896194337168708e-05,0.04444289952516556,0.006674528121948242,0.0,0.004545555915683508,2.9996977900736965e-05,0.12041636556386948,,,,
737,0.006972560193389654,0.00020311794220170045,242.73689368198393,0.4887327551841736,0.0019555140752345324,0.0008688138332217932,1.0646363080013543e-05,4.97815381095279e-06,0.03911174088716507,0.006457937881350517,0.0,0.007685220800340176,1.7126149032264948e-05,0.12040511518716812,,,,
738,0.005680179223418236,0.00020202214510684998,243.07385497598443,0.1702062487602234,0.0018255386967211962,0.0008421669481322169,5.938716640230268e-06,6.133723218226805e-06,0.016430247575044632,0.007998919114470482,0.0,0.005897746421396732,1.289030842599459e-05,0.12039981782436371,,,,
739,0.006585672497749329,0.00020092953567303585,243.40629714197712,0.6284729242324829,0.0020045300479978323,0.0010404274798929691,6.200059488037368e-06,5.9761855482065585e-06,0.0300336591899395,0.006269883830100298,0.0,0.001851045759394765,3.690799348987639e-05,0.12039320170879364,,,,
740,0.006484836805611849,0.00019984012468387215,243.7374768279842,0.6160040497779846,0.0017028131987899542,0.000807873671874404,1.1877920769620687e-05,1.1863447070936672e-05,0.039360567927360535,0.006242901086807251,0.0,0.004222908057272434,5.0169519454357214e-06,0.12038128823041916,,,,
741,0.006052392069250345,0.00019875392289140528,244.07575745298527,0.23392774164676666,0.00196079071611166,0.000970398192293942,5.060056537331548e-06,5.999887434882112e-06,0.012442214414477348,0.010998237878084183,0.0,0.003349855076521635,3.040578667423688e-05,0.12037202715873718,,,,
742,0.005598804447799921,0.00019767094101600857,244.40755609195912,0.5058687925338745,0.002051920397207141,0.0007477821200154722,8.782482836977579e-06,1.0710220522014424e-05,0.01580049842596054,0.006323542445898056,0.0,0.004986850544810295,6.430677603930235e-05,0.12036474794149399,,,,
743,0.005476737394928932,0.00019659118974627615,244.73941228800686,0.13551810383796692,0.0018776654032990336,0.0008524935692548752,9.09954724193085e-06,6.734615453751758e-06,0.015980416908860207,0.006854805164039135,0.0,0.0019535436294972897,3.320510222692974e-05,0.12035945057868958,,,,
744,0.006683667190372944,0.00019551467973891689,245.07475854700897,0.4390800893306732,0.0019401980098336935,0.0008493685163557529,1.1544717381184455e-05,1.0185415703745093e-05,0.031552188098430634,0.008783400990068913,0.0,0.004773078486323357,1.2472944035835098e-05,0.12035481631755829,,,,
745,0.006494626402854919,0.00019444142161864988,245.40522935899207,0.2662419080734253,0.001958591630682349,0.0009008224587887526,7.5728253250417765e-06,4.822813025384676e-06,0.028988204896450043,0.0076239886693656445,0.0,0.005268538370728493,1.4847677448415197e-05,0.1203501895070076,,,,
746,0.005465779919177294,0.00019337142597809973,245.73728529096115,0.305920273065567,0.001984572736546397,0.000794375198893249,5.965037416899577e-06,1.0618670785333961e-05,0.016681574285030365,0.005326315760612488,0.0,0.0044195279479026794,1.858314499258995e-05,0.1203501895070076,,,,
747,0.0063115861266851425,0.00019230470337769126,246.0734900959651,0.2863188087940216,0.00193532754201442,0.0008809783030301332,7.12413020664826e-06,5.865651019121287e-06,0.02915814518928528,0.0059639522805809975,0.0,0.0058527057990431786,1.711034019535873e-05,0.12035680562257767,,,,
748,0.005886849481612444,0.0001912412643455457,246.40946172201075,0.27259206771850586,0.0018765634158626199,0.00081945228157565,5.973759016342228e-06,3.5511657188180834e-06,0.016646161675453186,0.010208901017904282,0.0,0.005770654417574406,1.4034540072316304e-05,0.12036672979593277,,,,
749,0.006216168869286776,0.0001901811193773775,246.753349882958,0.41252487897872925,0.002090436639264226,0.0008865484851412475,7.525808541686274e-06,9.33208048081724e-06,0.02467406913638115,0.005434256512671709,0.0,0.005558803677558899,8.61242187966127e-06,0.12037467211484909,,,,
750,0.007137673906981945,0.00018912427893638914,247.1027424299973,0.2547611594200134,0.0021684328094124794,0.0009059730218723416,6.109631613071542e-06,6.33679292150191e-06,0.04112944379448891,0.005815776064991951,0.0,0.005408014170825481,4.0024606278166175e-06,0.12037798017263412,6.884550229845836,9.684686521321781,1.178645103534916,0.782698637057069
751,0.0054574208334088326,0.0001880707534531692,247.48006785998587,0.5485913753509521,0.0020488423760980368,0.000828129006549716,1.2521438293333631e-05,6.280087291088421e-06,0.01136727537959814,0.004784641321748495,0.0,0.0076711708679795265,1.3540018699131906e-05,0.12037864327430725,,,,
752,0.008258582092821598,0.00018702055332558864,247.80839210900012,0.29532909393310547,0.002014867030084133,0.0009507158538326621,7.692797225899994e-06,1.0168525477638468e-05,0.046005602926015854,0.015271708369255066,0.0,0.003542932216078043,3.8679438148392364e-05,0.12039187550544739,,,,
753,0.007704525254666805,0.0001859736889186991,248.1390114359674,0.42173585295677185,0.0017980750417336822,0.0007855812436901033,6.385806045727804e-06,1.3907195352658164e-05,0.06108668074011803,0.00718624796718359,0.0,0.004326914437115192,2.2650921891909093e-05,0.12040246278047562,,,,
754,0.006651011295616627,0.00018493017056462935,248.47316880396102,0.26890525221824646,0.001902052666991949,0.000856210826896131,1.3600448255601805e-05,5.818843419547193e-06,0.03970729187130928,0.006070415489375591,0.0,0.0021189332474023104,2.3572054487885907e-05,0.12041901051998138,,,,
755,0.005912479013204575,0.00018389000856248455,248.80517317401245,0.40822628140449524,0.0019651600159704685,0.0008517797105014324,1.6940864952630363e-05,5.5266991694225e-06,0.024538801982998848,0.005557706579566002,0.0,0.0020765638910233974,1.211166636494454e-05,0.12043357640504837,,,,
756,0.007374816574156284,0.0001828532131782434,249.1383152389899,0.3113081455230713,0.002130368258804083,0.0009212871082127094,5.302706085785758e-06,8.68068582349224e-06,0.03560415655374527,0.010725223459303379,0.0,0.004516736604273319,6.302590190898627e-05,0.12044747173786163,,,,
757,0.0067638796754181385,0.00018181979464465805,249.4690169339883,0.1823859065771103,0.002173324581235647,0.0008191174711100757,8.1819871411426e-06,7.167709554778412e-06,0.03254999220371246,0.008145460858941078,0.0,0.004384858999401331,1.7073001799872145e-05,0.1204613745212555,,,,
758,0.0065232813358306885,0.00018078976316115213,249.79904933500802,0.20671042799949646,0.0019591657910495996,0.0008090422488749027,6.5745480242185295e-06,5.990065801597666e-06,0.024855585768818855,0.00993424467742443,0.0,0.009097889065742493,8.813433851173613e-06,0.12047329545021057,,,,
759,0.006432450842112303,0.0001797631288937204,250.12881039700005,0.1442764401435852,0.001987752038985491,0.0007921573705971241,6.132668204372749e-06,6.711042715323856e-06,0.03162844479084015,0.008734782226383686,0.0,0.003014377783983946,5.83600649406435e-06,0.12049183249473572,,,,
760,0.0074304211884737015,0.00017873990197482867,250.45734056900255,0.1985698640346527,0.002208877354860306,0.0010001608170568943,6.403045972547261e-06,5.9122567108715884e-06,0.038361549377441406,0.008185166865587234,0.0,0.004708250984549522,5.555128609557869e-06,0.12050706148147583,,,,
761,0.006411249283701181,0.0001777200925033138,250.7870317149791,0.12939493358135223,0.001997326733544469,0.0009271589806303382,6.01158262725221e-06,5.760186013503699e-06,0.02869807928800583,0.005167292430996895,0.0,0.007306564133614302,4.405517756822519e-06,0.12051963806152344,,,,
762,0.006937971338629723,0.00017670371054428333,251.12397762900218,0.23457710444927216,0.0019157900242134929,0.0007922992808744311,6.815903816459468e-06,5.509056336450158e-06,0.038725122809410095,0.008776952512562275,0.0,0.007552123628556728,2.2341405383485835e-06,0.12054149061441422,,,,
763,0.007730758283287287,0.0001756907661290167,251.4633968109847,0.2391965389251709,0.0016870154067873955,0.0008838324574753642,5.110128768137656e-06,7.709411875111982e-06,0.054695580154657364,0.010991578921675682,0.0,0.0036803237162530422,9.357760063721798e-06,0.12057129293680191,,,,
764,0.006782820913940668,0.00017468126925486668,251.79832132800948,0.09606419503688812,0.002084987470880151,0.0007240779232233763,6.246496923267841e-06,6.463103545684135e-06,0.03558705747127533,0.00823708064854145,0.0,0.007859405130147934,5.95446635998087e-06,0.12059579789638519,,,,
765,0.006379472557455301,0.00017367522988515977,252.13813045498682,0.21927015483379364,0.002142515731975436,0.0008716816082596779,7.509174793085549e-06,5.960700036666822e-06,0.032207779586315155,0.00457684276625514,0.0,0.003242592327296734,8.064509529503994e-06,0.12062759697437286,,,,
766,0.006202818360179663,0.0001726726579490982,252.47382349096006,0.3054884672164917,0.0017081500263884664,0.0007695381063967943,9.846256944001652e-06,6.516268967970973e-06,0.0332028828561306,0.007322059478610754,0.0,0.005372982006520033,1.0309981007594615e-05,0.12065740674734116,,,,
767,0.007267956621944904,0.00017167356334166233,252.80637507000938,0.3276693820953369,0.0016059450572356582,0.000728985876776278,7.946534424263518e-06,8.522209100192413e-06,0.055520959198474884,0.007019308395683765,0.0,0.008567367680370808,1.2318891094764695e-05,0.12068656086921692,,,,
768,0.007532699499279261,0.00017067795592351278,253.1511689379695,0.086495041847229,0.002252771984785795,0.0008358450140804052,6.299476808635518e-06,7.100135007931385e-06,0.032300811260938644,0.013349173590540886,0.0,0.00764421233907342,2.1349584130803123e-05,0.1207236722111702,,,,
769,0.00740235997363925,0.0001696858455208927,253.48584784800187,0.28400012850761414,0.002195417881011963,0.0008160736761055887,9.755181054060813e-06,5.153094207344111e-06,0.03867283836007118,0.011152241379022598,0.0,0.004970657639205456,7.554652256658301e-06,0.12075813114643097,,,,
770,0.007013501599431038,0.000168697241925531,253.8154519230011,0.07512760162353516,0.002273642923682928,0.0008048799354583025,8.330987839144655e-06,7.602430741826538e-06,0.03917383402585983,0.007338615600019693,0.0,0.0030630286782979965,4.26779570261715e-06,0.12079193443059921,,,,
771,0.006845374125987291,0.00016771215489454647,254.13908552000066,0.23735696077346802,0.0020518675446510315,0.0008410545997321606,7.199077572295209e-06,8.946914022089913e-06,0.02738289348781109,0.009988578036427498,0.0,0.008702748455107212,2.5978355552069843e-05,0.12081912159919739,,,,
772,0.007223503198474646,0.00016673059415035,254.46651598397875,0.11890342086553574,0.0021316460333764553,0.0011195039842277765,7.336107501032529e-06,6.149896762508433e-06,0.03624967858195305,0.005555244162678719,0.0,0.00429609976708889,1.4328618817671668e-05,0.12084696441888809,,,,
773,0.00699567561969161,0.00016575256938055024,254.7988165509887,0.2821989357471466,0.00206026085652411,0.000765680568292737,6.024322829034645e-06,5.344173587218393e-06,0.040227606892585754,0.008539154194295406,0.0,0.005779826082289219,1.5211408026516438e-05,0.12087083607912064,,,,
774,0.007201424799859524,0.00016477809023785647,255.1382371459622,0.07129277288913727,0.0021412025671452284,0.000853012956213206,4.549302047962556e-06,6.057573955331463e-06,0.044316016137599945,0.005932946689426899,0.0,0.006259080022573471,5.180982043384574e-06,0.12089669704437256,,,,
775,0.007764691952615976,0.00016380716633998467,255.46788877196377,0.29126131534576416,0.0018679442582651973,0.001101166708394885,4.978749984729802e-06,6.957375717320247e-06,0.04427289590239525,0.008596478030085564,0.0,0.007155171595513821,2.3077403966453858e-05,0.12092389166355133,6.968591153942882,9.804680500581306,1.0220118997809338,0.9679994436938262
776,0.006734328344464302,0.00016283980726956174,255.83239334099926,0.12035764753818512,0.0023163093719631433,0.0008811418665573001,4.762267963087652e-06,6.44483361611492e-06,0.02407969906926155,0.009387820959091187,0.0,0.005372342653572559,1.1328598702675663e-05,0.1209510862827301,,,,
777,0.007909032516181469,0.000161876022574031,256.15853031596635,0.2922741174697876,0.0022058007307350636,0.0007893731817603111,7.836964869056828e-06,4.6962377382442355e-06,0.05388662591576576,0.00844773929566145,0.0,0.006368561182171106,2.0645798940677196e-05,0.12097430229187012,,,,
778,0.006897568237036467,0.00016091582176555816,256.4934220549767,0.1403079628944397,0.002182586584240198,0.0007977040368132293,6.120505531725939e-06,8.06248135631904e-06,0.044907622039318085,0.004904292058199644,0.0,0.0023214900866150856,4.868010364589281e-06,0.12099088728427887,,,,
779,0.005820528604090214,0.00015995921432093802,256.81975890899776,0.2915327847003937,0.0021743234246969223,0.0008101575076580048,7.265168278536294e-06,9.609114385966677e-06,0.021156365051865578,0.004152580164372921,0.0,0.0049660829827189445,1.476279976486694e-05,0.12100415676832199,,,,
780,0.00669147027656436,0.00015900620968149957,257.152665874979,0.24281921982765198,0.001561786513775587,0.0007592005422338843,8.454479029751383e-06,5.7293773352284916e-06,0.037948742508888245,0.012258408591151237,0.0,0.004376198165118694,6.342653250612784e-06,0.12101344764232635,,,,
781,0.006422373000532389,0.0001580568172530138,257.48148220498115,0.17632684111595154,0.0018923862371593714,0.0007906644023023546,9.008876986627001e-06,5.415495252236724e-06,0.034348513931035995,0.006885675713419914,0.0,0.003974399995058775,7.867661042837426e-05,0.12102406471967697,,,,
782,0.0061165932565927505,0.0001571110464056009,257.8100478230044,0.04841865599155426,0.0018260841025039554,0.0007206359296105802,7.729260687483475e-06,6.534513431688538e-06,0.030963992699980736,0.007927695289254189,0.0,0.004112860653549433,3.8957423384999856e-05,0.1210300400853157,,,,
783,0.005469639785587788,0.00015616890647363721,258.14112445898354,0.2517373859882355,0.0017107587773352861,0.0008771688444539905,4.301388798921835e-06,6.901190317876171e-06,0.021178316324949265,0.004824295174330473,0.0,0.004266765899956226,1.6798801880213432e-05,0.12103534489870071,,,,
784,0.006812604144215584,0.00015523040675566335,258.4719844160136,0.204781636595726,0.001875414396636188,0.0008483108831569552,8.982283361547161e-06,5.6753901844786014e-06,0.04073300585150719,0.008183035999536514,0.0,0.0021720475051552057,9.393454092787579e-06,0.12104132026433945,,,,
785,0.006623098626732826,0.00015429555651429278,258.8175441439962,0.16684573888778687,0.0018824255093932152,0.0009008936467580497,9.442483133170754e-06,7.261125574586913e-06,0.03588210791349411,0.00613237451761961,0.0,0.004461590200662613,2.0385050447657704e-05,0.12104198336601257,,,,
786,0.005363829433917999,0.0001533643649761201,259.15399281296413,0.19954517483711243,0.0019155337940901518,0.0008626632625237107,8.283727765956428e-06,6.572498932655435e-06,0.00959028210490942,0.0070068687200546265,0.0,0.005044564604759216,2.09306126635056e-05,0.12104662507772446,,,,
787,0.006168442778289318,0.00015243684133162976,259.5205949819647,0.10563813149929047,0.0017185946926474571,0.0008015291532501578,6.96005508871167e-06,5.804125976283103e-06,0.03507477790117264,0.006659124977886677,0.0,0.003175735007971525,1.965720730368048e-05,0.12105260044336319,,,,
788,0.006521324161440134,0.00015151299473510564,259.85010410897667,0.1330505907535553,0.0020927514415234327,0.0007389932870864868,7.241669209179236e-06,6.480545380327385e-06,0.03540623188018799,0.005840228404849768,0.0,0.005190868861973286,7.843454659450799e-05,0.12105193734169006,,,,
789,0.006362072192132473,0.0001505928343045405,260.18102837196784,0.3417954742908478,0.0016824062913656235,0.0007848999230191112,6.352624041028321e-06,5.939806214882992e-06,0.040173280984163284,0.00642983615398407,0.0,0.0038757016882300377,2.0450725060072728e-05,0.1210579052567482,,,,
790,0.006565944757312536,0.00014967636912154654,260.5043891450041,0.34668150544166565,0.001756564830429852,0.0008140214486047626,7.848555469536223e-06,7.697522050875705e-06,0.04154927656054497,0.00680256774649024,0.0,0.002662735292688012,1.3953031157143414e-05,0.12106586992740631,,,,
791,0.005603145342320204,0.00014876360823126516,260.8319503549719,0.17713648080825806,0.0018000926356762648,0.0007079810602590442,5.748404873884283e-06,6.786262929381337e-06,0.026700222864747047,0.005977291148155928,0.0,0.0034143554512411356,3.721804387168959e-05,0.12106719613075256,,,,
792,0.006394387688487768,0.0001478545606422777,261.16559662896907,0.2218521386384964,0.0017950856126844883,0.0008812239393591881,6.397627203114098e-06,6.595831109734718e-06,0.03214885666966438,0.008035640232264996,0.0,0.0032544187270104885,1.21203156595584e-05,0.12107118219137192,,,,
793,0.006270998157560825,0.00014694923532651699,261.49886810500175,0.21125054359436035,0.001780802384018898,0.0008601531735621393,6.791189662180841e-06,5.8418827393325046e-06,0.033024296164512634,0.005005903076380491,0.0,0.00710779894143343,1.5292418538592756e-05,0.12107118219137192,,,,
794,0.00592966889962554,0.00014604764121917835,261.8402951050084,0.14349797368049622,0.001858987263403833,0.0007144561386667192,5.328583938535303e-06,6.285821200435748e-06,0.029231837019324303,0.007521120831370354,0.0,0.0026767391245812178,5.7008961448445916e-05,0.12107516080141068,,,,
795,0.008222920820116997,0.00014514978721863166,262.1794703939813,0.20178525149822235,0.0020040441304445267,0.0008141137077473104,7.073796041368041e-06,5.973182851448655e-06,0.06213333085179329,0.00922625046223402,0.0,0.005781247746199369,2.07506054721307e-05,0.12107449769973755,,,,
796,0.0066132149659097195,0.0001442556821863331,262.5203439669567,0.0961245447397232,0.0020632927771657705,0.000932660885155201,7.622301836818224e-06,5.423465609055711e-06,0.030108248814940453,0.005463093053549528,0.0,0.006795281078666449,4.15817485190928e-05,0.12107449769973755,,,,
797,0.00551198236644268,0.00014336533494673894,262.8588462889893,0.36334937810897827,0.0016812829999253154,0.0008883675909601152,6.76479567118804e-06,6.546069016621914e-06,0.01514902152121067,0.008386960253119469,0.0,0.003777997102588415,1.4730909242643975e-05,0.12107782065868378,,,,
798,0.005157115403562784,0.00014247875428721667,263.18810942798154,0.04682661220431328,0.0018455635290592909,0.0008967395406216383,5.352186690288363e-06,6.341361768136267e-06,0.013947494328022003,0.003974681720137596,0.0,0.0034307611640542746,1.367340883007273e-05,0.12108378857374191,,,,
799,0.005684528034180403,0.00014159594895795952,263.5251541119651,0.38388603925704956,0.0015915194526314735,0.000761504634283483,6.800342816859484e-06,9.58001874096226e-06,0.021686412394046783,0.008985593914985657,0.0,0.005664521362632513,1.9003055058419704e-05,0.12108644843101501,,,,
800,0.005475365556776524,0.0001407169276718996,263.85181012697285,0.09722359478473663,0.001654206309467554,0.00094149901997298,6.226297955436166e-06,6.755401955160778e-06,0.01873508282005787,0.006294946186244488,0.0,0.0023230898659676313,4.8471583795617335e-06,0.12109441310167313,6.821319371618638,9.601904428284225,1.0361194540432688,0.809265750926996
801,0.00742083415389061,0.0001398416991046223,264.22525766998297,0.3881385326385498,0.001598612405359745,0.0008816360495984554,8.085765330179129e-06,6.3157599470287096e-06,0.04767141491174698,0.010820722207427025,0.0,0.006148199550807476,2.078566285490524e-05,0.12109573930501938,,,,
802,0.005702073220163584,0.00013897027189428,264.55111951497383,0.29683107137680054,0.0017438852228224277,0.0008090915507636964,7.182888566603651e-06,5.840010089741554e-06,0.030635330826044083,0.0038184223230928183,0.0,0.0033216082956641912,8.990610695036594e-06,0.12109573930501938,,,,
803,0.005467818584293127,0.00013810265464150762,264.8806488979608,0.19170579314231873,0.001606249948963523,0.0007396478904411197,6.9495340540015604e-06,7.701625690970104e-06,0.02586330659687519,0.0059354002587497234,0.0,0.004340488463640213,1.0941506843664683e-05,0.12108976393938065,,,,
804,0.005751485005021095,0.00013723885590933728,265.21238526998786,0.10535154491662979,0.0018173904391005635,0.0008465398568660021,6.883375590405194e-06,5.317340765031986e-06,0.02476942166686058,0.005886980332434177,0.0,0.0030919653363525867,1.6156245692400262e-05,0.12108445167541504,,,,
805,0.007427208591252565,0.0001363788842231136,265.54155220196117,0.20923464000225067,0.0019546018447726965,0.000863493187353015,7.730563993391115e-06,5.292953574098647e-06,0.04489190876483917,0.010206522420048714,0.0,0.003313520224764943,6.338441016850993e-05,0.12107715010643005,,,,
806,0.006661942228674889,0.0001355227480704099,265.87305989296874,0.05369162932038307,0.002511734375730157,0.0008001634851098061,8.22459151095245e-06,6.60187015455449e-06,0.029389027506113052,0.005794523749500513,0.0,0.004322947934269905,1.5492436432396062e-05,0.12107250839471817,,,,
807,0.005868187639862299,0.00013467045590094437,266.2096824150067,0.11437157541513443,0.0015786538133397698,0.0006941752508282661,6.649152965110261e-06,8.201844138966408e-06,0.03390287607908249,0.007729687727987766,0.0,0.0026877105701714754,2.9107415684848092e-05,0.12106719613075256,,,,
808,0.005658295471221209,0.00013382201612649664,266.53174004296307,0.13278724253177643,0.0017752725398167968,0.0007762996829114854,4.884325790044386e-06,8.177556082955562e-06,0.029528427869081497,0.004218497313559055,0.0,0.0034085321240127087,1.0044845112133771e-05,0.12106255441904068,,,,
809,0.0060530733317136765,0.00013297743712082489,266.86490402696654,0.07752107083797455,0.0020559257827699184,0.0007745235925540328,5.673907253367361e-06,5.2717418839165475e-06,0.028740262612700462,0.005624779965728521,0.0,0.004093416500836611,1.3421993571682833e-05,0.12105990201234818,,,,
810,0.006408355664461851,0.00013213672721958288,267.1946706000017,0.22515811026096344,0.0019802837632596493,0.0007394651765935123,6.7868895712308586e-06,7.431756785081234e-06,0.03583749756217003,0.0076119303703308105,0.0,0.002531178994104266,6.270843641686952e-06,0.12105657905340195,,,,
811,0.006430707406252623,0.0001312998947202378,267.5262518749805,0.08069784939289093,0.0016995604382827878,0.00076672388240695,9.03700856724754e-06,7.3990026976389345e-06,0.04065483808517456,0.0066079129464924335,0.0,0.004185483790934086,9.47611806623172e-06,0.1210552528500557,,,,
812,0.005555243231356144,0.00013046694788198873,267.8578727680142,0.18277885019779205,0.0016299397684633732,0.0006651934236288071,5.6652843340998515e-06,7.551138878625352e-06,0.03567710891366005,0.003145806258544326,0.0,0.004750138148665428,5.74986552237533e-06,0.12105923146009445,,,,
813,0.006197017151862383,0.00012963789492568466,268.19463179499144,0.0897609069943428,0.0017050739843398333,0.0007569321896880865,4.6830723476887215e-06,6.183624464028981e-06,0.029960064217448235,0.010708710178732872,0.0,0.0033114131074398756,1.3899149053031579e-05,0.12106785923242569,,,,
814,0.00646970747038722,0.00012881274403374332,268.51758681901265,0.20012377202510834,0.0018350110622122884,0.0008833074825815856,5.778199465567013e-06,5.941644758422626e-06,0.03147184103727341,0.008588296361267567,0.0,0.0037260730750858784,1.1083491699537262e-05,0.12107383459806442,,,,
815,0.006697968579828739,0.00012799150335007136,268.8425391439814,0.13077090680599213,0.002175471279770136,0.0007852204144001007,5.638594302581623e-06,4.868953965342371e-06,0.034788016229867935,0.007513757795095444,0.0,0.0046659489162266254,1.8252620748171466e-06,0.12108179926872253,,,,
816,0.006327273789793253,0.00012717418097998246,269.1897573180031,0.11206182092428207,0.0017271897522732615,0.0006343523855321109,5.613203938992228e-06,7.731621735729277e-06,0.04342794790863991,0.007539105135947466,0.0,0.002676470670849085,1.771629467839375e-05,0.12108312547206879,,,,
817,0.007234055083245039,0.0001263607849901185,269.51701145397965,0.21164847910404205,0.002097160555422306,0.0007744954200461507,8.273282219306566e-06,8.443154001724906e-06,0.03640441596508026,0.011192266829311848,0.0,0.005316654220223427,9.437868720851839e-05,0.12108047306537628,,,,
818,0.005664255004376173,0.00012555132340836948,269.85183492000215,0.1725528985261917,0.001520198187790811,0.0007969513535499573,1.0785591257445049e-05,6.522524017782416e-06,0.02234227955341339,0.008318370208144188,0.0,0.005943648517131805,9.867419066722505e-06,0.12107250839471817,,,,
819,0.006714144721627235,0.00012474580422379455,270.17996763798874,0.2566930651664734,0.0019354128744453192,0.0008324139635078609,8.364462701138109e-06,4.226256351103075e-06,0.0319669209420681,0.00774275790899992,0.0,0.009611357003450394,1.3740921531280037e-05,0.12106586992740631,,,,
820,0.006704133469611406,0.00012394423538654263,270.51740482996684,0.16541831195354462,0.001913194777444005,0.0009102773619815707,3.798099442064995e-06,5.264163519314025e-06,0.03602195158600807,0.007474921178072691,0.0,0.0038234470412135124,1.8929293219116516e-05,0.12107051908969879,,,,
821,0.00695290882140398,0.0001231466248077748,270.84507959900657,0.17437537014484406,0.001859943033196032,0.00091491115745157,6.723599653923884e-06,9.979552487493493e-06,0.040412455797195435,0.007125424686819315,0.0,0.004636592697352171,1.004540899884887e-05,0.12107250839471817,,,,
822,0.006403307430446148,0.00012235298035958526,271.1858342390042,0.0953381359577179,0.001709911972284317,0.0009252356248907745,6.279292392719071e-06,6.443815436796285e-06,0.03367750346660614,0.005504624452441931,0.0,0.006744940299540758,2.3031392629491165e-05,0.12107715010643005,,,,
823,0.006792499218136072,0.00012156330987492448,271.5218499279581,0.20586568117141724,0.0018987167859449983,0.0009011656511574984,7.89390742284013e-06,4.767187419929542e-06,0.0389583520591259,0.00769963301718235,0.0,0.00229389825835824,1.1182861271663569e-05,0.12108179926872253,,,,
824,0.006170439068228006,0.00012077762114752125,271.85367891396163,0.15123900771141052,0.0015794176142662764,0.0009687023120932281,7.039576303213835e-06,5.130073077452835e-06,0.02860507369041443,0.005687447264790535,0.0,0.007806248031556606,2.152319393644575e-05,0.12108578532934189,,,,
825,0.0057687233202159405,0.00011999592193180604,272.19136690499727,0.2676885426044464,0.0019472215790301561,0.0009712358005344868,5.594275990006281e-06,4.403408638609108e-06,0.013576437719166279,0.004234973341226578,0.0,0.01081450842320919,1.4914771782059688e-05,0.12109375,6.743453825643396,9.4888526352474,1.0347192875355,0.8656704473742891
826,0.005601430311799049,0.00011921821994283457,272.57140757900197,0.1998055875301361,0.0016944374656304717,0.0007777194841764867,5.686666554538533e-06,5.7872507568390574e-06,0.02833513729274273,0.005398861598223448,0.0,0.003051414620131254,6.492691682069562e-06,0.12110834568738937,,,,
827,0.005566822364926338,0.00011844452285621166,272.91322688100627,0.08933345228433609,0.0015776013024151325,0.0007611291366629303,7.83287759986706e-06,6.7058622335025575e-06,0.02856813184916973,0.004427423235028982,0.0,0.005902896169573069,3.415808896534145e-05,0.12112294882535934,,,,
828,0.006764248013496399,0.00011767483830801509,273.23909382196143,0.09813543409109116,0.0018466191831976175,0.0008002023678272963,7.077425379975466e-06,6.580959052371327e-06,0.04312640056014061,0.007967997342348099,0.0,0.0018289574654772878,1.4932094018149655e-05,0.12114087492227554,,,,
829,0.005233437288552523,0.00011690917389472043,273.5686047009658,0.12940876185894012,0.0017196927219629288,0.0007176590152084827,5.903827513975557e-06,6.0713837228831835e-06,0.013591455295681953,0.007644652854651213,0.0,0.0077856071293354034,4.201582214591326e-06,0.12115415185689926,,,,
830,0.00565543444827199,0.00011614753717312668,273.89726491697365,0.1784975230693817,0.0016029938124120235,0.0007727382471784949,5.28157215740066e-06,8.695964424987324e-06,0.03474648669362068,0.002559816697612405,0.0,0.004788101650774479,1.330456325376872e-05,0.12117340415716171,,,,
831,0.006314744241535664,0.0001153899356602806,274.2317247419851,0.07524943351745605,0.0017437225906178355,0.0008760286727920175,6.2969193095341325e-06,6.73121030558832e-06,0.026586519554257393,0.009597379714250565,0.0,0.005348908249288797,1.0979806575051043e-05,0.12119332700967789,,,,
832,0.007561804261058569,0.00011463637683340301,274.55803394899704,0.2319328486919403,0.0017359021585434675,0.0008671950781717896,7.305339295271551e-06,6.4050109358504415e-06,0.05022457242012024,0.007138232700526714,0.0,0.012086601927876472,3.81360450774082e-06,0.12121258676052094,,,,
833,0.005345043260604143,0.00011388686812981586,274.8937546709785,0.11463501304388046,0.001465564244426787,0.0007567829452455044,5.981505637464579e-06,8.130430614983197e-06,0.02310146577656269,0.006365766748785973,0.0,0.005497519858181477,3.7024037737865e-05,0.12124313414096832,,,,
834,0.006502758711576462,0.00011314141694686715,275.22328479698626,0.21507661044597626,0.0020887614227831364,0.0007725186878815293,6.2033468566369265e-06,6.888690222695004e-06,0.03395344316959381,0.006306835450232029,0.0,0.005196359008550644,2.8595750336535275e-05,0.12126969546079636,,,,
835,0.007051645312458277,0.00011240003064185916,275.55262643896276,0.14962396025657654,0.0018912465311586857,0.0008484759600833058,6.042640507075703e-06,5.767128641309682e-06,0.044892143458127975,0.006451040972024202,0.0,0.006449826993048191,1.1852798706968315e-05,0.12129361182451248,,,,
836,0.005440301261842251,0.00011166271653197525,275.88213853997877,0.09272760152816772,0.0019531745929270983,0.0008145454339683056,5.279090146359522e-06,7.2046523200697266e-06,0.010742544196546078,0.006649491842836142,0.0,0.007956575602293015,1.197502660943428e-05,0.12131819128990173,,,,
837,0.005499301943928003,0.00011092948189420829,276.21005000401055,0.055856313556432724,0.0019399451557546854,0.0008504708530381322,5.7721622397366446e-06,6.255097105167806e-06,0.01713808998465538,0.005161782260984182,0.0,0.0046723815612494946,1.0100499821419362e-05,0.1213407814502716,,,,
838,0.006292937323451042,0.00011020033396528789,276.53873297199607,0.11173202097415924,0.0017970148473978043,0.0007537228520959616,4.82133282275754e-06,7.03986097505549e-06,0.03566736727952957,0.00735060591250658,0.0,0.004448773339390755,7.63320622354513e-06,0.1213640347123146,,,,
839,0.006573914550244808,0.00010947527994160992,276.86660469695926,0.07698448747396469,0.0018848261097446084,0.0007342904573306441,5.78444587517879e-06,5.1319884732947685e-06,0.038090579211711884,0.008715808391571045,0.0,0.004053275566548109,1.1184353752469178e-05,0.12138529866933823,,,,
840,0.006799339782446623,0.00010875432697916476,277.197926023975,0.12768760323524475,0.002209592377766967,0.0007793211261741817,6.2278595578391105e-06,5.547251021198463e-06,0.0388592854142189,0.006021670997142792,0.0,0.004701661877334118,1.1732918210327625e-05,0.12140656262636185,,,,
841,0.005926094017922878,0.00010803748219346721,277.52580818900606,0.14014048874378204,0.001866950304247439,0.0006955709541216493,8.693588824826293e-06,6.20495939074317e-06,0.03439006209373474,0.004652763716876507,0.0,0.003987228497862816,1.3448099707602523e-05,0.12142717093229294,,,,
842,0.00621078023687005,0.00010732475265948582,277.8576932839933,0.06769809871912003,0.0017322421772405505,0.0007361117168329656,7.5158295658184215e-06,5.7753709370444994e-06,0.03635500371456146,0.0075857085175812244,0.0,0.0029678386636078358,2.7245678211329505e-05,0.1214444488286972,,,,
843,0.005976821295917034,0.00010661614541157327,278.18936183297774,0.08568062633275986,0.0017735309666022658,0.0008692799019627273,7.295016985153779e-06,7.44968883736874e-06,0.02698216401040554,0.005122378934174776,0.0,0.00602809339761734,3.307215592940338e-05,0.12146040052175522,,,,
844,0.006839586887508631,0.00010591166744339711,278.52084489300614,0.07657434046268463,0.00193492928519845,0.0007573608309030533,6.518530426546931e-06,6.548866622324567e-06,0.04712420329451561,0.00627495301887393,0.0,0.0028819330036640167,9.985448741645087e-06,0.12147436290979385,,,,
845,0.006758150178939104,0.00010521132570787058,278.8552991389879,0.15699423849582672,0.0018418270628899336,0.0008475864306092262,6.545965334225912e-06,6.075507826608373e-06,0.046871770173311234,0.0038404781371355057,0.0,0.004470565356314182,2.2288715626928024e-05,0.12148234248161316,,,,
846,0.0063169775530695915,0.00010451512711708378,279.197061977,0.15488514304161072,0.00187331298366189,0.0007881501223891973,6.171908808028093e-06,4.373496722109849e-06,0.03955141827464104,0.004142242483794689,0.0,0.004755929112434387,1.0833114174602088e-05,0.12148566544055939,,,,
847,0.006240272428840399,0.00010382307854223562,279.52855641796486,0.08219317346811295,0.0016041940543800592,0.000764992437325418,6.132208909548353e-06,6.21128447164665e-06,0.03725215420126915,0.005841931328177452,0.0,0.00809132307767868,9.80174900178099e-06,0.12149031460285187,,,,
848,0.006449293345212936,0.00010313518681356635,279.8554304559948,0.17499077320098877,0.0016033218707889318,0.0008872513426467776,5.2780260375584476e-06,5.897268238186371e-06,0.036739517003297806,0.007765092886984348,0.0,0.004251288250088692,1.2170228728791699e-05,0.12149563431739807,,,,
849,0.005330037325620651,0.00010245145872028952,280.18622997700004,0.17699556052684784,0.0015126862563192844,0.0006981987389735878,6.056406164134387e-06,4.895686288364232e-06,0.016803130507469177,0.011549239978194237,0.0,0.003737510647624731,7.97751999925822e-06,0.12149829417467117,,,,
850,0.006705352570861578,0.00010177190101052528,280.51084737101337,0.1320943385362625,0.0016609487356618047,0.0009133405983448029,6.8734566411876585e-06,6.595245395146776e-06,0.034444935619831085,0.01061253808438778,0.0,0.002974881324917078,2.929449146904517e-05,0.12149696797132492,6.702944699971026,9.426738008885263,1.0242932537109886,0.9705230329861705
851,0.00590986805036664,0.00010109652039123391,280.8868627669872,0.07862681895494461,0.001812935690395534,0.0007023689104244113,9.56393705564551e-06,6.477548595285043e-06,0.029864314943552017,0.006555466912686825,0.0,0.004592407029122114,3.190256393281743e-05,0.12149430811405182,,,,
852,0.00616411492228508,0.00010042532352814968,281.2280642979895,0.06776086986064911,0.001747360685840249,0.0007460140623152256,4.571605586534133e-06,6.386227141774725e-06,0.033329352736473083,0.008227950893342495,0.0,0.0036085015162825584,2.3965938453329727e-05,0.12149430811405182,,,,
853,0.005403283517807722,9.975831704571447e-05,281.56001973798266,0.07240830361843109,0.0016232355264946818,0.0009036739356815815,6.1338023442658596e-06,7.117663244571304e-06,0.01912418007850647,0.0054009705781936646,0.0,0.004144576378166676,1.515473377367016e-05,0.12149563431739807,,,,
854,0.005728663876652718,9.909550752701293e-05,281.89381397597026,0.11818768084049225,0.001768835005350411,0.0007235914818011224,6.806156306993216e-06,5.730769771616906e-06,0.0278763584792614,0.006455369293689728,0.0,0.0035179934930056334,5.0523092795629054e-05,0.12149829417467117,,,,
855,0.006386233493685722,9.843690151370759e-05,282.2330875659827,0.12829451262950897,0.002100354293361306,0.0007883435464464128,5.348408649297198e-06,5.584373411693377e-06,0.03238192945718765,0.005131735932081938,0.0,0.00680999830365181,5.59193631488597e-06,0.12150228023529053,,,,
856,0.006277789827436209,9.77825055059737e-05,282.5763373890077,0.09406667947769165,0.002011265605688095,0.000880473933648318,5.826387678098399e-06,4.906491994915996e-06,0.028908362612128258,0.006464886479079723,0.0,0.0036201090551912785,3.8290181691991165e-06,0.12150627374649048,,,,
857,0.006897255778312683,9.713232596243588e-05,282.9111497969716,0.07851379364728928,0.002030717907473445,0.0007894241134636104,6.149735327198869e-06,5.826636879646685e-06,0.03985404595732689,0.007848129607737064,0.0,0.004821610637009144,2.7819225579150952e-05,0.12151093035936356,,,,
858,0.006220017559826374,9.648636930010361e-05,283.2406247809995,0.09899921715259552,0.0017471450846642256,0.0008765585953369737,6.078345904825255e-06,5.104727279103827e-06,0.025315597653388977,0.009263642132282257,0.0,0.0058133602142333984,3.5978955565951765e-06,0.12151491641998291,,,,
859,0.006377602461725473,9.584464189430842e-05,283.58192955196137,0.059696536511182785,0.0016288793412968516,0.0008279459434561431,5.5650752983638085e-06,5.81577432967606e-06,0.03330768272280693,0.007725877221673727,0.0,0.008191894739866257,9.933643013937399e-06,0.12152223289012909,,,,
860,0.006904653273522854,9.520715007864077e-05,283.91805218701484,0.0742693692445755,0.0016905186930671334,0.0008547945180907845,4.2580040826578625e-06,5.0342346185061615e-06,0.04552522674202919,0.008078479208052158,0.0,0.003924908582121134,9.73958958638832e-06,0.12152821570634842,,,,
861,0.0064043570309877396,9.457390014488737e-05,284.24337913899217,0.08510607481002808,0.0017704422352835536,0.0007602125406265259,5.929883172939299e-06,5.417156899056863e-06,0.03807501122355461,0.006624108180403709,0.0,0.006092980969697237,7.67548135627294e-06,0.12153353542089462,,,,
862,0.005932854022830725,9.39448983429694e-05,284.57413792901207,0.09867041558027267,0.0019130951259285212,0.0008056898368522525,7.580473720736336e-06,5.142553618497914e-06,0.015903720632195473,0.01105337031185627,0.0,0.004991490393877029,9.507801223662682e-06,0.1215435117483139,,,,
863,0.0064806765876710415,9.33201508808809e-05,284.89942153100856,0.06747402995824814,0.0019312395015731454,0.0007155331550166011,6.583033609786071e-06,4.758593604492489e-06,0.023694079369306564,0.014522169716656208,0.0,0.0046815467067062855,1.2400044397509191e-05,0.12155614048242569,,,,
864,0.005253546871244907,9.269966392462704e-05,285.23165568400873,0.16422578692436218,0.0018115394050255418,0.0009731894824653864,3.7990389500919264e-06,5.993676950311055e-06,0.009792033582925797,0.005228432361036539,0.0,0.005178204271942377,4.779586106451461e-06,0.12156745046377182,,,,
865,0.00666808569803834,9.208344359816346e-05,285.55788136896444,0.15976639091968536,0.002379948040470481,0.0006569119868800044,8.698531019035727e-06,4.853963673667749e-06,0.03789187967777252,0.005440757609903812,0.0,0.004937842488288879,3.164928057231009e-05,0.1215774267911911,,,,
866,0.00560767063871026,9.147149598333617e-05,285.88897807797184,0.098760686814785,0.00178866321220994,0.0006707924185320735,5.473304554470815e-06,6.767271315766266e-06,0.01774199679493904,0.011869343928992748,0.0,0.002819702262058854,1.8410180928185582e-05,0.12158739566802979,,,,
867,0.007378079928457737,9.086382711982096e-05,286.2170044519589,0.2632555067539215,0.0016325233737006783,0.0008885471615940332,7.963819371070713e-06,5.142360805621138e-06,0.04950670897960663,0.00956144742667675,0.0,0.0055130403488874435,8.671878276800271e-06,0.12159604579210281,,,,
868,0.005746012087911367,9.026044300506416e-05,286.5425931289792,0.0818486288189888,0.001966286450624466,0.0007314474205486476,6.78133983456064e-06,7.185624326666584e-06,0.020721467211842537,0.007904507219791412,0.0,0.004488861653953791,4.586455361277331e-06,0.12160735577344894,,,,
869,0.005739131942391396,8.966134959422344e-05,286.87400900101056,0.19990940392017365,0.0018306381534785032,0.0009386833989992738,6.574247890966944e-06,7.529296908614924e-06,0.01806025765836239,0.005073110572993755,0.0,0.006932427641004324,1.1528711183927953e-05,0.12161733210086823,,,,
870,0.005809903610497713,8.906655280010894e-05,287.2058983499883,0.11386366933584213,0.0015856169629842043,0.0007547474233433604,6.757165010640165e-06,6.547411430801731e-06,0.03454655408859253,0.004624471068382263,0.0,0.005253405310213566,7.669752449146472e-06,0.12163063138723373,,,,
871,0.006930180825293064,8.84760584931249e-05,287.5328352730139,0.22439412772655487,0.0016915982123464346,0.0008093578508123755,8.814049579086713e-06,6.543310064444086e-06,0.034920331090688705,0.0131334587931633,0.0,0.005421203561127186,1.4232038665795699e-05,0.12163861840963364,,,,
872,0.006204430013895035,8.788987250121166e-05,287.8579313129885,0.13802576065063477,0.0017760811606422067,0.0008904553251340985,6.750095053575933e-06,5.781191248388495e-06,0.021931733936071396,0.011223521083593369,0.0,0.003557386342436075,3.6711212487716693e-06,0.12164593487977982,,,,
873,0.006769958883523941,8.730800060978826e-05,288.18620418198407,0.04272111505270004,0.001662321388721466,0.0007484438247047365,5.845308805874083e-06,6.548514647874981e-06,0.05302263796329498,0.004294321406632662,0.0,0.005523222964257002,8.434159099124372e-06,0.12165191769599915,,,,
874,0.006277448032051325,8.673044856169541e-05,288.5112572470098,0.13218824565410614,0.0016412388067692518,0.0008666281355544925,6.43619478069013e-06,5.744593181589153e-06,0.024796605110168457,0.012673597782850266,0.0,0.002981161931529641,3.2401358112110756e-06,0.12165724486112595,,,,
875,0.005520388018339872,8.615722205713879e-05,288.84023513196735,0.08226165175437927,0.0018156168516725302,0.0008003226830624044,7.823895430192351e-06,5.427538781077601e-06,0.01853470876812935,0.006355891469866037,0.0,0.005372405983507633,1.9007369701284915e-05,0.12165924161672592,6.662098192829063,9.36817268352609,1.0307642764473335,0.972838873224246
876,0.005501964595168829,8.558832675363237e-05,289.21511025499785,0.08453823626041412,0.0017273802077397704,0.0007989149307832122,7.138827641028911e-06,7.023456419119611e-06,0.017544103786349297,0.007792782504111528,0.0,0.00488661602139473,1.2652935765800066e-05,0.12166522443294525,,,,
877,0.005286173429340124,8.502376826594335e-05,289.5524842129671,0.1515098214149475,0.0017374031012877822,0.000729131163097918,6.6545180743560195e-06,6.768351795471972e-06,0.022534891963005066,0.005036060698330402,0.0,0.003929462283849716,7.786013156874105e-06,0.1216692179441452,,,,
878,0.006566466763615608,8.446355216603588e-05,289.88897462998284,0.11481231451034546,0.0016270973719656467,0.000855894002597779,5.145656814420363e-06,5.6452017815900035e-06,0.04296683147549629,0.005408093333244324,0.0,0.0059858206659555435,9.56074563873699e-06,0.12166988104581833,,,,
879,0.005267078522592783,8.390768398301685e-05,290.2241766549996,0.07492618262767792,0.0014758886536583304,0.0008468764717690647,4.333938250056235e-06,5.332397904567188e-06,0.022002818062901497,0.004063419997692108,0.0,0.0071342093870043755,1.5910662114038132e-05,0.1216692179441452,,,,
880,0.006678512319922447,8.335616920308054e-05,290.55090491997544,0.20871469378471375,0.0018734816694632173,0.0008567666518501937,4.3551690396270715e-06,6.193295121192932e-06,0.03606751188635826,0.008178913965821266,0.0,0.004407986532896757,2.2672473278362304e-05,0.12167387455701828,,,,
881,0.005506402812898159,8.28090132694555e-05,290.88068263296736,0.15490689873695374,0.0018524801125749946,0.0007739904685877264,6.161604687804356e-06,7.078278486005729e-06,0.01569525897502899,0.0077645741403102875,0.0,0.005527940578758717,1.4246355931391008e-05,0.12167853116989136,,,,
882,0.0064241401851177216,8.226622158234977e-05,291.2131013229955,0.11614818125963211,0.0016598805086687207,0.000750269740819931,7.009528417256661e-06,5.04688932778663e-06,0.03283136337995529,0.010664395056664944,0.0,0.005175516940653324,5.4691867262590677e-05,0.12168052792549133,,,,
883,0.0063463617116212845,8.172779949889824e-05,291.55056254100055,0.06896475702524185,0.0015819540712982416,0.0009135587024502456,7.0177802626858465e-06,5.913222594244871e-06,0.036857351660728455,0.007386444136500359,0.0,0.001985853770747781,5.49208289157832e-06,0.12168385833501816,,,,
884,0.006007445976138115,8.119375233310927e-05,291.88776076200884,0.06661060452461243,0.0016991649754345417,0.0008070414187386632,6.065472916816361e-06,5.785082976217382e-06,0.02480234019458294,0.00795319676399231,0.0,0.00820471066981554,8.333850018971134e-06,0.12168651819229126,,,,
885,0.005933120846748352,8.066408535581303e-05,292.2264819489792,0.12901407480239868,0.0020353887230157852,0.0008752909488976002,6.2714293562748935e-06,5.3095163821126334e-06,0.022288162261247635,0.005592898465692997,0.0,0.004379552323371172,1.697591505944729e-05,0.12168917804956436,,,,
886,0.005853084847331047,8.013880379460866e-05,292.5615239680046,0.08839966356754303,0.0017065134597942233,0.0008449707529507577,5.921149750065524e-06,6.3345614762511104e-06,0.02567411959171295,0.007190161384642124,0.0,0.003854963928461075,1.690822136879433e-05,0.12169449776411057,,,,
887,0.005633230321109295,7.961791283381301e-05,292.8956657029921,0.16481751203536987,0.0016140062361955643,0.000792415754403919,7.004558483458823e-06,4.978571269020904e-06,0.019553417339920998,0.010566772893071175,0.0,0.0030323604587465525,6.897324965393636e-06,0.12169782817363739,,,,
888,0.006078276317566633,7.910141761440981e-05,293.22633809800027,0.2535724937915802,0.0018320269882678986,0.0007536003249697387,7.694779014855158e-06,4.578254902298795e-06,0.03988642245531082,0.0026252774987369776,0.0,0.004618925508111715,6.822706382081378e-06,0.12170048803091049,,,,
889,0.005994344595819712,7.858932323399816e-05,293.5625894429977,0.16384056210517883,0.0015112902037799358,0.0008870160090737045,6.966349246795289e-06,7.426960564771434e-06,0.0360124334692955,0.004036495927721262,0.0,0.004474452696740627,1.53880628204206e-05,0.12170647829771042,,,,
890,0.005436843726783991,7.808163474674296e-05,293.89827688399237,0.1618628203868866,0.001681009540334344,0.0007711680373176932,6.968956768105272e-06,6.219715487532085e-06,0.023974772542715073,0.00535899493843317,0.0,0.004018038976937532,2.435871101624798e-05,0.12171246856451035,,,,
891,0.005851610563695431,7.757835716332449e-05,294.22458143596305,0.07521805167198181,0.0017063578125089407,0.0008571924408897758,4.716906005342025e-06,6.1888399613962974e-06,0.022282849997282028,0.00856241025030613,0.0,0.004193047061562538,2.0056548237334937e-05,0.12171778827905655,,,,
892,0.005919198039919138,7.707949545088935e-05,294.5535859959782,0.1076853945851326,0.0015459046699106693,0.0007381759933196008,5.8741861721500754e-06,6.128073437139392e-06,0.03023444302380085,0.008628955110907555,0.0,0.004981432110071182,3.150865086354315e-05,0.12172111868858337,,,,
893,0.006093838717788458,7.65850545330014e-05,294.8825600069831,0.19167828559875488,0.00171401456464082,0.0009984408970922232,6.266767741180956e-06,5.803889052913291e-06,0.03190423175692558,0.003414350328966975,0.0,0.003935446031391621,7.094886314007454e-06,0.12172244489192963,,,,
894,0.006494893692433834,7.609503928959276e-05,295.21509724401403,0.09353560209274292,0.0019347835332155228,0.0007234278600662947,6.117097200331045e-06,5.017433977627661e-06,0.036020562052726746,0.008210645988583565,0.0,0.004986652173101902,8.76139984029578e-06,0.1217217817902565,,,,
895,0.005789486225694418,7.560945455691598e-05,295.5432845549658,0.11140523105859756,0.001666951458901167,0.0007205142173916101,7.1795875555835664e-06,6.949501312192297e-06,0.03865019977092743,0.003096948843449354,0.0,0.0031610364094376564,1.8237182302982546e-05,0.12172111868858337,,,,
896,0.005692513193935156,7.512830512749649e-05,295.87941609398695,0.2026887983083725,0.001963118091225624,0.0007921019569039345,8.627599527244456e-06,5.8792284107767045e-06,0.022798825055360794,0.004983692429959774,0.0,0.004506021738052368,1.4788799489906523e-05,0.12172244489192963,,,,
897,0.004901272710412741,7.465159575008484e-05,296.20904960198095,0.03661426529288292,0.001771430135704577,0.0007099918439052999,6.070273229852319e-06,6.6810371208703145e-06,0.014912132173776627,0.00581572949886322,0.0,0.0025845568161457777,4.216692104819231e-06,0.1217217817902565,,,,
898,0.005315826274454594,7.417933112961001e-05,296.53193492500577,0.09141557663679123,0.0016262008575722575,0.0007740604924038053,7.021412784524728e-06,4.185059879091568e-06,0.0194145068526268,0.006050060968846083,0.0,0.006539505440741777,5.011993380321655e-06,0.12172111868858337,,,,
899,0.0060488334856927395,7.37115159271334e-05,296.8625523709925,0.10540822148323059,0.00198320928029716,0.000883332162629813,8.22704896563664e-06,4.739524683827767e-06,0.014567874372005463,0.009036465547978878,0.0,0.008208372630178928,5.115031854074914e-06,0.12172045558691025,,,,
900,0.0068619223311543465,7.324815475980207e-05,297.19980564696016,0.05157352611422539,0.0018587693339213729,0.0008570730569772422,4.539127985481173e-06,6.251593731576577e-06,0.03671347722411156,0.008869112469255924,0.0,0.006530569866299629,1.0263252988806926e-05,0.12172311544418335,6.638831103049922,9.335330466263688,1.0356379327358443,0.9627969167320812
901,0.006254283711314201,7.278925220080365e-05,297.57311502599623,0.13012684881687164,0.0015661845682188869,0.0008340108906850219,4.8774422793940175e-06,6.310621756711043e-06,0.041903767734766006,0.003213172545656562,0.0,0.00714910076931119,1.251206049346365e-05,0.12172377854585648,,,,
902,0.00777745945379138,7.23348127793211e-05,297.90242021298036,0.08237814158201218,0.00198962539434433,0.0007347964565269649,7.206360805867007e-06,6.490386113000568e-06,0.05637865513563156,0.008327114395797253,0.0,0.007785920053720474,1.8605222066980787e-05,0.12172843515872955,,,,
903,0.005766905378550291,7.188484098048812e-05,298.23003360501025,0.10422287881374359,0.0018387679010629654,0.0007254993543028831,1.1143367373733781e-05,4.593307494360488e-06,0.023446621373295784,0.008269787766039371,0.0,0.003227794310078025,3.733659104909748e-05,0.12173575907945633,,,,
904,0.005788481794297695,7.143934124534461e-05,298.55952323199017,0.06807345151901245,0.0021837945096194744,0.0007084826938807964,6.014180598867824e-06,6.1699624893662985e-06,0.013058752752840519,0.008923230692744255,0.0,0.007873126305639744,5.221741048444528e-06,0.12174174934625626,,,,
905,0.006405048072338104,7.099831797079321e-05,298.88689755497035,0.20472805202007294,0.0014515862567350268,0.0007182398694567382,6.30779322818853e-06,6.6194397732033394e-06,0.038689807057380676,0.010796240530908108,0.0,0.004895990714430809,7.046993232506793e-06,0.12174840271472931,,,,
906,0.007243896368891001,7.05617755095555e-05,299.2160729999887,0.20599541068077087,0.0016495781019330025,0.0008186198538169265,4.93281550006941e-06,7.138842192944139e-06,0.051072534173727036,0.007745600771158934,0.0,0.007467279676347971,1.305578916799277e-05,0.12175572663545609,,,,
907,0.005838584154844284,7.012971817012945e-05,299.5412291759858,0.11049342900514603,0.001870068022981286,0.0007433441933244467,6.151857633085456e-06,6.924929948581848e-06,0.027605004608631134,0.006708402186632156,0.0,0.0033028379548341036,1.3063781807431951e-05,0.12176370620727539,,,,
908,0.0059990547597408295,6.970215021674649e-05,299.87898807798047,0.08023714274168015,0.001768306945450604,0.0007598786614835262,5.59942600375507e-06,6.055684025341179e-06,0.01626000553369522,0.014878864400088787,0.0,0.0032647671177983284,8.546105163986795e-06,0.12176769971847534,,,,
909,0.0069005293771624565,6.92790758693297e-05,300.20847165898886,0.1854647845029831,0.0018949542427435517,0.0007436666055582464,6.730067070748191e-06,6.901694632688304e-06,0.04219827800989151,0.008041144348680973,0.0,0.006765864789485931,7.830652975826524e-06,0.12177236378192902,,,,
910,0.006532467436045408,6.886049930345206e-05,300.54036221600836,0.08254684507846832,0.0019098342163488269,0.0007594169001094997,7.652533895452507e-06,5.582671292359009e-06,0.03149304538965225,0.010208026506006718,0.0,0.004113475792109966,4.8540277930442244e-05,0.12177901715040207,,,,
911,0.006118360906839371,6.844642465029537e-05,300.8729639700032,0.15386579930782318,0.0018067039782181382,0.0008151958463713527,6.304234830167843e-06,4.412015186971985e-06,0.02604089118540287,0.007948304526507854,0.0,0.006867613177746534,1.2060938388458453e-05,0.12178634107112885,,,,
912,0.0065820650197565556,6.803685599660926e-05,301.2140751949628,0.09837329387664795,0.002208795864135027,0.0010423006024211645,7.400876711471938e-06,6.757257779099746e-06,0.019767869263887405,0.00695247994735837,0.0,0.006595836021006107,1.185972632811172e-05,0.1217929944396019,,,,
913,0.0052663604728877544,6.76317973846709e-05,301.5490957329748,0.10440895706415176,0.0015989950625225902,0.0006717673386447132,7.064488272590097e-06,5.053509994468186e-06,0.02385440096259117,0.005509280599653721,0.0,0.006342295557260513,2.008626688621007e-05,0.12180165201425552,,,,
914,0.0051376698538661,6.72312528122454e-05,301.88455799099756,0.07032539695501328,0.0016179109225049615,0.0008402848616242409,6.832583949289983e-06,7.276058568095323e-06,0.01167203951627016,0.008901110850274563,0.0,0.001754723023623228,1.4843095414107665e-05,0.12181097269058228,,,,
915,0.006237757857888937,6.683522623254598e-05,302.2189081069664,0.10051900893449783,0.0016984479734674096,0.0007771108066663146,7.676419045310467e-06,5.389661055232864e-06,0.026205534115433693,0.008464601822197437,0.0,0.010620624758303165,4.48421596956905e-05,0.1218169629573822,,,,
916,0.0056370762176811695,6.644372155419492e-05,302.54800711601274,0.15282998979091644,0.0017128934850916266,0.0007832213304936886,6.932245014468208e-06,5.2956979743612465e-06,0.028170831501483917,0.0050293635576963425,0.0,0.003762189531698823,1.4045986063138116e-05,0.12182694673538208,,,,
917,0.005994970910251141,6.605674264118549e-05,302.88177439395804,0.08227049559354782,0.0016130591975525022,0.0007612294866703451,6.1119294514355715e-06,6.582310561498161e-06,0.03592318296432495,0.004694737959653139,0.0,0.006756375543773174,7.223840384540381e-06,0.12183493375778198,,,,
918,0.006916366051882505,6.567429331284338e-05,303.20852229598677,0.20534756779670715,0.002101603662595153,0.0007529130089096725,5.568165761360433e-06,7.055668447719654e-06,0.034554097801446915,0.01204262301325798,0.0,0.002470623701810837,5.354922905098647e-06,0.12184425443410873,,,,
919,0.007436765357851982,6.529637734378897e-05,303.5384861159837,0.06647463887929916,0.0018535538110882044,0.0009153608698397875,6.846930318715749e-06,5.526811037270818e-06,0.046517595648765564,0.00763199245557189,0.0,0.008288584649562836,3.394816985746729e-06,0.12184958159923553,,,,
920,0.006681367289274931,6.492299846390025e-05,303.8638461760129,0.1730274111032486,0.0015901389997452497,0.0010529360733926296,5.720559329347452e-06,4.731170520244632e-06,0.03213241696357727,0.006446720100939274,0.0,0.01001807302236557,6.785364348615985e-06,0.12185756862163544,,,,
921,0.005142556503415108,6.455416035827612e-05,304.19762983795954,0.16711030900478363,0.0015989256789907813,0.0007406841032207012,5.623871402349323e-06,5.057198904978577e-06,0.025141675025224686,0.004225263837724924,0.0,0.0028992255683988333,9.012244845507666e-06,0.12186822295188904,,,,
922,0.005882755853235722,6.418986666719976e-05,304.5221474459977,0.1013965830206871,0.001485741464421153,0.0007456146995536983,5.0890594138763845e-06,5.885074642719701e-06,0.034857165068387985,0.007016909774392843,0.0,0.0044119032099843025,9.020397556014359e-06,0.12187887728214264,,,,
923,0.005458630155771971,6.38301209861028e-05,304.86437716399087,0.17325137555599213,0.0014270807150751352,0.0008007496362552047,9.29258021642454e-06,5.6488934205845e-06,0.01960453949868679,0.010269423946738243,0.0,0.0027076289989054203,1.619599061086774e-05,0.12188886851072311,,,,
924,0.005807545501738787,6.347492686552988e-05,305.1944251189707,0.1976357400417328,0.00185388361569494,0.0007737580453976989,6.624868092330871e-06,6.85695977153955e-06,0.023954443633556366,0.007863523438572884,0.0,0.0031620466616004705,7.253222975123208e-06,0.12189752608537674,,,,
925,0.005802920088171959,6.312428781110366e-05,305.53509632498026,0.07211339473724365,0.0017409606371074915,0.0006977186421863735,4.924185304844286e-06,5.71869077248266e-06,0.017941422760486603,0.0115383081138134,0.0,0.0076266503892838955,5.954651896900032e-06,0.12190418690443039,6.6888902889316855,9.40926375761504,1.0261493994759479,0.9184452507786126
926,0.005482603795826435,6.277820728348992e-05,305.90132242196705,0.10725311189889908,0.0016848567174747586,0.0009221822256222367,6.962724000914022e-06,5.592050911218394e-06,0.022439520806074142,0.0036093457601964474,0.0,0.004374990239739418,4.26038832301856e-06,0.12191417068243027,,,,
927,0.005965478252619505,6.243668869836385e-05,306.2325065659825,0.20202405750751495,0.0015253268647938967,0.0008076142403297126,6.76765330354101e-06,6.058058716007508e-06,0.022895032539963722,0.010271147824823856,0.0,0.007816067896783352,1.2071487617504317e-05,0.12192483246326447,,,,
928,0.005138722248375416,6.209973542637582e-05,306.5966573180049,0.11283541470766068,0.0019318275153636932,0.0007282617734745145,5.397868335421663e-06,6.1236532928887755e-06,0.013379981741309166,0.005730508826673031,0.0,0.005243380554020405,9.000224054034334e-06,0.12193682044744492,,,,
929,0.005407299846410751,6.17673507931189e-05,306.9228186790133,0.0778856873512268,0.0015949765220284462,0.0007065521785989404,8.307441930810455e-06,6.870069228170905e-06,0.02751334384083748,0.006007783114910126,0.0,0.002852458506822586,6.42670966044534e-06,0.12194880843162537,,,,
930,0.005795079283416271,6.143953807909503e-05,307.2536609650124,0.3922424614429474,0.0019270472694188356,0.0007485635578632355,7.2240100053022616e-06,8.056535079958849e-06,0.02481808513402939,0.004646291024982929,0.0,0.007493562996387482,1.5928393622743897e-05,0.12195946276187897,,,,
931,0.0069037810899317265,6.111630051968333e-05,307.58210369496373,0.056236088275909424,0.0017552449135109782,0.0007304648752324283,7.932127118692733e-06,6.163356374599971e-06,0.04810202866792679,0.008147204294800758,0.0,0.0037291108164936304,1.8404520233161747e-05,0.12197012454271317,,,,
932,0.007354525849223137,6.0797641305108106e-05,307.9083591569797,0.23818092048168182,0.0017212136881425977,0.000677990261465311,8.282488124677911e-06,6.9119960244279355e-06,0.05779322609305382,0.009697580710053444,0.0,0.0027955258265137672,4.210226506984327e-06,0.12198077887296677,,,,
933,0.006658623460680246,6.048356358040719e-05,308.23653613898205,0.16945481300354004,0.001648438279516995,0.0008004253613762558,6.972048140596598e-06,6.041393135092221e-06,0.03476162254810333,0.012132800184190273,0.0,0.003826696425676346,1.4513547284877859e-05,0.12199077010154724,,,,
934,0.007083388976752758,6.017407044540078e-05,308.56282544496935,0.11245851218700409,0.0018109777010977268,0.0009459046414121985,6.362107797031058e-06,5.589914508163929e-06,0.04281940683722496,0.006905800197273493,0.0,0.005567903630435467,2.9137700039427727e-05,0.12199876457452774,,,,
935,0.006143870763480663,5.9869164954661223e-05,308.891458144004,0.05868952348828316,0.001793420989997685,0.0007231091149151325,7.3112619247694965e-06,6.029628821124788e-06,0.03215278685092926,0.008710701018571854,0.0,0.0033254558220505714,3.831239610008197e-06,0.12200876325368881,,,,
936,0.006808919366449118,5.9568850117482746e-05,309.21777204901446,0.12044575065374374,0.001902511459775269,0.0007017201278358698,3.4082004276569933e-06,6.503993063233793e-06,0.03877276927232742,0.008630095049738884,0.0,0.009200874716043472,2.0138901163591072e-05,0.12201542407274246,,,,
937,0.005699509754776955,5.927312889785146e-05,309.54500384500716,0.07522687315940857,0.0015106345526874065,0.0007573639741167426,4.958386853104457e-06,5.867611434950959e-06,0.0290241576731205,0.008664453402161598,0.0,0.0022606414277106524,1.3177230357541703e-05,0.12202475219964981,,,,
938,0.006587728392332792,5.8982004214416365e-05,309.86955335596576,0.06123460829257965,0.0014867136487737298,0.0007889274274930358,5.093803338240832e-06,5.7898178056348115e-06,0.052243880927562714,0.004380269907414913,0.0,0.004722500219941139,5.944971235294361e-06,0.12203207612037659,,,,
939,0.006574635393917561,5.8695478940460573e-05,310.20641650800826,0.1271686553955078,0.001778218662366271,0.000741793483030051,6.661126008111751e-06,6.8063955040997826e-06,0.04236537590622902,0.006692171562463045,0.0,0.00502495002001524,1.7384267266606912e-05,0.12203741073608398,,,,
940,0.004867834970355034,5.841355590387286e-05,310.5267881170148,0.14172689616680145,0.0019199586240574718,0.0008613098179921508,7.5149282565689646e-06,5.536132448469289e-06,0.007430475205183029,0.0041079274378716946,0.0,0.0036573822144418955,7.5173575169174e-06,0.12204340845346451,,,,
941,0.00584959564730525,5.8136237887119895e-05,310.8562060680124,0.08345432579517365,0.0020123510621488094,0.0007856368902139366,6.900078005855903e-06,6.68542088533286e-06,0.020716361701488495,0.00700491713359952,0.0,0.005247948691248894,9.359295290778391e-06,0.12204873561859131,,,,
942,0.006555439904332161,5.786352762721838e-05,311.19451151497196,0.13254141807556152,0.0016503744991496205,0.0009689269354566932,6.871478944958653e-06,5.746070655732183e-06,0.03921160846948624,0.004144580103456974,0.0,0.0067261033691465855,7.640970579814166e-06,0.12205140292644501,,,,
943,0.005895534530282021,5.759542781570865e-05,311.52762343600625,0.12900376319885254,0.0015681342920288444,0.0008661514148116112,4.191987500234973e-06,6.8060594458074775e-06,0.03791307285428047,0.0034353816881775856,0.0,0.0023825003299862146,4.743255885841791e-06,0.12205673009157181,,,,
944,0.004799989517778158,5.733194109862747e-05,311.857394044986,0.07624014467000961,0.0013787096831947565,0.0006544400239363313,6.7632586251420435e-06,3.7132813304197043e-06,0.027545131742954254,0.0022748701740056276,0.0,0.005365136545151472,1.2571808838401921e-05,0.1220620647072792,,,,
945,0.006111187394708395,5.707307007648242e-05,312.193045514985,0.09914281219244003,0.0016948453849181533,0.0008762084180489182,7.782778084219899e-06,4.791791070601903e-06,0.02910682186484337,0.007247067987918854,0.0,0.0044576567597687244,1.3182459952076897e-05,0.12206672877073288,,,,
946,0.005052491556853056,5.6818817304225936e-05,312.52561880496796,0.18431547284126282,0.0018164512002840638,0.0007709524361416698,5.7300785556435585e-06,5.750012405769667e-06,0.017787769436836243,0.0039027270395308733,0.0,0.0033596674911677837,9.617560863262042e-06,0.12207206338644028,,,,
947,0.0053611379116773605,5.65691852912303e-05,312.8568604000029,0.0865892767906189,0.001855005626566708,0.0007707541808485985,6.171294444357045e-06,4.337050086178351e-06,0.0166269913315773,0.007018080446869135,0.0,0.003434802871197462,3.25669207086321e-05,0.12207605689764023,,,,
948,0.006761541590094566,5.632417650126269e-05,313.19055722496705,0.09688150882720947,0.0017581377178430557,0.0009279040386900306,6.4382870732515585e-06,7.543401352450019e-06,0.03978601098060608,0.007167702075093985,0.0,0.0034763324074447155,5.811450137116481e-06,0.1220807209610939,,,,
949,0.0065757702104747295,5.608379335246091e-05,313.5154954789905,0.1400521695613861,0.0019389503868296742,0.0008212485117837787,7.639769137313124e-06,5.461417458718643e-06,0.043143659830093384,0.0040305606089532375,0.0,0.0030413903295993805,2.8916794690303504e-05,0.12208538502454758,,,,
950,0.0067591178230941296,5.584803821730962e-05,313.84098443499533,0.08826737850904465,0.0018026001052930951,0.0008537331013940275,5.566218533203937e-06,6.674231826764299e-06,0.031152352690696716,0.01237149816006422,0.0,0.003987685777246952,1.0405181456007995e-05,0.12209005653858185,6.618209764985805,9.31036178667113,1.0266652629478088,0.8849221512981074
951,0.0058271936140954494,5.56169134226168e-05,314.21669174800627,0.07632117718458176,0.0018572751432657242,0.0008398519712500274,5.454575784824556e-06,5.482224878505804e-06,0.02331634797155857,0.005255421623587608,0.0,0.007027100306004286,1.6037778550526127e-05,0.1220940500497818,,,,
952,0.006670656148344278,5.539042124949088e-05,314.5417863489711,0.07008060812950134,0.0019661809783428907,0.0009167461539618671,6.007866886648117e-06,4.853827704209834e-06,0.03655160963535309,0.006198305636644363,0.0,0.0036304276436567307,1.1332395843055565e-05,0.12210138142108917,,,,
953,0.006018535234034061,5.516856393331816e-05,314.8715747380047,0.06820572912693024,0.0016602549003437161,0.000995546579360962,9.835266610025428e-06,6.303432201093528e-06,0.023417750373482704,0.006295253522694111,0.0,0.0054662651382386684,9.966503057512455e-06,0.1221073791384697,,,,
954,0.0052849119529128075,5.495134366374081e-05,315.20257429400226,0.08710009604692459,0.001772342249751091,0.0008446468273177743,5.394723302742932e-06,5.797016456199344e-06,0.01341678574681282,0.007531592156738043,0.0,0.0030635427683591843,1.206965225719614e-05,0.12211338430643082,,,,
955,0.005225333850830793,5.473876258463517e-05,315.5302027600119,0.23335200548171997,0.0015674835303798318,0.0007397338631562889,5.167935796634993e-06,6.650798241025768e-06,0.014989402145147324,0.006462539546191692,0.0,0.010289773344993591,2.7864169169333763e-05,0.12211804836988449,,,,
956,0.005186510272324085,5.453082279409069e-05,315.85977861698484,0.07047735154628754,0.0015737985959276557,0.0008359885541722178,5.1408960644039325e-06,5.0069584176526405e-06,0.013714583590626717,0.007327644620090723,0.0,0.0058175004087388515,7.759446816635318e-06,0.12212804704904556,,,,
957,0.004822262097150087,5.432752634438913e-05,316.1901706359931,0.10115832090377808,0.0018197597237303853,0.0007573420880362391,6.2124991018208675e-06,5.548656190512702e-06,0.007838694378733635,0.005127463489770889,0.0,0.006314870901405811,2.7642778150038794e-05,0.12213937938213348,,,,
958,0.006416272837668657,5.412887524198437e-05,316.5146485599689,0.10761567950248718,0.0017950183246284723,0.0009706984274089336,6.258980192797026e-06,7.575396011816338e-06,0.02360573597252369,0.009309099987149239,0.0,0.005640832707285881,2.612318712635897e-05,0.12215204536914825,,,,
959,0.006587448064237833,5.393487144748267e-05,316.84192540997174,0.13679343461990356,0.0017837907653301954,0.0008674761047586799,5.505723947862862e-06,5.6485746426915284e-06,0.044027529656887054,0.005143016576766968,0.0,0.002152145840227604,1.1714620995917358e-05,0.12216204404830933,,,,
960,0.006634306162595749,5.374551687562306e-05,317.17085442401003,0.07010902464389801,0.0017532005440443754,0.0008796318434178829,6.604049303859938e-06,6.541962648043409e-06,0.036910369992256165,0.008077560923993587,0.0,0.004092415329068899,1.0314745850337204e-05,0.12217137217521667,,,,
961,0.005889139603823423,5.356081339525873e-05,317.50149260199396,0.08816129714250565,0.0015805014409124851,0.000862873625010252,4.919425464322558e-06,5.024746315029915e-06,0.026159241795539856,0.008776229806244373,0.0,0.003352532861754298,8.057128070504405e-06,0.1221800446510315,,,,
962,0.005691197235137224,5.338076282933854e-05,317.82971385499695,0.1430836319923401,0.0018113128608092666,0.0007701051654294133,6.97550149197923e-06,7.393598934868351e-06,0.02579348348081112,0.006681026890873909,0.0,0.0019138723146170378,2.032539305218961e-05,0.12218737602233887,,,,
963,0.006308695301413536,5.3205366954888794e-05,318.15696375700645,0.11085227131843567,0.0018286312697455287,0.0009036579867824912,6.21481376583688e-06,6.1253795138327405e-06,0.023270362988114357,0.008088765665888786,0.0,0.008760031312704086,1.6756777768023312e-05,0.12219337373971939,,,,
964,0.005590446293354034,5.303462750299601e-05,318.4764248499996,0.05865335091948509,0.0016426884103566408,0.000817431602627039,7.330185326281935e-06,4.504180651565548e-06,0.027319572865962982,0.004446499049663544,0.0,0.004288829397410154,4.7280442231567577e-05,0.12220071256160736,,,,
965,0.005876727402210236,5.286854615878964e-05,318.80570690199966,0.07092033326625824,0.001638162648305297,0.0009509624796919525,7.5086281867697835e-06,5.485279871209059e-06,0.02309577539563179,0.006566953379660845,0.0,0.005205787252634764,1.2720922313746996e-05,0.12220671027898788,,,,
966,0.006153860129415989,5.270712456142551e-05,319.13566120597534,0.17418675124645233,0.001581861637532711,0.0009339425014331937,9.333753951068502e-06,5.691647857020143e-06,0.030998235568404198,0.006074693985283375,0.0,0.005288353189826012,9.84610687737586e-06,0.12221404910087585,,,,
967,0.006250978447496891,5.255036430406964e-05,319.46083349798573,0.07706800848245621,0.0016699368134140968,0.0006760998512618244,6.536059117934201e-06,5.8308605730417185e-06,0.042156320065259933,0.007614530622959137,0.0,0.002062915125861764,1.0533880413277075e-05,0.1222233846783638,,,,
968,0.005879341159015894,5.2398266933882417e-05,319.7894941709819,0.07508143782615662,0.0016551529988646507,0.0007522966479882598,6.185648089740425e-06,6.128930181148462e-06,0.027280859649181366,0.008794344961643219,0.0,0.004436577670276165,8.910922588256653e-06,0.1222313866019249,,,,
969,0.006142329890280962,5.2250833952003546e-05,320.1174158999929,0.09771085530519485,0.0018785586580634117,0.0007097683846950531,7.502817425120156e-06,5.609579147858312e-06,0.03407427668571472,0.006695941556245089,0.0,0.0039968062192201614,1.7722246411722153e-05,0.12223938852548599,,,,
970,0.007739020045846701,5.2108066813537e-05,320.44627155095804,0.11390277743339539,0.0016073132865130901,0.0008784143137745559,7.801608262525406e-06,6.886079063406214e-06,0.06307878345251083,0.007816018536686897,0.0,0.0032916527707129717,5.628289727610536e-06,0.12224872410297394,,,,
971,0.005953154526650906,5.1969966927536814e-05,320.77391510200687,0.0996069461107254,0.001717728329822421,0.0007207458256743848,5.1106080718454905e-06,4.318743776821066e-06,0.03985843434929848,0.003779979422688484,0.0,0.004037058912217617,4.611868007486919e-06,0.12225672602653503,,,,
972,0.006713273003697395,5.183653565699306e-05,321.10548051196383,0.06389965862035751,0.0017761363415047526,0.0007683890871703625,6.981402748351684e-06,5.955966116744094e-06,0.025028731673955917,0.016055364161729813,0.0,0.005340411327779293,2.4729872166062705e-05,0.12226139008998871,,,,
973,0.005340012721717358,5.1707774318818616e-05,321.43693609099137,0.1307806521654129,0.001791355200111866,0.0009044025791808963,5.796151071990607e-06,5.2149507610010915e-06,0.013605895452201366,0.005837615113705397,0.0,0.0046871984377503395,9.063169272849336e-06,0.12226206064224243,,,,
974,0.005145518574863672,5.158368418383582e-05,321.76990845100954,0.08367273956537247,0.0015493892133235931,0.0007470680284313858,7.010654371697456e-06,5.491132469614968e-06,0.021408744156360626,0.005948031786829233,0.0,0.0034305185545235872,1.794637501006946e-05,0.12226272374391556,,,,
975,0.005909462459385395,5.146426647676422e-05,322.1074816429755,0.10213297605514526,0.001729952055029571,0.000749757862649858,6.260564532567514e-06,5.518572834262159e-06,0.03408344089984894,0.005730657372623682,0.0,0.0029695816338062286,1.4225810446077958e-05,0.12226072698831558,6.618547071393514,9.307830927940923,1.0262978128662807,0.9465415881224434
976,0.005210925359278917,5.134952237620838e-05,322.4882270919625,0.05697475001215935,0.001420379150658846,0.0006560617475770414,6.857466360088438e-06,5.446198883873876e-06,0.024550512433052063,0.007374045439064503,0.0,0.004523147363215685,4.2039671825477853e-05,0.12225872278213501,,,,
977,0.005646749399602413,5.123945301464625e-05,322.82894325599773,0.04165490344166756,0.001397346262820065,0.0008380445651710033,6.393142029992305e-06,6.3004035837366246e-06,0.0334014892578125,0.004288843832910061,0.0,0.0043667275458574295,6.826201115472941e-06,0.12225738912820816,,,,
978,0.006353244185447693,5.113405947841802e-05,323.161888231989,0.16993188858032227,0.0019200920360162854,0.0008676060242578387,6.209548701008316e-06,6.189377018017694e-06,0.034287095069885254,0.004973335657268763,0.0,0.004655398428440094,7.23551056580618e-06,0.12225672602653503,,,,
979,0.004963972605764866,5.10333428077153e-05,323.48987389099784,0.0507337749004364,0.001632087049074471,0.0007330728694796562,6.793710326746805e-06,5.792691808892414e-06,0.016125105321407318,0.005941146053373814,0.0,0.004122958518564701,1.1100825759058353e-05,0.12225738912820816,,,,
980,0.00656326487660408,5.093730399657101e-05,323.8220530929975,0.0742499828338623,0.0019469712860882282,0.0007391450926661491,6.473919256677618e-06,4.753753273689654e-06,0.034039199352264404,0.0102299889549613,0.0,0.0035301006864756346,2.004686393775046e-06,0.12225805968046188,,,,
981,0.005821403115987778,5.0845943992849396e-05,324.152906858013,0.0953962430357933,0.0012309759622439742,0.000824150163680315,4.74524586024927e-06,6.7104001573170535e-06,0.03750716894865036,0.005722545087337494,0.0,0.0049439966678619385,1.0499064046598505e-05,0.12225805968046188,,,,
982,0.005435372702777386,5.0759263698236864e-05,324.48144424997736,0.05564546212553978,0.001584093552082777,0.0007696490501984954,4.7124030970735475e-06,4.614309546013828e-06,0.024166643619537354,0.005798472557216883,0.0,0.0057481443509459496,2.0868732462986372e-05,0.12225872278213501,,,,
983,0.006272668484598398,5.067726396823285e-05,324.81093404401327,0.06649502366781235,0.0016677973326295614,0.0008196192793548107,6.513392690976616e-06,5.2940758905606344e-06,0.023115916177630424,0.011080494150519371,0.0,0.008483653888106346,3.7267782317940146e-05,0.12226206064224243,,,,
984,0.005658776964992285,5.0599945612141705e-05,325.1476401310065,0.10028792917728424,0.0014228088548406959,0.0008579945424571633,8.174843969754875e-06,5.282580787024926e-06,0.030660169199109077,0.005225779954344034,0.0,0.003954506013542414,9.825371307670139e-06,0.12226739525794983,,,,
985,0.0061628688126802444,5.0527309393064295e-05,325.4760041820118,0.05985439568758011,0.0014176451368257403,0.0008828511345200241,6.110565209382912e-06,6.060420673748013e-06,0.03346977382898331,0.005265098065137863,0.0,0.010602157562971115,5.430535566119943e-06,0.1222747340798378,,,,
986,0.005577877629548311,5.045935602789076e-05,325.80428466096055,0.1290859431028366,0.0017136954702436924,0.0009262480307370424,6.192787168401992e-06,5.3397079682326876e-06,0.019351262599229813,0.005825867876410484,0.0,0.004231662955135107,1.2344773494987749e-05,0.12228339910507202,,,,
987,0.006794198881834745,5.039608618729346e-05,326.13453713897616,0.05599518120288849,0.001941197318956256,0.0008667641668580472,7.91028196545085e-06,4.986199201084673e-06,0.031220952048897743,0.011378108523786068,0.0,0.0023483086843043566,5.194422192289494e-05,0.12229073792695999,,,,
988,0.005806188564747572,5.033750049572013e-05,326.45922511297977,0.07689141482114792,0.0015150170074775815,0.0009054580586962402,5.797398443974089e-06,5.067135134595446e-06,0.029194004833698273,0.005440959706902504,0.0,0.0047605326399207115,7.489116796932649e-06,0.12229807674884796,,,,
989,0.0065544284880161285,5.028359953138787e-05,326.78404953796417,0.10422522574663162,0.0017646317137405276,0.0010065599344670773,5.137628249940462e-06,5.169501491764095e-06,0.030524473637342453,0.007954105734825134,0.0,0.004446092993021011,7.361371899605729e-06,0.12230541557073593,,,,
990,0.006905500777065754,5.023438382627749e-05,327.11513479601126,0.07500568777322769,0.0018780800746753812,0.0008861551759764552,5.729929398512468e-06,5.874476300959941e-06,0.02782360650599003,0.014433067291975021,0.0,0.0034802560694515705,8.25588358566165e-06,0.1223100796341896,,,,
991,0.0049245539121329784,5.018985386612814e-05,327.43914512498304,0.07654926925897598,0.0018072208622470498,0.0007925817626528442,7.028063009784091e-06,4.909938070341013e-06,0.01701524667441845,0.002451288979500532,0.0,0.0036304760724306107,1.3060307537671179e-05,0.12231408804655075,,,,
992,0.006784353870898485,5.015001009043253e-05,327.7638902050094,0.13089969754219055,0.0019478785106912255,0.0007472289726138115,6.761910299246665e-06,6.002971986163175e-06,0.03329337760806084,0.011969232931733131,0.0,0.003983179572969675,3.129982724203728e-05,0.12231741845607758,,,,
993,0.005574030801653862,5.0114852892432584e-05,328.09338116500294,0.1173611655831337,0.0015035257674753666,0.0007265870808623731,6.225897777767386e-06,6.165355443954468e-06,0.03198380395770073,0.0048708003014326096,0.0,0.005142589565366507,2.769763523247093e-05,0.12232141941785812,,,,
994,0.005568136461079121,5.008438261911574e-05,328.4217422599904,0.0615723580121994,0.001669001649133861,0.0007709480705671012,5.7206502788176294e-06,5.749312549596652e-06,0.02335013821721077,0.004719499498605728,0.0,0.00871636439114809,4.49378858320415e-05,0.1223260909318924,,,,
995,0.006051191594451666,5.005859957121122e-05,328.7471200929722,0.0679272934794426,0.0015581208281219006,0.000858834944665432,5.783670985692879e-06,7.576483312732307e-06,0.03614327311515808,0.0041100396774709225,0.0,0.005725220311433077,1.5041729966469575e-05,0.12232942879199982,,,,
996,0.004385640844702721,5.003750400318735e-05,329.0747828760068,0.07729976624250412,0.0015914265532046556,0.0008503957069478929,6.540228696394479e-06,6.023581136105349e-06,0.00864475592970848,0.0023756250739097595,0.0,0.003245844505727291,1.3358003343455493e-05,0.12233410030603409,,,,
997,0.006949331145733595,5.0021096123248834e-05,329.405202178983,0.10474220663309097,0.0014960627304390073,0.0009123560739681125,5.507183232111856e-06,5.7225242926506326e-06,0.04496360570192337,0.009537559002637863,0.0,0.0037323071155697107,5.371048700908432e-06,0.12233676761388779,,,,
998,0.005443965084850788,5.000937609333487e-05,329.7396014109836,0.0880199670791626,0.0014954552752897143,0.000845510046929121,5.775685167463962e-06,4.726021870737895e-06,0.024741284549236298,0.0052301594987511635,0.0,0.0052177864126861095,9.163764843833633e-06,0.12233876436948776,,,,
999,0.0052585480734705925,5.000234402911735e-05,330.09262502298225,0.1173335388302803,0.0013686500024050474,0.0008145053288899362,6.2127874116413295e-06,5.686094482371118e-06,0.019480373710393906,0.006674991454929113,0.0,0.007412012200802565,7.439141427312279e-06,0.12234143912792206,,,,
1000,0.005915915593504906,5e-05,330.42084664897993,0.05558069050312042,0.001562832505442202,0.0008527038153260946,4.755435838887934e-06,8.497798262396827e-06,0.025182317942380905,0.007849189452826977,0.0,0.006756504066288471,1.0937066690530628e-05,0.12234610319137573,6.59580723506729,9.276627899205328,1.018364493300917,0.9327248934271379
