epoch,loss,learning_rate,training_seconds,gradient_norm,simulation,top,hot,cold,top_center,top_tail,top_tail_slope,top_tail_endpoint,pde,boundary,initial,interface,low_cooling,contact_prior,temporal,validation_score_k,validation_顶部_rmse_k,validation_热端_rmse_k,validation_冷端_rmse_k,validation_中心后段_rmse_k
1,13.569579124450684,0.0009999976559708827,0.11834221298340708,45.54712677001953,0.3249496519565582,0.7425090670585632,0.0014753955183550715,0.0003622692311182618,0.9757565259933472,0.8443645238876343,3.6756340705323964e-05,0.8467313647270203,4.2754390960908495e-06,0.004403669852763414,0.0,4.954600444762036e-05,0.000152157386764884,0.0,4.362315308981124e-08,190.53121175217925,199.65841516677074,13.10510151663818,17.37401602256148,255.43062669528308
2,10.322890281677246,0.0009999906239066651,0.2535494900075719,34.132286071777344,0.26964354515075684,0.5470547080039978,0.0029493547044694424,0.005290649831295013,0.7487555742263794,0.6473334431648254,3.281807585153729e-05,0.6493273377418518,5.671518374583684e-05,0.01873435452580452,0.0,0.00046102877240628004,0.0038382429629564285,8.070528565440327e-07,1.620252874090511e-07,,,,,
3,7.808098793029785,0.0009999789038767511,0.3771373559720814,23.855606079101562,0.2242778241634369,0.3840974271297455,0.01922505721449852,0.024653226137161255,0.5462521910667419,0.46578794717788696,2.6474132027942687e-05,0.467227041721344,0.000427873688749969,0.057510484009981155,0.0,0.002397987525910139,0.014946181327104568,1.2249893188709393e-07,0.00011714602442225441,,,,,
4,6.2328081130981445,0.0009999624959968127,0.49811212200438604,11.859647750854492,0.19108575582504272,0.2577670216560364,0.05516000837087631,0.06683007627725601,0.37382709980010986,0.302449494600296,1.9433055058470927e-05,0.30335742235183716,0.0014894455671310425,0.14369608461856842,0.0,0.007751263678073883,0.03773760050535202,1.0145959095098078e-07,1.044943971351131e-07,,,,,
5,5.7032880783081055,0.0009999414004287887,0.6231513459933922,21.56191062927246,0.14026902616024017,0.1632341742515564,0.10987850278615952,0.127955824136734,0.247811958193779,0.1968817561864853,1.2897658052679617e-05,0.19750985503196716,0.0032242911402136087,0.2883731722831726,0.0,0.020316969603300095,0.06862600147724152,9.425311873201281e-07,2.7793153094535228e-06,,,,,
6,5.716683864593506,0.0009999156173808841,0.7541996979853138,34.84804916381836,0.12554402649402618,0.15793626010417938,0.1290927529335022,0.1393783688545227,0.20260147750377655,0.17907580733299255,1.1666687896649819e-05,0.17989583313465118,0.0054741837084293365,0.3464096188545227,0.0,0.041158974170684814,0.07750047743320465,2.9927796276751906e-06,1.2616936828635517e-07,,,,,
7,5.053936958312988,0.0009998851471075673,0.8765331289614551,34.75057601928711,0.12008718401193619,0.1499500572681427,0.10657630860805511,0.10880954563617706,0.19104084372520447,0.176056370139122,1.6443900676677004e-05,0.1771499663591385,0.011323358863592148,0.36263036727905273,0.0,0.05837900564074516,0.06989917159080505,6.503138138214126e-06,3.3944595543289324e-06,,,,,
8,4.023975849151611,0.0009998499899095672,0.9993140180013143,22.170690536499023,0.12091638892889023,0.14743846654891968,0.06013566255569458,0.06036002188920975,0.1949755996465683,0.1660781353712082,2.313348522875458e-05,0.1671174168586731,0.006433156318962574,0.27830806374549866,0.0,0.05931674689054489,0.04095067083835602,1.1584926141949836e-05,8.486087494929961e-07,,,,,
9,3.222930669784546,0.0009998101461338716,1.1197276219609194,8.836563110351562,0.12055382132530212,0.14589427411556244,0.02333815023303032,0.021225107833743095,0.19606122374534607,0.16299641132354736,2.8920590921188705e-05,0.16359621286392212,0.005282292142510414,0.24296250939369202,0.0,0.06445691734552383,0.024085424840450287,1.8164391804020852e-05,1.6371595847886056e-06,,,,,
10,2.963855743408203,0.0009997656161737222,1.2439926929655485,12.078011512756348,0.12196631729602814,0.1432448923587799,0.0034765067975968122,0.0022228367161005735,0.23070991039276123,0.16940338909626007,3.557566742529161e-05,0.1695529967546463,0.009684434160590172,0.19887632131576538,0.0,0.07314348965883255,0.013799363747239113,2.5115718017332256e-05,8.797893968903736e-08,,,,,
11,2.6887311935424805,0.0009997164004686117,1.3670329289743677,13.77918529510498,0.1277145892381668,0.1310673952102661,0.0002305597299709916,0.0010768258944153786,0.20754098892211914,0.15767620503902435,5.072831845609471e-05,0.15787525475025177,0.011213292367756367,0.24978093802928925,0.0,0.1071094423532486,0.006734941620379686,3.405344614293426e-05,5.047147055847745e-08,,,,,
12,2.4329442977905273,0.0009996624995042794,1.4902935459977016,8.934920310974121,0.11059663444757462,0.11779024451971054,0.002375745214521885,0.006715010851621628,0.17087607085704803,0.13736984133720398,8.332994912052527e-05,0.13835746049880981,0.0067323921248316765,0.3693012297153473,0.0,0.13643690943717957,0.009237530641257763,4.50632069259882e-05,4.354243543502889e-08,,,,,
13,2.4722254276275635,0.000999603913812706,1.6140130299609154,11.739814758300781,0.09623963385820389,0.12673738598823547,0.003516193013638258,0.011786031536757946,0.1422291249036789,0.14218880236148834,0.00014958165411371738,0.14515189826488495,0.012681493535637856,0.49307385087013245,0.0,0.20051173865795135,0.004003674723207951,5.7381155784241855e-05,2.242624752568645e-08,,,,,
14,2.498364210128784,0.0009995406439721089,1.7378682609996758,19.282987594604492,0.0836336687207222,0.12787273526191711,0.004155561327934265,0.012738323770463467,0.13234487175941467,0.14934425055980682,0.0002305488014826551,0.1537659466266632,0.022629501298069954,0.5848856568336487,0.0,0.2329917550086975,0.013634342700242996,7.181460387073457e-05,2.0922475130191742e-07,,,,,
15,2.162389039993286,0.0009994726906069353,1.8574226959608495,16.122438430786133,0.07854988425970078,0.1070241928100586,0.004205421078950167,0.01240675337612629,0.116954505443573,0.12754707038402557,0.00030327957938425243,0.1319439560174942,0.015569189563393593,0.5181939005851746,0.0,0.2687033712863922,0.005657598376274109,8.860015077516437e-05,5.426630877991556e-07,,,,,
16,1.7699681520462036,0.0009994000543878578,1.9871953699621372,7.693147659301758,0.07492496818304062,0.08041684329509735,0.00400474201887846,0.012069404125213623,0.10732751339673996,0.09379374235868454,0.0003567934618331492,0.09651128947734833,0.020479071885347366,0.4947386384010315,0.0,0.2197704017162323,0.015879224985837936,0.00010797777213156223,0.00011309915862511843,,,,,
17,1.537467122077942,0.0009993227360317665,2.112141661986243,14.075008392333984,0.08356531709432602,0.06772240251302719,0.0020694404374808073,0.007006175350397825,0.1146501898765564,0.07754455506801605,0.0004132773610763252,0.07809583097696304,0.019384466111660004,0.3639095723628998,0.0,0.12428925931453705,0.0037774257361888885,0.00012966083886567503,5.3935998778342764e-08,,,,,
18,1.429979681968689,0.0009992407363017626,2.2471514829667285,19.693593978881836,0.06754958629608154,0.06575548648834229,0.000976678915321827,0.002965365070849657,0.11641301214694977,0.0676586776971817,0.0005031081382185221,0.06711114943027496,0.025335924699902534,0.3853960335254669,0.0,0.1328280121088028,0.010294940322637558,0.00015299601363949478,1.2370446711429395e-07,,,,,
19,1.066909670829773,0.00099915405600715,2.3725779519882053,16.132505416870117,0.05293048545718193,0.043784551322460175,0.0012512300163507462,0.0010959915816783905,0.09032094478607178,0.0495574027299881,0.0006403874140232801,0.04936271905899048,0.019587602466344833,0.38527390360832214,0.0,0.14336903393268585,0.02802697941660881,0.00017749780090525746,4.845733769798244e-07,,,,,
20,0.7425916790962219,0.0009990626960034283,2.495477029995527,4.749349594116211,0.042466212064027786,0.027777448296546936,0.004442782606929541,0.0018843128345906734,0.0486256442964077,0.034276798367500305,0.0008449105080217123,0.03656233847141266,0.02705000527203083,0.38713493943214417,0.0,0.2250177264213562,0.0186877753585577,0.0002037096710409969,1.4209500420747645e-07,,,,,
21,0.8064696788787842,0.000998966657192284,2.6176422240096144,24.28396224975586,0.037600018084049225,0.029834572225809097,0.011668607592582703,0.004795852117240429,0.016259727999567986,0.048270083963871,0.0010746648767963052,0.05451337248086929,0.039748258888721466,0.48089998960494995,0.0,0.21952641010284424,0.023137426003813744,0.00023198740382213145,4.662815626943484e-06,,,,,
22,0.94838947057724,0.0009988659405215812,2.7440719099831767,36.300235748291016,0.040265753865242004,0.033796023577451706,0.014139620587229729,0.007584284525364637,0.007276490330696106,0.05937083438038826,0.0012043723836541176,0.0667949840426445,0.029213575646281242,0.5655834674835205,0.0,0.2747317850589752,0.055277615785598755,0.0002616085112094879,1.6040542050177464e-06,,,,,
23,0.908332884311676,0.000998760546985353,2.8686471980181523,26.821691513061523,0.04109378531575203,0.026254452764987946,0.014463478699326515,0.00585521012544632,0.005951294209808111,0.042968083173036575,0.0011957136448472738,0.04791206493973732,0.051214758306741714,1.028092622756958,0.0,0.29763808846473694,0.1162370890378952,0.0002914763172157109,4.710461780632613e-06,,,,,
24,0.8004413843154907,0.0009986504776237908,2.9942102219793014,13.520800590515137,0.036312300711870193,0.03136046230792999,0.009571615606546402,0.004905045032501221,0.03804611414670944,0.027773408219218254,0.0010138535872101784,0.02729715034365654,0.014951659366488457,0.4538874328136444,0.0,0.1615287810564041,0.041798949241638184,0.0003228554269298911,2.6940988391288556e-06,,,,,
25,1.0225216150283813,0.000998535733523235,3.1173557579750195,27.174406051635742,0.03418940305709839,0.04640576243400574,0.008840177208185196,0.003238771576434374,0.06273683160543442,0.03658083453774452,0.0007369788945652544,0.034152254462242126,0.015457713045179844,0.5695571303367615,0.0,0.20623265206813812,0.02847111225128174,0.0003558743337634951,1.6146340158229577e-06,45.64166455520111,52.407828861222214,25.68021934420669,14.446772420307664,49.04481289716913
26,0.9629901647567749,0.0009984163158161632,3.254961585975252,22.115135192871094,0.035237111151218414,0.040202729403972626,0.00730788242071867,0.002526276744902134,0.052930086851119995,0.03675227239727974,0.0005113873048685491,0.03485742211341858,0.037059236317873,0.6646832227706909,0.0,0.2795146703720093,0.06543724983930588,0.00038955878699198365,1.267660422854533e-06,,,,,
27,0.7120165824890137,0.0009982922256811804,3.378333617991302,9.733786582946777,0.03553197532892227,0.03237071633338928,0.007451931014657021,0.0020617416594177485,0.022925805300474167,0.03531445562839508,0.00033799343509599566,0.03488265350461006,0.05891549214720726,0.3915488123893738,0.0,0.3591913878917694,0.02684301696717739,0.00042523801675997674,1.0448135299157002e-06,,,,,
28,0.605876088142395,0.000998163464343006,3.5084933739854023,14.987250328063965,0.03358488529920578,0.027858367189764977,0.0049504730850458145,0.0010120051447302103,0.009568571113049984,0.030379988253116608,0.00018375420768279582,0.03027837909758091,0.03936409577727318,0.6458285450935364,0.0,0.4492216110229492,0.03915802389383316,0.0004659322730731219,0.00020019724615849555,,,,,
29,0.3720371127128601,0.000998030033072462,3.635331596015021,5.126662254333496,0.02805863320827484,0.018348637968301773,0.0018579938914626837,0.001502644969150424,0.008687065914273262,0.01749514602124691,0.00010843528434634209,0.017251497134566307,0.04265882447361946,0.39215999841690063,0.0,0.2696128487586975,0.00342577020637691,0.0005108971963636577,1.227501797984587e-06,,,,,
30,0.4109928607940674,0.0009978919331864618,3.7607701260130852,15.470226287841797,0.029056137427687645,0.015124163590371609,0.00046657415805384517,0.0034418078139424324,0.025369351729750633,0.016696631908416748,9.92994464468211e-05,0.017005864530801773,0.020830057561397552,0.3671188950538635,0.0,0.22780248522758484,0.002839859575033188,0.0005610007792711258,2.6585533419165586e-07,,,,,
31,0.499556303024292,0.0009977491660479953,3.8836695660138503,15.739931106567383,0.036443181335926056,0.014603937044739723,0.0005370391299948096,0.006340294145047665,0.031143909320235252,0.02012382633984089,0.00012466977932490408,0.021015359088778496,0.035461004823446274,0.5232083797454834,0.0,0.18754009902477264,0.005650246515870094,0.0006117481971159577,0.0002858163497876376,,,,,
32,0.49669304490089417,0.0009976017330661164,4.004848624987062,7.9349164962768555,0.03260228782892227,0.016730627045035362,0.000744922086596489,0.008438199758529663,0.025936372578144073,0.018297649919986725,0.00015828108007553965,0.019174925982952118,0.02207300066947937,0.4049127399921417,0.0,0.2517966628074646,0.003955060616135597,0.0006632180884480476,5.395027642407513e-07,,,,,
33,0.5503453016281128,0.000997449635695929,4.126152309996542,11.00064468383789,0.03288819268345833,0.027328675612807274,0.00041305096237920225,0.008723808452486992,0.016542337834835052,0.022074393928050995,0.00018422756693325937,0.02223825268447399,0.009317738004028797,0.3174968659877777,0.0,0.3238484859466553,0.002412316855043173,0.0007189641473814845,1.1294274600004428e-06,,,,,
34,0.6091577410697937,0.000997292875438573,4.249668581003789,14.281699180603027,0.035581957548856735,0.03290001302957535,0.00021466297039296478,0.0072992476634681225,0.01815040409564972,0.026205407455563545,0.00019570211588870734,0.026179276406764984,0.01444786787033081,0.3289024829864502,0.0,0.3331376910209656,0.005638137925416231,0.0007787149515934289,1.255795467614007e-07,,,,,
35,0.5395529270172119,0.000997131453841209,4.378338361973874,7.808290004730225,0.03222128748893738,0.026307184249162674,0.00011374887253623456,0.0051969485357403755,0.02140268310904503,0.02370918169617653,0.00019646630971692502,0.024120111018419266,0.020384304225444794,0.35461705923080444,0.0,0.34110018610954285,0.0069955517537891865,0.0008407951099798083,8.746858384256484e-07,,,,,
36,0.5232370495796204,0.0009969653724970025,4.504755829984788,8.457798957824707,0.03855442628264427,0.02010662853717804,0.0002463565324433148,0.0032199956476688385,0.03425366431474686,0.02554829977452755,0.0001845202496042475,0.026776034384965897,0.023162011057138443,0.2607402801513672,0.0,0.1846991777420044,0.009188761003315449,0.0009082425385713577,7.522293117290246e-07,,,,,
37,0.4921090006828308,0.0009967946330451097,4.633289791003335,11.776152610778809,0.03548171743750572,0.018597429618239403,0.0008961322600953281,0.001245172112248838,0.033797986805438995,0.02608378976583481,0.00017148461483884603,0.027412107214331627,0.00916887354105711,0.24480241537094116,0.0,0.23252731561660767,0.005761481821537018,0.0009769201278686523,0.00020867800049018115,,,,,
38,0.409324049949646,0.0009966192371706599,4.758770503976848,4.56851863861084,0.028476892039179802,0.015221829526126385,0.0026110911276191473,0.0003497519064694643,0.02480786107480526,0.01975332386791706,0.0001599023671587929,0.020626824349164963,0.016933303326368332,0.2414015829563141,0.0,0.2831706404685974,0.008726779371500015,0.001046742545440793,1.4785057089738984e-07,,,,,
39,0.41477546095848083,0.0009964391866047397,4.879304541973397,11.783394813537598,0.025204695761203766,0.021693121641874313,0.005368703510612249,0.0002324558445252478,0.009369155392050743,0.017892101779580116,0.00014282920164987445,0.017950084060430527,0.018810931593179703,0.2964640259742737,0.0,0.2581084370613098,0.005931288935244083,0.0011233175173401833,8.442128773822333e-08,,,,,
40,0.46428534388542175,0.0009962544831243754,5.008262022980489,16.541677474975586,0.025906911119818687,0.02340700291097164,0.008222570642828941,0.0005660559399984777,0.006606109440326691,0.01874440349638462,0.00012407000758685172,0.018574556335806847,0.02247864380478859,0.32144230604171753,0.0,0.43174052238464355,0.006075968034565449,0.001200810307636857,7.501803338527679e-07,,,,,
41,0.37967076897621155,0.0009960651285525156,5.138331201975234,9.068328857421875,0.02270488627254963,0.016631348058581352,0.007831070572137833,0.0006788041209802032,0.006556588225066662,0.014039027504622936,0.00010668898903531954,0.01402107160538435,0.028815101832151413,0.30249398946762085,0.0,0.24763944745063782,0.011328710243105888,0.0012798638781532645,8.350486950803315e-07,,,,,
42,0.3809833824634552,0.0009958711247580138,5.262572037987411,10.761892318725586,0.026485256850719452,0.013071919791400433,0.005330302752554417,0.0002810959122143686,0.022648891434073448,0.015062931925058365,9.160608897218481e-05,0.015291208401322365,0.020675159990787506,0.19093091785907745,0.0,0.26713278889656067,0.008102522231638432,0.0013610150199383497,1.4869310689391568e-06,,,,,
43,0.43392443656921387,0.000995672473655609,5.384423401963431,14.358299255371094,0.02506771683692932,0.01645652949810028,0.004192593041807413,0.00019518769113346934,0.03027157485485077,0.0177755169570446,8.21371068013832e-05,0.017851244658231735,0.007199801970273256,0.1969185322523117,0.0,0.2865847945213318,0.005782406777143478,0.0014430660521611571,5.524730113393161e-07,,,,,
44,0.3640190660953522,0.0009954691772059074,5.50773890101118,8.486807823181152,0.024875029921531677,0.013086499646306038,0.0041633490473032,0.00024647178361192346,0.018424788489937782,0.014898832887411118,7.955139881232753e-05,0.01472607720643282,0.01583031564950943,0.3101158142089844,0.0,0.3865467309951782,0.005477030761539936,0.0015254318714141846,3.552871703504934e-07,,,,,
45,0.3876599371433258,0.0009952612374153629,5.633279324974865,12.58604621887207,0.028811689466238022,0.021746784448623657,0.004833515267819166,0.0004216994857415557,0.004108344204723835,0.020014461129903793,8.736512972973287e-05,0.019881736487150192,0.018484340980648994,0.1865384578704834,0.0,0.25869253277778625,0.0027078106068074703,0.0016129931900650263,2.3684776806476293e-07,,,,,
46,0.43042370676994324,0.0009950486563362572,5.759825112996623,17.343564987182617,0.02583722025156021,0.02497069537639618,0.0034595662727952003,0.0009280917001888156,0.0029666232876479626,0.024317657575011253,9.543586929794401e-05,0.024382349103689194,0.01784500852227211,0.24518826603889465,0.0,0.3873617649078369,0.005942452698945999,0.0017012667376548052,1.7607584368306561e-07,,,,,
47,0.35381659865379333,0.0009948314360666798,5.884777490980923,7.9062113761901855,0.028318306431174278,0.017978256568312645,0.001697787083685398,0.0019922186620533466,0.0054656732827425,0.01758694462478161,9.709601727081463e-05,0.017633063718676567,0.010110581293702126,0.2608494162559509,0.0,0.40822240710258484,0.004324880428612232,0.0017895509954541922,0.00017022596148308367,,,,,
48,0.3788226544857025,0.000994609578750507,6.007549847010523,11.574830055236816,0.02671322599053383,0.013824572786688805,0.0005000896635465324,0.003390178782865405,0.02261997014284134,0.014356673695147038,8.815366163617e-05,0.014119353145360947,0.022590328007936478,0.316527783870697,0.0,0.24331586062908173,0.009342784062027931,0.0018849510233849287,3.971748810727149e-06,,,,,
49,0.44786861538887024,0.000994383086577381,6.135340217966586,16.900487899780273,0.029879193753004074,0.014717945829033852,0.00025134984753094614,0.004191171377897263,0.03126462921500206,0.016307564452290535,8.599755528848618e-05,0.016020266339182854,0.01805064268410206,0.2588838040828705,0.0,0.3061153292655945,0.0231474656611681,0.0019793477840721607,3.8391598877751676e-07,,,,,
50,0.3830917477607727,0.0009941519617826882,6.254428929998539,11.462818145751953,0.029401570558547974,0.012775681912899017,0.0001698551932349801,0.00464375177398324,0.02308429591357708,0.013359242118895054,9.076428250409663e-05,0.013261578045785427,0.010357938706874847,0.33323270082473755,0.0,0.3127499222755432,0.007381034083664417,0.0020730968099087477,4.5341127474785026e-07,26.317113079044844,31.78432958437738,5.1337988307267715,18.38379764495677,23.82676217747038
51,0.3182634711265564,0.0009939162066475368,6.398841749003623,4.369814395904541,0.032192982733249664,0.012899065390229225,0.00037398614222183824,0.00459087360650301,0.007504533976316452,0.01405831053853035,0.00010310694051440805,0.014487427659332752,0.024574659764766693,0.2715722620487213,0.0,0.2684817910194397,0.003275742521509528,0.0021676828619092703,7.031734412521473e-07,,,,,
52,0.3347183167934418,0.000993675823498735,6.526867755979765,8.102119445800781,0.0288186464458704,0.015231162309646606,0.0007512490265071392,0.003239015117287636,0.005641703959554434,0.01682286523282528,0.00010442426719237119,0.017481543123722076,0.014717898331582546,0.24464640021324158,0.0,0.4181986153125763,0.005813029129058123,0.0022688282188028097,2.044439497694839e-06,,,,,
53,0.30853959918022156,0.0009934308147087675,6.648260238987859,1.5045318603515625,0.02810315601527691,0.01250856276601553,0.001133916899561882,0.0019641658291220665,0.011181487701833248,0.013730230741202831,9.491313539911062e-05,0.01419508084654808,0.02102018892765045,0.24934598803520203,0.0,0.3229384124279022,0.005726216360926628,0.002375346375629306,3.0002868811607186e-07,,,,,
54,0.3157089352607727,0.0009931811826957716,6.77264916501008,5.782128810882568,0.027107378467917442,0.012189569883048534,0.0017511434853076935,0.0008772428845986724,0.018808597698807716,0.013010626658797264,8.575207175454125e-05,0.013239423744380474,0.01953205093741417,0.1459406316280365,0.0,0.2943160831928253,0.005918590817600489,0.0024894445668905973,1.5758909057694837e-06,,,,,
55,0.30736011266708374,0.000992926929923515,6.897192731965333,2.125293493270874,0.02711675688624382,0.011905074119567871,0.0031886091455817223,0.00034278217935934663,0.013938444666564465,0.01309394370764494,8.556908142054453e-05,0.013430159538984299,0.011902921833097935,0.236887127161026,0.0,0.25715917348861694,0.00288650905713439,0.0026097255758941174,2.7285267378829303e-07,,,,,
56,0.31081968545913696,0.00099266805890137,7.0165308470022865,6.574159622192383,0.02334688976407051,0.013683313503861427,0.004909911192953587,0.0001604148419573903,0.007711747195571661,0.015332601964473724,8.693733252584934e-05,0.01586599089205265,0.02668767422437668,0.19206368923187256,0.0,0.23936381936073303,0.0006755600916221738,0.00273334258235991,2.2339575025398517e-06,,,,,
57,0.30682864785194397,0.0009924045721842888,7.142224308976438,4.138785362243652,0.02394568733870983,0.012724749743938446,0.0047874441370368,0.00011560811981325969,0.010536553338170052,0.013780355453491211,7.909879786893725e-05,0.014161503873765469,0.01611347123980522,0.12749704718589783,0.0,0.3703669309616089,0.0011557743418961763,0.0028568629641085863,1.1495376384118572e-06,,,,,
58,0.3134012520313263,0.000992136472372779,7.267464041011408,6.866018772125244,0.024941572919487953,0.011533922515809536,0.003160662716254592,0.00020665126794483513,0.02024097740650177,0.012898837216198444,6.754406058462337e-05,0.013002290390431881,0.01038631796836853,0.12366941571235657,0.0,0.26555153727531433,0.0029065546113997698,0.0029879070352762938,1.7521904283057665e-07,,,,,
59,0.3177075684070587,0.0009918637621128773,7.390980001015123,4.645795822143555,0.025756707414984703,0.01205890066921711,0.002666967688128352,0.0004330183728598058,0.017816774547100067,0.012504853308200836,6.42826416878961e-05,0.012611445039510727,0.017713384702801704,0.1668647974729538,0.0,0.317452073097229,0.00888899527490139,0.0031208237633109093,4.165930249655503e-07,,,,,
60,0.28242984414100647,0.0009915864440961245,7.514515313960146,5.018274307250977,0.024899983778595924,0.013482644222676754,0.0023664410691708326,0.0007074420573189855,0.006369635462760925,0.014319601468741894,6.648094131378457e-05,0.014551103115081787,0.013674341142177582,0.20093652606010437,0.0,0.2332046926021576,0.002604096895083785,0.003261206205934286,1.6319255280450307e-07,,,,,
61,0.29131531715393066,0.0009913045210595366,7.636584182968363,5.026187419891357,0.027574099600315094,0.01477067731320858,0.0013562821550294757,0.0014546819729730487,0.007270015776157379,0.014015311375260353,6.3965460867621e-05,0.01417441014200449,0.02006317302584648,0.1692243218421936,0.0,0.1545906960964203,0.005708157084882259,0.0034017839934676886,2.9737131512774795e-07,,,,,
62,0.29638490080833435,0.0009910179957855808,7.760651192977093,5.994761943817139,0.02592485025525093,0.011273456737399101,0.0006077183643355966,0.0022678757086396217,0.016795579344034195,0.012357328087091446,5.9055801102658734e-05,0.012418010272085667,0.008011363446712494,0.12791988253593445,0.0,0.3468301296234131,0.003653820138424635,0.003539311233907938,1.4642998849012656e-06,,,,,
63,0.30234333872795105,0.0009907268711021456,7.889982602966484,5.696241855621338,0.026671895757317543,0.011890746653079987,0.0004884210065938532,0.002443599049001932,0.016623055562376976,0.012327620759606361,5.89306146139279e-05,0.012384575791656971,0.011806820519268513,0.14906536042690277,0.0,0.3071070909500122,0.003863357938826084,0.0036811837926506996,5.4854901065937156e-08,,,,,
64,0.300284206867218,0.0009904311498825141,8.01588083099341,5.741562843322754,0.028272317722439766,0.015742724761366844,0.0007328304345719516,0.002196826972067356,0.006885959766805172,0.013611932285130024,6.106631190050393e-05,0.013654333539307117,0.005910622421652079,0.17770791053771973,0.0,0.270652174949646,0.0020038376096636057,0.003829384222626686,0.00047986325807869434,,,,,
65,0.29613828659057617,0.0009901308350453355,8.13821324397577,3.0139381885528564,0.02926185168325901,0.014216093346476555,0.0010513172019273043,0.0016100972425192595,0.007436239160597324,0.01306462474167347,5.925050572841428e-05,0.013106941245496273,0.02341296896338463,0.16751888394355774,0.0,0.40084609389305115,0.005883622448891401,0.003980990499258041,5.053790346210008e-07,,,,,
66,0.2846350073814392,0.000989825929554596,8.260541941970587,4.760653972625732,0.02897155098617077,0.010732825845479965,0.0012806293088942766,0.001124923350289464,0.014872311614453793,0.01227512676268816,5.575232717092149e-05,0.01235260721296072,0.010021498426795006,0.1309637427330017,0.0,0.37118542194366455,0.004280515015125275,0.004144990351051092,1.7116713024734054e-06,,,,,
67,0.26523470878601074,0.0009895164364195894,8.38116709899623,1.695531964302063,0.023452604189515114,0.01095834281295538,0.001876047346740961,0.0006416980177164078,0.011842036619782448,0.01223570853471756,5.477516970131546e-05,0.012319753877818584,0.013629158958792686,0.1369490921497345,0.0,0.24406373500823975,0.005326949059963226,0.004316685255616903,2.300118211451263e-07,,,,,
68,0.3003423511981964,0.0009892023586948885,8.50231640500715,5.4677414894104,0.025383492931723595,0.015380940400063992,0.0026294707786291838,0.000302018946968019,0.007368650287389755,0.01359511073678732,5.438113657874055e-05,0.013669745996594429,0.008676500990986824,0.136962890625,0.0,0.43963414430618286,0.001931117963977158,0.004488796461373568,8.485342277708696e-07,,,,,
69,0.2845216393470764,0.0009888836994803132,8.62377673399169,0.8868429064750671,0.0289385337382555,0.012226622551679611,0.0023582137655466795,0.00024195485457312316,0.010962712578475475,0.01242583617568016,5.1986069593112916e-05,0.012538929469883442,0.016924437135457993,0.09998883306980133,0.0,0.4944056272506714,0.0018970854580402374,0.0046700057573616505,1.0531830412219279e-06,,,,,
70,0.2983010709285736,0.0009885604619209016,8.751897280977573,5.338567733764648,0.0305577851831913,0.01085258461534977,0.002065878827124834,0.0002829385921359062,0.017107486724853516,0.012489978224039078,4.9711034080246463e-05,0.012633398175239563,0.009838130325078964,0.15447232127189636,0.0,0.3730083405971527,0.003666108939796686,0.004858788568526506,9.189670890918933e-08,,,,,
71,0.2880624830722809,0.0009882326492068776,8.879544409981463,2.972667694091797,0.027815796434879303,0.012812383472919464,0.002342573832720518,0.00035278740688227117,0.00901805516332388,0.013113901950418949,4.949189315084368e-05,0.013230185955762863,0.009303785860538483,0.1439557820558548,0.0,0.4791795611381531,0.0027126017957925797,0.005053751636296511,1.276036300623673e-06,,,,,
72,0.2738708257675171,0.0009879002645736207,9.004892933007795,3.6978657245635986,0.026408176869153976,0.01283496618270874,0.0018498592544347048,0.0005459334352053702,0.008374923840165138,0.0132864685729146,4.84640768263489e-05,0.013406275771558285,0.011500008404254913,0.1470927894115448,0.0,0.28952279686927795,0.0036891538184136152,0.005256006494164467,3.4290678740944713e-07,,,,,
73,0.29780566692352295,0.0009875633113016326,9.133578089997172,3.8381471633911133,0.027637699618935585,0.012843634001910686,0.0010321890003979206,0.0009567477973178029,0.0153945442289114,0.012332173995673656,4.6558678150177e-05,0.012453851290047169,0.014755535870790482,0.1285630613565445,0.0,0.38134467601776123,0.0032463748939335346,0.005458847153931856,6.097120603953954e-07,,,,,
74,0.27325621247291565,0.0009872217927165065,9.259845059015788,3.3559391498565674,0.03233703225851059,0.011881880462169647,0.0007591607864014804,0.0012705689296126366,0.013099083676934242,0.012239746749401093,4.63428623334039e-05,0.01234804280102253,0.008190562948584557,0.09288613498210907,0.0,0.23871752619743347,0.0018915878608822823,0.005665096919983625,2.345628900002339e-07,,,,,
75,0.28537729382514954,0.0009868757121888926,9.38686528900871,6.077728271484375,0.028074491769075394,0.014528118073940277,0.0009141831542365253,0.001276349532417953,0.006291219033300877,0.014906339347362518,4.903690205537714e-05,0.015050205402076244,0.00826213601976633,0.13239875435829163,0.0,0.34631913900375366,0.002628945978358388,0.005869032349437475,4.288243360406341e-07,26.15372951538344,32.33477499397527,7.650219882889206,10.073254909952631,23.76966045328834
76,0.2841606140136719,0.0009865250731344664,9.530524381960277,3.4708988666534424,0.02648293226957321,0.013280313462018967,0.0008138040429912508,0.0012925013434141874,0.0077951340936124325,0.013579128310084343,4.858600368606858e-05,0.013697436079382896,0.009042447432875633,0.18485325574874878,0.0,0.47874659299850464,0.0012713616015389562,0.0060724117793142796,3.514935542625608e-07,,,,,
77,0.28973475098609924,0.0009861698790138934,9.650647178001236,7.930605888366699,0.027286605909466743,0.011633140966296196,0.0005642808391712606,0.0013457853347063065,0.017798729240894318,0.012528262101113796,4.522703602560796e-05,0.012566504999995232,0.010196681134402752,0.11362835019826889,0.0,0.24148252606391907,0.004491611383855343,0.006286209914833307,1.0195747108809883e-06,,,,,
78,0.27625778317451477,0.0009858101333327964,9.77029965899419,6.033061981201172,0.026567360386252403,0.01180023979395628,0.0007666038582101464,0.0010379855521023273,0.016262192279100418,0.012365887872874737,4.5383152610156685e-05,0.012401766143739223,0.016263330355286598,0.08475103229284286,0.0,0.230901837348938,0.0012686953414231539,0.006492328830063343,9.621320350561291e-05,,,,,
79,0.2719736397266388,0.0009854458396417198,9.890412268985528,6.039907455444336,0.02805996686220169,0.013655598275363445,0.0015801781555637717,0.00056898791808635,0.00496101938188076,0.01506277360022068,4.9031030357582495e-05,0.015203840099275112,0.012077691033482552,0.17097178101539612,0.0,0.22649651765823364,0.0032769599929451942,0.006694436073303223,7.384767286566785e-08,,,,,
80,0.26378750801086426,0.0009850770015360957,10.00926412496483,4.998255729675293,0.026005640625953674,0.012803356163203716,0.001589462161064148,0.0004983071121387184,0.005902163218706846,0.01476618368178606,4.7600085963495076e-05,0.01489283051341772,0.006996780633926392,0.045301880687475204,0.0,0.5153939723968506,0.0004178761737421155,0.0068918801844120026,1.6293799376398965e-07,,,,,
81,0.2699262797832489,0.000984703622656207,10.131019775988534,5.790384769439697,0.025518974289298058,0.011331077665090561,0.0010656844824552536,0.0006423904560506344,0.01615283265709877,0.012332577258348465,4.291575896786526e-05,0.012381726875901222,0.02202088013291359,0.11251059919595718,0.0,0.16983237862586975,0.001357718138024211,0.007103924639523029,3.471970444479666e-07,,,,,
82,0.2833124101161957,0.0009843257066871525,10.253419792978093,5.40610408782959,0.026611652225255966,0.011908531188964844,0.0011121805291622877,0.0006203568773344159,0.016174208372831345,0.012248305603861809,4.2587766074575484e-05,0.0123107535764575,0.007726130075752735,0.0771075189113617,0.0,0.41948968172073364,0.0007865770603530109,0.007306622341275215,8.906983453016437e-07,,,,,
83,0.2804484963417053,0.0009839432573588102,10.374451365962159,6.3287200927734375,0.029186084866523743,0.014265443198382854,0.0016293007647618651,0.0004998947842977941,0.005796400364488363,0.014745501801371574,4.464786616154015e-05,0.01480511948466301,0.01680924743413925,0.08758726716041565,0.0,0.41690123081207275,0.0026611657813191414,0.0075143203139305115,6.892407213854312e-07,,,,,
84,0.2681501507759094,0.000983556278445801,10.495756352960598,5.445200443267822,0.026335883885622025,0.01434377022087574,0.0013773611281067133,0.0005797164048999548,0.005386363714933395,0.014261519536376,4.524920950643718e-05,0.014296941459178925,0.013021454215049744,0.05438109487295151,0.0,0.43932145833969116,0.00031373612000606954,0.007723923772573471,1.7613792806514539e-06,,,,,
85,0.26692017912864685,0.0009831647737674498,10.61680407600943,5.952001094818115,0.02821720950305462,0.010932746343314648,0.0007695701788179576,0.0009420895366929471,0.01633729785680771,0.012278237380087376,4.629134127753787e-05,0.012385500594973564,0.007786896545439959,0.055376652628183365,0.0,0.2386661171913147,0.0011161674046888947,0.007939639501273632,4.1529537497808633e-07,,,,,
86,0.2877025604248047,0.0009827687471877502,10.735769782972056,5.763991355895996,0.027445854619145393,0.011357536539435387,0.0006805785815231502,0.0010799466399475932,0.016450464725494385,0.012164445593953133,4.853160135098733e-05,0.01227123849093914,0.011446581222116947,0.10243897140026093,0.0,0.47520843148231506,0.0020460691303014755,0.00814936961978674,1.800407858354447e-06,,,,,
87,0.28637251257896423,0.0009823682026153246,10.86002213699976,6.200709342956543,0.028210220858454704,0.014710759744048119,0.0011070305481553078,0.0008530907798558474,0.006180230062454939,0.014428920112550259,4.9312908231513575e-05,0.014400673098862171,0.015006916597485542,0.09069164097309113,0.0,0.5325857996940613,0.0015436310786753893,0.008366717956960201,9.121621928898094e-07,,,,,
88,0.2712606191635132,0.0009819631440033862,10.98319827200612,5.896335124969482,0.024221137166023254,0.014541180804371834,0.0012253905879333615,0.0008030071621760726,0.005752192810177803,0.01418507844209671,4.941980660078116e-05,0.014152338728308678,0.011458253487944603,0.09635455906391144,0.0,0.3841303288936615,0.0008246734505519271,0.008593997918069363,7.538746160662413e-08,,,,,
89,0.259090781211853,0.0009815535753497,11.10524256597273,6.033549785614014,0.026177983731031418,0.009931863285601139,0.000894665892701596,0.0008756794850341976,0.016570154577493668,0.012134344317018986,4.9296435463475063e-05,0.012228538282215595,0.0066259512677788734,0.06157999113202095,0.0,0.270058274269104,0.0002535580424591899,0.008821099065244198,4.940480380355439e-07,,,,,
90,0.26832547783851624,0.0009811395006965433,11.229617814009544,4.936684608459473,0.0253911130130291,0.010901096276938915,0.001018045237287879,0.0007246844470500946,0.015076719224452972,0.012045705690979958,4.82445684610866e-05,0.012118360958993435,0.012917257845401764,0.1044444739818573,0.0,0.32040202617645264,0.002009839750826359,0.009042817167937756,5.1596216508187354e-05,,,,,
91,0.2830396294593811,0.0009807209241306657,11.351002551964484,7.007155895233154,0.026562532410025597,0.014612987637519836,0.0016066750977188349,0.00044934777542948723,0.004783965647220612,0.014799484051764011,4.718570926343091e-05,0.014750557020306587,0.012170176953077316,0.10919155180454254,0.0,0.5401896834373474,0.0017584466841071844,0.009266184642910957,3.0084203217484173e-07,,,,,
92,0.277506947517395,0.0009802978497832487,11.472208408988081,6.439297199249268,0.02620953880250454,0.01492601539939642,0.0017231637611985207,0.00040091085247695446,0.0052650123834609985,0.014398779720067978,4.643214924726635e-05,0.014359012246131897,0.003553002839908004,0.11031603813171387,0.0,0.37223273515701294,0.0017760249320417643,0.009494136087596416,2.15113186641247e-06,,,,,
93,0.2612610459327698,0.0009798702818298657,11.596771307988092,5.350771903991699,0.02317139506340027,0.01029655709862709,0.0010251131607219577,0.0005959366681054235,0.015125135891139507,0.012105987407267094,4.540849840850569e-05,0.012175420299172401,0.0030614780262112617,0.06808345019817352,0.0,0.41770029067993164,0.0021327792201191187,0.009720344096422195,3.231751577459363e-07,,,,,
94,0.26382729411125183,0.0009794382244904397,11.721204303961713,5.393937110900879,0.022285649552941322,0.011240681633353233,0.0009831978240981698,0.000702817807905376,0.015218686312437057,0.012032018043100834,4.451292988960631e-05,0.012096337042748928,0.010779660195112228,0.12010979652404785,0.0,0.2114461064338684,0.00192413036711514,0.009950165636837482,0.00012307357974350452,,,,,
95,0.2858872711658478,0.000979001682029202,11.841662765014917,6.1855010986328125,0.026240898296236992,0.015405423939228058,0.0014799063792452216,0.0005517464596778154,0.006311245262622833,0.014431667514145374,4.366513167042285e-05,0.014426710084080696,0.009770113974809647,0.055973201990127563,0.0,0.5064459443092346,0.0012696785852313042,0.01017189770936966,7.497768450548392e-08,,,,,
96,0.2656208574771881,0.0009785606587546505,11.961734598968178,5.470213413238525,0.028376206755638123,0.013724382035434246,0.0012530384119600058,0.0006363887805491686,0.006332849618047476,0.013974896632134914,4.2696203308878466e-05,0.013990499079227448,0.006543693132698536,0.05181237310171127,0.0,0.38628441095352173,0.0014195796102285385,0.010400157421827316,0.0006135634612292051,,,,,
97,0.2724420130252838,0.0009781151590195069,12.082422631967347,7.506527423858643,0.023853514343500137,0.010810406878590584,0.0005994467064738274,0.0011092291679233313,0.016772503033280373,0.012126239947974682,4.132934191147797e-05,0.01220761425793171,0.012982705608010292,0.0371515229344368,0.0,0.48498135805130005,0.0002231662510894239,0.01063291635364294,3.409696489597991e-07,,,,,
98,0.27088621258735657,0.0009776651872206738,12.20282992097782,7.407057285308838,0.0273539200425148,0.010716704651713371,0.0005431899335235357,0.001210259273648262,0.01715949922800064,0.012049161829054356,4.086216358700767e-05,0.012128829024732113,0.0029348297975957394,0.07963760197162628,0.0,0.29140013456344604,0.00016862136544659734,0.010865866206586361,1.5778903161844937e-06,,,,,
99,0.25231310725212097,0.0009772107477991911,12.325727879011538,4.574056625366211,0.025793028995394707,0.012658185325562954,0.001006941543892026,0.000864669622387737,0.006071604322642088,0.01378726214170456,4.187511149211787e-05,0.013827796094119549,0.012026621960103512,0.05529000610113144,0.0,0.37540048360824585,0.0016904905205592513,0.011092699132859707,1.291204398512491e-06,,,,,
100,0.26384374499320984,0.0009767518452401926,12.451030844007619,5.065526008605957,0.02449468895792961,0.01387899648398161,0.0011515136575326324,0.0007613594643771648,0.006617686711251736,0.013888673856854439,4.179919051239267e-05,0.013929030857980251,0.006775479763746262,0.061930928379297256,0.0,0.38815486431121826,0.0007129746954888105,0.011323702521622181,2.929878917257156e-07,26.53861346559897,27.472203919649576,7.624065859493308,8.210372879090059,35.28427044418618
101,0.2681696116924286,0.0009762884840728611,12.58918289799476,6.118869304656982,0.025306088849902153,0.010938307270407677,0.0007711495272815228,0.0009139417670667171,0.01675245352089405,0.01191913802176714,4.033659934066236e-05,0.011983038857579231,0.0032222913578152657,0.04138212651014328,0.0,0.36877283453941345,0.000537339539732784,0.011555856093764305,1.7656013824307593e-06,,,,,
102,0.25301623344421387,0.0009758206688703845,12.710843262961134,4.407576084136963,0.023693937808275223,0.010527360253036022,0.0010083143133670092,0.0007250458002090454,0.014548788778483868,0.011816485784947872,4.05579739890527e-05,0.011870491318404675,0.005909104831516743,0.05611465871334076,0.0,0.31037214398384094,0.0003575049922801554,0.011785395443439484,2.9424205649775104e-07,,,,,
103,0.26840394735336304,0.0009753484042499097,12.835411817010026,6.614676475524902,0.023976914584636688,0.01486056949943304,0.001725592534057796,0.0004253684892319143,0.005619680043309927,0.014367349445819855,4.2426312575116754e-05,0.014382938854396343,0.008122908882796764,0.04222097992897034,0.0,0.3633778691291809,0.000819604319985956,0.012017401866614819,5.832376359649061e-07,,,,,
104,0.2532855272293091,0.000974871694872498,12.956061828997917,3.8348422050476074,0.024158809334039688,0.01255913358181715,0.00140989082865417,0.0004650957998819649,0.007319318130612373,0.013567214831709862,4.3068412196589634e-05,0.013570329174399376,0.01441703736782074,0.06907567381858826,0.0,0.3480767011642456,0.0008761577773839235,0.012247446924448013,6.904826221898475e-08,,,,,
105,0.26270800828933716,0.0009743905454430785,13.076076603960246,4.461980819702148,0.02415314130485058,0.01161812525242567,0.0008910621982067823,0.0007913568406365812,0.014809345826506615,0.011780114844441414,4.3407417251728475e-05,0.011842328123748302,0.01432857383042574,0.06239406019449234,0.0,0.28858357667922974,0.00047165510477498174,0.012480098754167557,1.6718482243049948e-07,,,,,
106,0.2573671340942383,0.0009739049607104018,13.197512103011832,4.126473426818848,0.027061589062213898,0.01067504845559597,0.0007796414429321885,0.0009232311276718974,0.014640862122178078,0.011684582568705082,4.4712243834510446e-05,0.011736851185560226,0.009532667696475983,0.0386262908577919,0.0,0.34500885009765625,0.00041981996037065983,0.012711714021861553,7.556999435109901e-07,,,,,
107,0.2495424747467041,0.0009734149454669931,13.320188288984355,5.326718807220459,0.02458375133574009,0.013318270444869995,0.0011894020717591047,0.0006679847138002515,0.005638754926621914,0.014188471250236034,4.554935730993748e-05,0.014148958027362823,0.012465473264455795,0.05265067517757416,0.0,0.28189903497695923,0.00015668489504605532,0.012946761213243008,3.8727500850654906e-07,,,,,
108,0.2554915249347687,0.0009729205045491051,13.442520503012929,4.097292423248291,0.023469068109989166,0.013055394403636456,0.0011297387536615133,0.000765798322390765,0.006949018221348524,0.01321655698120594,4.637478559743613e-05,0.01318004634231329,0.007849615067243576,0.05664697289466858,0.0,0.41212427616119385,0.0008942206623032689,0.013180895708501339,1.2215848244068184e-07,,,,,
109,0.2711605131626129,0.00097242164283667,13.571167604997754,7.412937164306641,0.025821516290307045,0.011228988878428936,0.0006022267043590546,0.001079365611076355,0.017136497423052788,0.011897814460098743,4.738884308608249e-05,0.011985868215560913,0.010365044698119164,0.05668270215392113,0.0,0.30440008640289307,0.0004820266622118652,0.013419559225440025,1.93007917914656e-06,,,,,
110,0.27362123131752014,0.0009719183652532516,13.694651727972087,6.028929233551025,0.025899788364768028,0.010856939479708672,0.0006947317160665989,0.0010335457045584917,0.016194317489862442,0.011700247414410114,4.7414967411896214e-05,0.011769071221351624,0.0068106320686638355,0.05107741802930832,0.0,0.4908514618873596,0.0013883125502616167,0.013652784749865532,2.8052056677552173e-07,,,,,
111,0.2632412612438202,0.0009714106767659962,13.81345324596623,6.7788777351379395,0.02532356046140194,0.014956815168261528,0.0014235186390578747,0.0006130497786216438,0.004923018626868725,0.014491893351078033,4.659596015699208e-05,0.01441954355686903,0.005938153713941574,0.05257066339254379,0.0,0.27046871185302734,0.0008243519114330411,0.013892965391278267,9.237602398570743e-07,,,,,
112,0.270826131105423,0.0009708985823855846,13.934472828987055,6.458242416381836,0.02664860151708126,0.014887521974742413,0.0014653357211500406,0.0005575979594141245,0.005250586196780205,0.014381179586052895,4.6563927753595635e-05,0.014308162033557892,0.0059545934200286865,0.0742240697145462,0.0,0.3505079746246338,0.0007412306149490178,0.014125037007033825,4.498101588978898e-07,,,,,
113,0.25030791759490967,0.0009703820871661813,14.057565590017475,5.257549285888672,0.02350335568189621,0.010158641263842583,0.0009170087287202477,0.000797685410361737,0.015409613959491253,0.011580289341509342,4.65889934275765e-05,0.011632752604782581,0.01390941720455885,0.059986039996147156,0.0,0.23383983969688416,0.001457573613151908,0.014356746338307858,5.2917751958148074e-08,,,,,
114,0.24837324023246765,0.0009698611962053858,14.177299943985417,5.050806999206543,0.024845484644174576,0.010214168578386307,0.0008954204386100173,0.0008488302119076252,0.014287848025560379,0.01151330303400755,4.5358461647992954e-05,0.011556205339729786,0.007412692066282034,0.0488370880484581,0.0,0.282958060503006,0.0012083142064511776,0.01458342932164669,2.740478976193117e-06,,,,,
115,0.25352779030799866,0.0009693359146441815,14.298643318004906,7.625361442565918,0.02200452610850334,0.013565069064497948,0.0014735907316207886,0.0006395420059561729,0.0041178930550813675,0.01525818556547165,4.4743454054696485e-05,0.015198975801467896,0.0036518797278404236,0.06894496083259583,0.0,0.2966553568840027,0.0021100593730807304,0.014811424538493156,3.301985771031468e-06,,,,,
116,0.2643044590950012,0.0009688062476668852,14.418879790988285,7.485375881195068,0.024144494906067848,0.014318335801362991,0.0013689568731933832,0.0007597598014399409,0.004629712551832199,0.014939642511308193,4.4561387767316774e-05,0.014886293560266495,0.011694801039993763,0.02937634289264679,0.0,0.4333649277687073,0.0005023811245337129,0.015034638345241547,1.7468385067331837e-06,,,,,
117,0.2550136148929596,0.0009682722005010961,14.542453189962544,4.209242820739746,0.02358347922563553,0.01100924238562584,0.000667779182549566,0.00117628020234406,0.013776084408164024,0.01140168309211731,4.4432406866690144e-05,0.011444672010838985,0.007780008018016815,0.069442518055439,0.0,0.30148348212242126,0.001249029766768217,0.015263055451214314,2.541107505749096e-06,,,,,
118,0.2498481422662735,0.0009677337784176445,14.66804234700976,5.132173538208008,0.02493440918624401,0.010145805776119232,0.0006691924063488841,0.0011603161692619324,0.0149555504322052,0.01143037248402834,4.469476334634237e-05,0.0114847207441926,0.0061651235446333885,0.03540492430329323,0.0,0.29085320234298706,0.0009405218297615647,0.01549509447067976,5.449957370728953e-06,,,,,
119,0.23840898275375366,0.0009671909867305388,14.791282388963737,3.9826102256774902,0.022642629221081734,0.01202984806150198,0.0013447492383420467,0.0007009734399616718,0.006441051140427589,0.013494877144694328,4.479667404666543e-05,0.013447939418256283,0.006132284179329872,0.03956916555762291,0.0,0.28879737854003906,0.00025084029766730964,0.015729840844869614,2.5515071229165187e-06,,,,,
120,0.2417466640472412,0.0009666438307969138,14.916099519003183,4.4917426109313965,0.02369132824242115,0.01212858222424984,0.001402643509209156,0.0006303946720436215,0.005910011939704418,0.013554447330534458,4.667554821935482e-05,0.01348470151424408,0.007296251133084297,0.05219356715679169,0.0,0.31526950001716614,0.0009079935844056308,0.01596466451883316,0.00023961473198141903,,,,,
121,0.24514079093933105,0.0009660923160169777,15.043171669007279,5.214069843292236,0.02353471703827381,0.0100740697234869,0.0009803546126931906,0.0008516041561961174,0.01440049335360527,0.011373910121619701,5.1199665904277936e-05,0.01142575591802597,0.00343637028709054,0.06146383285522461,0.0,0.20345744490623474,0.0024718716740608215,0.01620001532137394,1.4741034419785137e-06,,,,,
122,0.24602289497852325,0.0009655364478339585,15.161427361017559,2.984689474105835,0.022824781015515327,0.011032043024897575,0.001035153167322278,0.000833777419757098,0.011973909102380276,0.011322054080665112,5.62418281333521e-05,0.011334977112710476,0.009729722514748573,0.030122391879558563,0.0,0.36094141006469727,0.0009176404564641416,0.016429997980594635,4.763528522744309e-07,,,,,
123,0.2543412446975708,0.0009649762317340511,15.285872520005796,5.665428161621094,0.02293999306857586,0.013536076992750168,0.001443873974494636,0.0006503890617750585,0.005327722989022732,0.013826071284711361,5.9934696764685214e-05,0.013647885993123055,0.014671998098492622,0.039577268064022064,0.0,0.388893187046051,0.0011589457280933857,0.016668986529111862,2.5487815946689807e-07,,,,,
124,0.22901612520217896,0.0009644116732463621,15.409056973992847,1.7940865755081177,0.024044007062911987,0.01177567895501852,0.0009861269500106573,0.0009523026528768241,0.0069303689524531364,0.012256475165486336,6.50150905130431e-05,0.012132614850997925,0.008570261299610138,0.04834163561463356,0.0,0.15324582159519196,0.001290210522711277,0.016918135806918144,4.836606422031764e-07,,,,,
125,0.2493216097354889,0.0009638427779428558,15.532751391001511,4.998959541320801,0.019732723012566566,0.010653087869286537,0.0007001081830821931,0.001259567216038704,0.012795715592801571,0.011184041388332844,7.030474080238491e-05,0.011236518621444702,0.0064454758539795876,0.07622893899679184,0.0,0.37523362040519714,0.0013140150113031268,0.017156388610601425,2.383297896813019e-06,24.99297317309451,29.859141388891842,8.313592341040545,9.100088289096524,25.288227911801954
126,0.24192172288894653,0.0009632695514382992,15.677821070014033,0.6369134187698364,0.02273068204522133,0.011200567707419395,0.0009558417368680239,0.0011204835027456284,0.009055287577211857,0.011569570749998093,7.001989433774725e-05,0.011486299335956573,0.014602613635361195,0.07460973411798477,0.0,0.340948224067688,0.000533074839040637,0.017404861748218536,1.1931235803785967e-06,,,,,
127,0.2421049177646637,0.0009626919993902064,15.799631402012892,4.515695095062256,0.02467714063823223,0.013067048043012619,0.0013346807099878788,0.0007201411644928157,0.0060320510528981686,0.012605133466422558,6.753882917109877e-05,0.01244034618139267,0.01107078604400158,0.06144629046320915,0.0,0.19006630778312683,0.0012290207669138908,0.01765943132340908,4.5994917741154495e-07,,,,,
128,0.2374272644519806,0.0009621101274987831,15.923778786964249,3.1423041820526123,0.023719171062111855,0.010896353051066399,0.0010805774945765734,0.0007623889250680804,0.011813083663582802,0.011126071214675903,6.821667193435133e-05,0.01115397922694683,0.007897156290709972,0.03150928020477295,0.0,0.23662634193897247,0.0002176562265958637,0.017905892804265022,3.3684077038742544e-07,,,,,
129,0.24699263274669647,0.0009615239415068697,16.047668996965513,3.4817183017730713,0.024623185396194458,0.010155171155929565,0.00121824792586267,0.0006751851178705692,0.011725212447345257,0.011113019660115242,6.316739018075168e-05,0.01112928707152605,0.007342334371060133,0.06953646242618561,0.0,0.4462652802467346,0.0005242542247287929,0.018150722607970238,1.7171726085507544e-07,,,,,
130,0.24805332720279694,0.0009609334471998856,16.16813182696933,6.229608535766602,0.020734446123242378,0.013965694233775139,0.0018066284246742725,0.0004698391421698034,0.005300113931298256,0.013325833715498447,5.750307900598273e-05,0.01317258644849062,0.006154938600957394,0.07590778172016144,0.0,0.1981664001941681,0.0002307835384272039,0.018411962315440178,2.5321421048829507e-07,,,,,
131,0.22471192479133606,0.000960338650405771,16.28893794096075,0.9509027004241943,0.02266368642449379,0.011079619638621807,0.001364977564662695,0.0006728085572831333,0.00776655925437808,0.011766082607209682,5.604770194622688e-05,0.011696475557982922,0.012353746220469475,0.021074999123811722,0.0,0.21675634384155273,0.000899801729246974,0.01866125874221325,1.2448057873371e-07,,,,,
132,0.24013319611549377,0.0009597395569949304,16.40938136097975,4.573108673095703,0.025016890838742256,0.009990137070417404,0.0007449064287357032,0.0010572019964456558,0.013353466987609863,0.010991618037223816,5.5670599977020174e-05,0.011031788773834705,0.004796813707798719,0.032494161278009415,0.0,0.2998020052909851,0.0006569213001057506,0.018908821046352386,1.5495220395678189e-06,,,,,
133,0.2310054451227188,0.0009591361728801735,16.529677582962904,1.2450672388076782,0.02099946141242981,0.011493310332298279,0.0009238882339559495,0.001123847789131105,0.008088774979114532,0.011730968952178955,5.46064147783909e-05,0.011663580313324928,0.0051191095262765884,0.03845015913248062,0.0,0.2690376937389374,0.00031762017169967294,0.01916065439581871,2.2408678432839224e-06,,,,,
134,0.24391989409923553,0.0009585285040166583,16.65807910298463,3.8666417598724365,0.022183172404766083,0.011662466451525688,0.0010313272941857576,0.0010053323348984122,0.0069024572148919106,0.012639377266168594,5.3357507567852736e-05,0.012532862834632397,0.0033492788206785917,0.04417479783296585,0.0,0.49600541591644287,0.00017751488485373557,0.019411228597164154,3.6659344004874583e-07,,,,,
135,0.23391835391521454,0.0009579165564018309,16.7821112810052,3.414191484451294,0.02258138731122017,0.010260093957185745,0.0007887763786129653,0.0011233388213440776,0.012249703519046307,0.010974379256367683,5.432911348179914e-05,0.01097353920340538,0.003482411615550518,0.03280667960643768,0.0,0.249911367893219,0.0007242365973070264,0.01968296244740486,2.844433311111061e-06,,,,,
136,0.2316664308309555,0.0009573003360753673,16.90818780096015,0.9679189920425415,0.0240569319576025,0.010674722492694855,0.0011424452532082796,0.0007125743431970477,0.010052258148789406,0.011204778216779232,5.515479278983548e-05,0.011163804680109024,0.012068932875990868,0.06241545081138611,0.0,0.19904646277427673,0.0013464204967021942,0.01995227299630642,9.429330560806193e-08,,,,,
137,0.23251037299633026,0.0009566798491191136,17.0289815539727,2.569575071334839,0.021611766889691353,0.011125783436000347,0.0015612732386216521,0.0005608282517641783,0.006733612157404423,0.012135526165366173,5.59997461095918e-05,0.012026777490973473,0.005138717591762543,0.034146711230278015,0.0,0.41250962018966675,0.0005348074482753873,0.02021256648004055,1.5945485642987478e-07,,,,,
138,0.22206445038318634,0.000956055101657025,17.154023643000983,0.8924136757850647,0.02108297124505043,0.009588237851858139,0.0011710573453456163,0.0006720894016325474,0.00927107036113739,0.011234237812459469,6.0583148297155276e-05,0.011176236905157566,0.004870176315307617,0.0663319081068039,0.0,0.3116798996925354,0.0008516028174199164,0.020488467067480087,2.680594661796931e-07,,,,,
139,0.22554002702236176,0.0009554260998551071,17.277516081987415,1.946302056312561,0.023042302578687668,0.00961417704820633,0.0009715588530525565,0.0008553413208574057,0.010759461671113968,0.011030235327780247,6.550777470692992e-05,0.010989950969815254,0.007257562596350908,0.05155704915523529,0.0,0.2682609260082245,0.0006286677671596408,0.020765414461493492,9.548726893626736e-07,,,,,
140,0.22371894121170044,0.0009547928499213538,17.406371362973005,2.87131667137146,0.023962343111634254,0.011351503431797028,0.001119986642152071,0.0009163827053271234,0.00667320191860199,0.011976780369877815,6.971593393245712e-05,0.011831364594399929,0.010003198869526386,0.018979530781507492,0.0,0.21232077479362488,0.0005384801188483834,0.021042006090283394,9.583993687556358e-07,,,,,
141,0.2260913997888565,0.0009541553581056861,17.534374265989754,0.7657899260520935,0.023381270468235016,0.010279218666255474,0.0008683485793881118,0.0011038966476917267,0.009505406022071838,0.01101975329220295,7.626390288351104e-05,0.01095679309219122,0.008481046184897423,0.04157200828194618,0.0,0.2577981948852539,0.0004531166923698038,0.02131207473576069,7.097488560248166e-05,,,,,
142,0.2271801233291626,0.0009535136306998909,17.660751306975726,1.8773384094238281,0.023127242922782898,0.010482506826519966,0.0008065029978752136,0.001071183942258358,0.009776506572961807,0.010817503556609154,8.246087236329913e-05,0.010787117294967175,0.011529259383678436,0.04027866572141647,0.0,0.2612118124961853,0.0005892554763704538,0.021582184359431267,3.210454906366067e-07,,,,,
143,0.22494101524353027,0.0009528676740375587,17.782861852960195,1.2113797664642334,0.022324178367853165,0.010709024965763092,0.0011702259071171284,0.000778674497269094,0.007021375931799412,0.011501624248921871,8.34376405691728e-05,0.011358159594237804,0.0066711087711155415,0.05066433548927307,0.0,0.3240305781364441,0.0011926107108592987,0.021855121478438377,1.9665188233375375e-07,,,,,
144,0.22312861680984497,0.0009522174944940209,17.914831910980865,2.483431816101074,0.020912349224090576,0.011344785802066326,0.001363170682452619,0.0006948588415980339,0.007052130531519651,0.011578278616070747,8.391354640480131e-05,0.011420459486544132,0.007822614163160324,0.03136827051639557,0.0,0.23509261012077332,0.0005236928118392825,0.022131193429231644,4.15575368606369e-06,,,,,
145,0.22846001386642456,0.000951563098486287,18.042934727971442,4.261108875274658,0.022552793845534325,0.009261604398488998,0.0008372667944058776,0.0009976032888516784,0.01171875,0.01063737366348505,8.731001435080543e-05,0.010671433992683887,0.00799892283976078,0.040076084434986115,0.0,0.3570995330810547,0.0008142507867887616,0.02240557037293911,7.814355171831266e-07,,,,,
146,0.23669695854187012,0.0009509044924729818,18.168460515968036,1.5160020589828491,0.024087324738502502,0.012147001922130585,0.001118295593187213,0.0008469728636555374,0.007916632108390331,0.01129873376339674,8.294247527373955e-05,0.011162187904119492,0.0050908904522657394,0.024875827133655548,0.0,0.2990655303001404,0.00017483152623753995,0.022687098011374474,0.0004702241567429155,,,,,
147,0.22734856605529785,0.0009502416829542803,18.307964414998423,2.2190613746643066,0.022937510162591934,0.010713411495089531,0.001055074855685234,0.0008861739188432693,0.0074016498401761055,0.011582373641431332,7.953090243972838e-05,0.011420609429478645,0.01112679485231638,0.026922784745693207,0.0,0.381511390209198,0.0005355098401196301,0.022971827536821365,7.480010708604823e-07,,,,,
148,0.22894780337810516,0.000949574676471845,18.43525464698905,2.1888253688812256,0.019854169338941574,0.009709437377750874,0.0008958643302321434,0.0010096583282575011,0.011315643787384033,0.010614894330501556,7.70300321164541e-05,0.010586824268102646,0.00947632733732462,0.03686058893799782,0.0,0.3891221284866333,0.0002870436292141676,0.02327113412320614,3.0764067560085095e-07,,,,,
149,0.22529900074005127,0.0009489034796087608,18.56286560196895,1.3841596841812134,0.01985383778810501,0.009899819269776344,0.0009829896735027432,0.0009250604780390859,0.01037616841495037,0.010726549662649632,7.363110489677638e-05,0.010670119896531105,0.005205532535910606,0.028182584792375565,0.0,0.376930296421051,0.00018191455455962569,0.023584384471178055,1.240080791831133e-06,,,,,
150,0.22447478771209717,0.0009482280989894695,18.688989549991675,3.500713348388672,0.0220910906791687,0.010978384874761105,0.0013230991316959262,0.0007017467869445682,0.00607365882024169,0.011916673742234707,7.127160642994568e-05,0.011751905083656311,0.004866522736847401,0.04716344177722931,0.0,0.304792582988739,0.0017397062620148063,0.023907987400889397,7.456417279172456e-07,23.976729409102568,27.367154662319102,8.176394870434384,8.676612471775654,27.028566100986342
151,0.21811288595199585,0.0009475485412797054,18.83014378801454,2.2612926959991455,0.023572584614157677,0.009635282680392265,0.0008569932542741299,0.0009517006110399961,0.010275015607476234,0.010567700490355492,7.532361632911488e-05,0.010531500913202763,0.011653536930680275,0.027369078248739243,0.0,0.23125411570072174,0.0004100936057511717,0.024237357079982758,2.7552682695386466e-06,,,,,
152,0.21978360414505005,0.0009468648131864284,18.955555223976262,0.15978199243545532,0.022705400362610817,0.010612080805003643,0.00101285835262388,0.0009407495963387191,0.008627025410532951,0.010722541250288486,7.855590229155496e-05,0.010646041482686996,0.005456823855638504,0.040332432836294174,0.0,0.18541963398456573,0.0010045364033430815,0.02456001378595829,8.528115358785726e-06,,,,,
153,0.21986529231071472,0.0009461769214577592,19.092735545011237,0.2645089626312256,0.02087492309510708,0.009721905924379826,0.0009876128751784563,0.0009294776245951653,0.009106770157814026,0.01088001299649477,8.110729686450213e-05,0.010773764923214912,0.007664455100893974,0.058777451515197754,0.0,0.3023529648780823,9.2396599939093e-05,0.024873971939086914,2.6054992758872686e-06,,,,,
154,0.21197399497032166,0.000945484872882911,19.220736681018025,1.381839394569397,0.021304184570908546,0.010434131138026714,0.0011295387521386147,0.0007707087206654251,0.007242520805448294,0.011105830781161785,8.71553856995888e-05,0.010958844795823097,0.0027815476059913635,0.03710625320672989,0.0,0.19431447982788086,0.0006302285473793745,0.02519567683339119,2.4650744308019057e-06,,,,,
155,0.2267448455095291,0.0009447886742921243,19.34865680197254,0.6956907510757446,0.02314189076423645,0.010362071916460991,0.0010600474197417498,0.0008154168608598411,0.00932016409933567,0.010512796230614185,9.295648487750441e-05,0.01044063176959753,0.005239278078079224,0.05058039724826813,0.0,0.3031001687049866,0.0013311512302607298,0.02551061287522316,2.9981756597408094e-06,,,,,
156,0.2138815075159073,0.0009440883325565978,19.471947112993803,1.7856069803237915,0.020179273560643196,0.009067184291779995,0.001001567579805851,0.0008781763608567417,0.009942889213562012,0.010377144441008568,9.601346391718835e-05,0.010325892828404903,0.0050468118861317635,0.06000795215368271,0.0,0.2709558606147766,0.00040106731466948986,0.025831490755081177,1.715018129289092e-06,,,,,
157,0.2125135362148285,0.0009433838545884216,19.598155576968566,2.0242562294006348,0.020365271717309952,0.010862807743251324,0.001153841963969171,0.0007741679437458515,0.006986954249441624,0.011257288046181202,9.567623055772856e-05,0.01106018852442503,0.007101704832166433,0.017620772123336792,0.0,0.18772779405117035,0.0006896398845128715,0.026156840845942497,0.00020684587070718408,,,,,
158,0.23117302358150482,0.0009426752473405091,19.72564279497601,1.4183305501937866,0.021862979978322983,0.010981685481965542,0.0010271391365677118,0.0009472988895140588,0.007706425152719021,0.010786903090775013,9.258813224732876e-05,0.010641239583492279,0.012610013596713543,0.04760858416557312,0.0,0.41672587394714355,0.0008481410332024097,0.02647119201719761,2.0373181541799568e-06,,,,,
159,0.22465422749519348,0.0009419625178065278,19.85185326897772,5.083305358886719,0.02219497784972191,0.009454384446144104,0.0006416538381017745,0.0012196371098980308,0.012296587228775024,0.010114122182130814,8.817180787445977e-05,0.010141764767467976,0.007138978689908981,0.03586187958717346,0.0,0.270662784576416,0.00012776926450897008,0.026804594323039055,5.715029374186997e-07,,,,,
160,0.23131400346755981,0.0009412456730208301,19.972884787013754,5.345053672790527,0.02066493220627308,0.012815575115382671,0.0014046694850549102,0.0006906533380970359,0.004863490350544453,0.012144915759563446,7.889620610512793e-05,0.011915802955627441,0.0019484881777316332,0.04268066957592964,0.0,0.26194000244140625,0.001316188252530992,0.027141965925693512,1.0783039670059225e-06,,,,,
161,0.21283605694770813,0.0009405247200583851,20.096496168000158,1.600311040878296,0.019931957125663757,0.009400560520589352,0.001018012990243733,0.0009051618399098516,0.009725445881485939,0.01030003186315298,7.652439671801403e-05,0.010230340994894505,0.009749438613653183,0.0548705980181694,0.0,0.2244597226381302,0.0005113919614814222,0.02747892029583454,3.7008710478403373e-06,,,,,
162,0.21737200021743774,0.000939799666034707,20.22482720896369,2.430751085281372,0.020870527252554893,0.009209600277245045,0.0010024920338764787,0.000962883117608726,0.010783074423670769,0.010114911012351513,7.629260653629899e-05,0.01007393654435873,0.005203374195843935,0.030934033915400505,0.0,0.30414533615112305,0.0003077118890359998,0.027813181281089783,1.64596985996468e-06,,,,,
163,0.23531781136989594,0.0009390705181057868,20.351061563997064,3.9182262420654297,0.018826225772500038,0.011570545844733715,0.001413663849234581,0.0007261139107868075,0.005950770806521177,0.011560430750250816,7.534676842624322e-05,0.01137584913522005,0.005119877401739359,0.05949733406305313,0.0,0.5097974538803101,0.0003755012294277549,0.028152981773018837,1.0835317425517133e-06,,,,,
164,0.21746836602687836,0.0009383372834680197,20.484878812974785,2.5556323528289795,0.020617621019482613,0.009356282651424408,0.0009582242928445339,0.0010326835326850414,0.010430592112243176,0.010007978416979313,7.659643597435206e-05,0.009971071034669876,0.011281807906925678,0.03365645557641983,0.0,0.30936896800994873,0.000217929802602157,0.028528664261102676,3.4390640735182387e-07,,,,,
165,0.21903236210346222,0.0009375999693581359,20.61284891300602,0.43952062726020813,0.020883895456790924,0.010162635706365108,0.0010718810372054577,0.0009250916773453355,0.008701370097696781,0.010266686789691448,7.649010512977839e-05,0.01018095575273037,0.006481338758021593,0.10640151798725128,0.0,0.18203255534172058,0.0003166312235407531,0.028911052271723747,5.896079073863802e-07,,,,,
166,0.21216745674610138,0.0009368585830531277,20.73726798198186,2.36301326751709,0.018602367490530014,0.010148500092327595,0.0013502686051651835,0.0007695092353969812,0.006674647331237793,0.011043933220207691,7.756546256132424e-05,0.010879876092076302,0.005379403941333294,0.0842820554971695,0.0,0.20799364149570465,0.0007309037027880549,0.029281947761774063,4.176546894996136e-07,,,,,
167,0.22016598284244537,0.000936113131870179,20.86052305396879,1.8375351428985596,0.021158073097467422,0.009436468593776226,0.000950642628595233,0.0010049286065623164,0.009679866954684258,0.009914432652294636,8.42022491269745e-05,0.00985792651772499,0.01548029761761427,0.08147966116666794,0.0,0.3143731951713562,0.00018318738148082048,0.02964896894991398,7.587794925711933e-07,,,,,
168,0.2147342413663864,0.0009353636231665917,20.982784111984074,0.20473964512348175,0.01953064650297165,0.010027012787759304,0.0010328860953450203,0.0009407749166712165,0.00829860009253025,0.010075872763991356,8.961131970863789e-05,0.00997263565659523,0.002741317730396986,0.047170571982860565,0.0,0.32020890712738037,0.0001673422084422782,0.030025215819478035,1.4211982488632202e-06,,,,,
169,0.21052919328212738,0.0009346100643397144,21.105721689993516,1.7770872116088867,0.02214210480451584,0.010177772492170334,0.0012295482447370887,0.0007983056711964309,0.007531576789915562,0.010272987186908722,9.677396155893803e-05,0.010121120139956474,0.006154508795589209,0.028550229966640472,0.0,0.22483746707439423,0.00026537495432421565,0.030412813648581505,0.00010369617666583508,,,,,
170,0.20621027052402496,0.0009338524628268683,21.260580992966425,2.990697145462036,0.01670737750828266,0.00907890498638153,0.0008898689411580563,0.0010102411033585668,0.01133558340370655,0.009602347388863564,0.00010449385445099324,0.009601665660738945,0.0044259545393288136,0.01819976419210434,0.0,0.21481728553771973,0.0002619910810608417,0.030793525278568268,3.165876023558667e-07,,,,,
171,0.2138495296239853,0.0009330908261052745,21.383112097973935,2.0118658542633057,0.021327978000044823,0.010640107095241547,0.001316159963607788,0.0007405401556752622,0.006884976290166378,0.010347793810069561,0.00010177251533605158,0.010162988677620888,0.003135467180982232,0.017804453149437904,0.0,0.30246391892433167,0.00016246075392700732,0.031170545145869255,4.542060594303621e-07,,,,,
172,0.20707352459430695,0.0009323251616919799,21.50993247400038,0.8220959305763245,0.018759017810225487,0.010438005439937115,0.001087765907868743,0.0008728070533834398,0.007650503423064947,0.009968244470655918,0.00010121845843968913,0.009827917441725731,0.007602418307214975,0.04892909526824951,0.0,0.17162162065505981,0.00011103496217401698,0.03155561536550522,1.4929845519873197e-06,,,,,
173,0.20784424245357513,0.0009315554771437833,21.633147144981194,3.2832112312316895,0.018674461171030998,0.0090561518445611,0.0007630375912413001,0.0011863464023917913,0.010510802268981934,0.009451002813875675,0.00010124777327291667,0.009451319463551044,0.010954633355140686,0.037333231419324875,0.0,0.23804286122322083,0.00015104285557754338,0.031932488083839417,2.1734587107857806e-07,,,,,
174,0.215704083442688,0.0009307817800571602,21.755300675984472,3.4458718299865723,0.0204576775431633,0.011174274608492851,0.001319274539127946,0.000741761876270175,0.00581244146451354,0.010578365996479988,9.670134750194848e-05,0.010357886552810669,0.007495395839214325,0.05026561766862869,0.0,0.26861298084259033,0.00028087064856663346,0.032313305884599686,7.412670129269827e-06,,,,,
175,0.19533616304397583,0.0009300040780681889,21.87787709699478,1.6244271993637085,0.02023329772055149,0.008934931829571724,0.000855650519952178,0.0009984727948904037,0.00933847390115261,0.009454149752855301,9.445162868360057e-05,0.009401680901646614,0.005655405577272177,0.03759993612766266,0.0,0.0937127023935318,0.00030947307823225856,0.032698798924684525,1.548690079289372e-06,22.677914291874917,25.945749897969314,8.252180606673678,8.687198112767085,25.278535619666275
176,0.19461800158023834,0.0009292223788524738,22.026598716969602,2.4615912437438965,0.017843294888734818,0.008543132804334164,0.0009216192411258817,0.0009438846609555185,0.010035363957285881,0.009436719119548798,9.200808563036844e-05,0.00937733706086874,0.005273017100989819,0.03920990228652954,0.0,0.1330609917640686,0.00021409234614111483,0.03305917605757713,1.2355545209175034e-07,,,,,
177,0.21400925517082214,0.0009284366901250704,22.14898156898562,5.971217155456543,0.01950136199593544,0.011638080701231956,0.001506313099525869,0.0005936195375397801,0.004108465276658535,0.011871667578816414,8.66282862261869e-05,0.011587138287723064,0.005721014924347401,0.04282566159963608,0.0,0.22651740908622742,0.00025782876764424145,0.03340722993016243,4.4991574554842373e-07,,,,,
178,0.20246320962905884,0.0009276470196404096,22.271984616992995,2.2464652061462402,0.01804342493414879,0.009184053167700768,0.0007479970226995647,0.0011911074398085475,0.009833306074142456,0.009240740910172462,8.995196549221873e-05,0.009208301082253456,0.005514975171536207,0.015487591736018658,0.0,0.24794521927833557,0.00016715802485123277,0.03375045210123062,2.816009100570227e-06,,,,,
179,0.20488610863685608,0.0009268533751922201,22.394817514985334,3.462937355041504,0.01864907704293728,0.008692741394042969,0.0006684537511318922,0.001192129566334188,0.010878163389861584,0.009141698479652405,8.987204637378454e-05,0.00913331750780344,0.005196451209485531,0.06038434058427811,0.0,0.2130698561668396,0.00014170838403515518,0.03410070762038231,3.2850851994226105e-07,,,,,
180,0.223568394780159,0.0009260557646134523,22.516478694975376,7.516524314880371,0.017060909420251846,0.012731882743537426,0.001682119444012642,0.0004497928894124925,0.0037475544959306717,0.01216918881982565,8.66378250066191e-05,0.011865424923598766,0.005943735130131245,0.039789844304323196,0.0,0.29580914974212646,0.0003040968149434775,0.03444994240999222,2.294518253620481e-06,,,,,
181,0.2018493413925171,0.0009252541957762005,22.64202753297286,0.4208584725856781,0.017005229368805885,0.00915699265897274,0.0011512020137161016,0.0007234350778162479,0.008273320272564888,0.009495100006461143,9.111164399655536e-05,0.009378066286444664,0.0071515245363116264,0.06538892537355423,0.0,0.2739197611808777,0.0004593776538968086,0.03479810804128647,4.443656962394016e-06,,,,,
182,0.21796005964279175,0.0009244486765916255,22.77355111198267,6.781046390533447,0.01878095045685768,0.009011599235236645,0.0005340576171875,0.001339181326329708,0.014176620170474052,0.009193631820380688,9.73829155554995e-05,0.009322901256382465,0.010462399572134018,0.03723158687353134,0.0,0.1854310929775238,8.691955736139789e-05,0.03515625,6.22111087977828e-07,,,,,
183,0.19582560658454895,0.0009236392150098764,22.896476843976416,2.0893313884735107,0.017347101122140884,0.009408959187567234,0.0011490159668028355,0.0007113273604772985,0.006441030651330948,0.009817227721214294,9.611633140593767e-05,0.00963470246642828,0.009072277694940567,0.06480367481708527,0.0,0.23270288109779358,0.00036894838558509946,0.035503286868333817,6.516029316117056e-07,,,,,
184,0.20116986334323883,0.0009228258190200126,23.02279523498146,4.396933078765869,0.017522212117910385,0.010694759897887707,0.0014031956670805812,0.0006248783902265131,0.005226453300565481,0.010460770688951015,9.703291289042681e-05,0.010206320323050022,0.004349191673099995,0.04558650404214859,0.0,0.18987052142620087,0.00029240665026009083,0.03585527837276459,6.149523414933356e-07,,,,,
185,0.22466585040092468,0.0009220084966499235,23.14381613896694,9.235296249389648,0.01764129474759102,0.00888216681778431,0.00038220867281779647,0.0015877606347203255,0.015462266281247139,0.009180901572108269,0.00010566819400992244,0.009350684471428394,0.0021326392889022827,0.05487912893295288,0.0,0.21159902215003967,8.713304850971326e-05,0.03620537370443344,7.534896440120065e-07,,,,,
186,0.19484199583530426,0.0009211872559662515,23.26501092297258,3.567634105682373,0.017564428970217705,0.008262066170573235,0.0006612739525735378,0.0011260723695158958,0.00981440581381321,0.008697355166077614,0.00010510657011764124,0.008673862554132938,0.009254444390535355,0.02656148374080658,0.0,0.2994244694709778,0.00012611414422281086,0.036542586982250214,3.7056702240079176e-06,,,,,
187,0.2444482445716858,0.0009203621050743103,23.388517373008654,13.575429916381836,0.01747109368443489,0.014780513942241669,0.002376846969127655,0.00019301983411423862,0.0013383276527747512,0.015648189932107925,0.00010043839574791491,0.015096902847290039,0.007357131689786911,0.045052312314510345,0.0,0.1965532749891281,0.0004474436573218554,0.03690481185913086,1.4126674159342656e-06,,,,,
188,0.22832684218883514,0.0009195330521180062,23.513120868010446,10.917319297790527,0.016189783811569214,0.012716034427285194,0.0020238521974533796,0.0002523802686482668,0.002190130762755871,0.013927970081567764,0.00010339279106119648,0.013426116667687893,0.006871726363897324,0.07299961149692535,0.0,0.2940463125705719,0.00074247014708817,0.0372452586889267,1.825964864110574e-05,,,,,
189,0.20159535109996796,0.0009187001052797571,23.637341548979748,7.80996561050415,0.0163474902510643,0.007828151807188988,0.00042465407750569284,0.0015114203561097383,0.01382417418062687,0.008828792721033096,0.00011439476656960323,0.008975389413535595,0.012366922572255135,0.05888807773590088,0.0,0.08541569113731384,8.403775427723303e-05,0.0375787615776062,0.00031335727544501424,,,,,
190,0.21420824527740479,0.000917863272780412,23.761013989977073,8.273539543151855,0.018689151853322983,0.008612395264208317,0.0004743983445223421,0.0014485170831903815,0.014135899022221565,0.00883073452860117,0.00011574946984183043,0.008991451002657413,0.0043816640973091125,0.03876885026693344,0.0,0.1962282657623291,9.990694525185972e-05,0.037888504564762115,1.4002124260059645e-07,,,,,
191,0.20767925679683685,0.00091702256287917,23.882764907961246,8.839118957519531,0.016033295542001724,0.011691082268953323,0.001980434637516737,0.000312373333144933,0.002750886371359229,0.011987880803644657,0.00011029863526346162,0.011553698219358921,0.0031322110444307327,0.020482458174228668,0.0,0.25956302881240845,0.00040380164864473045,0.038190197199583054,0.0003745531430467963,,,,,
192,0.19450661540031433,0.0009161779838734982,24.005928680999205,6.512929439544678,0.016842899844050407,0.010901745408773422,0.0014204729814082384,0.00044776377035304904,0.0037619597278535366,0.010829555802047253,0.00011417621863074601,0.010460056364536285,0.010842694900929928,0.03900831192731857,0.0,0.1640486717224121,0.0003116630541626364,0.03849009424448013,3.0364221856871154e-06,,,,,
193,0.23289524018764496,0.0009153295440990506,24.131952012015972,10.752654075622559,0.018085019662976265,0.008514119312167168,0.00018241550424136221,0.0019824551418423653,0.018542997539043427,0.009759361855685711,0.00012537978182081133,0.010107873007655144,0.003267936874181032,0.04403344541788101,0.0,0.10423709452152252,7.080132490955293e-05,0.038783274590969086,1.315710562721506e-07,,,,,
194,0.22559289634227753,0.0009144772519295853,24.26087360898964,11.00207805633545,0.019183652475476265,0.008214685134589672,0.00019207701552659273,0.001866352278739214,0.01737772673368454,0.009714208543300629,0.0001226019812747836,0.010056869126856327,0.014233496971428394,0.02860470861196518,0.0,0.12032505124807358,0.00020076555665582418,0.039057210087776184,1.7101567095778591e-07,,,,,
195,0.1948075294494629,0.0009136211157768814,24.387963061977644,4.410149574279785,0.016906341537833214,0.010248428210616112,0.0013709173072129488,0.00047627484309487045,0.0046013351529836655,0.009883134625852108,0.00011197421554243192,0.009599292650818825,0.004975374788045883,0.03287578001618385,0.0,0.29843869805336,0.000316459103487432,0.03931471332907677,0.00013783821486867964,,,,,
196,0.1887587308883667,0.0009127611440906577,24.51241145899985,4.7620086669921875,0.017725637182593346,0.010286767035722733,0.0013516646577045321,0.0004812358820345253,0.00465485081076622,0.00986405648291111,0.00010934653255390003,0.009590640664100647,0.01247295644134283,0.018135659396648407,0.0,0.1802213191986084,0.00029489799635484815,0.03961215168237686,4.912769782094983e-06,,,,,
197,0.21694780886173248,0.0009118973453584873,24.63472950796131,10.518956184387207,0.018411124125123024,0.007973631843924522,0.00017224001931026578,0.0017992116045206785,0.017158107832074165,0.009298151358962059,0.00011269647802691907,0.009592755697667599,0.005708435550332069,0.03928646445274353,0.0,0.06289803236722946,9.27888322621584e-05,0.03991871327161789,2.1995975885147345e-07,,,,,
198,0.20536714792251587,0.0009110297281057149,24.759390046994668,8.847339630126953,0.019408054649829865,0.0075987852178514,0.00024190251133404672,0.0015514418482780457,0.014713844284415245,0.008573516272008419,0.00010653401113813743,0.008756696246564388,0.0060453470796346664,0.019106749445199966,0.0,0.20620915293693542,8.968543261289597e-05,0.04020082950592041,9.237664357897302e-07,,,,,
199,0.21422816812992096,0.0009101583008953727,24.88439435797045,10.240214347839355,0.015315929427742958,0.011694051325321198,0.0017272625118494034,0.0002438676601741463,0.0023847585543990135,0.013064424507319927,9.65682920650579e-05,0.012646366842091084,0.007554739713668823,0.034751854836940765,0.0,0.38407593965530396,0.0006236971821635962,0.040480099618434906,1.2892672884845524e-06,,,,,
200,0.21965183317661285,0.0009092830723280953,25.006062814965844,11.88773250579834,0.016391504555940628,0.01315914373844862,0.00196863804012537,0.00018649702542461455,0.002153904177248478,0.013545968569815159,9.679880895419046e-05,0.013101568445563316,0.008683779276907444,0.021354056894779205,0.0,0.20778800547122955,0.0005516883684322238,0.04077227786183357,5.6767398746160325e-06,21.491125281358677,23.15490521469563,5.793383049181284,9.247073471939924,26.75142547525534
201,0.18009373545646667,0.0009084040510420354,25.150914963975083,4.540002346038818,0.017168771475553513,0.007577965967357159,0.00047723588068038225,0.001090657664462924,0.010681992396712303,0.008027482777833939,0.00010359422594774514,0.008050678297877312,0.006569835357367992,0.02915576845407486,0.0,0.14547494053840637,0.00014306523371487856,0.041055843234062195,1.1996677073966566e-07,,,,,
202,0.18208424746990204,0.0009075212457127782,25.273766219965182,3.9628467559814453,0.01583845354616642,0.007851893082261086,0.00047278532292693853,0.0009245689725503325,0.010091212578117847,0.007986976765096188,0.0001067446792148985,0.007976757362484932,0.0020781378261744976,0.039199791848659515,0.0,0.23413234949111938,0.00032511388417333364,0.04134427011013031,3.8105372368590906e-07,,,,,
203,0.20458674430847168,0.0009066346650532561,25.394056721997913,10.040940284729004,0.016931554302573204,0.012168534100055695,0.0017184859607368708,0.0002006122813327238,0.002443563425913453,0.012418546713888645,0.00010688397742342204,0.011946892365813255,0.008614424616098404,0.05507795512676239,0.0,0.0916948914527893,0.0009635160677134991,0.04165978357195854,1.351291393802967e-05,,,,,
204,0.1846170574426651,0.0009057443178136618,25.517029921000358,5.5627875328063965,0.014467353001236916,0.009898016229271889,0.0011185298208147287,0.00046055830898694694,0.0036743402015417814,0.009920707903802395,0.00011606937914621085,0.009563938714563847,0.004879357293248177,0.0480194091796875,0.0,0.2855718731880188,0.000980783486738801,0.04195578768849373,1.2217090272770292e-07,,,,,
205,0.2516408860683441,0.0009048502127813635,25.64339600596577,14.101554870605469,0.018198054283857346,0.008708370849490166,5.8128556702286005e-05,0.0022433320991694927,0.020691316574811935,0.010437428951263428,0.0001353645056951791,0.010914471931755543,0.0017692772671580315,0.03054875135421753,0.0,0.20613136887550354,0.00044562265975400805,0.04228578135371208,6.957351956771163e-07,,,,,
206,0.2773735225200653,0.0009039523587808167,25.766837669012602,16.366893768310547,0.018567049875855446,0.010443865321576595,4.714276292361319e-05,0.0022933529689908028,0.022524219006299973,0.011523900553584099,0.0001419965410605073,0.012119059450924397,0.004398854449391365,0.047991737723350525,0.0,0.15236952900886536,0.00036661341437138617,0.042600926011800766,1.012620941764908e-06,,,,,
207,0.16668815910816193,0.0009030507646734779,25.890182974981144,2.8009231090545654,0.01507551223039627,0.007286788430064917,0.000691761844791472,0.0008150545763783157,0.008373958058655262,0.0077156187035143375,0.0001357826986350119,0.007671595551073551,0.006331180222332478,0.018162351101636887,0.0,0.20517027378082275,0.00018594408174976707,0.04289709031581879,1.952288130269153e-06,,,,,
208,0.30280056595802307,0.0009021454393577171,26.012994749995414,20.579246520996094,0.016777707263827324,0.019111409783363342,0.0031996991019695997,2.644441519805696e-05,0.0015839714324101806,0.019835900515317917,0.00012773832713719457,0.018936768174171448,0.006097372155636549,0.03627627342939377,0.0,0.20620478689670563,0.0014250284293666482,0.04321648180484772,5.3752836493004e-07,,,,,
209,0.36457565426826477,0.0009012363917687298,26.13291353196837,25.09756851196289,0.01807045191526413,0.02475360594689846,0.0033266586251556873,3.349644975969568e-05,0.0022853417322039604,0.023433875292539597,0.00013103970559313893,0.022398678585886955,0.004651971161365509,0.032869476824998856,0.0,0.14406654238700867,0.001990983262658119,0.04351875185966492,5.242849852038489e-07,,,,,
210,0.18761269748210907,0.0009003236308784483,26.2542178669828,8.954804420471191,0.014629371464252472,0.01150042749941349,0.0013493364676833153,0.0003469450166448951,0.002578397048637271,0.01091728638857603,0.00014271054533310235,0.0103936567902565,0.00739609869197011,0.04355289414525032,0.0,0.08789025247097015,0.0004908700939267874,0.04379972070455551,2.365311217999988e-07,,,,,
211,0.2871231436729431,0.0008994071656954544,26.377105952007696,17.90488624572754,0.01895732432603836,0.009933827444911003,3.335509245516732e-05,0.0029092608019709587,0.02423173561692238,0.012950020842254162,0.00016211664478760213,0.013769726268947124,0.005850094370543957,0.03262002393603325,0.0,0.06454304605722427,0.0004554090555757284,0.044067177921533585,3.0701977493663435e-07,,,,,
212,0.4364027976989746,0.0008984870052648894,26.500427393999416,24.65253448486328,0.019982468336820602,0.015493065118789673,0.00017243728507310152,0.0036930497735738754,0.039420560002326965,0.02045573852956295,0.00016601118841208518,0.021735668182373047,0.005507925525307655,0.04685263708233833,0.0,0.08201168477535248,0.0009901468874886632,0.044312961399555206,7.207195551472978e-08,,,,,
213,0.299124151468277,0.0008975631586683652,26.623123019002378,18.160566329956055,0.019038178026676178,0.010295181535184383,3.0116176276351325e-05,0.00232957792468369,0.026929344981908798,0.013456393964588642,0.00015418280963785946,0.01428581029176712,0.00511292926967144,0.04458153620362282,0.0,0.08559833467006683,0.00034544451045803726,0.044538091868162155,2.5975208473028033e-07,,,,,
214,0.17807024717330933,0.0008966356350238747,26.74635050300276,3.7927393913269043,0.01613759994506836,0.00913679413497448,0.0015676904004067183,0.0001828094682423398,0.004986392334103584,0.00849171169102192,0.00013051342102698982,0.008236713707447052,0.0057906657457351685,0.08459603786468506,0.0,0.13609188795089722,0.0010234818328171968,0.044746845960617065,3.7901227187830955e-06,,,,,
215,0.21818919479846954,0.000895704443485702,26.87186524498975,12.783302307128906,0.014271749183535576,0.012794183567166328,0.002068578265607357,0.00010986495180986822,0.001567954197525978,0.013624394312500954,0.00011845652625197545,0.013026770204305649,0.010487967170774937,0.07405756413936615,0.0,0.19712138175964355,0.0011878559598699212,0.0449686236679554,1.778261321305763e-06,,,,,
216,0.170996755361557,0.0008947695932443316,26.99924460396869,5.338066577911377,0.016737371683120728,0.00891539454460144,0.0006263524992391467,0.0008809341816231608,0.003635634668171406,0.009242118336260319,0.00011612871458055452,0.008906952105462551,0.0029842229560017586,0.05744389444589615,0.0,0.19465240836143494,0.00018918690329883248,0.04519054666161537,8.042963486332155e-07,,,,,
217,0.2621610164642334,0.0008938310935263577,27.12165756599279,15.465595245361328,0.018003983423113823,0.009060368873178959,3.310019747004844e-05,0.0027762490790337324,0.02231895551085472,0.010748201049864292,0.00012036627595080063,0.011257424019277096,0.006159651093184948,0.02897566184401512,0.0,0.10657553374767303,0.0005097463726997375,0.04544147104024887,3.508478698677209e-07,,,,,
218,0.30243757367134094,0.000892888953594394,27.246571596013382,18.783174514770508,0.017367124557495117,0.010210879147052765,2.8527281756396405e-05,0.002410927088931203,0.027882283553481102,0.01325907465070486,0.00011465956777101383,0.013894191943109035,0.0072787124663591385,0.05146844685077667,0.0,0.11573246121406555,0.0006631963769905269,0.045676376670598984,3.602169442729064e-07,,,,,
219,0.19302333891391754,0.0008919431827469809,27.367674442008138,8.057005882263184,0.01626042276620865,0.0069618504494428635,0.00047687377082183957,0.0007993481121957302,0.014291892759501934,0.0077963476069271564,0.00010164214472752064,0.007951146923005581,0.006629624404013157,0.03930174559354782,0.0,0.282981812953949,0.00016896524175535887,0.04589676484465599,1.3101534932502545e-06,,,,,
220,0.28063395619392395,0.0008909937903184951,27.490646727965213,18.45301628112793,0.01559219416230917,0.01706206612288952,0.003579092212021351,0.00011238684965064749,0.0013473678845912218,0.01780826412141323,8.859975059749559e-05,0.01726142317056656,0.005542253144085407,0.03973055258393288,0.0,0.187459334731102,0.0015459208516404033,0.04614841192960739,4.204734977975022e-07,,,,,
221,0.4074980914592743,0.0008900407856790567,27.61712087399792,27.628917694091797,0.016873734071850777,0.02451152354478836,0.005012277513742447,0.0003454113320913166,0.0028670555911958218,0.027461478486657143,8.503492426825687e-05,0.026824073866009712,0.005691980943083763,0.059122055768966675,0.0,0.2336777150630951,0.002138119423761964,0.04639088734984398,3.4605463383741153e-07,,,,,
222,0.25861525535583496,0.0008890841782344365,27.74382291396614,17.42017936706543,0.01628061756491661,0.016295693814754486,0.002872294280678034,3.750004543690011e-05,0.0011530575575307012,0.01700916327536106,8.465948485536501e-05,0.016521787270903587,0.006710725836455822,0.040196992456912994,0.0,0.10471455007791519,0.0007124930853024125,0.046622052788734436,3.647990638455667e-07,,,,,
223,0.17310474812984467,0.0008881239774259638,27.871151066967286,6.883724212646484,0.016467401757836342,0.006351516582071781,0.0001953349419636652,0.0015504038892686367,0.012319657020270824,0.007163314148783684,9.126998338615522e-05,0.007233685813844204,0.004833318293094635,0.03290450572967529,0.0,0.11010146141052246,0.0002978099510073662,0.04683975502848625,6.73650447424734e-07,,,,,
224,0.20912086963653564,0.0008871601927304331,27.997216235962696,11.391622543334961,0.016972407698631287,0.006764059420675039,6.767231388948858e-05,0.0020839362405240536,0.01689516380429268,0.008316309191286564,9.286439308198169e-05,0.008551998995244503,0.00535877700895071,0.03806193917989731,0.0,0.198753222823143,0.000213849067222327,0.047058381140232086,1.295457309424819e-06,,,,,
225,0.1630108505487442,0.0008861928336600101,28.12108834699029,1.414707064628601,0.015602498315274715,0.0073372721672058105,0.0004383953055366874,0.0008990822825580835,0.008280166424810886,0.007111868355423212,8.997230906970799e-05,0.007037797011435032,0.01050633192062378,0.03275841102004051,0.0,0.18073341250419617,0.00013035174924880266,0.04728414863348007,2.2274132049915352e-07,23.372867242619954,31.977120639754865,12.789158935341812,2.179141011097271,7.479009482266662
226,0.20005249977111816,0.0008852219097621384,28.266162378014997,11.562291145324707,0.014433147385716438,0.011255329474806786,0.0021703457459807396,4.8246227379422635e-05,0.0018501895247027278,0.012697453610599041,8.807033009361476e-05,0.012286133132874966,0.008761180564761162,0.07933123409748077,0.0,0.11628497391939163,0.0009062362369149923,0.04754580557346344,2.9647478640981717e-06,,,,,
227,0.1810794472694397,0.0008842474306194447,28.39196020597592,8.793266296386719,0.013277551159262657,0.010190427303314209,0.001891779014840722,7.43234995752573e-05,0.0026217566337436438,0.010430265218019485,9.305544517701492e-05,0.010076767764985561,0.003987383097410202,0.06212843209505081,0.0,0.13640901446342468,0.0009047773201018572,0.04779733717441559,5.444884436656139e-07,,,,,
228,0.18469904363155365,0.0008832694058496449,28.5151092899614,8.914161682128906,0.01614181511104107,0.006788590457290411,0.0002934223157353699,0.0012092961696907878,0.014636155217885971,0.007618263829499483,0.00010694991215132177,0.007831997238099575,0.003848518244922161,0.04797405004501343,0.0,0.07203216850757599,6.633951852563769e-05,0.04804451763629913,8.57127247400058e-07,,,,,
229,0.20208851993083954,0.0008822878451054484,28.642528578988276,9.787484169006348,0.015498422086238861,0.007044105790555477,0.000107039806607645,0.0017306258669123054,0.015655025839805603,0.00786404125392437,0.00011483958951430395,0.008141187950968742,0.006779436022043228,0.024332987144589424,0.0,0.24798434972763062,0.0008608154021203518,0.048277247697114944,1.0376671752965194e-06,,,,,
230,0.1578867882490158,0.0008813027580744639,28.789776391000487,3.0220909118652344,0.013479861430823803,0.007876122370362282,0.0008539067930541933,0.0006064582848921418,0.004561691544950008,0.007797633297741413,0.00010944385576294735,0.007563167717307806,0.003582479665055871,0.024450315162539482,0.0,0.27832555770874023,0.00014201767044141889,0.04853028804063797,5.001947442906385e-07,,,,,
231,0.16774168610572815,0.0008803141544791022,28.91630013397662,6.821222305297852,0.014545083977282047,0.00967449601739645,0.0011690979590639472,0.00033829762833192945,0.0028682891279459,0.009206246584653854,0.00011069104220950976,0.00883970595896244,0.007099903654307127,0.043294910341501236,0.0,0.1382209211587906,0.0004076581681147218,0.04884761944413185,2.6839102247322444e-06,,,,,
232,0.16021950542926788,0.0008793220440764821,29.039781790983398,4.1659698486328125,0.014120178297162056,0.006466669961810112,0.00041931989835575223,0.0009412604849785566,0.00940205529332161,0.006652765441685915,0.0001159870735136792,0.006695000920444727,0.011111702769994736,0.0397668294608593,0.0,0.2053236961364746,0.0002593042445369065,0.049166832119226456,0.00018958040163852274,,,,,
233,0.15450647473335266,0.0008783264366583325,29.161320792976767,2.2880303859710693,0.011502543464303017,0.0063932789489626884,0.000612506759352982,0.0006435841787606478,0.007412823848426342,0.00659789377823472,0.00011419049405958503,0.0065585654228925705,0.002767984988167882,0.056797754019498825,0.0,0.3210781216621399,0.0002689836546778679,0.04952231049537659,1.0429572228076722e-07,,,,,
234,0.15039438009262085,0.0008773273420508967,29.282878161000554,5.3724541664123535,0.012402305379509926,0.008186420425772667,0.0011833582539111376,0.00027689358103089035,0.003084228839725256,0.00836202409118414,0.00011279301543254405,0.008028004318475723,0.014671802520751953,0.0123207475990057,0.0,0.18965068459510803,0.0001520084188086912,0.04994810000061989,3.139308319077827e-06,,,,,
235,0.15404513478279114,0.0008763247701148352,29.42000799399102,2.4627561569213867,0.014264155179262161,0.006230344530194998,0.0004860714543610811,0.0009406201425008476,0.007905510254204273,0.006414770148694515,0.00011920992255909368,0.0063613965176045895,0.005098449066281319,0.06012828275561333,0.0,0.21478503942489624,0.0002471457701176405,0.05039197951555252,2.755162711309822e-07,,,,,
236,0.14563964307308197,0.0008753187307451283,29.54992585699074,1.8719907999038696,0.012676571495831013,0.006549573503434658,0.00047446912503801286,0.0008698293822817504,0.007068749517202377,0.006349360570311546,0.00011892479233210906,0.006283964030444622,0.0065966383554041386,0.029993820935487747,0.0,0.17144861817359924,0.0001438618783140555,0.05086922645568848,0.0002962329308502376,,,,,
237,0.16300180554389954,0.0008743092338709782,29.673049686010927,4.206510543823242,0.014250852167606354,0.008250541053712368,0.0010522960219532251,0.0003356637607794255,0.004080100450664759,0.007367011625319719,0.0001164033601526171,0.0070950682274997234,0.010451802983880043,0.0696844756603241,0.0,0.29083043336868286,0.0003699769440572709,0.05136341229081154,4.523663847066928e-06,,,,,
238,0.15492349863052368,0.0008732962894557116,29.794684446998872,4.571951866149902,0.013176972046494484,0.005974926054477692,0.0003944715135730803,0.0008684545755386353,0.008670402690768242,0.006137060932815075,0.00012074629921698943,0.0061716618947684765,0.008046993054449558,0.06467282772064209,0.0,0.27158331871032715,0.00031025445787236094,0.0519060455262661,3.8209060448934906e-07,,,,,
239,0.13949966430664062,0.0008722799074966811,29.915334919001907,2.1734228134155273,0.011991217732429504,0.006786887999624014,0.0010123191168531775,0.00034562748624011874,0.005107054486870766,0.0067194304428994656,0.00011541781714186072,0.006509804632514715,0.0034329069312661886,0.044955555349588394,0.0,0.1282627135515213,0.00045764021342620254,0.05248735100030899,2.542821221140912e-06,,,,,
240,0.13514776527881622,0.0008712600980251661,30.03766855201684,1.1057708263397217,0.012385080568492413,0.0062139565125107765,0.0006732969777658582,0.0006806678138673306,0.0046842098236083984,0.006382578052580357,0.00011663274199236184,0.006201255600899458,0.007595197297632694,0.0495666041970253,0.0,0.17406906187534332,0.00034335043164901435,0.0530543215572834,4.282208465156145e-06,,,,,
241,0.14248184859752655,0.0008702368711062745,30.1618813489913,3.2178924083709717,0.013597451150417328,0.0056135160848498344,0.00024280487559735775,0.0012107663787901402,0.007219537161290646,0.005706349387764931,0.00012049980432493612,0.005682171322405338,0.006821408402174711,0.05727838724851608,0.0,0.19309698045253754,0.0004206699086353183,0.05363272875547409,0.00038230366772040725,,,,,
242,0.1374286562204361,0.0008692102368388428,30.285928961995523,3.3426198959350586,0.011211258359253407,0.006974771618843079,0.0010541215306147933,0.0003039699513465166,0.004030904266983271,0.006668084766715765,0.00011639127478701994,0.00641750730574131,0.005010603927075863,0.045346684753894806,0.0,0.14561167359352112,0.0012591774575412273,0.0542280413210392,4.0189669903156755e-07,,,,,
243,0.13091255724430084,0.0008681802053553369,30.408666750998236,1.9002104997634888,0.013580993749201298,0.004793230444192886,0.0006067716749384999,0.0005622230237349868,0.00655176118016243,0.005556507036089897,0.00011992813961114734,0.005484344437718391,0.0062198033556342125,0.08244909346103668,0.0,0.16731473803520203,0.0008301062043756247,0.054827529937028885,1.1833818689410691e-06,,,,,
244,0.12728877365589142,0.0008671467868217514,30.532489973993506,0.8332760334014893,0.012720744125545025,0.005781661719083786,0.000635594769846648,0.0006512196268886328,0.005535853561013937,0.00551242521032691,0.00012138708552811295,0.0053903269581496716,0.012908168137073517,0.04130036383867264,0.0,0.09837400913238525,0.0005339097697287798,0.055434808135032654,3.269997819188575e-07,,,,,
245,0.13311414420604706,0.0008661099914375104,30.65442182897823,3.341911792755127,0.013573079369962215,0.0065926192328333855,0.0006517532165162265,0.000631566857919097,0.0036300390493124723,0.006133015267550945,0.00012126083311159164,0.005871377419680357,0.01139016728848219,0.041932106018066406,0.0,0.1782858967781067,0.0004919657949358225,0.05602240189909935,3.6204855291543936e-07,,,,,
246,0.12961654365062714,0.0008650698294353655,30.776759772968944,4.954873085021973,0.01185463834553957,0.0050879549235105515,0.00028014875715598464,0.0011727053206413984,0.007970480248332024,0.005027843173593283,0.0001264717720914632,0.005068398080766201,0.0021851900964975357,0.018904130905866623,0.0,0.13762648403644562,0.00025279991677962244,0.05662126466631889,1.7423803910787683e-07,,,,,
247,0.135792076587677,0.0008640263110812959,30.898197425005492,5.470814228057861,0.012328547425568104,0.007514565251767635,0.0015735814813524485,0.00013415550347417593,0.0030569154769182205,0.006294146180152893,0.0001185050277854316,0.005991062615066767,0.006577255204319954,0.0276993028819561,0.0,0.08023740351200104,0.0008279714966192842,0.05721692368388176,0.0002906443551182747,,,,,
248,0.11893602460622787,0.0008629794466744064,31.02294820296811,4.266311168670654,0.013298407196998596,0.004437546711415052,0.00041059881914407015,0.0009697244968265295,0.007328211795538664,0.004704585764557123,0.00012811935448553413,0.004728931002318859,0.004746956750750542,0.017521671950817108,0.0,0.09110841155052185,0.0002694618597161025,0.0577840581536293,7.451450301232398e-07,,,,,
249,0.12092864513397217,0.0008619292465468258,31.15728190698428,2.480722188949585,0.012022166512906551,0.0056962985545396805,0.0007131773745641112,0.0006186537793837488,0.003304033074527979,0.005245596170425415,0.0001249213091796264,0.005018142517656088,0.020121891051530838,0.03233972191810608,0.0,0.19348767399787903,0.0010502937948331237,0.05833187699317932,1.8863441937355674e-06,,,,,
250,0.11178009957075119,0.0008608757210636058,31.28303240099922,0.9444867372512817,0.011892764829099178,0.0049501266330480576,0.00046491422108374536,0.0006846195901744068,0.004778262227773666,0.00462920218706131,0.00012477881682571024,0.004491909872740507,0.0068885828368365765,0.024913540109992027,0.0,0.12162277102470398,0.0012088146759197116,0.05890588462352753,3.2838743209140375e-06,16.25515065794493,20.48631787724365,7.927460429297196,5.253931010740019,13.126958572082133
251,0.10214195400476456,0.0008598188806226174,31.428577698010486,1.2997760772705078,0.009787328541278839,0.0048523955047130585,0.0007811351679265499,0.0003185285604558885,0.003584913909435272,0.004741827491670847,0.00012031697406200692,0.004560917150229216,0.013202470727264881,0.009738096967339516,0.0,0.11938793957233429,0.0007264758460223675,0.059475261718034744,1.2108558848922257e-06,,,,,
252,0.10939429700374603,0.0008587587356544492,31.55126143799862,2.237170696258545,0.010869166813790798,0.0044165849685668945,0.0004231565399095416,0.0006049966323189437,0.005662915762513876,0.004182206466794014,0.00012328872981015593,0.004131012596189976,0.005998488049954176,0.048236072063446045,0.0,0.11458365619182587,0.001486381166614592,0.06004270166158676,7.871041702856019e-07,,,,,
253,0.11205153912305832,0.0008576952966223038,31.69263993896311,2.067051410675049,0.011471829377114773,0.0049163117073476315,0.0006197920301929116,0.00040724355494603515,0.003669433994218707,0.004580073989927769,0.00012562847405206412,0.004369643051177263,0.007879647426307201,0.06508602946996689,0.0,0.17865711450576782,0.0012486886698752642,0.06060907989740372,6.732158794875431e-07,,,,,
254,0.1006941944360733,0.0008566285740218953,31.82589509297395,2.7849786281585693,0.011395791545510292,0.004287415184080601,0.0002822193200699985,0.0007142230169847608,0.005051446612924337,0.003866823622956872,0.00013713346561416984,0.0038316920399665833,0.009042282588779926,0.022113576531410217,0.0,0.09436756372451782,0.0006165761151351035,0.06121114641427994,8.721588073967723e-07,,,,,
255,0.1123664379119873,0.0008555585783813451,31.950379353016615,5.6056904792785645,0.010349920019507408,0.00577890407294035,0.000989162945188582,9.226430847775191e-05,0.002410759450867772,0.004936373792588711,0.00013439981557894498,0.004632033407688141,0.003953143022954464,0.04921390861272812,0.0,0.14527210593223572,0.002401860198006034,0.06179911643266678,8.390782113565365e-07,,,,,
256,0.11971218138933182,0.0008544853202610782,32.08211684098933,8.931304931640625,0.011360041797161102,0.003732792567461729,5.735396553063765e-05,0.0013223340502008796,0.008426910266280174,0.004390054848045111,0.0001517957280157134,0.004673500545322895,0.0063733868300914764,0.05821896344423294,0.0,0.07810525596141815,0.0012318153167143464,0.062396567314863205,1.740393571481036e-07,,,,,
257,0.09131606668233871,0.0008534088102537189,32.20294729800662,1.6493942737579346,0.009700946509838104,0.004158729687333107,0.00026933042681775987,0.000501577160321176,0.004121720790863037,0.0034461719915270805,0.00014538306277245283,0.003410064848139882,0.005959892179816961,0.029717184603214264,0.0,0.09156689792871475,0.000699496828019619,0.06295955926179886,0.0003725042915903032,,,,,
258,0.1312417834997177,0.0008523290589839864,32.328057427017484,12.603578567504883,0.010471845045685768,0.007560852915048599,0.0014988327166065574,6.404578743968159e-05,0.0013558169594034553,0.007477894425392151,0.0001329411898041144,0.006945416796952486,0.007467694114893675,0.04461714252829552,0.0,0.04766397178173065,0.001772477407939732,0.06351930648088455,7.203034328995273e-07,,,,,
259,0.09090914577245712,0.0008512460771085899,32.45791878900491,3.4895191192626953,0.009283066727221012,0.004850792232900858,0.00047280185390263796,0.00022408277436625212,0.0025013769045472145,0.003754895646125078,0.00013922047219239175,0.003539932193234563,0.009062104858458042,0.010520219802856445,0.0,0.11214583367109299,0.002685339655727148,0.06403519213199615,1.7282054614042863e-06,,,,,
260,0.2301959991455078,0.000850159875316123,32.58268048398895,19.603357315063477,0.01488911546766758,0.0065470365807414055,0.000592472730204463,0.0035619165282696486,0.01637820526957512,0.008798439055681229,0.00016424416389781982,0.009618889540433884,0.014599974267184734,0.0898127555847168,0.0,0.0940830335021019,0.002916767494753003,0.06457206606864929,3.065913745103899e-08,,,,,
261,0.19448411464691162,0.0008490704643269592,32.727304472005926,18.21736717224121,0.010635298676788807,0.005781849846243858,0.0002939439145848155,0.002647204091772437,0.01588340662419796,0.008205564692616463,0.00015884306048974395,0.008965788409113884,0.0073317489586770535,0.02632416971027851,0.0,0.05469786375761032,0.002659011632204056,0.06507176160812378,0.0002597866696305573,,,,,
262,0.08553699404001236,0.000847977854893145,32.852506251016166,4.466681003570557,0.01005803607404232,0.003836731193587184,0.0011639760341495275,5.2868894272251055e-05,0.0022331017535179853,0.00347040593624115,0.00012773877824656665,0.0032546028960496187,0.005618330091238022,0.02352694794535637,0.0,0.09181836992502213,0.0011787113035097718,0.06553284823894501,0.00048806596896611154,,,,,
263,0.08566778898239136,0.0008468820577982946,32.97724328597542,5.82228422164917,0.010290074162185192,0.004443026147782803,0.00043124164221808314,0.00020787943503819406,0.0016510386485606432,0.004080353304743767,0.00012647193216253072,0.0037677749060094357,0.016627922654151917,0.034798137843608856,0.0,0.09768374264240265,0.0006148272659629583,0.06600585579872131,9.391146704729181e-07,,,,,
264,0.14357535541057587,0.0008457830838574825,33.10446702101035,13.759162902832031,0.010699689388275146,0.0037558949552476406,0.0003601025964599103,0.0026118443347513676,0.010420894250273705,0.00446834322065115,0.00013961824879515916,0.004865260794758797,0.010111384093761444,0.05088595673441887,0.0,0.04868859425187111,0.0029394470620900393,0.06648941338062286,0.00032754032872617245,,,,,
265,0.09122644364833832,0.0008446809439171382,33.22693237301428,8.512465476989746,0.009895591996610165,0.002772640436887741,9.011698421090841e-05,0.0008786707185208797,0.007200877647846937,0.003035191213712096,0.00012542838521767408,0.003208232345059514,0.011495241895318031,0.023175828158855438,0.0,0.04789500683546066,0.0015629143454134464,0.06693822145462036,2.6240945771860424e-07,,,,,
266,0.20402246713638306,0.0008435756488549379,33.349464846018236,21.157346725463867,0.009094609878957272,0.010083893314003944,0.0036554327234625816,0.0012050749501213431,0.0021312101744115353,0.010773747228085995,0.00010186950385104865,0.010220490396022797,0.007273678667843342,0.021940642967820168,0.0,0.08812033385038376,0.0070868791081011295,0.06736476719379425,1.6248288829956437e-06,,,,,
267,0.23245187103748322,0.0008424672095796976,33.474017506989185,23.16792869567871,0.01041671633720398,0.01130304392427206,0.003951006103307009,0.001431874930858612,0.0022911939304322004,0.012182725593447685,0.00010050653509097174,0.011602847836911678,0.01691882684826851,0.10874918848276138,0.0,0.061588674783706665,0.005171780940145254,0.06776486337184906,1.1573608844628325e-06,,,,,
268,0.06648655980825424,0.0008413556370312655,33.59587724797893,1.0927153825759888,0.007834674790501595,0.003043906530365348,0.0002769312704913318,0.0001673207589192316,0.002892819931730628,0.002339941216632724,0.00011386413098080084,0.0022304437588900328,0.005319003481417894,0.02295915223658085,0.0,0.09400645643472672,0.0006750705651938915,0.06813576817512512,2.037305421254132e-06,,,,,
269,0.16333968937397003,0.0008402409421804138,33.73290469701169,16.058210372924805,0.010386623442173004,0.004242483992129564,0.000761388975661248,0.003103381721302867,0.010743910446763039,0.005100602749735117,0.0001356015563942492,0.005557882133871317,0.007526739034801722,0.07158467918634415,0.0,0.07299424707889557,0.0034636547788977623,0.0685456320643425,1.3147172239769134e-07,,,,,
270,0.08502360433340073,0.0008391231360287306,33.85834566800622,7.868675708770752,0.008072972297668457,0.002545510418713093,0.00018514192197471857,0.0014722810592502356,0.005333101376891136,0.002384893363341689,0.00013050191046204418,0.002511504339054227,0.005621600896120071,0.023079726845026016,0.0,0.07578995823860168,0.001134472549892962,0.06893469393253326,1.3462577896916628e-07,,,,,
271,0.2543344497680664,0.0008380022296085116,33.97996104997583,26.180147171020508,0.010011192411184311,0.013271423988044262,0.004032797180116177,0.0015083947218954563,0.0033454240765422583,0.013698924332857132,0.00010797047434607521,0.013009315356612206,0.007433239370584488,0.059507403522729874,0.0,0.024715939536690712,0.00723008718341589,0.06932585686445236,4.438478754309472e-06,,,,,
272,0.35216233134269714,0.0008368782339826503,34.10673127998598,31.95693016052246,0.01103163044899702,0.01577027142047882,0.0067482879385352135,0.003760925028473139,0.005313071422278881,0.01788865216076374,0.00010584565461613238,0.017127778381109238,0.011751692742109299,0.054006531834602356,0.0,0.07481570541858673,0.007719984278082848,0.06968186795711517,1.4090717741055414e-05,,,,,
273,0.11376584321260452,0.00083575116024453,34.22973722801544,11.917558670043945,0.008601086214184761,0.004961628932505846,0.002637385157868266,0.0008374095777980983,0.0012194227892905474,0.004187431186437607,0.00011867134890053421,0.003811770351603627,0.008226072415709496,0.033505842089653015,0.0,0.025810077786445618,0.0035279658623039722,0.07001254707574844,1.0597376785881352e-05,,,,,
274,0.3049207925796509,0.0008346210195179135,34.35678872896824,26.706396102905273,0.016862139105796814,0.009781708009541035,0.0013715442037209868,0.004170229658484459,0.02180003933608532,0.013641606085002422,0.00017262570327147841,0.014835276640951633,0.010012172162532806,0.027753373607993126,0.0,0.011944606900215149,0.0045634182170033455,0.07031872123479843,9.74846443568822e-08,,,,,
275,0.568830668926239,0.0008334878229568333,34.480304693977814,36.598731994628906,0.020368311554193497,0.01728498563170433,0.00487322174012661,0.009972124360501766,0.033646222203969955,0.02479361928999424,0.00019901235646102577,0.026659397408366203,0.010992534458637238,0.04225240647792816,0.0,0.05533009022474289,0.01463437732309103,0.07059616595506668,1.6410090211138595e-06,25.257029073719277,20.26407352068076,15.009563226316358,23.557366170701574,36.60992317182653
276,0.32632067799568176,0.0008323515817454821,34.62199940299615,25.86208724975586,0.016964485868811607,0.00732820201665163,0.003011466469615698,0.007098072674125433,0.018359407782554626,0.011927787214517593,0.0001808364613680169,0.013077173382043839,0.011106366291642189,0.08269887417554855,0.0,0.049745913594961166,0.012995871715247631,0.07085283100605011,6.643434602437992e-08,,,,,
277,0.07565613090991974,0.000831212307098102,34.74574434501119,5.422945499420166,0.008581782691180706,0.003634784370660782,0.00010688156908145174,0.0002993317029904574,0.0012237104820087552,0.0029849507845938206,0.00013249777839519083,0.002673468552529812,0.004470447078347206,0.1024334728717804,0.0,0.09000462293624878,0.0013589819427579641,0.07109266519546509,1.0920687998350331e-07,,,,,
278,0.17046312987804413,0.0008300700102588737,34.8657707599923,17.44313621520996,0.008406861685216427,0.006948532070964575,0.004133904818445444,0.002037578262388706,0.001538747688755393,0.006716516800224781,0.00010481337085366249,0.00622466579079628,0.019631145521998405,0.06715068966150284,0.0,0.05279231071472168,0.001257838448509574,0.07138487696647644,2.203298208769411e-06,,,,,
279,0.1035420224070549,0.000828924702501806,34.98407943197526,6.50445556640625,0.007937501184642315,0.0027043242007493973,0.0027312366291880608,0.0018172375857830048,0.0028683505952358246,0.002297003287822008,0.00010163656406803057,0.0021523982286453247,0.004919731058180332,0.030701961368322372,0.0,0.04102683812379837,0.0016566485865041614,0.07166185975074768,7.854588375266758e-07,,,,,
280,0.21264289319515228,0.0008277763951306239,35.106241027999204,20.699880599975586,0.011333524249494076,0.006366953253746033,0.001042693736962974,0.003169942181557417,0.015032324939966202,0.0077322800643742085,0.00013491914432961494,0.008406775072216988,0.014329245314002037,0.09231968969106674,0.0,0.031921181827783585,0.002874052617698908,0.07193580269813538,3.033690347820084e-07,,,,,
281,0.298725962638855,0.0008266250994786576,35.22743532597087,22.609630584716797,0.015681210905313492,0.005223032087087631,0.004769889172166586,0.009847014211118221,0.012343116104602814,0.007010047789663076,0.00014564117009285837,0.007696338463574648,0.011685707606375217,0.02518744394183159,0.0,0.06182245910167694,0.008583215065300465,0.07218873500823975,2.6665009045245824e-07,,,,,
282,0.1731579452753067,0.0008254708269087304,35.35230401199078,9.56564712524414,0.01019999198615551,0.002550415461882949,0.0029262404423207045,0.007084105163812637,0.0024074469693005085,0.0016881672199815512,0.0001236788957612589,0.0015687403501942754,0.010262751951813698,0.143657386302948,0.0,0.05504938215017319,0.007366974372416735,0.07242928445339203,5.1371756626394927e-08,,,,,
283,0.2427557110786438,0.0008243135888130465,35.476107129012235,25.43516731262207,0.009618300944566727,0.013751900754868984,0.0019521592184901237,0.0005281473277136683,0.004743483383208513,0.016002478078007698,8.534736116416752e-05,0.015396779403090477,0.013088257052004337,0.10171805322170258,0.0,0.06579629331827164,0.0015035489341244102,0.07267125695943832,9.497877044850611e-07,,,,,
284,0.42539316415786743,0.0008231533966130789,35.60421380400658,33.35186767578125,0.012922871857881546,0.0159602090716362,0.009444760158658028,0.007555256597697735,0.004652328789234161,0.018767332658171654,7.108179124770686e-05,0.01832357980310917,0.01312789972871542,0.06679742783308029,0.0,0.049770601093769073,0.011382770724594593,0.07290076464414597,6.210444098542212e-06,,,,,
285,0.29247233271598816,0.0008219902617594562,35.7275585620082,18.276912689208984,0.01145425345748663,0.005161048844456673,0.010870272293686867,0.009094206616282463,0.0013176817446947098,0.005747208371758461,6.315069185802713e-05,0.005472220946103334,0.00810541957616806,0.039317674934864044,0.0,0.03553874045610428,0.005554112605750561,0.07311411947011948,2.600681000330951e-06,,,,,
286,0.21218830347061157,0.0008208241957318497,35.85018593800487,15.793211936950684,0.008052648976445198,0.006989790126681328,0.002486384240910411,0.0019935062155127525,0.01677609607577324,0.007281638216227293,6.963434861972928e-05,0.007527772802859545,0.0077924602665007114,0.009271716699004173,0.0,0.020369596779346466,0.003589199623093009,0.07331384718418121,1.0892935051742825e-06,,,,,
287,0.2813487648963928,0.0008196552100388604,35.97013521596091,24.83855438232422,0.009699870832264423,0.012116340920329094,7.045978418318555e-05,0.00020739312458317727,0.026777971535921097,0.014148118905723095,8.560030983062461e-05,0.0147821931168437,0.005987571552395821,0.023017186671495438,0.0,0.031239334493875504,0.0018742616521194577,0.07349833846092224,2.8565526122292795e-07,,,,,
288,0.2062212973833084,0.000818483316217905,36.09297996701207,19.63031578063965,0.010811439715325832,0.006008516065776348,0.0011413823813199997,0.002673656679689884,0.016126548871397972,0.007254463620483875,9.50126486713998e-05,0.0076980129815638065,0.006961987819522619,0.08505170047283173,0.0,0.05582094192504883,0.0021118137519806623,0.07366959750652313,2.5324524699499307e-07,,,,,
289,0.10700305551290512,0.0008173085258351027,36.214434492983855,6.274505615234375,0.008592350408434868,0.0037033814005553722,0.0011262423358857632,0.0032118484377861023,0.0013776174746453762,0.0032237267587333918,9.108400263357908e-05,0.002937562530860305,0.010541985742747784,0.04241643100976944,0.0,0.018622303381562233,0.0008845941629260778,0.07383690774440765,5.675293550666538e-07,,,,,
290,0.16988900303840637,0.0008161308504851601,36.334997037018184,18.86098861694336,0.007938813418149948,0.010734768584370613,0.0003495893906801939,4.9047965148929507e-05,0.0027915730606764555,0.011654782108962536,7.980150985531509e-05,0.011114056222140789,0.010546000674366951,0.11343051493167877,0.0,0.035840146243572235,0.0008468250744044781,0.0739971399307251,5.040814698986651e-07,,,,,
291,0.13694046437740326,0.0008149503017912574,36.456485611968674,14.981987953186035,0.008677716366946697,0.007070017512887716,0.0020111489575356245,0.0007717050611972809,0.0013761420268565416,0.007690201513469219,7.58682144805789e-05,0.007266115862876177,0.009616820141673088,0.02546282298862934,0.0,0.04509270191192627,0.0023415926843881607,0.0741492435336113,6.587492862308864e-07,,,,,
292,0.10235626250505447,0.0008137668914049339,36.576634273980744,6.436574459075928,0.008051509968936443,0.0027883420698344707,0.001388775883242488,0.0006184015073813498,0.006536321248859167,0.002789490856230259,8.342079672729596e-05,0.0028515374287962914,0.008886309340596199,0.0712834894657135,0.0,0.04671958461403847,0.0033962188754230738,0.0742994174361229,0.00028552167350426316,,,,,
293,0.11162179708480835,0.0008125806310059719,36.69665958196856,11.413681983947754,0.008510943502187729,0.0037336149252951145,0.00011262032785452902,0.0001335681154159829,0.01063521858304739,0.004373676609247923,9.870553185464814e-05,0.00467074615880847,0.011111592873930931,0.04449433088302612,0.0,0.05947049707174301,0.0011100659612566233,0.07446795701980591,1.9660839711832523e-07,,,,,
294,0.07296600192785263,0.000811391532302283,36.81864974898053,3.5655863285064697,0.008436220698058605,0.0025437509175390005,9.308352309744805e-05,0.0010101848747581244,0.003509744768962264,0.0020171438809484243,0.00010603745613479987,0.001987146446481347,0.010527098551392555,0.05256345868110657,0.0,0.05653814226388931,0.0013542710803449154,0.074645034968853,6.269787604651356e-07,,,,,
295,0.147752583026886,0.0008101996070297912,36.939652287983336,17.34294319152832,0.007996655069291592,0.009831503033638,0.0002539370325393975,0.00019762331794481725,0.002486663870513439,0.009756749495863914,9.69286120380275e-05,0.009151407517492771,0.014909481629729271,0.037502750754356384,0.0,0.06278026849031448,0.00014548203034792095,0.07485257834196091,9.287708735428168e-07,,,,,
296,0.17631784081459045,0.0008090048669523178,37.05988169001648,19.636640548706055,0.008368073031306267,0.0118471160531044,0.0005968115874566138,6.841491267550737e-05,0.003174414625391364,0.010835074819624424,9.505711932433769e-05,0.010208617895841599,0.014009390026330948,0.06089194118976593,0.0,0.0644713044166565,0.0006962782354094088,0.07505518943071365,3.9154042497102637e-07,,,,,
297,0.06916186213493347,0.0008078073238614648,37.18130715796724,3.428661346435547,0.007264601998031139,0.0032063431572169065,0.0002429073501843959,0.00022538728080689907,0.001823981641791761,0.002633811207488179,9.914802649291232e-05,0.002418045187368989,0.014514205045998096,0.08514562994241714,0.0,0.06674081832170486,0.0005190056981518865,0.07525388896465302,8.886307796274195e-07,,,,,
298,0.17958281934261322,0.0008066069895764995,37.30118729401147,18.313323974609375,0.010003450326621532,0.006790033541619778,4.2666557419579476e-05,0.0006963126361370087,0.016175102442502975,0.008484428748488426,0.00010843094787560403,0.009087149053812027,0.009628674015402794,0.02015584334731102,0.0,0.06179196387529373,0.0012792577035725117,0.07549266517162323,6.377076289254546e-08,,,,,
299,0.2507633566856384,0.0008054038759442362,37.421327154967,22.486846923828125,0.011469298973679543,0.01014699786901474,5.2398630941752344e-05,0.00044402433559298515,0.022873271256685257,0.013044703751802444,0.00010632163321133703,0.01383065152913332,0.005159634165465832,0.03823692724108696,0.0,0.04609706252813339,0.0003834915696643293,0.07572343200445175,1.0843264135473873e-06,,,,,
300,0.13753171265125275,0.000804197994838921,37.54468619899126,13.847999572753906,0.008292498998343945,0.004799885209649801,0.0004921375075355172,4.599371459335089e-05,0.012755611911416054,0.005677034147083759,9.502621833235025e-05,0.006047705188393593,0.0067328717559576035,0.06610392034053802,0.0,0.03780527412891388,0.0011232648976147175,0.07594140619039536,1.3144688182364916e-07,16.799246606558214,22.067696780181286,12.858386751397049,4.987359804350888,7.732162051748821
301,0.09919669479131699,0.0008029893581621136,37.69364025699906,10.192047119140625,0.0076407166197896,0.00454249931499362,0.002280800836160779,0.00041634903755038977,0.0011832143645733595,0.004470796789973974,8.342791261384264e-05,0.0041461302898824215,0.011172541417181492,0.024979552254080772,0.0,0.0375203937292099,0.00043366249883547425,0.07615074515342712,1.0881448133659433e-06,,,,,
302,0.14316606521606445,0.00080177797784257,37.817112809978426,17.109426498413086,0.008092044852674007,0.008863331750035286,0.0014210412045940757,6.539098103530705e-05,0.0018679534550756216,0.008847254328429699,8.686954970471561e-05,0.008351949043571949,0.00925714522600174,0.028582122176885605,0.0,0.03922842815518379,0.0012050109216943383,0.07635404914617538,2.728340575686161e-07,,,,,
303,0.0785217136144638,0.0008005638658361248,37.94052412599558,6.727319717407227,0.007281559053808451,0.004138826858252287,9.204367233905941e-05,0.0007159315864555538,0.0011832992313429713,0.003454793943092227,9.700856026029214e-05,0.0031478875316679478,0.014908920973539352,0.02572983130812645,0.0,0.10801531374454498,0.0023437035270035267,0.07654812186956406,1.6892824987735366e-06,,,,,
304,0.15398216247558594,0.0007993470341255734,38.06341081397841,15.848795890808105,0.00965173915028572,0.004363178741186857,0.0004093006136827171,0.002554442500695586,0.011908667162060738,0.005426247138530016,0.00010803000623127446,0.005852747242897749,0.011085238307714462,0.0261184461414814,0.0,0.030510464683175087,0.00356672378256917,0.07680004835128784,0.00017943565035238862,,,,,
305,0.20109787583351135,0.0007981274947205537,38.18815797800198,19.9548397064209,0.010974906384944916,0.006949017755687237,0.0003043485921807587,0.0017931577749550343,0.017538143321871758,0.00874369591474533,0.00010414414282422513,0.009324782527983189,0.014280296862125397,0.02604486793279648,0.0,0.040570858865976334,0.0008003780385479331,0.07703492045402527,3.2698113727747113e-07,,,,,
306,0.08924908936023712,0.000796905259657427,38.312742031994276,9.953776359558105,0.008278886787593365,0.0030926992185413837,0.00011216528946533799,0.00032031547743827105,0.00797524955123663,0.003254752140492201,9.063303878065199e-05,0.0034397924318909645,0.006345754023641348,0.024099383503198624,0.0,0.05218851566314697,0.00029152401839382946,0.07725583016872406,1.9539334061846603e-06,,,,,
307,0.13360561430454254,0.0007956803409991601,38.4354606429697,15.224409103393555,0.00863426923751831,0.007060018368065357,0.0019371015951037407,0.0004396537260618061,0.0012231587897986174,0.007230064831674099,7.81911876401864e-05,0.006851667072623968,0.015796098858118057,0.0485573448240757,0.0,0.0410788469016552,0.003108374075964093,0.07748077809810638,2.9085825303809543e-07,,,,,
308,0.21703988313674927,0.0007944527508352057,38.55848714400781,23.25446319580078,0.00980747863650322,0.01247112825512886,0.002704604296013713,0.000799287692643702,0.0035528175067156553,0.013064534403383732,7.690920028835535e-05,0.012609785422682762,0.006143379490822554,0.026331597939133644,0.0,0.052276860922575,0.0004606523143593222,0.07769541442394257,2.9360444386838935e-06,,,,,
309,0.10631264001131058,0.0007932225012813829,38.68238286796259,12.097256660461426,0.007792981807142496,0.006167500279843807,0.0010682898573577404,0.00012083490582881495,0.0014026504941284657,0.005925031378865242,7.883250509621575e-05,0.005587065126746893,0.011628324165940285,0.013039227575063705,0.0,0.08243399858474731,0.0014812182635068893,0.07789970189332962,0.00029913298203609884,,,,,
310,0.10205811262130737,0.0007919896044797583,38.803803451010026,10.907439231872559,0.008060064166784286,0.0034823641180992126,7.923747762106359e-05,0.0008588704513385892,0.007897423580288887,0.003292142180725932,8.990912465378642e-05,0.003489002352580428,0.009440597146749496,0.07332403212785721,0.0,0.04666396230459213,0.0004911102005280554,0.07811705768108368,1.0602797573255884e-07,,,,,
311,0.1589469015598297,0.0007907540725985256,38.92725504899863,16.50543212890625,0.010740664787590504,0.004988917615264654,0.0004276602703612298,0.0019043143838644028,0.01211471389979124,0.005900358781218529,9.681322990218177e-05,0.006302347406744957,0.015852725133299828,0.05995556339621544,0.0,0.062491387128829956,0.001151156728155911,0.07833417505025864,4.924771701553254e-07,,,,,
312,0.0784514918923378,0.0007895159178318857,39.05099205096485,7.911210060119629,0.008327016606926918,0.0023778367321938276,0.00013247568858787417,0.0010775683913379908,0.005567797925323248,0.002182796597480774,9.344061254523695e-05,0.0022904507350176573,0.007314855232834816,0.032530464231967926,0.0,0.05023126304149628,0.0006401409627869725,0.07854785770177841,2.0773460107648134e-07,,,,,
313,0.13804891705513,0.000788275152399926,39.172376110975165,16.529903411865234,0.00794425792992115,0.008076958358287811,0.0009504018817096949,6.073507393011823e-05,0.0018314815824851394,0.008456706069409847,8.409514703089371e-05,0.008032034151256084,0.00701637240126729,0.07948175072669983,0.0,0.08765755593776703,0.0014706563670188189,0.0787687823176384,1.9662579688883852e-06,,,,,
314,0.22438618540763855,0.0007870317885485008,39.294619248015806,24.164052963256836,0.008795289322733879,0.013516709208488464,0.0021243938244879246,0.000538454856723547,0.0042081112042069435,0.013678262010216713,8.306450035888702e-05,0.013168416917324066,0.009227770380675793,0.013942894525825977,0.0,0.06757558882236481,0.0038803538773208857,0.07899484783411026,0.00027849996695294976,,,,,
315,0.115249402821064,0.000785785838549109,39.41874627198558,13.500971794128418,0.008241713047027588,0.0061989761888980865,0.0016167167341336608,0.0002731920394580811,0.0014072258491069078,0.00582112604752183,8.617300045443699e-05,0.005457226186990738,0.008326353505253792,0.04700522869825363,0.0,0.06092403829097748,0.0012254485627636313,0.0792137160897255,1.7597278656467097e-06,,,,,
316,0.08929769694805145,0.0007845373146987742,39.54331774497405,9.989981651306152,0.007959115318953991,0.0028305458836257458,6.472604582086205e-05,0.00025278725661337376,0.008328268304467201,0.0033007184974849224,9.954352572094649e-05,0.0035479357466101646,0.006856673862785101,0.05053642392158508,0.0,0.026920849457383156,0.0006905708578415215,0.07943611592054367,7.407739985865192e-07,,,,,
317,0.14213497936725616,0.0007832862293199228,39.66730765096145,15.741805076599121,0.009171443060040474,0.004928214009851217,0.00010282357106916606,0.0009272090974263847,0.01222058292478323,0.00608590804040432,0.00010840110917342827,0.006567317061126232,0.006971974857151508,0.03160105273127556,0.0,0.06751182675361633,0.001000131480395794,0.07964806258678436,6.188328143252875e-07,,,,,
318,0.07533665746450424,0.0007820325947602623,39.79219255701173,7.868381977081299,0.008639689534902573,0.002097358461469412,4.931444345857017e-05,0.0007445082883350551,0.00557155255228281,0.0022814872208982706,0.00010666831803973764,0.002452361397445202,0.018070876598358154,0.06269107758998871,0.0,0.0215092021971941,0.0008311616256833076,0.07986082881689072,1.4134371895124787e-07,,,,,
319,0.1242949441075325,0.0007807764233926599,39.91470981197199,15.732943534851074,0.007443169131875038,0.007745382841676474,0.0007643672870472074,3.377808752702549e-05,0.001975022489205003,0.007379418704658747,9.811199561227113e-05,0.006900038570165634,0.017770878970623016,0.024636633694171906,0.0,0.11648129671812057,0.00021057366393506527,0.08006470650434494,2.199784034928598e-07,,,,,
320,0.2032776027917862,0.0007795177276150196,40.03419506701175,22.70281410217285,0.007829219102859497,0.012715267948806286,0.0012823970755562186,0.00013528132694773376,0.004109976347535849,0.012311507947742939,9.671489533502609e-05,0.01170520018786192,0.01545543223619461,0.08175665140151978,0.0,0.06769338250160217,0.001694900682196021,0.08028721809387207,6.834790156062809e-07,,,,,
321,0.095146045088768,0.0007782565198501609,40.15262373199221,11.740407943725586,0.007816915400326252,0.005819964222609997,0.0006903954199515283,3.875707625411451e-05,0.0014332253485918045,0.005127331707626581,0.00010019254841608927,0.004726155661046505,0.014125846326351166,0.029998619109392166,0.0,0.02968621626496315,0.001764788874424994,0.08050353825092316,3.3003590260705096e-07,,,,,
322,0.0900670513510704,0.000776992812545695,40.27639095496852,10.408770561218262,0.008353473618626595,0.0025904630310833454,3.6973120586480945e-05,0.000677569187246263,0.007639759220182896,0.003291808068752289,0.0001122661487897858,0.0035858191549777985,0.006179552525281906,0.03785905987024307,0.0,0.05169805884361267,0.0016467530513182282,0.08071040362119675,2.4431076894870785e-07,,,,,
323,0.1357366442680359,0.0007757266181739029,40.39664156798972,15.733378410339355,0.008563290350139141,0.004672344774007797,8.071528282016516e-05,0.0008989285561256111,0.011938020586967468,0.006131799891591072,0.00011234444536967203,0.006625805050134659,0.014787531457841396,0.01968703791499138,0.0,0.03757220506668091,0.0009393950458616018,0.08092132955789566,4.125945167743339e-07,,,,,
324,0.0707116350531578,0.0007744579492316118,40.51664061500924,7.729972839355469,0.007321399170905352,0.002196668181568384,7.616968650836498e-05,0.00028581067454069853,0.006074497476220131,0.0023106529843062162,0.00010236613888991997,0.002469013212248683,0.005378570407629013,0.029344795271754265,0.0,0.06899862736463547,0.0003946179640479386,0.0811227485537529,0.00018702597299125046,,,,,
325,0.11475291848182678,0.000773186818240072,40.6402546580066,15.064679145812988,0.006438841111958027,0.006916610524058342,0.0012300623347982764,0.00014542663120664656,0.001907884143292904,0.006775377783924341,9.018049604492262e-05,0.006362296640872955,0.014877308160066605,0.012938141822814941,0.0,0.034467197954654694,0.0005744748050346971,0.0813516229391098,7.429347306242562e-07,25.17424903839659,32.12686977830854,10.412729310235463,3.386928048775295,20.267008374107615
326,0.18389593064785004,0.0007719132377448333,40.78207331697922,21.306760787963867,0.00844848994165659,0.011278683319687843,0.001365756499581039,0.0002201664465246722,0.003637205809354782,0.011541335843503475,8.765290112933144e-05,0.01104776281863451,0.014637621119618416,0.028410667553544044,0.0,0.06936529278755188,0.0016305770259350538,0.08156828582286835,1.8283911913385964e-06,,,,,
327,0.08682560175657272,0.000770637220315621,40.901794962992426,11.04858684539795,0.00725336791947484,0.005517476238310337,0.0004728421336039901,4.1726067138370126e-05,0.001209757523611188,0.0048335944302380085,8.817356138024479e-05,0.004501939285546541,0.009293345734477043,0.022091131657361984,0.0,0.05693800374865532,0.00029173732036724687,0.0817803218960762,7.147838800847239e-07,,,,,
328,0.09404117614030838,0.000769358778546212,41.02666303899605,11.126774787902832,0.009220779873430729,0.003094836138188839,9.465112088946626e-05,0.0009749243035912514,0.007295490708202124,0.003130956320092082,9.40695172175765e-05,0.0033501225989311934,0.015465058386325836,0.02508617378771305,0.0,0.02720450982451439,0.0015565956709906459,0.08199646323919296,4.488229592425341e-07,,,,,
329,0.14527437090873718,0.0007680779250543103,41.15217742900131,16.380170822143555,0.00967758521437645,0.005159424617886543,0.00019670874462462962,0.0012531966203823686,0.012369411066174507,0.005947320722043514,9.341525583295152e-05,0.006333252880722284,0.00930636003613472,0.014818152412772179,0.0,0.043695516884326935,0.0006345801521092653,0.08220304548740387,6.856396339571802e-07,,,,,
330,0.07521408796310425,0.0007667946724814228,41.276819691993296,8.58506965637207,0.007114063017070293,0.002568665659055114,3.297889998066239e-05,0.0003887666389346123,0.006429377011954784,0.002268207259476185,8.55833277455531e-05,0.0023839736822992563,0.0035707252100110054,0.041098423302173615,0.0,0.04726601392030716,0.0007212611963041127,0.0824027732014656,1.9731001543732418e-07,,,,,
331,0.10936671495437622,0.0007655090334927343,41.403559099999256,13.543158531188965,0.007052787579596043,0.006021535024046898,0.0011018572840839624,0.00015272587188519537,0.0015481445007026196,0.0061867861077189445,7.821813778718933e-05,0.005883295554667711,0.017750727012753487,0.05233803018927574,0.0,0.06673818081617355,0.0009396281093358994,0.08260931819677353,4.042375110202556e-07,,,,,
332,0.16933241486549377,0.0007642210207769827,41.53070982900681,20.080833435058594,0.006983759347349405,0.009884120896458626,0.0016064250376075506,0.0003578912001103163,0.0032704032491892576,0.010428200475871563,7.803342305123806e-05,0.010066618211567402,0.010752324014902115,0.047595664858818054,0.0,0.03708932548761368,0.001544250757433474,0.08282160758972168,2.236806722066831e-06,,,,,
333,0.0742354616522789,0.0007629306470463337,41.65538775798632,10.044875144958496,0.006989454384893179,0.004499572794884443,0.0006155672599561512,4.436683593667112e-05,0.0008971028728410602,0.004175769165158272,7.929035928100348e-05,0.003917164634913206,0.001886909012682736,0.01633589155972004,0.0,0.02795262448489666,0.0008738364558666945,0.08302153646945953,4.779112714459188e-07,,,,,
334,0.09754595905542374,0.0007616379250362545,41.77619248296833,12.021821975708008,0.008646492846310139,0.0030179840978235006,0.00010516452312003821,0.0008572943042963743,0.008469846099615097,0.0034450239036232233,8.868331497069448e-05,0.003682068083435297,0.014297100715339184,0.007308443076908588,0.0,0.06592024862766266,0.0012825513258576393,0.0832134485244751,3.1243077955878107e-06,,,,,
335,0.14659927785396576,0.00076034286750539,41.89822939201258,16.778032302856445,0.008518603630363941,0.004631372168660164,0.00032911309972405434,0.001343277283012867,0.012052714824676514,0.006519214250147343,9.432984370505437e-05,0.006959785707294941,0.006760322488844395,0.02472556196153164,0.0,0.059552498161792755,0.002321655163541436,0.08341604471206665,3.74373030354036e-07,,,,,
336,0.08200559765100479,0.0007590454872354349,42.02295523497742,9.68920612335205,0.007828254252672195,0.002412487054243684,6.390076305251569e-05,0.0006329644238576293,0.006849636789411306,0.0025897035375237465,9.074240369955078e-05,0.0027791173197329044,0.016752583906054497,0.04849494993686676,0.0,0.036984801292419434,0.0012449207715690136,0.08361999690532684,2.845314952537592e-07,,,,,
337,0.08757824450731277,0.0007577457970310089,42.15134861896513,11.886680603027344,0.00628637196496129,0.004880204796791077,0.000790832273196429,7.954049215186387e-05,0.0013486462412402034,0.004915415309369564,8.280139445560053e-05,0.004612097516655922,0.015637138858437538,0.02572053112089634,0.0,0.06320357322692871,0.0016704106237739325,0.08382474631071091,5.555649522648309e-07,,,,,
338,0.14577266573905945,0.0007564438097195293,42.27379688597284,17.810203552246094,0.0074085029773414135,0.00816328264772892,0.0013751641381531954,0.0002780795330181718,0.0029339678585529327,0.008536454290151596,8.268136298283935e-05,0.00814007967710495,0.010407092981040478,0.04193820431828499,0.0,0.07675617188215256,0.001529067987576127,0.08404024690389633,0.0004446270759217441,,,,,
339,0.06493602693080902,0.0007551395381510855,42.39750570000615,8.045547485351562,0.006147726904600859,0.003728846786543727,0.0005453667836263776,4.313516183174215e-05,0.0011306795058771968,0.003220820799469948,8.688691741554067e-05,0.0029661282896995544,0.005770260002464056,0.016755210235714912,0.0,0.05289405584335327,0.0006138838361948729,0.0842588022351265,1.44299121984659e-07,,,,,
340,0.10660234838724136,0.0007538329951983111,42.52032643696293,12.811735153198242,0.007543310523033142,0.0036415874492377043,0.00011617160635069013,0.0008138607954606414,0.008459551259875298,0.003925413358956575,0.00010010202822741121,0.004257613327354193,0.014223109930753708,0.05341894179582596,0.0,0.038510553538799286,0.0013568939175456762,0.08449260145425797,7.722093187112478e-07,,,,,
341,0.16455546021461487,0.0007525241937562579,42.64197694300674,17.79392433166504,0.009824459441006184,0.005746110342442989,0.00033643009373918176,0.0013897872995585203,0.012956088408827782,0.006964158266782761,0.00010489902342669666,0.007494153920561075,0.010923996567726135,0.05344825237989426,0.0,0.02747674286365509,0.002360292011871934,0.08471840620040894,8.822108554795705e-08,,,,,
342,0.08324149250984192,0.0007512131467422675,42.77293425996322,10.262378692626953,0.007302559912204742,0.0027673484291881323,8.748337131692097e-05,0.0007120484369806945,0.0063364626839756966,0.0027105221524834633,9.936648712027818e-05,0.002942013321444392,0.003937341272830963,0.043500788509845734,0.0,0.046924903988838196,0.001178740756586194,0.08492838591337204,3.3856808840937447e-06,,,,,
343,0.08294792473316193,0.0007498998670958446,42.89819184696535,11.274209022521973,0.006251055281609297,0.0048617166467010975,0.0006651277071796358,5.791333387605846e-05,0.0011896882206201553,0.004426808562129736,8.804125536698848e-05,0.004091012757271528,0.02338975854218006,0.02489706128835678,0.0,0.06712476909160614,0.0007959360955283046,0.08514252305030823,1.39636301810242e-06,,,,,
344,0.13602831959724426,0.0007485843677785294,43.02178733900655,17.472047805786133,0.006881050765514374,0.007949359714984894,0.0012032859958708286,0.0002490603947080672,0.002586511429399252,0.007968539372086525,8.571096259402111e-05,0.007530363742262125,0.016770780086517334,0.03561219573020935,0.0,0.051550522446632385,0.0017613510135561228,0.08536863327026367,3.974561877839733e-06,,,,,
345,0.06666090339422226,0.0007472666617737688,43.145300121977925,8.134780883789062,0.00645544845610857,0.0036034442018717527,0.0005156810511834919,4.9262871471000835e-05,0.0009871554793789983,0.003046708181500435,8.799482020549476e-05,0.0027711873408406973,0.005228562280535698,0.04733200743794441,0.0,0.05563781410455704,0.001400505076162517,0.0855894610285759,1.4759787063667318e-06,,,,,
346,0.09994769841432571,0.0007459467620867891,43.26639767200686,12.492904663085938,0.007610779255628586,0.003087164368480444,0.00011593125236686319,0.000752742518670857,0.008385805413126945,0.0037821512669324875,0.00010021057823905721,0.0040941396728158,0.011308060958981514,0.042713530361652374,0.0,0.04551084339618683,0.0014565757010132074,0.0858234241604805,2.680843351754447e-07,,,,,
347,0.15525951981544495,0.0007446246817444675,43.38951859797817,17.530561447143555,0.008205512538552284,0.005621078424155712,0.0003168966213706881,0.0012638842454180121,0.012521469965577126,0.006805089768022299,0.00010478189506102353,0.007317791692912579,0.007977969013154507,0.032498978078365326,0.0,0.0542173758149147,0.00045203030458651483,0.08605603128671646,3.743792547084013e-07,,,,,
348,0.07879268378019333,0.0007433004337952032,43.516142893990036,10.449291229248047,0.006771573796868324,0.002781946212053299,9.073196997633204e-05,0.0006491921958513558,0.006507838144898415,0.002708986634388566,9.967338701244444e-05,0.0029380193445831537,0.015011590905487537,0.010177829302847385,0.0,0.03760591521859169,0.00030896146199665964,0.08628446608781815,2.884368086597533e-07,,,,,
349,0.0809362456202507,0.0007419740313087886,43.63922380498843,10.526113510131836,0.006246570963412523,0.004514668136835098,0.0005547445616684854,4.025892121717334e-05,0.0012731037568300962,0.003980984911322594,8.881064422894269e-05,0.003650316037237644,0.009640226140618324,0.07042330503463745,0.0,0.04959235340356827,0.0012882909504696727,0.08651040494441986,4.187474758055032e-07,,,,,
350,0.12499938905239105,0.0007406454873762811,43.76278052898124,16.264957427978516,0.0061201355420053005,0.007184031885117292,0.001102526905015111,0.00017863287939690053,0.002485208911821246,0.007159798871725798,8.632147364551201e-05,0.0067322649993002415,0.01378781720995903,0.06502066552639008,0.0,0.03861553594470024,0.0007977625355124474,0.08674000948667526,4.942467057844624e-07,13.68348453873292,18.411390429178,5.646246247681166,1.1755404974065873,7.373018740005261
351,0.06391037255525589,0.0007393148151098729,43.91395711497171,6.93594217300415,0.005855973344296217,0.003272904083132744,0.00036737689515575767,3.1057861633598804e-05,0.001185250119306147,0.0025850203819572926,8.89535149326548e-05,0.0023317316081374884,0.014136823825538158,0.09013556689023972,0.0,0.03305036574602127,0.0009605973027646542,0.08695978671312332,2.3031234377413057e-06,,,,,
352,0.09980034828186035,0.0007379820276427619,44.034430202969816,13.056960105895996,0.008671664632856846,0.0032073180191218853,0.00010083572124131024,0.0007323971949517727,0.008620480075478554,0.004076603800058365,9.99253970803693e-05,0.0044171009212732315,0.010389145463705063,0.023906342685222626,0.0,0.02565884031355381,0.0003883704775944352,0.0871843546628952,6.287234555202303e-07,,,,,
353,0.1595252901315689,0.0007366471381290221,44.15634866501205,17.88384437561035,0.008039141073822975,0.005531247705221176,0.00025991705479100347,0.0011284297797828913,0.012750735506415367,0.007247443310916424,0.000102871039416641,0.007781354710459709,0.014505074359476566,0.06486862152814865,0.0,0.03454522788524628,0.0022363404277712107,0.08739736676216125,3.289493406555266e-07,,,,,
354,0.08344029635190964,0.0007353101597434746,44.27943575696554,10.845975875854492,0.008936149068176746,0.002610545139759779,5.16222498845309e-05,0.0005292545538395643,0.0068010906688869,0.002997021656483412,9.631190187064931e-05,0.0032514857593923807,0.003855059389024973,0.04022332280874252,0.0,0.046724218875169754,0.0005055648507550359,0.087600477039814,2.0570123524521478e-06,,,,,
355,0.06895232945680618,0.0007339711056815561,44.40354954497889,9.278386116027832,0.005563235841691494,0.003651273902505636,0.000542624678928405,7.061028736643493e-05,0.0013321076985448599,0.0033185610082000494,8.477007213514298e-05,0.003041196847334504,0.01112708542495966,0.036607109010219574,0.0,0.07028304785490036,0.0011109288316220045,0.08781060576438904,0.0002209438825957477,,,,,
356,0.10861387848854065,0.0007326299891591895,44.53079874400282,14.867936134338379,0.006214484106749296,0.006678578909486532,0.0008319978369399905,0.00014972349163144827,0.002088264562189579,0.006201469339430332,8.25174356577918e-05,0.0058342874981462955,0.011529157869517803,0.011563660576939583,0.0,0.0642942413687706,0.0008666743524372578,0.0880458876490593,1.5531729786744108e-06,,,,,
357,0.05461127683520317,0.0007312868234126536,44.65513120096875,5.893093585968018,0.006226278841495514,0.0029389529954642057,0.0002657709119375795,3.57843964593485e-05,0.0012721209786832333,0.0021802447736263275,8.479874668410048e-05,0.001972401048988104,0.006786101032048464,0.03401782736182213,0.0,0.04900355637073517,0.0011634501861408353,0.08828261494636536,0.0001730597869027406,,,,,
358,0.10731898993253708,0.000729941621698452,44.7818591860123,13.587244987487793,0.00777463847771287,0.003541412530466914,0.0001543803227832541,0.0008625349728390574,0.009121384471654892,0.0042728702537715435,9.371265332447365e-05,0.004613353405147791,0.008044489659368992,0.028022434562444687,0.0,0.031591594219207764,0.0009760414250195026,0.08854236453771591,1.4011438054239989e-07,,,,,
359,0.16680781543254852,0.0007285943972931825,44.91381380299572,18.539236068725586,0.009606176055967808,0.0063282824121415615,0.00034310901537537575,0.0012496472336351871,0.013282462023198605,0.007439854554831982,9.544719796394929e-05,0.007952268235385418,0.006257300265133381,0.027518510818481445,0.0,0.04248340427875519,0.000500971800647676,0.0887894257903099,5.796551931780414e-07,,,,,
360,0.08796906471252441,0.0007272451634934059,45.0483477700036,11.444367408752441,0.007152308709919453,0.002671352354809642,7.600312528666109e-05,0.0006162368226796389,0.006977055221796036,0.0031105398666113615,8.906779839890078e-05,0.003358754562214017,0.01884406805038452,0.044809967279434204,0.0,0.06099548563361168,0.0022238322999328375,0.08902601152658463,2.1399930005827628e-07,,,,,
361,0.05862591788172722,0.0007258939336155157,45.18333412101492,8.199139595031738,0.006172634195536375,0.0031492614652961493,0.0005959128029644489,6.710227899020538e-05,0.0011872687609866261,0.002946753054857254,7.834636198822409e-05,0.0027142027392983437,0.011479119770228863,0.012139037251472473,0.0,0.018460659310221672,0.0009741148678585887,0.08927032351493835,3.1496708174927335e-07,,,,,
362,0.09778404980897903,0.0007245407209956044,45.31571794196498,13.977489471435547,0.006517500150948763,0.0057409293949604034,0.0008656959980726242,0.00020036575733684003,0.0020201820880174637,0.005664289928972721,7.680576527491212e-05,0.005349575076252222,0.010984376072883606,0.014109397307038307,0.0,0.021850794553756714,0.000658481614664197,0.0894995629787445,1.3025787666265387e-06,,,,,
363,0.04722704365849495,0.0007231855389893349,45.44990286498796,5.585726261138916,0.006243825424462557,0.0024610692635178566,0.00034392866655252874,2.664942257979419e-05,0.0010638596722856164,0.0019952787552028894,7.960215589264408e-05,0.0018097760621458292,0.01491271611303091,0.009693875908851624,0.0,0.055742211639881134,0.000334172131260857,0.08971423655748367,1.2976179277757183e-06,,,,,
364,0.10695572942495346,0.0007218284009718065,45.58331741997972,14.059717178344727,0.007676637731492519,0.0034397791605442762,0.0002576101687736809,0.0010160490637645125,0.008791517466306686,0.004233625251799822,9.160095942206681e-05,0.0045668878592550755,0.0049173650331795216,0.0149009320884943,0.0,0.021792948246002197,0.002424958162009716,0.08997207880020142,6.154987204354256e-07,,,,,
365,0.1658090502023697,0.0007204693203374231,45.71774034801638,18.341655731201172,0.009006979875266552,0.0057076821103692055,0.0005398899666033685,0.0014275799039751291,0.012951544485986233,0.007291534449905157,9.576045704307035e-05,0.007802291307598352,0.0049414499662816525,0.03671056404709816,0.0,0.03385305032134056,0.002813184866681695,0.0902130976319313,2.9538449553001556e-07,,,,,
366,0.08319785445928574,0.0007191083104997624,45.853396161983255,11.671950340270996,0.006721774116158485,0.0029099518433213234,0.00015115164569579065,0.0006995969451963902,0.0066936868242919445,0.003050103085115552,9.112159023061395e-05,0.0033042251598089933,0.007683751173317432,0.013498540967702866,0.0,0.028090734034776688,0.0010650524636730552,0.09044182300567627,2.907092380155518e-07,,,,,
367,0.06361310929059982,0.0007177453848914415,45.98673999396851,8.351112365722656,0.005939294118434191,0.0034317371901124716,0.0004982554237358272,4.8531419452046975e-05,0.0010538185015320778,0.002737754490226507,8.166682528099045e-05,0.0024911081418395042,0.014607722871005535,0.04115075618028641,0.0,0.02889343909919262,0.002879236824810505,0.09065992385149002,2.3505840545112733e-06,,,,,
368,0.09627963602542877,0.0007163805569639864,46.12051747797523,13.538533210754395,0.00609519612044096,0.005277986638247967,0.0008403926040045917,0.00016703961591701955,0.0018438778351992369,0.005229630973190069,8.098755643004552e-05,0.0048842360265553,0.009739818051457405,0.033975616097450256,0.0,0.05589403584599495,0.002700008451938629,0.09087599068880081,2.9570610422524624e-06,,,,,
369,0.04539448395371437,0.0007150138401876973,46.2548124580062,5.063387870788574,0.006100122816860676,0.0023173517547547817,0.00024106392811518162,2.9267856007209048e-05,0.0013923496007919312,0.0017866817070171237,8.51923759910278e-05,0.0015928302891552448,0.011309739202260971,0.024528108537197113,0.0,0.015847016125917435,0.0009699572692625225,0.09109576791524887,1.848116539804323e-07,,,,,
370,0.10485579073429108,0.0007136452480515175,46.38649497501319,13.732362747192383,0.0070261284708976746,0.003662245348095894,0.00025195087073370814,0.0008703931234776974,0.008473517373204231,0.004330188501626253,9.791181946638972e-05,0.004698311910033226,0.0011951944325119257,0.028199810534715652,0.0,0.02079220674932003,0.00036695192102342844,0.09131177514791489,4.5458472186510335e-07,,,,,
371,0.16271018981933594,0.0007122747940628984,46.52886120096082,18.484479904174805,0.008408973924815655,0.005934808403253555,0.0005073390784673393,0.0012151285773143172,0.01258966326713562,0.007437271997332573,0.00010209633910562843,0.007993106730282307,0.013475374318659306,0.031732432544231415,0.0,0.03940794616937637,0.001447982620447874,0.09151476621627808,7.827704280316539e-07,,,,,
372,0.08566213399171829,0.0007109024917476679,46.6637634600047,11.415294647216797,0.006604273337870836,0.002799073001369834,0.00015088151849340647,0.0006976168369874358,0.006525146774947643,0.003183461260050535,9.65239669312723e-05,0.0034711158368736506,0.006489770486950874,0.052175916731357574,0.0,0.01636607199907303,0.001352904480881989,0.09171220660209656,3.110741317868815e-07,,,,,
373,0.05716743692755699,0.0007095283546498957,46.79886501596775,7.3737921714782715,0.006103852763772011,0.0029305587522685528,0.0004460173659026623,4.420549885253422e-05,0.0010977215133607388,0.002366556553170085,8.484403224429116e-05,0.002128175925463438,0.007743265945464373,0.04867216944694519,0.0,0.02240900509059429,0.002020785352215171,0.09189656376838684,5.885461860088981e-07,,,,,
374,0.08927509188652039,0.00070815239633176,46.93317047698656,12.429654121398926,0.005628903862088919,0.004910001531243324,0.0007003691280260682,0.00011582392471609637,0.0018072775565087795,0.004623998422175646,8.305719529744238e-05,0.00428698118776083,0.014103224501013756,0.06420709192752838,0.0,0.039456892758607864,0.0011314530856907368,0.0920787826180458,3.548587699242489e-07,,,,,
375,0.04368589073419571,0.0007067746303734145,47.06562637700699,4.462207317352295,0.004974609240889549,0.0021646139211952686,0.00022861576871946454,3.844612729153596e-05,0.0008308088290505111,0.001532446825876832,8.641531894681975e-05,0.001357919885776937,0.012926829978823662,0.051572829484939575,0.0,0.024457622319459915,0.001636546803638339,0.09226292371749878,3.1473115313929156e-07,13.369078524879724,11.681288528707245,3.88046703240858,8.73648893047871,19.9080864832558
376,0.09417450428009033,0.0007053950703728524,47.23352482897462,12.822059631347656,0.0063095372170209885,0.0032060532830655575,0.00021168703096918762,0.0009005279280245304,0.007353858556598425,0.003820087295025587,9.634377784095705e-05,0.004153846763074398,0.013785065151751041,0.014146613888442516,0.0,0.03689027577638626,0.0007262030267156661,0.0924600139260292,5.688891064892232e-07,,,,,
377,0.14135512709617615,0.0007040137299457742,47.37085681897588,16.937301635742188,0.008428146131336689,0.005263286642730236,0.00036402064142748713,0.0011907619191333652,0.010042148642241955,0.005947744473814964,9.841043356573209e-05,0.0064132679253816605,0.007414985913783312,0.020711597055196762,0.0,0.04010994732379913,0.0048577189445495605,0.0926549881696701,3.377472239662893e-07,,,,,
378,0.061437178403139114,0.000702630622725452,47.50530272297328,8.918310165405273,0.006284564267843962,0.0021543207112699747,5.576067997026257e-05,0.0005185384070500731,0.004669505171477795,0.0020027542486786842,9.072523971553892e-05,0.002179322997108102,0.015515368431806564,0.014060137793421745,0.0,0.0122646139934659,0.001337523339316249,0.09284725785255432,2.46123704528145e-07,,,,,
379,0.07315141707658768,0.0007012457623625962,47.64785298897186,11.461159706115723,0.005061793141067028,0.004175960551947355,0.0006651115836575627,0.00013745306932833046,0.0016032035928219557,0.004004559013992548,7.933306915219873e-05,0.0037144271191209555,0.0062695755623281,0.016095170751214027,0.0,0.028277376666665077,0.0005746021633967757,0.09302576631307602,7.67874917073641e-06,,,,,
380,0.1357547789812088,0.0006998591625252189,47.78364871197846,18.563634872436523,0.005882376339286566,0.007656955625861883,0.0014904917916283011,0.00048516778042539954,0.003155163023620844,0.0077949329279363155,7.608160376548767e-05,0.007434827741235495,0.011812100186944008,0.016121836379170418,0.0,0.044051412492990494,0.0005204163026064634,0.09320386499166489,1.7759082027168915e-07,,,,,
381,0.07042904943227768,0.0006984708368985012,47.92642595298821,10.425644874572754,0.005620595533400774,0.0037076089065521955,0.0007926397956907749,0.00018160074250772595,0.0012825862504541874,0.003548729233443737,7.594323687953874e-05,0.003290987340733409,0.011024124920368195,0.011542479507625103,0.0,0.041668523102998734,0.0019523839000612497,0.09337980300188065,1.3130345450917957e-06,,,,,
382,0.058601442724466324,0.0006970807991846562,48.06156086199917,7.390995025634766,0.005747691262513399,0.0017610592767596245,4.323999382904731e-05,0.0003253012546338141,0.004777421709150076,0.001687830314040184,8.193208486773074e-05,0.0018050289945676923,0.007582946214824915,0.05303293466567993,0.0,0.03487532585859299,0.000644904503133148,0.09356816112995148,4.551063170765701e-07,,,,,
383,0.08687849342823029,0.000695689063102795,48.19548322696937,11.838322639465332,0.007428593933582306,0.0029935594648122787,0.00016339051944669336,0.0007561696693301201,0.0065423836931586266,0.003059468697756529,8.44104724819772e-05,0.0032939943484961987,0.00930025428533554,0.024643458425998688,0.0,0.05098550766706467,0.001012772903777659,0.09376955032348633,6.598109791866591e-08,,,,,
384,0.043052610009908676,0.000694295642388791,48.333347640989814,4.368536472320557,0.006121702957898378,0.0011637157294899225,4.569769953377545e-05,0.0003671149897854775,0.002982787322252989,0.0009651945438235998,8.033303311094642e-05,0.0009866299806162715,0.029220810160040855,0.019501224160194397,0.0,0.045121051371097565,0.0010922031942754984,0.0939822718501091,1.5254504432959948e-06,,,,,
385,0.09555523097515106,0.0006929005507951441,48.47002216801047,14.171233177185059,0.005504670552909374,0.005402778275310993,0.0007052223081700504,0.00019443666678853333,0.002113313414156437,0.005487014073878527,7.328636274905875e-05,0.00519344350323081,0.0078882509842515,0.039390746504068375,0.0,0.04099194332957268,0.0008072555065155029,0.0942327007651329,1.4072905685225123e-07,,,,,
386,0.14406998455524445,0.0006915038020908449,48.603960306965746,18.98081398010254,0.006068544462323189,0.007635090034455061,0.0013076778268441558,0.0006594876758754253,0.0032068737782537937,0.00822317972779274,7.104294491000473e-05,0.007903733290731907,0.01531020924448967,0.08063459396362305,0.0,0.015814373269677162,0.0017403862439095974,0.09447994828224182,2.7636567665467737e-06,,,,,
387,0.06681843847036362,0.0006901054100612394,48.73758647899376,9.618542671203613,0.004993044771254063,0.0032369212713092566,0.0006945097120478749,0.00027422612765803933,0.0014219953445717692,0.0030579883605241776,7.100080256350338e-05,0.0028375147376209497,0.002826681360602379,0.04314419999718666,0.0,0.024014372378587723,0.001984928734600544,0.09470638632774353,0.0003175564343109727,,,,,
388,0.06993194669485092,0.0006887053885078925,48.87411409599008,9.77215576171875,0.006350121460855007,0.0025214904453605413,5.9251815400784835e-05,0.0002519799454603344,0.005574535578489304,0.002344865584746003,7.786121568642557e-05,0.002506303833797574,0.009132271632552147,0.03990074247121811,0.0,0.04650050401687622,0.0006502653704956174,0.09492604434490204,1.5832423514439142e-06,,,,,
389,0.11504195630550385,0.0006873037512484514,49.00728420499945,14.531298637390137,0.006926773581653833,0.003944074269384146,0.00032813887810334563,0.0008062816923484206,0.008583716116845608,0.004692459478974342,8.28127158456482e-05,0.0050168889574706554,0.014142554253339767,0.060246169567108154,0.0,0.03420816361904144,0.001994653372094035,0.09515830874443054,0.00010474305599927902,,,,,
390,0.05911974981427193,0.0006859005121165104,49.141904998978134,8.59377670288086,0.0048735071904957294,0.0018099683802574873,0.0001487920235376805,0.0005412095924839377,0.0048598540015518665,0.0018791138427332044,8.053854980971664e-05,0.002021418185904622,0.005576381925493479,0.019139325246214867,0.0,0.03647699952125549,0.0007071876316331327,0.09538496285676956,1.4369874179465114e-06,,,,,
391,0.060191478580236435,0.0006844956849614727,49.273089480993804,8.64614486694336,0.0055969152599573135,0.0033034575171768665,0.00022023127530701458,3.099786044913344e-05,0.0013972516171634197,0.0030218446627259254,7.420266047120094e-05,0.0027870687190443277,0.012913942337036133,0.037436146289110184,0.0,0.039911407977342606,0.0012235450558364391,0.09562074393033981,1.702501208455942e-06,,,,,
392,0.09438838064670563,0.0006830892836484155,49.40560415096115,14.189881324768066,0.0054581547155976295,0.0052124615758657455,0.0006218208000063896,0.000139006893732585,0.0021414828952401876,0.005171991419047117,7.313552487175912e-05,0.0048738280311226845,0.011997692286968231,0.07285110652446747,0.0,0.034105084836483,0.0005466355942189693,0.09586802870035172,5.816171437800222e-07,,,,,
393,0.040628958493471146,0.000681681322057952,49.54070632898947,5.093536376953125,0.004907554946839809,0.0021883456502109766,0.00021325109992176294,3.252598980907351e-05,0.000783646828494966,0.0016819428419694304,7.506516703870147e-05,0.0015122131444513798,0.016008375212550163,0.018293749541044235,0.0,0.04357156530022621,0.0005778554477728903,0.09610617160797119,9.81347056949744e-07,,,,,
394,0.08609408885240555,0.0006802718140860947,49.671661528991535,12.285630226135254,0.006145683117210865,0.002863425761461258,0.00013688055332750082,0.0004019012558273971,0.007323477417230606,0.003695631632581353,8.513292414136231e-05,0.0039886669255793095,0.011214187368750572,0.022784791886806488,0.0,0.05904535949230194,0.00024875326198525727,0.09638901799917221,2.747712187556317e-06,,,,,
395,0.13898774981498718,0.0006788607736441179,49.803843149973545,17.099016189575195,0.007216835394501686,0.005493143107742071,0.0003032182576134801,0.0007113124011084437,0.010589818470180035,0.006606010254472494,8.985609019873664e-05,0.007073534186929464,0.024340294301509857,0.03522760793566704,0.0,0.03307879716157913,0.0005730059347115457,0.09667880833148956,1.5216571114251565e-07,,,,,
396,0.07521874457597733,0.0006774482146584213,49.93469017697498,10.92392349243164,0.006263026036322117,0.0026621418073773384,8.128386980388314e-05,0.0003329268074594438,0.005805026739835739,0.002994044218212366,8.7213353253901e-05,0.0032543924171477556,0.016072750091552734,0.05221227556467056,0.0,0.009850142523646355,0.00031265351572073996,0.09695358574390411,3.9000687479529006e-07,,,,,
397,0.044546134769916534,0.0006760341510703923,50.066844674991444,6.003215789794922,0.005532391369342804,0.00242256629280746,0.0002761699724942446,4.811705366591923e-05,0.0010144620900973678,0.0017935502110049129,8.026584691833705e-05,0.0015998134622350335,0.008202096447348595,0.017007119953632355,0.0,0.030306097120046616,0.0010196234798058867,0.09720318764448166,1.583931350523926e-07,,,,,
398,0.06584975868463516,0.0006746185968362667,50.198970346013084,10.822176933288574,0.004955457057803869,0.0038604973815381527,0.0003091507242061198,5.871882240171544e-05,0.0016168709844350815,0.003505915403366089,8.151718066073954e-05,0.003209853544831276,0.015308570116758347,0.024642152711749077,0.0,0.03390277177095413,0.0005931941559538245,0.09746084362268448,1.9930366761400364e-06,,,,,
399,0.033120229840278625,0.0006732015659269941,50.33055646496359,2.924098253250122,0.004616973921656609,0.0015756486682221293,6.51414884487167e-05,8.49442440085113e-05,0.0011334277223795652,0.0011102136923000216,8.647647337056696e-05,0.0009739998495206237,0.02695901319384575,0.017932593822479248,0.0,0.02602866291999817,0.0002888333110604435,0.09771407395601273,1.1189530368937994e-06,,,,,
400,0.0670427680015564,0.000671783072328097,50.4622982419678,9.587873458862305,0.006959668826311827,0.002113546011969447,0.00011281933257123455,0.0004596130456775427,0.004766011610627174,0.002404811792075634,9.269127622246742e-05,0.002637833124026656,0.008510783314704895,0.04418955370783806,0.0,0.015531360171735287,0.0016549720894545317,0.09797300398349762,1.486887555302019e-07,10.733805532086274,10.030901714468433,1.9200057160298525,4.84172117673934,15.686172364235178
401,0.06771770119667053,0.0006703631300395349,50.62248440698022,10.142136573791504,0.00598683999851346,0.002319652121514082,4.932026786264032e-05,0.00026882029487751424,0.005334032233804464,0.0026190318167209625,9.05933920876123e-05,0.0028575214091688395,0.02428337372839451,0.04033639281988144,0.0,0.02177005261182785,0.0002833697944879532,0.09821374714374542,7.918829942354932e-05,,,,,
402,0.03681708127260208,0.0006689417530755646,50.76138154196087,0.9205009341239929,0.004646508954465389,0.0015508101787418127,0.00024345857673324645,3.3358468499500304e-05,0.0012247445993125439,0.0007956415065564215,8.243066258728504e-05,0.0007247861358337104,0.01576051115989685,0.053697630763053894,0.0,0.01762302964925766,0.001093927538022399,0.09844700992107391,4.6694026423210744e-07,,,,,
403,0.06678502261638641,0.0006675189554646032,50.895923450996634,10.360440254211426,0.004867197014391422,0.0036283747758716345,0.0005156176048330963,8.092919597402215e-05,0.0013312197988852859,0.00316717685200274,7.976185588631779e-05,0.00288647529669106,0.006092289462685585,0.06810814142227173,0.0,0.01240356732159853,0.0005809665890410542,0.09867934882640839,0.00028030393877997994,,,,,
404,0.04597485810518265,0.0006660947512490885,51.02674409397878,7.18482780456543,0.004807924851775169,0.0026537727098912,0.000142543955007568,3.897567148669623e-05,0.001132648321799934,0.0021229349076747894,8.117167453747243e-05,0.0018949060468003154,0.009463312104344368,0.024897806346416473,0.0,0.027775634080171585,0.0002926459419541061,0.09889336675405502,2.9835848636139417e-07,,,,,
405,0.04818224161863327,0.0006646691544853414,51.157846671994776,6.881074905395508,0.005079497583210468,0.0017258846201002598,0.00011759017070289701,0.0004691234789788723,0.0030948666390031576,0.001350986771285534,8.50112410262227e-05,0.0014549600891768932,0.006067320238798857,0.022265877574682236,0.0,0.02539731003344059,0.0006874287500977516,0.09911482036113739,6.99131419423793e-07,,,,,
406,0.05588190630078316,0.0006632421792434262,51.28949617501348,7.6972432136535645,0.005784689914435148,0.0016655509825795889,6.51833470328711e-05,0.0002791352744679898,0.003792609553784132,0.0016870656982064247,8.143876038957387e-05,0.0018172357231378555,0.01769060641527176,0.06809499859809875,0.0,0.02463298663496971,0.0013110493309795856,0.09933832287788391,1.355198406827185e-07,,,,,
407,0.031567011028528214,0.0006618138396070123,51.419756082003005,2.4141247272491455,0.004369973670691252,0.0013290280476212502,0.00027627701638266444,5.309171319822781e-05,0.0009477667044848204,0.0009345326689071953,7.339182047871873e-05,0.0008329486008733511,0.007991739548742771,0.022616146132349968,0.0,0.021930987015366554,0.0011931901099160314,0.09956268221139908,0.00016067622345872223,,,,,
408,0.04714461788535118,0.0006603841496732357,51.55498401296791,6.619674205780029,0.004975069779902697,0.0022139670327305794,0.00040043480112217367,6.361129635479301e-05,0.0011103440774604678,0.0017984547885134816,7.251669012475759e-05,0.0016268425388261676,0.01992974244058132,0.04201172664761543,0.0,0.03627360612154007,0.0006885799812152982,0.0997939184308052,5.051431344327284e-07,,,,,
409,0.03175102919340134,0.0006589531235525585,51.68973784899572,1.920055627822876,0.004177151247859001,0.0011584440944716334,4.1496117773931473e-05,0.00018762689433060586,0.0016319125425070524,0.0007324268226511776,7.718527922406793e-05,0.0007097169873304665,0.004178368952125311,0.032737795263528824,0.0,0.03327666595578194,0.0005844078259542584,0.10004714131355286,3.1886006013337465e-07,,,,,
410,0.03696632385253906,0.0006575207753686309,51.82024570001522,4.382871150970459,0.004801171366125345,0.0014319292968139052,7.105576514732093e-05,0.000284625799395144,0.002322447719052434,0.0009117115987464786,7.874798029661179e-05,0.0009568721288815141,0.010683714412152767,0.008826281875371933,0.0,0.022469226270914078,0.0006970695685595274,0.10032666474580765,7.923816838228959e-07,,,,,
411,0.037365902215242386,0.0006560871192581513,51.952381026989315,3.5000534057617188,0.004299769178032875,0.001457746373489499,0.00023211268126033247,2.8573636882356368e-05,0.0010950142750516534,0.0010692249052226543,7.399420428555459e-05,0.0009594755829311907,0.016473351046442986,0.04963052272796631,0.0,0.0382283516228199,0.0018209287663921714,0.10061323642730713,2.196679531607515e-07,,,,,
412,0.031196294352412224,0.0006546521693707266,52.08150057098828,2.4519858360290527,0.0041353353299200535,0.0012975734425708652,0.00022551137953996658,5.196265919948928e-05,0.0012184381484985352,0.0008853662293404341,7.37574155209586e-05,0.0008003524271771312,0.01610010489821434,0.019976193085312843,0.0,0.027076054364442825,0.0006651005824096501,0.10092747211456299,4.1206678247363016e-07,,,,,
413,0.0351092703640461,0.0006532159398687327,52.21319812297588,4.44408655166626,0.004166543949395418,0.001278549782000482,4.261435242369771e-05,0.000119803924462758,0.0023789945989847183,0.0009380984702147543,7.849305256968364e-05,0.0009878784185275435,0.015737436711788177,0.01570458896458149,0.0,0.0342659056186676,0.0007651371997781098,0.10124949365854263,2.730575658915768e-07,,,,,
414,0.02775757759809494,0.0006517784449271755,52.34851397998864,0.6167502999305725,0.004993794485926628,0.0013154329499229789,5.2977833547629416e-05,0.0001467567344661802,0.0009875501273199916,0.0007448047981597483,7.920553616713732e-05,0.0006906694616191089,0.014628686010837555,0.010198500007390976,0.0,0.009769648313522339,0.00028807116905227304,0.10159268975257874,3.392000849089527e-07,,,,,
415,0.03254192695021629,0.0006503396987335492,52.48140394297661,4.569988250732422,0.004122206941246986,0.0016511136200278997,9.53564012888819e-05,4.689728666562587e-05,0.0010029841214418411,0.0012586027150973678,7.89480036473833e-05,0.0011163194430992007,0.005624968092888594,0.02219117060303688,0.0,0.02207145467400551,0.0005284546059556305,0.10190906375646591,2.7130172384204343e-06,,,,,
416,0.03589966893196106,0.000648899715487698,52.61577467399184,2.3255252838134766,0.004447508603334427,0.0010894397273659706,5.974344094283879e-05,5.182172026252374e-05,0.0018466025358065963,0.0007624071440659463,8.119447738863528e-05,0.000770039448980242,0.009177313186228275,0.07202424108982086,0.0,0.026199571788311005,0.0012839152477681637,0.10222775489091873,3.291666530458315e-07,,,,,
417,0.035228181630373,0.0006474585094016755,52.74717486096779,3.287182569503784,0.004059222061187029,0.001232258859090507,7.083845412125811e-05,3.0518334824591875e-05,0.002104786690324545,0.0008404585532844067,8.15296225482598e-05,0.0008697468438185751,0.025351060554385185,0.042951762676239014,0.0,0.030838295817375183,0.0004338205326348543,0.1025567278265953,1.44161901971529e-06,,,,,
418,0.03388240933418274,0.0006460160946996036,52.87571299698902,3.46565580368042,0.004082974977791309,0.0014267107471823692,0.00016613774641882628,3.506225039018318e-05,0.0010500862263143063,0.0010117234196513891,8.129212073981762e-05,0.0008910794276744127,0.009678060188889503,0.05059146508574486,0.0,0.02262130379676819,0.0007758012507110834,0.10289845615625381,2.058427753581782e-06,,,,,
419,0.03226057067513466,0.0006445724856175332,53.005383592972066,1.5595725774765015,0.003768735798075795,0.001329337595961988,3.792318602791056e-05,0.00011504749272717163,0.0010999944061040878,0.000785333220846951,8.641165914013982e-05,0.000709282816387713,0.01162528432905674,0.052405983209609985,0.0,0.021809622645378113,0.0010575692867860198,0.10323462635278702,9.495640824752627e-07,,,,,
420,0.03623875603079796,0.000643127696403303,53.1374010790023,4.058886528015137,0.0040428671054542065,0.0013885542284697294,5.7580473367124796e-05,0.00023064819106366485,0.0016460849437862635,0.0008591953665018082,8.84697146830149e-05,0.0009102959302254021,0.018613919615745544,0.02580702304840088,0.0,0.01973433792591095,0.0025937268510460854,0.10356827825307846,1.7349047993775457e-06,,,,,
421,0.03165551647543907,0.0006416817413163997,53.27126044500619,1.759783387184143,0.004248678218573332,0.0012153072748333216,0.00018490530783310533,8.265695942100137e-05,0.0012990424875169992,0.0007559745572507381,8.061080006882548e-05,0.000688197382260114,0.013671515509486198,0.03322219103574753,0.0,0.01736193150281906,0.0011401798110455275,0.10390308499336243,1.5987083656909817e-07,,,,,
422,0.036025915294885635,0.0006402346346278156,53.40671578201,2.9517645835876465,0.004113489296287298,0.0012214097660034895,0.00030492269434034824,0.00018434712546877563,0.0009574451833032072,0.000826269097160548,7.675220695091411e-05,0.0007407455705106258,0.004960859660059214,0.05376097559928894,0.0,0.023093000054359436,0.0023955830838531256,0.10423103719949722,0.00023851520381867886,,,,,
423,0.0361868180334568,0.00063878639061991,53.54233998397831,3.2335941791534424,0.0038300631567835808,0.0012060042936354876,8.467992302030325e-05,0.00017330411355942488,0.0019427346996963024,0.0007803604821674526,8.078993414528668e-05,0.0007992069004103541,0.018641438335180283,0.04943114519119263,0.0,0.031095240265130997,0.0007716260151937604,0.10456259548664093,8.477004303131253e-05,,,,,
424,0.03453642129898071,0.0006373370235862664,53.67328950500814,1.4971768856048584,0.004634952638298273,0.0011332856956869364,0.00011927596642635763,0.00023895791673567146,0.0013744635507464409,0.0007308933418244123,7.931989966891706e-05,0.0006846782052889466,0.03356499224901199,0.0364404171705246,0.0,0.033063553273677826,0.0010497842449694872,0.10490764677524567,4.8516938022658e-07,,,,,
425,0.03225899487733841,0.0006358865478315523,53.80756286298856,3.4129984378814697,0.004429362248629332,0.001507049659267068,7.183966226875782e-05,2.3877713829278946e-05,0.0015765195712447166,0.001070217927917838,7.484584057237953e-05,0.0009553767158649862,0.01320569682866335,0.01475365087389946,0.0,0.02191500924527645,0.00037308564060367644,0.10527122020721436,5.75240733269311e-07,7.606115009575732,9.713481754956666,3.2412485922069707,1.5550315858331831,6.020513160280412
426,0.03145160898566246,0.0006344349776713777,53.97439988300903,1.4782907962799072,0.004316988401114941,0.0011714620050042868,0.00013435963774099946,6.793836655560881e-05,0.0016056359745562077,0.0007088346756063402,7.482077489839867e-05,0.0006910669035278261,0.0028628972359001637,0.036555543541908264,0.0,0.023817390203475952,0.0004981848760508001,0.10562921315431595,0.0001760081941029057,,,,,
427,0.03108070231974125,0.0006329823274321542,54.108535720966756,2.9598448276519775,0.004075809381902218,0.001103428890928626,6.684406253043562e-05,2.2060439732740633e-05,0.0017846694681793451,0.0008293211576528847,7.823336636647582e-05,0.0008613069076091051,0.012060492299497128,0.022713875398039818,0.0,0.03516820818185806,0.0012472450034692883,0.10599030554294586,9.0617689352257e-08,,,,,
428,0.03432297706604004,0.0006315286114509533,54.24152733798837,1.871896743774414,0.004292970988899469,0.0014008752768859267,4.3433137761894614e-05,4.7495210310444236e-05,0.0009603583021089435,0.000839181593619287,7.946065306896344e-05,0.0007586022256873548,0.010056131519377232,0.07900100946426392,0.0,0.006724571343511343,0.0012364513240754604,0.1063675656914711,1.5609586512255191e-07,,,,,
429,0.03048849292099476,0.0006300738440753645,54.370959969004616,2.526221752166748,0.004265356343239546,0.001404070993885398,5.095706001156941e-05,3.451997326919809e-05,0.0009965081699192524,0.0009227737900801003,7.843411731300876e-05,0.0008267522789537907,0.019344251602888107,0.020255979150533676,0.0,0.030931033194065094,0.0012195052113384008,0.1067124679684639,7.883272701292299e-07,,,,,
430,0.028943737968802452,0.0006286180396633549,54.50531061197398,2.2897675037384033,0.0038313863333314657,0.0011121005518361926,5.413293183664791e-05,5.330019484972581e-05,0.0016262836288660765,0.0007711221114732325,7.896458555478603e-05,0.0007883869693614542,0.011018132790923119,0.0238227266818285,0.0,0.018315514549613,0.0007712985388934612,0.10707290470600128,9.195879613344005e-08,,,,,
431,0.0260190200060606,0.0006271612125831259,54.63757538399659,1.6094233989715576,0.003924132790416479,0.0010801779571920633,6.840768764959648e-05,2.257824962725863e-05,0.0012860335409641266,0.0007298407726921141,7.700239075347781e-05,0.0007272670045495033,0.003995164297521114,0.012174301780760288,0.0,0.018916981294751167,0.001244146260432899,0.10742582380771637,6.204533065101714e-07,,,,,
432,0.0304733719676733,0.0006257033772129731,54.770828471984714,2.690670967102051,0.0045708962716162205,0.0014512789202854037,0.00010243609722238034,2.3584041628055274e-05,0.0009052107343450189,0.0008939265972003341,7.570844900328666e-05,0.0008009893936105072,0.012770017609000206,0.024327995255589485,0.0,0.023920824751257896,0.0008122303406707942,0.10777180641889572,7.693674706388265e-05,,,,,
433,0.027896955609321594,0.0006242445479411426,54.90348916698713,0.28662100434303284,0.004111382178962231,0.0012385810259729624,3.6409903259482235e-05,5.6862183555494994e-05,0.0008437458309344947,0.0007260635029524565,7.713255763519555e-05,0.0006825638120062649,0.008258194662630558,0.016618836671113968,0.0,0.05654171109199524,0.0009696462657302618,0.10812336951494217,9.93795765680261e-07,,,,,
434,0.03131920471787453,0.0006227847391656907,55.035126417991705,2.141986846923828,0.003653154941275716,0.0009229259449057281,4.393826748128049e-05,0.00012983198394067585,0.001501859980635345,0.0007601287215948105,7.938288035802543e-05,0.0007698937552049756,0.01981956884264946,0.042634494602680206,0.0,0.025963161140680313,0.002020529005676508,0.10853267461061478,1.9768749552895315e-06,,,,,
435,0.028955833986401558,0.0006213239652943405,55.176641249971,1.0621440410614014,0.0035405950620770454,0.001193783595226705,0.00011562788131413981,2.873671292036306e-05,0.0010378817096352577,0.0007262618746608496,7.625574653502554e-05,0.0006769241881556809,0.01273639127612114,0.041850775480270386,0.0,0.024468455463647842,0.0005450717872008681,0.10894527286291122,1.5271641586878104e-06,,,,,
436,0.02857988514006138,0.0006198622407443405,55.31554660497932,1.2511180639266968,0.0035702150780707598,0.0012540781171992421,0.00012901774607598782,4.145362981944345e-05,0.0011211687233299017,0.0007357648573815823,7.557722710771486e-05,0.0006819166010245681,0.006696146912872791,0.03259756788611412,0.0,0.01588558405637741,0.0006980039179325104,0.10935234278440475,3.217533048882615e-07,,,,,
437,0.02930634282529354,0.0006183995799423215,55.44763664196944,1.376174807548523,0.003751438809558749,0.0010403142077848315,2.9116501536918804e-05,6.35823089396581e-05,0.0011489924509078264,0.000729165505617857,7.739044667687267e-05,0.000722993747331202,0.01796284317970276,0.043445438146591187,0.0,0.0320400632917881,0.0010761439334601164,0.10974311828613281,6.31418117791327e-07,,,,,
438,0.02774985320866108,0.0006169359973241556,55.5841289429809,0.5214373469352722,0.003623820608481765,0.0010936891194432974,3.4340748243266717e-05,5.502871863427572e-05,0.0008035314967855811,0.0007171723991632462,7.544845720985904e-05,0.0006851546349935234,0.015873007476329803,0.04168790951371193,0.0,0.026928570121526718,0.0011572587536647916,0.1101478785276413,0.00013328291242942214,,,,,
439,0.027644628658890724,0.0006154715073348123,55.717942412011325,1.6794520616531372,0.003995153121650219,0.0011309081455692649,8.327678369823843e-05,2.632145151437726e-05,0.0008064500871114433,0.0008027813746593893,7.15308851795271e-05,0.0007310842629522085,0.015511581674218178,0.03528272733092308,0.0,0.025984156876802444,0.0007832637638784945,0.11055338382720947,5.095328106108354e-07,,,,,
440,0.02716970071196556,0.0006140061244282163,55.84782111097593,0.5608827471733093,0.0036529770586639643,0.0010412823176011443,6.658989877905697e-05,2.4402001145062968e-05,0.0011714797001332045,0.0007068042759783566,6.945545464986935e-05,0.0006722021498717368,0.0161452479660511,0.034660063683986664,0.0,0.023957598954439163,0.0005557927652262151,0.1109539195895195,1.6164653970918152e-07,,,,,
441,0.02679435908794403,0.0006125398630671055,55.98494384798687,1.4857510328292847,0.003853344591334462,0.0009908286156132817,4.468113911570981e-05,2.0130208213231526e-05,0.001220985664986074,0.0007160715176723897,6.898595165694132e-05,0.0006971184629946947,0.011772975325584412,0.03624086454510689,0.0,0.02519417181611061,0.0003803235595114529,0.11135262995958328,1.9700019038282335e-06,,,,,
442,0.02686803974211216,0.0006110727377228873,56.11812147300225,1.0576545000076294,0.0033969965297728777,0.0011021894169971347,4.4283522584009916e-05,2.0498722733464092e-05,0.0012563369236886501,0.0007736555999144912,6.842782022431493e-05,0.0007077991031110287,0.016845691949129105,0.03369014710187912,0.0,0.011424578726291656,0.000438610150013119,0.11175332963466644,2.811911485878227e-07,,,,,
443,0.02802116796374321,0.0006096047628754967,56.25068438000744,0.8852080702781677,0.0037155933678150177,0.0010566792916506529,3.651308361440897e-05,2.526289244997315e-05,0.00110825605224818,0.0007617807714268565,6.901082815602422e-05,0.0006995346047915518,0.015759186819195747,0.043828003108501434,0.0,0.026498425751924515,0.00047998951049521565,0.11212920397520065,0.00010081732034450397,,,,,
444,0.026320531964302063,0.0006081359530132532,56.38476957497187,1.088023066520691,0.0033865708392113447,0.0010275845415890217,4.298016938264482e-05,2.488295103830751e-05,0.001363212475553155,0.0007015122682787478,7.014956645434722e-05,0.0006802545394748449,0.007429986726492643,0.03615955635905266,0.0,0.01001813355833292,0.0005156946135684848,0.11250954121351242,2.0877769202343188e-07,,,,,
445,0.02624039351940155,0.0006066663226327166,56.52049249998527,0.30737414956092834,0.0035534510388970375,0.0009081363677978516,4.153074405621737e-05,1.789609268598724e-05,0.0012916849227622151,0.0006937506841495633,7.077703048707917e-05,0.0006621571956202388,0.014596542343497276,0.03790092468261719,0.0,0.022492850199341774,0.00048349681310355663,0.1128648966550827,3.354189175297506e-07,,,,,
446,0.025856435298919678,0.0006051958862385455,56.65348797797924,0.7627593278884888,0.004064601380378008,0.0011197950225323439,4.438006362761371e-05,2.116278301400598e-05,0.0011325394734740257,0.0007122093811631203,7.248518522828817e-05,0.0006654761382378638,0.01174423098564148,0.022163838148117065,0.0,0.020805424079298973,0.0002102791186189279,0.11322081089019775,2.9628478159793303e-07,,,,,
447,0.025290539488196373,0.0006037246583433539,56.78825738898013,0.29864275455474854,0.003519169520586729,0.0009897924028337002,3.941122122341767e-05,2.1775069399154745e-05,0.0011408062418922782,0.0006963748601265252,7.539281068602577e-05,0.0006707871798425913,0.004306691233068705,0.029027137905359268,0.0,0.0240446999669075,0.0007542457897216082,0.11357471346855164,1.58490615831397e-06,,,,,
448,0.03048292174935341,0.0006022526534675668,56.9251969520119,0.5273836851119995,0.003803631290793419,0.0010231072083115578,4.052831354783848e-05,5.6237906392198056e-05,0.0010142993414774537,0.0007019942277111113,7.824281783541664e-05,0.0006836134707555175,0.01852312870323658,0.06563899666070938,0.0,0.026906916871666908,0.0008284623036161065,0.1139330342411995,0.00013813402620144188,,,,,
449,0.0287413839250803,0.000600779886139278,57.05798648198834,0.3275585472583771,0.003974548541009426,0.0012162860948592424,3.109977478743531e-05,3.47347668139264e-05,0.001113471807911992,0.0007046866812743247,7.865962834330276e-05,0.0006787384627386928,0.009538042359054089,0.04015976935625076,0.0,0.018282104283571243,0.0007512123556807637,0.11429126560688019,9.837512334343046e-05,,,,,
450,0.02668282948434353,0.0005993063708941068,57.18944421201013,0.9034949541091919,0.00334042776376009,0.0011476691579446197,7.25610152585432e-05,2.683632010302972e-05,0.001114275073632598,0.0007085464894771576,7.690371421631426e-05,0.0006700424710288644,0.00814693421125412,0.023654328659176826,0.0,0.029707305133342743,0.0008098211837932467,0.11463392525911331,1.158968871095567e-06,7.82413794288316,10.033850541808803,2.1163710875826394,1.2278593850554467,6.365445167577037
451,0.025179794058203697,0.0005978321222750534,57.34544088697294,0.8165363073348999,0.0037242823746055365,0.001092315069399774,6.750204192940146e-05,2.378749195486307e-05,0.001264565042220056,0.0007062294753268361,7.627036393387243e-05,0.000695963273756206,0.008785324171185493,0.00770965963602066,0.0,0.02745765447616577,0.0004007580573670566,0.11498744040727615,7.988824654603377e-05,,,,,
452,0.028183771297335625,0.0005963571548323567,57.47795670997584,0.33705076575279236,0.003256060415878892,0.0012444778112694621,4.421021367306821e-05,3.359688344062306e-05,0.001106521813198924,0.0007061022915877402,7.475386519217864e-05,0.0006792275817133486,0.015521344728767872,0.03823080658912659,0.0,0.02250744216144085,0.00040921178879216313,0.11535056680440903,4.4659404352387355e-07,,,,,
453,0.02857757732272148,0.0005948814831233498,57.61242364597274,1.1845123767852783,0.0031822961755096912,0.001047321129590273,3.5278964787721634e-05,3.7816877011209726e-05,0.001137042767368257,0.0007468410185538232,7.286033360287547e-05,0.0006904855254106224,0.007503013126552105,0.05083649605512619,0.0,0.016813382506370544,0.0017185613978654146,0.115712970495224,5.83939254283905e-07,,,,,
454,0.025057323276996613,0.000593405121712317,57.74960536096478,0.3014421761035919,0.0038742218166589737,0.0009066001512110233,6.398622645065188e-05,2.0727511582663283e-05,0.001259794575162232,0.0007013942231424153,6.970804679440334e-05,0.0006653029122389853,0.007262642029672861,0.022959180176258087,0.0,0.030361216515302658,0.0003191920695826411,0.1160648986697197,1.1398581136745634e-06,,,,,
455,0.0248683150857687,0.0005919280851703489,57.88910179701634,1.1330738067626953,0.0034081980120390654,0.0011424882104620337,5.948166290181689e-05,1.9613653421401978e-05,0.0011095167137682438,0.0007008870597928762,6.763842247892171e-05,0.0006784083088859916,0.03153375908732414,0.012840673327445984,0.0,0.011351104825735092,0.00011087003076681867,0.11643427610397339,6.018889848746767e-07,,,,,
456,0.024277478456497192,0.0005904503880752003,58.02568060596241,0.5115910172462463,0.003637074725702405,0.0010493954177945852,4.8102338041644543e-05,1.7265581846004352e-05,0.0010676311794668436,0.0007207189337350428,6.674891483271495e-05,0.0006697578937746584,0.003016912844032049,0.02290055714547634,0.0,0.02050260826945305,0.0002894470817409456,0.11678403615951538,3.2973161978588905e-07,,,,,
457,0.026326583698391914,0.0005889720450111447,58.16008930897806,0.8417331576347351,0.0033372975885868073,0.0011793987359851599,3.09950191876851e-05,2.3336127924267203e-05,0.000882476510014385,0.000736872898414731,6.658147322013974e-05,0.0006833130610175431,0.009824629873037338,0.03968994319438934,0.0,0.024113891646265984,0.00019070303824264556,0.11713171005249023,9.353831842418003e-07,,,,,
458,0.02533995546400547,0.0005874930705688314,58.29543317301432,0.9649029970169067,0.00404910696670413,0.0009022135054692626,3.5192177165299654e-05,3.314426794531755e-05,0.0011630686931312084,0.0006897503044456244,6.624520756304264e-05,0.0006655887118540704,0.007994607090950012,0.0344306156039238,0.0,0.021500036120414734,0.0003287095751147717,0.1174825131893158,3.852446752716787e-07,,,,,
459,0.023034244775772095,0.0005860134793451411,58.43084564100718,0.3253193199634552,0.0032770324032753706,0.0009345128200948238,4.193383938400075e-05,1.8074326362693682e-05,0.0011445777490735054,0.0006869885255582631,6.463729368988425e-05,0.0006517674773931503,0.012351633980870247,0.015495356172323227,0.0,0.024149959906935692,0.00028624015976674855,0.11782795190811157,1.4718001750679832e-07,,,,,
460,0.02469555102288723,0.0005845332859430417,58.57958559499821,0.7021655440330505,0.003545143874362111,0.0011021222453564405,4.435883602127433e-05,2.597534876258578e-05,0.0010868932586163282,0.0007000926998443902,6.431902875192463e-05,0.0006574217695742846,0.0018276566406711936,0.0214815903455019,0.0,0.030921384692192078,2.023281922447495e-05,0.11817914247512817,2.7300794158691133e-07,,,,,
461,0.02841849811375141,0.0005830525049714447,58.72113368398277,0.24854837357997894,0.0033391339238733053,0.0010444396175444126,3.9970604120753706e-05,1.4509583706967533e-05,0.0009966394864022732,0.0006786337471567094,6.560198380611837e-05,0.0006540943286381662,0.03357389196753502,0.05343108996748924,0.0,0.022270306944847107,0.0006161632481962442,0.11854858696460724,9.83333848125767e-07,,,,,
462,0.025742124766111374,0.0005815711510450604,58.855033901985735,0.8331029415130615,0.0038098706863820553,0.0008645540801808238,4.533148603513837e-05,2.930051959992852e-05,0.0011175137478858232,0.000679841497913003,6.634704914176837e-05,0.0006640846258960664,0.01796531490981579,0.039727628231048584,0.0,0.020077776163816452,0.0004531764716375619,0.11891860514879227,1.1125143828394357e-06,,,,,
463,0.02498326636850834,0.000580089238784254,58.996836217003874,0.4060361683368683,0.003958350978791714,0.0010207229061052203,3.1044277420733124e-05,1.5524510672548786e-05,0.0010124723194167018,0.0006976478034630418,6.514192500617355e-05,0.0006571270641870797,0.00895133800804615,0.0353178009390831,0.0,0.011093266308307648,0.0003264258848503232,0.11928524821996689,2.8607128115254454e-06,,,,,
464,0.023437930271029472,0.000578606782814901,59.134863757994026,0.84642094373703,0.0036021408159285784,0.001007978804409504,4.618000821210444e-05,2.0745344954775646e-05,0.0008393145981244743,0.0007126691634766757,6.429462519008666e-05,0.0006633649463765323,0.007390829734504223,0.028163116425275803,0.0,0.01720588281750679,0.0001839426113292575,0.11963266879320145,7.113939091141219e-07,,,,,
465,0.022603444755077362,0.0005771237977682437,59.269815030973405,0.5250192284584045,0.0035773408599197865,0.0009967763908207417,3.6516954423859715e-05,1.6569290892221034e-05,0.0007552366005256772,0.0006706890999339521,6.458618008764461e-05,0.0006429498898796737,0.017823580652475357,0.021306758746504784,0.0,0.014020908623933792,0.00038363688508979976,0.11996869742870331,4.3929864546043973e-07,,,,,
466,0.027858436107635498,0.0005756402982807457,59.40343800699338,0.7139706015586853,0.003708189819008112,0.0009979542810469866,3.57864482793957e-05,3.2058967917691916e-05,0.0011106705060228705,0.0006751755718141794,6.563013448612764e-05,0.0006500098388642073,0.008394870907068253,0.05666505545377731,0.0,0.022912604734301567,0.0003857957199215889,0.12029328942298889,8.347506081918254e-07,,,,,
467,0.025052502751350403,0.000574156298993948,59.53971725900192,0.6851834654808044,0.0037014654371887445,0.001001145108602941,2.5851782993413508e-05,3.119700704701245e-05,0.0011887075379490852,0.0007015917799435556,6.606409442611039e-05,0.0006525457138195634,0.021707208827137947,0.019696420058608055,0.0,0.023108094930648804,0.00031604518881067634,0.12061898410320282,5.753151981480187e-07,,,,,
468,0.02483716607093811,0.0005726718145543243,59.67363168700831,0.45496833324432373,0.0033771737944334745,0.0010759185533970594,3.0665527447126806e-05,1.8367412849329412e-05,0.0012023755116388202,0.0006904199253767729,6.600411870749667e-05,0.0006416687974706292,0.02446543425321579,0.013664135709404945,0.0,0.02935325913131237,4.839315442950465e-05,0.12095373868942261,1.8942668020827114e-06,,,,,
469,0.022930093109607697,0.0005711868596131371,59.80625698697986,0.6624923944473267,0.0032648127526044846,0.0009134704014286399,4.9602353101363406e-05,2.082558421534486e-05,0.0010328954085707664,0.000668769353069365,6.590197881450877e-05,0.0006394179072231054,0.013085839338600636,0.025911472737789154,0.0,0.005356795620173216,0.0006089921807870269,0.12129294872283936,2.6965760753228096e-06,,,,,
470,0.02698271907866001,0.0005697014488262916,59.94704369001556,0.5210131406784058,0.003501565894111991,0.0010702228173613548,3.1490133551415056e-05,2.2384518160833977e-05,0.001100403256714344,0.0006693431059829891,6.669024878647178e-05,0.0006379532278515399,0.014452309347689152,0.038887664675712585,0.0,0.030849022790789604,0.00041841756319627166,0.12159737944602966,3.667337750812294e-06,,,,,
471,0.02335716225206852,0.000568215596854193,60.07842873799382,0.6574724912643433,0.0035033461172133684,0.001051096012815833,2.5513218133710325e-05,2.7792888431577012e-05,0.0008606886258348823,0.0007060077041387558,6.732175825163722e-05,0.0006522758631035686,0.011002429760992527,0.01881544664502144,0.0,0.02433571219444275,0.0003088945522904396,0.12192216515541077,1.8136574908567127e-07,,,,,
472,0.02452668733894825,0.0005667293183616004,60.21621102001518,0.49292728304862976,0.0033412615302950144,0.0009563411585986614,2.6759949832921848e-05,2.9076745704514906e-05,0.0011114465305581689,0.0006941452738828957,6.766680598957464e-05,0.0006449326756410301,0.013617290183901787,0.0240987129509449,0.0,0.03216176852583885,0.0003539097378961742,0.12225738912820816,7.295608952517796e-07,,,,,
473,0.025346988812088966,0.0005652426280174821,60.3518740980071,0.6441136598587036,0.0037356314714998007,0.0010700763668864965,2.7268066332908347e-05,2.5425764761166647e-05,0.000977783463895321,0.0006610120180994272,6.776233203709126e-05,0.0006326711736619473,0.017727017402648926,0.02555966190993786,0.0,0.021456796675920486,0.0007098408532328904,0.12261378020048141,7.451201611274882e-08,,,,,
474,0.027724675834178925,0.0005637555404948722,60.48473935801303,0.5563129186630249,0.0034876838326454163,0.0011464247945696115,5.946678720647469e-05,2.1882540750084445e-05,0.0011655347188934684,0.0006572346901521087,6.718804797856137e-05,0.0006187866674736142,0.013494517654180527,0.03182563930749893,0.0,0.03891575336456299,0.0003466474881861359,0.12295931577682495,9.335303184343502e-05,,,,,
475,0.028706202283501625,0.0005622680704707236,60.61576314899139,0.17909565567970276,0.003695576684549451,0.0011779069900512695,3.271787863923237e-05,1.7355421732645482e-05,0.0013060483615845442,0.0006522868061438203,6.770777690690011e-05,0.0006201509386301041,0.015441304072737694,0.04209636151790619,0.0,0.025145722553133965,0.000276526203379035,0.12333481758832932,1.6428656408606912e-06,7.99212086429634,10.272764496746808,1.381145047674116,1.9051662231362085,6.455074967542459
476,0.023972835391759872,0.0005607802326257654,60.77478231099667,0.4136252999305725,0.003579408396035433,0.0010137013159692287,2.5128862034762278e-05,3.327123704366386e-05,0.0009813455399125814,0.0006539913010783494,6.804696749895811e-05,0.0006242822273634374,0.012159557081758976,0.023091083392500877,0.0,0.025311999022960663,0.00023034182959236205,0.12370886653661728,6.798033496124845e-07,,,,,
477,0.022979581728577614,0.0005592920416443561,60.90768422797555,0.346015065908432,0.003427718998864293,0.0009676108020357788,2.4316139388247393e-05,2.499400216038339e-05,0.0009093065746128559,0.0006611873395740986,6.752496847184375e-05,0.0006211073487065732,0.009785243310034275,0.019493425264954567,0.0,0.0320550836622715,0.00027520954608917236,0.12408214807510376,1.5779087902956235e-07,,,,,
478,0.02368967980146408,0.0005578035122143401,61.04061447799904,0.3749767243862152,0.0034815792459994555,0.0009668077691458166,3.094924250035547e-05,1.3967636732559185e-05,0.000908817513845861,0.0006563583156093955,6.610636046389118e-05,0.0006153836729936302,0.02328721061348915,0.02108682133257389,0.0,0.029806116595864296,0.00029620391433127224,0.12446877360343933,6.310889943961229e-07,,,,,
479,0.024880390614271164,0.0005563146590269017,61.173145175969694,0.5158138275146484,0.003268665634095669,0.0011944123543798923,2.546408177295234e-05,1.4298651876742952e-05,0.0010326908668503165,0.0006431765505112708,6.514903361676261e-05,0.0006154048023745418,0.00751925352960825,0.024663545191287994,0.0,0.022838380187749863,0.0002492798084858805,0.12486476451158524,1.0015444331656909e-06,,,,,
480,0.02561003342270851,0.0005548254967764211,61.30687637900701,0.17889267206192017,0.0033841212280094624,0.0011816936312243342,3.045873381779529e-05,1.2724171938316431e-05,0.0013132509775459766,0.0006461146404035389,6.413789378711954e-05,0.0006083616754040122,0.006404688116163015,0.020767798647284508,0.0,0.017977507784962654,0.0005109586636535823,0.12525124847888947,5.096011136629386e-06,,,,,
481,0.021610327064990997,0.0005533360401603284,61.43705145700369,0.20714834332466125,0.0033271878492087126,0.000937223550863564,2.1795383872813545e-05,1.631468694540672e-05,0.0008895377395674586,0.0006574576254934072,6.334273348329589e-05,0.0006128132808953524,0.021013597026467323,0.009797295555472374,0.0,0.02956658974289894,3.754956924240105e-05,0.12562143802642822,2.204564566454792e-07,,,,,
482,0.02209039218723774,0.0005518463038789588,61.57175576000009,0.1930209994316101,0.0033537468407303095,0.001020038384012878,2.961669088108465e-05,1.7796945030568168e-05,0.0009296375210396945,0.0006557157612405717,6.258663779590279e-05,0.0006132503040134907,0.003330531530082226,0.020036399364471436,0.0,0.010335907340049744,0.00040644739056006074,0.12600301206111908,4.442719614417001e-07,,,,,
483,0.022126909345388412,0.0005503563026354084,61.70763005997287,0.38725247979164124,0.003291004104539752,0.0010761123849079013,2.4190672775148414e-05,3.229394860682078e-05,0.0007269957568496466,0.000648984860163182,6.252447929000482e-05,0.000614480406511575,0.010928995907306671,0.01724613830447197,0.0,0.016660936176776886,0.00037131618591956794,0.12635600566864014,2.1771836600237293e-07,,,,,
484,0.023678196594119072,0.0005488660511353877,61.84385237901006,0.3838604986667633,0.0031839029397815466,0.0009573138086125255,2.1344587366911583e-05,1.8527545762481168e-05,0.0011061371769756079,0.0006443389574997127,6.128864333732054e-05,0.0006113876588642597,0.008832093328237534,0.03281404823064804,0.0,0.016931256279349327,0.00019138315110467374,0.12669523060321808,5.199760266805242e-07,,,,,
485,0.025878766551613808,0.0005473755640870773,61.97722729499219,0.7521316409111023,0.0033052696380764246,0.001263843267224729,5.865824277861975e-05,2.269271863042377e-05,0.0010000832844525576,0.0006598182953894138,5.981122376397252e-05,0.0006143306964077055,0.027489878237247467,0.016850002110004425,0.0,0.0238379817456007,0.00012383160355966538,0.1270226687192917,2.5010979243234033e-07,,,,,
486,0.026455741375684738,0.0005458848562009829,62.11349560698727,0.16465219855308533,0.0032726118806749582,0.0010560122318565845,2.480776674929075e-05,1.5599149264744483e-05,0.0012778721284121275,0.0006396736134774983,5.995833271299489e-05,0.0006077125435695052,0.015244158916175365,0.03859785944223404,0.0,0.025906959548592567,7.996587373781949e-05,0.127349853515625,4.6320266733346216e-07,,,,,
487,0.02511495351791382,0.0005443939421897894,62.24790113896597,0.5398687720298767,0.0037334603257477283,0.0010957366321235895,2.3172957298811525e-05,2.121282886946574e-05,0.001205149106681347,0.0006389235495589674,6.0374288295861334e-05,0.0006148713873699307,0.007783534005284309,0.017461096867918968,0.0,0.03425896167755127,0.0001270422071684152,0.12768496572971344,0.0001368510420434177,,,,,
488,0.026153527200222015,0.000542902836768216,62.395481440005824,0.23456916213035583,0.0037717127706855536,0.0010925682727247477,2.4359780582017265e-05,2.1289200958563015e-05,0.0009775672806426883,0.0006511909887194633,6.031842713127844e-05,0.000614620978012681,0.02371785044670105,0.03401852026581764,0.0,0.02663550339639187,8.696173608768731e-05,0.12804439663887024,5.178011178941233e-06,,,,,
489,0.02336415834724903,0.0005414115546528715,62.533421618980356,0.8396316170692444,0.003204852109774947,0.0008887722506187856,2.561105793574825e-05,1.4602204828406684e-05,0.0010079463245347142,0.0006694128969684243,6.00547791691497e-05,0.000623967731371522,0.01837358996272087,0.03727007657289505,0.0,0.008185221813619137,0.000242570458794944,0.1284063756465912,1.9754095319513e-06,,,,,
490,0.024363920092582703,0.000539920110562108,62.665060583967716,0.671479344367981,0.0027850400656461716,0.0010318096028640866,3.013964851561468e-05,1.6122470697155222e-05,0.0013967705890536308,0.0006310462485998869,6.006132025504485e-05,0.0006047147908248007,0.005418369080871344,0.02827196940779686,0.0,0.013677064329385757,0.000291057163849473,0.1287367045879364,7.982241072568286e-07,,,,,
491,0.02474723942577839,0.0005384285192158769,62.79544426698703,0.2499324381351471,0.0030885348096489906,0.0009758928790688515,3.309455860289745e-05,1.523116952739656e-05,0.0012166446540504694,0.0006316493963822722,6.000693974783644e-05,0.0005980447167530656,0.03004973754286766,0.025034084916114807,0.0,0.023911796510219574,0.00011154911044286564,0.12905170023441315,1.8299867576843099e-07,,,,,
492,0.025554319843649864,0.0005369367953355825,62.9274523719796,0.23908686637878418,0.003036068519577384,0.0011846849229186773,2.5493543944321573e-05,1.3418864909908734e-05,0.001087702577933669,0.00065236771479249,5.989327110000886e-05,0.0006060502491891384,0.015696467831730843,0.030237076804041862,0.0,0.017504537478089333,0.0003716277424246073,0.12936708331108093,3.1371911290989374e-07,,,,,
493,0.028396645560860634,0.0005354449536439371,63.05829057696974,0.6249341368675232,0.003454043762758374,0.0010495975147932768,2.494884938641917e-05,1.9565348338801414e-05,0.0011422359384596348,0.0006594910519197583,6.10525457886979e-05,0.0006101473700255156,0.007024028804153204,0.0639483705163002,0.0,0.028604986146092415,7.479423948097974e-05,0.12967735528945923,1.1759748304029927e-06,,,,,
494,0.028365712612867355,0.000533953008864816,63.18679076596163,0.8529174327850342,0.003163217566907406,0.0010706621687859297,2.4541554012103006e-05,2.5186554921674542e-05,0.0014694923302158713,0.0006300819222815335,6.211699655978009e-05,0.0006001099827699363,0.012595487758517265,0.049506425857543945,0.0,0.02718891203403473,0.00010822073090821505,0.1299976259469986,2.3108473214961123e-06,,,,,
495,0.02113550901412964,0.0005324609757231119,63.31808949500555,0.1023387536406517,0.0033089451026171446,0.0009306098218075931,2.9686882044188678e-05,1.1615493349381723e-05,0.0008602155721746385,0.000632395560387522,6.301680696196854e-05,0.0005917152157053351,0.00558259105309844,0.013311203569173813,0.0,0.02866983972489834,0.00027460011187940836,0.13033068180084229,7.354903459599882e-07,,,,,
496,0.022214073687791824,0.0005309688689445896,63.45245587796671,0.8426376581192017,0.0031585656106472015,0.0009376790258102119,4.266088944859803e-05,2.1174490029807203e-05,0.0010531098814681172,0.0006413083174265921,6.387085159076378e-05,0.0005929340259172022,0.010626289993524551,0.019114941358566284,0.0,0.018138904124498367,0.00011095358058810234,0.13067658245563507,4.704371349362191e-06,,,,,
497,0.024950731545686722,0.0005294767032557405,63.58868615300162,0.5685176849365234,0.00330981588922441,0.0011238438310101628,2.1707041014451534e-05,1.2632151992875151e-05,0.001093482133001089,0.0006205267854966223,6.650180876022205e-05,0.0005978893022984266,0.007134236395359039,0.02826681360602379,0.0,0.020538760349154472,0.0004882794455625117,0.13101188838481903,1.3710309758607764e-06,,,,,
498,0.028169188648462296,0.0005279844933836377,63.721209136012476,0.6711480617523193,0.0035391650162637234,0.0011041424004361033,2.2740327040082775e-05,2.003967165364884e-05,0.0009833711665123701,0.0006212418084032834,6.832685903646052e-05,0.0005994907114654779,0.002764168893918395,0.05955436825752258,0.0,0.03961500525474548,0.00010498151095816866,0.13134555518627167,1.4611831034017086e-07,,,,,
499,0.02478167787194252,0.0005264922540557899,63.85356337897247,1.2544831037521362,0.0029426314868032932,0.001261677360162139,2.6260799131705426e-05,1.3089566891721915e-05,0.0008345471578650177,0.0006546343793161213,6.855036917841062e-05,0.0006048355135135353,0.007842456921935081,0.03316526859998703,0.0,0.011876845732331276,0.00022900929616298527,0.13171148300170898,0.0001462810905650258,,,,,
500,0.02505962923169136,0.000524999999999997,63.985643494990654,0.1374186873435974,0.0032593102660030127,0.001121492008678615,2.265519833599683e-05,1.2131276889704168e-05,0.0008864827686920762,0.000618316582404077,6.802267307648435e-05,0.0005963796866126359,0.00995501596480608,0.042225006967782974,0.0,0.016793452203273773,0.00013266738096717745,0.1320536583662033,3.227032721042633e-07,7.497065340242322,9.66727273158565,1.4022386729471528,1.1046913435675936,6.0264685014941435
501,0.0243876650929451,0.0005235077459442042,64.15009517298313,0.9295506477355957,0.0034333961084485054,0.0010157357901334763,2.4942351956269704e-05,1.2505244740168564e-05,0.0011207957286387682,0.0006329660536721349,6.644814857281744e-05,0.0006279996014200151,0.008023638278245926,0.02575194463133812,0.0,0.03211066499352455,6.519255839521065e-05,0.13238032162189484,4.829541012441041e-06,,,,,
502,0.024726741015911102,0.0005220155066163564,64.28381991398055,0.1683974415063858,0.003191764932125807,0.0008454613271169364,2.455813591950573e-05,1.2849292943428736e-05,0.000729361257981509,0.0006228309939615428,6.443245365517214e-05,0.0005936349625699222,0.005984905641525984,0.0633060485124588,0.0,0.024125482887029648,0.0004325234331190586,0.13272961974143982,1.1322337059027632e-06,,,,,
503,0.026524225249886513,0.0005205232967442535,64.41498561797198,0.8953032493591309,0.0031223585829138756,0.0011023173574358225,3.1900792237138376e-05,1.2767562111548614e-05,0.0009839782724156976,0.0006509014638140798,6.178620242280886e-05,0.0006046263733878732,0.004944213666021824,0.04804535582661629,0.0,0.02741091325879097,0.0005162862362340093,0.13308285176753998,1.5243888640270598e-07,,,,,
504,0.021314851939678192,0.0005190311310554044,64.54701405396918,0.4629853367805481,0.00359472818672657,0.0009030947694554925,2.1351288523874246e-05,1.6608802980044857e-05,0.0008601550362072885,0.0006269988371059299,5.975663952995092e-05,0.0005995435640215874,0.016393978148698807,0.011024925857782364,0.0,0.026341192424297333,0.0002513890794944018,0.13344909250736237,4.041939973831177e-07,,,,,
505,0.019116811454296112,0.0005175390242768822,64.68097569496604,0.5987255573272705,0.0031938147731125355,0.0008611084776930511,2.9543145501520485e-05,1.301863812841475e-05,0.0008082210551947355,0.0006264515104703605,5.717361636925489e-05,0.0005986622418276966,0.010409031063318253,0.01069004274904728,0.0,0.008558111265301704,0.00020204568863846362,0.13381236791610718,4.4601654280995717e-07,,,,,
506,0.024101784452795982,0.000516046991135178,64.81315975199686,0.44525760412216187,0.003237598342821002,0.0011857080971822143,3.235820258851163e-05,1.1686635843943805e-05,0.0010916955070570111,0.0006571238627657294,5.524078733287752e-05,0.0006114913267083466,0.018774710595607758,0.012308993376791477,0.0,0.019799431785941124,2.681207661225926e-05,0.13414886593818665,0.00016108265845105052,,,,,
507,0.025302710011601448,0.000514555046356057,64.94408877496608,0.628522515296936,0.0029057443607598543,0.0010752485832199454,2.258254971820861e-05,1.539772711112164e-05,0.0007410597754642367,0.0006682638777419925,5.460075772134587e-05,0.0006212372099980712,0.02859908901154995,0.03940644487738609,0.0,0.02949892170727253,0.00017114514776039869,0.13448160886764526,0.0001747510686982423,,,,,
508,0.021489934995770454,0.0005130632046644116,65.07564250798896,0.5093674063682556,0.002971160225570202,0.000958966207690537,2.630265589687042e-05,1.997267099795863e-05,0.0008188968058675528,0.0006290539749898016,5.445740680443123e-05,0.0005981726571917534,0.013096889480948448,0.014585117809474468,0.0,0.03290229290723801,0.0002161536831408739,0.13482666015625,2.230641911182829e-07,,,,,
509,0.022881584241986275,0.0005115714807841171,65.20780276600271,0.5683737397193909,0.003347426885738969,0.0010540384100750089,1.8848706531571224e-05,1.5263778550433926e-05,0.0009183688089251518,0.0006257614586502314,5.445854549179785e-05,0.0005956361419521272,0.02866274118423462,0.01586965285241604,0.0,0.010338488966226578,0.00042760756332427263,0.13518618047237396,4.94656511307312e-08,,,,,
510,0.024026092141866684,0.000510079889437886,65.33871785999509,0.7624709010124207,0.003343741875141859,0.0010797320865094662,2.9464641556842253e-05,1.246153078682255e-05,0.0013849338283762336,0.0006599102052859962,5.442494511953555e-05,0.0006146361120045185,0.00797122810035944,0.012035499326884747,0.0,0.019375616684556007,0.00028516535530798137,0.13552440702915192,5.727013672185421e-07,,,,,
511,0.024660471826791763,0.0005085884453471227,65.47185044101207,0.38984984159469604,0.0032510391902178526,0.0009462828747928143,2.177096757804975e-05,1.3318463970790617e-05,0.0013983914395794272,0.0006345062865875661,5.550083369598724e-05,0.0005956902168691158,0.02383675053715706,0.02646007016301155,0.0,0.014048794284462929,0.00020272054825909436,0.13585954904556274,4.4238444729671755e-07,,,,,
512,0.02127482369542122,0.000507097163231778,65.61724667798262,0.7872322797775269,0.0032471981830894947,0.0009349059546366334,2.1107063730596565e-05,1.8775081116473302e-05,0.0009351929184049368,0.000614023650996387,5.707313903258182e-05,0.0005935888621024787,0.025547413155436516,0.00833083875477314,0.0,0.023127133026719093,1.9725233869394287e-05,0.1361789107322693,1.1461477100738193e-07,,,,,
513,0.02344430983066559,0.0005056060578102047,65.7494556879974,0.2201845496892929,0.0029245438054203987,0.0010624852729961276,1.9888651877408847e-05,1.6643798517179675e-05,0.0009902692399919033,0.0006113759009167552,5.785193934570998e-05,0.0005808498244732618,0.006181834731251001,0.02240443229675293,0.0,0.036026209592819214,0.00024272422888316214,0.1365085244178772,4.348903530626558e-07,,,,,
514,0.024097982794046402,0.0005041151437990112,65.87943339499179,0.8892889618873596,0.002982535632327199,0.0012115882709622383,3.309423118480481e-05,1.7826529074227437e-05,0.0009057327988557518,0.0006355081568472087,5.779267303296365e-05,0.0005880298558622599,0.0093687167391181,0.024516863748431206,0.0,0.02212967537343502,0.00010176819341722876,0.1368582844734192,3.6628293287321867e-07,,,,,
515,0.02525203488767147,0.0005026244359129166,66.01141415297752,0.1834016591310501,0.0030085069593042135,0.0010251599596813321,1.839426658989396e-05,1.4629571523983032e-05,0.001011422136798501,0.0006045051850378513,5.9291145589668304e-05,0.0005716389860026538,0.023328818380832672,0.032711006700992584,0.0,0.03171186149120331,0.0005606937920674682,0.13720495998859406,8.797893258361e-08,,,,,
516,0.021801814436912537,0.0005011339488646064,66.14440900401678,0.5060035586357117,0.0033440273255109787,0.0009917395655065775,1.6803271137177944e-05,2.420844612061046e-05,0.0007889971602708101,0.0006020204164087772,6.061385647626594e-05,0.0005767698748968542,0.005299699027091265,0.025324370712041855,0.0,0.01861477456986904,0.00012689184222836047,0.1375662237405777,1.4257866496336646e-06,,,,,
517,0.020189255475997925,0.0004996436973645857,66.27954655600479,0.29655906558036804,0.0026791905984282494,0.0009117863955907524,1.627986057428643e-05,1.7156853573396802e-05,0.0008400296210311353,0.0006038232240825891,6.0647409554803744e-05,0.0005678032757714391,0.007564368192106485,0.014805358834564686,0.0,0.029730863869190216,8.78858263604343e-05,0.13792087137699127,4.5675787418986147e-07,,,,,
518,0.022420668974518776,0.0004981536961210353,66.41892568196636,0.12480200082063675,0.003132124897092581,0.0010394356213510036,2.3696227799518965e-05,1.5591262126690708e-05,0.0011266586370766163,0.0006025037146173418,5.926589074078947e-05,0.0005640145973302424,0.0047329142689704895,0.02333008125424385,0.0,0.006437348667532206,0.00011787781113525853,0.13828662037849426,1.7081076464364742e-07,,,,,
519,0.025016233325004578,0.0004966639598396658,66.55539937096182,0.3609474301338196,0.0029618931002914906,0.0009240873041562736,3.0851751944283023e-05,1.5535477359662764e-05,0.001165012363344431,0.0006047456408850849,5.819118086947128e-05,0.0005627640639431775,0.00809786282479763,0.040807709097862244,0.0,0.03210803121328354,0.0003896657726727426,0.1386166363954544,1.4434630202231347e-06,,,,,
520,0.022551460191607475,0.0004951745032235731,66.68830153997988,0.2366485297679901,0.003318303031846881,0.0009730529855005443,2.2073578293202445e-05,1.2783889360434841e-05,0.0011606942862272263,0.0005958901019766927,5.7649762311484665e-05,0.0005623761098831892,0.01591854728758335,0.007074940484017134,0.0,0.0372217558324337,6.0305799706839025e-05,0.13895486295223236,5.83628889216925e-07,,,,,
521,0.020382115617394447,0.0004936853409730923,66.82373287598602,0.597805380821228,0.002841672394424677,0.0010158139048144221,1.6674317521392368e-05,1.6204805433517322e-05,0.0008105744491331279,0.0005963282892480493,5.718831016565673e-05,0.0005644509219564497,0.007018199656158686,0.01725945621728897,0.0,0.012851044535636902,8.973253716249019e-05,0.13931414484977722,9.447584261579323e-07,,,,,
522,0.023038575425744057,0.0004921964877856541,66.96090066496981,0.5682482123374939,0.0033076542895287275,0.001059644389897585,2.145897269656416e-05,1.3557584679801948e-05,0.000907612033188343,0.0006241502705961466,5.64664151170291e-05,0.0005749397678300738,0.022281717509031296,0.01591745764017105,0.0,0.026720227673649788,0.00012857606634497643,0.13965678215026855,2.3081895506038563e-07,,,,,
523,0.02274545282125473,0.000490707958355638,67.09228822600562,0.5191136002540588,0.0034047826193273067,0.000884014181792736,2.221287832071539e-05,1.3700038834940642e-05,0.000786273623816669,0.0006165563827380538,5.5631484428886324e-05,0.0005703234346583486,0.009936931543052197,0.04074695706367493,0.0,0.01966303214430809,0.00013850253890268505,0.14000840485095978,1.0541205028857803e-06,,,,,
524,0.021088484674692154,0.0004892197673742286,67.23237500799587,0.5339499711990356,0.0034441701136529446,0.0008492934284731746,2.1849555196240544e-05,1.1465871466498356e-05,0.0009494341793470085,0.0005896714865230024,5.485409565153532e-05,0.0005619623698294163,0.015332759357988834,0.01415218785405159,0.0,0.027871746569871902,0.0001507626147940755,0.1403426229953766,7.188692734416691e-07,,,,,
525,0.02323092333972454,0.0004877319295292704,67.36655616300413,0.44134774804115295,0.0028769425116479397,0.000916941266041249,2.5423321858397685e-05,1.1380597243260127e-05,0.0011194278486073017,0.0005877097719348967,5.384849646361545e-05,0.0005588668282143772,0.032603710889816284,0.02133968099951744,0.0,0.027189336717128754,7.456557068508118e-05,0.14068365097045898,2.1931095943727996e-06,7.763252229803501,9.93375095160804,1.4142125963711658,0.8513524790348278,6.507774246345829
526,0.022012898698449135,0.0004862444595051218,67.52823580498807,0.1324680894613266,0.0027923625893890858,0.0010619503445923328,2.1538769942708313e-05,1.0955870493489783e-05,0.0012052295496687293,0.0006054826080799103,5.33257880306337e-05,0.0005657699657604098,0.013403646647930145,0.011040344834327698,0.0,0.014791212044656277,4.826056829188019e-05,0.141025111079216,2.426157550416974e-07,,,,,
527,0.020637521520256996,0.0004847573719825118,67.66429345798679,0.7152755856513977,0.0032367862295359373,0.0009173501166515052,2.1053732780274004e-05,1.1295101103314664e-05,0.0010903424117714167,0.0006418510456569493,5.362130104913376e-05,0.000593029719311744,0.004558234941214323,0.009488949552178383,0.0,0.018297646194696426,0.00013788777869194746,0.14134404063224792,1.7981976441205916e-07,,,,,
528,0.022598937153816223,0.0004832706816383937,67.800079979992,0.253762811422348,0.0028313903603702784,0.000980466022156179,1.74990163941402e-05,1.615330984350294e-05,0.0010060945060104132,0.0006048171781003475,5.40524888492655e-05,0.0005653075058944523,0.010392693802714348,0.03632333129644394,0.0,0.005183609202504158,2.2556636395165697e-05,0.14164896309375763,0.00010679024126147851,,,,,
529,0.021145597100257874,0.00048178440314580105,67.93548211699817,0.6559391021728516,0.0030503899324685335,0.0009378409013152122,1.8693741367314942e-05,1.3221077097114176e-05,0.0010381884640082717,0.0005853736656717956,5.471455733641051e-05,0.0005577332340180874,0.021777698770165443,0.014101745560765266,0.0,0.011725004762411118,5.937754758633673e-05,0.14192043244838715,6.091036084399093e-07,,,,,
530,0.02213197760283947,0.0004802985511737024,68.07198719098233,0.26235124468803406,0.00302518461830914,0.0009892479283735156,2.2473424905911088e-05,1.4172974260873161e-05,0.0012132050469517708,0.0005876338109374046,5.4897442169021815e-05,0.0005498423124663532,0.016614798456430435,0.012983269989490509,0.0,0.016376454383134842,5.928315658820793e-05,0.14217348396778107,2.5420760607630655e-07,,,,,
531,0.024025851860642433,0.0004788131403868571,68.20859285996994,0.7470219731330872,0.0033771253656595945,0.0011547605972737074,2.5744975573616102e-05,1.7025966371875256e-05,0.0009043982718139887,0.0006140096811577678,5.579122807830572e-05,0.0005635271081700921,0.01583641953766346,0.014251201413571835,0.0,0.03856716677546501,3.878278948832303e-05,0.14242242276668549,0.0001258471456822008,,,,,
532,0.02158474177122116,0.0004773281854456697,68.34461111499695,0.40017086267471313,0.003003492020070553,0.001021839096210897,1.8629281839821488e-05,1.326388883171603e-05,0.0009477670537307858,0.0005893990746699274,5.740286360378377e-05,0.0005497567472048104,0.008602891117334366,0.016855226829648018,0.0,0.020745137706398964,0.00014306962839327753,0.14270545542240143,5.499783583218232e-06,,,,,
533,0.022620990872383118,0.00047584370100604606,68.47926786000608,0.3453463017940521,0.002738074865192175,0.0010686509776860476,1.858727955550421e-05,1.957563108589966e-05,0.000856856582686305,0.000593000091612339,5.886960934731178e-05,0.000550788885448128,0.010798284783959389,0.02956433780491352,0.0,0.019055306911468506,5.494344077305868e-05,0.14298947155475616,1.3311890825207229e-06,,,,,
534,0.02212207205593586,0.0004743597017192483,68.6186592769809,0.13449214398860931,0.0025521544739603996,0.0009134364081546664,2.028653398156166e-05,1.199888538394589e-05,0.0011351838475093246,0.0005855069612152874,5.940996197750792e-05,0.000546689669135958,0.005187269765883684,0.03139765188097954,0.0,0.01712675578892231,0.00014133645163383335,0.14327667653560638,2.6321040991206246e-07,,,,,
535,0.022973835468292236,0.00047287620223175023,68.75731032801559,0.3284144103527069,0.002943896921351552,0.0009754077764227986,2.5048069801414385e-05,1.3641572877531871e-05,0.0008868837030604482,0.0005820859223604202,5.931361738475971e-05,0.0005436824285425246,0.023252343758940697,0.031157048419117928,0.0,0.019717788323760033,3.953773557441309e-05,0.14355838298797607,2.643590164552734e-07,,,,,
536,0.019968628883361816,0.00047139321718509295,68.89486646797741,0.3086566627025604,0.0028128614649176598,0.0008804763201624155,2.272326673846692e-05,1.2348717973509338e-05,0.0009336296352557838,0.0005787848494946957,5.970519850961864e-05,0.0005500230472534895,0.006704702042043209,0.008938631042838097,0.0,0.03154728561639786,0.0002210901875514537,0.14383675158023834,6.605746420973446e-07,,,,,
537,0.0217727143317461,0.0004699107612157401,69.03358937700978,0.31577757000923157,0.003068820107728243,0.0008655955898575485,1.9795397747657262e-05,1.4815337635809556e-05,0.0009501626482233405,0.0005804097163490951,5.9789941587951034e-05,0.0005508603644557297,0.01663624867796898,0.02264508232474327,0.0,0.02212066389620304,0.0002603243920020759,0.14413203299045563,0.00016512209549546242,,,,,
538,0.02147076465189457,0.0004684288489549337,69.17161780199967,0.20350690186023712,0.002654613694176078,0.0009573427378199995,1.8208254914497957e-05,1.349299964203965e-05,0.000856218277476728,0.0005958470283076167,5.868345033377409e-05,0.0005538049736060202,0.014408931136131287,0.023448191583156586,0.0,0.01639539748430252,0.0004992373287677765,0.14442473649978638,6.865586215099029e-07,,,,,
539,0.020233849063515663,0.00046694749502854924,69.30515607999405,0.8961362242698669,0.0029617424588650465,0.000874010962434113,2.8958003895240836e-05,1.2548297490866389e-05,0.0008321156492456794,0.0006200937204994261,5.730256452807225e-05,0.0005686893127858639,0.012455612421035767,0.016202915459871292,0.0,0.019608035683631897,9.061540913535282e-05,0.1447090208530426,0.0001271029032068327,,,,,
540,0.020573366433382034,0.0004654667140569523,69.44039436901221,0.5953282117843628,0.00319983484223485,0.0009298244258388877,1.8168913811678067e-05,1.4072287740418687e-05,0.0008854636689648032,0.0005806531407870352,5.656053690472618e-05,0.0005489033064804971,0.003912948537617922,0.016047751531004906,0.0,0.02146517112851143,0.00022712963982485235,0.14499284327030182,1.5136475894905743e-07,,,,,
541,0.019740507006645203,0.000463986520654853,69.57887732301606,0.15516385436058044,0.002904280088841915,0.0009267241111956537,1.8118102161679417e-05,1.376730142510496e-05,0.0007614173809997737,0.0005805118707939982,5.605235492112115e-05,0.0005475007346831262,0.011528695933520794,0.01920832321047783,0.0,0.00943803507834673,0.00012403503933455795,0.1452740579843521,2.885988578782417e-06,,,,,
542,0.022975537925958633,0.00046250692943116263,69.71311027399497,0.10443780571222305,0.0028284427244216204,0.0008991045760922134,1.6949792552622966e-05,1.1163407179992646e-05,0.00120421196334064,0.0005875827628187835,5.544001760426909e-05,0.0005488157621584833,0.017611607909202576,0.028732070699334145,0.0,0.022009288892149925,2.8480430046329275e-05,0.145540252327919,8.126162356347777e-07,,,,,
543,0.023719584569334984,0.00046102795498884937,69.84770208899863,0.1583014726638794,0.0031165149994194508,0.0011659265728667378,1.816519034036901e-05,1.3045355444774032e-05,0.000766329001635313,0.0005930538172833622,5.549441630137153e-05,0.0005521019920706749,0.00421254662796855,0.0371522381901741,0.0,0.01348159834742546,0.0003071221290156245,0.145808145403862,1.180730890837367e-07,,,,,
544,0.021464772522449493,0.00045954961192479384,69.98153237701626,0.1675781011581421,0.0030461044516414404,0.0009587941458448768,1.6372539903386496e-05,1.1283793355687521e-05,0.0007786144851706922,0.0005916733061894774,5.560150384553708e-05,0.0005505331791937351,0.012355150654911995,0.027789365500211716,0.0,0.015534811653196812,0.000196961234905757,0.1460639089345932,4.085215721261193e-07,,,,,
545,0.022751446813344955,0.00045807191482964514,70.11586923000868,0.20411396026611328,0.003208718728274107,0.0009296904318034649,2.1492509404197335e-05,1.3232328456069808e-05,0.0008868324803188443,0.0005806231056340039,5.598996358457953e-05,0.0005443581030704081,0.009149686433374882,0.03253304958343506,0.0,0.028186501935124397,0.00013097481860313565,0.14631184935569763,3.360578375577461e-06,,,,,
546,0.020590364933013916,0.0004565948782876771,70.25345305696828,0.6422516703605652,0.0028629230801016092,0.00090604810975492,1.997195249714423e-05,1.1794734746217728e-05,0.0010505217360332608,0.0005724949878640473,5.6934135500341654e-05,0.0005463351844809949,0.010571755468845367,0.01850171387195587,0.0,0.011045829392969608,7.338965951930732e-05,0.14657096564769745,1.2907138398077223e-06,,,,,
547,0.022875718772411346,0.00045511851687664426,70.39411590900272,0.24558325111865997,0.002915934892371297,0.0011651802342385054,1.8518814613344148e-05,1.0801027201523539e-05,0.0010531330481171608,0.000582622888032347,5.830836744280532e-05,0.000545480870641768,0.0087739834561944,0.012839305214583874,0.0,0.02630980871617794,0.00010593613114906475,0.146815687417984,2.4454047888866626e-06,,,,,
548,0.021672766655683517,0.00045364284516763735,70.52924871799769,0.3473287522792816,0.002722745295614004,0.000977666350081563,1.5522819012403488e-05,1.1070212167396676e-05,0.0008430269081145525,0.0005889510503038764,5.951956700300798e-05,0.0005473541677929461,0.033672500401735306,0.014345432631671429,0.0,0.02443854510784149,0.00013359836884774268,0.14707086980342865,2.0816362393816235e-06,,,,,
549,0.019176002591848373,0.00045216787772494075,70.66690317698522,0.2505391836166382,0.002869234187528491,0.0008352389559149742,1.835820330597926e-05,1.249148954229895e-05,0.0006460215663537383,0.000574787613004446,6.0433831094997004e-05,0.0005395498010329902,0.00854496844112873,0.025807883590459824,0.0,0.011566651985049248,0.000165106903295964,0.14734236896038055,4.431977913554874e-07,,,,,
550,0.0245851781219244,0.0004506936291058874,70.80434129899368,0.5905742049217224,0.0032125713769346476,0.0009468569187447429,1.752316347847227e-05,1.1452855687821284e-05,0.001000952790491283,0.0005663578631356359,6.072170435800217e-05,0.0005430805613286793,0.011996306478977203,0.04304942488670349,0.0,0.029840972274541855,0.0001322537282248959,0.1476001888513565,1.4273823580879252e-06,7.675318670722584,9.888342079079825,1.3428035416779416,0.7554334031360602,6.236709721777268
551,0.020225627347826958,0.00044922011386071606,70.96076961996732,0.3185728192329407,0.002926120301708579,0.000937124714255333,2.7012194550479762e-05,1.3608953850052785e-05,0.0007493665325455368,0.000567302224226296,6.040943117113784e-05,0.0005332164582796395,0.012223854660987854,0.0060043917037546635,0.0,0.039992861449718475,3.5980418033432215e-05,0.147878035902977,0.00019856737344525754,,,,,
552,0.02270789071917534,0.00044774734653242734,71.09402626298834,0.3364999294281006,0.0027510644868016243,0.0008393729804083705,1.569688720337581e-05,1.0454953553562518e-05,0.0011537832906469703,0.0005872363690286875,6.05797249590978e-05,0.0005412278114818037,0.010669508017599583,0.025595564395189285,0.0,0.04133417084813118,0.00019398242875467986,0.14818479120731354,5.585576445810148e-07,,,,,
553,0.021940065547823906,0.00044627534165664025,71.2356078280136,0.4489901661872864,0.0032119115348905325,0.000887189875356853,1.949462603079155e-05,1.8822667698259465e-05,0.0010692467913031578,0.0005869552842341363,6.177053728606552e-05,0.000542724970728159,0.015171174891293049,0.018722500652074814,0.0,0.02395595610141754,0.00011412337335059419,0.14851537346839905,2.162655164283933e-06,,,,,
554,0.020045986399054527,0.0004448041137614485,71.36759432998952,0.4726807773113251,0.0028352418448776007,0.0009901195298880339,1.8452697986504063e-05,1.8302322132512927e-05,0.0005689298268407583,0.0005694600404240191,6.282332469709218e-05,0.0005396400229074061,0.021776102483272552,0.01406775787472725,0.0,0.02181444875895977,6.314906204352155e-05,0.14884412288665771,1.7886547993839486e-06,,,,,
555,0.022083912044763565,0.00044333367736727747,71.50232339196373,0.14797355234622955,0.002936694072559476,0.0009389547049067914,1.7610967915970832e-05,1.0349313015467487e-05,0.0010540538933128119,0.000567971495911479,6.310116441454738e-05,0.0005347341648302972,0.008492824621498585,0.024920018389821053,0.0,0.02262287400662899,0.00010378992737969384,0.14916954934597015,2.5932740754797123e-06,,,,,
556,0.021526115015149117,0.000441864046986741,71.63880477496423,0.8951714038848877,0.0030598025768995285,0.000996223883703351,2.9746192012680694e-05,1.3925618986831978e-05,0.0006013895035721362,0.0005757489125244319,6.331583426799625e-05,0.0005343111115507782,0.013597792014479637,0.019866133108735085,0.0,0.03705447167158127,0.0001306516642216593,0.14948870241641998,1.6009993260013289e-06,,,,,
557,0.01740977354347706,0.0004403952371244972,71.77098794199992,0.40264683961868286,0.002596441889181733,0.0007504189270548522,1.6151077943504788e-05,1.2271582818357274e-05,0.0009647805127315223,0.0005692705744877458,6.298967491602525e-05,0.0005527158500626683,0.0074120028875768185,0.007014640141278505,0.0,0.008268911391496658,0.00015690637519583106,0.1498332917690277,5.13233317178674e-07,,,,,
558,0.022200481966137886,0.00043892726227710686,71.90656370297074,0.9982984662055969,0.00282663363032043,0.0008758545736782253,1.024240191327408e-05,1.3483967450156342e-05,0.0010225232690572739,0.0005782103980891407,6.12945223110728e-05,0.0005668554222211242,0.014024314470589161,0.019209034740924835,0.0,0.038146261125802994,0.000454340479336679,0.15015092492103577,2.6565664938971167e-06,,,,,
559,0.020269816741347313,0.0004374601369328888,72.04554193897638,0.37262725830078125,0.0028470682445913553,0.001073113875463605,2.7001791750080884e-05,1.066339245880954e-05,0.0006395359523594379,0.0005863748956471682,5.852388858329505e-05,0.0005452949553728104,0.004817284177988768,0.016914773732423782,0.0,0.014186671935021877,0.00026050073211081326,0.15049035847187042,1.7949193988897605e-06,,,,,
560,0.022254837676882744,0.0004359938755717779,72.177301891963,1.5246450901031494,0.002794830594211817,0.000939639750868082,3.1347546610049903e-05,1.194582728203386e-05,0.0009614829905331135,0.0006351429619826376,5.6586883147247136e-05,0.0005812937160953879,0.021570827811956406,0.02749590016901493,0.0,0.00915299728512764,0.00022671122860629112,0.15081758797168732,1.9699707536346978e-06,,,,,
561,0.02178616262972355,0.000434528492665182,72.31056817999342,1.0754679441452026,0.0029573501087725163,0.0008591329678893089,1.4869712686049752e-05,1.7069378372980282e-05,0.0009015318937599659,0.0005734018632210791,5.522323044715449e-05,0.0005516980309039354,0.0199936144053936,0.01708231121301651,0.0,0.04523463547229767,0.0001064006210071966,0.15112216770648956,6.318526857285178e-07,,,,,
562,0.021474294364452362,0.00043306400267583865,72.44290051696589,0.6929284930229187,0.002593060489743948,0.0008659685263410211,1.5304087355616502e-05,1.3466061318467837e-05,0.0009948003571480513,0.0005723589565604925,5.375922773964703e-05,0.0005470433970913291,0.003379757981747389,0.027683990076184273,0.0,0.03297162801027298,0.00017227561329491436,0.1514589935541153,4.823754693461524e-07,,,,,
563,0.021480560302734375,0.0004316004200576726,72.58163143601269,0.5893667340278625,0.002924499800428748,0.0008986762259155512,2.1967198335914873e-05,1.1666244063235354e-05,0.0007121320231817663,0.0006057649152353406,5.2248684369260445e-05,0.0005606662598438561,0.028605906292796135,0.02557523548603058,0.0,0.021998383104801178,8.60234213178046e-05,0.1518051028251648,8.710721886018291e-07,,,,,
564,0.021777449175715446,0.0004301377592556539,72.71896709897555,0.7933393120765686,0.0026867485139518976,0.0009223426459357142,2.4359702365472913e-05,1.117269403039245e-05,0.0010215862421318889,0.0006182354409247637,5.185076952329837e-05,0.0005700978799723089,0.015369520522654057,0.02170242927968502,0.0,0.023265793919563293,0.00011918236850760877,0.15214267373085022,1.7839795418694848e-06,,,,,
565,0.023009788244962692,0.0004286760347056538,72.85602836200269,0.8394759893417358,0.0027137608267366886,0.0010242152493447065,1.4867662684991956e-05,1.4334162187878974e-05,0.001188540831208229,0.0005722689093090594,5.232389230513945e-05,0.000541038578376174,0.0013211446348577738,0.02081640437245369,0.0,0.03738904371857643,0.00013572152238339186,0.1524806171655655,9.192029892801656e-07,,,,,
566,0.020487431436777115,0.0004272152608343035,72.98832502600271,0.37538227438926697,0.003191949101164937,0.0009249582653865218,1.512620201538084e-05,1.5605974112986587e-05,0.0011089753825217485,0.0005762001965194941,5.3338346333475783e-05,0.0005406892159953713,0.011188575997948647,0.011481921188533306,0.0,0.008604391478002071,9.421735012438148e-05,0.1528278887271881,5.442338988359552e-07,,,,,
567,0.021567407995462418,0.00042575545205885166,73.12281339697074,0.6852412819862366,0.0026651984080672264,0.000968218082562089,2.0646184566430748e-05,1.0725923857535236e-05,0.0008226841455325484,0.0006085400236770511,5.4155443649506196e-05,0.0005592840607278049,0.008254175074398518,0.028508547693490982,0.0,0.023713380098342896,7.160823588492349e-05,0.15314793586730957,8.151990869009751e-07,,,,,
568,0.020413927733898163,0.0004242966227870213,73.25643605896039,0.539988100528717,0.002676774747669697,0.0009522647014819086,1.62307514983695e-05,1.0770649168989621e-05,0.001065197866410017,0.0005801652441732585,5.5906755733303726e-05,0.0005376170156523585,0.013448478654026985,0.008919976651668549,0.0,0.020423194393515587,5.42580964975059e-05,0.15346010029315948,2.976631208184699e-07,,,,,
569,0.022394174709916115,0.0004228387874168684,73.39193345297826,0.981904923915863,0.0030272684525698423,0.000867882976308465,1.2988918570044916e-05,1.453785353078274e-05,0.001140720210969448,0.0005629336228594184,5.820471778861247e-05,0.0005457978695631027,0.011260958388447762,0.026688043028116226,0.0,0.023743150755763054,0.00021156475122552365,0.15376660227775574,1.8432365322951227e-06,,,,,
570,0.020524563267827034,0.00042138196033663955,73.52559316600673,0.47808146476745605,0.002587413415312767,0.0008576287655159831,1.1510230251587927e-05,1.1833983080578037e-05,0.0011604989413172007,0.0005533351213671267,5.963210787740536e-05,0.0005283316713757813,0.011916706338524818,0.017257902771234512,0.0,0.013874774798750877,0.00027097301790490746,0.15406742691993713,6.225767492651357e-07,,,,,
571,0.020032120868563652,0.00041992615592462997,73.66473563096952,1.1034961938858032,0.002439625794067979,0.0009555743890814483,2.866987415472977e-05,1.476444140280364e-05,0.0006983266212046146,0.0005885887076146901,6.0406586271710694e-05,0.0005372505402192473,0.01301763579249382,0.02026177942752838,0.0,0.017315372824668884,0.00016601604875177145,0.15435579419136047,1.3050873803877039e-06,,,,,
572,0.02229759655892849,0.00041847138854904115,73.79980982898269,0.3806896209716797,0.002634309930726886,0.000992321758531034,1.6806143321446143e-05,1.1223127330595162e-05,0.0009562443010509014,0.0005620853044092655,6.167529500089586e-05,0.0005225296481512487,0.015929238870739937,0.015614427626132965,0.0,0.035795778036117554,0.0005307770916260779,0.15463992953300476,3.489417395030614e-07,,,,,
573,0.023238029330968857,0.0004170176725678403,73.93335622397717,0.9330825805664062,0.0026896849740296602,0.0008535067900083959,1.4573207408830058e-05,2.3183607481769286e-05,0.0009676471236161888,0.0005555634270422161,6.218248745426536e-05,0.0005385277909226716,0.01145286113023758,0.04237297549843788,0.0,0.03015364333987236,0.00018944143084809184,0.15493933856487274,1.220653444988784e-07,,,,,
574,0.02122928760945797,0.0004155650223286168,74.07005766499788,0.3756839632987976,0.002799708629027009,0.0009981209877878428,1.4514315807900857e-05,1.0972529707942158e-05,0.0009502967586740851,0.0005488937604241073,6.10486458754167e-05,0.0005191653035581112,0.013969361782073975,0.016003187745809555,0.0,0.022648092359304428,5.445270653581247e-05,0.15525633096694946,1.0523697255848674e-06,,,,,
575,0.0209934264421463,0.00041411345216844225,74.20721278199926,1.0102289915084839,0.0028588727582246065,0.001022330834530294,2.9266126148286276e-05,1.3604192645289004e-05,0.0006951396353542805,0.0005798827623948455,5.953565414529294e-05,0.000526557385455817,0.018086301162838936,0.01867309957742691,0.0,0.019272804260253906,4.6453336835838854e-05,0.15557515621185303,1.1160162785017747e-06,7.700068773953496,9.906392252387695,1.2620687749699333,0.9305339800201324,6.297750871363344
576,0.020875032991170883,0.00041266297641372803,74.3666421349626,0.22712023556232452,0.0026532921474426985,0.0009218693594448268,1.8805852960213087e-05,1.0145501619263086e-05,0.0009123989148065448,0.0005546177853830159,5.8998710301239043e-05,0.0005143940215930343,0.00910770520567894,0.023906607180833817,0.0,0.02085372805595398,0.00013466029486153275,0.1558837592601776,3.927077329990425e-07,,,,,
577,0.025216922163963318,0.00041121360938008443,74.50161843496608,0.9886114001274109,0.00283435289748013,0.0009911403758451343,1.3145878256182186e-05,1.5680288925068453e-05,0.0014339513145387173,0.0005545166204683483,5.844608313054778e-05,0.0005337989423424006,0.02634264901280403,0.02411099523305893,0.0,0.03334313631057739,0.00011567318870220333,0.1561836153268814,1.0419637419545325e-06,,,,,
578,0.022206755355000496,0.0004097653653721788,74.63772668200545,0.32851701974868774,0.002616914687678218,0.0009745952556841075,1.473540578444954e-05,1.2615301784535404e-05,0.0010973751777783036,0.0005511892377398908,5.6958062486955896e-05,0.0005157829727977514,0.006408839952200651,0.02111661434173584,0.0,0.03488926962018013,9.316016803495586e-05,0.15650036931037903,3.1822048640606226e-07,,,,,
579,0.020883431658148766,0.0004083182586835948,74.77205885300646,1.1079789400100708,0.003112427657470107,0.0008647097274661064,2.00934646272799e-05,1.172174779640045e-05,0.0008682899060659111,0.0006004517199471593,5.575544491875917e-05,0.0005447855219244957,0.010627876967191696,0.03063252754509449,0.0,0.003998909145593643,5.916208465350792e-05,0.15682801604270935,0.00020340527407824993,,,,,
580,0.019909169524908066,0.00040687230359669137,74.9036608649767,0.15654432773590088,0.0024219430051743984,0.0008928335155360401,1.598464950802736e-05,1.0689199370972347e-05,0.0010849334066733718,0.0005584507598541677,5.524135849555023e-05,0.000518514949362725,0.01048728171736002,0.0049446322955191135,0.0,0.035430509597063065,8.358344348380342e-05,0.15712273120880127,6.801324161642697e-07,,,,,
581,0.02081824094057083,0.00040542751438246114,75.03669040999375,0.6656368970870972,0.002542336704209447,0.000976686947979033,1.4885874406900257e-05,1.4936602383386344e-05,0.0010012662969529629,0.0005464463611133397,5.576139665208757e-05,0.0005208562943153083,0.017551960423588753,0.012972785159945488,0.0,0.02217533439397812,2.5623350666137412e-05,0.1574343740940094,1.976390819891094e-07,,,,,
582,0.024143844842910767,0.00040398390530039087,75.17232217697892,0.24159328639507294,0.002992184367030859,0.001107545685954392,1.0167462278332096e-05,1.5598725440213457e-05,0.0008569179917685688,0.0005529814516194165,5.580545257544145e-05,0.000519007386174053,0.017635392025113106,0.03858737647533417,0.0,0.018291397020220757,9.090777894016355e-05,0.15774482488632202,1.9844000576085818e-07,,,,,
583,0.02085997350513935,0.00040254149059831893,75.306190933974,0.7459809184074402,0.0032150393817573786,0.000872985867317766,2.057744495687075e-05,1.1509469914017245e-05,0.000712549255695194,0.0005804598331451416,5.552442235057242e-05,0.0005332904402166605,0.004817255772650242,0.02624525874853134,0.0,0.03329196199774742,1.6156656784005463e-05,0.15804342925548553,3.04855416288774e-06,,,,,
584,0.020060211420059204,0.0004011002845122963,75.44075513200369,0.46805450320243835,0.002526318421587348,0.0009419118869118392,1.5957062714733183e-05,1.3048324035480618e-05,0.0009123398922383785,0.0005531599163077772,5.59247491764836e-05,0.0005160880391485989,0.015185852535068989,0.010539410635828972,0.0,0.026691516861319542,5.449886521091685e-05,0.1583552360534668,7.787409117554489e-07,,,,,
585,0.02218848280608654,0.0003996603012664452,75.57688585296273,1.125379204750061,0.0025261896662414074,0.0009781356202438474,1.4215334886102937e-05,1.3824732377543114e-05,0.0010977520141750574,0.0005504629807546735,5.623882316285744e-05,0.0005367600242607296,0.010592642240226269,0.019543481990695,0.0,0.02927752584218979,0.00032222288427874446,0.15866734087467194,2.1517274717552937e-07,,,,,
586,0.019863061606884003,0.000398221555072819,75.71087990497472,0.6146026849746704,0.0022492241114377975,0.000866507354658097,1.6298370610456914e-05,1.1130508937640116e-05,0.001240165438503027,0.0005420597153715789,5.594551839749329e-05,0.0005143235321156681,0.0037418408319354057,0.006185553967952728,0.0,0.030319569632411003,0.00029385864036157727,0.15898583829402924,1.3623386507788382e-07,,,,,
587,0.021709434688091278,0.00039678406013126153,75.84373039496131,1.2921743392944336,0.002803014824166894,0.0009770079050213099,2.528737604734488e-05,1.3726223187404685e-05,0.0011145055759698153,0.0006172106368467212,5.564677849179134e-05,0.0005576737457886338,0.005993529688566923,0.017454709857702255,0.0,0.01765827089548111,0.00024785782443359494,0.15931454300880432,7.263323595907423e-07,,,,,
588,0.020966412499547005,0.0003953478306292678,75.98185457999352,0.9471204280853271,0.0026378268375992775,0.0008508991450071335,1.5851481293793768e-05,1.0084240784635767e-05,0.0009004517341963947,0.000575463636778295,5.6307493650820106e-05,0.0005257499869912863,0.01380342897027731,0.01913491263985634,0.0,0.04053811356425285,0.00010425681830383837,0.15963369607925415,2.6580568146528094e-07,,,,,
589,0.021675603464245796,0.0003939128807418432,76.11542427400127,1.5699825286865234,0.0027466577012091875,0.0009015779942274094,1.4936455045244657e-05,1.782972685759887e-05,0.001172151998616755,0.000558804371394217,5.724863876821473e-05,0.0005484619759954512,0.006119477562606335,0.01927601918578148,0.0,0.029518263414502144,4.162967888987623e-05,0.1599707007408142,1.9421490833337884e-06,,,,,
590,0.018689578399062157,0.00039247922463136336,76.24987378699007,0.5606921315193176,0.0025989229325205088,0.0009362531709484756,1.3198597116570454e-05,1.1543510481715202e-05,0.0010411380790174007,0.00054165133042261,5.7022996770683676e-05,0.0005161275621503592,0.0038830176927149296,0.0053117536008358,0.0,0.01082498300820589,7.519434439018369e-05,0.16031800210475922,7.797839316481259e-07,,,,,
591,0.022954333573579788,0.00039104687644743593,76.3813669749652,1.1137052774429321,0.0024665179662406445,0.0011855245102196932,1.9677236196002923e-05,9.740921996126417e-06,0.000853322446346283,0.0005838965880684555,5.6565957493148744e-05,0.0005279651959426701,0.004396749660372734,0.026106037199497223,0.0,0.02896762266755104,6.688921712338924e-05,0.16063891351222992,4.1741878931134124e-07,,,,,
592,0.021202662959694862,0.0003896158503267587,76.51609010598622,0.588118851184845,0.0027512405067682266,0.0009515853016637266,1.5582631021970883e-05,9.532077456242405e-06,0.0008949115872383118,0.0005621411837637424,5.680764661519788e-05,0.0005139301647432148,0.01338245254009962,0.021577967330813408,0.0,0.02421640232205391,8.612636884208769e-05,0.16096167266368866,2.8996851142437663e-06,,,,,
593,0.020245326682925224,0.0003881861603929821,76.65294120297767,0.9844317436218262,0.002723767887800932,0.0009464035974815488,1.3087301340419799e-05,1.2128261005273089e-05,0.0009650682914070785,0.0005471066106110811,5.7119919802062213e-05,0.0005253791459836066,0.010377973318099976,0.01879684254527092,0.0,0.009507479146122932,8.558670378988609e-05,0.161278635263443,9.07499440927495e-07,,,,,
594,0.020264562219381332,0.0003867578207565683,76.78552251798101,0.6858899593353271,0.0028653962071985006,0.0009946849895641208,1.500474081694847e-05,9.10779635887593e-06,0.0010654358193278313,0.0005421388777904212,5.679173773387447e-05,0.0005131870857439935,0.01049723755568266,0.007727259304374456,0.0,0.012614613398909569,0.00017011113232001662,0.1615729033946991,2.454407876939513e-07,,,,,
595,0.021438708528876305,0.0003853308455146531,76.92052522097947,1.1703094244003296,0.0025856257416307926,0.0010008628014475107,2.4497276172041893e-05,9.078331459022593e-06,0.001021078322082758,0.0005832165479660034,5.651775063597597e-05,0.0005280298064462841,0.003896547481417656,0.025679005309939384,0.0,0.013174019753932953,5.481116386363283e-05,0.1618490368127823,3.514873867516144e-07,,,,,
596,0.019963745027780533,0.0003839052487509058,77.05507703701733,0.37334147095680237,0.0023577301762998104,0.0009438684210181236,1.3009292160859331e-05,9.987023076973855e-06,0.0009481423767283559,0.0005535206291824579,5.656940629705787e-05,0.0005109423655085266,0.0053496891632676125,0.014314619824290276,0.0,0.02840976044535637,5.552566290134564e-05,0.16211079061031342,8.413941259277635e-07,,,,,
597,0.023723680526018143,0.00038248104453539127,77.1880474310019,0.6935147643089294,0.0028306161984801292,0.0008613067911937833,1.5326491848099977e-05,1.4205903426045552e-05,0.0011947648599743843,0.0005420123343355954,5.669824531651102e-05,0.0005219555459916592,0.007750197313725948,0.041411347687244415,0.0,0.026666458696126938,0.00020841526566073298,0.16238276660442352,5.413095891526609e-07,,,,,
598,0.021427003666758537,0.00038105824692442983,77.31979789101752,0.6549968123435974,0.003225425723940134,0.0008508625323884189,1.4812895642535295e-05,1.0107738489750773e-05,0.0009691105224192142,0.0005385329131968319,5.5500138842035085e-05,0.0005173514364287257,0.0033493677619844675,0.02527395263314247,0.0,0.029182763770222664,7.038703915895894e-05,0.16266342997550964,0.00021520610607694834,,,,,
599,0.02312605082988739,0.0003796368699604595,77.4559721199912,0.4590778648853302,0.0024227863177657127,0.0009338158997707069,2.3138154574553482e-05,1.145068927144166e-05,0.0010389286326244473,0.0005499121034517884,5.450147727970034e-05,0.0005102556897327304,0.015801193192601204,0.02836514823138714,0.0,0.04202960431575775,0.00017313056741841137,0.16295203566551208,1.646466444071848e-06,,,,,
600,0.019831953570246696,0.00037821692767189743,77.5935224359855,1.0321506261825562,0.0026721602771431208,0.0008226347854360938,1.7095228031394072e-05,9.724222763907164e-06,0.0007440061308443546,0.0005705066723749042,5.445461647468619e-05,0.0005253261188045144,0.01675475388765335,0.026759326457977295,0.0,0.014412106946110725,0.00019895499281119555,0.16326940059661865,1.7848174138634931e-06,7.285204479525332,9.324090015830338,1.271745641825087,1.6748102519158117,6.017337019700507
601,0.021437333896756172,0.00037679843407300044,77.76692173199262,0.9770281910896301,0.0027554307598620653,0.0008312083664350212,1.559434167575091e-05,2.2170974261825904e-05,0.0011886178981512785,0.0005420770030468702,5.422047252068296e-05,0.0005199832376092672,0.00593611178919673,0.021406907588243484,0.0,0.024418942630290985,0.00041153744678013027,0.1635701060295105,2.340848368476145e-07,,,,,
602,0.02019910328090191,0.0003753814031637277,77.90290278801695,0.19374968111515045,0.0026148250326514244,0.0008238009177148342,1.4794785784033593e-05,9.673030945123173e-06,0.0007106326520442963,0.0005403392133302987,5.360147770261392e-05,0.000511908030603081,0.007882064208388329,0.02774130180478096,0.0,0.038085710257291794,2.9065808121231385e-05,0.16386646032333374,7.028443178569432e-07,,,,,
603,0.02250690571963787,0.00037396584892960226,78.03842038399307,0.4788476824760437,0.002765808254480362,0.00090599968098104,3.20099170494359e-05,1.4627270502387546e-05,0.0010521186050027609,0.0005530479829758406,5.243244959274307e-05,0.0005134729435667396,0.0038448956329375505,0.03622204065322876,0.0,0.019531836733222008,0.00020539172692224383,0.16416926681995392,2.833580197147967e-07,,,,,
604,0.020179366692900658,0.000372551785341573,78.17726001696428,0.3142269253730774,0.0026614940725266933,0.0008833984611555934,2.153160130546894e-05,1.1080859621870331e-05,0.0008587101474404335,0.0005519860424101353,5.220846287556924e-05,0.0005130184581503272,0.008784309960901737,0.02528766542673111,0.0,0.01610845886170864,9.567531378706917e-05,0.16446462273597717,4.082949544681469e-06,,,,,
605,0.019420649856328964,0.00037113922635587646,78.31599566497607,0.2522887885570526,0.002689967630431056,0.0008530628401786089,1.4728078895132057e-05,1.344317843177123e-05,0.0010174287017434835,0.0005468747112900019,5.275629519019276e-05,0.000512730679474771,0.012027793563902378,0.01255778968334198,0.0,0.017143160104751587,2.8639296942856163e-05,0.1647455245256424,2.657125151017681e-07,,,,,
606,0.02206907607614994,0.00036972818591389983,78.45365558599588,0.4004861116409302,0.0025978097692131996,0.0009964118944481015,1.4860178453091066e-05,2.230126119684428e-05,0.0009628435363993049,0.0005510527989827096,5.337937182048336e-05,0.0005151461227796972,0.023113446310162544,0.01958908513188362,0.0,0.02211633324623108,0.00022505305241793394,0.16501271724700928,3.2873202826522174e-07,,,,,
607,0.021967686712741852,0.00036831867794204237,78.60197017597966,0.43083328008651733,0.002528747543692589,0.0009132858249358833,1.5177381101239007e-05,1.3477964785124641e-05,0.0007860958576202393,0.0005560873541980982,5.325326128513552e-05,0.0005150637007318437,0.009558118879795074,0.03310229629278183,0.0,0.0389014407992363,0.00012794921349268407,0.16527780890464783,4.4257066633690556e-07,,,,,
608,0.021326761692762375,0.0003669107163515789,78.73867981799413,0.31254398822784424,0.0024165750946849585,0.0008978479891084135,1.7342408682452515e-05,8.768656698521227e-06,0.0011422440875321627,0.0005404733819887042,5.345053432392888e-05,0.0005080790724605322,0.02057926170527935,0.0157056525349617,0.0,0.02708309143781662,0.0001463420339860022,0.16557104885578156,1.1041760217267438e-07,,,,,
609,0.021327143535017967,0.0003655043150385217,78.87395116797416,0.29845917224884033,0.002376025775447488,0.0010333468671888113,2.180852425226476e-05,1.152741151599912e-05,0.001084434101358056,0.0005384726100601256,5.361887451726943e-05,0.0005051252664998174,0.008167260326445103,0.015594292432069778,0.0,0.02390158735215664,6.059086445020512e-05,0.16586065292358398,5.419366289061145e-07,,,,,
610,0.02022140845656395,0.0003640994878834841,79.01904892700259,0.3521621823310852,0.0023360212799161673,0.0009346955339424312,2.2430604076362215e-05,1.014074314298341e-05,0.0009309551678597927,0.0005451900069601834,5.423910988611169e-05,0.000507292861584574,0.013136266730725765,0.006354218814522028,0.0,0.042899541556835175,0.00010708130139391869,0.16614897549152374,4.85839905195462e-07,,,,,
611,0.019125763326883316,0.00036269624875154294,79.1627327830065,0.2958658039569855,0.002357914112508297,0.0008520257542841136,1.4510816981783137e-05,1.1550607268873136e-05,0.0007816505967639387,0.0005419809021987021,5.4683001508237794e-05,0.0005081780254840851,0.017736971378326416,0.011694822460412979,0.0,0.03178836777806282,0.00010495190508663654,0.1664600968360901,1.1571994207315583e-07,,,,,
612,0.022358005866408348,0.0003612946114921019,79.30095949699171,0.2474459558725357,0.0026812523137778044,0.001017699483782053,1.2993103155167773e-05,1.614410211914219e-05,0.0008104422013275325,0.0005500385886989534,5.497602978721261e-05,0.0005109278718009591,0.02142055705189705,0.023350488394498825,0.0,0.03391373157501221,5.9841491747647524e-05,0.1667715311050415,1.9445269572315738e-06,,,,,
613,0.020449155941605568,0.000359894589938755,79.43356990296161,0.390471875667572,0.0026685488410294056,0.00079298549098894,1.3667020539287478e-05,1.2760407116729766e-05,0.001218994613736868,0.0005470936303026974,5.51872217329219e-05,0.0005084123113192618,0.003774738870561123,0.016175787895917892,0.0,0.03193707764148712,5.9959413192700595e-05,0.16708557307720184,3.373250365257263e-06,,,,,
614,0.018975215032696724,0.0003584961979091495,79.56962655798998,0.19852183759212494,0.0023754751309752464,0.0008478584932163358,1.1090651241829619e-05,9.974048225558363e-06,0.0009083026088774204,0.0005336178001016378,5.46869559912011e-05,0.0005033112829551101,0.006826338823884726,0.014963631518185139,0.0,0.024984337389469147,9.669786231825128e-05,0.16741319000720978,1.2801713182852836e-06,,,,,
615,0.018671197816729546,0.0003570994492048505,79.70393053797306,0.5265504717826843,0.002796465065330267,0.0008073556236922741,1.6725911336834542e-05,1.1832801646960434e-05,0.000905688269995153,0.0005309457192197442,5.379895810619928e-05,0.0005027134320698678,0.004268290475010872,0.008941246196627617,0.0,0.028118744492530823,0.0002179745933972299,0.16773955523967743,3.051720341318287e-06,,,,,
616,0.02135857194662094,0.00035570435761120354,79.83700655598659,0.24005848169326782,0.0026885955594480038,0.0009002927108667791,1.6617799701634794e-05,9.924449841491878e-06,0.001006030710414052,0.0005402971291914582,5.328193219611421e-05,0.0005024742567911744,0.012516804039478302,0.015987832099199295,0.0,0.0378725491464138,0.0002724142395891249,0.16807250678539276,9.915853524944396e-07,,,,,
617,0.018950439989566803,0.0003543109368971996,79.96851662901463,0.20604929327964783,0.00252762739546597,0.0009088842198252678,1.5376252122223377e-05,1.0660243788152002e-05,0.000752037507481873,0.0005482794367708266,5.3055427997605875e-05,0.0005076073575764894,0.009478057734668255,0.019038710743188858,0.0,0.0125245600938797,6.730164750479162e-05,0.1684143841266632,1.1769310503950692e-06,,,,,
618,0.020914703607559204,0.00035291920081533847,80.10095615196042,0.20151616632938385,0.002535509876906872,0.0010198255768045783,1.1812597222160548e-05,1.5725838238722645e-05,0.000771084800362587,0.0005452404147945344,5.288996908348054e-05,0.0005068804603070021,0.009902027435600758,0.016557693481445312,0.0,0.03726450353860855,4.371495742816478e-05,0.16873547434806824,1.1798119885497727e-06,,,,,
619,0.02016608603298664,0.00035152916310149347,80.2375926799723,0.23496907949447632,0.0023611283395439386,0.0009868302149698138,1.1986659046669956e-05,1.5617657481925562e-05,0.0008422285318374634,0.0005439420929178596,5.273766873870045e-05,0.0005057811504229903,0.004076519049704075,0.02649998664855957,0.0,0.011793701909482479,2.189842598454561e-05,0.16906782984733582,4.0592321965959854e-06,,,,,
620,0.021247712895274162,0.0003501408374747756,80.38396563800052,0.3313887417316437,0.0023959693498909473,0.0009448244236409664,1.3209671124059241e-05,1.2489773325796705e-05,0.0011790432035923004,0.0005482493434101343,5.3120023949304596e-05,0.0005067521124146879,0.011584227904677391,0.01390637643635273,0.0,0.023263568058609962,0.00018137675942853093,0.16937540471553802,0.00019499697373248637,,,,,
621,0.022108297795057297,0.00034875423763739837,80.52078333601821,0.21874281764030457,0.0027854389045387506,0.0008154491661116481,1.8195643860963173e-05,1.141051143349614e-05,0.0008753420552238822,0.0005356128676794469,5.343181692296639e-05,0.0004991513560526073,0.005277195014059544,0.037023305892944336,0.0,0.04166640713810921,0.00017842308443505317,0.16967304050922394,3.7965054389133e-07,,,,,
622,0.02209973707795143,0.0003473693772745425,80.65486154699465,0.5006140470504761,0.0025662905536592007,0.0008471611654385924,1.9166594938724302e-05,1.1120489034510683e-05,0.0010032844729721546,0.0005258112214505672,5.39885186299216e-05,0.0004998197546228766,0.005730247590690851,0.0386868417263031,0.0,0.023148370906710625,0.0003647210542112589,0.16998745501041412,1.680211425991729e-06,,,,,
623,0.021164290606975555,0.0003459862700542203,80.78729208797449,0.14973516762256622,0.0025423618499189615,0.0010283925803378224,1.8311422536498867e-05,1.2900879482913297e-05,0.0007853859569877386,0.000525856448803097,5.450686512631364e-05,0.0004956132033839822,0.00965045765042305,0.027878405526280403,0.0,0.015183369629085064,0.00015308981528505683,0.1702927052974701,2.0350640284050314e-07,,,,,
624,0.02055785059928894,0.0003446049296271422,80.92314715497196,0.18546608090400696,0.002548285759985447,0.0008947922615334392,1.3143190699338447e-05,1.0351390301366337e-05,0.0008034389466047287,0.0005286028026603162,5.473095734487288e-05,0.0004955352051183581,0.013162755407392979,0.027490966022014618,0.0,0.02066315896809101,0.00019559278734959662,0.17058247327804565,3.7165978028497193e-07,,,,,
625,0.022403692826628685,0.00034322536962658006,81.07441275997553,0.08300111442804337,0.002535237930715084,0.0008504536817781627,1.2142452760599554e-05,9.377451533509884e-06,0.0011100033298134804,0.0005275045405142009,5.4437310609500855e-05,0.0004956300253979862,0.003412945196032524,0.03134702891111374,0.0,0.04578179866075516,5.221886749495752e-05,0.17086461186408997,1.4451395600190153e-06,7.468372174781524,9.58082438928452,1.2574522212221786,1.072592110745237,6.1770640149864615
626,0.018318573012948036,0.0003418476036682344,81.2504077879712,0.1694508045911789,0.002557876519858837,0.0008567650802433491,1.3551935808209237e-05,1.041531049850164e-05,0.0007983045652508736,0.0005288450629450381,5.396619235398248e-05,0.0004957374767400324,0.001664972398430109,0.012495370581746101,0.0,0.02468598261475563,0.00014594434469472617,0.1711675077676773,6.619717396461056e-07,,,,,
627,0.017731353640556335,0.00034047164535009884,81.38288638996892,0.4033910632133484,0.0022949918638914824,0.000795659318100661,1.5801770132384263e-05,9.703994692245033e-06,0.0008714719442650676,0.0005382149829529226,5.333210719982162e-05,0.0004987400025129318,0.00741533050313592,0.008113733492791653,0.0,0.026621870696544647,3.7381003494374454e-05,0.17146828770637512,8.291067388199735e-07,,,,,
628,0.023088663816452026,0.0003390975082523267,81.52579900098499,0.09202615916728973,0.0027085107285529375,0.0008867645519785583,1.420024909748463e-05,9.815934390644543e-06,0.0008307872340083122,0.0005294056609272957,5.256069925962947e-05,0.0004942479426972568,0.018498292192816734,0.04471614211797714,0.0,0.03045225515961647,5.8213430747855455e-05,0.17175905406475067,6.975917017371103e-07,,,,,
629,0.018666161224246025,0.00033772520593709597,81.68076876096893,0.29081472754478455,0.002289371332153678,0.0008352070581167936,1.4232561625249218e-05,9.747278454597108e-06,0.0008893818594515324,0.0005255166906863451,5.196085476200096e-05,0.0004943065578117967,0.00818885862827301,0.01807144470512867,0.0,0.017516151070594788,7.372560503426939e-05,0.1720564067363739,3.7536023000939167e-07,,,,,
630,0.023578930646181107,0.00033635475194847687,81.8189464469906,0.36727386713027954,0.002909860573709011,0.0009587024105712771,1.2503561265475582e-05,8.474300557281822e-06,0.0010602576658129692,0.0005276571027934551,5.149041680851951e-05,0.000494528328999877,0.031395748257637024,0.01851809211075306,0.0,0.04410168156027794,0.0001839701144490391,0.17234134674072266,6.3753313952474855e-06,,,,,
631,0.01868635043501854,0.00033498615981229703,81.95345436700154,0.6243307590484619,0.0022716394159942865,0.0009068424114957452,1.5316596545744687e-05,8.93575452209916e-06,0.0006731402827426791,0.000545754621271044,5.1090111810481176e-05,0.0005028489977121353,0.008688783273100853,0.018479181453585625,0.0,0.022713564336299896,2.5906247174134478e-05,0.17265664041042328,1.7993772871705005e-07,,,,,
632,0.02243768610060215,0.00033361944303600795,82.08647268998902,0.07584493607282639,0.00258784182369709,0.0008234914275817573,1.071028509613825e-05,8.53303663461702e-06,0.0009082268225029111,0.0005331476568244398,5.0711038056761026e-05,0.000496464956086129,0.022073784843087196,0.04276251420378685,0.0,0.025419186800718307,4.458937110030092e-05,0.17296189069747925,1.7847371509560617e-06,,,,,
633,0.018273241817951202,0.0003322546151085528,82.22378005896462,0.43396490812301636,0.0026093628257513046,0.0009139128960669041,1.1603582606767304e-05,8.92528987606056e-06,0.0007384516065940261,0.0005261266487650573,5.066133235231973e-05,0.0004959547659382224,0.0018094114493578672,0.01977306231856346,0.0,0.006550160236656666,7.197319064289331e-05,0.1732674241065979,2.178568138333503e-06,,,,,
634,0.019960174337029457,0.00033089168950023196,82.36434595397441,0.2501174509525299,0.0023217133712023497,0.0007881965721026063,1.535179944767151e-05,8.318711479660124e-06,0.0009848795598372817,0.0005324640078470111,5.053003769717179e-05,0.0004981570527888834,0.027227360755205154,0.019979454576969147,0.0,0.020509330555796623,3.1586554541718215e-05,0.1735462099313736,2.087838879560877e-07,,,,,
635,0.019665410742163658,0.00032953067966257104,82.49942178197671,0.11374630779027939,0.0025089445989578962,0.0009232551674358547,1.5018435078673065e-05,1.045740100380499e-05,0.0008568788762204349,0.0005317190079949796,5.062045602244325e-05,0.0004995664348825812,0.0034763647709041834,0.024342425167560577,0.0,0.012996817007660866,8.665617497172207e-05,0.17382681369781494,9.914550673784106e-07,,,,,
636,0.019925309345126152,0.00032817159902818777,82.64046267897356,0.23434384167194366,0.0026415251195430756,0.0009068981744349003,1.065892411133973e-05,1.0520255273149814e-05,0.0008678179583512247,0.0005349562270566821,5.0672901124926284e-05,0.0005016205832362175,0.008091850206255913,0.017789725214242935,0.0,0.02248242124915123,0.00028315314557403326,0.1740877479314804,7.229546099551953e-07,,,,,
637,0.018696384504437447,0.0003268144610106593,82.77206961298361,0.26472875475883484,0.002380319871008396,0.000881670624949038,1.1843008905998431e-05,9.752631740411744e-06,0.0008180755539797246,0.0005446459981612861,5.0567512516863644e-05,0.0005057698581367731,0.012745159678161144,0.013096502050757408,0.0,0.019834348931908607,5.3083873353898525e-05,0.17434249818325043,1.8857483610190684e-06,,,,,
638,0.018975073471665382,0.00032545927900438974,82.90992229199037,0.19704069197177887,0.002481843577697873,0.000964996637776494,1.3712095096707344e-05,1.1608455679379404e-05,0.0010068228002637625,0.0005408014985732734,5.0774971896316856e-05,0.0005023889825679362,0.009420078247785568,0.006308126728981733,0.0,0.011873099021613598,2.7809644961962476e-05,0.17459265887737274,7.55762073367805e-07,,,,,
639,0.01901954412460327,0.00032410606638447876,83.04532802401809,0.06088041886687279,0.002040570368990302,0.0009062595199793577,1.3555279110732954e-05,9.621036952012219e-06,0.0009052702225744724,0.000530883960891515,5.151920413482003e-05,0.0004964036052115262,0.014509765431284904,0.015380483120679855,0.0,0.015618488192558289,8.512629574397579e-05,0.17482784390449524,1.8695185417527682e-06,,,,,
640,0.01899108663201332,0.00032275483650658825,83.17997494799783,0.46696269512176514,0.0028171981684863567,0.0009023707243613899,1.2269319086044561e-05,1.2444250387488864e-05,0.0008732156129553914,0.0005251048132777214,5.233757110545412e-05,0.0004951796727254987,0.006403638515621424,0.010472406633198261,0.0,0.01482008770108223,0.00036721990909427404,0.17505201697349548,2.812594175338745e-07,,,,,
641,0.020290683954954147,0.00032140560270681184,83.31327891198453,0.24259896576404572,0.002692056819796562,0.0008045440772548318,1.3071692592347972e-05,1.044748023559805e-05,0.0007638465613126755,0.0005317868199199438,5.276909359963611e-05,0.0004933674936182797,0.017893236130475998,0.02408979833126068,0.0,0.03318836912512779,0.0001547492720419541,0.17526675760746002,6.217385362106143e-07,,,,,
642,0.021298576146364212,0.0003200583783015424,83.44610893196659,0.4419383406639099,0.002343901200219989,0.0008208216167986393,1.3121796655468643e-05,9.385322300659027e-06,0.0008710279944352806,0.0005332291475497186,5.258437886368483e-05,0.000491605547722429,0.0069060055539011955,0.03534630686044693,0.0,0.04021274298429489,3.253786053392105e-05,0.17549359798431396,4.806264314538566e-06,,,,,
643,0.022605329751968384,0.0003187131765873406,83.58167372801108,0.3463436961174011,0.00232755858451128,0.0008208825602196157,1.2820510164601728e-05,9.874493116512895e-06,0.0012031163787469268,0.0005212824908085167,5.246531873126514e-05,0.0004885318921878934,0.012529195286333561,0.04078858345746994,0.0,0.023386936634778976,7.530523726018146e-05,0.17574618756771088,1.2958857951161917e-06,,,,,
644,0.02072221413254738,0.0003173700108408048,83.71883379196515,0.568840503692627,0.0025377210695296526,0.0009746902505867183,1.2007967598037794e-05,9.576477168593556e-06,0.00095166708342731,0.0005218738224357367,5.261079058982432e-05,0.0004916085745207965,0.009661193937063217,0.017322268337011337,0.0,0.0256735198199749,0.00013635316281579435,0.1759941428899765,7.37359187041875e-08,,,,,
645,0.02196730114519596,0.0003160288943184381,83.85351925896248,0.43156737089157104,0.0026030840817838907,0.0008063376881182194,1.3568975191446953e-05,1.4515000657411292e-05,0.000863238237798214,0.0005340328789316118,5.287247404339723e-05,0.0004936099285259843,0.046689845621585846,0.020003542304039,0.0,0.03843391686677933,0.0001626137236598879,0.17624148726463318,3.1297406621888513e-07,,,,,
646,0.020240426063537598,0.0003146898402565197,83.98983448900981,0.2298644632101059,0.0023585385642945766,0.0009479773580096662,1.2483938917284831e-05,1.457302914786851e-05,0.0010492370929569006,0.0005346571560949087,5.2713283366756514e-05,0.0004943578969687223,0.012918851338326931,0.012348443269729614,0.0,0.021465152502059937,0.00011444255505921319,0.1765066236257553,3.939370287753263e-07,,,,,
647,0.017408281564712524,0.00031335286187097214,84.12177920999238,0.1154644563794136,0.0021121548488736153,0.0008377948543056846,1.31543492898345e-05,1.2607058124558534e-05,0.0006689730798825622,0.0005266795633360744,5.247396256891079e-05,0.0004901789361611009,0.010633244179189205,0.0070753502659499645,0.0,0.03144577145576477,0.00011043493577744812,0.176767960190773,3.115628260275116e-06,,,,,
648,0.0226698387414217,0.00031201797235723265,84.2550771899987,0.521334707736969,0.002612386830151081,0.0008794966852292418,1.6927953765843995e-05,9.836358003667556e-06,0.0011672154068946838,0.0005185942864045501,5.207273716223426e-05,0.00048616976710036397,0.015866881236433983,0.031606096774339676,0.0,0.01866845041513443,0.00027624910580925643,0.17703348398208618,0.0002140605793101713,,,,,
649,0.023381715640425682,0.00031068518489012144,84.39004092797404,0.36183199286460876,0.0022792464587837458,0.0010595654603093863,2.615311495901551e-05,1.2982290172658395e-05,0.001065090182237327,0.0005301101482473314,5.226542998570949e-05,0.0004894672310911119,0.01180979236960411,0.025254514068365097,0.0,0.03961533308029175,0.00013823500194121152,0.1773032397031784,1.789381087746733e-07,,,,,
650,0.021563533693552017,0.0003093545126237132,84.52597722201608,0.697463870048523,0.0023297062143683434,0.0009705455740913749,1.7323971405858174e-05,1.197440542455297e-05,0.0009320321260020137,0.0005319392657838762,5.28922573721502e-05,0.0004900892381556332,0.03683677688241005,0.009956739842891693,0.0,0.02910728007555008,0.00014967340393923223,0.1775892674922943,0.00025523107615299523,7.215064974337657,9.250245638708574,1.242009942419029,1.2976133684314235,5.956623792658251
651,0.018638409674167633,0.0003080259686912058,84.69841193099273,0.47694775462150574,0.0025138230994343758,0.0008389544091187418,1.2323379451117944e-05,1.2805899132217746e-05,0.0011048757005482912,0.000512263213749975,5.343596058082767e-05,0.0004855771258007735,0.0024705184623599052,0.005736722610890865,0.0,0.025853052735328674,4.276625986676663e-05,0.1778763383626938,1.622506715648342e-06,,,,,
652,0.021428082138299942,0.0003066995662047912,84.83250574598787,0.842914879322052,0.0026885734405368567,0.0009156197193078697,1.3350751032703556e-05,1.543495454825461e-05,0.0008213049732148647,0.0005113957449793816,5.357837289921008e-05,0.000486916076624766,0.025657355785369873,0.026682037860155106,0.0,0.02290378138422966,3.304222263977863e-05,0.17815639078617096,1.6077609643616597e-06,,,,,
653,0.023616701364517212,0.0003053753182555267,84.9665888120071,0.6821642518043518,0.002512923441827297,0.0009134330321103334,1.2649819836951792e-05,9.386403689859435e-06,0.000960503879468888,0.0005321964854374528,5.3029922128189355e-05,0.00048790042637847364,0.00599745474755764,0.05308506265282631,0.0,0.022721361368894577,0.00023925924324430525,0.17843101918697357,1.3057700698482222e-06,,,,,
654,0.01970588229596615,0.0003040532379132052,85.10105549398577,0.49114638566970825,0.0027919283602386713,0.0008522397838532925,1.6079120541689917e-05,8.206110578612424e-06,0.000688933942001313,0.0005295207956805825,5.267647793516517e-05,0.0004850772675126791,0.017509059980511665,0.012045478448271751,0.0,0.044616326689720154,4.941339648212306e-05,0.17870183289051056,2.5562635528331157e-06,,,,,
655,0.024546679109334946,0.00030273333822622564,85.23529701097868,0.5289497375488281,0.002444820711389184,0.0011761558707803488,1.3251210475573316e-05,9.728449185786303e-06,0.001083265757188201,0.0005072609055787325,5.271981717669405e-05,0.00047498923959210515,0.018002549186348915,0.0320114865899086,0.0,0.026800887659192085,1.700770008028485e-05,0.1789938360452652,7.319512178582954e-07,,,,,
656,0.017925333231687546,0.0003014156322214651,85.36966598196886,0.19944536685943604,0.002501441165804863,0.0008237577858380973,1.5393272406072356e-05,8.433442417299375e-06,0.0008374989265576005,0.0005071150371804833,5.327165126800537e-05,0.00047429525875486434,0.012713699601590633,0.012261264957487583,0.0,0.012915991246700287,6.264552212087438e-05,0.17928768694400787,4.851320909438073e-07,,,,,
657,0.020977504551410675,0.0003001001329041497,85.50303350697504,0.33556264638900757,0.0025297622196376324,0.0008935306686908007,1.2749898814945482e-05,9.012940608954523e-06,0.0007238415419124067,0.0005135877872817218,5.3789295634487644e-05,0.0004757062124554068,0.0037270737811923027,0.04687473922967911,0.0,0.011590627022087574,3.551460031303577e-05,0.17956480383872986,1.581758397151134e-06,,,,,
658,0.019262520596385002,0.00029878685325772684,85.63837263698224,0.26655954122543335,0.0026083544362336397,0.0007645955192856491,1.1843519132526126e-05,1.231387705047382e-05,0.0008750123670324683,0.0005089808255434036,5.425814015325159e-05,0.00047563869156874716,0.005267397500574589,0.01824510470032692,0.0,0.03884884715080261,7.1811540692579e-05,0.17982515692710876,1.998550033022184e-06,,,,,
659,0.01816263049840927,0.00029747580624373655,85.77421088999836,0.468678742647171,0.0026372885331511497,0.0007232407806441188,1.0701269275159575e-05,1.0336281775380485e-05,0.0011846174020320177,0.0005036701913923025,5.3940791985951364e-05,0.0004773763648699969,0.004992617294192314,0.010061308741569519,0.0,0.012945274822413921,0.0002039570244960487,0.18010187149047852,1.985523795156041e-06,,,,,
660,0.018656108528375626,0.00029616700480168337,85.90962091396796,0.1269998401403427,0.002387495245784521,0.0008169988868758082,1.537191928946413e-05,1.0193473826802801e-05,0.0007881440687924623,0.0005059399991296232,5.316102397046052e-05,0.00047327240463346243,0.004187406972050667,0.01887173391878605,0.0,0.02781008370220661,0.0001660493726376444,0.18036343157291412,8.967394933279138e-07,,,,,
661,0.021187201142311096,0.000294860461848909,86.04273265897064,0.5306416749954224,0.0023327888920903206,0.00115656154230237,1.863777833932545e-05,1.2644672096939757e-05,0.000732550339307636,0.000516157248057425,5.2430590585572645e-05,0.0004767598584294319,0.022855963557958603,0.01633347198367119,0.0,0.017496386542916298,1.6800364392111078e-05,0.18063002824783325,3.5599495618043875e-07,,,,,
662,0.018865562975406647,0.00029355619028046526,86.17869785899529,0.12668859958648682,0.0028044532518833876,0.0008844916592352092,1.3297410987433977e-05,9.511436473985668e-06,0.0010294734966009855,0.0005088336765766144,5.1860155508620664e-05,0.000475057604489848,0.00596229312941432,0.007709413766860962,0.0,0.016146084293723106,9.490417141932994e-05,0.1808854639530182,6.620647923227807e-07,,,,,
663,0.019235894083976746,0.00029225420296898584,86.31319301697658,0.4050308167934418,0.002557417843490839,0.0007924657547846437,1.071215228876099e-05,1.4377818843058776e-05,0.000946010637562722,0.0005076093948446214,5.1735001761699095e-05,0.00047794083366170526,0.008271770551800728,0.02219938486814499,0.0,0.01875435560941696,6.284039409365505e-05,0.18112890422344208,1.4320636410047882e-07,,,,,
664,0.018641794100403786,0.0002909545127645595,86.4447797719622,0.32504716515541077,0.0024860471021384,0.0008191126398742199,1.04272940006922e-05,1.4174128409649711e-05,0.0007520483341068029,0.0005141269648447633,5.158763815416023e-05,0.0004794206179212779,0.0025770841166377068,0.026157746091485023,0.0,0.016915621235966682,7.243385334732011e-05,0.18136927485466003,1.4535150967276422e-06,,,,,
665,0.018133502453565598,0.0002896571324946045,86.5907545890077,0.7553558349609375,0.0025370654184371233,0.0008118380210362375,1.3618012417282443e-05,9.310799214290455e-06,0.0005984670715406537,0.0005333194858394563,5.1465034630382434e-05,0.0004890174604952335,0.012919123284518719,0.01732095330953598,0.0,0.026189329102635384,4.605719368555583e-05,0.18160083889961243,4.076256118423771e-06,,,,,
666,0.018939737230539322,0.00028836207496374,86.72923641197849,0.2101944237947464,0.0019488530233502388,0.0008143733139149845,1.3921307072450873e-05,1.0371908501838334e-05,0.0009378817630931735,0.0005128054181113839,5.135116589372046e-05,0.0004773678083438426,0.002181145129725337,0.021872615441679955,0.0,0.026672307401895523,0.00017554954683873802,0.18183419108390808,2.6476880066184094e-07,,,,,
667,0.021617675200104713,0.0002870693529536611,86.8661102670012,0.8934417963027954,0.002636067569255829,0.0009438575943931937,1.4579571143258363e-05,1.1026633728761226e-05,0.0010474183363839984,0.0005056110676378012,5.1255818107165396e-05,0.0004821921465918422,0.030159657821059227,0.015568725764751434,0.0,0.024211039766669273,3.889553408953361e-05,0.18206281960010529,4.791468768416962e-07,,,,,
668,0.01862289197742939,0.0002857789792230118,86.99992842099164,0.11912637948989868,0.0021967326756566763,0.0007615550421178341,1.7257825675187632e-05,9.324430720880628e-06,0.0010806218488141894,0.0005097917164675891,5.1208622608100995e-05,0.00047669553896412253,0.008293690159916878,0.013408073224127293,0.0,0.01989452913403511,0.00032636767718940973,0.18229320645332336,1.4697886854264652e-06,,,,,
669,0.021757643669843674,0.0002844909665072604,87.13289298396558,0.6418552398681641,0.0023639528080821037,0.0007249270565807819,1.7976255549001507e-05,9.454819519305602e-06,0.0011708501260727644,0.0005308405379764736,5.093374784337357e-05,0.000486940611153841,0.011541562154889107,0.033855829387903214,0.0,0.036277346312999725,0.00013212273188401014,0.18251967430114746,4.914154487778433e-07,,,,,
670,0.02170373685657978,0.00028320532751857186,87.26399104797747,0.16971954703330994,0.002165601821616292,0.0010303349699825048,1.3812994438922033e-05,9.971175131795462e-06,0.0009565350483171642,0.0005189665243960917,5.1212049584137276e-05,0.00048040642286650836,0.022119702771306038,0.020068902522325516,0.0,0.028076034039258957,2.0593324734363705e-05,0.18276095390319824,5.767494712927146e-07,,,,,
671,0.022032713517546654,0.00028192207494568447,87.40536692296155,0.5324915051460266,0.0025942630600184202,0.0009551116963848472,1.0780278898891993e-05,1.079419962479733e-05,0.0010146107524633408,0.0005090421764180064,5.141959263710305e-05,0.0004792617983184755,0.014209428802132607,0.022192632779479027,0.0,0.0350930392742157,0.00016478498582728207,0.18300238251686096,3.905842618223687e-07,,,,,
672,0.020993974059820175,0.00028064122145378265,87.54957908997312,0.32491329312324524,0.0024995377752929926,0.0009450001525692642,1.4725970686413348e-05,1.0386541362095159e-05,0.0011606835760176182,0.0005107650067657232,5.1525501476135105e-05,0.00047741259913891554,0.011571632698178291,0.011971866711974144,0.0,0.027886003255844116,0.00019387344946153462,0.18325459957122803,1.767284061315877e-06,,,,,
673,0.019059551879763603,0.00027936277968437366,87.6845687419991,0.5710738301277161,0.002289549680426717,0.0008683261694386601,1.6703583241906017e-05,8.371946933038998e-06,0.0009128962992690504,0.0005280883051455021,5.179025902180001e-05,0.00048459359095431864,0.011788363568484783,0.009157024323940277,0.0,0.033343177288770676,1.8844388250727206e-05,0.1835053563117981,3.156463208142668e-06,,,,,
674,0.0189085453748703,0.0002780867622551614,87.81949066300876,0.518013060092926,0.0021335843484848738,0.0008933802018873394,1.5412273569381796e-05,1.037435868056491e-05,0.0007885204395279288,0.0005184649489820004,5.239467282081023e-05,0.00047884395462460816,0.006314796395599842,0.017602991312742233,0.0,0.028529640287160873,1.0931800716207363e-05,0.18376117944717407,1.9199524103896692e-07,,,,,
675,0.016548626124858856,0.00027681318175992264,87.95869575801771,0.775217592716217,0.0021796163637191057,0.0007550598820671439,1.2617441825568676e-05,1.0836428373295348e-05,0.0008089541224762797,0.0005026047001592815,5.288911779643968e-05,0.0004787009966094047,0.0030326289124786854,0.012078244239091873,0.0,0.015329133719205856,5.624980985885486e-05,0.18402209877967834,4.888947273684607e-07,7.243623790068832,9.288082283081692,1.2874284183246067,1.144299119819571,5.98831789817873
676,0.019877111539244652,0.0002755420507683828,88.12713061401155,0.17703881859779358,0.0025046428199857473,0.0009376415400765836,1.4173415365803521e-05,1.0314743121853098e-05,0.0008057733066380024,0.0005030629690736532,5.311081258696504e-05,0.0004742055607493967,0.011958152987062931,0.013955134898424149,0.0,0.03262343257665634,0.00010632503108354285,0.1842692792415619,2.5275471671193372e-06,,,,,
677,0.01943516544997692,0.00027427338182609186,88.26580774900503,0.2141534388065338,0.0025200729724019766,0.0008459063246846199,1.3597392353403848e-05,8.280265319626778e-06,0.0008916176739148796,0.0005111483624204993,5.30804754816927e-05,0.00047346996143460274,0.009911148808896542,0.021454202011227608,0.0,0.01854933612048626,0.00010941362415906042,0.18452154099941254,1.738903563364147e-07,,,,,
678,0.020081669092178345,0.00027300718745429983,88.41157603100874,0.4599604606628418,0.002295338548719883,0.0009377641836181283,1.3852178199158516e-05,7.24679102859227e-06,0.0006755214999429882,0.0005194362020120025,5.3538962674792856e-05,0.00047684996388852596,0.009324610233306885,0.029406625777482986,0.0,0.024210646748542786,4.0774844819679856e-05,0.18476496636867523,2.1308662212504714e-07,,,,,
679,0.019215410575270653,0.0002717434801498338,88.54714829096338,0.08942677825689316,0.002394292736425996,0.0008441981626674533,1.2467818123695906e-05,1.0458605174790137e-05,0.0010812960099428892,0.0005076944944448769,5.3715517424279824e-05,0.00047178921522572637,0.016334518790245056,0.007953647524118423,0.0,0.023508962243795395,3.9509897760581225e-05,0.18500608205795288,4.907741185888881e-06,,,,,
680,0.01835349015891552,0.0002704822723849751,88.68290522799361,0.3521588146686554,0.0025345913600176573,0.0008773027802817523,1.2603399227373302e-05,9.242105988960247e-06,0.000993724912405014,0.0005016339709982276,5.404798866948113e-05,0.0004729332576971501,0.004607899114489555,0.01116130780428648,0.0,0.010336115024983883,6.885488983243704e-05,0.18523915112018585,8.285046249056904e-08,,,,,
681,0.020354952663183212,0.000269223576607335,88.81848022999475,0.30711713433265686,0.002320172032341361,0.000794011284597218,1.2839745977544226e-05,1.0094630852108821e-05,0.001082214992493391,0.0005015332717448473,5.4052783525548875e-05,0.00047084823017939925,0.017958728596568108,0.013686446473002434,0.0,0.042882420122623444,4.1681938455440104e-05,0.18545757234096527,1.3545776482715155e-06,,,,,
682,0.01787312887609005,0.00026796740523973243,88.95227900700411,0.41578683257102966,0.002337860409170389,0.0008288463577628136,1.539697768748738e-05,8.13418228062801e-06,0.0005727342213504016,0.0005086165037937462,5.374592001317069e-05,0.0004700544523075223,0.005379092413932085,0.01973382756114006,0.0,0.027709681540727615,6.836764805484563e-05,0.18569092452526093,1.5679686384828528e-06,,,,,
683,0.018678493797779083,0.00026671377068007197,89.08878743101377,0.1871373951435089,0.0023522537667304277,0.0008326646639034152,1.3674961337528657e-05,9.231940566678531e-06,0.0009566919761709869,0.0005044910940341651,5.3363826737040654e-05,0.0004686059255618602,0.004918365739285946,0.01268720906227827,0.0,0.02302461490035057,0.0002765696553979069,0.18592606484889984,8.894253369362559e-07,,,,,
684,0.01996147446334362,0.0002654626853012207,89.2312563409796,0.3499746322631836,0.00223201303742826,0.0008350894786417484,1.3900072190153878e-05,8.588012860855088e-06,0.0008462711120955646,0.0004981051897630095,5.284657527226955e-05,0.0004679613921325654,0.02194134332239628,0.03246306627988815,0.0,0.00785841140896082,5.468741073855199e-05,0.18615558743476868,1.0405667580926092e-06,,,,,
685,0.018312914296984673,0.000264214161450886,89.37089199898764,0.10204732418060303,0.0021363028790801764,0.0008882122929207981,1.0154435585718602e-05,1.0624417882354464e-05,0.0006018310086801648,0.0004997305804863572,5.2565901569323614e-05,0.00046806412865407765,0.0026509726885706186,0.02121560275554657,0.0,0.030381033197045326,3.451294469414279e-05,0.1863638460636139,5.166294840819319e-07,,,,,
686,0.020151982083916664,0.00026296821145149415,89.50959441199666,0.07149610668420792,0.002458457835018635,0.0007635323563590646,1.0439785910421051e-05,1.171244184661191e-05,0.0011224583722651005,0.0005037363735027611,5.207202411838807e-05,0.000468415702925995,0.02110615000128746,0.00969690177589655,0.0,0.037658900022506714,8.569399506086484e-05,0.18657469749450684,0.00022867249208502471,,,,,
687,0.01708097755908966,0.0002617248476000689,89.64582645898918,0.1792377233505249,0.0026521559339016676,0.0008489964529871941,9.89365616987925e-06,1.0559771908447146e-05,0.0007996370550245047,0.0005085174343548715,5.1421062380541116e-05,0.0004700631834566593,0.010193566791713238,0.006676686927676201,0.0,0.007587708532810211,1.7785492673283443e-05,0.18680298328399658,1.0740509424067568e-06,,,,,
688,0.017688129097223282,0.00026048408216810924,89.78108298097504,0.15463732182979584,0.0023438038770109415,0.0008143873419612646,1.1240472304052673e-05,1.0603856935631484e-05,0.0009101498872041702,0.0005064706783741713,5.089928163215518e-05,0.00046900226152502,0.0026310335379093885,0.009503375738859177,0.0,0.021885395050048828,0.00014599919086322188,0.18701161444187164,1.0720889349613572e-06,,,,,
689,0.019833119586110115,0.00025924592740146933,89.9134865119704,0.09268773347139359,0.0024491515941917896,0.0009282835526391864,1.265697483177064e-05,1.0082456356030889e-05,0.0010137673234567046,0.0005040902178734541,5.0274000386707485e-05,0.00046665078843943775,0.008173312060534954,0.009741701185703278,0.0,0.028377791866660118,0.00024016835959628224,0.1872195154428482,1.8978429352500825e-06,,,,,
690,0.021720271557569504,0.00025801039552023655,90.04611829196801,0.21989980340003967,0.002248418051749468,0.0009926685597747564,1.4236937204259448e-05,1.0194014976150356e-05,0.0008691460825502872,0.0004998835502192378,4.9828617193270475e-05,0.0004635646182578057,0.003821292892098427,0.027332138270139694,0.0,0.039163894951343536,0.00031414313707500696,0.1874316781759262,3.8076811392784293e-07,,,,,
691,0.022151177749037743,0.0002567774987186121,90.18033588997787,0.29485464096069336,0.0026448718272149563,0.0009071158128790557,1.727696326270234e-05,1.4609664503950626e-05,0.0009109742823056877,0.0005012509063817561,4.973123941454105e-05,0.00046236967318691313,0.020184434950351715,0.03462046757340431,0.0,0.023301247507333755,3.728647789102979e-05,0.18765966594219208,7.858313892938895e-07,,,,,
692,0.020781558007001877,0.00025554724916478945,90.32040741300443,0.11086227744817734,0.002236032159999013,0.0008804231765680015,1.1930907021451276e-05,1.0408740308776032e-05,0.0008905997383408248,0.0005012759356759489,5.025575956096873e-05,0.00046242884127423167,0.021977704018354416,0.017633091658353806,0.0,0.04026905447244644,0.00022156463819555938,0.18788942694664001,1.2775510640494758e-06,,,,,
693,0.02004253678023815,0.0002543196590008351,90.45478900900343,0.1593536138534546,0.0025954805314540863,0.0008892947807908058,1.2070023331034463e-05,9.921858691086527e-06,0.0009570833062753081,0.0004998944350518286,5.108383993501775e-05,0.00046236603520810604,0.007964246906340122,0.02584690973162651,0.0,0.010414261370897293,0.00015460411668755114,0.18813836574554443,2.726310185607872e-06,,,,,
694,0.019073547795414925,0.000253094740342568,90.59752707299776,0.23333856463432312,0.002679454628378153,0.0009274170151911676,1.3587948160420638e-05,1.062102455762215e-05,0.0006530084065161645,0.0005005499115213752,5.2216597396181896e-05,0.0004629131581168622,0.007114219479262829,0.018321018666028976,0.0,0.024325737729668617,7.632228516740724e-05,0.18836595118045807,2.756503818091005e-06,,,,,
695,0.020667025819420815,0.00025187250527944143,90.73448893899331,0.25309184193611145,0.002335614524781704,0.0008419459918513894,1.2731585229630582e-05,1.391776095260866e-05,0.0009681149385869503,0.0004949775175191462,5.320432683220133e-05,0.0004604991991072893,0.0033441707491874695,0.022456461563706398,0.0,0.04182438924908638,0.00010172293696086854,0.1885886937379837,0.00021950864174868912,,,,,
696,0.018154211342334747,0.00025065296587442176,90.86952068796381,0.25551846623420715,0.002555646700784564,0.0007967804558575153,1.0862956514756661e-05,9.731415957503486e-06,0.0008424641564488411,0.0004872429126407951,5.3615167416865006e-05,0.00045824210974387825,0.004531894810497761,0.015849269926548004,0.0,0.02377638965845108,3.1628635042579845e-05,0.18881985545158386,6.085572294978192e-07,,,,,
697,0.018644534051418304,0.0002494361341638703,91.00917506101541,0.12750817835330963,0.0027254403103142977,0.0007737008854746819,1.151610013039317e-05,9.05691740626935e-06,0.0008261470356956124,0.00048550456995144486,5.401861562859267e-05,0.0004556856001727283,0.02135958895087242,0.014474185183644295,0.0,0.02050945535302162,6.531894905492663e-05,0.1890503466129303,1.3590604339697165e-06,,,,,
698,0.02061871811747551,0.00024822202215742524,91.14500502700685,0.3141308128833771,0.0025517181493341923,0.0008520426927134395,1.5560661267954856e-05,1.24927973956801e-05,0.000606309506110847,0.00048520174459554255,5.4228574299486354e-05,0.0004550251178443432,0.007691435515880585,0.03906062990427017,0.0,0.029144827276468277,0.00018456915859133005,0.18927349150180817,4.2619188889148063e-07,,,,,
699,0.021213307976722717,0.00024701064183788165,91.28173523396254,0.40760210156440735,0.002517575165256858,0.0009124341304413974,1.2814899491786491e-05,9.553016752761323e-06,0.0008665925706736743,0.00048451032489538193,5.4357238695956767e-05,0.0004589636519085616,0.04155387356877327,0.01762932538986206,0.0,0.024163514375686646,3.725649003172293e-05,0.18949925899505615,1.333219330490465e-07,,,,,
700,0.020527416840195656,0.00024580200516107414,91.42036897101207,0.13622312247753143,0.002324871253222227,0.0009893705137073994,9.753458471095655e-06,1.3178558219806291e-05,0.0007013398571871221,0.0004902161308564246,5.480139589053579e-05,0.0004600805987138301,0.017820972949266434,0.02675488032400608,0.0,0.0186349768191576,0.00011512452329043299,0.18972933292388916,1.1530643178048194e-06,7.441655313027507,9.570960176406443,1.212177998592701,1.305699507606103,6.059642270192896
701,0.01860761269927025,0.00024459612405575886,91.62422375800088,0.37608760595321655,0.002738259732723236,0.0008478492964059114,1.0359479347243905e-05,1.3441359442367684e-05,0.0006445716135203838,0.0004974668845534325,5.491258343681693e-05,0.0004622928099706769,0.004506074357777834,0.02260451763868332,0.0,0.02094900794327259,7.825584907550365e-05,0.1899520456790924,2.0453089177863149e-07,,,,,
702,0.01773545891046524,0.00024339301042349573,91.77890735701658,0.17453913390636444,0.0020098923705518246,0.0007719580898992717,1.3664276593772229e-05,1.0485095117473975e-05,0.0008653152035549283,0.0004943333915434778,5.4447056754725054e-05,0.00046182575169950724,0.015256467275321484,0.011022025719285011,0.0,0.022238854318857193,0.00022120214998722076,0.19017323851585388,2.0136747025389923e-06,,,,,
703,0.017920058220624924,0.00024219267613853038,91.96249322796939,0.1604391485452652,0.002373332856222987,0.0008349557174369693,1.836555566114839e-05,9.769210919330362e-06,0.0006179130868986249,0.000493328960146755,5.353317465051077e-05,0.00046036014100536704,0.011857558973133564,0.0188246238976717,0.0,0.018002081662416458,0.00010051752906292677,0.19039371609687805,5.012632755097002e-06,,,,,
704,0.017356479540467262,0.00024099513304767762,92.12462997197872,0.1892593652009964,0.0023170846980065107,0.0007740674773231149,2.0679193767136894e-05,1.0583108632999938e-05,0.0007707371260039508,0.0004911650903522968,5.261355545371771e-05,0.0004603771376423538,0.0033347192220389843,0.008318467997014523,0.0,0.036162540316581726,2.2914799046702683e-05,0.19060516357421875,1.8343764622841263e-06,,,,,
705,0.017932046204805374,0.00023980039297020407,92.30761603498831,0.28755295276641846,0.0021218191832304,0.0007360299350693822,1.3131902051100042e-05,9.061724995262921e-06,0.0009583461796864867,0.0004915058379992843,5.1727285608649254e-05,0.00046267142170108855,0.01683397963643074,0.01369890384376049,0.0,0.01939530111849308,6.875243707327172e-05,0.19082340598106384,1.0872258826566394e-07,,,,,
706,0.02057979628443718,0.00023860846769771215,92.47458307800116,0.2572719156742096,0.002708531217649579,0.0009579010074958205,1.4379796994035132e-05,1.012374195852317e-05,0.0008521227864548564,0.0004955336335115135,5.0839058530982584e-05,0.0004630139155779034,0.010510683059692383,0.020474160090088844,0.0,0.025810185819864273,7.165434362832457e-05,0.1910359263420105,2.8957178983546328e-06,,,,,
707,0.017815222963690758,0.0002374193689940233,92.64114164299099,0.24906830489635468,0.00193509622476995,0.0009617891046218574,1.0865066542464774e-05,1.2741033970087301e-05,0.0006280652596615255,0.0005102264694869518,5.010109089198522e-05,0.0004697281983681023,0.004247327335178852,0.01285814493894577,0.0,0.020677225664258003,0.00025164728867821395,0.19124773144721985,1.6356383412130526e-06,,,,,
708,0.019510962069034576,0.00023623310859506133,92.81268694001483,0.5248238444328308,0.002282575471326709,0.0007894411683082581,1.3268328984850086e-05,1.3305065294844098e-05,0.0007946605328470469,0.0005182984750717878,4.9491736717754975e-05,0.0004748826613649726,0.017517639324069023,0.024444464594125748,0.0,0.024679331108927727,0.00024073586973827332,0.19145548343658447,7.128714969439898e-07,,,,,
709,0.02035033144056797,0.00023504969820873777,92.97624919598456,0.21273647248744965,0.002147200284525752,0.0009111138060688972,1.3705564015253913e-05,8.457765034108888e-06,0.0009769124444574118,0.0005016708746552467,4.8887075536185876e-05,0.00046412189840339124,0.023657668381929398,0.019929319620132446,0.0,0.017315924167633057,0.0001280480792047456,0.19165751338005066,3.1650749861000804e-06,,,,,
710,0.018508106470108032,0.0002338691495148352,93.11972165596671,0.3322993814945221,0.002359311794862151,0.0007885703817009926,1.783347579475958e-05,8.62005526869325e-06,0.0012627014657482505,0.0004939402570016682,4.895151505479589e-05,0.0004595736099872738,0.012925375252962112,0.00650296825915575,0.0,0.012387141585350037,1.8107088180840947e-05,0.19184626638889313,2.4717426185816294e-06,,,,,
711,0.023164309561252594,0.0002326914741648927,93.28659410501132,0.1915777176618576,0.0027699219062924385,0.0009649073472246528,1.312955191679066e-05,9.38789889914915e-06,0.0012385242152959108,0.0004946065600961447,4.953005918650888e-05,0.00045907002640888095,0.009021677076816559,0.02968013659119606,0.0,0.02692703902721405,0.0001352557446807623,0.19202257692813873,4.769738097820664e-07,,,,,
712,0.020164715126156807,0.00023151668378209006,93.42087095300667,0.08340229839086533,0.0024887826293706894,0.0008285074727609754,1.1498523235786706e-05,1.0012739949161187e-05,0.000976337119936943,0.0004948302521370351,5.070283077657223e-05,0.00045961615978740156,0.007957927882671356,0.016750285401940346,0.0,0.03966847062110901,4.032949436805211e-05,0.19220148026943207,0.00022261192498262972,,,,,
713,0.0205619465559721,0.00023034478996113487,93.55611220898572,0.39890962839126587,0.002309173811227083,0.0008034975617192686,1.1000554877682589e-05,1.0745483450591564e-05,0.000787053897511214,0.0004937900812365115,5.2079387387493625e-05,0.0004595477075781673,0.005551221314817667,0.035649072378873825,0.0,0.03804803267121315,9.38165103434585e-05,0.19240139424800873,5.58091983293707e-07,,,,,
714,0.021543309092521667,0.00022917580426814563,93.6994133819826,0.1168982982635498,0.0020800072234123945,0.0008136524702422321,1.0542985364736523e-05,1.0797810318763368e-05,0.0009372689528390765,0.00048272087587974966,5.307484752847813e-05,0.00045636549475602806,0.014636426232755184,0.04356039687991142,0.0,0.019986465573310852,7.176875078584999e-05,0.1926097720861435,0.0002311129355803132,,,,,
715,0.022021247074007988,0.00022800973824053903,93.83511597500183,0.5304908156394958,0.0024025177117437124,0.0009151259437203407,1.0612113328534178e-05,9.51046786212828e-06,0.0011227310169488192,0.00047834558063186705,5.41817607881967e-05,0.0004601612454280257,0.03462142497301102,0.018512515351176262,0.0,0.025014828890562057,0.00016065285308286548,0.192814901471138,2.0583472348789655e-07,,,,,
716,0.020333601161837578,0.00022684660338691633,93.96932449296582,0.27235764265060425,0.0023775657173246145,0.0008921881089918315,1.2162838174845092e-05,8.944683941081166e-06,0.0009790370240807533,0.00047739988076500595,5.468909512273967e-05,0.00045342062367126346,0.016657754778862,0.013434548862278461,0.0,0.036403439939022064,9.299685916630551e-05,0.1930209994316101,2.461920303176157e-07,,,,,
717,0.01794777810573578,0.00022568641118694878,94.10269798099762,0.5236417651176453,0.0022281704004853964,0.0009000817663036287,1.6264119039988145e-05,1.1549322152859531e-05,0.0007919681956991553,0.0004891362623311579,5.5219512432813644e-05,0.00045322359073907137,0.015221417881548405,0.007888086140155792,0.0,0.016403745859861374,7.012916466919705e-05,0.19323809444904327,2.5975020889745792e-06,,,,,
718,0.01953268237411976,0.0002245291730912649,94.23832533298992,0.2810269296169281,0.0022404701448976994,0.0007865304360166192,1.5841860658838414e-05,9.032670277520083e-06,0.0013227947056293488,0.000488634395878762,5.5696029448881745e-05,0.00045214639976620674,0.010529679246246815,0.012124030850827694,0.0,0.015300633385777473,4.703654849436134e-05,0.19344273209571838,0.0002771222498267889,,,,,
719,0.018956327810883522,0.00022337490052133763,94.36620501801372,0.42093026638031006,0.0023237373679876328,0.0008419402875006199,9.907971616485156e-06,1.0216073860647157e-05,0.0008540905546396971,0.00048391317250207067,5.617505667032674e-05,0.0004510373983066529,0.005768101196736097,0.020148562267422676,0.0,0.026473188772797585,2.6287063519703224e-05,0.19363906979560852,9.66483185038669e-07,,,,,
720,0.01948416419327259,0.00022222360486937138,94.50255020899931,0.7113588452339172,0.002090162830427289,0.0010389420203864574,1.1067335435654968e-05,1.5501791494898498e-05,0.000873662531375885,0.0004811638209503144,5.589677675743587e-05,0.00046000973088666797,0.0022498995531350374,0.018178779631853104,0.0,0.011433151550590992,0.00018435216043144464,0.19383804500102997,5.877142257304513e-07,,,,,
721,0.01816738396883011,0.00022107529749818935,94.64131123397965,0.5512393712997437,0.0022748513147234917,0.0008050135220400989,1.1385130164853763e-05,1.279107527807355e-05,0.0005289739929139614,0.00048103914014063776,5.499877443071455e-05,0.00045512348879128695,0.010181598365306854,0.03046366199851036,0.0,0.012165231630206108,0.00031241687247529626,0.19402366876602173,2.303558176208753e-06,,,,,
722,0.02127627469599247,0.00021992998974112158,94.77592648897553,0.4887852966785431,0.0021871477365493774,0.0009406760218553245,1.653227627684828e-05,1.0038048458227422e-05,0.0011305781081318855,0.0004932391457259655,5.371343650040217e-05,0.00045164034236222506,0.010473668575286865,0.018459919840097427,0.0,0.03527458384633064,2.016122562054079e-05,0.1941993087530136,1.0448693501530215e-06,,,,,
723,0.02061305195093155,0.00021878769290189322,94.91042351699434,0.41852590441703796,0.0025954535230994225,0.0009568032692186534,2.222094190074131e-05,1.297403832722921e-05,0.000887376896571368,0.0004981349338777363,5.259415411273949e-05,0.00045380459050647914,0.00747103663161397,0.02044365555047989,0.0,0.027618711814284325,3.804717925959267e-05,0.1943867951631546,6.076880367800186e-07,,,,,
724,0.02207576110959053,0.00021764841825451292,95.04486228601309,0.30220770835876465,0.002374610397964716,0.0009165758965536952,1.5958326912368648e-05,1.1600390280364081e-05,0.0007747509516775608,0.0004888547700829804,5.2176521421642974e-05,0.0004499874485190958,0.02208433859050274,0.020788472145795822,0.0,0.0630548819899559,6.244164251256734e-05,0.19458025693893433,1.6735369854359305e-06,,,,,
725,0.018384287133812904,0.00021651217704316185,95.17500574100995,0.5179803967475891,0.002314626006409526,0.0008418771321885288,1.0800307791214436e-05,1.226840504386928e-05,0.000596321769990027,0.00048029684694483876,5.181440064916387e-05,0.0004519918584264815,0.01099374983459711,0.021192053332924843,0.0,0.02312108315527439,0.0003151856653857976,0.19479486346244812,1.0203757483395748e-06,7.070166026327762,9.083978797531477,1.2785918945640036,1.2828396906555941,5.768137612693653
726,0.019183790311217308,0.00021537898048208155,95.34754502197029,0.44103261828422546,0.002222862560302019,0.0008628275245428085,1.0439434845466167e-05,1.2681524822255597e-05,0.0010261686984449625,0.0004793053667526692,5.101271744933911e-05,0.000451243162387982,0.013282052241265774,0.012758780270814896,0.0,0.023840878158807755,2.17137439904036e-05,0.1950053721666336,2.4545688575017266e-06,,,,,
727,0.018359938636422157,0.00021424883975546506,95.486654118984,0.21675175428390503,0.0022606223355978727,0.0007928931154310703,1.1796330909419339e-05,1.1824277862615418e-05,0.0009665440302342176,0.0004867838288191706,5.007004801882431e-05,0.0004510841681621969,0.00468035601079464,0.013667109422385693,0.0,0.02930356189608574,1.5824387446627952e-05,0.19521431624889374,4.059759248775663e-07,,,,,
728,0.016837188974022865,0.0002131217660173448,95.62709745398024,0.5332664847373962,0.002152632223442197,0.0007735365070402622,9.896441042656079e-06,8.44966052682139e-06,0.0008040449465624988,0.0004919872735626996,4.929316128254868e-05,0.00045447726733982563,0.007532869931310415,0.009144632145762444,0.0,0.023549403995275497,4.341630847193301e-05,0.19542251527309418,3.347105121065397e-06,,,,,
729,0.021338367834687233,0.00021199777039148366,95.76910524698906,0.06245879456400871,0.0023824076633900404,0.0010665724985301495,1.4388002455234528e-05,1.005462218017783e-05,0.0008526967721991241,0.0004792235849890858,4.849261313211173e-05,0.0004493242595344782,0.004361746832728386,0.018963675945997238,0.0,0.040124885737895966,0.00010945676331175491,0.1956266164779663,3.6210445841788896e-07,,,,,
730,0.01853989064693451,0.00021087686397126435,95.90065470396075,0.6161401271820068,0.002442573430016637,0.0008704705978743732,9.986689292418305e-06,1.00623019534396e-05,0.0009273895993828773,0.0004732688539661467,4.785836790688336e-05,0.00045081679127179086,0.0079681146889925,0.011498402804136276,0.0,0.022631419822573662,2.0317283997428603e-05,0.19584517180919647,7.68881307067204e-07,,,,,
731,0.017881261184811592,0.00020975905781958124,96.0337924049818,0.10500263422727585,0.0021763101685792208,0.0009103100746870041,1.0554955224506557e-05,1.05013186839642e-05,0.0007471650606021285,0.0004772019456140697,4.7547498979838565e-05,0.00045057915849611163,0.004477416630834341,0.011189227923750877,0.0,0.026692405343055725,1.7646154446993023e-05,0.19605287909507751,1.0980295428453246e-06,,,,,
732,0.021042710170149803,0.00020864436296872958,96.16661806299817,0.15320754051208496,0.00239147013053298,0.0009561358019709587,1.2444378626241814e-05,1.0236382877337746e-05,0.0009384796721860766,0.00048469967441633344,4.7374887799378484e-05,0.00045401399256661534,0.006941923405975103,0.03287375345826149,0.0,0.01579328253865242,4.3476793507579714e-05,0.19625984132289886,6.379815204127226e-06,,,,,
733,0.01956799067556858,0.00020753279042029748,96.29974816500908,0.12715564668178558,0.0024238985497504473,0.000913513358682394,1.0452410606376361e-05,9.811248673941009e-06,0.0008723675273358822,0.0004917593323625624,4.775018533109687e-05,0.00045798224164173007,0.022013206034898758,0.013304573483765125,0.0,0.022051462903618813,3.46229353453964e-05,0.1964576244354248,2.1233845473034307e-06,,,,,
734,0.020269010215997696,0.00020642435114505707,96.43599774700124,0.22300337255001068,0.002169887302443385,0.0009742769179865718,1.0415667020424735e-05,1.2484021681302693e-05,0.0008435302297584713,0.0004944944521412253,4.829510726267472e-05,0.00045919360127300024,0.01424157153815031,0.018892893567681313,0.0,0.027373813092708588,0.00014425702102016658,0.19664956629276276,4.989033186575398e-07,,,,,
735,0.01969713345170021,0.00020531905608285687,96.57361024996499,0.39265528321266174,0.002499624853953719,0.0008460095850750804,9.582116035744548e-06,1.0232247404928785e-05,0.0010680492268875241,0.0004922801163047552,4.91275786771439e-05,0.0004561568202916533,0.012484024278819561,0.01597188040614128,0.0,0.01870562881231308,0.0002159458672394976,0.19684331119060516,1.4851552805339452e-06,,,,,
736,0.018209144473075867,0.00020421691614251248,96.70820375299081,0.031059475615620613,0.0025515705347061157,0.0007779445732012391,1.0862364433705807e-05,8.512166459695436e-06,0.0009116078726947308,0.00048064792645163834,4.962397724739276e-05,0.00044831508421339095,0.007814621552824974,0.011458180844783783,0.0,0.02927374467253685,4.217388413962908e-05,0.19703038036823273,2.3499754320255306e-07,,,,,
737,0.017506195232272148,0.00020311794220170045,96.84156732296105,0.5282692313194275,0.00222990894690156,0.0008971972274594009,1.4227890460460912e-05,9.359434443467762e-06,0.0006711093592457473,0.00047571456525474787,4.999823067919351e-05,0.0004468105034902692,0.005443620961159468,0.009603405371308327,0.0,0.02705051377415657,4.1742328903637826e-05,0.1972183734178543,9.358669558423571e-06,,,,,
738,0.019659362733364105,0.00020202214510684998,96.97323452599812,0.22746068239212036,0.0021836585365235806,0.0008055489743128419,1.7932885384652764e-05,1.1689985512930434e-05,0.0010152875911444426,0.0004794911073986441,5.053049244452268e-05,0.0004454545269254595,0.004704762250185013,0.011969108134508133,0.0,0.052673593163490295,5.308288018568419e-05,0.19740815460681915,2.4173164092644583e-06,,,,,
739,0.020377634093165398,0.00020092953567303585,97.10544831299921,0.23369863629341125,0.0023363034706562757,0.0010129285510629416,1.4913370250724256e-05,8.202793651435059e-06,0.0008956434903666377,0.00048789463471621275,5.111308200866915e-05,0.0004482545191422105,0.002539870562031865,0.02815629355609417,0.0,0.011440717615187168,2.7585549105424434e-05,0.1976209133863449,8.738724091017502e-07,,,,,
740,0.018399011343717575,0.00019984012468387215,97.23842090799008,0.4686344265937805,0.00209906417876482,0.0008518588147126138,1.1471001926111057e-05,9.72820635070093e-06,0.0009222018998116255,0.0004942719242535532,5.222510299063288e-05,0.0004521265218500048,0.011342204175889492,0.013261694461107254,0.0,0.02010698802769184,7.203707355074584e-05,0.19781683385372162,7.452692329934507e-07,,,,,
741,0.019403189420700073,0.00019875392289140528,97.37019503500778,0.2619895040988922,0.0022391474340111017,0.001000526244752109,9.830826456891373e-06,1.4553683286067098e-05,0.0008017905056476593,0.00048428165609948337,5.3030398703413084e-05,0.0004485618555918336,0.002437800168991089,0.024556627497076988,0.0,0.010013919323682785,3.450337317190133e-05,0.1980094462633133,2.071888729915372e-06,,,,,
742,0.019070778042078018,0.00019767094101600857,97.50238186999923,0.48577073216438293,0.0024507197085767984,0.0007160293171182275,1.2006838915112894e-05,1.5090556189534254e-05,0.0009640941279940307,0.00047623494174331427,5.3699379350291565e-05,0.0004493332817219198,0.009549755603075027,0.021148869767785072,0.0,0.028501657769083977,0.00015868230548221618,0.1981860250234604,2.0159350242465734e-06,,,,,
743,0.021607430651783943,0.00019659118974627615,97.6431446269853,0.2180086374282837,0.0021141236647963524,0.0008818457718007267,1.1535827070474625e-05,9.973809937946498e-06,0.0009308268199674785,0.0004736402479466051,5.3986510465620086e-05,0.00044597662054002285,0.01275007613003254,0.036027852445840836,0.0,0.025070562958717346,0.0001884430821519345,0.1983635276556015,0.0002404116530669853,,,,,
744,0.018425380811095238,0.00019551467973891689,97.78187767701456,0.33001619577407837,0.002165243960916996,0.0008552048238925636,1.9989161955891177e-05,9.36822107178159e-06,0.0006581025081686676,0.00047442494542337954,5.38895110366866e-05,0.00044166832230985165,0.01892993599176407,0.020338375121355057,0.0,0.017095813527703285,8.632770186522976e-05,0.19854281842708588,1.4355405255628284e-06,,,,,
745,0.01733536273241043,0.00019444142161864988,97.91827648499748,0.3709859549999237,0.002044309861958027,0.0008494170615449548,2.0790626876987517e-05,1.0751367881312035e-05,0.0008160161669366062,0.00047167885350063443,5.3752854000777006e-05,0.0004403056809678674,0.007606463506817818,0.011292602866888046,0.0,0.016249900683760643,3.1475825380766764e-05,0.19871282577514648,2.4661608222231735e-06,,,,,
746,0.016861997544765472,0.00019337142597809973,98.054474028002,0.17328307032585144,0.002277409192174673,0.0007164283888414502,1.403259921062272e-05,1.0660274710971862e-05,0.0007705986499786377,0.0004685609310399741,5.3491341532208025e-05,0.0004434253787621856,0.0039368984289467335,0.015941999852657318,0.0,0.020306672900915146,0.00015829273615963757,0.19887526333332062,1.4041551139598596e-06,,,,,
747,0.017779354006052017,0.00019230470337769126,98.19788711698493,0.43958336114883423,0.0022731332574039698,0.0008469099411740899,1.0222849596175365e-05,8.940943189372774e-06,0.000675822317134589,0.00046933829435147345,5.301184137351811e-05,0.0004479325143620372,0.00637970631942153,0.018361251801252365,0.0,0.01794268749654293,4.20503129134886e-05,0.19903434813022614,0.00017802329966798425,,,,,
748,0.02203088440001011,0.0001912412643455457,98.34289415099192,0.39434128999710083,0.0022147218696773052,0.0008491411572322249,1.0518770977796521e-05,1.2857604815508239e-05,0.001006607199087739,0.0004729192878585309,5.2281782700447366e-05,0.00044603366404771805,0.002633428666740656,0.03531081974506378,0.0,0.04460275173187256,0.00030984755721874535,0.19918924570083618,1.895552088626573e-07,,,,,
749,0.0184563510119915,0.0001901811193773775,98.48492834001081,0.36541974544525146,0.0023712480906397104,0.00091244385112077,1.1063584679504856e-05,1.1180305591551587e-05,0.0006024765898473561,0.00048758037155494094,5.10788886458613e-05,0.0004502925439737737,0.007129760459065437,0.01835739053785801,0.0,0.026533568277955055,4.748928768094629e-05,0.19935613870620728,9.199169994644762e-07,,,,,
750,0.019208140671253204,0.00018912427893638914,98.62497022899333,0.4845186173915863,0.0023201152216643095,0.0008215291309170425,1.0401223335065879e-05,9.565712389303371e-06,0.0007321776356548071,0.0004945672699250281,4.992273898096755e-05,0.0004543002287391573,0.019540781155228615,0.025181706994771957,0.0,0.020331963896751404,7.77163659222424e-05,0.19952820241451263,1.3977537491882686e-06,7.231404538173276,9.283752585725534,1.3209872955899467,0.8388954556289591,5.964255672137863
751,0.017826085910201073,0.0001880707534531692,98.79872545099352,0.27670538425445557,0.002094103954732418,0.0009194486192427576,1.5507077478105202e-05,9.098350346903317e-06,0.0006368213216774166,0.00048140480066649616,4.8959351261146367e-05,0.00044619006803259254,0.0014956261729821563,0.010688304901123047,0.0,0.03720857948064804,3.353237480041571e-05,0.19969351589679718,1.0025005394709297e-06,,,,,
752,0.019732503220438957,0.00018702055332558864,98.93635187699692,0.5188409090042114,0.0021904511377215385,0.0008847652934491634,1.4973309589549899e-05,9.141203008766752e-06,0.0008745124796405435,0.00046927278162911534,4.8090227210195735e-05,0.00044251600047573447,0.003633590182289481,0.02937178686261177,0.0,0.015792328864336014,0.00013075504102744162,0.19986914098262787,0.0001811537949834019,,,,,
753,0.01743696816265583,0.0001859736889186991,99.0765874349745,0.15688902139663696,0.0022409469820559025,0.0007531705196015537,1.2088235962437466e-05,8.718977369426284e-06,0.0008276439621113241,0.0004701147263403982,4.7764431656105444e-05,0.0004430446424521506,0.010836990550160408,0.019078562036156654,0.0,0.011485420167446136,0.0001231474889209494,0.2000371515750885,8.868054237609613e-07,,,,,
754,0.01880207471549511,0.00018493017056462935,99.22154160100035,0.13040418922901154,0.0023183098528534174,0.0008330037817358971,1.3570762348535936e-05,8.6745603766758e-06,0.0009712520986795425,0.00047340025776065886,4.73705877084285e-05,0.0004435508162714541,0.021813370287418365,0.017200816422700882,0.0,0.005260700359940529,0.00013032520655542612,0.20019330084323883,3.6198647990204336e-07,,,,,
755,0.018543405458331108,0.00018389000856248455,99.35953611898003,0.10722772777080536,0.0023491603787988424,0.0008129176567308605,1.2788385902240407e-05,8.494404937664513e-06,0.0006277591455727816,0.0004803702759090811,4.704454113380052e-05,0.0004463345976546407,0.0026101102121174335,0.032940514385700226,0.0,0.019492963328957558,3.56992386514321e-05,0.20033413171768188,7.945803190523293e-06,,,,,
756,0.022408226504921913,0.0001828532131782434,99.49640352698043,0.3134576082229614,0.002517136512324214,0.0009115978027693927,1.1057365554734133e-05,9.716493877931498e-06,0.0007523064268752933,0.0004866860108450055,4.674987940234132e-05,0.00044975924538448453,0.009759475477039814,0.05493246763944626,0.0,0.016298675909638405,4.337857535574585e-05,0.20047330856323242,9.469252972849063e-07,,,,,
757,0.01713034324347973,0.00018181979464465805,99.63657162798336,0.22054727375507355,0.002235152292996645,0.0008407339337281883,1.195530694531044e-05,9.518630577076692e-06,0.0007270902278833091,0.00048232017434202135,4.658295802073553e-05,0.0004478274204302579,0.008444090373814106,0.011538956314325333,0.0,0.018331531435251236,2.630422022775747e-05,0.20060911774635315,5.056087957200361e-07,,,,,
758,0.01822681725025177,0.00018078976316115213,99.77518818096723,0.1459682732820511,0.002088268520310521,0.0008514176006428897,1.17416775538004e-05,1.0187256521021482e-05,0.0007311708177439868,0.0004742493329104036,4.6466218918794766e-05,0.0004451001586858183,0.004658080637454987,0.02565939724445343,0.0,0.017270732671022415,1.570955828356091e-05,0.2007441222667694,1.0384495681137196e-06,,,,,
759,0.017985548824071884,0.0001797631288937204,99.91279191698413,0.5750384330749512,0.0021571002434939146,0.0008140446152538061,1.0674391887732781e-05,1.1708201782312244e-05,0.0006383436266332865,0.0004716126713901758,4.623325730790384e-05,0.00044527268619276583,0.010774526745080948,0.02517171949148178,0.0,0.018244165927171707,7.233203359646723e-05,0.2008817344903946,1.46536149259191e-06,,,,,
760,0.02080230414867401,0.00017873990197482867,100.04733892198419,0.41297581791877747,0.0023279867600649595,0.0009471815428696573,1.2328174307185691e-05,1.011585300147999e-05,0.0011779959313571453,0.0004765946650877595,4.612891279975884e-05,0.0004447847604751587,0.016416078433394432,0.013174541294574738,0.0,0.020771747455000877,1.796782817109488e-05,0.20101767778396606,0.00026056094793602824,,,,,
761,0.018780963495373726,0.0001777200925033138,100.18175926496042,0.6473792791366577,0.0021395781077444553,0.0009188473923131824,1.91100625670515e-05,9.339927601104137e-06,0.0009459170396439731,0.0005024219281040132,4.651123526855372e-05,0.0004602583358064294,0.013685183599591255,0.007364094257354736,0.0,0.021361326798796654,0.00013898762699682266,0.20115025341510773,3.0902651815267745e-06,,,,,
762,0.019651025533676147,0.00017670371054428333,100.31750085199019,0.6624948978424072,0.002168801845982671,0.0008173018577508628,1.3141477211320307e-05,8.749811968300492e-06,0.0007602376281283796,0.0005016009672544897,4.714015813078731e-05,0.00045945774763822556,0.007918854244053364,0.020696129649877548,0.0,0.050592098385095596,9.203344961861148e-05,0.20128200948238373,1.949332727235742e-06,,,,,
763,0.019630301743745804,0.0001756907661290167,100.45225392997963,0.1304287165403366,0.0019139130599796772,0.0009145785006694496,9.72002453636378e-06,1.0461767487868201e-05,0.0007321378216147423,0.00047599434037692845,4.797127257916145e-05,0.0004441979108378291,0.017039144411683083,0.028832577168941498,0.0,0.018896646797657013,6.576877785846591e-05,0.20143692195415497,2.042371761490358e-06,,,,,
764,0.017750533297657967,0.00017468126925486668,100.58675070799654,0.27351537346839905,0.00226642657071352,0.0006853773957118392,1.1522161003085785e-05,1.037082438415382e-05,0.0006568233366124332,0.00046803595614619553,4.861058187088929e-05,0.0004442436038516462,0.011888563632965088,0.029154259711503983,0.0,0.021244008094072342,6.803544238209724e-05,0.201585054397583,2.526398930058349e-06,,,,,
765,0.019494466483592987,0.00017367522988515977,100.7194803939783,0.9158304333686829,0.0023826013784855604,0.0008674942655488849,9.8800874184235e-06,1.0695056516851764e-05,0.001057731918990612,0.0004677466640714556,4.8775607865536585e-05,0.0004462710639927536,0.008816094137728214,0.014210233464837074,0.0,0.02673337236046791,1.8555547285359353e-05,0.20173151791095734,6.548936539729766e-07,,,,,
766,0.019625162705779076,0.0001726726579490982,100.85390016698511,0.3113707900047302,0.0020115417428314686,0.000759496062528342,1.1695556167978793e-05,8.719525794731453e-06,0.0009689436992630363,0.0004755260597448796,4.899865962215699e-05,0.0004417245218064636,0.006702056620270014,0.030314378440380096,0.0,0.030383838340640068,4.4259668356971815e-05,0.20188231766223907,1.3647043033415684e-06,,,,,
767,0.017654314637184143,0.00017167356334166233,100.98498243599897,0.513076901435852,0.0019186711870133877,0.0006281057139858603,1.6203628547373228e-05,1.0543941243668087e-05,0.0006882519228383899,0.0004862686328124255,4.906837421003729e-05,0.0004464041267056018,0.030518097802996635,0.026887239888310432,0.0,0.0177314355969429,2.637567558849696e-05,0.2020314633846283,4.675140189647209e-06,,,,,
768,0.01926010102033615,0.00017067795592351278,101.12675829196814,0.3602202534675598,0.0024191804695874453,0.0007215382065623999,1.2868671547039412e-05,9.891728041111492e-06,0.0006704060360789299,0.00048049335600808263,4.9302463594358414e-05,0.00044302517198957503,0.015591487288475037,0.020443323999643326,0.0,0.054441917687654495,6.34208190604113e-05,0.20217637717723846,7.725315299467184e-06,,,,,
769,0.020200232043862343,0.0001696858455208927,101.26545077899937,0.42935508489608765,0.0023616107646375895,0.0008947864407673478,1.1244099368923344e-05,9.363544450025074e-06,0.0010023959912359715,0.00047015585005283356,4.9738628149498254e-05,0.0004411522822920233,0.026659158989787102,0.0173383429646492,0.0,0.015875456854701042,8.067330054473132e-05,0.2023419290781021,1.0865617241506698e-06,,,,,
770,0.018255194649100304,0.000168697241925531,101.40185213496443,0.49419230222702026,0.002470593200996518,0.0008100594277493656,1.0522954653424677e-05,1.0711235518101603e-05,0.0008334870217368007,0.0004701803845819086,5.015963324694894e-05,0.00044161907862871885,0.014866498298943043,0.010049883276224136,0.0,0.02727959305047989,0.00011452809121692553,0.2025032639503479,3.318221843073843e-06,,,,,
771,0.02058362029492855,0.00016771215489454647,101.53807080496335,0.11653432995080948,0.0023176283575594425,0.0008337029721587896,1.2451362636056729e-05,9.286603017244488e-06,0.0009416825487278402,0.00047791257384233177,5.0527043640613556e-05,0.000441844662418589,0.0160981472581625,0.02388560026884079,0.0,0.029885515570640564,0.00019707423052750528,0.20266121625900269,0.00017999827105086297,,,,,
772,0.021373556926846504,0.00016673059415035,101.67342689097859,0.38467225432395935,0.002316734055057168,0.0011367588303983212,1.1441926289990079e-05,9.395846063853242e-06,0.000883081869687885,0.000486118282424286,5.0962633395101875e-05,0.00044515286572277546,0.014283481985330582,0.009616798721253872,0.0,0.03765009716153145,8.703397179488093e-05,0.2028149515390396,1.6708609109628014e-06,,,,,
773,0.01691550202667713,0.00016575256938055024,101.8087316119927,0.4804403483867645,0.002410839544609189,0.0007872036658227444,1.213076029671356e-05,8.890538993000519e-06,0.0008274390711449087,0.00047997565707191825,5.1423488912405446e-05,0.00044144317507743835,0.0110087301582098,0.008281919173896313,0.0,0.011177023872733116,0.0001886922400444746,0.20297475159168243,8.459948617201007e-07,,,,,
774,0.018726438283920288,0.00016477809023785647,101.94159552099882,0.09252796322107315,0.0024052620865404606,0.0008916169172152877,9.385865268995985e-06,8.492987035424449e-06,0.0006818510591983795,0.00046488820225931704,5.180303560337052e-05,0.00043670961167663336,0.017387019470334053,0.01772759109735489,0.0,0.022029604762792587,1.1853414434881415e-05,0.2031225860118866,2.251497335237218e-06,,,,,
775,0.020215587690472603,0.00016380716633998467,102.07345507899299,0.5169508457183838,0.0022318109404295683,0.0010565657867118716,1.1796651051554363e-05,7.035720955173019e-06,0.0009167882381007075,0.0004615285142790526,5.2110197430010885e-05,0.00044203244033269584,0.014454802498221397,0.016501326113939285,0.0,0.014641975983977318,3.8172947824932635e-05,0.20326702296733856,1.1384548770365654e-06,6.917863178995867,8.937906914825591,1.2883498326349425,1.076179517405983,5.499632714516999
776,0.01797161065042019,0.00016283980726956174,102.25778400799027,0.342231422662735,0.002524585695937276,0.0008493853965774179,1.1047176485590171e-05,8.804297067399602e-06,0.0005961104179732502,0.00046028930228203535,5.226099892752245e-05,0.0004401255282573402,0.0059574502520263195,0.01471707783639431,0.0,0.03440244123339653,5.167993367649615e-05,0.203405499458313,7.574632832074712e-07,,,,,
777,0.02004430629312992,0.000161876022574031,102.39168547297595,0.20991824567317963,0.002507696161046624,0.0007792878895998001,9.507548384135589e-06,7.598658612550935e-06,0.0010955879697576165,0.00046239839866757393,5.191269519855268e-05,0.0004350969975348562,0.02170906402170658,0.021004568785429,0.0,0.019725073128938675,5.827411951031536e-05,0.203544020652771,7.910529689070245e-07,,,,,
778,0.01833845116198063,0.00016091582176555816,102.52548215101706,0.4376853108406067,0.002371740760281682,0.0007980519440025091,1.2929514014103916e-05,9.050183507497422e-06,0.0008212194079533219,0.000475275213830173,5.157728446647525e-05,0.00043865814222954214,0.01830546371638775,0.00807202234864235,0.0,0.03418083116412163,9.751842299010605e-05,0.20367999374866486,1.261948341380048e-06,,,,,
779,0.01823398284614086,0.00015995921432093802,102.6562441639835,0.6235091090202332,0.0023326158989220858,0.000845214119181037,1.085341409634566e-05,9.921725904860068e-06,0.0007339550065807998,0.000478722300613299,5.128470729687251e-05,0.0004406701773405075,0.0061402590945363045,0.013463012874126434,0.0,0.033312343060970306,0.00012077565770596266,0.20382721722126007,9.167318921754486e-07,,,,,
780,0.01869773305952549,0.00015900620968149957,102.78983641800005,0.23757581412792206,0.0018487023189663887,0.000832201330922544,1.1882504622917622e-05,8.743094440433197e-06,0.000972980575170368,0.0004643350839614868,5.094174775877036e-05,0.00043472638935782015,0.015209505334496498,0.013992467895150185,0.0,0.02490653283894062,0.00017643535102251917,0.20397794246673584,2.3882216737547424e-07,,,,,
781,0.01808745227754116,0.0001580568172530138,102.92862051801058,0.2977173924446106,0.002199716866016388,0.0007661377894692123,1.1703554264386185e-05,8.534876542398706e-06,0.0006941911997273564,0.0004585231654345989,5.030710235587321e-05,0.00043906699283979833,0.018917765468358994,0.020288024097681046,0.0,0.023457158356904984,0.00012638031330425292,0.20412442088127136,3.18033630719583e-06,,,,,
782,0.01823573000729084,0.0001571110464056009,103.06466816697503,0.8192113041877747,0.002014542231336236,0.0007930232095532119,1.1528214599820785e-05,9.526525900582783e-06,0.0010437130695208907,0.00046056549763306975,4.9611673603067175e-05,0.00044533557957038283,0.007550966460257769,0.02180938795208931,0.0,0.007621912285685539,3.841159923467785e-05,0.2042674869298935,1.4239301435736706e-06,,,,,
783,0.018291862681508064,0.00015616890647363721,103.19938016001834,0.5371902585029602,0.002049081725999713,0.0009206381510011852,9.994419087888673e-06,8.013161277631298e-06,0.0010339119471609592,0.0004592693003360182,4.8855828936211765e-05,0.00043535834993235767,0.01130136288702488,0.011402660980820656,0.0,0.005932110361754894,7.751616067253053e-05,0.20439854264259338,2.829606273735408e-07,,,,,
784,0.019562099128961563,0.00015523040675566335,103.33656262198929,0.5258100032806396,0.002105880994349718,0.0007755575934424996,1.2183867511339486e-05,9.295333256886806e-06,0.0007068272680044174,0.0004829235258512199,4.8264351789839566e-05,0.00044376004370860755,0.018378162756562233,0.03267087787389755,0.0,0.029122572392225266,2.4907541956054047e-05,0.20451582968235016,2.098145614581881e-06,,,,,
785,0.019541950896382332,0.00015429555651429278,103.47124250797788,0.8811014294624329,0.0021739820949733257,0.0009638514602556825,1.3602555554825813e-05,1.0644946996762883e-05,0.0006149385590106249,0.0005018288502469659,4.786288627656177e-05,0.0004571135505102575,0.01554514653980732,0.015481486916542053,0.0,0.032939646393060684,0.00013841124018654227,0.20463746786117554,0.00024297843629028648,,,,,
786,0.019248034805059433,0.0001533643649761201,103.60948377399473,0.3733152747154236,0.002318629529327154,0.0008266486111097038,1.0829853636096232e-05,8.27482836029958e-06,0.0010589275043457747,0.00048030560719780624,4.7682344302302226e-05,0.0004425004299264401,0.003093644045293331,0.009312829002737999,0.0,0.04379875212907791,8.434396295342594e-05,0.2047591507434845,2.0192751435388345e-06,,,,,
787,0.017885500565171242,0.00015243684133162976,103.75910282501718,0.47827476263046265,0.0019202166004106402,0.0007710643112659454,1.1299928701191675e-05,1.1778729458455928e-05,0.0009415114182047546,0.00046151227434165776,4.758029172080569e-05,0.0004348570655565709,0.011489728465676308,0.01399392168968916,0.0,0.026385800912976265,3.277252471889369e-05,0.20489294826984406,5.620718184218276e-07,,,,,
788,0.016923874616622925,0.00015151299473510564,103.89355551201152,0.7270127534866333,0.0022304162848740816,0.0006323561538010836,1.097534732252825e-05,1.0730282156146131e-05,0.0011443248949944973,0.0004588587617035955,4.7475772589677945e-05,0.0004362892359495163,0.014587042853236198,0.0097282063215971,0.0,0.01197283249348402,6.925908382982016e-05,0.20502592623233795,1.0031586583636454e-07,,,,,
789,0.017712006345391273,0.0001505928343045405,104.02603103400907,0.16669639945030212,0.002163972007110715,0.0007917440379969776,1.039857215801021e-05,9.411807695869356e-06,0.0008088766480796039,0.00046158512122929096,4.734715184895322e-05,0.00043255402124486864,0.003624331671744585,0.018256328999996185,0.0,0.023470057174563408,0.00013230129843577743,0.20514944195747375,9.144346222456079e-07,,,,,
790,0.017849257215857506,0.00014967636912154654,104.15919133799616,0.41493386030197144,0.0019569178111851215,0.0007590799359604716,1.1866297427332029e-05,1.0036945241154172e-05,0.0007356838323175907,0.00047348387306556106,4.741110387840308e-05,0.0004368965164758265,0.022282108664512634,0.013771319761872292,0.0,0.03299596160650253,1.6336025510099716e-05,0.20526954531669617,4.1869162714647246e-07,,,,,
791,0.016414619982242584,0.00014876360823126516,104.2919965289766,0.5409529805183411,0.0021721485536545515,0.0007866331143304706,1.6301495634252205e-05,1.0242724783893209e-05,0.0007694754749536514,0.0004761641612276435,4.747156344819814e-05,0.00043829894275404513,0.013454095460474491,0.011013254523277283,0.0,0.004885890521109104,7.747553172521293e-05,0.20539399981498718,1.2265456916793482e-06,,,,,
792,0.01743577979505062,0.0001478545606422777,104.42574139899807,0.09741093218326569,0.0021128340158611536,0.0008206985658034682,1.0547490091994405e-05,9.129853424383327e-06,0.000694786780513823,0.00046435167314484715,4.773322507389821e-05,0.0004324267792981118,0.01426075678318739,0.01125431340187788,0.0,0.028838586062192917,2.4363878765143454e-05,0.20550639927387238,2.8016665964969434e-07,,,,,
793,0.01973005384206772,0.00014694923532651699,104.56126354896696,0.281720370054245,0.0019547331612557173,0.0007949982536956668,9.44289695326006e-06,9.67239793681074e-06,0.0009106066427193582,0.0004590909229591489,4.802152398042381e-05,0.00043159606866538525,0.00772330304607749,0.03323357179760933,0.0,0.022036904469132423,7.85696174716577e-05,0.2056274712085724,0.0002246000658487901,,,,,
794,0.01678558625280857,0.00014604764121917835,104.69488314096816,0.13786248862743378,0.002067307475954294,0.0006289232987910509,1.0149697118322365e-05,1.0782890967675485e-05,0.0007625959697179496,0.000458308873930946,4.8299552872776985e-05,0.00043150209239684045,0.009128494188189507,0.02557217888534069,0.0,0.018313009291887283,2.8491793273133226e-05,0.2057468444108963,1.0339915661461418e-06,,,,,
795,0.019424546509981155,0.00014514978721863166,104.83063817996299,0.16192130744457245,0.002172838430851698,0.0008346556569449604,1.0814742381626274e-05,1.023037748382194e-05,0.0008036312065087259,0.0004584626585710794,4.8447123845107853e-05,0.00043104172800667584,0.025613542646169662,0.015539329499006271,0.0,0.0365680493414402,1.6293073713313788e-05,0.20586279034614563,8.397487363254186e-07,,,,,
796,0.01997268572449684,0.0001442556821863331,104.96611705899704,0.0547170527279377,0.0022753002122044563,0.000955882656853646,1.0661554370017257e-05,9.419537491339725e-06,0.000701987068168819,0.0004606756556313485,4.858304964727722e-05,0.000430720770964399,0.012159892357885838,0.01764395833015442,0.0,0.04335340857505798,2.632753603393212e-05,0.20598915219306946,5.628354529108037e-07,,,,,
797,0.017679918557405472,0.00014336533494673894,105.10167447396088,0.18338030576705933,0.0019532726146280766,0.0009150825790129602,1.1264368367847055e-05,1.0016236046794802e-05,0.0006297540385276079,0.00046345454757101834,4.878603431279771e-05,0.00043127802200615406,0.0053417012095451355,0.02180808037519455,0.0,0.014654872007668018,9.431993930775207e-06,0.2061285525560379,6.414453537217923e-07,,,,,
798,0.019667087122797966,0.00014247875428721667,105.2357308199862,0.08360481262207031,0.002109637251123786,0.0009166055242531002,1.2063325812050607e-05,1.0371363714511972e-05,0.0012300193775445223,0.00046281961840577424,4.9228372517973185e-05,0.0004311592201702297,0.007300157565623522,0.009713858366012573,0.0,0.02346530556678772,8.017125946935266e-05,0.2062610685825348,3.847032985504484e-06,,,,,
799,0.015851786360144615,0.00014159594895795952,105.37193637900054,0.3125966787338257,0.0020034569315612316,0.0007400899194180965,9.260391379939392e-06,1.0873993232962675e-05,0.0006407053442671895,0.0004615619545802474,4.984236147720367e-05,0.00043086556252092123,0.01041560061275959,0.008539902977645397,0.0,0.025043342262506485,4.672824434237555e-05,0.20639188587665558,1.0749945289489915e-07,,,,,
800,0.019948706030845642,0.0001407169276718996,105.50253730796976,0.18194110691547394,0.0018870385829359293,0.0009522268082946539,1.0297351764165796e-05,1.1925904800591525e-05,0.0009028326603583992,0.00045655728899873793,5.008019070373848e-05,0.000430130836321041,0.006891130469739437,0.02813124656677246,0.0,0.018376313149929047,5.293110734783113e-05,0.20652015507221222,1.6356509036086209e-07,6.9246024662962835,8.950774662376787,1.2517091365095705,1.0629426190277709,5.497220367128294
801,0.018296120688319206,0.0001398416991046223,105.66617415600922,0.15283307433128357,0.0019177835201844573,0.000873528653755784,1.2028351193293929e-05,1.0500021744519472e-05,0.0005496579688042402,0.0004553216276690364,5.029513340559788e-05,0.00043020304292440414,0.021530374884605408,0.01503296010196209,0.0,0.03362930193543434,0.00022345507750287652,0.2066432535648346,8.113992748803867e-07,,,,,
802,0.017390454187989235,0.00013897027189428,105.79857855697628,0.3405219614505768,0.0019061209168285131,0.0008058265084400773,1.2007508303213399e-05,8.402868843404576e-06,0.0008735781302675605,0.00045538845006376505,5.013799818698317e-05,0.00042927078902721405,0.022310104221105576,0.005446980707347393,0.0,0.023622246459126472,1.6294114175252616e-05,0.2067715972661972,4.221797098580282e-06,,,,,
803,0.01819014549255371,0.00013810265464150762,105.93109200999606,0.2787189483642578,0.00198703957721591,0.0007514631142839789,1.4517361705657095e-05,9.070991836779285e-06,0.0008517722599208355,0.000461855495814234,4.991565219825134e-05,0.0004295285325497389,0.007020406890660524,0.0269656740128994,0.0,0.019664684310555458,2.684100400074385e-05,0.20689824223518372,1.9426954622758785e-06,,,,,
804,0.016778916120529175,0.00013723885590933728,106.0670045549632,0.187337726354599,0.0020702523179352283,0.0008557580877095461,1.2656893886742182e-05,7.77310833655065e-06,0.0008616297272965312,0.0004648018511943519,4.968010034644976e-05,0.00043065022327937186,0.012181024998426437,0.007470111362636089,0.0,0.006570224650204182,3.167319664498791e-05,0.20702232420444489,8.086362868198194e-07,,,,,
805,0.021507710218429565,0.0001363788842231136,106.20452780497726,0.10894393920898438,0.0021674311719834805,0.0008349670097231865,1.1227467439312022e-05,9.006766049424186e-06,0.0008410790469497442,0.00046423973981291056,4.954219548380934e-05,0.00043069777893833816,0.015480021014809608,0.04667298123240471,0.0,0.022411532700061798,3.83769474865403e-05,0.2071351557970047,1.2005989447061438e-06,,,,,
806,0.019056931138038635,0.0001355227480704099,106.33652862999588,0.1364859640598297,0.002776595763862133,0.0008220359450206161,1.16416440505418e-05,9.466901246923953e-06,0.0009371981723234057,0.00046248530270531774,4.9551203119335696e-05,0.00043098407331854105,0.02155928499996662,0.008880951441824436,0.0,0.02498573809862137,3.769997420022264e-05,0.2072480320930481,1.426724111297517e-06,,,,,
807,0.016847824677824974,0.00013467045590094437,106.46691474801628,0.17596766352653503,0.0019558225758373737,0.0007409899262711406,9.785787369764876e-06,1.3505648894351907e-05,0.0007617335068061948,0.00046213847235776484,4.949621870764531e-05,0.0004313323588576168,0.005013341084122658,0.021054193377494812,0.0,0.013992974534630775,0.00013782468158751726,0.2073652595281601,1.406918045177008e-06,,,,,
808,0.01612762175500393,0.00013382201612649664,106.59942785999738,0.14052024483680725,0.0019919387996196747,0.0007151708705350757,9.682387826615013e-06,1.0855270375031978e-05,0.0007456023013219237,0.00046033505350351334,4.9416070396546274e-05,0.00043036649003624916,0.003024363424628973,0.018477054312825203,0.0,0.013847695663571358,5.150535434950143e-05,0.20747819542884827,6.735821216352633e-07,,,,,
809,0.01727142557501793,0.00013297743712082489,106.73346723796567,0.1277393400669098,0.0021703261882066727,0.0008377110352739692,9.863115337793715e-06,8.542971045244485e-06,0.0006079028244130313,0.00045856033102609217,4.9205318646272644e-05,0.00042889235191978514,0.007526388857513666,0.018107960000634193,0.0,0.021612338721752167,3.944427953683771e-05,0.20758593082427979,2.0200200196995866e-06,,,,,
810,0.01878512091934681,0.00013213672721958288,106.86277469299966,0.1280348151922226,0.0023076192010194063,0.0007699720445089042,1.2020088433928322e-05,1.0782465324155055e-05,0.0008520116098225117,0.0004587363509926945,4.897202961728908e-05,0.0004277757543604821,0.019986851140856743,0.019898325204849243,0.0,0.022962601855397224,7.224565342767164e-05,0.20769110321998596,1.6661114159433055e-06,,,,,
811,0.018135184422135353,0.0001312998947202378,106.99384058901342,0.13714002072811127,0.002007147064432502,0.0008291898993775249,1.585653080837801e-05,1.0714633390307426e-05,0.0007117452914826572,0.0004610970208887011,4.868210817221552e-05,0.0004280625144019723,0.0079325707629323,0.026009006425738335,0.0,0.01585265062749386,0.00011683445336529985,0.20779629051685333,1.8950054254673887e-06,,,,,
812,0.016150349751114845,0.00013046694788198873,107.12430953601142,0.3062109351158142,0.0019250933546572924,0.0007288237102329731,1.4411773008760065e-05,9.727616998134181e-06,0.0008133423398248851,0.00046269522863440216,4.844000068260357e-05,0.00042883417336270213,0.016134753823280334,0.008412099443376064,0.0,0.01420416310429573,6.586941162822768e-05,0.2078971564769745,5.241359417595959e-07,,,,,
813,0.018342437222599983,0.00012963789492568466,107.26066965900827,0.15215744078159332,0.001985075417906046,0.000774863176047802,1.1466725482023321e-05,9.736989341035951e-06,0.0008870602468959987,0.00045862371916882694,4.821732363780029e-05,0.00042772770393639803,0.011574695818126202,0.0228336863219738,0.0,0.016661563888192177,0.00023984740255400538,0.2079954445362091,2.781426076126081e-07,,,,,
814,0.018307993188500404,0.00012881274403374332,107.39545724896016,0.07776731252670288,0.0022226457949727774,0.0008955574594438076,1.0283491974405479e-05,1.0126454071723856e-05,0.0007513958844356239,0.00045402959221974015,4.786554927704856e-05,0.00042693165596574545,0.006631230935454369,0.02121340110898018,0.0,0.015310034155845642,4.0961756894830614e-05,0.20809201896190643,3.1683473480370594e-06,,,,,
815,0.020777931436896324,0.00012799150335007136,107.52807826799108,0.4377903938293457,0.0022858064621686935,0.0008401579107157886,9.720008165459149e-06,8.232431355281733e-06,0.0007325921906158328,0.0004512548912316561,4.751878441311419e-05,0.000427611026680097,0.009119110181927681,0.04289758950471878,0.0,0.028128214180469513,6.709301669616252e-05,0.2081851214170456,6.446800853154855e-07,,,,,
816,0.01668916828930378,0.00012717418097998246,107.66443739598617,0.12368592619895935,0.002011552220210433,0.0007205120055004954,1.0694147022149991e-05,1.0611736797727644e-05,0.0008994870586320758,0.0004520749789662659,4.728998464997858e-05,0.00042655711877159774,0.011794677004218102,0.010479005053639412,0.0,0.0183431264013052,0.00010712214861996472,0.20828260481357574,2.1511068553081714e-06,,,,,
817,0.020286066457629204,0.0001263607849901185,107.79852782201488,0.1307806372642517,0.002582735847681761,0.0008016894571483135,1.2693746612058021e-05,1.0038066648121458e-05,0.000918511301279068,0.00045220935135148466,4.6937282604631037e-05,0.00042624876368790865,0.019074564799666405,0.029986605048179626,0.0,0.01884603127837181,5.735028753406368e-05,0.20837923884391785,1.7409211068297736e-06,,,,,
818,0.021581165492534637,0.00012555132340836948,107.9356983419857,0.2579496204853058,0.001902497955597937,0.0008893734193406999,1.2774431525031105e-05,8.703830644662958e-06,0.0010617183288559318,0.0004547201097011566,4.668073961511254e-05,0.0004270182107575238,0.0035540820099413395,0.03159534931182861,0.0,0.04401185363531113,0.0001250188215635717,0.2084750235080719,4.1519601268191764e-07,,,,,
819,0.019633304327726364,0.00012474580422379455,108.07023692596704,0.14342232048511505,0.002218762179836631,0.0008435477502644062,1.1622781130427029e-05,8.031452125578653e-06,0.000849397387355566,0.00046306545846164227,4.63505057268776e-05,0.00043068223749287426,0.0034982224460691214,0.025390107184648514,0.0,0.03661980852484703,6.651436706306413e-05,0.2085830271244049,1.0169483175559435e-06,,,,,
820,0.018692880868911743,0.00012394423538654263,108.20470132899936,0.35396653413772583,0.0020461820531636477,0.0008513543289154768,1.1260053724981844e-05,8.597931810072623e-06,0.0007667706813663244,0.0004703293088823557,4.6317451051436365e-05,0.0004349179507698864,0.008740316145122051,0.023968767374753952,0.0,0.024675793945789337,1.7318012396572158e-05,0.20869803428649902,2.83235704046092e-06,,,,,
821,0.017998501658439636,0.0001231466248077748,108.34001278801588,0.3891587555408478,0.0020948743913322687,0.0009215521859005094,1.2909498764201999e-05,1.0667115930118598e-05,0.0006072401884011924,0.00046761130215600133,4.636864105123095e-05,0.000432992703281343,0.011063190177083015,0.00980515405535698,0.0,0.0368075929582119,1.8572560293250717e-05,0.2088121920824051,1.4889366184434039e-07,,,,,
822,0.018322821706533432,0.00012235298035958526,108.4817231069901,0.045686665922403336,0.0019924927037209272,0.0009668587590567768,9.794031939236447e-06,1.0072577424580231e-05,0.0006196313188411295,0.0004570789751596749,4.646565139410086e-05,0.0004274794482626021,0.012437735684216022,0.012616949155926704,0.0,0.02791656367480755,0.00019200099632143974,0.20893074572086334,4.152369911025744e-06,,,,,
823,0.01895027980208397,0.00012156330987492448,108.62382611999055,0.33309078216552734,0.002135952701792121,0.000852708239108324,1.0114612450706773e-05,1.0625039976730477e-05,0.0007958770147524774,0.0004519758513197303,4.65635494037997e-05,0.00042679175385273993,0.025276416912674904,0.019864797592163086,0.0,0.014743098057806492,0.00018052180530503392,0.2090475857257843,1.5617411008861382e-06,,,,,
824,0.017672279849648476,0.00012077762114752125,108.76696913299384,0.5231457948684692,0.0018658932531252503,0.0009610799606889486,1.0312249287380837e-05,9.193756341119297e-06,0.0006087152869440615,0.0004512459854595363,4.658225952880457e-05,0.0004265349416527897,0.009777462109923363,0.01666300557553768,0.0,0.017365101724863052,3.363894938956946e-05,0.20915834605693817,2.1643936065629532e-07,,,,,
825,0.019558412954211235,0.00011999592193180604,108.90275855199434,0.3204561173915863,0.0020998965483158827,0.0011024466948583722,1.2273656466277316e-05,8.240515853685793e-06,0.0009755551582202315,0.00045600830344483256,4.671562055591494e-05,0.0004260412242729217,0.004591897130012512,0.007381861098110676,0.0,0.019779684022068977,0.0001334391999989748,0.20926566421985626,8.53128767630551e-07,7.073119104295307,9.11158968715703,1.322729474164593,0.9652591234173249,5.721298190218214
826,0.019295988604426384,0.00011921821994283457,109.0724085769616,0.4048055410385132,0.0019661602564156055,0.0008500301046296954,1.1153813829878345e-05,9.101910109166056e-06,0.0009645253885537386,0.00047125754645094275,4.71407147415448e-05,0.00043320326949469745,0.01085230614989996,0.024232003837823868,0.0,0.01916881650686264,5.393971150624566e-05,0.20937125384807587,1.032215891427768e-06,,,,,
827,0.01834610290825367,0.00011844452285621166,109.20511102699675,0.465961754322052,0.001892073662020266,0.0008234358392655849,1.5299759979825467e-05,9.802059139474295e-06,0.0007641212432645261,0.0004767540958710015,4.7598659875802696e-05,0.0004363073385320604,0.01833999529480934,0.017063632607460022,0.0,0.027230050414800644,6.210124411154538e-05,0.20947599411010742,4.860572744291858e-07,,,,,
828,0.018625088036060333,0.00011767483830801509,109.3409986369661,0.25603100657463074,0.002120640827342868,0.0008106784662231803,1.3545397450798191e-05,9.046908417076338e-06,0.0007434856961481273,0.00046694211778230965,4.815544525627047e-05,0.00043015123810619116,0.023472288623452187,0.018907513469457626,0.0,0.02489268220961094,2.4192195269279182e-05,0.2095833718776703,6.370805181177275e-07,,,,,
829,0.01975306309759617,0.00011690917389472043,109.47478542901808,0.18923713266849518,0.002028891583904624,0.0007703014416620135,1.1929305401281454e-05,1.0386694157205056e-05,0.0008892673067748547,0.0004554892657324672,4.8802314267959446e-05,0.00042526336619630456,0.004139741417020559,0.03555591404438019,0.0,0.026892056688666344,0.00021500846196431667,0.20969253778457642,1.1903544816505018e-07,,,,,
830,0.016725879162549973,0.00011614753717312668,109.60804327897495,0.41707006096839905,0.001975476508960128,0.0007159931119531393,9.658129783929326e-06,9.652025255491026e-06,0.0009259622311219573,0.000449996703537181,4.916922262054868e-05,0.0004248919722158462,0.008137973956763744,0.00994311273097992,0.0,0.024561896920204163,4.190201798337512e-05,0.20980261266231537,3.0268545287981397e-06,,,,,
831,0.01876755803823471,0.0001153899356602806,109.74100461200578,0.24022167921066284,0.002199700567871332,0.0009664468816481531,1.0049459888250567e-05,9.620748642191757e-06,0.000661926984321326,0.0004494159366004169,4.9309979658573866e-05,0.0004236233071424067,0.005153141915798187,0.019260751083493233,0.0,0.026480022817850113,3.4817181585822254e-05,0.20991270244121552,2.305085615716962e-07,,,,,
832,0.020246462896466255,0.00011463637683340301,109.87531943898648,0.14083252847194672,0.0018891547806560993,0.0009306620340794325,1.4421535524888895e-05,9.413073712494224e-06,0.0007051819702610373,0.00045113576925359666,4.9474074330646545e-05,0.00042204998317174613,0.016091207042336464,0.019363906234502792,0.0,0.051749177277088165,6.506812496809289e-05,0.21002282202243805,8.326005627168342e-06,,,,,
833,0.016305604949593544,0.00011388686812981586,110.00738826597808,0.19462531805038452,0.001954626990482211,0.00076465611346066,1.5424851881107315e-05,1.0916169230767991e-05,0.0007700606947764754,0.0004517708730418235,4.952456947648898e-05,0.0004213695356156677,0.004711314104497433,0.014723324216902256,0.0,0.00941404514014721,2.7874666557181627e-05,0.21014434099197388,0.0002319312479812652,,,,,
834,0.017034344375133514,0.00011314141694686715,110.1413785169716,0.20739100873470306,0.002264774404466152,0.0008006375283002853,1.3447660421661567e-05,1.0973168173222803e-05,0.0006643321248702705,0.00045372365275397897,4.966308188159019e-05,0.00042200167081318796,0.005255694035440683,0.02216021716594696,0.0,0.010278919711709023,1.1598329365369864e-05,0.21025539934635162,2.4347255589418637e-07,,,,,
835,0.018938908353447914,0.00011240003064185916,110.27473032497801,0.08766262233257294,0.0022781607694923878,0.000887763686478138,1.2022919690934941e-05,8.990619789983612e-06,0.000970342371147126,0.0004525488766375929,4.9828740884549916e-05,0.0004221454437356442,0.024866798892617226,0.011599279940128326,0.0,0.011483129113912582,3.123360511381179e-05,0.21035686135292053,4.440856571363838e-07,,,,,
836,0.017929280176758766,0.00011166271653197525,110.40583081997465,0.13977079093456268,0.0021572646219283342,0.0007981317467056215,9.755888640938792e-06,1.1786443792516366e-05,0.0008502085693180561,0.000452279084129259,5.009395317756571e-05,0.00042255347943864763,0.004302519373595715,0.015358025208115578,0.0,0.029702262952923775,7.24356941645965e-05,0.21045222878456116,1.1671645552269183e-06,,,,,
837,0.019774075597524643,0.00011092948189420829,110.53761856298661,0.2316426783800125,0.002143674995750189,0.0008770502172410488,9.456391126150265e-06,1.2855203749495558e-05,0.0009941712487488985,0.00045087526086717844,5.011168104829267e-05,0.0004225623852107674,0.010551594197750092,0.018227407708764076,0.0,0.02955053001642227,0.0001265715982299298,0.2105528712272644,1.2331890957284486e-06,,,,,
838,0.02059757523238659,0.00011020033396528789,110.67139560298529,0.12985223531723022,0.002166989492252469,0.0008348138071596622,9.768929885467514e-06,1.0646660484781023e-05,0.0011225786292925477,0.00045138559653423727,5.0115973863285035e-05,0.0004221384588163346,0.006704563274979591,0.025463268160820007,0.0,0.03242770582437515,9.49157983995974e-05,0.2106570303440094,8.837568543640373e-07,,,,,
839,0.018969669938087463,0.00010947527994160992,110.80430698697455,0.1346808522939682,0.0020827732514590025,0.0007409495301544666,1.0894471415667795e-05,8.615020306024235e-06,0.0008789071580395103,0.00045161458547227085,5.0064685638062656e-05,0.00042127183405682445,0.0255615022033453,0.025666601955890656,0.0,0.01570400595664978,0.0001606025907676667,0.2107638418674469,8.556620514355018e-07,,,,,
840,0.019863665103912354,0.00010875432697916476,110.94123595597921,0.04909197986125946,0.0024659268092364073,0.0008710636757314205,1.3479622793965973e-05,1.0537522030062973e-05,0.0007340630982071161,0.0004501191433519125,4.998246731702238e-05,0.0004199212125968188,0.01744205877184868,0.025938067585229874,0.0,0.02456779032945633,0.00010682784341042861,0.21086718142032623,9.056492444869946e-07,,,,,
841,0.016438333317637444,0.00010803748219346721,111.07470684900181,0.1721133142709732,0.0019863515626639128,0.0007066777907311916,1.5192788850981742e-05,9.98578434519004e-06,0.000698523479513824,0.00044899206841364503,5.0010523409582675e-05,0.0004187904123682529,0.006126051768660545,0.022718064486980438,0.0,0.013942495919764042,2.928227695520036e-05,0.21096879243850708,1.5210298442980275e-06,,,,,
842,0.017814552411437035,0.00010732475265948582,111.21217701799469,0.18102341890335083,0.0019742255099117756,0.0007538842037320137,1.4786701285629533e-05,1.0443399332871195e-05,0.0008543962612748146,0.0004476304166018963,5.001723184250295e-05,0.00041826925007626414,0.014519762247800827,0.011718124151229858,0.0,0.031846217811107635,0.0002042369160335511,0.21106429398059845,1.984555183298653e-06,,,,,
843,0.018786590546369553,0.00010661614541157327,111.343634912977,0.1464545875787735,0.002162523567676544,0.0009053188841789961,1.3080907592666335e-05,1.0774911061162129e-05,0.0008016233332455158,0.0004466161481104791,4.996445932192728e-05,0.0004185792349744588,0.013854469172656536,0.008915613405406475,0.0,0.0377252995967865,2.3124368453864008e-05,0.2111615687608719,1.5934123211991391e-06,,,,,
844,0.01851959154009819,0.00010591166744339711,111.4751015889924,0.0691947191953659,0.00230122241191566,0.0007100114016793668,1.0712697076087352e-05,9.137664164882153e-06,0.0008839768706820905,0.00044768067891709507,4.98484332638327e-05,0.00041950380546040833,0.021538564935326576,0.023776600137352943,0.0,0.015610286965966225,0.00012063890608260408,0.21126413345336914,4.006816652690759e-06,,,,,
845,0.019287051633000374,0.00010521132570787058,111.60916306596482,0.13451918959617615,0.0019364140462130308,0.0009103071643039584,1.311746018473059e-05,1.0049156117020175e-05,0.0007174086640588939,0.000449077197117731,4.961704325978644e-05,0.00042024708818644285,0.014517517760396004,0.013509437441825867,0.0,0.04596371203660965,0.00014230988745111972,0.21136057376861572,3.3842525226646103e-06,,,,,
846,0.017732933163642883,0.00010451512711708378,111.73904689599294,0.1625930517911911,0.0021840431727468967,0.0008909919997677207,1.0319951798010152e-05,7.970504157128744e-06,0.0006290191086009145,0.0004489475686568767,4.924150198348798e-05,0.0004203651042189449,0.019825881347060204,0.012265746481716633,0.0,0.020350832492113113,4.032322613056749e-05,0.211464062333107,3.7346721910580527e-06,,,,,
847,0.01717960275709629,0.00010382307854223562,111.87446460098727,0.13603448867797852,0.0018334602937102318,0.0006729491287842393,1.0891286365222186e-05,1.0198369636782445e-05,0.0009292772738263011,0.0004503185045905411,4.8646375944372267e-05,0.0004203998832963407,0.017463499680161476,0.01632882095873356,0.0,0.02151722088456154,1.221620368596632e-05,0.2115640640258789,9.442679811400012e-07,,,,,
848,0.02016284316778183,0.00010313518681356635,112.00631296797656,0.07329036295413971,0.0019019916653633118,0.0009376275702379644,1.0569088772172108e-05,9.467190466239117e-06,0.0007348178769461811,0.0004529785073827952,4.8153797251870856e-05,0.0004208918253425509,0.021072961390018463,0.027445387095212936,0.0,0.026636140421032906,4.790162347489968e-05,0.21166233718395233,1.362394641546416e-06,,,,,
849,0.021707748994231224,0.00010245145872028952,112.13778536900645,0.19179920852184296,0.0018577934242784977,0.0008310656412504613,1.1305335647193715e-05,8.211917702283245e-06,0.0008107157191261649,0.00045471356133930385,4.777223148266785e-05,0.00042146421037614346,0.002454642206430435,0.06199146807193756,0.0,0.018407747149467468,7.777834252920002e-05,0.21176062524318695,1.5119462659640703e-06,,,,,
850,0.017693547531962395,0.00010177190101052528,112.26830459298799,0.13942259550094604,0.002054462442174554,0.0009114377899095416,1.3055192539468408e-05,9.393613254360389e-06,0.000607720052357763,0.0004529632569756359,4.745122350868769e-05,0.00042074095108546317,0.005767273250967264,0.021774716675281525,0.0,0.015583225525915623,1.2315947969909757e-05,0.2118554264307022,1.1272418305452447e-06,6.830049763829265,8.839576952804462,1.3211526005717882,0.9164802796747693,5.387892681551665
851,0.016678975895047188,0.00010109652039123391,112.4461579810013,0.1037163957953453,0.002128383843228221,0.0007383725605905056,1.2449760106392205e-05,9.395109373144805e-06,0.0006664824904873967,0.00045019094250164926,4.731375884148292e-05,0.0004200250841677189,0.01609932817518711,0.015775714069604874,0.0,0.01718219369649887,9.123038762481883e-05,0.21194322407245636,8.419838195550255e-07,,,,,
852,0.021485796198248863,0.00010042532352814968,112.57773853698745,0.07494795322418213,0.0020755883306264877,0.0007746609626337886,1.1811642252723686e-05,9.011608199216425e-06,0.0009554536081850529,0.0004468865809030831,4.719052230939269e-05,0.0004196730733383447,0.017243536189198494,0.04545404762029648,0.0,0.02622709982097149,4.595529389916919e-05,0.2120284140110016,9.300994747718505e-07,,,,,
853,0.017497330904006958,9.975831704571447e-05,112.7078443269711,0.4158085882663727,0.0020023335237056017,0.0008991516078822315,1.224169955094112e-05,9.500442502030637e-06,0.0008779516210779548,0.00044487245031632483,4.702173828263767e-05,0.00042043376015499234,0.006408874411135912,0.008569036610424519,0.0,0.018918653950095177,3.548627864802256e-05,0.212113618850708,8.44771648189635e-07,,,,,
854,0.018149323761463165,9.909550752701293e-05,112.8415394059848,0.25884702801704407,0.001915001543238759,0.0007023231592029333,1.1067972081946209e-05,8.956456440500915e-06,0.0007327941129915416,0.00044654705561697483,4.6953144192229956e-05,0.00042071929783560336,0.010276101529598236,0.027536746114492416,0.0,0.03153814747929573,0.00022162540699355304,0.21219532191753387,2.0458921881072456e-06,,,,,
855,0.016797088086605072,9.843690151370759e-05,112.97583868697984,0.23682571947574615,0.002322660991922021,0.0008809956489130855,9.894395589071792e-06,8.936563972383738e-06,0.000492833845783025,0.0004522161325439811,4.6855649998178706e-05,0.0004225012380629778,0.009643013589084148,0.01599099673330784,0.0,0.01444287784397602,3.0608011002186686e-05,0.2122787982225418,2.543671826060745e-06,,,,,
856,0.018656674772500992,9.77825055059737e-05,113.105794358009,0.14285847544670105,0.0020669095683842897,0.0008654288249090314,1.0868005119846202e-05,9.699940164864529e-06,0.0009715419146232307,0.00045502520515583456,4.673742296290584e-05,0.0004241911810822785,0.017900096252560616,0.008392252027988434,0.0,0.025035833939909935,0.00014810998982284218,0.21235965192317963,2.1869627744308673e-06,,,,,
857,0.01769176684319973,9.713232596243588e-05,113.23804728896357,0.3533284068107605,0.0021652928553521633,0.0007768720388412476,1.186655936180614e-05,9.976915862353053e-06,0.0007150370511226356,0.0004600376996677369,4.6718138037249446e-05,0.0004268277552910149,0.013514762744307518,0.01333298347890377,0.0,0.03331796079874039,0.00010435956210130826,0.21243788301944733,2.7092795562566607e-07,,,,,
858,0.01797577738761902,9.648636930010361e-05,113.36843783699442,0.1618071347475052,0.0021086176857352257,0.0008825502591207623,1.140132917498704e-05,8.634699042886496e-06,0.0006955696735531092,0.00045746026444248855,4.676844400819391e-05,0.0004253423830959946,0.004879854153841734,0.017184395343065262,0.0,0.02627139538526535,0.0001020519994199276,0.21251964569091797,2.5560458993822976e-07,,,,,
859,0.018219204619526863,9.584464189430842e-05,113.50036495301174,0.308330237865448,0.0019422865007072687,0.0008301173220388591,1.1148057637910824e-05,9.837180186877958e-06,0.0007654516957700253,0.0004530683800112456,4.695098687079735e-05,0.0004229048499837518,0.012160103768110275,0.016792215406894684,0.0,0.03199854865670204,4.232259379932657e-05,0.21260231733322144,7.845523555261025e-07,,,,,
860,0.02071143314242363,9.520715007864077e-05,113.6339499449823,0.24889864027500153,0.0018848009640350938,0.0009027911582961679,1.1089383406215347e-05,9.078618859348353e-06,0.001029309001751244,0.0004464176017791033,4.7082376113394275e-05,0.00042096825200133026,0.02318018302321434,0.01888296753168106,0.0,0.035628125071525574,3.5339282476343215e-05,0.21268586814403534,3.0534092729794793e-06,,,,,
861,0.01705487258732319,9.457390014488737e-05,113.76587111596018,0.3785947561264038,0.0020044217817485332,0.0008084233850240707,1.240281380887609e-05,8.860943125910126e-06,0.0006518000736832619,0.00044470102875493467,4.724780592368916e-05,0.0004210606566630304,0.021682046353816986,0.012435780838131905,0.0,0.01724877953529358,0.00015003830776549876,0.21277296543121338,6.294201284617884e-06,,,,,
862,0.01677277684211731,9.39448983429694e-05,113.89865772100165,0.12075614184141159,0.0023198144044727087,0.0008023305563256145,1.180609888251638e-05,9.195484381052665e-06,0.0005854865303263068,0.00044599873945116997,4.7362915211124346e-05,0.0004202525014989078,0.001122443936765194,0.017931975424289703,0.0,0.021485038101673126,0.00013944254897069186,0.21285566687583923,3.5440550050225283e-07,,,,,
863,0.019585007801651955,9.33201508808809e-05,114.02990427199984,0.11871270835399628,0.00230709882453084,0.0007181507535278797,1.2507487554103136e-05,8.893641279428266e-06,0.0011149905622005463,0.0004486113612074405,4.743259341921657e-05,0.0004199596296530217,0.00444858567789197,0.032212112098932266,0.0,0.016867592930793762,0.0001466316170990467,0.21293751895427704,6.723962542309891e-07,,,,,
864,0.01875471882522106,9.269966392462704e-05,114.15981667098822,0.07922694087028503,0.0020918133668601513,0.0010110109578818083,1.169171719084261e-05,1.0464827937539667e-05,0.0006855615647509694,0.00045032770140096545,4.75544438813813e-05,0.00042021009721793234,0.005093893501907587,0.011170531623065472,0.0,0.035267021507024765,4.5405475248117e-05,0.21301673352718353,8.655774195176491e-07,,,,,
865,0.017897896468639374,9.208344359816346e-05,114.29482972598635,0.3096711337566376,0.002484482480213046,0.0006418109405785799,1.3643330021295696e-05,8.486713340971619e-06,0.0008804926183074713,0.00045151670929044485,4.772878673975356e-05,0.00042056251550093293,0.011416930705308914,0.025291958823800087,0.0,0.018561704084277153,7.183988782344386e-05,0.21310125291347504,1.1391131238269736e-06,,,,,
866,0.01815066486597061,9.147149598333617e-05,114.42630813096184,0.1320600062608719,0.0021054043900221586,0.0007022902718745172,9.394897460879292e-06,1.0476148418092635e-05,0.0006944815977476537,0.0004489698330871761,4.7887981054373085e-05,0.00041999382665380836,0.0062145693227648735,0.03665802255272865,0.0,0.020063340663909912,3.993348582298495e-05,0.2131805121898651,6.834914074715925e-07,,,,,
867,0.020586060360074043,9.086382711982096e-05,114.55855948996032,0.1566745638847351,0.001905095181427896,0.0008889377932064235,1.072524355549831e-05,1.1087469829362817e-05,0.0008550946367904544,0.0004460057825781405,4.802096009370871e-05,0.0004201537522021681,0.03104819543659687,0.02196086011826992,0.0,0.03268375247716904,0.00011773262667702511,0.21325625479221344,4.756072485179175e-06,,,,,
868,0.01822713389992714,9.026044300506416e-05,114.69105375098297,0.3608003556728363,0.0018921298906207085,0.0008047296432778239,1.0976730663969647e-05,1.0709749403758906e-05,0.001094885985367,0.00044401310151442885,4.8079371481435373e-05,0.0004205681325402111,0.006784087046980858,0.019250161945819855,0.0,0.01146654598414898,3.850035136565566e-05,0.21333464980125427,1.4199007409843034e-06,,,,,
869,0.016958152875304222,8.966134959422344e-05,114.82429651496932,0.23265138268470764,0.0021984458435326815,0.0008901082910597324,9.213925295625813e-06,8.862734830472618e-06,0.000725072342902422,0.00044457134208641946,4.792659092345275e-05,0.00041957959183491766,0.005843520164489746,0.008894401602447033,0.0,0.01833505928516388,3.752621341845952e-05,0.21340689063072205,9.118083426074008e-07,,,,,
870,0.01800103299319744,8.906655280010894e-05,114.95443722896744,0.05677025020122528,0.001839382923208177,0.0008427789434790611,1.2193246220704168e-05,8.925198017095681e-06,0.0007538173231296241,0.0004477481415960938,4.763991091749631e-05,0.0004192092746961862,0.015495634637773037,0.016229404136538506,0.0,0.02603890933096409,6.006594776408747e-05,0.21347562968730927,9.43867507885443e-06,,,,,
871,0.019814493134617805,8.84760584931249e-05,115.0870355819934,0.1447616070508957,0.0019878826569765806,0.0009031590889208019,1.3117074558977038e-05,1.0341025699744932e-05,0.0008159002172760665,0.0004526181728579104,4.735168840852566e-05,0.000420639815274626,0.0023567017633467913,0.027386870235204697,0.0,0.035828087478876114,2.0923607735312544e-05,0.21354524791240692,7.290952339644718e-07,,,,,
872,0.01783681847155094,8.788987250121166e-05,115.22126066300552,0.2100558578968048,0.002172181848436594,0.0009189328993670642,1.2852483450842556e-05,9.954175766324624e-06,0.0006653373129665852,0.0004563436086755246,4.723362508229911e-05,0.0004224057774990797,0.005078995134681463,0.019893594086170197,0.0,0.014569958671927452,8.311103556479793e-06,0.21361665427684784,1.9004571072400722e-07,,,,,
873,0.015915807336568832,8.730800060978826e-05,115.351800385979,0.33658283948898315,0.001867536804638803,0.0007437135791406035,1.42913922900334e-05,9.891085028357338e-06,0.0006679983343929052,0.0004568443400785327,4.735244147013873e-05,0.0004226869496051222,0.018230097368359566,0.003650334198027849,0.0,0.028442777693271637,3.794383519561961e-05,0.21368364989757538,1.851171305133903e-06,,,,,
874,0.01986893080174923,8.673044856169541e-05,115.48306619096547,0.23142819106578827,0.0018707618582993746,0.0009032529196701944,1.3029799447394907e-05,9.346294973511249e-06,0.0007755939150229096,0.00045164639595896006,4.7465091483900324e-05,0.00042022179695777595,0.010768554173409939,0.03147745132446289,0.0,0.02302882820367813,0.0001709889475023374,0.21375331282615662,5.266648258839268e-06,,,,,
875,0.018197661265730858,8.615722205713879e-05,115.61553497397108,0.07663580775260925,0.0020282003097236156,0.0008262869669124484,1.0417405974294525e-05,8.68284041644074e-06,0.000928236055187881,0.0004452144494280219,4.7573630581609905e-05,0.00041843249346129596,0.006856841500848532,0.0181574746966362,0.0,0.017830997705459595,0.0001876343449112028,0.21382299065589905,5.941154768152046e-07,6.666362778384161,8.644960896761797,1.3053443435685879,1.1561558674888162,5.174027718945314
876,0.0191020704805851,8.558832675363237e-05,115.79140651097987,0.3682122230529785,0.0019468005048111081,0.0007449391996487975,1.1459362212917767e-05,1.0124458640348166e-05,0.0011347562540322542,0.0004420009208843112,4.761477612191811e-05,0.00041895959293469787,0.010047709569334984,0.024215273559093475,0.0,0.02035287767648697,8.670734678162262e-05,0.2138908952474594,6.69043515699741e-07,,,,,
877,0.015767231583595276,8.502376826594335e-05,115.92356047697831,0.2621169686317444,0.0019859906751662493,0.0007377746514976025,1.0728052075137384e-05,1.0035748346126638e-05,0.0008788809063844383,0.0004415614530444145,4.767723294207826e-05,0.0004187538579571992,0.006123565137386322,0.005144946277141571,0.0,0.017765725031495094,3.437479244894348e-05,0.21395795047283173,1.1880633792316075e-06,,,,,
878,0.018132660537958145,8.446355216603588e-05,116.05687432998093,0.3116433322429657,0.0017866614507511258,0.0008865064010024071,9.15309828997124e-06,1.0876670785364695e-05,0.0007590614259243011,0.00044275078107602894,4.7645746235502884e-05,0.000417658215155825,0.02036445215344429,0.011932706460356712,0.0,0.02440510131418705,0.00017360548372380435,0.21402323246002197,7.531172059316305e-07,,,,,
879,0.01802249439060688,8.390768398301685e-05,116.18644953297917,0.1203356683254242,0.001803155872039497,0.0008955922676250339,1.0046946954389568e-05,9.085608326131478e-06,0.0008905581198632717,0.00044824849464930594,4.754499241244048e-05,0.0004180373507551849,0.01094517856836319,0.006124901585280895,0.0,0.03258870542049408,8.880313544068485e-05,0.2140885442495346,9.47086732594471e-07,,,,,
880,0.01977081224322319,8.335616920308054e-05,116.31687049596803,0.28902047872543335,0.002009238349273801,0.0009247954003512859,1.1543264918145724e-05,9.210231837641913e-06,0.0010809742379933596,0.0004551008460111916,4.760010779136792e-05,0.0004209054459352046,0.014867481775581837,0.012275535613298416,0.0,0.026979748159646988,6.878191197756678e-05,0.21415914595127106,9.08449351300078e-07,,,,,
881,0.018059756606817245,8.28090132694555e-05,116.44938061700668,0.5292983651161194,0.0021399324759840965,0.0008742819773033261,1.1669913874357007e-05,9.687080819276161e-06,0.0008508495520800352,0.0004570954479277134,4.775590423378162e-05,0.00042174968984909356,0.005602177232503891,0.01790395937860012,0.0,0.01435546763241291,6.47055494482629e-05,0.21423065662384033,6.134498107712716e-06,,,,,
882,0.020191889256238937,8.226622158234977e-05,116.58119118399918,0.08867674320936203,0.0021102544851601124,0.0007909393752925098,1.1391569387342315e-05,9.117118679569103e-06,0.0008546333992853761,0.0004493954766076058,4.797849396709353e-05,0.0004180301621090621,0.011423487216234207,0.041773583739995956,0.0,0.015677019953727722,0.00016819365555420518,0.21429775655269623,9.891639365378069e-07,,,,,
883,0.02001156285405159,8.172779949889824e-05,116.71141007600818,0.23003283143043518,0.0018494564574211836,0.0009470925433561206,1.2075989616278093e-05,9.900686563923955e-06,0.001126496004872024,0.00044524454278871417,4.8113193770404905e-05,0.0004167468287050724,0.024983901530504227,0.012208221480250359,0.0,0.01894759200513363,2.2333526430884376e-05,0.21436132490634918,4.1208539869330707e-07,,,,,
884,0.019215837121009827,8.119375233310927e-05,116.84410835697781,0.14807286858558655,0.0018234512535855174,0.0009046790655702353,1.0429652320453897e-05,9.777313607628457e-06,0.0009689443977549672,0.00044421927304938436,4.829011595575139e-05,0.00041632296051830053,0.00610518641769886,0.019492976367473602,0.0,0.026909256353974342,5.7625995395937935e-05,0.21442227065563202,1.050302216754062e-06,,,,,
885,0.017415445297956467,8.066408535581303e-05,116.97583671996836,0.0842665508389473,0.00223520421423018,0.0009143357165157795,1.1957587958022486e-05,1.0496831237105653e-05,0.0006223944365046918,0.00044184766011312604,4.844059731112793e-05,0.00041567807784304023,0.003189312294125557,0.01242540031671524,0.0,0.026449451223015785,1.190198145195609e-05,0.2144840955734253,1.1109189017588506e-06,,,,,
886,0.016836946830153465,8.013880379460866e-05,117.10916258196812,0.1723499447107315,0.0019766741897910833,0.0008192590321414173,1.0339788786950521e-05,9.776731531019323e-06,0.0005276346346363425,0.00044064628309570253,4.855249426327646e-05,0.0004152508336119354,0.005384664051234722,0.016796454787254333,0.0,0.02698497846722603,0.0002840933739207685,0.21454593539237976,4.1085610291702324e-07,,,,,
887,0.018541352823376656,7.961791283381301e-05,117.24044922401663,0.20657183229923248,0.0017443570541217923,0.0008622370660305023,1.0278268746333197e-05,9.107288860832341e-06,0.00072658178396523,0.0004405255021993071,4.84593583678361e-05,0.00041438580956310034,0.003880331525579095,0.02543841488659382,0.0,0.032303810119628906,3.6257180909160525e-05,0.21460866928100586,5.874969701835653e-07,,,,,
888,0.015790721401572227,7.910141761440981e-05,117.37089984497288,0.20251651108264923,0.0021332772448658943,0.0007331104716286063,1.2083865840395447e-05,9.21727860259125e-06,0.0006545027135871351,0.0004427364910952747,4.8338104534195736e-05,0.0004138567892368883,0.010720441117882729,0.005503502208739519,0.0,0.02898857556283474,1.4090373042563442e-05,0.21467405557632446,4.0693211644793337e-07,,,,,
889,0.017019519582390785,7.858932323399816e-05,117.50240825396031,0.14822585880756378,0.00172580243088305,0.0008519447292201221,1.4639021173934452e-05,1.0026435120380484e-05,0.0007762077148072422,0.00044325896305963397,4.818062370759435e-05,0.0004135861818213016,0.010641559958457947,0.011372387409210205,0.0,0.02026536501944065,3.298056617495604e-05,0.2147403359413147,8.727672025088395e-07,,,,,
890,0.018345177173614502,7.808163474674296e-05,117.63466698501725,0.13699479401111603,0.002028561197221279,0.000803357339464128,1.3057062460575253e-05,1.0327339623472653e-05,0.000912309333216399,0.00044492981396615505,4.812774568563327e-05,0.0004140199162065983,0.006065818946808577,0.01530034001916647,0.0,0.034522123634815216,3.225627733627334e-05,0.21480752527713776,1.0057601684820838e-06,,,,,
891,0.017693135887384415,7.757835716332449e-05,117.769309056981,0.2077222615480423,0.0019172097090631723,0.0008411115850321949,9.995071195589844e-06,1.0133287105418276e-05,0.0008550318889319897,0.00044600144610740244,4.811417602468282e-05,0.0004145945713389665,0.009274827316403389,0.014234157279133797,0.0,0.01896679401397705,0.00017263772315345705,0.21487559378147125,2.7929741008847486e-07,,,,,
892,0.016816651448607445,7.707949545088935e-05,117.90254522900796,0.10627881437540054,0.0018172409618273377,0.0007513836026191711,1.2457937373255845e-05,1.0823818229255266e-05,0.000703777652233839,0.0004444832156877965,4.811883991351351e-05,0.0004144473350606859,0.012357281520962715,0.014215510338544846,0.0,0.027225565165281296,0.0001220863196067512,0.21494190394878387,3.641347120719729e-06,,,,,
893,0.0183581355959177,7.65850545330014e-05,118.03591486101504,0.116744264960289,0.0018923080060631037,0.0009344790014438331,9.30176793190185e-06,1.078368404705543e-05,0.0008058133535087109,0.00044279760913923383,4.8143640015041456e-05,0.00041473956662230194,0.005938293877989054,0.015656035393476486,0.0,0.024011671543121338,9.039977157954127e-05,0.21501000225543976,8.665460313750373e-07,,,,,
894,0.017722513526678085,7.609503928959276e-05,118.1695324429893,0.27884021401405334,0.002238958142697811,0.0006526498473249376,9.638589290261734e-06,1.2759343007928692e-05,0.0010595680214464664,0.0004416708252392709,4.799436283065006e-05,0.00041506747948005795,0.004989702720195055,0.013110121712088585,0.0,0.03618331253528595,2.1119289158377796e-05,0.2150772213935852,8.247855021181749e-07,,,,,
895,0.017965195700526237,7.560945455691598e-05,118.30292966397246,0.2432335913181305,0.001967113232240081,0.0007203012937679887,9.84224971034564e-06,1.1323476428515278e-05,0.0008998426492325962,0.0004422652127686888,4.777615322382189e-05,0.00041485551628284156,0.0207211896777153,0.012939129024744034,0.0,0.03108726628124714,0.00013124207907821983,0.21514800190925598,1.915923348860815e-06,,,,,
896,0.017449626699090004,7.512830512749649e-05,118.43639415199868,0.22358438372612,0.0022382920142263174,0.000823291833512485,1.0574701263976749e-05,1.014269764709752e-05,0.0006091358372941613,0.0004447723913472146,4.7521556552965194e-05,0.00041486669215373695,0.003839094191789627,0.016529925167560577,0.0,0.028725070878863335,0.00028120906790718436,0.21522143483161926,9.158353350358084e-06,,,,,
897,0.01758609153330326,7.465159575008484e-05,118.5712344609783,0.06831133365631104,0.002009204588830471,0.0007645115256309509,1.0875299267354421e-05,1.076776061381679e-05,0.0008628680370748043,0.0004453679721336812,4.718082709587179e-05,0.0004144187259953469,0.007097105961292982,0.02239455282688141,0.0,0.013921499252319336,9.448730270378292e-05,0.21529488265514374,1.3448982372210594e-06,,,,,
898,0.016545021906495094,7.417933112961001e-05,118.70658395200735,0.25671878457069397,0.0019124483224004507,0.0008796851616352797,1.5750030797789805e-05,9.703549949335866e-06,0.0006285234703682363,0.00044545435230247676,4.696995529229753e-05,0.000413893983932212,0.007604700513184071,0.009778579697012901,0.0,0.014317626133561134,0.00010272722283843905,0.2153630256652832,0.0002460016985423863,,,,,
899,0.020835252478718758,7.37115159271334e-05,118.83912118698936,0.13844895362854004,0.002244184957817197,0.0008101137354969978,1.6306537872878835e-05,9.196426617563702e-06,0.0009008379420265555,0.0004431017441675067,4.675399395637214e-05,0.00041275209514424205,0.0070473612286150455,0.03775668144226074,0.0,0.03298167884349823,7.95077285147272e-05,0.21542677283287048,4.777187996296561e-07,,,,,
900,0.023518240079283714,7.324815475980207e-05,118.97276130499085,0.13939820230007172,0.00225122575648129,0.0009269629954360425,1.0449432011228055e-05,1.1589794667088427e-05,0.0011112005449831486,0.0004406609805300832,4.6699311496922746e-05,0.00041198721737600863,0.02404366061091423,0.02905227057635784,0.0,0.05309254303574562,3.56336786353495e-05,0.21549582481384277,6.590162229258567e-07,6.662640562148257,8.652550433385679,1.3242425638017232,0.8925740395472153,5.153125813041896
901,0.017305154353380203,7.278925220080365e-05,119.15417267201701,0.12036675214767456,0.0018259825883433223,0.0008526567253284156,1.0508588275115471e-05,8.813993190415204e-06,0.0006613825680688024,0.0004378652374725789,4.669828194892034e-05,0.0004118320648558438,0.014364435337483883,0.016116032376885414,0.0,0.021196594461798668,4.659056867239997e-05,0.21557198464870453,9.68991457739321e-07,,,,,
902,0.0192300695925951,7.23348127793211e-05,119.28548662300454,0.4377017021179199,0.002086614491418004,0.0007762267487123609,1.033882927004015e-05,9.263681931770407e-06,0.0010976199992001057,0.0004363331536296755,4.6721554099349305e-05,0.0004125671403016895,0.013783810660243034,0.018195347860455513,0.0,0.022133704274892807,6.965101056266576e-05,0.21564549207687378,0.0002814132603816688,,,,,
903,0.018387461081147194,7.188484098048812e-05,119.4188063009642,0.0988139733672142,0.0021045501343905926,0.0007797411526553333,1.2434453310561366e-05,8.459729542664718e-06,0.0009311748435720801,0.00043779800762422383,4.6837063564453274e-05,0.00041275916737504303,0.007279606070369482,0.01912340149283409,0.0,0.01963759958744049,0.00023768329992890358,0.21571634709835052,0.00023025390692055225,,,,,
904,0.017998088151216507,7.143934124534461e-05,119.5540122090024,0.2589777112007141,0.0023236554116010666,0.0007352115935645998,1.0137293429579586e-05,1.066591630660696e-05,0.0007824545609764755,0.0004405509680509567,4.689137858804315e-05,0.0004137239302508533,0.003593665547668934,0.02092781290411949,0.0,0.033380456268787384,0.00011844647087855265,0.21578456461429596,1.7097220279538305e-06,,,,,
905,0.017850901931524277,7.099831797079321e-05,119.68584110797383,0.5099875330924988,0.001711039338260889,0.0007279325509443879,1.0744165592768695e-05,1.2548548511404078e-05,0.0006877369014546275,0.000446429563453421,4.688535409513861e-05,0.00041592869092710316,0.014733022078871727,0.027464602142572403,0.0,0.026933318004012108,9.216774196829647e-05,0.2158554494380951,1.1570875813049497e-06,,,,,
906,0.01940757967531681,7.05617755095555e-05,119.81683744600741,0.2409232258796692,0.001941318390890956,0.0008815804030746222,9.775990292837378e-06,1.13300029624952e-05,0.0007515269098803401,0.00044588479795493186,4.6745808504056185e-05,0.0004157262737862766,0.039067015051841736,0.014240304939448833,0.0,0.023563193157315254,0.00023402478836942464,0.21592634916305542,2.778631937871978e-07,,,,,
907,0.01636296883225441,7.012971817012945e-05,119.95092702796683,0.22988605499267578,0.0021745061967521906,0.0007367946673184633,1.1592422197281849e-05,1.0616080544423312e-05,0.0006442640442401171,0.00044348996016196907,4.648781759897247e-05,0.00041451308061368763,0.014582555741071701,0.015213116072118282,0.0,0.016286972910165787,3.3005577279254794e-05,0.2159963846206665,2.8988347366976086e-07,,,,,
908,0.01836639828979969,6.970215021674649e-05,120.08467576600378,0.07848702371120453,0.001956458203494549,0.0007245337474159896,1.0777667739603203e-05,1.0122261301148683e-05,0.0008155018440447748,0.0004399571043904871,4.61753188574221e-05,0.0004133738693781197,0.010206925682723522,0.03583264350891113,0.0,0.010932876728475094,0.00011625613842625171,0.21606197953224182,1.6751017710703309e-06,,,,,
909,0.01890869438648224,6.92790758693297e-05,120.21875999198528,0.2403075098991394,0.00222817063331604,0.0007788880611769855,1.2475185940274969e-05,1.086595693777781e-05,0.0008888565935194492,0.00043818625272251666,4.5860120735596865e-05,0.0004132142348680645,0.014795753173530102,0.025835130363702774,0.0,0.013450180180370808,5.682871415046975e-05,0.21612226963043213,0.00023041709209792316,,,,,
910,0.01811911351978779,6.886049930345206e-05,120.35235794400796,0.3442661762237549,0.0020862906239926815,0.0007156565552577376,1.2701993910013698e-05,8.998069461085834e-06,0.0006710911984555423,0.0004382312763482332,4.567271389532834e-05,0.00041332762339152396,0.013541022315621376,0.03453109785914421,0.0,0.01726311817765236,3.594095687731169e-05,0.21618080139160156,9.222143262377358e-07,,,,,
911,0.019030537456274033,6.844642465029537e-05,120.48290654999437,0.2231876105070114,0.0021429634653031826,0.0007820496102795005,1.144159887189744e-05,9.18208206712734e-06,0.0009858468547463417,0.00044099913793615997,4.546538184513338e-05,0.0004137091164011508,0.018954038619995117,0.023669671267271042,0.0,0.015145478770136833,2.7133066396345384e-05,0.21623755991458893,2.1684916191588854e-06,,,,,
912,0.01729768142104149,6.803685599660926e-05,120.61561242700554,0.17795950174331665,0.0021671252325177193,0.0009640366770327091,1.0670319170458242e-05,8.557020919397473e-06,0.000671544810757041,0.00044631329365074635,4.529758734861389e-05,0.00041550531750544906,0.008422554470598698,0.011602496728301048,0.0,0.01104247197508812,1.2476385563786607e-05,0.21629077196121216,9.319186915490718e-07,,,,,
913,0.01669677346944809,6.76317973846709e-05,120.74718141701305,0.32257482409477234,0.0018453879747539759,0.0007180827669799328,1.550541492179036e-05,9.437123480893206e-06,0.0009133228450082242,0.0004545126867014915,4.5317479816731066e-05,0.00041977595537900925,0.003533541690558195,0.01891990751028061,0.0,0.014201858080923557,5.658313057210762e-06,0.21634045243263245,1.4943877886253176e-06,,,,,
914,0.018030937761068344,6.72312528122454e-05,120.87871040398022,0.5239644050598145,0.00200059381313622,0.0008833172032609582,1.3240008229331579e-05,1.0158042641705833e-05,0.0007819113088771701,0.000458049908047542,4.5447461161529645e-05,0.0004220213450025767,0.006830271799117327,0.025214409455657005,0.0,0.004853104706853628,6.537445005960763e-05,0.21638748049736023,1.9128123085465631e-07,,,,,
915,0.01845763623714447,6.683522623254598e-05,121.00864697201177,0.17646849155426025,0.002034606412053108,0.000843195419292897,1.2548187442007475e-05,1.0046217539638747e-05,0.0007007960230112076,0.0004525035619735718,4.56045672763139e-05,0.00041897522169165313,0.00681908056139946,0.030830927193164825,0.0,0.014188101515173912,9.608567779650912e-05,0.21642917394638062,3.3669298318272922e-06,,,,,
916,0.01827273517847061,6.644372155419492e-05,121.14313715900062,0.08447255939245224,0.0020163794979453087,0.0007971745799295604,1.3975188267068006e-05,1.1674017514451407e-05,0.0009760753018781543,0.0004463967925403267,4.5758497435599566e-05,0.0004163851263001561,0.007530353032052517,0.013663527555763721,0.0,0.02701289765536785,3.570903209038079e-05,0.21647000312805176,0.00018932238162960857,,,,,
917,0.018218666315078735,6.605674264118549e-05,121.29573281796183,0.2765003442764282,0.0018644897500053048,0.0008107360335998237,1.0755359653558116e-05,1.4026369171915576e-05,0.0009961355244740844,0.00044204152072779834,4.5896271331002936e-05,0.0004157391667831689,0.0045116133987903595,0.018248839303851128,0.0,0.019686292856931686,0.00020857315394096076,0.21651260554790497,1.5410842024721205e-06,,,,,
918,0.020786428824067116,6.567429331284338e-05,121.42956115998095,0.49406760931015015,0.0021816487424075603,0.0007679074769839644,1.0017552085628267e-05,1.2669068382820114e-05,0.0012279879301786423,0.00044026976684108377,4.592887489707209e-05,0.0004157259245403111,0.022649750113487244,0.02593173086643219,0.0,0.020574379712343216,0.00017851832672022283,0.21655431389808655,1.9703309135366e-06,,,,,
919,0.020298399031162262,6.529637734378897e-05,121.56487274100073,0.3236531615257263,0.001965654781088233,0.0009292609756812453,1.1848544090753421e-05,9.679824870545417e-06,0.0009332537883892655,0.0004408388049341738,4.5925418817205355e-05,0.0004145710845477879,0.02862386219203472,0.01980230025947094,0.0,0.02232969179749489,3.3828582672867924e-05,0.2165951430797577,1.9518163298926083e-06,,,,,
920,0.01805715262889862,6.492299846390025e-05,121.69934708898654,0.21327655017375946,0.001814560149796307,0.0009799377294257283,1.294276717089815e-05,9.214627425535582e-06,0.0009352496708743274,0.0004440640041138977,4.605395224643871e-05,0.0004143339756410569,0.016648229211568832,0.004293044563382864,0.0,0.015077461488544941,2.9535574867622927e-05,0.21663686633110046,1.42186888751894e-06,,,,,
921,0.015621701255440712,6.455416035827612e-05,121.84443684498547,0.5908840894699097,0.001920283422805369,0.0007576720672659576,1.4492939044430386e-05,9.759679414855782e-06,0.0006427623447962105,0.00045099324779585004,4.626296504284255e-05,0.0004169628373347223,0.010525958612561226,0.014284818433225155,0.0,0.008655710145831108,2.1809080863022245e-05,0.21667681634426117,1.8716293652687455e-06,,,,,
922,0.016550598666071892,6.418986666719976e-05,121.97805096296361,0.3476022481918335,0.0017606931505724788,0.0007651684572920203,1.4950959666748531e-05,9.358038369100541e-06,0.0009240275248885155,0.00045022001722827554,4.648061440093443e-05,0.00041650020284578204,0.007960480637848377,0.015448180958628654,0.0,0.004239609930664301,0.0001580952957738191,0.2167149931192398,1.4793066611673567e-06,,,,,
923,0.01872357167303562,6.38301209861028e-05,122.11813819501549,0.06747057288885117,0.0017205149633809924,0.0008197773131541908,1.6138015780597925e-05,9.185629096464254e-06,0.0007666674209758639,0.0004449292609933764,4.6736964577576146e-05,0.0004140626697335392,0.007733426988124847,0.03414729982614517,0.0,0.016551930457353592,9.16711869649589e-05,0.21674874424934387,2.1618852770188823e-06,,,,,
924,0.016555996611714363,6.347492686552988e-05,122.25229230499826,0.15129275619983673,0.002069091657176614,0.0006819189293310046,1.220513331645634e-05,8.635883204988204e-06,0.0007250397466123104,0.0004406931111589074,4.69437291030772e-05,0.0004127203719690442,0.021768946200609207,0.014690626412630081,0.0,0.0179425235837698,7.028041000012308e-05,0.21678337454795837,5.0191024456580635e-06,,,,,
925,0.01737971231341362,6.312428781110366e-05,122.38301232701633,0.1461951583623886,0.0018673889571800828,0.000727045233361423,1.0979001672239974e-05,9.581734047969803e-06,0.0010282701114192605,0.00043873648974113166,4.719028584077023e-05,0.0004124574188608676,0.0018742431420832872,0.014988001435995102,0.0,0.025608809664845467,0.0001108914366341196,0.21681800484657288,2.322836735402234e-06,6.668632302004996,8.666110722334572,1.2947807825166875,1.1546364237479307,5.116136798497804
926,0.01693515107035637,6.277820728348992e-05,122.55132245097775,0.3336256444454193,0.001760765677317977,0.0008372697047889233,1.1761019777623005e-05,9.34407944441773e-06,0.000931168906390667,0.0004378608427941799,4.736307164421305e-05,0.00041216934914700687,0.010528620332479477,0.009569747373461723,0.0,0.011591996997594833,8.49776915856637e-05,0.216853529214859,1.974968881768291e-06,,,,,
927,0.01847623847424984,6.243668869836385e-05,122.68113077100134,0.19244378805160522,0.0017531029880046844,0.000847955874633044,9.036896699399222e-06,1.0452152309881058e-05,0.0008368714479729533,0.0004399190656840801,4.747008642880246e-05,0.00041204283479601145,0.003946565557271242,0.0193967092782259,0.0,0.03673968091607094,2.509122532501351e-05,0.2168881744146347,2.523245029806276e-06,,,,,
928,0.01563773676753044,6.209973542637582e-05,122.80989568098448,0.3946589529514313,0.0022796858102083206,0.0007310868240892887,9.287443390348926e-06,9.760484317666851e-06,0.0007285075262188911,0.0004448233812581748,4.756680937134661e-05,0.0004134156624786556,0.005414373241364956,0.010250328108668327,0.0,0.011671531945466995,0.00011474551138235256,0.2169281542301178,1.6978135590761667e-06,,,,,
929,0.016231054440140724,6.17673507931189e-05,122.9406950409757,0.3789273202419281,0.0017974538495764136,0.0007686772150918841,1.2297889043111354e-05,1.0676825695554726e-05,0.0007646557642146945,0.00044501409865915775,4.7620302211726084e-05,0.0004130766319576651,0.008433109149336815,0.01753479614853859,0.0,0.007725129835307598,2.4053431843640283e-05,0.21696634590625763,1.0169235338253202e-06,,,,,
930,0.01805122196674347,6.143953807909503e-05,123.07315207796637,0.17520791292190552,0.0021387345623224974,0.0007755274418741465,9.882332051347475e-06,1.0268146979797166e-05,0.0009246011031791568,0.0004406025691423565,4.770006489707157e-05,0.0004109264409635216,0.010256567969918251,0.008353907614946365,0.0,0.040203504264354706,5.1594950491562486e-05,0.21700100600719452,1.3071485227555968e-06,,,,,
931,0.01830064132809639,6.111630051968333e-05,123.21301060600672,0.25061893463134766,0.0020524950232356787,0.0008087746682576835,1.1877789802383631e-05,9.113441592489835e-06,0.0006832125363871455,0.0004389621608424932,4.775937122758478e-05,0.0004098750068806112,0.01599668338894844,0.02949322946369648,0.0,0.013315082527697086,2.6764704671222717e-05,0.2170409858226776,1.203852434628061e-06,,,,,
932,0.01990102231502533,6.0797641305108106e-05,123.34880766796414,0.07830643653869629,0.0021124528720974922,0.0007471012650057673,1.4027224096935242e-05,9.557085832057055e-06,0.001271161949262023,0.0004360594321042299,4.769887527800165e-05,0.0004090571601409465,0.019842276349663734,0.024372350424528122,0.0,0.012102443724870682,7.240129343699664e-05,0.2170809805393219,9.371589015927384e-08,,,,,
933,0.019282067194581032,6.048356358040719e-05,123.48394466598984,0.12790876626968384,0.0019145846599712968,0.0008012602920643985,1.1715168511727825e-05,9.732964826980606e-06,0.0006990545662119985,0.0004338921862654388,4.770803570863791e-05,0.0004090964503120631,0.012974166311323643,0.03615190088748932,0.0,0.020013965666294098,2.2656207875115797e-05,0.21711918711662292,0.00027927153860218823,,,,,
934,0.01744098775088787,6.017407044540078e-05,123.62153609999223,0.3389739990234375,0.002065469743683934,0.0009863333543762565,1.0172239854000509e-05,9.932708053383976e-06,0.00044924620306119323,0.0004331480886321515,4.762609751196578e-05,0.00040952416020445526,0.010349678806960583,0.009201225824654102,0.0,0.03164748102426529,8.694022835697979e-05,0.21715830266475677,1.132724264607532e-06,,,,,
935,0.0189050380140543,5.9869164954661223e-05,123.75706184696173,0.34698212146759033,0.0019410745007917285,0.0007906262762844563,1.255273491551634e-05,8.660587809572462e-06,0.0010924574453383684,0.00043368060141801834,4.751833694172092e-05,0.0004089130670763552,0.017600631341338158,0.013090977445244789,0.0,0.028781194239854813,4.841015470447019e-05,0.21720096468925476,2.8216527425684035e-06,,,,,
936,0.01925092749297619,5.9568850117482746e-05,123.9089593529934,0.08362604677677155,0.002142487559467554,0.0006248150602914393,1.0502253644517623e-05,8.732336937100627e-06,0.0010150893358513713,0.00043650969746522605,4.73617619718425e-05,0.00040840537985786796,0.017429685220122337,0.029372815042734146,0.0,0.03319384157657623,7.646027370356023e-06,0.21724452078342438,4.201195906716748e-07,,,,,
937,0.016038818284869194,5.927312889785146e-05,124.05247827596031,0.19869670271873474,0.0019443432101979852,0.0007590824970975518,1.203144529426936e-05,8.79984781931853e-06,0.0006413205410353839,0.0004395179857965559,4.7213794459821656e-05,0.0004090602742508054,0.02182375267148018,0.013747229240834713,0.0,0.0061614178121089935,8.676047582412139e-05,0.21729163825511932,8.902761123863456e-07,,,,,
938,0.01781061664223671,5.8982004214416365e-05,124.18911961500999,0.443692684173584,0.001895998721010983,0.0008090160554274917,1.130395867221523e-05,9.662828233558685e-06,0.0006881927838549018,0.00044553252519108355,4.7115649067563936e-05,0.0004115579358767718,0.01937338337302208,0.017384927719831467,0.0,0.024919264018535614,0.00012222756049595773,0.2173343151807785,2.0291224700486055e-06,,,,,
939,0.018129922449588776,5.8695478940460573e-05,124.32431645697216,0.34788715839385986,0.0020249304361641407,0.0007606821018271148,1.2637705367524177e-05,1.0637864761520177e-05,0.0010457251919433475,0.0004461412609089166,4.692770016845316e-05,0.00041184297879226506,0.014989422634243965,0.007906114682555199,0.0,0.031808238476514816,6.847573240520433e-05,0.21737788617610931,2.285421942360699e-06,,,,,
940,0.016875548288226128,5.841355590387286e-05,124.45715286501218,0.15779881179332733,0.002138724783435464,0.0008588726632297039,1.2175010851933621e-05,9.667834092397243e-06,0.0005953230429440737,0.00044257493573240936,4.676076059695333e-05,0.00041020105709321797,0.0018819686956703663,0.011474626138806343,0.0,0.03149630129337311,5.770548523287289e-05,0.21742413938045502,1.4568680626325659e-06,,,,,
941,0.017870070412755013,5.8136237887119895e-05,124.59221501101274,0.08239078521728516,0.0023511156905442476,0.0008154656970873475,1.0631464647303801e-05,1.0386286703578662e-05,0.000828003219794482,0.00043847542838193476,4.6624136302853e-05,0.00040876903221942484,0.00618306640535593,0.012006450444459915,0.0,0.030703110620379448,4.968476059730165e-05,0.21747393906116486,1.9717342070180166e-07,,,,,
942,0.020084161311388016,5.786352762721838e-05,124.72948027099483,0.2228059619665146,0.0019967902917414904,0.0010405003558844328,1.0196009498031344e-05,9.65597246249672e-06,0.0008449367014691234,0.0004358732549007982,4.652106872526929e-05,0.0004081973456777632,0.022611059248447418,0.014685308560729027,0.0,0.023903831839561462,1.8385420844424516e-05,0.2175237536430359,1.562001671118196e-06,,,,,
943,0.01971886307001114,5.759542781570865e-05,124.86519900901476,0.25379881262779236,0.0019602251704782248,0.0009269545553252101,1.0239297807856929e-05,9.76635237748269e-06,0.0009428255725651979,0.0004349664377514273,4.647239620680921e-05,0.00040797938709147274,0.018184462562203407,0.013416110537946224,0.0,0.03104146011173725,0.00019671462359838188,0.21757446229457855,3.831603862636257e-06,,,,,
944,0.017224309965968132,5.733194109862747e-05,124.99682535801549,0.049763839691877365,0.0016941158100962639,0.0007096024928614497,1.1917682058992796e-05,8.518392860423774e-06,0.0009091265383176506,0.00043548294343054295,4.639369581127539e-05,0.0004076290933880955,0.010750270448625088,0.010437354445457458,0.0,0.03871617466211319,0.00012618486653082073,0.21762695908546448,1.4768975233891979e-06,,,,,
945,0.017068978399038315,5.707307007648242e-05,125.1311721149832,0.29357635974884033,0.002069491893053055,0.0007967567071318626,1.0450181434862316e-05,8.431964488408994e-06,0.0007997950306162238,0.000436084606917575,4.6326033043442294e-05,0.00040745033766143024,0.010130343958735466,0.014277560636401176,0.0,0.017567608505487442,5.399350993684493e-05,0.21768301725387573,2.767450041574193e-06,,,,,
946,0.017262328416109085,5.6818817304225936e-05,125.26547862199368,0.19716274738311768,0.0021206692326813936,0.0008263054769486189,1.1151950275234412e-05,8.2327223935863e-06,0.000783803581725806,0.0004391704860609025,4.640392216970213e-05,0.00040816448745317757,0.0021143085323274136,0.01454990915954113,0.0,0.024626612663269043,3.27540619764477e-05,0.21773552894592285,9.181848099615308e-07,,,,,
947,0.017458254471421242,5.65691852912303e-05,125.3978332199622,0.07351995259523392,0.0019893029239028692,0.000830105971544981,1.179610080725979e-05,9.371417945658322e-06,0.0008314922451972961,0.0004405706422403455,4.643226566258818e-05,0.0004086203989572823,0.0018265923717990518,0.02029026299715042,0.0,0.014178412035107613,7.906425162218511e-05,0.2177889347076416,1.6246052609858452e-06,,,,,
948,0.01903235912322998,5.632417650126269e-05,125.53641780099133,0.1263904720544815,0.001982311950996518,0.0009662139927968383,1.0450376066728495e-05,1.1165757314302027e-05,0.0008744698716327548,0.00044160595280118287,4.649985203286633e-05,0.000408963329391554,0.01912047155201435,0.01267625205218792,0.0,0.01683511771261692,0.00015606725355610251,0.21784146130084991,8.448897688140278e-07,,,,,
949,0.018741877749562263,5.608379335246091e-05,125.66860198200447,0.2751469314098358,0.002021973254159093,0.0008305885712616146,1.1639218428172171e-05,8.664780580147635e-06,0.0008795784669928253,0.000441167620010674,4.65650882688351e-05,0.00040855168481357396,0.01837647520005703,0.0171346478164196,0.0,0.02510737255215645,8.242005424108356e-05,0.21789130568504333,7.849932330827869e-07,,,,,
950,0.019076546654105186,5.584803821730962e-05,125.80148431600537,0.11612233519554138,0.002177109010517597,0.0009310535970143974,1.1790342796302866e-05,1.0312511221854948e-05,0.0007429418619722128,0.00043804734013974667,4.667433677241206e-05,0.00040718147647567093,0.010643089190125465,0.019093874841928482,0.0,0.027652816846966743,5.7800956710707396e-05,0.21794116497039795,1.0862077033380046e-06,6.647210559865093,8.65086857100928,1.317797894103709,1.0469584611965017,5.064604840299803
951,0.017333434894680977,5.56169134226168e-05,125.99129520100541,0.06381414085626602,0.002082024235278368,0.0008841268718242645,8.95165248948615e-06,9.262459570891224e-06,0.0007841793703846633,0.0004344734188634902,4.678699770011008e-05,0.00040603207889944315,0.010316610336303711,0.007937704212963581,0.0,0.017216842621564865,5.022870755055919e-05,0.21799103915691376,0.00027199197211302817,,,,,
952,0.018304912373423576,5.539042124949088e-05,126.12774668697966,0.39757606387138367,0.002262397203594446,0.0008368472335860133,9.794685865927022e-06,9.322524419985712e-06,0.0009738196386024356,0.00043189400457777083,4.689929846790619e-05,0.0004058063495904207,0.011856451630592346,0.01781972125172615,0.0,0.008917427621781826,7.695014937780797e-05,0.2180391252040863,1.2394226587275625e-06,,,,,
953,0.0194337610155344,5.516856393331816e-05,126.26071032998152,0.2632586359977722,0.002031960990279913,0.0010156817734241486,1.1079860087193083e-05,1.088828776119044e-05,0.0008829194121062756,0.0004320321313571185,4.70238555863034e-05,0.00040552503196522593,0.007200855761766434,0.015544557943940163,0.0,0.022176848724484444,0.00013775691331829876,0.21808187663555145,4.5511251300922595e-07,,,,,
954,0.016700556501746178,5.495134366374081e-05,126.39288920699619,0.08421900868415833,0.0021978055592626333,0.0008402603561989963,1.0640471373335458e-05,9.7959573395201e-06,0.0005889446474611759,0.0004335047851782292,4.715911563835107e-05,0.0004051591386087239,0.006632179953157902,0.016409840434789658,0.0,0.017012571915984154,3.0065442842897028e-05,0.2181246429681778,1.9596890865614114e-07,,,,,
955,0.015961382538080215,5.473876258463517e-05,126.527321920963,0.07777789980173111,0.0018839335534721613,0.0007558620418421924,1.157694623543648e-05,1.0001803275372367e-05,0.0004813852719962597,0.00043442886089906096,4.7266345063690096e-05,0.0004049591370858252,0.0021916069090366364,0.010823327116668224,0.0,0.046166568994522095,1.7461181414546445e-05,0.21816739439964294,1.9142717064823955e-06,,,,,
956,0.016769036650657654,5.453082279409069e-05,126.66225410497282,0.21233107149600983,0.0019572144374251366,0.0008553421939723194,1.0637248124112375e-05,8.271084880107082e-06,0.0008925215224735439,0.00043574144365265965,4.7324989282060415e-05,0.00040505637298338115,0.0025113793089985847,0.007023786660283804,0.0,0.01747284084558487,0.00013016538287047297,0.21821551024913788,5.097569555800874e-06,,,,,
957,0.016521882265806198,5.432752634438913e-05,126.79765205300646,0.24856512248516083,0.0021493779495358467,0.0007851696573197842,1.029284430842381e-05,9.215686986863147e-06,0.0006280466914176941,0.00043490511598065495,4.739500946016051e-05,0.0004044518864247948,0.0024911463260650635,0.013586165383458138,0.0,0.029745640233159065,4.035420352010988e-05,0.21826183795928955,2.1398873286671005e-06,,,,,
958,0.019365010783076286,5.412887524198437e-05,126.93259036599193,0.12151862680912018,0.0020459587685763836,0.00097202870529145,1.2439044439815916e-05,1.0568281140876934e-05,0.0006023072637617588,0.0004323608591221273,4.740569056593813e-05,0.0004035150050185621,0.015141850337386131,0.029090452939271927,0.0,0.013102260418236256,1.9069651898462325e-05,0.21830907464027405,0.00019908195827156305,,,,,
959,0.01952429488301277,5.393487144748267e-05,127.06481949496083,0.05807485803961754,0.0020382232032716274,0.0007874199654906988,9.549464266456198e-06,9.908868378261104e-06,0.0007512724841944873,0.00043056163121946156,4.7504454414593056e-05,0.0004032181459479034,0.015610545873641968,0.034330904483795166,0.0,0.026704104617238045,7.452634599758312e-05,0.21835274994373322,2.7317742024024483e-06,,,,,
960,0.017732616513967514,5.374551687562306e-05,127.19607395096682,0.20536035299301147,0.00209273979999125,0.0008246307261288166,1.1900770005013328e-05,1.0104415196110494e-05,0.0005640347953885794,0.00042928027687594295,4.755443296744488e-05,0.00040324401925317943,0.018123691901564598,0.02002682536840439,0.0,0.024269122630357742,8.472774788970128e-05,0.21839909255504608,5.970460961179924e-07,,,,,
961,0.016711365431547165,5.356081339525873e-05,127.32892683200771,0.10882839560508728,0.0018055855762213469,0.0008527108002454042,1.1372532753739506e-05,8.479935786454007e-06,0.000652642862405628,0.00042954657692462206,4.7566962166456506e-05,0.0004032780125271529,0.01798943243920803,0.01376611553132534,0.0,0.012511592358350754,1.0893536455114372e-05,0.21844545006752014,2.67686982624582e-06,,,,,
962,0.01619836501777172,5.338076282933854e-05,127.45977375400253,0.09563747048377991,0.0020104609429836273,0.0008053769124671817,1.2737711585941724e-05,9.003399100038223e-06,0.0005534773226827383,0.000430674001108855,4.761572927236557e-05,0.0004034200683236122,0.009866351261734962,0.01588292047381401,0.0,0.0161150936037302,6.0702808696078137e-05,0.2184891253709793,2.6677239475247916e-06,,,,,
963,0.0193601306527853,5.3205366954888794e-05,127.59857902099611,0.12112293392419815,0.002116551622748375,0.0010280859423801303,1.0506085345696192e-05,9.52763275563484e-06,0.0008186713675968349,0.00043253586045466363,4.76530913147144e-05,0.0004037626495119184,0.008936630561947823,0.01294653955847025,0.0,0.027212657034397125,7.401376933557913e-05,0.2185310274362564,7.902582410679315e-08,,,,,
964,0.016007164493203163,5.303462750299601e-05,127.7388485709671,0.10811793804168701,0.0019140474032610655,0.000781036913394928,1.2625896488316357e-05,8.657217222207692e-06,0.0005516074015758932,0.0004336452984716743,4.761615855386481e-05,0.0004039461782667786,0.010823598131537437,0.014937050640583038,0.0,0.018178243190050125,0.00010955483594443649,0.21857473254203796,2.2869062377139926e-06,,,,,
965,0.019881973043084145,5.286854615878964e-05,127.8745200689882,0.22879445552825928,0.0018903822638094425,0.0009486897615715861,1.3432711057248525e-05,9.30567694013007e-06,0.0008760244818404317,0.0004342297906987369,4.7513563913526013e-05,0.00040403855382464826,0.009756549261510372,0.029326386749744415,0.0,0.01665325276553631,4.519210779108107e-05,0.2186175286769867,1.9838598745991476e-06,,,,,
966,0.01872251182794571,5.270712456142551e-05,128.00830581696937,0.09758561104536057,0.0019204242853447795,0.0009532782714813948,1.1944419384235516e-05,9.160942681774031e-06,0.0009661633521318436,0.00043281406396999955,4.741812153952196e-05,0.0004035793535877019,0.004778397735208273,0.01008167490363121,0.0,0.029198842123150826,2.627267713251058e-05,0.218659445643425,1.2257136177140637e-06,,,,,
967,0.016176501289010048,5.255036430406964e-05,128.14318576001097,0.14067791402339935,0.0018940072041004896,0.0006882093730382621,1.1442956747487187e-05,9.250160474039149e-06,0.0007222631247714162,0.0004322370223235339,4.742601595353335e-05,0.00040349067421630025,0.017379259690642357,0.015240618027746677,0.0,0.017229359596967697,6.167303217807785e-05,0.21870404481887817,2.4997939362947363e-07,,,,,
968,0.019650105386972427,5.2398266933882417e-05,128.28257689799648,0.20196399092674255,0.001938257715664804,0.0007271721260622144,1.2160331607447006e-05,1.0759379620139953e-05,0.0009973158594220877,0.0004325423506088555,4.7446188546018675e-05,0.00040356142562814057,0.019447343423962593,0.034541595727205276,0.0,0.017005810514092445,3.3507025364087895e-05,0.2187468558549881,2.6828919885701907e-07,,,,,
969,0.017722003161907196,5.2250833952003546e-05,128.4142791290069,0.0779581144452095,0.0022597007919102907,0.0007560290396213531,1.2162601706222631e-05,9.10813469090499e-06,0.000951615977101028,0.000433800887549296,4.754655674332753e-05,0.00040381253347732127,0.019981827586889267,0.010697731748223305,0.0,0.01821316033601761,4.465787424123846e-05,0.21878878772258759,1.2369081332508358e-06,,,,,
970,0.018223384395241737,5.2108066813537e-05,128.55866563000018,0.2190045863389969,0.0019042480271309614,0.000896510377060622,1.3869414942746516e-05,8.787619663053192e-06,0.0006438442505896091,0.00043440904119051993,4.7650628403062e-05,0.00040399335557594895,0.025575930252671242,0.017756184563040733,0.0,0.016893960535526276,6.550124817295e-05,0.21883071959018707,8.34955608297605e-06,,,,,
971,0.01659301668405533,5.1969966927536814e-05,128.69835034600692,0.243923619389534,0.0020435203332453966,0.0007719017448835075,1.241844438482076e-05,9.471313205722254e-06,0.0007348658400587738,0.0004331142990849912,4.767436985275708e-05,0.000403679849114269,0.01742669939994812,0.007844947278499603,0.0,0.022596530616283417,6.037935600033961e-05,0.21887177228927612,6.814177595515503e-07,,,,,
972,0.018166624009609222,5.183653565699306e-05,128.83860749396263,0.04301378130912781,0.002137002069503069,0.000835794024169445,1.1102736607426777e-05,8.751712812227197e-06,0.0005765548557974398,0.00043047426152043045,4.753358371090144e-05,0.0004032969009131193,0.010930776596069336,0.022217079997062683,0.0,0.0269779022783041,0.00010472044959897175,0.21891459822654724,0.00025485095102339983,,,,,
973,0.0184408538043499,5.1707774318818616e-05,128.97268192301271,0.28977856040000916,0.0021076027769595385,0.0008022156544029713,1.1440831258369144e-05,9.670757208368741e-06,0.0009497463470324874,0.000428528874181211,4.734117828775197e-05,0.00040339853148907423,0.005014154128730297,0.01257149688899517,0.0,0.0404743030667305,1.6858120943652466e-05,0.21895833313465118,7.687820016144542e-07,,,,,
974,0.015218887478113174,5.158368418383582e-05,129.105189770984,0.17265722155570984,0.001986646093428135,0.0007320676813833416,1.0750101864687167e-05,9.334517926617991e-06,0.0007191860931925476,0.0004284919414203614,4.714719398180023e-05,0.0004032567667309195,0.003737227525562048,0.010860495269298553,0.0,0.012325091287493706,5.32132871740032e-05,0.21900475025177002,1.7575300716998754e-06,,,,,
975,0.017664702609181404,5.146426647676422e-05,129.2397805309738,0.1375489979982376,0.0019159107469022274,0.0008305177907459438,1.0226743142993655e-05,9.836959179665428e-06,0.0007738184067420661,0.0004293958190828562,4.693196024163626e-05,0.00040303677087649703,0.009169818833470345,0.01270114816725254,0.0,0.0330343060195446,7.426520460285246e-05,0.21904848515987396,9.164276661977055e-07,6.584208767685676,8.584040346104924,1.3136873361735035,1.0233939982816214,4.9647928670077155
976,0.015285255387425423,5.134952237620838e-05,129.42423161800252,0.1826091855764389,0.0017494630301371217,0.0006919930456206203,1.2842639989685267e-05,9.897799827740528e-06,0.0007095471955835819,0.00042950676288455725,4.6607685362687334e-05,0.0004028251569252461,0.005384049378335476,0.016500325873494148,0.0,0.012559333816170692,3.3623935451032594e-05,0.21909312903881073,3.597177737901802e-06,,,,,
977,0.01672564260661602,5.123945301464625e-05,129.55591559701134,0.1136765405535698,0.0018778721569105983,0.0008215398993343115,1.154451456386596e-05,9.674392458691727e-06,0.000594357552472502,0.00043064047349616885,4.635314689949155e-05,0.0004029616538900882,0.012727712281048298,0.01803899183869362,0.0,0.012745790183544159,0.00025542228831909597,0.2191350907087326,2.9659640858881176e-06,,,,,
978,0.019638419151306152,5.113405947841802e-05,129.68996768497163,0.18819186091423035,0.002205719007179141,0.0009247708949260414,1.296474329137709e-05,1.0103297427122016e-05,0.0009306170977652073,0.0004317759594414383,4.6083958295639604e-05,0.0004031049320474267,0.01596773788332939,0.009068969637155533,0.0,0.032739005982875824,0.0001241903519257903,0.2191743701696396,0.00026518345111981034,,,,,
979,0.01722998358309269,5.10333428077153e-05,129.82385159900878,0.15070684254169464,0.00198525027371943,0.0008205226622521877,1.2552394764497876e-05,9.798703104024753e-06,0.0007039168267510831,0.0004349157679826021,4.584426278597675e-05,0.00040417572017759085,0.004294123500585556,0.01721561700105667,0.0,0.02062857151031494,8.75310943229124e-05,0.21921634674072266,0.0002303029177710414,,,,,
980,0.018294787034392357,5.093730399657101e-05,129.95684128801804,0.22020769119262695,0.0021566268987953663,0.0007770871743559837,1.2368172974674962e-05,8.822159543342423e-06,0.0008602504967711866,0.00043684212141670287,4.5631804823642597e-05,0.0004051046271342784,0.01994340866804123,0.018853390589356422,0.0,0.014502953737974167,1.859151598182507e-05,0.2192574292421341,0.00028283943538554013,,,,,
981,0.016786113381385803,5.0845943992849396e-05,130.08783662697533,0.35172200202941895,0.0015254823956638575,0.0008742779027670622,1.188262649520766e-05,9.417421097168699e-06,0.000655921408906579,0.00043645434197969735,4.552047903416678e-05,0.00040504755452275276,0.01484041940420866,0.009821495041251183,0.0,0.02147902548313141,2.06056338356575e-05,0.21929582953453064,0.00025348790222778916,,,,,
982,0.018759699538350105,5.0759263698236864e-05,130.22108981799101,0.11408040672540665,0.0019844232592731714,0.0007967824931256473,1.0223115168628283e-05,9.840825441642664e-06,0.001007034326903522,0.0004328600480221212,4.5400778617477044e-05,0.0004036748723592609,0.005839340388774872,0.020924679934978485,0.0,0.02798469364643097,4.166122016613372e-05,0.21933424472808838,4.971834641764872e-07,,,,,
983,0.019940484315156937,5.067726396823285e-05,130.35583971400047,0.08201256394386292,0.0019331080839037895,0.000848105875775218,9.343082638224587e-06,1.0730345820775256e-05,0.0010452219285070896,0.0004304936737753451,4.54174805781804e-05,0.0004030981217510998,0.01457251887768507,0.02730788290500641,0.0,0.01878027245402336,9.674434113549069e-05,0.21937622129917145,4.9999171096715145e-06,,,,,
984,0.017593175172805786,5.0599945612141705e-05,130.49243023700546,0.09143166989088058,0.001834722002968192,0.0008411325397901237,1.100233021134045e-05,1.0185215614910703e-05,0.0006875047693029046,0.0004286973853595555,4.5477096136892214e-05,0.0004027977993246168,0.006368371658027172,0.014357948675751686,0.0,0.03892704099416733,2.883370871131774e-05,0.21941642463207245,9.196747896567103e-07,,,,,
985,0.018808241933584213,5.0527309393064295e-05,130.6327718429966,0.3415410816669464,0.0017337683821097016,0.000956789474003017,9.79761443886673e-06,1.1292475392110646e-05,0.0009697166969999671,0.00042721041245386004,4.55043809779454e-05,0.00040260469540953636,0.021723344922065735,0.008567255921661854,0.0,0.017627766355872154,0.0001711480290396139,0.2194610983133316,8.244005584856495e-07,,,,,
986,0.018285127356648445,5.045935602789076e-05,130.76570823596558,0.3205227553844452,0.0020134751684963703,0.0008310714620165527,1.039891049003927e-05,1.0129205293196719e-05,0.000915154698304832,0.00042782750097103417,4.5398865040624514e-05,0.0004022708162665367,0.0015481626614928246,0.020573103800415993,0.0,0.024742916226387024,5.083150608697906e-05,0.21950489282608032,7.938532462503645e-07,,,,,
987,0.01921670325100422,5.039608618729346e-05,130.90123062301427,0.1863294541835785,0.002221341012045741,0.0008829677826724946,1.276935563510051e-05,1.0712612493080087e-05,0.0006274745683185756,0.0004309152427595109,4.5348864659899846e-05,0.0004026603128295392,0.018974483013153076,0.02579888328909874,0.0,0.02515256777405739,5.9371413954067975e-05,0.21954956650733948,1.0996250239259098e-06,,,,,
988,0.01726175844669342,5.033750049572013e-05,131.04213369300123,0.17681746184825897,0.0018012240761891007,0.0009305309504270554,1.01909081422491e-05,9.651372238295153e-06,0.0007160358945839107,0.00043337559327483177,4.53087268397212e-05,0.0004033027507830411,0.010003999806940556,0.011189786717295647,0.0,0.019312262535095215,2.155242327717133e-05,0.21959514915943146,1.3359015156311216e-06,,,,,
989,0.0227455273270607,5.028359953138787e-05,131.17381749098422,0.21545928716659546,0.002055285731330514,0.0010617387015372515,1.0779909644043073e-05,8.90351839188952e-06,0.0009952327236533165,0.0004340375307947397,4.535626794677228e-05,0.00040330132469534874,0.010307052172720432,0.0396864116191864,0.0,0.02310308814048767,2.9992304916959256e-05,0.219639852643013,1.5439652543136617e-06,,,,,
990,0.020018577575683594,5.023438382627749e-05,131.30598552396987,0.1774812638759613,0.002143582096323371,0.0009100246243178844,1.1484221431601327e-05,9.813990800466854e-06,0.0006786493468098342,0.0004366822831798345,4.5546832552645355e-05,0.0004043184162583202,0.010652221739292145,0.030705628916621208,0.0,0.03274184465408325,6.89621374476701e-05,0.21968543529510498,8.35123216802458e-07,,,,,
991,0.01602315343916416,5.018985386612814e-05,131.44450633000815,0.20711253583431244,0.0019094989402219653,0.0009203247609548271,1.3328415661817417e-05,9.868846973404288e-06,0.0006034855032339692,0.0004370295791886747,4.5777949708281085e-05,0.00040427246131002903,0.007272557355463505,0.007230502553284168,0.0,0.013019492849707603,6.267673597903922e-06,0.21973282098770142,1.1041388461308088e-06,,,,,
992,0.01857018657028675,5.015001009043253e-05,131.58784680301324,0.43101024627685547,0.0022339215502142906,0.000781783543061465,1.1191436897206586e-05,9.787890121515375e-06,0.0005979264387860894,0.00043546329834498465,4.597158476826735e-05,0.0004034021985717118,0.008860518224537373,0.03126075491309166,0.0,0.03079078160226345,1.3993057109473739e-05,0.2197784185409546,6.404829946404789e-07,,,,,
993,0.017945902422070503,5.0114852892432584e-05,131.72491973696742,0.09547404944896698,0.0017645995831117034,0.0007801131578162313,1.1040468052669894e-05,1.118404725275468e-05,0.0006897076964378357,0.00043086172081530094,4.6070010284893215e-05,0.00040183967212215066,0.012158900499343872,0.031959809362888336,0.0,0.01397891528904438,0.00011007684224750847,0.21982581913471222,4.436510607774835e-07,,,,,
994,0.015391913242638111,5.008438261911574e-05,131.85989697900368,0.14841489493846893,0.001897798152640462,0.0007276441901922226,1.0696299796109088e-05,9.01333442016039e-06,0.0005636791465803981,0.0004274637612979859,4.618517777998932e-05,0.00040188763523474336,0.012810633517801762,0.010000405833125114,0.0,0.024244023486971855,2.6584111765259877e-05,0.21987232565879822,1.3644682894664584e-06,,,,,
995,0.01759462244808674,5.005859957121122e-05,132.00311251496896,0.4724866449832916,0.0018746411660686135,0.0008868425502441823,1.1155523679917678e-05,1.1382627235434484e-05,0.0008256646688096225,0.0004263101436663419,4.625008659786545e-05,0.0004031280113849789,0.01756962575018406,0.009988819248974323,0.0,0.017068568617105484,2.4014512746362016e-05,0.21991972625255585,1.0951855529128807e-06,,,,,
996,0.016621360555291176,5.003750400318735e-05,132.13576970400754,0.179975688457489,0.0019253751961514354,0.0008562934817746282,1.017590329865925e-05,1.102458372770343e-05,0.0007056467002257705,0.0004267357289791107,4.629584509530105e-05,0.000402999809011817,0.002874370664358139,0.0181349478662014,0.0,0.007717489264905453,0.00012524379417300224,0.21996444463729858,3.158797881042119e-07,,,,,
997,0.01871240884065628,5.0021096123248834e-05,132.27106793201528,0.07370399683713913,0.0018065327312797308,0.0010239561088383198,1.1780924978666008e-05,1.0645260772434995e-05,0.0006327898008748889,0.0004277865227777511,4.630800322047435e-05,0.000402493606088683,0.012793079949915409,0.0160905160009861,0.0,0.02666877582669258,3.190744246239774e-05,0.220005601644516,1.109074901251006e-06,,,,,
998,0.01846245490014553,5.000937609333487e-05,132.4070584019646,0.18014034628868103,0.0018431023927405477,0.0009525902569293976,1.0393572665634565e-05,9.528088412480429e-06,0.0009206876857206225,0.0004292671219445765,4.628841998055577e-05,0.0004022655193693936,0.01105542853474617,0.014523342251777649,0.0,0.014915046282112598,1.9473565771477297e-05,0.22004854679107666,3.34077839170277e-07,,,,,
999,0.018240390345454216,5.000234402911735e-05,132.54311117599718,0.154196634888649,0.0017213660757988691,0.0008312723366543651,1.1221042768738698e-05,9.865110769169405e-06,0.0008139894343912601,0.0004317283455748111,4.6272780309664086e-05,0.0004025386879220605,0.0038271970115602016,0.015542607754468918,0.0,0.03948069363832474,0.00033020152477547526,0.2200905978679657,8.15751661775721e-07,,,,,
1000,0.019989846274256706,5e-05,132.67732172698015,0.08024833351373672,0.0019086380489170551,0.0008690973627381027,1.2122475709475111e-05,1.1558598998817615e-05,0.0008530159248039126,0.0004350781091488898,4.6210872824303806e-05,0.00040341695421375334,0.008606386370956898,0.030963178724050522,0.0,0.02851285971701145,0.0001611551851965487,0.22013713419437408,6.885106813570019e-06,6.716548037467605,8.746469536551803,1.340751762251876,0.9012340762937303,5.112894715975978
